[{"address":"4607.0 102A AVENUE NW","assessed_value":393500},{"address":"8849.0 91 STREET NW","assessed_value":845500},{"address":"9807.0 73 AVENUE NW","assessed_value":370000},{"address":"10712.0 ST GABRIEL SCHOOL ROAD NW","assessed_value":453500},{"address":"9808.0 67 STREET NW","assessed_value":368500},{"address":"9608.0 76 STREET NW","assessed_value":503500},{"address":"1941.0 LAKEWOOD ROAD SOUTH NW","assessed_value":379500},{"address":"6704.0 86 AVENUE NW","assessed_value":387500},{"address":"886.0 LEE RIDGE ROAD NW","assessed_value":185000},{"address":"303.0 KNOTTWOOD ROAD NORTH NW","assessed_value":383000},{"address":"nan nan","assessed_value":500},{"address":"9236.0 OTTEWELL ROAD NW","assessed_value":404500},{"address":"9915.0 68 STREET NW","assessed_value":424500},{"address":"3219.0 75 STREET NW","assessed_value":344500},{"address":"9543.0 56 AVENUE NW","assessed_value":1543500},{"address":"9127.0 68 AVENUE NW","assessed_value":523500},{"address":"6104.0 106 AVENUE NW","assessed_value":510000},{"address":"884.0 MILLBOURNE ROAD EAST NW","assessed_value":420500},{"address":"9815.0 84 STREET NW","assessed_value":513000},{"address":"9015.0 79 STREET NW","assessed_value":372500},{"address":"8508.0 54 STREET NW","assessed_value":436000},{"address":"6734.0 39 AVENUE NW","assessed_value":422500},{"address":"6903.0 90 AVENUE NW","assessed_value":375000},{"address":"4432.0 109A AVENUE NW","assessed_value":608000},{"address":"8659.0 76 STREET NW","assessed_value":355000},{"address":"9263.0 76 STREET NW","assessed_value":446000},{"address":"5807.0 97A AVENUE NW","assessed_value":422500},{"address":"7120.0 92B AVENUE NW","assessed_value":421500},{"address":"1396.0 KNOTTWOOD ROAD EAST NW","assessed_value":861000},{"address":"3815.0 86 STREET NW","assessed_value":428000},{"address":"8407.0 14 AVENUE NW","assessed_value":374500},{"address":"768.0 LEE RIDGE ROAD NW","assessed_value":413500},{"address":"9224.0 OTTEWELL ROAD NW","assessed_value":479000},{"address":"8754.0 STRATHEARN DRIVE NW","assessed_value":484000},{"address":"9216.0 68 STREET NW","assessed_value":508500},{"address":"6003.0 94A AVENUE NW","assessed_value":401500},{"address":"652.0 LAKEWOOD ROAD NORTH NW","assessed_value":206000},{"address":"10836.0 50 STREET NW","assessed_value":477000},{"address":"7727.0 77 AVENUE NW","assessed_value":516500},{"address":"9639.0 64 AVENUE NW","assessed_value":472000},{"address":"8012.0 70 AVENUE NW","assessed_value":397000},{"address":"7316.0 98 AVENUE NW","assessed_value":374500},{"address":"7551.0 10 AVENUE NW","assessed_value":386000},{"address":"5316.0 105 AVENUE NW","assessed_value":432500},{"address":"7808.0 106A AVENUE NW","assessed_value":474500},{"address":"7720.0 13 AVENUE NW","assessed_value":452500},{"address":"7274.0 MILL WOODS ROAD SOUTH NW","assessed_value":171000},{"address":"1823.0 73 STREET NW","assessed_value":574500},{"address":"625.0 KNOTTWOOD ROAD WEST NW","assessed_value":248500},{"address":"1160.0 72 STREET NW","assessed_value":392000},{"address":"5307.0 20 AVENUE NW","assessed_value":366500},{"address":"5408.0 103A AVENUE NW","assessed_value":410000},{"address":"8727.0 93 AVENUE NW","assessed_value":520000},{"address":"2037.0 74 STREET NW","assessed_value":398500},{"address":"6904.0 41A AVENUE NW","assessed_value":422000},{"address":"9616.0 75 STREET NW","assessed_value":418500},{"address":"6908.0 82 AVENUE NW","assessed_value":1010500},{"address":"7212.0 21 AVENUE NW","assessed_value":435000},{"address":"6778.0 39 AVENUE NW","assessed_value":442500},{"address":"1035.0 75 STREET NW","assessed_value":470500},{"address":"6008.0 97A AVENUE NW","assessed_value":458000},{"address":"9143.0 71 AVENUE NW","assessed_value":411500},{"address":"9125.0 81 AVENUE NW","assessed_value":757500},{"address":"4306.0 76 STREET NW","assessed_value":141500},{"address":"7120.0 85 STREET NW","assessed_value":499500},{"address":"9619.0 75A STREET NW","assessed_value":463500},{"address":"1035.0 LAKEWOOD ROAD NORTH NW","assessed_value":330000},{"address":"10416.0 60 STREET NW","assessed_value":472500},{"address":"5603.0 92C AVENUE NW","assessed_value":378500},{"address":"10748.0 48 STREET NW","assessed_value":496500},{"address":"7212.0 86 AVENUE NW","assessed_value":387500},{"address":"8659.0 64 AVENUE NW","assessed_value":369000},{"address":"10507.0 84 STREET NW","assessed_value":355000},{"address":"7812.0 22 AVENUE NW","assessed_value":356500},{"address":"1747.0 65 STREET NW","assessed_value":403000},{"address":"8820.0 42A AVENUE NW","assessed_value":395000},{"address":"10712.0 43 STREET NW","assessed_value":509000},{"address":"4023.0 77 STREET NW","assessed_value":464500},{"address":"7915.0 106 AVENUE NW","assessed_value":1019500},{"address":"9849.0 76 STREET NW","assessed_value":458000},{"address":"7819.0 44 AVENUE NW","assessed_value":373000},{"address":"6608.0 31 AVENUE NW","assessed_value":411000},{"address":"5403.0 93B AVENUE NW","assessed_value":671500},{"address":"168.0 KNOTTWOOD ROAD NORTH NW","assessed_value":177000},{"address":"1535.0 KNOTTWOOD ROAD NORTH NW","assessed_value":154500},{"address":"1030.0 88 STREET NW","assessed_value":342000},{"address":"7660.0 89 AVENUE NW","assessed_value":360000},{"address":"12.0 TWIN TERRACE NW","assessed_value":180500},{"address":"9150.0 73 AVENUE NW","assessed_value":501000},{"address":"7323.0 ROWLAND ROAD NW","assessed_value":760000},{"address":"7608.0 104 AVENUE NW","assessed_value":452500},{"address":"882.0 KNOTTWOOD ROAD SOUTH NW","assessed_value":410000},{"address":"9123.0 76 STREET NW","assessed_value":356500},{"address":"8119.0 76 AVENUE NW","assessed_value":602500},{"address":"3527.0 84 STREET NW","assessed_value":360000},{"address":"8641.0 27 AVENUE NW","assessed_value":412500},{"address":"8316.0 26 AVENUE NW","assessed_value":352500},{"address":"3440.0 81 STREET NW","assessed_value":392000},{"address":"8416.0 75 AVENUE NW","assessed_value":452500},{"address":"6740.0 84 STREET NW","assessed_value":444000},{"address":"6604.0 106A AVENUE NW","assessed_value":462000},{"address":"7009.0 12 AVENUE NW","assessed_value":424500},{"address":"9606.0 69 AVENUE NW","assessed_value":426000},{"address":"9620.0 OTTEWELL ROAD NW","assessed_value":421500},{"address":"6803.0 98 AVENUE NW","assessed_value":425500},{"address":"2128.0 78 STREET NW","assessed_value":364500},{"address":"8515.0 92 AVENUE NW","assessed_value":442000},{"address":"8939.0 84 AVENUE NW","assessed_value":413000},{"address":"9120.0 72 STREET NW","assessed_value":408000},{"address":"1735.0 65 STREET NW","assessed_value":476500},{"address":"7220.0 86 AVENUE NW","assessed_value":445500},{"address":"6608.0 93 AVENUE NW","assessed_value":502500},{"address":"9750.0 72 AVENUE NW","assessed_value":1099000},{"address":"4616.0 107 AVENUE NW","assessed_value":426500},{"address":"7348.0 18 AVENUE NW","assessed_value":438500},{"address":"4320.0 68 STREET NW","assessed_value":402500},{"address":"7936.0 93A AVENUE NW","assessed_value":410000},{"address":"6723.0 20 AVENUE NW","assessed_value":428500},{"address":"210.0 RICHFIELD ROAD NW","assessed_value":302000},{"address":"9132.0 81 AVENUE NW","assessed_value":331000},{"address":"1145.0 77 STREET NW","assessed_value":416000},{"address":"5804.0 87 STREET NW","assessed_value":2144000},{"address":"326.0 LEE RIDGE ROAD NW","assessed_value":386000},{"address":"2024.0 57 STREET NW","assessed_value":197000},{"address":"409.0 MILLBOURNE ROAD EAST NW","assessed_value":287000},{"address":"6211.0 84 AVENUE NW","assessed_value":295000},{"address":"5660.0 19A AVENUE NW","assessed_value":146500},{"address":"8703.0 78 AVENUE NW","assessed_value":625000},{"address":"8712.0 89 AVENUE NW","assessed_value":424500},{"address":"6915.0 98A AVENUE NW","assessed_value":407500},{"address":"5518.0 92B AVENUE NW","assessed_value":1000},{"address":"3904.0 91 STREET NW","assessed_value":5509000},{"address":"802.0 LEE RIDGE ROAD NW","assessed_value":441500},{"address":"9503.0 69 AVENUE NW","assessed_value":473000},{"address":"6815.0 101 AVENUE NW","assessed_value":368500},{"address":"10224.0 78 STREET NW","assessed_value":392500},{"address":"9517.0 88 AVENUE NW","assessed_value":459500},{"address":"10216.0 FULTON ROAD NW","assessed_value":500500},{"address":"9522.0 86 STREET NW","assessed_value":567000},{"address":"10679.0 65 STREET NW","assessed_value":425500},{"address":"5621.0 92C AVENUE NW","assessed_value":372500},{"address":"10623.0 CAPILANO STREET NW","assessed_value":435500},{"address":"7739.0 86 AVENUE NW","assessed_value":358000},{"address":"5503.0 92A AVENUE NW","assessed_value":444000},{"address":"9108.0 58 STREET NW","assessed_value":383500},{"address":"1308.0 LAKEWOOD ROAD WEST NW","assessed_value":174000},{"address":"1086.0 MILLBOURNE ROAD EAST NW","assessed_value":216500},{"address":"8507.0 84 AVENUE NW","assessed_value":537000},{"address":"8715.0 29 AVENUE NW","assessed_value":400000},{"address":"8550.0 74 AVENUE NW","assessed_value":646000},{"address":"2120.0 85 STREET NW","assessed_value":534500},{"address":"300.0 MORIN MAZE NW","assessed_value":203000},{"address":"9526.0 85 STREET NW","assessed_value":351000},{"address":"9207.0 79 STREET NW","assessed_value":567000},{"address":"10668.0 CAPILANO STREET NW","assessed_value":435500},{"address":"4340.0 76 STREET NW","assessed_value":142500},{"address":"6901.0 87 AVENUE NW","assessed_value":547000},{"address":"9524.0 74 AVENUE NW","assessed_value":412000},{"address":"9241.0 34 AVENUE NW","assessed_value":2712500},{"address":"4811.0 109A AVENUE NW","assessed_value":426000},{"address":"8304.0 103 AVENUE NW","assessed_value":385500},{"address":"9132.0 70 AVENUE NW","assessed_value":613000},{"address":"10531.0 81 STREET NW","assessed_value":467500},{"address":"8623.0 34A AVENUE NW","assessed_value":406500},{"address":"6859.0 100 AVENUE NW","assessed_value":1851000},{"address":"6307.0 89 AVENUE NW","assessed_value":410000},{"address":"8515.0 DAVIES ROAD NW","assessed_value":2892000},{"address":"3159.0 78 STREET NW","assessed_value":380500},{"address":"5411.0 103A AVENUE NW","assessed_value":443500},{"address":"5503.0 106 AVENUE NW","assessed_value":379000},{"address":"7719.0 106A AVENUE NW","assessed_value":480000},{"address":"1912.0 65 STREET NW","assessed_value":473000},{"address":"4.0 TWIN TERRACE NW","assessed_value":191000},{"address":"8712.0 40 AVENUE NW","assessed_value":381500},{"address":"6808.0 10 AVENUE NW","assessed_value":418000},{"address":"10331.0 52 STREET NW","assessed_value":471000},{"address":"9732.0 75 AVENUE NW","assessed_value":477000},{"address":"9023.0 60 STREET NW","assessed_value":330500},{"address":"1613.0 KNOTTWOOD ROAD NORTH NW","assessed_value":293000},{"address":"8823.0 88 AVENUE NW","assessed_value":781000},{"address":"7713.0 81 AVENUE NW","assessed_value":377500},{"address":"9327.0 64 AVENUE NW","assessed_value":437000},{"address":"9227.0 77 STREET NW","assessed_value":407000},{"address":"8815.0 90 STREET NW","assessed_value":389500},{"address":"8355.0 77 AVENUE NW","assessed_value":366500},{"address":"3823.0 76 STREET NW","assessed_value":117500},{"address":"5307.0 104 AVENUE NW","assessed_value":441500},{"address":"2638.0 83 STREET NW","assessed_value":404500},{"address":"8404.0 35A AVENUE NW","assessed_value":378500},{"address":"10618.0 81 STREET NW","assessed_value":382500},{"address":"8352.0 80 AVENUE NW","assessed_value":460500},{"address":"1767.0 LAKEWOOD ROAD SOUTH NW","assessed_value":173500},{"address":"7935.0 22 AVENUE NW","assessed_value":394000},{"address":"1816.0 75 STREET NW","assessed_value":408500},{"address":"10414.0 75 STREET NW","assessed_value":887000},{"address":"1727.0 55 STREET NW","assessed_value":372000},{"address":"9443.0 52 STREET NW","assessed_value":358000},{"address":"7011.0 83 STREET NW","assessed_value":336000},{"address":"508.0 LEE RIDGE ROAD NW","assessed_value":142500},{"address":"10225.0 42 STREET NW","assessed_value":69000},{"address":"9424.0 77 STREET NW","assessed_value":874000},{"address":"9235.0 76 STREET NW","assessed_value":416500},{"address":"9219.0 73 STREET NW","assessed_value":403000},{"address":"3807.0 89 STREET NW","assessed_value":404000},{"address":"6960.0 21 AVENUE NW","assessed_value":416000},{"address":"9748.0 92 STREET NW","assessed_value":486000},{"address":"8708.0 26 AVENUE NW","assessed_value":452500},{"address":"1927.0 68 STREET NW","assessed_value":383000},{"address":"10534.0 67 STREET NW","assessed_value":458000},{"address":"8803.0 40 AVENUE NW","assessed_value":365000},{"address":"7111.0 87 STREET NW","assessed_value":481500},{"address":"8808.0 29 AVENUE NW","assessed_value":373500},{"address":"9328.0 70 AVENUE NW","assessed_value":339500},{"address":"4112.0 89 STREET NW","assessed_value":374500},{"address":"8507.0 69 STREET NW","assessed_value":423500},{"address":"8503.0 51 AVENUE NW","assessed_value":1000},{"address":"4612.0 109 AVENUE NW","assessed_value":490500},{"address":"352.0 LEE RIDGE ROAD NW","assessed_value":375500},{"address":"8431.0 29 AVENUE NW","assessed_value":133500},{"address":"5308.0 90 AVENUE NW","assessed_value":405000},{"address":"10611.0 42 STREET NW","assessed_value":673000},{"address":"8112.0 22 AVENUE NW","assessed_value":310500},{"address":"8615.0 79 STREET NW","assessed_value":332000},{"address":"8611.0 66 AVENUE NW","assessed_value":423500},{"address":"10207.0 74 STREET NW","assessed_value":402500},{"address":"892.0 KNOTTWOOD ROAD SOUTH NW","assessed_value":377000},{"address":"9619.0 79 STREET NW","assessed_value":386000},{"address":"9578.0 83 STREET NW","assessed_value":447500},{"address":"7408.0 38 AVENUE NW","assessed_value":114000},{"address":"7212.0 10 AVENUE NW","assessed_value":362500},{"address":"8903.0 CONNORS ROAD NW","assessed_value":427000},{"address":"8750.0 53 AVENUE NW","assessed_value":4345000},{"address":"9510.0 86 AVENUE NW","assessed_value":1081000},{"address":"5417.0 17A AVENUE NW","assessed_value":374500},{"address":"6319.0 15 AVENUE NW","assessed_value":382500},{"address":"2168.0 MILL WOODS ROAD NW","assessed_value":173500},{"address":"9707.0 66 AVENUE NW","assessed_value":407500},{"address":"7309.0 83 STREET NW","assessed_value":0},{"address":"1908.0 62 STREET NW","assessed_value":381500},{"address":"7520.0 82 AVENUE NW","assessed_value":312000},{"address":"10208.0 72 STREET NW","assessed_value":440500},{"address":"9652.0 64 AVENUE NW","assessed_value":402000},{"address":"10441.0 78 STREET NW","assessed_value":438000},{"address":"8631.0 92A AVENUE NW","assessed_value":473000},{"address":"7424.0 83 STREET NW","assessed_value":374000},{"address":"10510.0 82 STREET NW","assessed_value":445000},{"address":"9256.0 85 STREET NW","assessed_value":320500},{"address":"7132.0 82 STREET NW","assessed_value":424000},{"address":"8623.0 42A AVENUE NW","assessed_value":366500},{"address":"1744.0 61 STREET NW","assessed_value":360500},{"address":"643.0 MILLBOURNE ROAD EAST NW","assessed_value":182000},{"address":"7225.0 21 AVENUE NW","assessed_value":374500},{"address":"6408.0 87 STREET NW","assessed_value":432000},{"address":"10307.0 77 STREET NW","assessed_value":454500},{"address":"486.0 LEE RIDGE ROAD NW","assessed_value":142500},{"address":"3843.0 76 STREET NW","assessed_value":105500},{"address":"9124.0 74 AVENUE NW","assessed_value":459500},{"address":"8507.0 40 AVENUE NW","assessed_value":370500},{"address":"2611.0 83 STREET NW","assessed_value":374500},{"address":"8715.0 38 AVENUE NW","assessed_value":447500},{"address":"10233.0 81 STREET NW","assessed_value":395500},{"address":"1120.0 KNOTTWOOD ROAD EAST NW","assessed_value":185500},{"address":"1081.0 MILLBOURNE ROAD EAST NW","assessed_value":181500},{"address":"9640.0 68A STREET NW","assessed_value":433500},{"address":"9735.0 70 AVENUE NW","assessed_value":373000},{"address":"6723.0 87 STREET NW","assessed_value":424000},{"address":"7924.0 43A AVENUE NW","assessed_value":450500},{"address":"10407.0 81 STREET NW","assessed_value":276000},{"address":"23.0 LAKEWOOD VILLAGE NW","assessed_value":175500},{"address":"1751.0 61 STREET NW","assessed_value":358000},{"address":"9531.0 64 AVENUE NW","assessed_value":400500},{"address":"8407.0 72 STREET NW","assessed_value":411500},{"address":"10315.0 44 STREET NW","assessed_value":444500},{"address":"7424.0 104A AVENUE NW","assessed_value":340500},{"address":"1372.0 LAKEWOOD ROAD WEST NW","assessed_value":205000},{"address":"9607.0 67A STREET NW","assessed_value":502500},{"address":"1904.0 89 STREET NW","assessed_value":384000},{"address":"9220.0 OTTEWELL ROAD NW","assessed_value":469500},{"address":"1807.0 85 STREET NW","assessed_value":422500},{"address":"7732.0 78 AVENUE NW","assessed_value":380000},{"address":"9111.0 74 STREET NW","assessed_value":490000},{"address":"5604.0 109B AVENUE NW","assessed_value":788000},{"address":"9402.0 89 STREET NW","assessed_value":488000},{"address":"5103.0 103 AVENUE NW","assessed_value":537500},{"address":"6404.0 86 STREET NW","assessed_value":404000},{"address":"6908.0 FULTON DRIVE NW","assessed_value":9500},{"address":"7711.0 82 AVENUE NW","assessed_value":370000},{"address":"9643.0 86 STREET NW","assessed_value":494000},{"address":"208.0 LEE RIDGE ROAD NW","assessed_value":197500},{"address":"188.0 MILLBOURNE ROAD EAST NW","assessed_value":287500},{"address":"6412.0 89 AVENUE NW","assessed_value":496000},{"address":"10415.0 62 STREET NW","assessed_value":447000},{"address":"8315.0 23 AVENUE NW","assessed_value":9500},{"address":"8230.0 MILL WOODS ROAD NW","assessed_value":6000},{"address":"7116.0 92B AVENUE NW","assessed_value":445500},{"address":"8803.0 60 AVENUE NW","assessed_value":1000},{"address":"9632.0 AUSTIN O'BRIEN ROAD NW","assessed_value":459500},{"address":"9013.0 OTTEWELL ROAD NW","assessed_value":300500},{"address":"7338.0 21 AVENUE NW","assessed_value":380000},{"address":"5512.0 102A AVENUE NW","assessed_value":372000},{"address":"6311.0 87 AVENUE NW","assessed_value":479000},{"address":"8404.0 70 STREET NW","assessed_value":425500},{"address":"8608.0 58 STREET NW","assessed_value":500},{"address":"9658.0 71 AVENUE NW","assessed_value":392500},{"address":"4411.0 103 AVENUE NW","assessed_value":371000},{"address":"7704.0 76 AVENUE NW","assessed_value":393500},{"address":"1025.0 MILLBOURNE ROAD EAST NW","assessed_value":216000},{"address":"8225.0 19 AVENUE NW","assessed_value":13000},{"address":"1728.0 LAKEWOOD ROAD SOUTH NW","assessed_value":188500},{"address":"4048.0 77 STREET NW","assessed_value":400500},{"address":"9475.0 75 STREET NW","assessed_value":337500},{"address":"1720.0 85 STREET NW","assessed_value":349000},{"address":"7615.0 40 AVENUE NW","assessed_value":178500},{"address":"7612.0 95 AVENUE NW","assessed_value":426500},{"address":"10758.0 CAPILANO STREET NW","assessed_value":0},{"address":"6813.0 87A AVENUE NW","assessed_value":439500},{"address":"9823.0 74 STREET NW","assessed_value":382500},{"address":"7511.0 78 AVENUE NW","assessed_value":428500},{"address":"6824.0 90 AVENUE NW","assessed_value":390500},{"address":"7823.0 21 AVENUE NW","assessed_value":371000},{"address":"8116.0 95 AVENUE NW","assessed_value":395000},{"address":"8836.0 90 STREET NW","assessed_value":932000},{"address":"nan nan","assessed_value":0},{"address":"996.0 KNOTTWOOD ROAD SOUTH NW","assessed_value":142000},{"address":"5407.0 94A AVENUE NW","assessed_value":502000},{"address":"9217.0 52 STREET NW","assessed_value":351500},{"address":"8523.0 74 AVENUE NW","assessed_value":471000},{"address":"4643.0 105 AVENUE NW","assessed_value":462000},{"address":"3127.0 78 STREET NW","assessed_value":387500},{"address":"8708.0 16 AVENUE NW","assessed_value":346000},{"address":"7004.0 76 STREET NW","assessed_value":500},{"address":"8819.0 65 AVENUE NW","assessed_value":396000},{"address":"9276.0 54 STREET NW","assessed_value":334500},{"address":"9726.0 69 AVENUE NW","assessed_value":427000},{"address":"10320.0 45 STREET NW","assessed_value":397500},{"address":"7208.0 83 STREET NW","assessed_value":342000},{"address":"1113.0 77 STREET NW","assessed_value":495500},{"address":"4248.0 91A STREET NW","assessed_value":499500},{"address":"839.0 LEE RIDGE ROAD NW","assessed_value":440000},{"address":"10442.0 83 STREET NW","assessed_value":441500},{"address":"9272.0 77 STREET NW","assessed_value":467000},{"address":"8032.0 70 AVENUE NW","assessed_value":438000},{"address":"6724.0 86 STREET NW","assessed_value":402000},{"address":"8127.0 82 AVENUE NW","assessed_value":402000},{"address":"7615.0 92 AVENUE NW","assessed_value":370500},{"address":"109.0 LEE RIDGE ROAD NW","assessed_value":144000},{"address":"8745.0 81 AVENUE NW","assessed_value":518500},{"address":"9307.0 87 STREET NW","assessed_value":623000},{"address":"10344.0 44 STREET NW","assessed_value":529000},{"address":"7015.0 13 AVENUE NW","assessed_value":402500},{"address":"9616.0 65 AVENUE NW","assessed_value":432000},{"address":"8709.0 CONNORS ROAD NW","assessed_value":442500},{"address":"219.0 MORIN MAZE NW","assessed_value":203500},{"address":"1127.0 80 STREET NW","assessed_value":490500},{"address":"7915.0 85 AVENUE NW","assessed_value":433000},{"address":"7703.0 37 AVENUE NW","assessed_value":174000},{"address":"4604.0 103 AVENUE NW","assessed_value":365500},{"address":"4107.0 99 STREET NW","assessed_value":2432000},{"address":"7120.0 95 AVENUE NW","assessed_value":483500},{"address":"9034.0 95 AVENUE NW","assessed_value":2308500},{"address":"7223.0 86 AVENUE NW","assessed_value":398000},{"address":"10642.0 52 STREET NW","assessed_value":505500},{"address":"8723.0 77 AVENUE NW","assessed_value":681500},{"address":"8039.0 70 AVENUE NW","assessed_value":426000},{"address":"9215.0 81 STREET NW","assessed_value":404000},{"address":"4320.0 83 STREET NW","assessed_value":378000},{"address":"2024.0 57 STREET NW","assessed_value":176500},{"address":"1033.0 73 STREET NW","assessed_value":332500},{"address":"8732.0 66 AVENUE NW","assessed_value":397500},{"address":"9635.0 72 AVENUE NW","assessed_value":324000},{"address":"9567.0 91 STREET NW","assessed_value":458000},{"address":"7744.0 85 AVENUE NW","assessed_value":408000},{"address":"4623.0 102A AVENUE NW","assessed_value":371500},{"address":"1911.0 65 STREET NW","assessed_value":378000},{"address":"6612.0 19 AVENUE NW","assessed_value":314500},{"address":"6504.0 12 AVENUE NW","assessed_value":366500},{"address":"4027.0 74 STREET NW","assessed_value":482000},{"address":"6612.0 95 AVENUE NW","assessed_value":488000},{"address":"10715.0 67 STREET NW","assessed_value":404500},{"address":"8556.0 79 AVENUE NW","assessed_value":955500},{"address":"65.0 LAKEWOOD VILLAGE NW","assessed_value":177500},{"address":"7420.0 15 AVENUE NW","assessed_value":372500},{"address":"5207.0 89 AVENUE NW","assessed_value":430500},{"address":"2523.0 78 STREET NW","assessed_value":287500},{"address":"6704.0 19 AVENUE NW","assessed_value":314000},{"address":"4019.0 74 STREET NW","assessed_value":386500},{"address":"8330.0 79 AVENUE NW","assessed_value":840500},{"address":"1820.0 73 STREET NW","assessed_value":461000},{"address":"10655.0 HARDISTY DRIVE NW","assessed_value":542500},{"address":"2443.0 89 STREET NW","assessed_value":399000},{"address":"4023.0 86 STREET NW","assessed_value":441000},{"address":"5503.0 102 AVENUE NW","assessed_value":404500},{"address":"9505.0 75 AVENUE NW","assessed_value":361000},{"address":"8116.0 72 AVENUE NW","assessed_value":425000},{"address":"7803.0 24 AVENUE NW","assessed_value":651000},{"address":"7119.0 85 STREET NW","assessed_value":412000},{"address":"8911.0 76 AVENUE NW","assessed_value":385000},{"address":"10343.0 81 STREET NW","assessed_value":785500},{"address":"10323.0 42 STREET NW","assessed_value":396000},{"address":"6808.0 94B AVENUE NW","assessed_value":477000},{"address":"6756.0 87 STREET NW","assessed_value":452500},{"address":"8540.0 38A AVENUE NW","assessed_value":147000},{"address":"9145.0 83 AVENUE NW","assessed_value":615000},{"address":"9704.0 63 AVENUE NW","assessed_value":14500},{"address":"7408.0 87 AVENUE NW","assessed_value":564500},{"address":"9338.0 86 AVENUE NW","assessed_value":515500},{"address":"7017.0 32 AVENUE NW","assessed_value":195500},{"address":"359.0 RICHFIELD ROAD NW","assessed_value":338500},{"address":"1235.0 LAKEWOOD ROAD NORTH NW","assessed_value":364000},{"address":"1165.0 75 STREET NW","assessed_value":375000},{"address":"5408.0 92 AVENUE NW","assessed_value":399000},{"address":"7919.0 71 AVENUE NW","assessed_value":438000},{"address":"3859.0 76 STREET NW","assessed_value":107500},{"address":"222.0 LEE RIDGE ROAD NW","assessed_value":271500},{"address":"5803.0 109B AVENUE NW","assessed_value":802000},{"address":"9440.0 73 STREET NW","assessed_value":449500},{"address":"8708.0 43 AVENUE NW","assessed_value":368500},{"address":"7883.0 26 AVENUE NW","assessed_value":513000},{"address":"10607.0 43 STREET NW","assessed_value":449500},{"address":"10503.0 40 STREET NW","assessed_value":445000},{"address":"1019.0 77 STREET NW","assessed_value":399500},{"address":"9139.0 79 AVENUE NW","assessed_value":603500},{"address":"7428.0 82 STREET NW","assessed_value":430000},{"address":"6607.0 95 AVENUE NW","assessed_value":500},{"address":"8210.0 36 AVENUE NW","assessed_value":10000},{"address":"8536.0 64 AVENUE NW","assessed_value":409500},{"address":"9264.0 86 STREET NW","assessed_value":455500},{"address":"5907.0 102A AVENUE NW","assessed_value":416500},{"address":"8107.0 79 AVENUE NW","assessed_value":402500},{"address":"7711.0 15 AVENUE NW","assessed_value":416000},{"address":"7508.0 38 AVENUE NW","assessed_value":114000},{"address":"3940.0 87 STREET NW","assessed_value":361500},{"address":"7421.0 87 AVENUE NW","assessed_value":394500},{"address":"3508.0 73 STREET NW","assessed_value":422500},{"address":"5916.0 91 AVENUE NW","assessed_value":316000},{"address":"1220.0 65 STREET NW","assessed_value":318000},{"address":"6520.0 108 AVENUE NW","assessed_value":739500},{"address":"7622.0 10 AVENUE NW","assessed_value":472500},{"address":"8045.0 95 AVENUE NW","assessed_value":8500},{"address":"7416.0 41 AVENUE NW","assessed_value":383000},{"address":"8507.0 74 AVENUE NW","assessed_value":447500},{"address":"7304.0 91 STREET NW","assessed_value":580000},{"address":"6424.0 93 STREET NW","assessed_value":438000},{"address":"2611.0 89 STREET NW","assessed_value":361000},{"address":"10611.0 50 STREET NW","assessed_value":372500},{"address":"2307.0 85 STREET NW","assessed_value":181000},{"address":"10222.0 83 STREET NW","assessed_value":461000},{"address":"7903.0 22 AVENUE NW","assessed_value":401000},{"address":"1248.0 65 STREET NW","assessed_value":345500},{"address":"9724.0 79 STREET NW","assessed_value":386000},{"address":"1108.0 87 STREET NW","assessed_value":391500},{"address":"4016.0 86 STREET NW","assessed_value":427500},{"address":"8807.0 73 STREET NW","assessed_value":447500},{"address":"5315.0 109 AVENUE NW","assessed_value":599500},{"address":"8147.0 78 AVENUE NW","assessed_value":395500},{"address":"6704.0 40 AVENUE NW","assessed_value":400000},{"address":"577.0 MILLBOURNE ROAD EAST NW","assessed_value":366000},{"address":"7120.0 91 STREET NW","assessed_value":1427000},{"address":"7004.0 MILL WOODS ROAD SOUTH NW","assessed_value":178500},{"address":"10307.0 80 STREET NW","assessed_value":493500},{"address":"10239.0 81 STREET NW","assessed_value":442000},{"address":"6105.0 84 AVENUE NW","assessed_value":355500},{"address":"9307.0 74 STREET NW","assessed_value":429500},{"address":"7308.0 MILL WOODS ROAD SOUTH NW","assessed_value":185500},{"address":"9932.0 81 STREET NW","assessed_value":428500},{"address":"729.0 LEE RIDGE ROAD NW","assessed_value":492000},{"address":"6734.0 36A AVENUE NW","assessed_value":218500},{"address":"9128.0 66 AVENUE NW","assessed_value":448500},{"address":"55.0 LAKEWOOD VILLAGE NW","assessed_value":178000},{"address":"3428.0 84 STREET NW","assessed_value":381500},{"address":"7020.0 95 STREET NW","assessed_value":330000},{"address":"9440.0 75 STREET NW","assessed_value":408000},{"address":"10308.0 52 STREET NW","assessed_value":403500},{"address":"9050.0 52 STREET NW","assessed_value":468000},{"address":"7315.0 76 STREET NW","assessed_value":372500},{"address":"9207.0 75 STREET NW","assessed_value":449500},{"address":"10325.0 45 STREET NW","assessed_value":8000},{"address":"1307.0 80 STREET NW","assessed_value":356000},{"address":"7948.0 80 AVENUE NW","assessed_value":404000},{"address":"7223.0 98A AVENUE NW","assessed_value":413000},{"address":"3228.0 89 STREET NW","assessed_value":428000},{"address":"1317.0 KNOTTWOOD ROAD EAST NW","assessed_value":433500},{"address":"7640.0 42 AVENUE NW","assessed_value":405500},{"address":"228.0 LEE RIDGE ROAD NW","assessed_value":165500},{"address":"7608.0 92 AVENUE NW","assessed_value":416000},{"address":"4315.0 68 STREET NW","assessed_value":374500},{"address":"7728.0 85 AVENUE NW","assessed_value":382500},{"address":"8104.0 29 AVENUE NW","assessed_value":424500},{"address":"152.0 MILLBOURNE ROAD EAST NW","assessed_value":374500},{"address":"9555.0 87 STREET NW","assessed_value":510000},{"address":"3419.0 84 STREET NW","assessed_value":480500},{"address":"4719.0 104A AVENUE NW","assessed_value":385500},{"address":"9455.0 76 STREET NW","assessed_value":510000},{"address":"7016.0 82 STREET NW","assessed_value":392500},{"address":"5212.0 91 AVENUE NW","assessed_value":449000},{"address":"2112.0 53 STREET NW","assessed_value":359000},{"address":"8136.0 76 AVENUE NW","assessed_value":357500},{"address":"8739.0 80 AVENUE NW","assessed_value":358000},{"address":"9912.0 77 STREET NW","assessed_value":479500},{"address":"2537.0 89 STREET NW","assessed_value":448000},{"address":"10131.0 72 STREET NW","assessed_value":400500},{"address":"6907.0 HARDISTY DRIVE NW","assessed_value":906000},{"address":"2127.0 79 STREET NW","assessed_value":459000},{"address":"9249.0 54 STREET NW","assessed_value":383000},{"address":"8612.0 37 AVENUE NW","assessed_value":473000},{"address":"7853.0 26 AVENUE NW","assessed_value":383000},{"address":"1135.0 75 STREET NW","assessed_value":364500},{"address":"9271.0 54 STREET NW","assessed_value":294000},{"address":"4016.0 89 STREET NW","assessed_value":417000},{"address":"7804.0 98A AVENUE NW","assessed_value":417000},{"address":"6504.0 109B AVENUE NW","assessed_value":8000},{"address":"6907.0 101A AVENUE NW","assessed_value":391500},{"address":"10230.0 77 STREET NW","assessed_value":430500},{"address":"9216.0 91 STREET NW","assessed_value":333000},{"address":"7139.0 87 STREET NW","assessed_value":474500},{"address":"8846.0 89 STREET NW","assessed_value":584000},{"address":"3220.0 89 STREET NW","assessed_value":501000},{"address":"8727.0 67 AVENUE NW","assessed_value":427500},{"address":"7923.0 83 AVENUE NW","assessed_value":422500},{"address":"259.0 LEE RIDGE ROAD NW","assessed_value":357500},{"address":"9351.0 54 STREET NW","assessed_value":387500},{"address":"8105.0 89 STREET NW","assessed_value":330500},{"address":"10516.0 50A STREET NW","assessed_value":362500},{"address":"9714.0 66 AVENUE NW","assessed_value":420000},{"address":"1711.0 51 STREET NW","assessed_value":442000},{"address":"10419.0 45 STREET NW","assessed_value":375000},{"address":"7104.0 88 AVENUE NW","assessed_value":423000},{"address":"8735.0 84 AVENUE NW","assessed_value":408000},{"address":"1342.0 LAKEWOOD ROAD WEST NW","assessed_value":160000},{"address":"9011.0 91 STREET NW","assessed_value":427000},{"address":"452.0 LEE RIDGE ROAD NW","assessed_value":141000},{"address":"3431.0 86 STREET NW","assessed_value":370000},{"address":"7703.0 79 AVENUE NW","assessed_value":394500},{"address":"10135.0 72 STREET NW","assessed_value":361500},{"address":"9315.0 86 STREET NW","assessed_value":378500},{"address":"5925.0 99 STREET NW","assessed_value":2478000},{"address":"8804.0 19 AVENUE NW","assessed_value":360500},{"address":"2014.0 86 STREET NW","assessed_value":504500},{"address":"7534.0 10 AVENUE NW","assessed_value":378000},{"address":"5303.0 92B AVENUE NW","assessed_value":530000},{"address":"3811.0 76 STREET NW","assessed_value":114000},{"address":"2204.0 85 STREET NW","assessed_value":386000},{"address":"4423.0 109A AVENUE NW","assessed_value":404500},{"address":"4123.0 89 STREET NW","assessed_value":417500},{"address":"7718.0 98A AVENUE NW","assessed_value":500},{"address":"198.0 LEE RIDGE ROAD NW","assessed_value":244000},{"address":"9733.0 68 AVENUE NW","assessed_value":441000},{"address":"6804.0 96A AVENUE NW","assessed_value":536500},{"address":"8515.0 MCINTYRE ROAD NW","assessed_value":1000},{"address":"9108.0 73 STREET NW","assessed_value":368000},{"address":"6204.0 106B AVENUE NW","assessed_value":482000},{"address":"9347.0 58 STREET NW","assessed_value":561000},{"address":"7556.0 78 AVENUE NW","assessed_value":437000},{"address":"10131.0 73 STREET NW","assessed_value":339000},{"address":"9027.0 90 STREET NW","assessed_value":366000},{"address":"10735.0 48 STREET NW","assessed_value":464000},{"address":"9504.0 AUSTIN O'BRIEN ROAD NW","assessed_value":530000},{"address":"9427.0 OTTEWELL ROAD NW","assessed_value":475000},{"address":"498.0 LEE RIDGE ROAD NW","assessed_value":142500},{"address":"7604.0 10 AVENUE NW","assessed_value":442000},{"address":"9251.0 79 STREET NW","assessed_value":430000},{"address":"1291.0 MILLBOURNE ROAD EAST NW","assessed_value":280000},{"address":"6723.0 33 AVENUE NW","assessed_value":377000},{"address":"8351.0 MCINTYRE ROAD NW","assessed_value":1000},{"address":"10332.0 73 STREET NW","assessed_value":421000},{"address":"8411.0 70 STREET NW","assessed_value":495000},{"address":"8770.0 97 AVENUE NW","assessed_value":438000},{"address":"10431.0 82 STREET NW","assessed_value":387500},{"address":"5203.0 90 AVENUE NW","assessed_value":335500},{"address":"7408.0 80 STREET NW","assessed_value":415500},{"address":"6600.0 19 AVENUE NW","assessed_value":140500},{"address":"9703.0 57 STREET NW","assessed_value":398000},{"address":"9619.0 OTTEWELL ROAD NW","assessed_value":407000},{"address":"7132.0 83 STREET NW","assessed_value":378500},{"address":"5325.0 93 STREET NW","assessed_value":7766000},{"address":"6922.0 11 AVENUE NW","assessed_value":414000},{"address":"8764.0 84 AVENUE NW","assessed_value":480500},{"address":"8504.0 39A AVENUE NW","assessed_value":498000},{"address":"3912.0 76 STREET NW","assessed_value":183000},{"address":"2024.0 57 STREET NW","assessed_value":190500},{"address":"10616.0 57 STREET NW","assessed_value":436000},{"address":"7711.0 86 AVENUE NW","assessed_value":395000},{"address":"9203.0 95 STREET NW","assessed_value":789500},{"address":"1170.0 68 STREET NW","assessed_value":374500},{"address":"6816.0 86 AVENUE NW","assessed_value":415000},{"address":"9535.0 81 STREET NW","assessed_value":400500},{"address":"9031.0 58 STREET NW","assessed_value":467500},{"address":"9651.0 77 STREET NW","assessed_value":492500},{"address":"217.0 LEE RIDGE ROAD NW","assessed_value":171500},{"address":"6310.0 WAGNER ROAD NW","assessed_value":12557000},{"address":"10632.0 82 STREET NW","assessed_value":486500},{"address":"4715.0 105A AVENUE NW","assessed_value":519000},{"address":"690.0 LEE RIDGE ROAD NW","assessed_value":430000},{"address":"9924.0 74 STREET NW","assessed_value":10000},{"address":"9835.0 69 AVENUE NW","assessed_value":380000},{"address":"1438.0 LAKEWOOD ROAD WEST NW","assessed_value":123500},{"address":"7203.0 98 AVENUE NW","assessed_value":8500},{"address":"7949.0 84 AVENUE NW","assessed_value":353000},{"address":"6066.0 MILL WOODS ROAD SOUTH NW","assessed_value":170000},{"address":"9524.0 54 STREET NW","assessed_value":416000},{"address":"8003.0 76 AVENUE NW","assessed_value":413000},{"address":"9456.0 76 STREET NW","assessed_value":438500},{"address":"6104.0 86 AVENUE NW","assessed_value":507000},{"address":"10519.0 62 STREET NW","assessed_value":423500},{"address":"1121.0 KNOTTWOOD ROAD EAST NW","assessed_value":186500},{"address":"1542.0 69 STREET NW","assessed_value":168500},{"address":"7941.0 82 AVENUE NW","assessed_value":1058500},{"address":"509.0 KNOTTWOOD ROAD WEST NW","assessed_value":193000},{"address":"6008.0 90 AVENUE NW","assessed_value":319000},{"address":"10520.0 48 STREET NW","assessed_value":399000},{"address":"7222.0 MILL WOODS ROAD SOUTH NW","assessed_value":178500},{"address":"8521.0 88 STREET NW","assessed_value":578500},{"address":"4207.0 104A AVENUE NW","assessed_value":372500},{"address":"7412.0 104A AVENUE NW","assessed_value":488500},{"address":"8416.0 68A STREET NW","assessed_value":417500},{"address":"6521.0 HARDISTY DRIVE NW","assessed_value":11000},{"address":"8123.0 93A AVENUE NW","assessed_value":468000},{"address":"7987.0 91 AVENUE NW","assessed_value":387000},{"address":"9131.0 73 AVENUE NW","assessed_value":429500},{"address":"10531.0 45 STREET NW","assessed_value":363000},{"address":"7923.0 70 AVENUE NW","assessed_value":400000},{"address":"8708.0 19 AVENUE NW","assessed_value":366000},{"address":"7712.0 71 AVENUE NW","assessed_value":395000},{"address":"1513.0 69 STREET NW","assessed_value":439000},{"address":"7808.0 70 AVENUE NW","assessed_value":410500},{"address":"1416.0 70 STREET NW","assessed_value":379000},{"address":"9645.0 73 AVENUE NW","assessed_value":386500},{"address":"7812.0 104 AVENUE NW","assessed_value":1539500},{"address":"8510.0 83 AVENUE NW","assessed_value":392500},{"address":"10751.0 69 STREET NW","assessed_value":481500},{"address":"10138.0 62 STREET NW","assessed_value":376000},{"address":"10328.0 48 STREET NW","assessed_value":385500},{"address":"5508.0 105A AVENUE NW","assessed_value":407500},{"address":"5903.0 106 AVENUE NW","assessed_value":355000},{"address":"6419.0 17 AVENUE NW","assessed_value":393500},{"address":"8308.0 73 AVENUE NW","assessed_value":604000},{"address":"6837.0 40 AVENUE NW","assessed_value":371500},{"address":"9257.0 86 STREET NW","assessed_value":490000},{"address":"2915.0 68 STREET NW","assessed_value":320500},{"address":"1107.0 82 STREET NW","assessed_value":460500},{"address":"7933.0 78 AVENUE NW","assessed_value":384500},{"address":"399.0 RICHFIELD ROAD NW","assessed_value":421000},{"address":"8123.0 17 AVENUE NW","assessed_value":386500},{"address":"9708.0 64 AVENUE NW","assessed_value":429000},{"address":"7906.0 81 AVENUE NW","assessed_value":361000},{"address":"7003.0 32 AVENUE NW","assessed_value":191500},{"address":"9331.0 90 STREET NW","assessed_value":367500},{"address":"6503.0 88 AVENUE NW","assessed_value":470000},{"address":"3303.0 97 STREET NW","assessed_value":4079500},{"address":"5304.0 89 AVENUE NW","assessed_value":380500},{"address":"1284.0 LAKEWOOD ROAD WEST NW","assessed_value":170000},{"address":"6708.0 87 STREET NW","assessed_value":526000},{"address":"3160.0 78 STREET NW","assessed_value":410500},{"address":"10716.0 52 STREET NW","assessed_value":393500},{"address":"1116.0 68 STREET NW","assessed_value":457500},{"address":"6312.0 103A AVENUE NW","assessed_value":407000},{"address":"8320.0 77 AVENUE NW","assessed_value":547500},{"address":"6212.0 82 AVENUE NW","assessed_value":1477500},{"address":"nan nan","assessed_value":36500},{"address":"1594.0 69 STREET NW","assessed_value":165500},{"address":"9315.0 71 AVENUE NW","assessed_value":454500},{"address":"10219.0 52 STREET NW","assessed_value":425500},{"address":"10608.0 40 STREET NW","assessed_value":362000},{"address":"7204.0 75 STREET NW","assessed_value":385500},{"address":"1614.0 LAKEWOOD ROAD WEST NW","assessed_value":173500},{"address":"5908.0 94A AVENUE NW","assessed_value":457000},{"address":"9344.0 83 STREET NW","assessed_value":403000},{"address":"10527.0 45 STREET NW","assessed_value":367000},{"address":"8429.0 14 AVENUE NW","assessed_value":416500},{"address":"5511.0 93B AVENUE NW","assessed_value":673500},{"address":"3219.0 82 STREET NW","assessed_value":161000},{"address":"6008.0 101 AVENUE NW","assessed_value":427000},{"address":"9052.0 92 STREET NW","assessed_value":840500},{"address":"1574.0 LAKEWOOD ROAD WEST NW","assessed_value":370000},{"address":"10616.0 40 STREET NW","assessed_value":362500},{"address":"7601.0 91 AVENUE NW","assessed_value":441000},{"address":"9221.0 86 STREET NW","assessed_value":531000},{"address":"8404.0 64 AVENUE NW","assessed_value":404500},{"address":"659.0 MILLBOURNE ROAD EAST NW","assessed_value":175500},{"address":"7220.0 33 AVENUE NW","assessed_value":370000},{"address":"8947.0 82 AVENUE NW","assessed_value":644500},{"address":"132.0 RICHFIELD ROAD NW","assessed_value":377500},{"address":"483.0 KNOTTWOOD ROAD WEST NW","assessed_value":205000},{"address":"1515.0 130 AVENUE NW","assessed_value":7274000},{"address":"10686.0 65 STREET NW","assessed_value":436000},{"address":"6096.0 MILL WOODS ROAD SOUTH NW","assessed_value":178500},{"address":"4208.0 105 AVENUE NW","assessed_value":344000},{"address":"9136.0 78 AVENUE NW","assessed_value":404500},{"address":"9325.0 63 AVENUE NW","assessed_value":1169500},{"address":"1309.0 LAKEWOOD ROAD WEST NW","assessed_value":296000},{"address":"4611.0 103A AVENUE NW","assessed_value":386500},{"address":"9700.0 28 AVENUE NW","assessed_value":144000},{"address":"1528.0 69 STREET NW","assessed_value":165500},{"address":"9423.0 75 STREET NW","assessed_value":404000},{"address":"6904.0 84 AVENUE NW","assessed_value":413000},{"address":"9710.0 73 AVENUE NW","assessed_value":683500},{"address":"1011.0 82 STREET NW","assessed_value":473000},{"address":"8516.0 44 AVENUE NW","assessed_value":363500},{"address":"8927.0 STRATHEARN DRIVE NW","assessed_value":612500},{"address":"9107.0 72 STREET NW","assessed_value":532500},{"address":"3819.0 76 STREET NW","assessed_value":114000},{"address":"10622.0 80 STREET NW","assessed_value":469500},{"address":"10563.0 40 STREET NW","assessed_value":452000},{"address":"1524.0 69 STREET NW","assessed_value":168500},{"address":"7020.0 21 AVENUE NW","assessed_value":1000},{"address":"8711.0 81 AVENUE NW","assessed_value":377000},{"address":"5739.0 90 AVENUE NW","assessed_value":344000},{"address":"1939.0 73 STREET NW","assessed_value":154500},{"address":"10707.0 50 STREET NW","assessed_value":396000},{"address":"4016.0 74 STREET NW","assessed_value":401000},{"address":"7735.0 WAGNER ROAD NW","assessed_value":3069000},{"address":"10729.0 ST GABRIEL SCHOOL ROAD NW","assessed_value":705000},{"address":"6819.0 29 AVENUE NW","assessed_value":2000},{"address":"1072.0 LAKEWOOD ROAD NORTH NW","assessed_value":209500},{"address":"7311.0 91 AVENUE NW","assessed_value":447500},{"address":"8516.0 74 AVENUE NW","assessed_value":386500},{"address":"1695.0 LAKEWOOD ROAD SOUTH NW","assessed_value":160500},{"address":"6012.0 85 AVENUE NW","assessed_value":446500},{"address":"3811.0 76 STREET NW","assessed_value":107500},{"address":"3133.0 89 STREET NW","assessed_value":521000},{"address":"10324.0 44 STREET NW","assessed_value":356500},{"address":"8507.0 39A AVENUE NW","assessed_value":454500},{"address":"1110.0 MILLBOURNE ROAD EAST NW","assessed_value":192000},{"address":"909.0 LAKEWOOD ROAD NORTH NW","assessed_value":129500},{"address":"8911.0 79 AVENUE NW","assessed_value":518000},{"address":"6715.0 85 STREET NW","assessed_value":448500},{"address":"8811.0 42A AVENUE NW","assessed_value":366500},{"address":"8703.0 85 AVENUE NW","assessed_value":508500},{"address":"9342.0 90 STREET NW","assessed_value":1031000},{"address":"753.0 LEE RIDGE ROAD NW","assessed_value":430000},{"address":"1719.0 65 STREET NW","assessed_value":457000},{"address":"10543.0 40 STREET NW","assessed_value":500},{"address":"8511.0 33 AVENUE NW","assessed_value":396000},{"address":"7507.0 102 AVENUE NW","assessed_value":547500},{"address":"4239.0 86 STREET NW","assessed_value":453500},{"address":"4704.0 101 STREET NW","assessed_value":531500},{"address":"8516.0 17 AVENUE NW","assessed_value":456000},{"address":"10143.0 74 STREET NW","assessed_value":305500},{"address":"3916.0 67 STREET NW","assessed_value":416500},{"address":"1023.0 KNOTTWOOD ROAD EAST NW","assessed_value":428500},{"address":"9.0 TWIN TERRACE NW","assessed_value":179500},{"address":"8205.0 19 AVENUE NW","assessed_value":387500},{"address":"10652.0 79 STREET NW","assessed_value":537000},{"address":"8744.0 80 AVENUE NW","assessed_value":470500},{"address":"8111.0 80 AVENUE NW","assessed_value":380000},{"address":"8724.0 90 AVENUE NW","assessed_value":482500},{"address":"264.0 RICHFIELD ROAD NW","assessed_value":146000},{"address":"8022.0 75 STREET NW","assessed_value":334500},{"address":"10303.0 75 STREET NW","assessed_value":462000},{"address":"8620.0 80 STREET NW","assessed_value":375500},{"address":"8019.0 22 AVENUE NW","assessed_value":418500},{"address":"9345.0 87 AVENUE NW","assessed_value":402500},{"address":"1132.0 KNOTTWOOD ROAD EAST NW","assessed_value":182500},{"address":"5322.0 19 AVENUE NW","assessed_value":328500},{"address":"420.0 LEE RIDGE ROAD NW","assessed_value":422500},{"address":"2104.0 89 STREET NW","assessed_value":364500},{"address":"10648.0 75 STREET NW","assessed_value":492500},{"address":"4107.0 106B AVENUE NW","assessed_value":427500},{"address":"36.0 LAKEWOOD VILLAGE NW","assessed_value":174500},{"address":"9504.0 69 AVENUE NW","assessed_value":557500},{"address":"2345.0 85 STREET NW","assessed_value":186000},{"address":"920.0 KNOTTWOOD ROAD SOUTH NW","assessed_value":381000},{"address":"3209.0 82 STREET NW","assessed_value":268500},{"address":"6412.0 85 STREET NW","assessed_value":477000},{"address":"9940.0 77 STREET NW","assessed_value":368500},{"address":"10816.0 43 STREET NW","assessed_value":529000},{"address":"8827.0 31 AVENUE NW","assessed_value":354000},{"address":"8917.0 79 AVENUE NW","assessed_value":733000},{"address":"7920.0 76 AVENUE NW","assessed_value":390500},{"address":"8632.0 76 STREET NW","assessed_value":355000},{"address":"7915.0 83 STREET NW","assessed_value":296000},{"address":"6008.0 92 AVENUE NW","assessed_value":437500},{"address":"8707.0 84 AVENUE NW","assessed_value":370500},{"address":"9611.0 73 AVENUE NW","assessed_value":371500},{"address":"8604.0 43 AVENUE NW","assessed_value":464500},{"address":"904.0 MILLBOURNE ROAD EAST NW","assessed_value":201500},{"address":"nan nan","assessed_value":0},{"address":"9850.0 74 AVENUE NW","assessed_value":391000},{"address":"6303.0 93 AVENUE NW","assessed_value":415500},{"address":"7123.0 81 STREET NW","assessed_value":423000},{"address":"5403.0 90A AVENUE NW","assessed_value":432000},{"address":"3807.0 98 STREET NW","assessed_value":4183000},{"address":"7804.0 ROWLAND ROAD NW","assessed_value":886500},{"address":"3.0 TWIN TERRACE NW","assessed_value":179500},{"address":"1686.0 LAKEWOOD ROAD SOUTH NW","assessed_value":173500},{"address":"9603.0 74 STREET NW","assessed_value":419500},{"address":"2024.0 57 STREET NW","assessed_value":198000},{"address":"3867.0 76 STREET NW","assessed_value":115000},{"address":"2630.0 83 STREET NW","assessed_value":1000},{"address":"9427.0 65 AVENUE NW","assessed_value":385000},{"address":"7911.0 33 AVENUE NW","assessed_value":363000},{"address":"546.0 LEE RIDGE ROAD NW","assessed_value":142500},{"address":"2111.0 67 STREET NW","assessed_value":354000},{"address":"8508.0 40 AVENUE NW","assessed_value":383000},{"address":"4704.0 105 AVENUE NW","assessed_value":405000},{"address":"5504.0 90A AVENUE NW","assessed_value":443500},{"address":"4619.0 104 AVENUE NW","assessed_value":375500},{"address":"9639.0 75 STREET NW","assessed_value":409500},{"address":"8731.0 STRATHEARN DRIVE NW","assessed_value":605500},{"address":"4704.0 109A AVENUE NW","assessed_value":448000},{"address":"289.0 LEE RIDGE ROAD NW","assessed_value":411000},{"address":"9746.0 71 AVENUE NW","assessed_value":347000},{"address":"2024.0 57 STREET NW","assessed_value":184500},{"address":"7225.0 84 AVENUE NW","assessed_value":381500},{"address":"8916.0 CONNORS ROAD NW","assessed_value":430000},{"address":"1153.0 72 STREET NW","assessed_value":348500},{"address":"8319.0 42A AVENUE NW","assessed_value":350000},{"address":"1704.0 53 STREET NW","assessed_value":432000},{"address":"7136.0 81 STREET NW","assessed_value":867000},{"address":"1718.0 LAKEWOOD ROAD SOUTH NW","assessed_value":197000},{"address":"1244.0 LAKEWOOD ROAD WEST NW","assessed_value":175500},{"address":"7404.0 94B AVENUE NW","assessed_value":460000},{"address":"3415.0 78 STREET NW","assessed_value":351500},{"address":"16.0 TWIN TERRACE NW","assessed_value":180500},{"address":"462.0 LEE RIDGE ROAD NW","assessed_value":140000},{"address":"9319.0 87 STREET NW","assessed_value":434000},{"address":"9203.0 88 AVENUE NW","assessed_value":198000},{"address":"7344.0 21 AVENUE NW","assessed_value":428500},{"address":"3871.0 76 STREET NW","assessed_value":117500},{"address":"3207.0 71 STREET NW","assessed_value":275000},{"address":"7911.0 43A AVENUE NW","assessed_value":388000},{"address":"9208.0 81 STREET NW","assessed_value":410500},{"address":"9907.0 74 STREET NW","assessed_value":398000},{"address":"5704.0 90A AVENUE NW","assessed_value":454500},{"address":"7970.0 91 AVENUE NW","assessed_value":1252500},{"address":"8210.0 36 AVENUE NW","assessed_value":2721500},{"address":"375.0 LEE RIDGE ROAD NW","assessed_value":436500},{"address":"7932.0 85 AVENUE NW","assessed_value":358500},{"address":"10307.0 45 STREET NW","assessed_value":452500},{"address":"7741.0 37 AVENUE NW","assessed_value":174500},{"address":"5411.0 18 AVENUE NW","assessed_value":420500},{"address":"10608.0 ROWLAND ROAD NW","assessed_value":520500},{"address":"1323.0 69 STREET NW","assessed_value":368000},{"address":"6907.0 91 AVENUE NW","assessed_value":487500},{"address":"1200.0 KNOTTWOOD ROAD EAST NW","assessed_value":196500},{"address":"3211.0 85 STREET NW","assessed_value":451000},{"address":"nan nan","assessed_value":10000},{"address":"1041.0 MILLBOURNE ROAD EAST NW","assessed_value":243500},{"address":"4507.0 103 AVENUE NW","assessed_value":457500},{"address":"5634.0 19A AVENUE NW","assessed_value":153000},{"address":"7820.0 33 AVENUE NW","assessed_value":352500},{"address":"1752.0 65 STREET NW","assessed_value":393500},{"address":"6603.0 98 AVENUE NW","assessed_value":426000},{"address":"6707.0 86 STREET NW","assessed_value":395000},{"address":"7807.0 ROWLAND ROAD NW","assessed_value":625500},{"address":"7015.0 87 AVENUE NW","assessed_value":520000},{"address":"9346.0 71 AVENUE NW","assessed_value":480500},{"address":"7921.0 84 AVENUE NW","assessed_value":411000},{"address":"8404.0 19 AVENUE NW","assessed_value":376500},{"address":"9808.0 69 AVENUE NW","assessed_value":368500},{"address":"10332.0 80 STREET NW","assessed_value":364000},{"address":"1016.0 KNOTTWOOD ROAD EAST NW","assessed_value":391500},{"address":"2103.0 52 STREET NW","assessed_value":405500},{"address":"10107.0 72 STREET NW","assessed_value":203000},{"address":"10135.0 71 STREET NW","assessed_value":323500},{"address":"9223.0 91 STREET NW","assessed_value":593000},{"address":"7926.0 77 AVENUE NW","assessed_value":365500},{"address":"5118.0 17A AVENUE NW","assessed_value":355000},{"address":"8019.0 WAGNER ROAD NW","assessed_value":2357500},{"address":"6811.0 32 AVENUE NW","assessed_value":444500},{"address":"1117.0 LAKEWOOD ROAD NORTH NW","assessed_value":405000},{"address":"5608.0 89 AVENUE NW","assessed_value":447000},{"address":"2623.0 89 STREET NW","assessed_value":369000},{"address":"5303.0 FULTON ROAD NW","assessed_value":408500},{"address":"5830.0 99 STREET NW","assessed_value":1623000},{"address":"5116.0 17 AVENUE NW","assessed_value":379000},{"address":"8718.0 78 AVENUE NW","assessed_value":757000},{"address":"1928.0 LAKEWOOD ROAD SOUTH NW","assessed_value":454500},{"address":"1720.0 54 STREET NW","assessed_value":353000},{"address":"7717.0 91 STREET NW","assessed_value":250000},{"address":"9507.0 75 STREET NW","assessed_value":441500},{"address":"1020.0 87 STREET NW","assessed_value":473000},{"address":"5511.0 90A AVENUE NW","assessed_value":391500},{"address":"1756.0 LAKEWOOD ROAD SOUTH NW","assessed_value":171500},{"address":"4304.0 88 STREET NW","assessed_value":423500},{"address":"9219.0 62 STREET NW","assessed_value":533000},{"address":"7335.0 76 STREET NW","assessed_value":389500},{"address":"1137.0 LAKEWOOD ROAD NORTH NW","assessed_value":368000},{"address":"8435.0 14 AVENUE NW","assessed_value":429000},{"address":"10685.0 69 STREET NW","assessed_value":460500},{"address":"104.0 MILLBOURNE ROAD EAST NW","assessed_value":275500},{"address":"6716.0 31 AVENUE NW","assessed_value":352500},{"address":"8619.0 33 AVENUE NW","assessed_value":392500},{"address":"599.0 KNOTTWOOD ROAD WEST NW","assessed_value":186500},{"address":"2916.0 89 STREET NW","assessed_value":419500},{"address":"7743.0 78 AVENUE NW","assessed_value":780500},{"address":"1599.0 KNOTTWOOD ROAD NORTH NW","assessed_value":282500},{"address":"7307.0 98 AVENUE NW","assessed_value":425500},{"address":"5211.0 94B AVENUE NW","assessed_value":416500},{"address":"4630.0 95 STREET NW","assessed_value":1000},{"address":"2024.0 57 STREET NW","assessed_value":194500},{"address":"10651.0 52 STREET NW","assessed_value":447000},{"address":"3868.0 85 STREET NW","assessed_value":150500},{"address":"1911.0 56 STREET NW","assessed_value":373000},{"address":"9119.0 78 AVENUE NW","assessed_value":631000},{"address":"6020.0 87A STREET NW","assessed_value":1000},{"address":"8328.0 80 AVENUE NW","assessed_value":371500},{"address":"8539.0 67 AVENUE NW","assessed_value":438000},{"address":"3851.0 76 STREET NW","assessed_value":107500},{"address":"9103.0 71 STREET NW","assessed_value":502000},{"address":"4711.0 103 AVENUE NW","assessed_value":345000},{"address":"10228.0 50 STREET NW","assessed_value":368500},{"address":"7204.0 35 AVENUE NW","assessed_value":417500},{"address":"8419.0 75 AVENUE NW","assessed_value":663000},{"address":"1103.0 LAKEWOOD ROAD NORTH NW","assessed_value":19500},{"address":"7737.0 37 AVENUE NW","assessed_value":178000},{"address":"152.0 KNOTTWOOD ROAD NORTH NW","assessed_value":178000},{"address":"9548.0 63 AVENUE NW","assessed_value":458500},{"address":"1424.0 63 STREET NW","assessed_value":363000},{"address":"1176.0 68 STREET NW","assessed_value":492500},{"address":"5930.0 96 STREET NW","assessed_value":1856000},{"address":"10115.0 82 STREET NW","assessed_value":365000},{"address":"10306.0 74 STREET NW","assessed_value":328000},{"address":"8207.0 101 AVENUE NW","assessed_value":1010000},{"address":"6523.0 HARDISTY DRIVE NW","assessed_value":1044000},{"address":"9352.0 86 STREET NW","assessed_value":348000},{"address":"10666.0 65 STREET NW","assessed_value":428000},{"address":"8639.0 81 STREET NW","assessed_value":409000},{"address":"7407.0 88 AVENUE NW","assessed_value":424500},{"address":"7907.0 77 AVENUE NW","assessed_value":410500},{"address":"7011.0 FULTON DRIVE NW","assessed_value":418000},{"address":"6415.0 87 STREET NW","assessed_value":431000},{"address":"9735.0 66 AVENUE NW","assessed_value":472000},{"address":"10655.0 69 STREET NW","assessed_value":500},{"address":"4720.0 102A AVENUE NW","assessed_value":383000},{"address":"6816.0 89 AVENUE NW","assessed_value":422500},{"address":"9513.0 74 AVENUE NW","assessed_value":423500},{"address":"6920.0 92B AVENUE NW","assessed_value":420500},{"address":"9114.0 75 STREET NW","assessed_value":612000},{"address":"8943.0 80 AVENUE NW","assessed_value":949000},{"address":"7431.0 15 AVENUE NW","assessed_value":418500},{"address":"6203.0 94B AVENUE NW","assessed_value":372000},{"address":"3537.0 79 STREET NW","assessed_value":276000},{"address":"3215.0 72 STREET NW","assessed_value":367500},{"address":"2957.0 89 STREET NW","assessed_value":352500},{"address":"7954.0 81 AVENUE NW","assessed_value":399500},{"address":"4716.0 109 AVENUE NW","assessed_value":495500},{"address":"10631.0 65 STREET NW","assessed_value":409500},{"address":"9708.0 75 STREET NW","assessed_value":385000},{"address":"9116.0 71 STREET NW","assessed_value":470500},{"address":"9731.0 73 AVENUE NW","assessed_value":705500},{"address":"1458.0 KNOTTWOOD ROAD EAST NW","assessed_value":411500},{"address":"2297.0 MILLBOURNE ROAD WEST NW","assessed_value":358000},{"address":"9512.0 69A STREET NW","assessed_value":455000},{"address":"1078.0 KNOTTWOOD ROAD EAST NW","assessed_value":165500},{"address":"9323.0 69 AVENUE NW","assessed_value":408500},{"address":"7315.0 92A AVENUE NW","assessed_value":413000},{"address":"9624.0 68A STREET NW","assessed_value":453500},{"address":"1128.0 MILLBOURNE ROAD EAST NW","assessed_value":192000},{"address":"9244.0 75 STREET NW","assessed_value":453000},{"address":"9626.0 85 STREET NW","assessed_value":377500},{"address":"8715.0 76 AVENUE NW","assessed_value":296500},{"address":"6608.0 94 AVENUE NW","assessed_value":466000},{"address":"3845.0 85 STREET NW","assessed_value":292000},{"address":"3806.0 85 STREET NW","assessed_value":273000},{"address":"6935.0 21 AVENUE NW","assessed_value":438000},{"address":"6707.0 88 STREET NW","assessed_value":441000},{"address":"10208.0 70 STREET NW","assessed_value":404000},{"address":"10720.0 67 STREET NW","assessed_value":433000},{"address":"7950.0 78 AVENUE NW","assessed_value":400000},{"address":"10743.0 HARDISTY DRIVE NW","assessed_value":897000},{"address":"4215.0 104 AVENUE NW","assessed_value":352500},{"address":"8104.0 ROWLAND ROAD NW","assessed_value":965500},{"address":"7930.0 24 AVENUE NW","assessed_value":376500},{"address":"345.0 LEE RIDGE ROAD NW","assessed_value":456000},{"address":"10325.0 80 STREET NW","assessed_value":399500},{"address":"6707.0 87 AVENUE NW","assessed_value":496000},{"address":"8611.0 77 STREET NW","assessed_value":358000},{"address":"33.0 LAKEWOOD VILLAGE NW","assessed_value":178000},{"address":"6323.0 103 AVENUE NW","assessed_value":506000},{"address":"7004.0 89 AVENUE NW","assessed_value":379500},{"address":"3207.0 67 STREET NW","assessed_value":367500},{"address":"9610.0 63 AVENUE NW","assessed_value":281000},{"address":"9435.0 74 STREET NW","assessed_value":508500},{"address":"5203.0 109A AVENUE NW","assessed_value":671500},{"address":"460.0 MILLBOURNE ROAD EAST NW","assessed_value":193500},{"address":"9715.0 71 AVENUE NW","assessed_value":404500},{"address":"7104.0 10 AVENUE NW","assessed_value":467000},{"address":"2412.0 83 STREET NW","assessed_value":452500},{"address":"4108.0 106B AVENUE NW","assessed_value":904000},{"address":"3131.0 80 STREET NW","assessed_value":362000},{"address":"9352.0 64 AVENUE NW","assessed_value":491000},{"address":"6316.0 94B AVENUE NW","assessed_value":551500},{"address":"7731.0 79 AVENUE NW","assessed_value":357000},{"address":"1948.0 65 STREET NW","assessed_value":414500},{"address":"7227.0 98A AVENUE NW","assessed_value":419500},{"address":"7412.0 ROWLAND ROAD NW","assessed_value":800500},{"address":"6808.0 95 AVENUE NW","assessed_value":431000},{"address":"9255.0 69A STREET NW","assessed_value":454500},{"address":"6807.0 29 AVENUE NW","assessed_value":357500},{"address":"9523.0 77 STREET NW","assessed_value":455500},{"address":"2403.0 81 STREET NW","assessed_value":386000},{"address":"654.0 LEE RIDGE ROAD NW","assessed_value":538000},{"address":"9527.0 69 AVENUE NW","assessed_value":447500},{"address":"9655.0 63 AVENUE NW","assessed_value":1046500},{"address":"2123.0 78 STREET NW","assessed_value":405000},{"address":"4623.0 103A AVENUE NW","assessed_value":393500},{"address":"7815.0 101 AVENUE NW","assessed_value":1248000},{"address":"8408.0 26 AVENUE NW","assessed_value":378000},{"address":"5012.0 19 AVENUE NW","assessed_value":291500}]