[{"address":"22724.0 94 AVENUE NW","assessed_value":548000},{"address":"nan nan","assessed_value":13000},{"address":"3137.0 KOSTASH GREEN SW","assessed_value":998000},{"address":"20515.0 20 AVENUE NW","assessed_value":693000},{"address":"3785.0 ERLANGER DRIVE NW","assessed_value":444000},{"address":"3621.0 JAMES MOWATT TRAIL SW","assessed_value":325000},{"address":"nan nan","assessed_value":1000},{"address":"19317.0 26A AVENUE NW","assessed_value":464000},{"address":"17225.0 9B AVENUE SW","assessed_value":142500},{"address":"4813.0 DONSDALE DRIVE NW","assessed_value":1157000},{"address":"9922.0 111 STREET NW","assessed_value":482500},{"address":"10404.0 125 STREET NW","assessed_value":777500},{"address":"9220.0 183 AVENUE NW","assessed_value":611500},{"address":"22043.0 93 AVENUE NW","assessed_value":598500},{"address":"12815.0 CUMBERLAND ROAD NW","assessed_value":311000},{"address":"6910.0 132 AVENUE NW","assessed_value":413500},{"address":"5331.0 KIMBALL PLACE SW","assessed_value":760000},{"address":"19643.0 29 AVENUE NW","assessed_value":438500},{"address":"13317.0 115 AVENUE NW","assessed_value":237500},{"address":"1266.0 ASTER BOULEVARD NW","assessed_value":371500},{"address":"1582.0 ESAIW PLACE NW","assessed_value":416000},{"address":"7146.0 177A AVENUE NW","assessed_value":448000},{"address":"5381.0 KIMBALL PLACE SW","assessed_value":703000},{"address":"2807.0 196 STREET NW","assessed_value":522000},{"address":"3660.0 5 AVENUE SW","assessed_value":520500},{"address":"7149.0 EDGEMONT WAY NW","assessed_value":618500},{"address":"16904.0 137 AVENUE NW","assessed_value":34303000},{"address":"812.0 WELSH DRIVE SW","assessed_value":251000},{"address":"5156.0 LARK CRESCENT NW","assessed_value":495500},{"address":"9375.0 226 STREET NW","assessed_value":532500},{"address":"6626.0 CRAWFORD LANDING SW","assessed_value":605000},{"address":"1228.0 PLUM BEND SW","assessed_value":518500},{"address":"nan nan","assessed_value":19500},{"address":"616.0 KINGLET BOULEVARD NW","assessed_value":294000},{"address":"2092.0 190 STREET NW","assessed_value":686500},{"address":"1556.0 ESAIW PLACE NW","assessed_value":117500},{"address":"7821.0 KORULUK LINK SW","assessed_value":351000},{"address":"3106.0 169 STREET SW","assessed_value":452000},{"address":"17523.0 64 STREET NW","assessed_value":548000},{"address":"1005.0 PARSONS ROAD SW","assessed_value":876000},{"address":"1576.0 HOWES PLACE SW","assessed_value":1058000},{"address":"7628.0 KORULUK PLACE SW","assessed_value":340000},{"address":"6338.0 GREENAWAY AVENUE NW","assessed_value":810000},{"address":"17339.0 2 STREET NW","assessed_value":528500},{"address":"nan nan","assessed_value":9000},{"address":"1388.0 SISKIN WYND NW","assessed_value":520500},{"address":"16004.0 34 AVENUE SW","assessed_value":655000},{"address":"846.0 NORTHERN HARRIER LANE NW","assessed_value":423500},{"address":"11910.0 35 AVENUE SW","assessed_value":379000},{"address":"12857.0 141 STREET NW","assessed_value":334500},{"address":"5369.0 LARK LANDING NW","assessed_value":544000},{"address":"3228.0 158 STREET SW","assessed_value":586000},{"address":"10180.0 103 STREET NW","assessed_value":737500},{"address":"320.0 SECORD BOULEVARD NW","assessed_value":343500},{"address":"4962.0 HAWTHORN PLACE SW","assessed_value":786000},{"address":"4843.0 HAWTHORN BEND SW","assessed_value":580500},{"address":"1756.0 18 STREET NW","assessed_value":767500},{"address":"2460.0 TRUMPETER WAY NW","assessed_value":387000},{"address":"3224.0 DIXON WAY SW","assessed_value":541500},{"address":"1010.0 RABBIT HILL ROAD SW","assessed_value":342500},{"address":"12850.0 97 STREET NW","assessed_value":261500},{"address":"1530.0 TAMARACK BOULEVARD NW","assessed_value":294000},{"address":"11818.0 39 STREET NW","assessed_value":414000},{"address":"19103.0 22 AVENUE NW","assessed_value":671500},{"address":"7107.0 178 AVENUE NW","assessed_value":427500},{"address":"2756.0 KOSHAL PLACE SW","assessed_value":650000},{"address":"555.0 173 AVENUE NE","assessed_value":420500},{"address":"320.0 SECORD BOULEVARD NW","assessed_value":333000},{"address":"721.0 PAYIPWAT COMMON SW","assessed_value":454000},{"address":"2724.0 KOSHAL PLACE SW","assessed_value":600500},{"address":"130.0 HAWKS RIDGE BOULEVARD NW","assessed_value":294000},{"address":"11330.0 124 STREET NW","assessed_value":3830000},{"address":"7822.0 KORULUK LINK SW","assessed_value":357000},{"address":"20207.0 16 AVENUE NW","assessed_value":312500},{"address":"6109.0 CARR ROAD NW","assessed_value":178000},{"address":"9747.0 101 STREET NW","assessed_value":507000},{"address":"1008.0 DANIELS LOOP SW","assessed_value":517000},{"address":"nan nan","assessed_value":13000},{"address":"14181.0 162 AVENUE NW","assessed_value":219500},{"address":"1580.0 HOWES PLACE SW","assessed_value":1037000},{"address":"11514.0 106 AVENUE NW","assessed_value":310000},{"address":"15840.0 19 AVENUE SW","assessed_value":485000},{"address":"5507.0 101A AVENUE NW","assessed_value":800000},{"address":"5238.0 KINNEY PLACE SW","assessed_value":451000},{"address":"1146.0 PLUM LANE SW","assessed_value":524000},{"address":"11910.0 35 AVENUE SW","assessed_value":39500},{"address":"2072.0 WONNACOTT WAY SW","assessed_value":304000},{"address":"441.0 CONROY CRESCENT SW","assessed_value":560500},{"address":"4529.0 KNIGHT WYND SW","assessed_value":1000500},{"address":"17635.0 58 STREET NW","assessed_value":388000},{"address":"19624.0 29 AVENUE NW","assessed_value":415500},{"address":"6718.0 KNOX COURT SW","assessed_value":961500},{"address":"15848.0 29 AVENUE SW","assessed_value":647500},{"address":"8857.0 94 STREET NW","assessed_value":644500},{"address":"10807.0 130 STREET NW","assessed_value":748500},{"address":"19641.0 28 AVENUE NW","assessed_value":315000},{"address":"17903.0 70 STREET NW","assessed_value":185000},{"address":"7121.0 MAY CRESCENT NW","assessed_value":288000},{"address":"17648.0 62 STREET NW","assessed_value":411000},{"address":"479.0 EDGEMONT DRIVE NW","assessed_value":491000},{"address":"15405.0 20 STREET NW","assessed_value":190500},{"address":"7051.0 182 AVENUE NW","assessed_value":468000},{"address":"nan nan","assessed_value":9000},{"address":"13003.0 132 AVENUE NW","assessed_value":270500},{"address":"463.0 CONROY CRESCENT SW","assessed_value":437500},{"address":"17608.0 49 STREET NW","assessed_value":563500},{"address":"244.0 166 AVENUE NE","assessed_value":694500},{"address":"1373.0 20 STREET NW","assessed_value":537500},{"address":"5471.0 KOOTOOK ROAD SW","assessed_value":205000},{"address":"3320.0 KULAY WAY SW","assessed_value":489500},{"address":"939.0 STILLWATER BOULEVARD NW","assessed_value":143000},{"address":"nan nan","assessed_value":14500},{"address":"2072.0 WONNACOTT WAY SW","assessed_value":304000},{"address":"17619.0 46 STREET NW","assessed_value":143500},{"address":"1230.0 91 STREET SW","assessed_value":729500},{"address":"nan nan","assessed_value":13500},{"address":"13108.0 112 AVENUE NW","assessed_value":465000},{"address":"16335.0 84 STREET NW","assessed_value":310000},{"address":"1818.0 18A AVENUE NW","assessed_value":726500},{"address":"nan nan","assessed_value":34000},{"address":"17339.0 68 STREET NW","assessed_value":1129500},{"address":"nan nan","assessed_value":6000},{"address":"2239.0 DONAGHEY WAY SW","assessed_value":571500},{"address":"nan nan","assessed_value":8500},{"address":"7933.0 KORULUK WAY SW","assessed_value":342000},{"address":"16115.0 34 AVENUE SW","assessed_value":814500},{"address":"4680.0 177 AVENUE NW","assessed_value":316000},{"address":"2905.0 141 STREET SW","assessed_value":339500},{"address":"9204.0 90 AVENUE NW","assessed_value":426000},{"address":"5706.0 110 STREET NW","assessed_value":379500},{"address":"nan nan","assessed_value":4000},{"address":"1611.0 11 AVENUE NW","assessed_value":695500},{"address":"6432.0 176 AVENUE NW","assessed_value":540000},{"address":"22120.0 94 AVENUE NW","assessed_value":628500},{"address":"9622.0 42 AVENUE NW","assessed_value":322500},{"address":"9922.0 111 STREET NW","assessed_value":297000},{"address":"20919.0 131 AVENUE NW","assessed_value":524000},{"address":"12926.0 126 STREET NW","assessed_value":419500},{"address":"10623.0 42 STREET NW","assessed_value":756500},{"address":"6256.0 180 AVENUE NW","assessed_value":496500},{"address":"7133.0 MAY CRESCENT NW","assessed_value":142000},{"address":"22047.0 80 AVENUE NW","assessed_value":521500},{"address":"5105.0 LARK CRESCENT NW","assessed_value":448500},{"address":"1287.0 ROSENTHAL BOULEVARD NW","assessed_value":401000},{"address":"9635.0 146 STREET NW","assessed_value":1041500},{"address":"5724.0 JUCHLI AVENUE NW","assessed_value":447000},{"address":"2515.0 206 STREET NW","assessed_value":407000},{"address":"10115.0 119 AVENUE NW","assessed_value":722000},{"address":"12208.0 41 STREET NW","assessed_value":489500},{"address":"214.0 FRASER WAY NW","assessed_value":271500},{"address":"1910.0 159 STREET SW","assessed_value":567000},{"address":"1910.0 COLLIP VIEW SW","assessed_value":377000},{"address":"1335.0 PODERSKY WYND SW","assessed_value":471000},{"address":"16104.0 ANTHONY HENDAY DRIVE NW","assessed_value":186000},{"address":"22534.0 99A AVENUE NW","assessed_value":505000},{"address":"7816.0 YORKE ROAD NW","assessed_value":671000},{"address":"17832.0 78 STREET NW","assessed_value":343000},{"address":"nan nan","assessed_value":14500},{"address":"1428.0 22 STREET NW","assessed_value":491500},{"address":"nan nan","assessed_value":19500},{"address":"3108.0 CHALLAND LANE SW","assessed_value":522000},{"address":"1154.0 ADAMSON DRIVE SW","assessed_value":260000},{"address":"17817.0 70A STREET NW","assessed_value":473500},{"address":"11806.0 68 STREET NW","assessed_value":228500},{"address":"1327.0 155 STREET SW","assessed_value":305500},{"address":"19335.0 24 AVENUE NW","assessed_value":245500},{"address":"5515.0 KOOTOOK ROAD SW","assessed_value":733000},{"address":"6191.0 CARR ROAD NW","assessed_value":1014500},{"address":"nan nan","assessed_value":14500},{"address":"3023.0 MILNER CRESCENT NW","assessed_value":236000},{"address":"nan nan","assessed_value":14500},{"address":"4777.0 CAWSEY TERRACE SW","assessed_value":132000},{"address":"nan nan","assessed_value":4000},{"address":"22847.0 84 AVENUE NW","assessed_value":199500},{"address":"nan nan","assessed_value":4500},{"address":"7762.0 174A AVENUE NW","assessed_value":446500},{"address":"812.0 WELSH DRIVE SW","assessed_value":241000},{"address":"10419.0 136 STREET NW","assessed_value":936500},{"address":"3751.0 76 AVENUE NW","assessed_value":1729000},{"address":"706.0 ORCHARDS BOULEVARD SW","assessed_value":507000},{"address":"10209.0 114 AVENUE NW","assessed_value":331500},{"address":"nan nan","assessed_value":14500},{"address":"831.0 NORTHERN HARRIER LANE NW","assessed_value":453500},{"address":"9922.0 111 STREET NW","assessed_value":446000},{"address":"2180.0 MUCKLEPLUM CRESCENT SW","assessed_value":141000},{"address":"2886.0 COUGHLAN GREEN SW","assessed_value":528500},{"address":"20907.0 131 AVENUE NW","assessed_value":537500},{"address":"17347.0 68 STREET NW","assessed_value":937500},{"address":"10601.0 60 AVENUE NW","assessed_value":1121500},{"address":"6119.0 CARR ROAD NW","assessed_value":642500},{"address":"16010.0 98 AVENUE NW","assessed_value":371500},{"address":"1421.0 KESWICK DRIVE SW","assessed_value":422000},{"address":"12904.0 62 AVENUE NW","assessed_value":543000},{"address":"9236.0 222 STREET NW","assessed_value":602000},{"address":"16335.0 84 STREET NW","assessed_value":318000},{"address":"7746.0 YORKE MEWS NW","assessed_value":864000},{"address":"763.0 PAYIPWAT COMMON SW","assessed_value":515000},{"address":"1160.0 ASTER BOULEVARD NW","assessed_value":356500},{"address":"219.0 CHARLESWORTH DRIVE SW","assessed_value":582500},{"address":"4316.0 HAWTHORN LANDING SW","assessed_value":656000},{"address":"772.0 CY BECKER DRIVE NW","assessed_value":558500},{"address":"2309.0 MUCKLEPLUM WAY SW","assessed_value":167500},{"address":"13317.0 115 AVENUE NW","assessed_value":291500},{"address":"1316.0 WINDERMERE WAY SW","assessed_value":366500},{"address":"5229.0 EDGEMONT BOULEVARD NW","assessed_value":388500},{"address":"nan nan","assessed_value":6000},{"address":"3616.0 1 AVENUE SW","assessed_value":761500},{"address":"7109.0 177A AVENUE NW","assessed_value":569500},{"address":"1093.0 CY BECKER ROAD","assessed_value":367000},{"address":"1729.0 KEENE CRESCENT SW","assessed_value":398000},{"address":"17344.0 99 STREET NW","assessed_value":612500},{"address":"1247.0 16 AVENUE NW","assessed_value":529000},{"address":"9816.0 226 STREET NW","assessed_value":442000},{"address":"7356.0 179 AVENUE NW","assessed_value":603500},{"address":"3071.0 200 STREET NW","assessed_value":579000},{"address":"3024.0 169 STREET SW","assessed_value":518000},{"address":"10111.0 113 AVENUE NW","assessed_value":363500},{"address":"1316.0 WINDERMERE WAY SW","assessed_value":385500},{"address":"1404.0 15 STREET NW","assessed_value":617000},{"address":"65.0 ELSINORE PLACE NW","assessed_value":597500},{"address":"415.0 CONROY CRESCENT SW","assessed_value":453500},{"address":"1176.0 CHRISTIE VISTA SW","assessed_value":520000},{"address":"11702.0 132 AVENUE NW","assessed_value":367000},{"address":"613.0 CONROY CLOSE SW","assessed_value":849500},{"address":"4690.0 177 AVENUE NW","assessed_value":524000},{"address":"2030.0 14A AVENUE NW","assessed_value":607500},{"address":"1723.0 157 STREET SW","assessed_value":189500},{"address":"1632.0 16 STREET NW","assessed_value":649000},{"address":"4942.0 KINNEY ROAD SW","assessed_value":615000},{"address":"3238.0 KULAY WAY SW","assessed_value":539000},{"address":"nan nan","assessed_value":4500},{"address":"1208.0 25 STREET NW","assessed_value":994000},{"address":"nan nan","assessed_value":13500},{"address":"5122.0 213A STREET NW","assessed_value":459000},{"address":"12404.0 49 AVENUE NW","assessed_value":346000},{"address":"1906.0 159 STREET SW","assessed_value":607000},{"address":"804.0 30 AVENUE NW","assessed_value":638500},{"address":"9320.0 75 AVENUE NW","assessed_value":858500},{"address":"2908.0 192 STREET NW","assessed_value":313000},{"address":"9745.0 92 STREET NW","assessed_value":596500},{"address":"17537.0 63A STREET NW","assessed_value":442000},{"address":"1105.0 ASTER BOULEVARD NW","assessed_value":147500},{"address":"1415.0 15 STREET NW","assessed_value":650500},{"address":"20435.0 25 AVENUE NW","assessed_value":506000},{"address":"20768.0 24 AVENUE NW","assessed_value":130500},{"address":"17533.0 63A STREET NW","assessed_value":406500},{"address":"9974.0 67 AVENUE NW","assessed_value":471000},{"address":"16208.0 31 AVENUE SW","assessed_value":550500},{"address":"6816.0 105A STREET NW","assessed_value":603500},{"address":"1462.0 DARBY GREEN SW","assessed_value":609500},{"address":"9930.0 225A STREET NW","assessed_value":628000},{"address":"nan nan","assessed_value":14500},{"address":"11715.0 127 STREET NW","assessed_value":682000},{"address":"1627.0 202 STREET NW","assessed_value":412500},{"address":"1075.0 GAULT BOULEVARD NW","assessed_value":419500},{"address":"16824.0 47 STREET NW","assessed_value":157000},{"address":"17618.0 64A STREET NW","assessed_value":625500},{"address":"335.0 32 AVENUE NW","assessed_value":565000},{"address":"17114.0 49 STREET NW","assessed_value":438500},{"address":"1467.0 GOODSPEED LANE NW","assessed_value":589000},{"address":"219.0 GLENRIDDING RAVINE ROAD SW","assessed_value":843500},{"address":"4832.0 KNIGHT CRESCENT SW","assessed_value":962500},{"address":"236.0 MISTATIM ROAD NW","assessed_value":344000},{"address":"5443.0 KOOTOOK ROAD SW","assessed_value":644500},{"address":"17252.0 2 STREET NW","assessed_value":396500},{"address":"3120.0 9 STREET NW","assessed_value":468500},{"address":"1910.0 COLLIP VIEW SW","assessed_value":408500},{"address":"12730.0 123 STREET NW","assessed_value":480500},{"address":"nan nan","assessed_value":6000},{"address":"12875.0 212 STREET NW","assessed_value":584000},{"address":"3223.0 DIXON WAY SW","assessed_value":486000},{"address":"1968.0 160 STREET SW","assessed_value":517000},{"address":"1344.0 20 STREET NW","assessed_value":853500},{"address":"1539.0 PLUM CIRCLE SW","assessed_value":511000},{"address":"4002.0 GINSBURG CRESCENT NW","assessed_value":218500},{"address":"5326.0 KIMBALL PLACE SW","assessed_value":672000},{"address":"2112.0 157 STREET SW","assessed_value":183000},{"address":"440.0 GLENRIDDING RAVINE DRIVE SW","assessed_value":93500},{"address":"1910.0 COLLIP VIEW SW","assessed_value":334000},{"address":"nan nan","assessed_value":10500},{"address":"9119.0 182 AVENUE NW","assessed_value":634500},{"address":"1223.0 PODERSKY WYND SW","assessed_value":482000},{"address":"4137.0 76 STREET NW","assessed_value":289000},{"address":"4531.0 CHEGWIN WYND SW","assessed_value":276500},{"address":"1803.0 COLLIP VIEW SW","assessed_value":558000},{"address":"12931.0 213 STREET NW","assessed_value":535500},{"address":"320.0 SECORD BOULEVARD NW","assessed_value":345500},{"address":"1311.0 14 AVENUE NW","assessed_value":148500},{"address":"9481.0 COLAK LANE SW","assessed_value":452000},{"address":"3119.0 161 STREET SW","assessed_value":547500},{"address":"17315.0 6 STREET NE","assessed_value":107000},{"address":"3728.0 1 AVENUE SW","assessed_value":714000},{"address":"655.0 WATT BOULEVARD SW","assessed_value":324000},{"address":"nan nan","assessed_value":19500},{"address":"3020.0 9 STREET NW","assessed_value":517000},{"address":"6279.0 176 AVENUE NW","assessed_value":424500},{"address":"850.0 SECORD BOULEVARD NW","assessed_value":337500},{"address":"8813.0 117 AVENUE NW","assessed_value":336000},{"address":"324.0 31 AVENUE NW","assessed_value":161000},{"address":"6443.0 175 AVENUE NW","assessed_value":616500},{"address":"11640.0 74 AVENUE NW","assessed_value":917500},{"address":"3115.0 5 AVENUE SW","assessed_value":247000},{"address":"16903.0 48 STREET NW","assessed_value":600000},{"address":"20755.0 25 AVENUE NW","assessed_value":424500},{"address":"15847.0 25 AVENUE SW","assessed_value":582000},{"address":"10818.0 138 STREET NW","assessed_value":768500},{"address":"nan nan","assessed_value":13500},{"address":"2424.0 TRUMPETER WAY NW","assessed_value":365000},{"address":"15765.0 106A AVENUE NW","assessed_value":495500},{"address":"19277.0 22A AVENUE NW","assessed_value":465500},{"address":"4726.0 CAWSEY TERRACE SW","assessed_value":197500},{"address":"16611.0 34 AVENUE SW","assessed_value":546000},{"address":"186.0 MISTATIM ROAD NW","assessed_value":652000},{"address":"nan nan","assessed_value":4500},{"address":"22827.0 84 AVENUE NW","assessed_value":367500},{"address":"3744.0 CROSS LANDING SW","assessed_value":633000},{"address":"452.0 33 STREET SW","assessed_value":159500},{"address":"1757.0 PLUM CRESCENT SW","assessed_value":456000},{"address":"2067.0 190 STREET NW","assessed_value":665500},{"address":"22931.0 96 AVENUE NW","assessed_value":567500},{"address":"261.0 GLENRIDDING RAVINE ROAD SW","assessed_value":721000},{"address":"2404.0 208 STREET NW","assessed_value":608500},{"address":"9640.0 86 STREET NW","assessed_value":811500},{"address":"8127.0 227 STREET NW","assessed_value":156000},{"address":"9328.0 222 STREET NW","assessed_value":580000},{"address":"164.0 SUNWAPTA WAY NW","assessed_value":358500},{"address":"9614.0 COLAK LINK SW","assessed_value":492500},{"address":"18030.0 70A STREET NW","assessed_value":394000},{"address":"7075.0 182 AVENUE NW","assessed_value":490500},{"address":"7806.0 YORKE ROAD NW","assessed_value":689000},{"address":"315.0 33 STREET SW","assessed_value":107000},{"address":"1939.0 159 STREET SW","assessed_value":717000},{"address":"903.0 CRYSTALLINA NERA WAY NW","assessed_value":321500},{"address":"nan nan","assessed_value":13000},{"address":"9731.0 153 STREET NW","assessed_value":768000},{"address":"11937.0 38 STREET NW","assessed_value":539000},{"address":"4703.0 CHARLES BAY SW","assessed_value":676500},{"address":"5604.0 KEEPING PLACE SW","assessed_value":757500},{"address":"12129.0 125 STREET NW","assessed_value":537000},{"address":"1077.0 EATON ROAD NW","assessed_value":506500},{"address":"1223.0 24 STREET NW","assessed_value":694000},{"address":"1408.0 CHERNIAK WAY SW","assessed_value":463000},{"address":"9174.0 PEAR DRIVE SW","assessed_value":451000},{"address":"17020.0 49 STREET NW","assessed_value":205000},{"address":"6979.0 178 AVENUE NW","assessed_value":475000},{"address":"11910.0 35 AVENUE SW","assessed_value":405000},{"address":"7360.0 179 AVENUE NW","assessed_value":579000},{"address":"2057.0 163 STREET SW","assessed_value":737500},{"address":"1154.0 ADAMSON DRIVE SW","assessed_value":302500},{"address":"15631.0 18 AVENUE SW","assessed_value":542000},{"address":"3611.0 5 AVENUE SW","assessed_value":767500},{"address":"166.0 CAVANAGH COMMON SW","assessed_value":719500},{"address":"2905.0 141 STREET SW","assessed_value":320500},{"address":"1856.0 18 STREET NW","assessed_value":678000},{"address":"nan nan","assessed_value":8500},{"address":"1337.0 20 STREET NW","assessed_value":576000},{"address":"1344.0 PODERSKY WYND SW","assessed_value":509500},{"address":"13028.0 212 STREET NW","assessed_value":152500},{"address":"20227.0 16 AVENUE NW","assessed_value":310000},{"address":"10603.0 138 STREET NW","assessed_value":988500},{"address":"16807.0 47 STREET NW","assessed_value":548500},{"address":"3139.0 CHALLAND LANE SW","assessed_value":371000},{"address":"982.0 DANIELS LOOP SW","assessed_value":206500},{"address":"804.0 WELSH DRIVE SW","assessed_value":327500},{"address":"10459.0 147 STREET NW","assessed_value":570000},{"address":"14173.0 162 AVENUE NW","assessed_value":342500},{"address":"18208.0 90 STREET NW","assessed_value":583500},{"address":"16528.0 20 AVENUE SW","assessed_value":723000},{"address":"2116.0 MUCKLEPLUM CRESCENT SW","assessed_value":166000},{"address":"10845.0 150 STREET NW","assessed_value":529500},{"address":"3093.0 DIXON LANDING SW","assessed_value":210500},{"address":"6152.0 CARR ROAD NW","assessed_value":625500},{"address":"22005.0 81A AVENUE NW","assessed_value":612500},{"address":"1003.0 KESWICK DRIVE SW","assessed_value":7315000},{"address":"5109.0 23A AVENUE SW","assessed_value":650000},{"address":"21359.0 36 AVENUE NW","assessed_value":583000},{"address":"15720.0 19 AVENUE SW","assessed_value":500000},{"address":"1067.0 GOLDFINCH WAY NW","assessed_value":570000},{"address":"7048.0 181 AVENUE NW","assessed_value":467500},{"address":"9922.0 111 STREET NW","assessed_value":673500},{"address":"3519.0 ERLANGER LINK NW","assessed_value":571500},{"address":"9609.0 161 STREET NW","assessed_value":627000},{"address":"2003.0 155 AVENUE NW","assessed_value":467500},{"address":"nan nan","assessed_value":9000},{"address":"204.0 33 STREET SW","assessed_value":648500},{"address":"6803.0 199 STREET NW","assessed_value":1000},{"address":"169.0 CAVANAGH COMMON SW","assessed_value":420500},{"address":"17635.0 58 STREET NW","assessed_value":416500},{"address":"721.0 KINGLET BOULEVARD NW","assessed_value":661500},{"address":"10507.0 63 AVENUE NW","assessed_value":831500},{"address":"857.0 STILLWATER BOULEVARD NW","assessed_value":356500},{"address":"19057.0 22A AVENUE NW","assessed_value":417500},{"address":"20011.0 15 AVENUE NW","assessed_value":465500},{"address":"11984.0 34 AVENUE SW","assessed_value":657500},{"address":"1010.0 MILLBOURNE ROAD EAST NW","assessed_value":337000},{"address":"5738.0 CAUTLEY CRESCENT SW","assessed_value":807500},{"address":"3278.0 PARKER LOOP SW","assessed_value":680000},{"address":"3520.0 KULAY LINK SW","assessed_value":517500},{"address":"1304.0 13 AVENUE NW","assessed_value":629500},{"address":"nan nan","assessed_value":4956500},{"address":"3790.0 ERLANGER DRIVE NW","assessed_value":526000},{"address":"3512.0 5 AVENUE SW","assessed_value":535000},{"address":"6911.0 106 STREET NW","assessed_value":596500},{"address":"9116.0 65 AVENUE NW","assessed_value":635500},{"address":"1672.0 27 STREET NW","assessed_value":569000},{"address":"9619.0 230 STREET NW","assessed_value":416000},{"address":"1361.0 PODERSKY WYND SW","assessed_value":228000},{"address":"9843.0 227 STREET NW","assessed_value":478000},{"address":"3108.0 SCHULTZ CRESCENT NW","assessed_value":870000},{"address":"10180.0 103 STREET NW","assessed_value":359500},{"address":"9929.0 82 STREET NW","assessed_value":521500},{"address":"787.0 LEWIS GREENS DRIVE NW","assessed_value":286000},{"address":"2513.0 49A STREET NW","assessed_value":488000},{"address":"4518.0 CHEGWIN WYND SW","assessed_value":425500},{"address":"2724.0 65 STREET SW","assessed_value":140500},{"address":"221.0 MARQUIS BOULEVARD NE","assessed_value":228500},{"address":"2028.0 14 AVENUE NW","assessed_value":652000},{"address":"nan nan","assessed_value":13000},{"address":"6423.0 176 AVENUE NW","assessed_value":486500},{"address":"15803.0 30 AVENUE SW","assessed_value":640500},{"address":"1027.0 150 AVENUE NW","assessed_value":773000},{"address":"3323.0 158 STREET SW","assessed_value":888500},{"address":"9826.0 158 STREET NW","assessed_value":566000},{"address":"5284.0 KIMBALL CRESCENT SW","assessed_value":678500},{"address":"1115.0 ASTER BOULEVARD NW","assessed_value":447000},{"address":"17207.0 68 STREET NW","assessed_value":756000},{"address":"6157.0 CARR ROAD NW","assessed_value":616000},{"address":"12854.0 97 STREET NW","assessed_value":567000},{"address":"9138.0 34A AVENUE NW","assessed_value":817500},{"address":"1745.0 KEENE CRESCENT SW","assessed_value":374500},{"address":"10837.0 83 AVENUE NW","assessed_value":285500},{"address":"19026.0 22A AVENUE NW","assessed_value":476000},{"address":"7323.0 KLAPSTEIN CRESCENT SW","assessed_value":562000},{"address":"20620.0 21 AVENUE NW","assessed_value":186000},{"address":"6236.0 175 AVENUE NW","assessed_value":243000},{"address":"418.0 CONROY CRESCENT SW","assessed_value":590000},{"address":"1754.0 ERKER WAY NW","assessed_value":469000},{"address":"9922.0 111 STREET NW","assessed_value":431000},{"address":"1211.0 EATON LANE NW","assessed_value":481000},{"address":"1010.0 RABBIT HILL ROAD SW","assessed_value":363000},{"address":"3071.0 158 STREET SW","assessed_value":237500},{"address":"17331.0 3 STREET NW","assessed_value":250500},{"address":"5126.0 LARK CRESCENT NW","assessed_value":431000},{"address":"nan nan","assessed_value":14500},{"address":"4363.0 167 AVENUE NW","assessed_value":242000},{"address":"22019.0 81 AVENUE NW","assessed_value":609500},{"address":"419.0 32 STREET SW","assessed_value":105500},{"address":"7121.0 MAY CRESCENT NW","assessed_value":742000},{"address":"10423.0 101 STREET NW","assessed_value":255188500},{"address":"17610.0 64A STREET NW","assessed_value":588000},{"address":"17227.0 68 STREET NW","assessed_value":710000},{"address":"4920.0 HAWTHORN PLACE SW","assessed_value":673000},{"address":"16019.0 34 AVENUE SW","assessed_value":685500},{"address":"22007.0 93 AVENUE NW","assessed_value":546500},{"address":"3281.0 KULAY WAY SW","assessed_value":477500},{"address":"3026.0 DIXON LANDING SW","assessed_value":148000},{"address":"9190.0 34A AVENUE NW","assessed_value":354500},{"address":"13139.0 205 STREET NW","assessed_value":347000},{"address":"4712.0 177 AVENUE NW","assessed_value":529500},{"address":"1464.0 DARBY GREEN SW","assessed_value":585500},{"address":"2819.0 193 STREET NW","assessed_value":133500},{"address":"836.0 NORTHERN HARRIER LANE NW","assessed_value":473000},{"address":"6445.0 28 AVENUE SW","assessed_value":768500},{"address":"1033.0 CHRISTIE VISTA SW","assessed_value":570500},{"address":"3226.0 DIXON WAY SW","assessed_value":148000},{"address":"9250.0 156 AVENUE NW","assessed_value":351500},{"address":"12604.0 153 AVENUE NW","assessed_value":220500},{"address":"15208.0 108 AVENUE NW","assessed_value":395500},{"address":"1203.0 163 STREET SW","assessed_value":257500},{"address":"8028.0 KIRIAK LINK SW","assessed_value":514000},{"address":"2241.0 193A STREET NW","assessed_value":581500},{"address":"22823.0 94 AVENUE NW","assessed_value":453000},{"address":"4704.0 177 AVENUE NW","assessed_value":575500},{"address":"nan nan","assessed_value":13500},{"address":"2024.0 154 AVENUE NW","assessed_value":194500},{"address":"16514.0 21 AVENUE SW","assessed_value":490500},{"address":"438.0 36 STREET SW","assessed_value":626500},{"address":"12852.0 211 STREET NW","assessed_value":149500},{"address":"55.0 6004 ROSENTHAL WAY NW","assessed_value":319500},{"address":"720.0 KINGLET BOULEVARD NW","assessed_value":562500},{"address":"10180.0 103 STREET NW","assessed_value":410500},{"address":"20775.0 24 AVENUE NW","assessed_value":191000},{"address":"1226.0 EATON LANE NW","assessed_value":570000},{"address":"2124.0 209 STREET NW","assessed_value":122000},{"address":"16816.0 33 AVENUE SW","assessed_value":551500},{"address":"230.0 EDGEMONT ROAD NW","assessed_value":364500},{"address":"4078.0 KINSELLA WAY SW","assessed_value":421500},{"address":"19141.0 22A AVENUE NW","assessed_value":417500},{"address":"19320.0 27 AVENUE NW","assessed_value":312000},{"address":"nan nan","assessed_value":4000},{"address":"1015.0 DANIELS LOOP SW","assessed_value":496500},{"address":"2726.0 192 STREET NW","assessed_value":305000},{"address":"20932.0 26 AVENUE NW","assessed_value":250500},{"address":"153.0 KINGLET BOULEVARD NW","assessed_value":399500},{"address":"1716.0 ERKE WAY NW","assessed_value":524000},{"address":"6034.0 EDMONDS PLACE NW","assessed_value":309000},{"address":"1916.0 155 AVENUE NW","assessed_value":331000},{"address":"8280.0 229 STREET NW","assessed_value":396500},{"address":"8077.0 CEDRIC MAH ROAD NW","assessed_value":643000},{"address":"3122.0 CHALLAND LANE SW","assessed_value":538000},{"address":"20329.0 15A AVENUE NW","assessed_value":358500},{"address":"15306.0 90 AVENUE NW","assessed_value":423000},{"address":"2072.0 WONNACOTT WAY SW","assessed_value":312000},{"address":"6025.0 EDMONDS PLACE NW","assessed_value":558500},{"address":"535.0 35 STREET SW","assessed_value":526500},{"address":"9190.0 34A AVENUE NW","assessed_value":249500},{"address":"10604.0 115 STREET NW","assessed_value":316000},{"address":"22630.0 99A AVENUE NW","assessed_value":478500},{"address":"7635.0 KORULUK PLACE SW","assessed_value":432000},{"address":"1405.0 CHERNIAK WAY SW","assessed_value":476500},{"address":"2004.0 FLYCATCHER POINT NW","assessed_value":527500},{"address":"14183.0 162 AVENUE NW","assessed_value":344000},{"address":"nan nan","assessed_value":34000},{"address":"9922.0 111 STREET NW","assessed_value":464000},{"address":"nan nan","assessed_value":14500},{"address":"9538.0 71 AVENUE NW","assessed_value":713000},{"address":"9421.0 PEAR CRESCENT SW","assessed_value":558000},{"address":"355.0 32 AVENUE NW","assessed_value":501500},{"address":"19112.0 22 AVENUE NW","assessed_value":437000},{"address":"11250.0 82 STREET NW","assessed_value":2508000},{"address":"851.0 NORTHERN HARRIER LANE NW","assessed_value":454500},{"address":"1549.0 ESAIW PLACE NW","assessed_value":26500},{"address":"8039.0 CEDRIC MAH ROAD NW","assessed_value":803500},{"address":"22718.0 82A AVENUE NW","assessed_value":507500},{"address":"9503.0 96 AVENUE NW","assessed_value":23000},{"address":"9727.0 88 AVENUE NW","assessed_value":391000},{"address":"2407.0 TRUMPETER WAY NW","assessed_value":453500},{"address":"2101.0 MAPLE ROAD NW","assessed_value":412500},{"address":"2360.0 53 STREET SW","assessed_value":616500},{"address":"941.0 HADDAD WYND SW","assessed_value":1557000},{"address":"4112.0 GINSBURG PLACE NW","assessed_value":222500},{"address":"1527.0 ESAIW PLACE NW","assessed_value":884500},{"address":"13918.0 109B AVENUE NW","assessed_value":693500},{"address":"1622.0 16A STREET NW","assessed_value":613000},{"address":"22125.0 92A AVENUE NW","assessed_value":620000},{"address":"17832.0 78 STREET NW","assessed_value":240000},{"address":"6406.0 27 AVENUE SW","assessed_value":120500},{"address":"1725.0 ERKER WAY NW","assessed_value":571000},{"address":"104.0 CHARLESWORTH DRIVE SW","assessed_value":5848000},{"address":"2003.0 MAPLE ROAD NW","assessed_value":13000},{"address":"nan nan","assessed_value":34000},{"address":"1110.0 DANIELS LINK SW","assessed_value":278500},{"address":"704.0 35 STREET SW","assessed_value":473000},{"address":"12809.0 113 AVENUE NW","assessed_value":760000},{"address":"1391.0 STARLING DRIVE NW","assessed_value":297500},{"address":"7413.0 119 STREET NW","assessed_value":1020500},{"address":"12703.0 ANTHONY HENDAY DRIVE NE","assessed_value":88000},{"address":"966.0 DANIELS LOOP SW","assessed_value":516000},{"address":"1632.0 14 AVENUE NW","assessed_value":584500},{"address":"9449.0 COLAK LANE SW","assessed_value":503000},{"address":"850.0 SECORD BOULEVARD NW","assessed_value":337500},{"address":"3863.0 CHRUSTAWKA PLACE SW","assessed_value":440000},{"address":"1161.0 GYRFALCON CRESCENT NW","assessed_value":714000},{"address":"1217.0 PLUM BEND SW","assessed_value":143500},{"address":"nan nan","assessed_value":4500},{"address":"nan nan","assessed_value":34000},{"address":"5247.0 LARK CRESCENT NW","assessed_value":107500},{"address":"9360.0 226 STREET NW","assessed_value":484500},{"address":"3206.0 9 STREET NW","assessed_value":469000},{"address":"640.0 KINGLET BOULEVARD NW","assessed_value":188500},{"address":"446.0 ALLARD BOULEVARD SW","assessed_value":259500},{"address":"nan nan","assessed_value":4500},{"address":"1603.0 PLUM CIRCLE SW","assessed_value":581500},{"address":"9867.0 226 STREET NW","assessed_value":536000},{"address":"1561.0 ESAIW PLACE NW","assessed_value":814000},{"address":"8094.0 KIRIAK LINK SW","assessed_value":529000},{"address":"22708.0 93 AVENUE NW","assessed_value":554500},{"address":"19044.0 22 AVENUE NW","assessed_value":460500},{"address":"4616.0 177 AVENUE NW","assessed_value":151000},{"address":"2025.0 MUCKLEPLUM LINK SW","assessed_value":183500},{"address":"731.0 KINGLET BOULEVARD NW","assessed_value":759500},{"address":"11237.0 76 AVENUE NW","assessed_value":265500},{"address":"3430.0 169 STREET SW","assessed_value":275000},{"address":"6252.0 176 AVENUE NW","assessed_value":447000},{"address":"2206.0 54 STREET SW","assessed_value":440000},{"address":"8046.0 KIRIAK LINK SW","assessed_value":491000},{"address":"nan nan","assessed_value":225500},{"address":"2411.0 193 STREET NW","assessed_value":460500},{"address":"993.0 DANIELS LOOP SW","assessed_value":494000},{"address":"nan nan","assessed_value":4500},{"address":"5116.0 LARK CRESCENT NW","assessed_value":448500},{"address":"4325.0 HAWTHORN LANDING SW","assessed_value":614500},{"address":"5227.0 21A AVENUE SW","assessed_value":478000},{"address":"10929.0 75 AVENUE NW","assessed_value":843000},{"address":"5460.0 KOOTOOK ROAD SW","assessed_value":500000},{"address":"8906.0 140 STREET NW","assessed_value":897000},{"address":"17088.0 46 STREET NW","assessed_value":621000},{"address":"1332.0 PLUM LINK SW","assessed_value":504000},{"address":"1756.0 19 STREET NW","assessed_value":910500},{"address":"11611.0 107 AVENUE NW","assessed_value":433500},{"address":"1842.0 COLLIP VIEW SW","assessed_value":559000},{"address":"nan nan","assessed_value":8500},{"address":"9739.0 160 STREET NW","assessed_value":520500},{"address":"9303.0 221 STREET NW","assessed_value":301500},{"address":"1447.0 GOODSPEED LANE NW","assessed_value":538500},{"address":"2715.0 194 STREET NW","assessed_value":397000},{"address":"12139.0 95 STREET NW","assessed_value":438500},{"address":"22119.0 81 AVENUE NW","assessed_value":599500},{"address":"10954.0 135 STREET NW","assessed_value":361000},{"address":"1316.0 WINDERMERE WAY SW","assessed_value":300500},{"address":"19321.0 26A AVENUE NW","assessed_value":461000},{"address":"16335.0 84 STREET NW","assessed_value":313000},{"address":"5923.0 137 AVENUE NW","assessed_value":433500},{"address":"22149.0 92A AVENUE NW","assessed_value":583000},{"address":"3025.0 151 AVENUE NW","assessed_value":272000},{"address":"10318.0 116 STREET NW","assessed_value":2487500},{"address":"3975.0 GINSBURG CRESCENT NW","assessed_value":778000},{"address":"15868.0 29 AVENUE SW","assessed_value":753500},{"address":"3139.0 SCHULTZ CRESCENT NW","assessed_value":288500},{"address":"19066.0 20A AVENUE NW","assessed_value":630000},{"address":"1545.0 ESAIW PLACE NW","assessed_value":225500},{"address":"17764.0 73 STREET NW","assessed_value":535000},{"address":"22517.0 93 AVENUE NW","assessed_value":391000},{"address":"2803.0 14 AVENUE NW","assessed_value":343500},{"address":"471.0 39 STREET SW","assessed_value":527000},{"address":"6967.0 178 AVENUE NW","assessed_value":487500},{"address":"1720.0 157 STREET SW","assessed_value":626500},{"address":"2714.0 DONAGHEY CRESCENT SW","assessed_value":621500},{"address":"1449.0 KESWICK DRIVE SW","assessed_value":418500},{"address":"16832.0 30 AVENUE SW","assessed_value":534000},{"address":"18809.0 106A AVENUE NW","assessed_value":2256500},{"address":"1135.0 GYRFALCON CRESCENT NW","assessed_value":157500},{"address":"13317.0 115 AVENUE NW","assessed_value":298000},{"address":"1368.0 SISKIN WYND NW","assessed_value":606000},{"address":"6032.0 KING LANDING SW","assessed_value":610000},{"address":"856.0 SECORD BOULEVARD NW","assessed_value":146000},{"address":"703.0 91 STREET NW","assessed_value":1143500},{"address":"2413.0 158A STREET SW","assessed_value":550000},{"address":"804.0 WELSH DRIVE SW","assessed_value":338000},{"address":"22052.0 94 AVENUE NW","assessed_value":138500},{"address":"10180.0 103 STREET NW","assessed_value":410500},{"address":"3516.0 4 STREET NW","assessed_value":457500},{"address":"1010.0 RABBIT HILL ROAD SW","assessed_value":359500},{"address":"11135.0 151 STREET NW","assessed_value":4685500},{"address":"4009.0 HAWTHORN LINK SW","assessed_value":496500},{"address":"4857.0 HAWTHORN BEND SW","assessed_value":195500},{"address":"9428.0 COLAK LANE SW","assessed_value":579000},{"address":"11735.0 91 AVENUE NW","assessed_value":1197000},{"address":"2617.0 DONAGHEY CRESCENT SW","assessed_value":618500},{"address":"3141.0 CHECKNITA WAY SW","assessed_value":373500},{"address":"2323.0 51 STREET SW","assessed_value":574500},{"address":"3275.0 KULAY WAY SW","assessed_value":485500},{"address":"11810.0 64 STREET NW","assessed_value":292000},{"address":"3305.0 ORCHARDS LINK SW","assessed_value":254000},{"address":"9647.0 COLAK LINK SW","assessed_value":142500},{"address":"804.0 WELSH DRIVE SW","assessed_value":325000},{"address":"10727.0 123 STREET NW","assessed_value":760500},{"address":"144.0 SUNWAPTA WAY NW","assessed_value":399000},{"address":"5207.0 KIMBALL CRESCENT SW","assessed_value":634000},{"address":"2628.0 15 AVENUE NW","assessed_value":633500},{"address":"nan nan","assessed_value":34000},{"address":"19232.0 27 AVENUE NW","assessed_value":310000},{"address":"9256.0 228 STREET NW","assessed_value":210000},{"address":"1411.0 KESWICK DRIVE SW","assessed_value":426500},{"address":"9652.0 COLAK LINK SW","assessed_value":469000},{"address":"2254.0 54 STREET SW","assessed_value":459500},{"address":"1110.0 PLUM LANE SW","assessed_value":558000},{"address":"1282.0 ROSENTHAL BOULEVARD NW","assessed_value":388000},{"address":"11336.0 79 STREET NW","assessed_value":140000},{"address":"1651.0 27 STREET NW","assessed_value":700500},{"address":"1508.0 17 AVENUE NW","assessed_value":504500},{"address":"17315.0 98 STREET NW","assessed_value":2000},{"address":"11619.0 81 STREET NW","assessed_value":308000},{"address":"8009.0 149 STREET NW","assessed_value":8500},{"address":"9250.0 156 AVENUE NW","assessed_value":351500},{"address":"4005.0 GINSBURG CRESCENT NW","assessed_value":244500},{"address":"22144.0 94 AVENUE NW","assessed_value":496500},{"address":"1169.0 ASTER BOULEVARD NW","assessed_value":367500},{"address":"9919.0 226 STREET NW","assessed_value":516500},{"address":"nan nan","assessed_value":16904500},{"address":"11246.0 92 STREET NW","assessed_value":316000},{"address":"22139.0 80 AVENUE NW","assessed_value":543000},{"address":"8127.0 220 STREET NW","assessed_value":703000},{"address":"9441.0 PEAR CRESCENT SW","assessed_value":732000},{"address":"11910.0 35 AVENUE SW","assessed_value":408000},{"address":"3469.0 CRAIG LANDING SW","assessed_value":598000},{"address":"456.0 EDGEMONT DRIVE NW","assessed_value":466500},{"address":"1316.0 WINDERMERE WAY SW","assessed_value":258000},{"address":"9494.0 COLAK LANE SW","assessed_value":486000},{"address":"2427.0 207 STREET NW","assessed_value":143000},{"address":"1125.0 GYRFALCON CRESCENT NW","assessed_value":278000},{"address":"12206.0 121 AVENUE NW","assessed_value":430500},{"address":"1239.0 16 AVENUE NW","assessed_value":430500},{"address":"3144.0 KOSTASH GREEN SW","assessed_value":1104500},{"address":"741.0 MATTSON DRIVE SW","assessed_value":162500},{"address":"4105.0 HAWTHORN COURT SW","assessed_value":589500},{"address":"6307.0 176 AVENUE NW","assessed_value":427500},{"address":"4846.0 CAWSEY TERRACE SW","assessed_value":127500},{"address":"13317.0 115 AVENUE NW","assessed_value":237000},{"address":"1067.0 CY BECKER ROAD NW","assessed_value":381000},{"address":"1474.0 KESWICK DRIVE SW","assessed_value":428000},{"address":"10180.0 103 STREET NW","assessed_value":370000},{"address":"713.0 MATTSON DRIVE SW","assessed_value":127000},{"address":"436.0 33 STREET SW","assessed_value":154000},{"address":"22820.0 94 AVENUE NW","assessed_value":549500},{"address":"6127.0 CARR ROAD NW","assessed_value":674500},{"address":"19262.0 22A AVENUE NW","assessed_value":562500},{"address":"18422.0 105 AVENUE NW","assessed_value":1671500},{"address":"17832.0 78 STREET NW","assessed_value":321500},{"address":"1603.0 12 AVENUE NW","assessed_value":184500},{"address":"20332.0 25 AVENUE NW","assessed_value":453000},{"address":"5491.0 KOOTOOK ROAD SW","assessed_value":715000},{"address":"19611.0 28 AVENUE NW","assessed_value":317000},{"address":"7228.0 112 STREET NW","assessed_value":707500},{"address":"8112.0 227 STREET NW","assessed_value":678000},{"address":"22732.0 82 AVENUE NW","assessed_value":588500},{"address":"16207.0 19 AVENUE SW","assessed_value":466500},{"address":"200.0 FRASER WAY NW","assessed_value":940000},{"address":"1314.0 156 STREET SW","assessed_value":601000},{"address":"3684.0 5 AVENUE SW","assessed_value":534000},{"address":"308.0 32 STREET SW","assessed_value":140500},{"address":"2424.0 206 STREET NW","assessed_value":558500},{"address":"3205.0 DIXON WAY SW","assessed_value":538500},{"address":"2072.0 WONNACOTT WAY SW","assessed_value":304000},{"address":"nan nan","assessed_value":6000},{"address":"1529.0 PLUM CIRCLE SW","assessed_value":509000},{"address":"647.0 173 AVENUE NE","assessed_value":108000},{"address":"1656.0 27 STREET NW","assessed_value":587000},{"address":"nan nan","assessed_value":8500},{"address":"11440.0 ANTHONY HENDAY DRIVE NW","assessed_value":2000},{"address":"17152.0 46 STREET NW","assessed_value":602000},{"address":"3125.0 CHECKNITA WAY SW","assessed_value":384500},{"address":"2080.0 WONNACOTT WAY SW","assessed_value":307000},{"address":"1403.0 13 AVENUE NW","assessed_value":641500},{"address":"3048.0 DIXON LANDING SW","assessed_value":148000},{"address":"1729.0 KEENE CRESCENT SW","assessed_value":398000},{"address":"2612.0 DONAGHEY CRESCENT SW","assessed_value":630000},{"address":"2516.0 206 STREET NW","assessed_value":666000},{"address":"231.0 CHARLESWORTH DRIVE SW","assessed_value":12500},{"address":"21008.0 131 AVENUE NW","assessed_value":704500},{"address":"2435.0 12 AVENUE NW","assessed_value":579500},{"address":"1507.0 12 STREET NW","assessed_value":646500},{"address":"10605.0 97 STREET NW","assessed_value":256500},{"address":"4724.0 177 AVENUE NW","assessed_value":526500},{"address":"3377.0 KULAY WAY SW","assessed_value":604500},{"address":"6435.0 27 AVENUE SW","assessed_value":671000},{"address":"11503.0 76 AVENUE NW","assessed_value":318000},{"address":"3973.0 WREN LOOP NW","assessed_value":120500},{"address":"21008.0 128 AVENUE NW","assessed_value":542500},{"address":"734.0 PAYIPWAT COMMON SW","assessed_value":120500},{"address":"nan nan","assessed_value":406500},{"address":"17635.0 48 STREET NW","assessed_value":630000},{"address":"nan nan","assessed_value":8500},{"address":"2603.0 194 STREET NW","assessed_value":552000},{"address":"9922.0 111 STREET NW","assessed_value":704000},{"address":"1472.0 27 STREET NW","assessed_value":630000},{"address":"719.0 ORCHARDS BOULEVARD SW","assessed_value":511000},{"address":"nan nan","assessed_value":4500},{"address":"6004.0 ROSENTHAL WAY NW","assessed_value":318500},{"address":"5048.0 RIVERS EDGE WAY NW","assessed_value":297500},{"address":"15808.0 112 AVENUE NW","assessed_value":252500},{"address":"nan nan","assessed_value":34000},{"address":"9268.0 228 STREET NW","assessed_value":518500},{"address":"4505.0 170A AVENUE NW","assessed_value":843000},{"address":"2234.0 191A STREET NW","assessed_value":472000},{"address":"16232.0 19 AVENUE SW","assessed_value":464000},{"address":"10180.0 103 STREET NW","assessed_value":671500},{"address":"17739.0 70 STREET NW","assessed_value":419500},{"address":"nan nan","assessed_value":50500},{"address":"nan nan","assessed_value":19500},{"address":"10837.0 83 AVENUE NW","assessed_value":269500},{"address":"1320.0 22 STREET NW","assessed_value":472500},{"address":"17723.0 35 AVENUE NW","assessed_value":138000},{"address":"20935.0 25 AVENUE NW","assessed_value":344000},{"address":"1419.0 PLUM CIRCLE SW","assessed_value":561500},{"address":"7337.0 KLAPSTEIN CRESCENT SW","assessed_value":319000},{"address":"nan nan","assessed_value":19500},{"address":"1763.0 ERKER WAY NW","assessed_value":527000},{"address":"3115.0 ERLANGER WAY NW","assessed_value":572000},{"address":"10728.0 82 AVENUE NW","assessed_value":382500},{"address":"3216.0 PARKER LOOP SW","assessed_value":702000},{"address":"1404.0 PODERSKY LINK SW","assessed_value":506500},{"address":"5707.0 KOOTOOK WAY SW","assessed_value":694500},{"address":"nan nan","assessed_value":6500},{"address":"1631.0 12 STREET NW","assessed_value":930000},{"address":"19734.0 29 AVENUE NW","assessed_value":456500},{"address":"1039.0 151 AVENUE NW","assessed_value":238000},{"address":"232.0 166 AVENUE NE","assessed_value":237500},{"address":"15636.0 18 AVENUE SW","assessed_value":604000},{"address":"4352.0 COOKE LANE SW","assessed_value":429500},{"address":"20220.0 16 AVENUE NW","assessed_value":404500},{"address":"4032.0 3 AVENUE SW","assessed_value":679500},{"address":"22215.0 80 AVENUE NW","assessed_value":510500},{"address":"nan nan","assessed_value":19500},{"address":"20703.0 24 AVENUE NW","assessed_value":179000},{"address":"22766.0 97 AVENUE NW","assessed_value":319500},{"address":"17832.0 78 STREET NW","assessed_value":339000},{"address":"9706.0 72 AVENUE NW","assessed_value":809500},{"address":"2023.0 208 STREET NW","assessed_value":515500},{"address":"2612.0 192 STREET NW","assessed_value":461000},{"address":"20723.0 20 AVENUE NW","assessed_value":495500},{"address":"6454.0 CARTMELL PLACE SW","assessed_value":843500},{"address":"926.0 STILLWATER BOULEVARD NW","assessed_value":360500},{"address":"20419.0 21 AVENUE NW","assessed_value":380000},{"address":"10180.0 103 STREET NW","assessed_value":357000},{"address":"3319.0 KULAY WAY SW","assessed_value":562500},{"address":"4743.0 177 AVENUE NW","assessed_value":423000},{"address":"1138.0 PLUM LANE SW","assessed_value":634500},{"address":"8084.0 KIRIAK LINK SW","assessed_value":489500},{"address":"3344.0 168 STREET SW","assessed_value":237500},{"address":"15611.0 MARK MESSIER TRAIL NW","assessed_value":4500},{"address":"8125.0 226A STREET NW","assessed_value":485000},{"address":"11252.0 65 STREET NW","assessed_value":230000},{"address":"8892.0 CARSON WAY SW","assessed_value":614500},{"address":"2630.0 DONAGHEY CRESCENT SW","assessed_value":563500},{"address":"1110.0 DANIELS LINK SW","assessed_value":283000},{"address":"1412.0 17 AVENUE NW","assessed_value":540500},{"address":"21007.0 128 AVENUE NW","assessed_value":593500},{"address":"3210.0 4 STREET NW","assessed_value":500500},{"address":"607.0 165 AVENUE NE","assessed_value":250500},{"address":"15043.0 10 STREET NW","assessed_value":199000},{"address":"17432.0 6 STREET NE","assessed_value":496500},{"address":"1237.0 16A AVENUE NW","assessed_value":736500},{"address":"1631.0 13 STREET NW","assessed_value":621500},{"address":"3416.0 169 STREET SW","assessed_value":248500},{"address":"1140.0 ASTER BOULEVARD NW","assessed_value":345500},{"address":"5474.0 KOOTOOK ROAD SW","assessed_value":582500},{"address":"1110.0 DANIELS LINK SW","assessed_value":289000},{"address":"11837.0 40 STREET NW","assessed_value":601500},{"address":"16545.0 20 AVENUE SW","assessed_value":549500},{"address":"1431.0 16 AVENUE NW","assessed_value":474500},{"address":"5629.0 KOOTOOK PLACE SW","assessed_value":585500},{"address":"20212.0 16 AVENUE NW","assessed_value":408500},{"address":"9319.0 PEAR LINK SW","assessed_value":563500},{"address":"5437.0 KOOTOOK ROAD SW","assessed_value":588500},{"address":"804.0 WELSH DRIVE SW","assessed_value":322000},{"address":"17609.0 65 STREET NW","assessed_value":463000},{"address":"110.0 PAISLEY GATE SW","assessed_value":480500},{"address":"2016.0 207 STREET NW","assessed_value":494000},{"address":"20620.0 19 AVENUE NW","assessed_value":380500},{"address":"1203.0 163 STREET SW","assessed_value":299000},{"address":"9726.0 142 STREET NW","assessed_value":617500},{"address":"1389.0 155 STREET SW","assessed_value":941000},{"address":"13107.0 66 AVENUE NW","assessed_value":1318000},{"address":"8028.0 70 AVENUE NW","assessed_value":6500},{"address":"22672.0 80 AVENUE NW","assessed_value":682500},{"address":"16843.0 52 STREET NW","assessed_value":529000},{"address":"2220.0 193 STREET NW","assessed_value":149000},{"address":"9110.0 83 AVENUE NW","assessed_value":598500},{"address":"4326.0 HAWTHORN LANDING SW","assessed_value":758500},{"address":"8813.0 CARSON WAY SW","assessed_value":488000},{"address":"5709.0 LARK POINT NW","assessed_value":570500},{"address":"3345.0 KULAY WAY SW","assessed_value":760500},{"address":"11503.0 76 AVENUE NW","assessed_value":307000},{"address":"nan nan","assessed_value":22106500},{"address":"1927.0 157 STREET SW","assessed_value":583000},{"address":"1393.0 155 STREET SW","assessed_value":915000},{"address":"2434.0 14A AVENUE NW","assessed_value":691000},{"address":"nan nan","assessed_value":13500},{"address":"230.0 EDGEMONT ROAD NW","assessed_value":350500},{"address":"8268.0 229 STREET NW","assessed_value":357000},{"address":"7119.0 178 AVENUE NW","assessed_value":424500},{"address":"nan nan","assessed_value":4000},{"address":"21905.0 93 AVENUE NW","assessed_value":389500},{"address":"3404.0 168 STREET SW","assessed_value":235000},{"address":"1729.0 KEENE CRESCENT SW","assessed_value":406500},{"address":"nan nan","assessed_value":8500},{"address":"7490.0 68 AVENUE NW","assessed_value":2286500},{"address":"1341.0 PODERSKY WYND SW","assessed_value":421000},{"address":"555.0 35 STREET SW","assessed_value":593500},{"address":"9468.0 COLAK LANE SW","assessed_value":434000},{"address":"1909.0 159 STREET SW","assessed_value":601000},{"address":"3043.0 MILNER CRESCENT NW","assessed_value":311000},{"address":"20507.0 24 AVENUE NW","assessed_value":457500},{"address":"907.0 HADDAD WYND SW","assessed_value":1408000},{"address":"15404.0 106 AVENUE NW","assessed_value":382000},{"address":"2644.0 194 STREET NW","assessed_value":602500},{"address":"5722.0 KOOTOOK WAY SW","assessed_value":686500},{"address":"5239.0 21A AVENUE SW","assessed_value":536500},{"address":"6359.0 GREENAWAY AVENUE NW","assessed_value":661500},{"address":"11616.0 82 STREET NW","assessed_value":315000},{"address":"5137.0 23A AVENUE SW","assessed_value":782500},{"address":"2090.0 WONNACOTT WAY SW","assessed_value":309500},{"address":"7007.0 KIVIAQ CRESCENT SW","assessed_value":770000},{"address":"3119.0 9 STREET NW","assessed_value":151000},{"address":"5217.0 KIMBALL CRESCENT SW","assessed_value":609000},{"address":"3007.0 COUGHLAN LANE SW","assessed_value":422500},{"address":"1728.0 ERKER WAY NW","assessed_value":510500},{"address":"3340.0 ERLANGER BEND NW","assessed_value":434000},{"address":"10180.0 103 STREET NW","assessed_value":326500},{"address":"8931.0 155 STREET NW","assessed_value":545500},{"address":"2922.0 MAPLE WAY NW","assessed_value":310000},{"address":"nan nan","assessed_value":19500},{"address":"6539.0 176 AVENUE NW","assessed_value":539500},{"address":"1611.0 16 STREET NW","assessed_value":687000},{"address":"7219.0 178 AVENUE NW","assessed_value":102500},{"address":"4830.0 CAWSEY TERRACE SW","assessed_value":127500},{"address":"2212.0 MUCKLEPLUM CRESCENT SW","assessed_value":130500},{"address":"20916.0 26 AVENUE NW","assessed_value":1055000},{"address":"1537.0 157 STREET SW","assessed_value":391500},{"address":"9535.0 150 STREET NW","assessed_value":604500},{"address":"1164.0 GOLFDINCH CRESCENT NW","assessed_value":452000},{"address":"1434.0 156 STREET SW","assessed_value":598500},{"address":"22115.0 82 AVENUE NW","assessed_value":524000},{"address":"1713.0 PLUM CRESCENT SW","assessed_value":420500},{"address":"9821.0 225A STREET NW","assessed_value":534500},{"address":"3011.0 MILNER CRESCENT NW","assessed_value":213000},{"address":"8114.0 226A STREET NW","assessed_value":551000},{"address":"17351.0 3 STREET NW","assessed_value":120500},{"address":"1667.0 PLUM CIRCLE SW","assessed_value":663000},{"address":"5723.0 LARK POINT NW","assessed_value":797000},{"address":"9922.0 111 STREET NW","assessed_value":490000},{"address":"17630.0 63A STREET NW","assessed_value":474500},{"address":"10828.0 67 AVENUE NW","assessed_value":558000},{"address":"1468.0 22 STREET NW","assessed_value":505000},{"address":"3979.0 WREN LOOP NW","assessed_value":120500},{"address":"6004.0 ROSENTHAL WAY NW","assessed_value":326000},{"address":"nan nan","assessed_value":1000},{"address":"12764.0 209 STREET NW","assessed_value":551500},{"address":"2213.0 193A STREET NW","assessed_value":156000},{"address":"20812.0 22 AVENUE NW","assessed_value":418500},{"address":"9664.0 106 AVENUE NW","assessed_value":56000},{"address":"10180.0 103 STREET NW","assessed_value":382500},{"address":"9236.0 183 AVENUE NW","assessed_value":153500},{"address":"3116.0 KOSTASH GREEN SW","assessed_value":798500},{"address":"7723.0 174B AVENUE NW","assessed_value":538500},{"address":"1142.0 GOLDFINCH CRESCENT NW","assessed_value":435500},{"address":"13922.0 109B AVENUE NW","assessed_value":715500},{"address":"6911.0 173 AVENUE NW","assessed_value":702500},{"address":"22116.0 80 AVENUE NW","assessed_value":631500},{"address":"1909.0 COLLIP VIEW SW","assessed_value":586500},{"address":"10545.0 157 STREET NW","assessed_value":477500},{"address":"17116.0 2 STREET NW","assessed_value":155000},{"address":"693.0 ORCHARDS BOULEVARD SW","assessed_value":508500},{"address":"13317.0 115 AVENUE NW","assessed_value":192500},{"address":"864.0 SECORD BOULEVARD NW","assessed_value":221000},{"address":"320.0 SECORD BOULEVARD NW","assessed_value":345500},{"address":"787.0 LEWIS GREENS DRIVE NW","assessed_value":307000},{"address":"5480.0 KOOTOOK ROAD SW","assessed_value":588500},{"address":"3303.0 160 STREET SW","assessed_value":552000},{"address":"11503.0 76 AVENUE NW","assessed_value":338000},{"address":"2383.0 51 STREET SW","assessed_value":580000},{"address":"3324.0 158 STREET SW","assessed_value":681000},{"address":"18236.0 94 STREET NW","assessed_value":600000},{"address":"8122.0 226A STREET NW","assessed_value":560000},{"address":"nan nan","assessed_value":34000},{"address":"246.0 ORCHARDS BOULEVARD SW","assessed_value":132000},{"address":"19013.0 22A AVENUE NW","assessed_value":142000},{"address":"7011.0 178 AVENUE NW","assessed_value":498500},{"address":"1943.0 160 STREET SW","assessed_value":475000},{"address":"3007.0 4 STREET NW","assessed_value":679000},{"address":"16539.0 3 STREET NE","assessed_value":199500},{"address":"2196.0 MUCKLEPLUM CRESCENT SW","assessed_value":131500},{"address":"10875.0 201 STREET NW","assessed_value":1167500},{"address":"3305.0 ORCHARDS LINK SW","assessed_value":312000},{"address":"11910.0 35 AVENUE SW","assessed_value":379000},{"address":"17744.0 73 STREET NW","assessed_value":492000},{"address":"13039.0 211 STREET NW","assessed_value":517500},{"address":"16840.0 33 AVENUE SW","assessed_value":179000},{"address":"17715.0 127 STREET NW","assessed_value":8000},{"address":"1472.0 25 STREET NW","assessed_value":668500},{"address":"5208.0 KINNEY PLACE SW","assessed_value":472500},{"address":"1736.0 19 STREET NW","assessed_value":783000},{"address":"6507.0 176 AVENUE NW","assessed_value":622000},{"address":"10822.0 51 AVENUE NW","assessed_value":349000},{"address":"2335.0 51 STREET SW","assessed_value":570500},{"address":"19344.0 29 AVENUE NW","assessed_value":453500},{"address":"735.0 ALLARD BOULEVARD SW","assessed_value":347500},{"address":"237.0 MARQUIS BOULEVARD NE","assessed_value":304000},{"address":"5022.0 KINNEY LINK SW","assessed_value":426000},{"address":"9928.0 227 STREET NW","assessed_value":515500},{"address":"16248.0 19 AVENUE SW","assessed_value":347500},{"address":"1243.0 ROSENTHAL BOULEVARD NW","assessed_value":399500},{"address":"4903.0 174 AVENUE NW","assessed_value":717500},{"address":"12336.0 67 STREET NW","assessed_value":907500},{"address":"2218.0 191A STREET NW","assessed_value":601500},{"address":"204.0 34 STREET NW","assessed_value":500},{"address":"16335.0 84 STREET NW","assessed_value":296500},{"address":"22127.0 80 AVENUE NW","assessed_value":530500},{"address":"411.0 32 STREET SW","assessed_value":161500},{"address":"1203.0 163 STREET SW","assessed_value":260000},{"address":"3238.0 CHERNOWSKI WAY SW","assessed_value":574500},{"address":"3123.0 DIXON LANDING SW","assessed_value":156000},{"address":"5342.0 22A AVENUE SW","assessed_value":537000},{"address":"17408.0 3 STREET NW","assessed_value":463000},{"address":"19724.0 29 AVENUE NW","assessed_value":413000},{"address":"3873.0 CHRUSTAWKA PLACE SW","assessed_value":414000},{"address":"11636.0 50 AVENUE NW","assessed_value":479500},{"address":"9525.0 62 AVENUE NW","assessed_value":1175500},{"address":"12411.0 81 STREET NW","assessed_value":148000},{"address":"856.0 SECORD BOULEVARD NW","assessed_value":206500},{"address":"8072.0 KIRIAK LINK SW","assessed_value":535500},{"address":"443.0 33 STREET SW","assessed_value":107000},{"address":"139.0 CAVANAGH COMMON SW","assessed_value":442500},{"address":"21827.0 93 AVENUE NW","assessed_value":411500},{"address":"9922.0 111 STREET NW","assessed_value":369500},{"address":"131.0 PAISLEY GATE SW","assessed_value":364500},{"address":"9952.0 226 STREET NW","assessed_value":484500},{"address":"603.0 ORCHARDS BOULEVARD SW","assessed_value":290000},{"address":"17644.0 63 STREET NW","assessed_value":423000},{"address":"4899.0 KINNEY ROAD SW","assessed_value":788500},{"address":"2608.0 65 STREET SW","assessed_value":143500},{"address":"678.0 ORCHARDS BOULEVARD SW","assessed_value":484500},{"address":"2210.0 DONAGHEY WAY SW","assessed_value":601000},{"address":"1650.0 CAVANAGH BOULEVARD SW","assessed_value":31000},{"address":"22119.0 80 AVENUE NW","assessed_value":580500},{"address":"732.0 35 STREET SW","assessed_value":545500},{"address":"2132.0 190 STREET NW","assessed_value":644500},{"address":"812.0 WELSH DRIVE SW","assessed_value":240500},{"address":"3967.0 WREN LOOP NW","assessed_value":121000}]