[{"address":"14715.0 96 STREET NW","assessed_value":359500},{"address":"12115.0 93 STREET NW","assessed_value":163500},{"address":"16948.0 111 STREET NW","assessed_value":359000},{"address":"6908.0 142 AVENUE NW","assessed_value":373000},{"address":"8319.0 145 AVENUE NW","assessed_value":0},{"address":"7203.0 135A AVENUE NW","assessed_value":353500},{"address":"17231.0 93 STREET NW","assessed_value":460500},{"address":"9528.0 150 AVENUE NW","assessed_value":392000},{"address":"12835.0 82 STREET NW","assessed_value":229000},{"address":"10508.0 133 AVENUE NW","assessed_value":326000},{"address":"10831.0 169 AVENUE NW","assessed_value":366500},{"address":"12111.0 152C AVENUE NW","assessed_value":353000},{"address":"10215.0 168 AVENUE NW","assessed_value":347500},{"address":"12927.0 104 STREET NW","assessed_value":298500},{"address":"12707.0 103 STREET NW","assessed_value":287000},{"address":"9507.0 135 AVENUE NW","assessed_value":292500},{"address":"15812.0 124 STREET NW","assessed_value":311000},{"address":"11416.0 160 AVENUE NW","assessed_value":406000},{"address":"9115.0 132A AVENUE NW","assessed_value":316500},{"address":"7312.0 140 AVENUE NW","assessed_value":324000},{"address":"11416.0 151 AVENUE NW","assessed_value":378500},{"address":"7308.0 149A AVENUE NW","assessed_value":360500},{"address":"13536.0 87 STREET NW","assessed_value":316000},{"address":"10608.0 LAUDERDALE ROAD NW","assessed_value":322500},{"address":"12248.0 96 STREET NW","assessed_value":225500},{"address":"14227.0 77 STREET NW","assessed_value":345000},{"address":"80.0 NORTHWOODS VILLAGE NW","assessed_value":149500},{"address":"8916.0 133 AVENUE NW","assessed_value":161500},{"address":"11017.0 167A AVENUE NW","assessed_value":433500},{"address":"9827.0 170 AVENUE NW","assessed_value":335500},{"address":"8027.0 136 AVENUE NW","assessed_value":318000},{"address":"13128.0 83 STREET NW","assessed_value":305500},{"address":"13216.0 78 STREET NW","assessed_value":388000},{"address":"14723.0 83 STREET NW","assessed_value":371000},{"address":"13528.0 108 STREET NW","assessed_value":338000},{"address":"10820.0 129 AVENUE NW","assessed_value":311500},{"address":"13113.0 82 STREET NW","assessed_value":229500},{"address":"12032.0 143 AVENUE NW","assessed_value":353500},{"address":"7223.0 134A AVENUE NW","assessed_value":342500},{"address":"15105.0 121 STREET NW","assessed_value":99000},{"address":"8115.0 144 AVENUE NW","assessed_value":117500},{"address":"14648.0 121 STREET NW","assessed_value":128500},{"address":"432.0 DUNLUCE ROAD NW","assessed_value":369000},{"address":"13866.0 27 STREET NW","assessed_value":116000},{"address":"12531.0 161 AVENUE NW","assessed_value":348500},{"address":"13916.0 88 STREET NW","assessed_value":334500},{"address":"9509.0 171 AVENUE NW","assessed_value":309000},{"address":"14230.0 80 STREET NW","assessed_value":143500},{"address":"11307.0 137 AVENUE NW","assessed_value":310500},{"address":"13508.0 109 STREET NW","assessed_value":307000},{"address":"12049.0 95 STREET NW","assessed_value":240500},{"address":"13119.0 64 STREET NW","assessed_value":190500},{"address":"14115.0 95A STREET NW","assessed_value":448000},{"address":"13040.0 78 STREET NW","assessed_value":279500},{"address":"13528.0 86 STREET NW","assessed_value":340000},{"address":"51.0 MCLEOD PLACE NW","assessed_value":176500},{"address":"12431.0 156 AVENUE NW","assessed_value":336000},{"address":"13319.0 66 STREET NW","assessed_value":289500},{"address":"5927.0 152A AVENUE NW","assessed_value":353500},{"address":"13310.0 108 STREET NW","assessed_value":218000},{"address":"14911.0 65 STREET NW","assessed_value":345000},{"address":"5620.0 142A AVENUE NW","assessed_value":314500},{"address":"13224.0 108 STREET NW","assessed_value":224000},{"address":"561.0 DUNLUCE ROAD NW","assessed_value":148500},{"address":"12258.0 143 AVENUE NW","assessed_value":352500},{"address":"14723.0 122 STREET NW","assessed_value":380000},{"address":"9120.0 137 AVENUE NW","assessed_value":381500},{"address":"69.0 LANCASTER TERRACE NW","assessed_value":135500},{"address":"5920.0 136 AVENUE NW","assessed_value":312500},{"address":"8520.0 134 AVENUE NW","assessed_value":345500},{"address":"16523.0 104 STREET NW","assessed_value":347500},{"address":"57.0 WARWICK ROAD NW","assessed_value":420500},{"address":"11460.0 152 AVENUE NW","assessed_value":340500},{"address":"14711.0 21 STREET NW","assessed_value":315500},{"address":"15703.0 115 STREET NW","assessed_value":379000},{"address":"13215.0 79 STREET NW","assessed_value":349500},{"address":"10319.0 132 AVENUE NW","assessed_value":189000},{"address":"11928.0 145 AVENUE NW","assessed_value":211000},{"address":"14108.0 21 STREET NW","assessed_value":373000},{"address":"16804.0 110 STREET NW","assessed_value":395500},{"address":"6112.0 141 AVENUE NW","assessed_value":379000},{"address":"11819.0 145 AVENUE NW","assessed_value":245000},{"address":"5904.0 145 AVENUE NW","assessed_value":325000},{"address":"13005.0 97 STREET NW","assessed_value":1556000},{"address":"10736.0 129 AVENUE NW","assessed_value":298000},{"address":"13702.0 20 STREET NW","assessed_value":1500},{"address":"8934.0 144 AVENUE NW","assessed_value":123500},{"address":"252.0 LANCASTER TERRACE NW","assessed_value":131500},{"address":"16348.0 109 STREET NW","assessed_value":139000},{"address":"14608.0 61A STREET NW","assessed_value":338500},{"address":"14916.0 122 STREET NW","assessed_value":361000},{"address":"16610.0 115 STREET NW","assessed_value":267500},{"address":"5685.0 137 AVENUE NW","assessed_value":175000},{"address":"12052.0 93 STREET NW","assessed_value":214500},{"address":"14612.0 29 STREET NW","assessed_value":348000},{"address":"14315.0 117 STREET NW","assessed_value":338500},{"address":"37.0 LANCASTER TERRACE NW","assessed_value":139000},{"address":"15011.0 72 STREET NW","assessed_value":356000},{"address":"10036.0 173 AVENUE NW","assessed_value":263500},{"address":"14520.0 56 STREET NW","assessed_value":181000},{"address":"14220.0 63 STREET NW","assessed_value":285000},{"address":"2935.0 145 AVENUE NW","assessed_value":347000},{"address":"10807.0 132 AVENUE NW","assessed_value":200500},{"address":"13908.0 120 STREET NW","assessed_value":371000},{"address":"660.0 WARWICK ROAD NW","assessed_value":368500},{"address":"14546.0 19 STREET NW","assessed_value":317000},{"address":"14414.0 86 STREET NW","assessed_value":0},{"address":"3216.0 148 AVENUE NW","assessed_value":284500},{"address":"12616.0 161 AVENUE NW","assessed_value":274000},{"address":"8010.0 141 AVENUE NW","assessed_value":124500},{"address":"12036.0 94 STREET NW","assessed_value":292000},{"address":"7608.0 131A AVENUE NW","assessed_value":321000},{"address":"2103.0 141 AVENUE NW","assessed_value":352500},{"address":"14105.0 82 STREET NW","assessed_value":112000},{"address":"8711.0 140 AVENUE NW","assessed_value":363000},{"address":"9319.0 130 AVENUE NW","assessed_value":331500},{"address":"6311.0 152 AVENUE NW","assessed_value":339000},{"address":"10818.0 173A AVENUE NW","assessed_value":335000},{"address":"15716.0 115 STREET NW","assessed_value":343000},{"address":"12404.0 95A STREET NW","assessed_value":333000},{"address":"7508.0 130 AVENUE NW","assessed_value":305000},{"address":"9905.0 171A AVENUE NW","assessed_value":410000},{"address":"10607.0 135B AVENUE NW","assessed_value":256500},{"address":"14915.0 54A STREET NW","assessed_value":486500},{"address":"15008.0 75A STREET NW","assessed_value":395000},{"address":"12308.0 151A AVENUE NW","assessed_value":450500},{"address":"13532.0 77 STREET NW","assessed_value":331000},{"address":"14709.0 78 STREET NW","assessed_value":8500},{"address":"17220.0 106 STREET NW","assessed_value":362000},{"address":"13220.0 FORT ROAD NW","assessed_value":59500},{"address":"2485.0 139 AVENUE NW","assessed_value":327000},{"address":"9402.0 127 AVENUE NW","assessed_value":304500},{"address":"17211.0 93 STREET NW","assessed_value":341500},{"address":"14916.0 69 STREET NW","assessed_value":354500},{"address":"6116.0 152A AVENUE NW","assessed_value":329500},{"address":"12222.0 106 STREET NW","assessed_value":399500},{"address":"6917.0 137 AVENUE NW","assessed_value":214000},{"address":"14011.0 96 STREET NW","assessed_value":357500},{"address":"14216.0 116 STREET NW","assessed_value":361500},{"address":"16344.0 109 STREET NW","assessed_value":143000},{"address":"8912.0 151 AVENUE NW","assessed_value":369500},{"address":"2313.0 139 AVENUE NW","assessed_value":178000},{"address":"7908.0 152A AVENUE NW","assessed_value":337500},{"address":"12307.0 101 STREET NW","assessed_value":175000},{"address":"10622.0 167A AVENUE NW","assessed_value":378500},{"address":"10337.0 131A AVENUE NW","assessed_value":500},{"address":"12236.0 144 AVENUE NW","assessed_value":422500},{"address":"12308.0 142 AVENUE NW","assessed_value":364500},{"address":"5607.0 141 AVENUE NW","assessed_value":298000},{"address":"16922.0 109 STREET NW","assessed_value":199500},{"address":"44.0 NORTHWOODS VILLAGE NW","assessed_value":149500},{"address":"6508.0 136 AVENUE NW","assessed_value":274500},{"address":"11728.0 152B AVENUE NW","assessed_value":349000},{"address":"11460.0 152A AVENUE NW","assessed_value":338000},{"address":"2211.0 146 AVENUE NW","assessed_value":323500},{"address":"12712.0 73 STREET NW","assessed_value":259000},{"address":"521.0 KIRKNESS ROAD NW","assessed_value":306500},{"address":"16344.0 109 STREET NW","assessed_value":139000},{"address":"16508.0 103 STREET NW","assessed_value":416000},{"address":"16511.0 106 STREET NW","assessed_value":347000},{"address":"12645.0 70 STREET NW","assessed_value":288000},{"address":"11807.0 102 STREET NW","assessed_value":1364500},{"address":"9140.0 144 AVENUE NW","assessed_value":134000},{"address":"29.0 NORTHWOODS VILLAGE NW","assessed_value":149500},{"address":"6204.0 130 AVENUE NW","assessed_value":284000},{"address":"7214.0 127 AVENUE NW","assessed_value":261000},{"address":"13011.0 79 STREET NW","assessed_value":315500},{"address":"12421.0 95 STREET NW","assessed_value":231500},{"address":"15304.0 121 STREET NW","assessed_value":263000},{"address":"13820.0 88 STREET NW","assessed_value":346500},{"address":"13435.0 102 STREET NW","assessed_value":348000},{"address":"15040.0 118 STREET NW","assessed_value":1491500},{"address":"12109.0 146 AVENUE NW","assessed_value":298500},{"address":"9216.0 137 AVENUE NW","assessed_value":351500},{"address":"150.0 MAYFAIR MEWS NW","assessed_value":154000},{"address":"12127.0 152A AVENUE NW","assessed_value":348000},{"address":"13504.0 107 STREET NW","assessed_value":297500},{"address":"13426.0 107 STREET NW","assessed_value":500},{"address":"13815.0 28 STREET NW","assessed_value":332500},{"address":"9816.0 171 AVENUE NW","assessed_value":290000},{"address":"8310.0 133 AVENUE NW","assessed_value":256500},{"address":"127.0 LANCASTER TERRACE NW","assessed_value":135500},{"address":"15816.0 125 STREET NW","assessed_value":392500},{"address":"14109.0 23 STREET NW","assessed_value":235500},{"address":"14227.0 80 STREET NW","assessed_value":342000},{"address":"14843.0 21 STREET NW","assessed_value":394000},{"address":"15004.0 57 STREET NW","assessed_value":354500},{"address":"12823.0 88 STREET NW","assessed_value":296500},{"address":"5414.0 144B AVENUE NW","assessed_value":168000},{"address":"14004.0 51 STREET NW","assessed_value":341000},{"address":"15108.0 62 STREET NW","assessed_value":321000},{"address":"11223.0 134A AVENUE NW","assessed_value":298500},{"address":"7615.0 144 AVENUE NW","assessed_value":238000},{"address":"14250.0 80 STREET NW","assessed_value":124500},{"address":"7414.0 128 AVENUE NW","assessed_value":0},{"address":"59.0 STEELE CRESCENT NW","assessed_value":321000},{"address":"14523.0 32 STREET NW","assessed_value":374500},{"address":"95.0 LANCASTER TERRACE NW","assessed_value":135500},{"address":"14220.0 80 STREET NW","assessed_value":140500},{"address":"12936.0 104 STREET NW","assessed_value":229500},{"address":"16719.0 110 STREET NW","assessed_value":332000},{"address":"7611.0 142 AVENUE NW","assessed_value":357000},{"address":"5531.0 142 AVENUE NW","assessed_value":326000},{"address":"16524.0 101 STREET NW","assessed_value":371500},{"address":"8319.0 138 AVENUE NW","assessed_value":344000},{"address":"11731.0 152 AVENUE NW","assessed_value":342500},{"address":"17114.0 109 STREET NW","assessed_value":314000},{"address":"13311.0 68 STREET NW","assessed_value":330000},{"address":"8519.0 144 AVENUE NW","assessed_value":354000},{"address":"14604.0 81 STREET NW","assessed_value":379500},{"address":"14112.0 69 STREET NW","assessed_value":330000},{"address":"5.0 CASTLE TERRACE NW","assessed_value":169000},{"address":"11103.0 171 AVENUE NW","assessed_value":388000},{"address":"12211.0 150 AVENUE NW","assessed_value":371500},{"address":"13455.0 108 STREET NW","assessed_value":311000},{"address":"13803.0 25 STREET NW","assessed_value":351000},{"address":"317.0 VILLAGE ON THE GREEN NW","assessed_value":154500},{"address":"10313.0 131A AVENUE NW","assessed_value":244000},{"address":"14312.0 116 STREET NW","assessed_value":308000},{"address":"12414.0 92 STREET NW","assessed_value":245500},{"address":"12134.0 94 STREET NW","assessed_value":324500},{"address":"14604.0 116 STREET NW","assessed_value":330500},{"address":"12111.0 106 STREET NW","assessed_value":256000},{"address":"10720.0 131A AVENUE NW","assessed_value":321000},{"address":"12950.0 101 STREET NW","assessed_value":349000},{"address":"15219.0 61 STREET NW","assessed_value":321000},{"address":"14303.0 114 STREET NW","assessed_value":324500},{"address":"12911.0 71 STREET NW","assessed_value":253500},{"address":"13515.0 109 STREET NW","assessed_value":497000},{"address":"9815.0 173 AVENUE NW","assessed_value":366500},{"address":"73.0 LORELEI CLOSE NW","assessed_value":243500},{"address":"13228.0 DELWOOD ROAD NW","assessed_value":260500},{"address":"14319.0 114 STREET NW","assessed_value":350000},{"address":"5667.0 137 AVENUE NW","assessed_value":157500},{"address":"nan nan","assessed_value":9000},{"address":"9520.0 150 AVENUE NW","assessed_value":318000},{"address":"12416.0 161 AVENUE NW","assessed_value":86000},{"address":"12032.0 90 STREET NW","assessed_value":215500},{"address":"13845.0 24 STREET NW","assessed_value":161000},{"address":"61.0 NORTHWOODS VILLAGE NW","assessed_value":149500},{"address":"14638.0 121 STREET NW","assessed_value":128500},{"address":"5425.0 144B AVENUE NW","assessed_value":135000},{"address":"13324.0 72 STREET NW","assessed_value":358500},{"address":"13717.0 64 STREET NW","assessed_value":268500},{"address":"8519.0 138 AVENUE NW","assessed_value":348500},{"address":"13123.0 87 STREET NW","assessed_value":759500},{"address":"12915.0 109 STREET NW","assessed_value":265500},{"address":"13458.0 FORT ROAD NW","assessed_value":119500},{"address":"7020.0 132 AVENUE NW","assessed_value":305500},{"address":"7007.0 140 AVENUE NW","assessed_value":350500},{"address":"6211.0 148 AVENUE NW","assessed_value":340500},{"address":"17312.0 107 STREET NW","assessed_value":397000},{"address":"8103.0 130 AVENUE NW","assessed_value":262500},{"address":"14110.0 80 STREET NW","assessed_value":112000},{"address":"17111.0 95 STREET NW","assessed_value":366500},{"address":"17003.0 109 STREET NW","assessed_value":350500},{"address":"6420.0 133A AVENUE NW","assessed_value":304500},{"address":"8831.0 151 AVENUE NW","assessed_value":351000},{"address":"13230.0 FORT ROAD NW","assessed_value":50500},{"address":"15115.0 25 STREET NW","assessed_value":494500},{"address":"15256.0 122 STREET NW","assessed_value":420000},{"address":"16870.0 109 STREET NW","assessed_value":146000},{"address":"14728.0 65 STREET NW","assessed_value":320500},{"address":"14108.0 71 STREET NW","assessed_value":307000},{"address":"14512.0 117 STREET NW","assessed_value":325500},{"address":"8019.0 136 AVENUE NW","assessed_value":313000},{"address":"5517.0 144A AVENUE NW","assessed_value":164500},{"address":"132.0 LANCASTER TERRACE NW","assessed_value":154500},{"address":"12131.0 103 STREET NW","assessed_value":356500},{"address":"14316.0 114 STREET NW","assessed_value":318000},{"address":"10707.0 132 AVENUE NW","assessed_value":293000},{"address":"7016.0 138 AVENUE NW","assessed_value":335500},{"address":"17103.0 94 STREET NW","assessed_value":487500},{"address":"7724.0 DELWOOD ROAD NW","assessed_value":340500},{"address":"14160.0 22A STREET NW","assessed_value":327000},{"address":"11711.0 145 AVENUE NW","assessed_value":326000},{"address":"13880.0 24 STREET NW","assessed_value":153500},{"address":"7219.0 144 AVENUE NW","assessed_value":334500},{"address":"14231.0 86 STREET NW","assessed_value":376000},{"address":"13531.0 104A STREET NW","assessed_value":311000},{"address":"10670.0 BEAUMARIS ROAD NW","assessed_value":168000},{"address":"14612.0 77 STREET NW","assessed_value":343000},{"address":"12423.0 91 STREET NW","assessed_value":327500},{"address":"12808.0 88 STREET NW","assessed_value":392000},{"address":"15704.0 121 STREET NW","assessed_value":358000},{"address":"13607.0 111 STREET NW","assessed_value":327000},{"address":"11819.0 158 AVENUE NW","assessed_value":387000},{"address":"14605.0 21 STREET NW","assessed_value":269500},{"address":"12831.0 89 STREET NW","assessed_value":312000},{"address":"10322.0 LAUDER AVENUE NW","assessed_value":224500},{"address":"13031.0 63 STREET NW","assessed_value":269500},{"address":"8020.0 141 AVENUE NW","assessed_value":126500},{"address":"11030.0 168A AVENUE NW","assessed_value":322500},{"address":"12316.0 93 STREET NW","assessed_value":607000},{"address":"13208.0 101 STREET NW","assessed_value":355500},{"address":"517.0 DUNLUCE ROAD NW","assessed_value":142500},{"address":"7046.0 132A AVENUE NW","assessed_value":344000},{"address":"15116.0 65 STREET NW","assessed_value":321000},{"address":"13419.0 92 STREET NW","assessed_value":330500},{"address":"14220.0 80 STREET NW","assessed_value":124500},{"address":"14611.0 114 STREET NW","assessed_value":348000},{"address":"15120.0 94A STREET NW","assessed_value":341000},{"address":"10208.0 135A AVENUE NW","assessed_value":329500},{"address":"11815.0 91 STREET NW","assessed_value":298500},{"address":"9211.0 132A AVENUE NW","assessed_value":310500},{"address":"12107.0 91 STREET NW","assessed_value":316000},{"address":"14111.0 21 STREET NW","assessed_value":374500},{"address":"14723.0 115 STREET NW","assessed_value":348000},{"address":"15227.0 119A STREET NW","assessed_value":381500},{"address":"10616.0 128 AVENUE NW","assessed_value":287000},{"address":"16224.0 100 STREET NW","assessed_value":370500},{"address":"12843.0 103 STREET NW","assessed_value":306000},{"address":"12906.0 70 STREET NW","assessed_value":152500},{"address":"7907.0 135A AVENUE NW","assessed_value":342500},{"address":"8320.0 140 AVENUE NW","assessed_value":353000},{"address":"206.0 VILLAGE ON THE GREEN NW","assessed_value":157500},{"address":"12331.0 93 STREET NW","assessed_value":229500},{"address":"12243.0 105 STREET NW","assessed_value":288000},{"address":"13915.0 96 STREET NW","assessed_value":391500},{"address":"5419.0 150 AVENUE NW","assessed_value":328500},{"address":"12811.0 91 STREET NW","assessed_value":336500},{"address":"16838.0 109 STREET NW","assessed_value":141500},{"address":"8012.0 128 AVENUE NW","assessed_value":328000},{"address":"14815.0 96 STREET NW","assessed_value":343000},{"address":"13037.0 102 STREET NW","assessed_value":440000},{"address":"15216.0 72 STREET NW","assessed_value":341500},{"address":"17049.0 100 STREET NW","assessed_value":176500},{"address":"59.0 AMBERLY COURT NW","assessed_value":155000},{"address":"13231.0 109 STREET NW","assessed_value":234000},{"address":"13226.0 91 STREET NW","assessed_value":232500},{"address":"12110.0 95A STREET NW","assessed_value":199000},{"address":"8704.0 150 AVENUE NW","assessed_value":351000},{"address":"13115.0 109 STREET NW","assessed_value":315000},{"address":"9404.0 168 AVENUE NW","assessed_value":63500},{"address":"12812.0 85 STREET NW","assessed_value":320500},{"address":"667.0 KIRKNESS ROAD NW","assessed_value":339000},{"address":"10809.0 167A AVENUE NW","assessed_value":329000},{"address":"14458.0 56 STREET NW","assessed_value":184500},{"address":"15019.0 88A STREET NW","assessed_value":455500},{"address":"107.0 MAYFAIR MEWS NW","assessed_value":154000},{"address":"9415.0 144 AVENUE NW","assessed_value":363500},{"address":"11816.0 164 AVENUE NW","assessed_value":353000},{"address":"12242.0 91 STREET NW","assessed_value":196000},{"address":"8019.0 128A AVENUE NW","assessed_value":294000},{"address":"14112.0 58 STREET NW","assessed_value":351500},{"address":"2944.0 146 AVENUE NW","assessed_value":343500},{"address":"9551.0 145 AVENUE NW","assessed_value":388000},{"address":"12915.0 113 STREET NW","assessed_value":281000},{"address":"13805.0 114 STREET NW","assessed_value":196500},{"address":"7507.0 150 AVENUE NW","assessed_value":371500},{"address":"11416.0 139 AVENUE NW","assessed_value":183500},{"address":"17059.0 98 STREET NW","assessed_value":333500},{"address":"6704.0 128 AVENUE NW","assessed_value":383500},{"address":"12308.0 104 STREET NW","assessed_value":543000},{"address":"13502.0 110 STREET NW","assessed_value":6500},{"address":"13411.0 62 STREET NW","assessed_value":315500},{"address":"9207.0 131 AVENUE NW","assessed_value":500},{"address":"8204.0 137 AVENUE NW","assessed_value":349500},{"address":"7712.0 128 AVENUE NW","assessed_value":412500},{"address":"7811.0 130 AVENUE NW","assessed_value":291500},{"address":"13015.0 65 STREET NW","assessed_value":331000},{"address":"13109.0 66 STREET NW","assessed_value":365500},{"address":"2915.0 150 AVENUE NW","assessed_value":333500},{"address":"17006.0 91 STREET NW","assessed_value":333500},{"address":"13520.0 65 STREET NW","assessed_value":340500},{"address":"14616.0 60 STREET NW","assessed_value":350500},{"address":"8507.0 148 AVENUE NW","assessed_value":357000},{"address":"6020.0 142 AVENUE NW","assessed_value":325000},{"address":"16908.0 109 STREET NW","assessed_value":176000},{"address":"12716.0 80 STREET NW","assessed_value":289000},{"address":"14739.0 123 STREET NW","assessed_value":374500},{"address":"10312.0 135 AVENUE NW","assessed_value":356500},{"address":"9111.0 131 AVENUE NW","assessed_value":388000},{"address":"6512.0 144 AVENUE NW","assessed_value":313000},{"address":"6115.0 132 AVENUE NW","assessed_value":312500},{"address":"10313.0 167A AVENUE NW","assessed_value":356500},{"address":"11944.0 145 AVENUE NW","assessed_value":241500},{"address":"17207.0 102 STREET NW","assessed_value":259500},{"address":"62.0 WARWICK ROAD NW","assessed_value":262500},{"address":"5715.0 133 AVENUE NW","assessed_value":54500},{"address":"13548.0 67 STREET NW","assessed_value":347500},{"address":"15015.0 116 STREET NW","assessed_value":356500},{"address":"14512.0 20 STREET NW","assessed_value":296500},{"address":"14125.0 82 STREET NW","assessed_value":140500},{"address":"6304.0 132A AVENUE NW","assessed_value":295000},{"address":"8223.0 133A AVENUE NW","assessed_value":216500},{"address":"13020.0 89 STREET NW","assessed_value":249000},{"address":"17032.0 98 STREET NW","assessed_value":315500},{"address":"56.0 MCLEOD PLACE NW","assessed_value":178500},{"address":"6615.0 137 AVENUE NW","assessed_value":203000},{"address":"2411.0 145 AVENUE NW","assessed_value":401500},{"address":"7907.0 131A AVENUE NW","assessed_value":326500},{"address":"18.0 MCLEOD PLACE NW","assessed_value":196500},{"address":"12416.0 161 AVENUE NW","assessed_value":104500},{"address":"328.0 DUNLUCE ROAD NW","assessed_value":407000},{"address":"7712.0 136 AVENUE NW","assessed_value":323000},{"address":"87.0 WARWICK ROAD NW","assessed_value":331000},{"address":"9403.0 151 AVENUE NW","assessed_value":334500},{"address":"10311.0 165 AVENUE NW","assessed_value":356000},{"address":"14440.0 62 STREET NW","assessed_value":329500},{"address":"62.0 MCLEOD PLACE NW","assessed_value":176500},{"address":"13903.0 95 STREET NW","assessed_value":391500},{"address":"9212.0 135 AVENUE NW","assessed_value":359000},{"address":"13129.0 101 STREET NW","assessed_value":266500},{"address":"15027.0 69 STREET NW","assessed_value":344000},{"address":"16914.0 91 STREET NW","assessed_value":345500},{"address":"8306.0 133A AVENUE NW","assessed_value":245000},{"address":"12131.0 146 AVENUE NW","assessed_value":313500},{"address":"15708.0 119 STREET NW","assessed_value":371500},{"address":"14020.0 116 STREET NW","assessed_value":357500},{"address":"14207.0 79 STREET NW","assessed_value":345000},{"address":"9204.0 170 AVENUE NW","assessed_value":382000},{"address":"5614.0 139 AVENUE NW","assessed_value":0},{"address":"7507.0 130 AVENUE NW","assessed_value":340500},{"address":"17214.0 110A STREET NW","assessed_value":332500},{"address":"10220.0 135A AVENUE NW","assessed_value":336500},{"address":"13319.0 58 STREET NW","assessed_value":313000},{"address":"6804.0 135A AVENUE NW","assessed_value":379500},{"address":"13108.0 81 STREET NW","assessed_value":294500},{"address":"13420.0 81 STREET NW","assessed_value":344500},{"address":"15204.0 114A STREET NW","assessed_value":338000},{"address":"11119.0 170 AVENUE NW","assessed_value":429000},{"address":"12215.0 147 AVENUE NW","assessed_value":346500},{"address":"14018.0 21A STREET NW","assessed_value":310000},{"address":"12920.0 71 STREET NW","assessed_value":256500},{"address":"10309.0 173A AVENUE NW","assessed_value":352500},{"address":"11821.0 105 STREET NW","assessed_value":1376500},{"address":"12029.0 93 STREET NW","assessed_value":236500},{"address":"15105.0 121 STREET NW","assessed_value":78500},{"address":"5916.0 140 AVENUE NW","assessed_value":317000},{"address":"13516.0 102 STREET NW","assessed_value":3814500},{"address":"11424.0 143 AVENUE NW","assessed_value":342500},{"address":"5323.0 130 AVENUE NW","assessed_value":170500},{"address":"11407.0 162 AVENUE NW","assessed_value":358500},{"address":"13904.0 119 STREET NW","assessed_value":341500},{"address":"13908.0 54 STREET NW","assessed_value":313500},{"address":"10912.0 173 AVENUE NW","assessed_value":212500},{"address":"13450.0 97 STREET NW","assessed_value":1332500},{"address":"14415.0 92 STREET NW","assessed_value":125500},{"address":"12239.0 101 STREET NW","assessed_value":220000},{"address":"14912.0 58 STREET NW","assessed_value":423000},{"address":"6903.0 137 AVENUE NW","assessed_value":287500},{"address":"13515.0 67 STREET NW","assessed_value":312000},{"address":"15105.0 121 STREET NW","assessed_value":109000},{"address":"5731.0 144 AVENUE NW","assessed_value":174000},{"address":"12843.0 104 STREET NW","assessed_value":228500},{"address":"12967.0 LAUDERDALE ROAD NW","assessed_value":313500},{"address":"14559.0 19 STREET NW","assessed_value":280000},{"address":"13408.0 101 STREET NW","assessed_value":290500},{"address":"9108.0 168 AVENUE NW","assessed_value":282000},{"address":"10813.0 173A AVENUE NW","assessed_value":224000},{"address":"12226.0 95A STREET NW","assessed_value":249000},{"address":"14107.0 70 STREET NW","assessed_value":364000},{"address":"7823.0 148 AVENUE NW","assessed_value":341000},{"address":"14703.0 114 STREET NW","assessed_value":351000},{"address":"10219.0 135 AVENUE NW","assessed_value":322500},{"address":"7041.0 132A AVENUE NW","assessed_value":5500},{"address":"120.0 WOODBOROUGH WAY NW","assessed_value":156000},{"address":"14012.0 86 STREET NW","assessed_value":367500},{"address":"2151.0 141 AVENUE NW","assessed_value":162000},{"address":"13007.0 72 STREET NW","assessed_value":299500},{"address":"10922.0 134 AVENUE NW","assessed_value":243500},{"address":"11319.0 166 AVENUE NW","assessed_value":483500},{"address":"11503.0 146 AVENUE NW","assessed_value":374500},{"address":"92.0 WARWICK ROAD NW","assessed_value":365500},{"address":"12122.0 106 STREET NW","assessed_value":271500},{"address":"10604.0 BEAUMARIS ROAD NW","assessed_value":169500},{"address":"11406.0 139 AVENUE NW","assessed_value":180000},{"address":"15020.0 79 STREET NW","assessed_value":468000},{"address":"12812.0 91 STREET NW","assessed_value":292500},{"address":"7719.0 144 AVENUE NW","assessed_value":333000},{"address":"12219.0 106 STREET NW","assessed_value":325500},{"address":"15015.0 93 STREET NW","assessed_value":375000},{"address":"5450.0 144B AVENUE NW","assessed_value":164500},{"address":"6411.0 150 AVENUE NW","assessed_value":364500},{"address":"14423.0 65 STREET NW","assessed_value":390500},{"address":"15108.0 83 STREET NW","assessed_value":351000},{"address":"13308.0 89A STREET NW","assessed_value":153000},{"address":"12413.0 156 AVENUE NW","assessed_value":6000},{"address":"17037.0 100 STREET NW","assessed_value":185000},{"address":"12950.0 113 STREET NW","assessed_value":317000},{"address":"12141.0 92 STREET NW","assessed_value":223500},{"address":"6207.0 137 AVENUE NW","assessed_value":273500},{"address":"12936.0 96 STREET NW","assessed_value":465000},{"address":"12910.0 72 STREET NW","assessed_value":226500},{"address":"12711.0 80 STREET NW","assessed_value":301000},{"address":"10504.0 134 AVENUE NW","assessed_value":300500},{"address":"6111.0 144 AVENUE NW","assessed_value":306000},{"address":"13547.0 90 STREET NW","assessed_value":296500},{"address":"13897.0 114 STREET NW","assessed_value":205500},{"address":"8415.0 150 AVENUE NW","assessed_value":349000},{"address":"12050.0 157 AVENUE NW","assessed_value":277000},{"address":"6707.0 137 AVENUE NW","assessed_value":219000},{"address":"12936.0 62 STREET NW","assessed_value":277500},{"address":"13817.0 64 STREET NW","assessed_value":244500},{"address":"13719.0 58 STREET NW","assessed_value":307500},{"address":"11419.0 141 AVENUE NW","assessed_value":307000},{"address":"2904.0 139 AVENUE NW","assessed_value":111500},{"address":"2904.0 139 AVENUE NW","assessed_value":118500},{"address":"9026.0 133 AVENUE NW","assessed_value":218000},{"address":"14232.0 86 STREET NW","assessed_value":359000},{"address":"9503.0 145 AVENUE NW","assessed_value":351500},{"address":"12727.0 88 STREET NW","assessed_value":271500},{"address":"301.0 WARWICK ROAD NW","assessed_value":384500},{"address":"8404.0 152A AVENUE NW","assessed_value":354000},{"address":"7116.0 138 AVENUE NW","assessed_value":346500},{"address":"12011.0 105 STREET NW","assessed_value":653500},{"address":"5732.0 143 AVENUE NW","assessed_value":157500},{"address":"9238.0 172 AVENUE NW","assessed_value":390000},{"address":"5109.0 MCLEOD ROAD NW","assessed_value":164500},{"address":"6211.0 147 AVENUE NW","assessed_value":340500},{"address":"14427.0 87 STREET NW","assessed_value":403500},{"address":"10927.0 136 AVENUE NW","assessed_value":274500},{"address":"9836.0 169 AVENUE NW","assessed_value":389000},{"address":"260.0 DUNLUCE ROAD NW","assessed_value":346500},{"address":"12827.0 107 STREET NW","assessed_value":348000},{"address":"15011.0 122 STREET NW","assessed_value":519500},{"address":"6612.0 132 AVENUE NW","assessed_value":368000},{"address":"14348.0 123 STREET NW","assessed_value":357000},{"address":"12715.0 70 STREET NW","assessed_value":256000},{"address":"49.0 AMBERLY COURT NW","assessed_value":147500},{"address":"13808.0 92 STREET NW","assessed_value":434500},{"address":"13824.0 56 STREET NW","assessed_value":292500},{"address":"14515.0 29 STREET NW","assessed_value":333000},{"address":"11516.0 141 AVENUE NW","assessed_value":402000},{"address":"12244.0 94 STREET NW","assessed_value":350500},{"address":"12906.0 73 STREET NW","assessed_value":309000},{"address":"15015.0 76 STREET NW","assessed_value":358000},{"address":"6908.0 152A AVENUE NW","assessed_value":350500},{"address":"12836.0 104 STREET NW","assessed_value":260500},{"address":"6207.0 144 AVENUE NW","assessed_value":320500},{"address":"8008.0 136 AVENUE NW","assessed_value":310000},{"address":"16520.0 116 STREET NW","assessed_value":400500},{"address":"6003.0 131A AVENUE NW","assessed_value":292000},{"address":"6711.0 131A AVENUE NW","assessed_value":602000},{"address":"17286.0 104 STREET NW","assessed_value":335000},{"address":"6120.0 140 AVENUE NW","assessed_value":291000},{"address":"14516.0 29 STREET NW","assessed_value":421000},{"address":"5516.0 140A AVENUE NW","assessed_value":322500},{"address":"15228.0 94 STREET NW","assessed_value":323500},{"address":"12945.0 97 STREET NW","assessed_value":919500},{"address":"13234.0 108 STREET NW","assessed_value":215500},{"address":"11612.0 150 AVENUE NW","assessed_value":339000},{"address":"13127.0 64 STREET NW","assessed_value":259000},{"address":"13403.0 81 STREET NW","assessed_value":389500},{"address":"12224.0 152C AVENUE NW","assessed_value":366500},{"address":"13708.0 63 STREET NW","assessed_value":315500},{"address":"12725.0 87 STREET NW","assessed_value":218000},{"address":"10312.0 168 AVENUE NW","assessed_value":350500},{"address":"12132.0 102 STREET NW","assessed_value":356000},{"address":"8319.0 152A AVENUE NW","assessed_value":377500},{"address":"14811.0 61A STREET NW","assessed_value":343000},{"address":"8901.0 140 AVENUE NW","assessed_value":1000},{"address":"13848.0 24 STREET NW","assessed_value":172000},{"address":"12428.0 156 AVENUE NW","assessed_value":348500},{"address":"12005.0 92 STREET NW","assessed_value":411000},{"address":"14420.0 85 STREET NW","assessed_value":360000},{"address":"12009.0 95A STREET NW","assessed_value":327000},{"address":"13028.0 66 STREET NW","assessed_value":280500},{"address":"11328.0 164 AVENUE NW","assessed_value":352000},{"address":"8030.0 141 AVENUE NW","assessed_value":140500},{"address":"15127.0 89 STREET NW","assessed_value":338500},{"address":"14004.0 120A STREET NW","assessed_value":345500},{"address":"309.0 LANCASTER TERRACE NW","assessed_value":120000},{"address":"12916.0 104 STREET NW","assessed_value":412000},{"address":"2.0 NORTHWOODS VILLAGE NW","assessed_value":149500},{"address":"7115.0 138 AVENUE NW","assessed_value":338500},{"address":"5936.0 148 AVENUE NW","assessed_value":335000},{"address":"13235.0 60 STREET NW","assessed_value":277000},{"address":"12308.0 159 AVENUE NW","assessed_value":340500},{"address":"13028.0 65 STREET NW","assessed_value":366500},{"address":"12005.0 93 STREET NW","assessed_value":634000},{"address":"6304.0 152 AVENUE NW","assessed_value":325000},{"address":"13011.0 107 STREET NW","assessed_value":352000},{"address":"9532.0 173 AVENUE NW","assessed_value":405500},{"address":"15212.0 81 STREET NW","assessed_value":371000},{"address":"5811.0 137 AVENUE NW","assessed_value":286000},{"address":"14432.0 65 STREET NW","assessed_value":307000},{"address":"14591.0 121 STREET NW","assessed_value":165000},{"address":"13516.0 113 STREET NW","assessed_value":245500},{"address":"7311.0 130 AVENUE NW","assessed_value":284500},{"address":"13111.0 79 STREET NW","assessed_value":694000},{"address":"12912.0 103 STREET NW","assessed_value":228000},{"address":"14211.0 87 STREET NW","assessed_value":336000},{"address":"7112.0 137 AVENUE NW","assessed_value":319500},{"address":"17416.0 95 STREET NW","assessed_value":343000},{"address":"11627.0 151 AVENUE NW","assessed_value":340000},{"address":"10204.0 168 AVENUE NW","assessed_value":387000},{"address":"13857.0 24 STREET NW","assessed_value":171500},{"address":"12726.0 95A STREET NW","assessed_value":357000},{"address":"12723.0 74 STREET NW","assessed_value":251500},{"address":"12331.0 95 STREET NW","assessed_value":260500},{"address":"16523.0 106 STREET NW","assessed_value":431000},{"address":"11616.0 151 AVENUE NW","assessed_value":334000},{"address":"11437.0 165 AVENUE NW","assessed_value":254500},{"address":"8035.0 135A AVENUE NW","assessed_value":355500},{"address":"8911.0 130 AVENUE NW","assessed_value":313000},{"address":"nan nan","assessed_value":5500},{"address":"2904.0 139 AVENUE NW","assessed_value":114000},{"address":"15012.0 75 STREET NW","assessed_value":351500},{"address":"8508.0 148 AVENUE NW","assessed_value":317500},{"address":"10806.0 168 AVENUE NW","assessed_value":344500},{"address":"9224.0 170 AVENUE NW","assessed_value":355500},{"address":"7604.0 136 AVENUE NW","assessed_value":394500},{"address":"14110.0 80 STREET NW","assessed_value":130000},{"address":"7712.0 144 AVENUE NW","assessed_value":373500},{"address":"14206.0 21A STREET NW","assessed_value":324000},{"address":"9808.0 173 AVENUE NW","assessed_value":351000},{"address":"17014.0 108 STREET NW","assessed_value":377000},{"address":"10219.0 137 AVENUE NW","assessed_value":305500},{"address":"16328.0 119 STREET NW","assessed_value":325000},{"address":"12071.0 94 STREET NW","assessed_value":322000},{"address":"14215.0 82 STREET NW","assessed_value":147000},{"address":"8004.0 130 AVENUE NW","assessed_value":325500},{"address":"14120.0 73 STREET NW","assessed_value":343000},{"address":"8408.0 134A AVENUE NW","assessed_value":344500},{"address":"13827.0 114 STREET NW","assessed_value":195500},{"address":"13020.0 101 STREET NW","assessed_value":492500},{"address":"13119.0 85 STREET NW","assessed_value":302500},{"address":"8903.0 128 AVENUE NW","assessed_value":488000},{"address":"11307.0 136 AVENUE NW","assessed_value":284000},{"address":"204.0 DUNLUCE ROAD NW","assessed_value":372000},{"address":"12403.0 95 STREET NW","assessed_value":265500},{"address":"10327.0 131A AVENUE NW","assessed_value":223500},{"address":"8015.0 141 AVENUE NW","assessed_value":241000},{"address":"6119.0 142 AVENUE NW","assessed_value":311500},{"address":"12720.0 95A STREET NW","assessed_value":294500},{"address":"13030.0 82 STREET NW","assessed_value":842000},{"address":"14240.0 80 STREET NW","assessed_value":139000},{"address":"11416.0 165 AVENUE NW","assessed_value":352000},{"address":"13319.0 DELWOOD ROAD NW","assessed_value":334000},{"address":"16208.0 102 STREET NW","assessed_value":369000},{"address":"12132.0 93 STREET NW","assessed_value":229500},{"address":"2904.0 139 AVENUE NW","assessed_value":116500},{"address":"14216.0 57 STREET NW","assessed_value":332500},{"address":"13927.0 23 STREET NW","assessed_value":343500},{"address":"17220.0 102 STREET NW","assessed_value":317000},{"address":"8215.0 144 AVENUE NW","assessed_value":3069500},{"address":"17108.0 93 STREET NW","assessed_value":579000},{"address":"17327.0 105 STREET NW","assessed_value":393000},{"address":"8904.0 130A AVENUE NW","assessed_value":256500},{"address":"17214.0 91 STREET NW","assessed_value":355500},{"address":"9907.0 171 AVENUE NW","assessed_value":154500},{"address":"8204.0 149A AVENUE NW","assessed_value":334500},{"address":"11848.0 96 STREET NW","assessed_value":256000},{"address":"16227.0 102 STREET NW","assessed_value":351000},{"address":"11908.0 152B AVENUE NW","assessed_value":347500},{"address":"12819.0 79 STREET NW","assessed_value":283500},{"address":"12211.0 144 AVENUE NW","assessed_value":350500},{"address":"13004.0 113 STREET NW","assessed_value":187000},{"address":"12207.0 94 STREET NW","assessed_value":205500},{"address":"7240.0 152A AVENUE NW","assessed_value":388000},{"address":"15105.0 121 STREET NW","assessed_value":92000},{"address":"3043.0 151 AVENUE NW","assessed_value":301500},{"address":"7816.0 130 AVENUE NW","assessed_value":323000},{"address":"12728.0 69 STREET NW","assessed_value":619000},{"address":"15016.0 22 STREET NW","assessed_value":302000},{"address":"14519.0 117 STREET NW","assessed_value":353500},{"address":"13409.0 82 STREET NW","assessed_value":0},{"address":"11927.0 95 STREET NW","assessed_value":331000},{"address":"11431.0 145 AVENUE NW","assessed_value":373500},{"address":"13520.0 110 STREET NW","assessed_value":302500},{"address":"11339.0 165 AVENUE NW","assessed_value":324000},{"address":"14515.0 58 STREET NW","assessed_value":85000},{"address":"17104.0 91 STREET NW","assessed_value":336000},{"address":"8723.0 137 AVENUE NW","assessed_value":299500},{"address":"14708.0 83 STREET NW","assessed_value":331500},{"address":"14538.0 25 STREET NW","assessed_value":309500},{"address":"5523.0 144A AVENUE NW","assessed_value":191000},{"address":"7812.0 152A AVENUE NW","assessed_value":343000},{"address":"14811.0 75 STREET NW","assessed_value":358500},{"address":"14220.0 80 STREET NW","assessed_value":117500},{"address":"2028.0 139 AVENUE NW","assessed_value":358500},{"address":"15104.0 73 STREET NW","assessed_value":363000},{"address":"8511.0 137 AVENUE NW","assessed_value":320000},{"address":"13407.0 67 STREET NW","assessed_value":338000},{"address":"605.0 VILLAGE ON THE GREEN NW","assessed_value":153000},{"address":"16916.0 100 STREET NW","assessed_value":353500},{"address":"14911.0 114 STREET NW","assessed_value":342500},{"address":"7904.0 145 AVENUE NW","assessed_value":351000},{"address":"12216.0 143 AVENUE NW","assessed_value":473500},{"address":"523.0 DUNLUCE ROAD NW","assessed_value":172000},{"address":"11811.0 139 AVENUE NW","assessed_value":258000},{"address":"12723.0 93 STREET NW","assessed_value":361000},{"address":"11932.0 90 STREET NW","assessed_value":219000},{"address":"17.0 WARWICK ROAD NW","assessed_value":271500},{"address":"9831.0 165 AVENUE NW","assessed_value":365000},{"address":"6516.0 144 AVENUE NW","assessed_value":1000},{"address":"7403.0 132 AVENUE NW","assessed_value":188500},{"address":"17118.0 96 STREET NW","assessed_value":358500},{"address":"10966.0 168A AVENUE NW","assessed_value":336000},{"address":"13304.0 72 STREET NW","assessed_value":325500},{"address":"7515.0 141 AVENUE NW","assessed_value":317000},{"address":"12011.0 152B AVENUE NW","assessed_value":395500},{"address":"13012.0 63 STREET NW","assessed_value":261000},{"address":"15208.0 74 STREET NW","assessed_value":359500},{"address":"10626.0 168 AVENUE NW","assessed_value":360000},{"address":"12222.0 143 AVENUE NW","assessed_value":420500},{"address":"13230.0 FORT ROAD NW","assessed_value":68500},{"address":"11029.0 163A AVENUE NW","assessed_value":361000},{"address":"13439.0 103 STREET NW","assessed_value":395000},{"address":"13527.0 78 STREET NW","assessed_value":329000},{"address":"7308.0 147 AVENUE NW","assessed_value":349500},{"address":"14231.0 83 STREET NW","assessed_value":340000},{"address":"13411.0 91 STREET NW","assessed_value":492500},{"address":"13330.0 89 STREET NW","assessed_value":170000},{"address":"211.0 VILLAGE ON THE GREEN NW","assessed_value":153000},{"address":"14604.0 29 STREET NW","assessed_value":367000},{"address":"12822.0 70 STREET NW","assessed_value":249500},{"address":"14523.0 19 STREET NW","assessed_value":329500},{"address":"14203.0 71 STREET NW","assessed_value":346000},{"address":"11063.0 165 AVENUE NW","assessed_value":432000},{"address":"16603.0 115 STREET NW","assessed_value":273500},{"address":"16530.0 113 STREET NW","assessed_value":459000},{"address":"9004.0 152A AVENUE NW","assessed_value":400500},{"address":"12907.0 105 STREET NW","assessed_value":283500},{"address":"7307.0 138 AVENUE NW","assessed_value":392500},{"address":"10010.0 173 AVENUE NW","assessed_value":379500},{"address":"10907.0 165 AVENUE NW","assessed_value":442500},{"address":"6315.0 150 AVENUE NW","assessed_value":353000},{"address":"12715.0 85 STREET NW","assessed_value":489500},{"address":"12844.0 FORT ROAD NW","assessed_value":273500},{"address":"11447.0 162 AVENUE NW","assessed_value":376000},{"address":"6574.0 170 AVENUE NW","assessed_value":749000},{"address":"9524.0 151 AVENUE NW","assessed_value":372000},{"address":"103.0 LORELEI CLOSE NW","assessed_value":262000},{"address":"14907.0 95 STREET NW","assessed_value":325500},{"address":"9523.0 134 AVENUE NW","assessed_value":353500},{"address":"5603.0 143 AVENUE NW","assessed_value":316000},{"address":"79.0 LANCASTER TERRACE NW","assessed_value":164000},{"address":"9025.0 132A AVENUE NW","assessed_value":195000},{"address":"9315.0 151 AVENUE NW","assessed_value":357500},{"address":"13454.0 FORT ROAD NW","assessed_value":93500},{"address":"64.0 STEELE CRESCENT NW","assessed_value":500},{"address":"752.0 WARWICK ROAD NW","assessed_value":344500},{"address":"15815.0 119 STREET NW","assessed_value":423500},{"address":"9015.0 152A AVENUE NW","assessed_value":344500},{"address":"13208.0 83 STREET NW","assessed_value":207500},{"address":"17306.0 108 STREET NW","assessed_value":212000},{"address":"10325.0 120 AVENUE NW","assessed_value":642500},{"address":"9408.0 138 AVENUE NW","assessed_value":337500},{"address":"14215.0 72 STREET NW","assessed_value":321000},{"address":"13303.0 DELWOOD ROAD NW","assessed_value":324000},{"address":"12220.0 157 AVENUE NW","assessed_value":393000},{"address":"8616.0 138 AVENUE NW","assessed_value":357500},{"address":"14035.0 121 STREET NW","assessed_value":174500},{"address":"9047.0 138 AVENUE NW","assessed_value":339000},{"address":"13412.0 83 STREET NW","assessed_value":346500},{"address":"13808.0 62 STREET NW","assessed_value":336500},{"address":"15211.0 119 STREET NW","assessed_value":350500},{"address":"13011.0 73 STREET NW","assessed_value":312500},{"address":"14010.0 62 STREET NW","assessed_value":0},{"address":"9324.0 129B AVENUE NW","assessed_value":318500},{"address":"12322.0 103 STREET NW","assessed_value":228500},{"address":"7535.0 150 AVENUE NW","assessed_value":393500},{"address":"16731.0 111 STREET NW","assessed_value":384000},{"address":"14745.0 33 STREET NW","assessed_value":337000},{"address":"9507.0 149 AVENUE NW","assessed_value":355500},{"address":"12335.0 152C AVENUE NW","assessed_value":349500},{"address":"11515.0 146 AVENUE NW","assessed_value":355500},{"address":"14407.0 87 STREET NW","assessed_value":402000},{"address":"9629.0 120 AVENUE NW","assessed_value":193500},{"address":"155.0 WARWICK ROAD NW","assessed_value":304500},{"address":"14703.0 116 STREET NW","assessed_value":356000},{"address":"2616.0 151 AVENUE NW","assessed_value":222000},{"address":"417.0 VILLAGE ON THE GREEN NW","assessed_value":153000},{"address":"7512.0 147 AVENUE NW","assessed_value":353000},{"address":"9211.0 133 AVENUE NW","assessed_value":331500},{"address":"14703.0 83 STREET NW","assessed_value":363500},{"address":"13304.0 73 STREET NW","assessed_value":367500},{"address":"702.0 VILLAGE ON THE GREEN NW","assessed_value":162500},{"address":"12904.0 78 STREET NW","assessed_value":302000},{"address":"11925.0 104 STREET NW","assessed_value":2028500},{"address":"7907.0 147 AVENUE NW","assessed_value":331000},{"address":"9563.0 145 AVENUE NW","assessed_value":355000},{"address":"11611.0 166 AVENUE NW","assessed_value":340500},{"address":"7815.0 128 AVENUE NW","assessed_value":270000},{"address":"12606.0 69 STREET NW","assessed_value":278500},{"address":"13811.0 120 STREET NW","assessed_value":377000},{"address":"13512.0 63 STREET NW","assessed_value":320500},{"address":"5611.0 143 AVENUE NW","assessed_value":319500},{"address":"16544.0 102 STREET NW","assessed_value":420500},{"address":"9211.0 172 AVENUE NW","assessed_value":393000},{"address":"8708.0 150 AVENUE NW","assessed_value":395500},{"address":"14120.0 80 STREET NW","assessed_value":112000},{"address":"8412.0 143 AVENUE NW","assessed_value":351000},{"address":"12827.0 VICTORIA TRAIL NW","assessed_value":59000},{"address":"12828.0 108 STREET NW","assessed_value":350000},{"address":"14.0 CASTLE TERRACE NW","assessed_value":177500},{"address":"12002.0 104 STREET NW","assessed_value":299500},{"address":"12920.0 86 STREET NW","assessed_value":317000},{"address":"15016.0 63 STREET NW","assessed_value":431000},{"address":"13116.0 86 STREET NW","assessed_value":245000},{"address":"15008.0 51 STREET NW","assessed_value":174000},{"address":"12115.0 150 AVENUE NW","assessed_value":333500},{"address":"13443.0 61 STREET NW","assessed_value":399500},{"address":"13323.0 FORT ROAD NW","assessed_value":555500},{"address":"8934.0 144 AVENUE NW","assessed_value":113500},{"address":"5314.0 146 AVENUE NW","assessed_value":211500},{"address":"9305.0 128 AVENUE NW","assessed_value":514000},{"address":"13035.0 65 STREET NW","assessed_value":281000},{"address":"49.0 DUNLUCE ROAD NW","assessed_value":468500},{"address":"11112.0 171 AVENUE NW","assessed_value":387000},{"address":"81.0 DUNLUCE ROAD NW","assessed_value":368500},{"address":"13119.0 62 STREET NW","assessed_value":270500},{"address":"12957.0 102 STREET NW","assessed_value":331500},{"address":"14416.0 64 STREET NW","assessed_value":330500},{"address":"10913.0 173A AVENUE NW","assessed_value":230500},{"address":"13411.0 102 STREET NW","assessed_value":415000},{"address":"17207.0 111 STREET NW","assessed_value":392500},{"address":"5425.0 144B AVENUE NW","assessed_value":130500},{"address":"15105.0 121 STREET NW","assessed_value":82500},{"address":"9524.0 142 AVENUE NW","assessed_value":370000},{"address":"14504.0 30 STREET NW","assessed_value":375500},{"address":"7404.0 131A AVENUE NW","assessed_value":325000},{"address":"6112.0 132 AVENUE NW","assessed_value":8500},{"address":"455.0 DUNLUCE ROAD NW","assessed_value":176000},{"address":"14603.0 62 STREET NW","assessed_value":344500},{"address":"14003.0 83 STREET NW","assessed_value":331000},{"address":"13227.0 70 STREET NW","assessed_value":256000},{"address":"11909.0 95 STREET NW","assessed_value":232500},{"address":"12416.0 95 STREET NW","assessed_value":247000},{"address":"16904.0 93 STREET NW","assessed_value":563500},{"address":"13304.0 71 STREET NW","assessed_value":339000},{"address":"16227.0 114 STREET NW","assessed_value":356500},{"address":"13615.0 61 STREET NW","assessed_value":401000},{"address":"7216.0 132 AVENUE NW","assessed_value":319000},{"address":"13911.0 64 STREET NW","assessed_value":285000},{"address":"8311.0 147 AVENUE NW","assessed_value":338000},{"address":"10412.0 LAUDER AVENUE NW","assessed_value":195000},{"address":"11919.0 138 AVENUE NW","assessed_value":318000},{"address":"5503.0 130 AVENUE NW","assessed_value":3298000},{"address":"11831.0 92 STREET NW","assessed_value":341500},{"address":"8412.0 138 AVENUE NW","assessed_value":350000},{"address":"7915.0 132 AVENUE NW","assessed_value":292500},{"address":"12238.0 90 STREET NW","assessed_value":196000},{"address":"14565.0 121 STREET NW","assessed_value":165000},{"address":"12923.0 75 STREET NW","assessed_value":343500},{"address":"223.0 LANCASTER TERRACE NW","assessed_value":133000},{"address":"15011.0 55 STREET NW","assessed_value":405000},{"address":"10523.0 133 AVENUE NW","assessed_value":307500},{"address":"635.0 KIRKNESS ROAD NW","assessed_value":420500},{"address":"14724.0 121 STREET NW","assessed_value":140500},{"address":"12803.0 56 STREET NW","assessed_value":1299500},{"address":"7007.0 150 AVENUE NW","assessed_value":360000},{"address":"16543.0 116 STREET NW","assessed_value":353500},{"address":"11008.0 166 AVENUE NW","assessed_value":453000},{"address":"2211.0 142 AVENUE NW","assessed_value":309000},{"address":"12904.0 73 STREET NW","assessed_value":280500},{"address":"11950.0 145 AVENUE NW","assessed_value":185000},{"address":"8707.0 136 AVENUE NW","assessed_value":480500},{"address":"6304.0 152A AVENUE NW","assessed_value":338000},{"address":"8411.0 152A AVENUE NW","assessed_value":362500},{"address":"5624.0 140A AVENUE NW","assessed_value":305500},{"address":"10824.0 173 AVENUE NW","assessed_value":235500},{"address":"12211.0 102 STREET NW","assessed_value":352000},{"address":"13220.0 90 STREET NW","assessed_value":214000},{"address":"7404.0 135A AVENUE NW","assessed_value":431000},{"address":"7611.0 130 AVENUE NW","assessed_value":342000},{"address":"10909.0 169A AVENUE NW","assessed_value":346000},{"address":"7512.0 135A AVENUE NW","assessed_value":325000},{"address":"14225.0 82 STREET NW","assessed_value":117500},{"address":"12412.0 161 AVENUE NW","assessed_value":126000},{"address":"13416.0 71 STREET NW","assessed_value":434500},{"address":"11816.0 140 AVENUE NW","assessed_value":405000},{"address":"16715.0 101 STREET NW","assessed_value":363000},{"address":"139.0 MAYFAIR MEWS NW","assessed_value":161500},{"address":"14212.0 86 STREET NW","assessed_value":347000},{"address":"14223.0 117 STREET NW","assessed_value":269000},{"address":"6115.0 150 AVENUE NW","assessed_value":339500},{"address":"8204.0 135A AVENUE NW","assessed_value":295500},{"address":"11607.0 138 AVENUE NW","assessed_value":340500},{"address":"13136.0 63 STREET NW","assessed_value":286000},{"address":"13223.0 63 STREET NW","assessed_value":295000},{"address":"5633.0 137 AVENUE NW","assessed_value":157500},{"address":"360.0 DUNLUCE ROAD NW","assessed_value":354000},{"address":"9419.0 145 AVENUE NW","assessed_value":346500},{"address":"13324.0 90 STREET NW","assessed_value":8500},{"address":"15211.0 54 STREET NW","assessed_value":160500},{"address":"13030.0 FORT ROAD NW","assessed_value":500},{"address":"41.0 MCLEOD PLACE NW","assessed_value":170500},{"address":"12031.0 91 STREET NW","assessed_value":398500},{"address":"1919.0 145A AVENUE NW","assessed_value":319000},{"address":"10230.0 130 AVENUE NW","assessed_value":358000},{"address":"90.0 LORELEI CLOSE NW","assessed_value":270000},{"address":"11739.0 152A AVENUE NW","assessed_value":318500},{"address":"14415.0 64 STREET NW","assessed_value":316500},{"address":"10416.0 LAUDER AVENUE NW","assessed_value":251500},{"address":"13112.0 79 STREET NW","assessed_value":304000},{"address":"16512.0 109 STREET NW","assessed_value":381500},{"address":"7817.0 135A AVENUE NW","assessed_value":500},{"address":"8112.0 144 AVENUE NW","assessed_value":322500},{"address":"13811.0 26 STREET NW","assessed_value":288500},{"address":"12212.0 141 AVENUE NW","assessed_value":401000},{"address":"14308.0 121 STREET NW","assessed_value":514000},{"address":"14212.0 77 STREET NW","assessed_value":317500},{"address":"14487.0 55 STREET NW","assessed_value":159500},{"address":"14707.0 96 STREET NW","assessed_value":353000},{"address":"13120.0 85 STREET NW","assessed_value":438500},{"address":"17017.0 100 STREET NW","assessed_value":170000},{"address":"7707.0 134 AVENUE NW","assessed_value":327000},{"address":"9504.0 171 AVENUE NW","assessed_value":301000},{"address":"13231.0 72 STREET NW","assessed_value":311000},{"address":"11462.0 139 AVENUE NW","assessed_value":180000},{"address":"9108.0 135 AVENUE NW","assessed_value":316000},{"address":"9924.0 173 AVENUE NW","assessed_value":420500},{"address":"11927.0 152B AVENUE NW","assessed_value":355000},{"address":"7812.0 134 AVENUE NW","assessed_value":341500},{"address":"11916.0 152A AVENUE NW","assessed_value":390000},{"address":"5904.0 141 AVENUE NW","assessed_value":352500},{"address":"17135.0 109 STREET NW","assessed_value":177000},{"address":"14011.0 21 STREET NW","assessed_value":306000},{"address":"17239.0 104 STREET NW","assessed_value":1000},{"address":"11444.0 144 AVENUE NW","assessed_value":340500},{"address":"2203.0 145 AVENUE NW","assessed_value":335500},{"address":"9012.0 135 AVENUE NW","assessed_value":338000},{"address":"11719.0 146 AVENUE NW","assessed_value":347000},{"address":"11820.0 95A STREET NW","assessed_value":239500},{"address":"13303.0 90 STREET NW","assessed_value":161500},{"address":"14339.0 123 STREET NW","assessed_value":394500},{"address":"2303.0 146 AVENUE NW","assessed_value":321500},{"address":"14932.0 123 STREET NW","assessed_value":342500},{"address":"2516.0 151 AVENUE NW","assessed_value":272000},{"address":"13504.0 89 STREET NW","assessed_value":500},{"address":"10328.0 172 AVENUE NW","assessed_value":255500},{"address":"7908.0 127 AVENUE NW","assessed_value":267500},{"address":"16504.0 100 STREET NW","assessed_value":363500},{"address":"13320.0 96 STREET NW","assessed_value":281500},{"address":"9803.0 163 AVENUE NW","assessed_value":449500},{"address":"14618.0 52 STREET NW","assessed_value":212000},{"address":"14540.0 20 STREET NW","assessed_value":318500},{"address":"109.0 DUNLUCE ROAD NW","assessed_value":350000},{"address":"12821.0 90 STREET NW","assessed_value":456000},{"address":"12825.0 67 STREET NW","assessed_value":376000},{"address":"616.0 WARWICK ROAD NW","assessed_value":344000},{"address":"14413.0 31 STREET NW","assessed_value":308000},{"address":"15215.0 89 STREET NW","assessed_value":382500},{"address":"11023.0 171 AVENUE NW","assessed_value":386500},{"address":"15020.0 84 STREET NW","assessed_value":368000},{"address":"13412.0 57 STREET NW","assessed_value":345000},{"address":"14205.0 82 STREET NW","assessed_value":145000},{"address":"6715.0 131A AVENUE NW","assessed_value":66500},{"address":"8904.0 136 AVENUE NW","assessed_value":270500},{"address":"5912.0 133A AVENUE NW","assessed_value":280000},{"address":"15223.0 120 STREET NW","assessed_value":1000},{"address":"8523.0 151 AVENUE NW","assessed_value":385500},{"address":"12722.0 67 STREET NW","assessed_value":276000},{"address":"11812.0 90 STREET NW","assessed_value":189000},{"address":"6212.0 146 AVENUE NW","assessed_value":342000},{"address":"13407.0 112 STREET NW","assessed_value":279500},{"address":"11007.0 170 AVENUE NW","assessed_value":423500},{"address":"7307.0 144 AVENUE NW","assessed_value":361000},{"address":"232.0 DUNLUCE ROAD NW","assessed_value":422000},{"address":"7035.0 138 AVENUE NW","assessed_value":363500},{"address":"9227.0 169 AVENUE NW","assessed_value":405500},{"address":"12836.0 50 STREET NW","assessed_value":20500},{"address":"13116.0 89 STREET NW","assessed_value":439500},{"address":"12720.0 74 STREET NW","assessed_value":279500},{"address":"13331.0 89A STREET NW","assessed_value":161000},{"address":"14027.0 122 STREET NW","assessed_value":401500},{"address":"15119.0 84 STREET NW","assessed_value":386500},{"address":"13220.0 94 STREET NW","assessed_value":322000},{"address":"16348.0 109 STREET NW","assessed_value":141500},{"address":"14224.0 115 STREET NW","assessed_value":420000},{"address":"9123.0 139 AVENUE NW","assessed_value":379000},{"address":"13831.0 114 STREET NW","assessed_value":203500},{"address":"13436.0 71 STREET NW","assessed_value":328000},{"address":"12342.0 95 STREET NW","assessed_value":299500},{"address":"12416.0 161 AVENUE NW","assessed_value":126000},{"address":"5511.0 140A AVENUE NW","assessed_value":340500},{"address":"5807.0 144 AVENUE NW","assessed_value":306000},{"address":"16340.0 109 STREET NW","assessed_value":135500},{"address":"7316.0 152A AVENUE NW","assessed_value":360000},{"address":"11843.0 92 STREET NW","assessed_value":228000},{"address":"13516.0 87 STREET NW","assessed_value":340500},{"address":"6804.0 144 AVENUE NW","assessed_value":161500},{"address":"14912.0 96 STREET NW","assessed_value":333500},{"address":"16116.0 101 STREET NW","assessed_value":400500},{"address":"6920.0 140 AVENUE NW","assessed_value":354500},{"address":"12244.0 142 AVENUE NW","assessed_value":340500},{"address":"12239.0 92 STREET NW","assessed_value":308000},{"address":"13512.0 80A STREET NW","assessed_value":449000},{"address":"12219.0 104 STREET NW","assessed_value":300000},{"address":"11817.0 95A STREET NW","assessed_value":249500},{"address":"6207.0 134 AVENUE NW","assessed_value":309000},{"address":"14119.0 121 STREET NW","assessed_value":170500},{"address":"8411.0 134 AVENUE NW","assessed_value":286500},{"address":"11432.0 161 AVENUE NW","assessed_value":348500},{"address":"13219.0 109 STREET NW","assessed_value":214500},{"address":"14716.0 59 STREET NW","assessed_value":401000},{"address":"11423.0 161 AVENUE NW","assessed_value":352500},{"address":"13812.0 21 STREET NW","assessed_value":423500},{"address":"7403.0 134 AVENUE NW","assessed_value":374500},{"address":"11043.0 165 AVENUE NW","assessed_value":360000},{"address":"7709.0 136 AVENUE NW","assessed_value":8000},{"address":"14107.0 59 STREET NW","assessed_value":331000},{"address":"9808.0 169 AVENUE NW","assessed_value":357000},{"address":"15007.0 81 STREET NW","assessed_value":345000},{"address":"8719.0 130A AVENUE NW","assessed_value":275500},{"address":"10043.0 173 AVENUE NW","assessed_value":224500}]