[{"address":"1786.0 TANAGER CLOSE NW","assessed_value":751000},{"address":"22432.0 80 AVENUE NW","assessed_value":481500},{"address":"nan nan","assessed_value":5000},{"address":"1515.0 157 STREET SW","assessed_value":399000},{"address":"2310.0 CHOKECHERRY CLOSE SW","assessed_value":513000},{"address":"20023.0 17A AVENUE NW","assessed_value":506000},{"address":"nan nan","assessed_value":6500},{"address":"215.0 SADDLEBACK ROAD NW","assessed_value":308500},{"address":"nan nan","assessed_value":5500},{"address":"9010.0 COOPER LINK SW","assessed_value":428000},{"address":"665.0 LEWIS GREENS DRIVE NW","assessed_value":445500},{"address":"655.0 EAGLESON CRESCENT NW","assessed_value":829000},{"address":"9309.0 COOPER BEND SW","assessed_value":573500},{"address":"8319.0 80 AVENUE NW","assessed_value":706500},{"address":"5873.0 MULLEN PLACE NW","assessed_value":481500},{"address":"1332.0 ENRIGHT LANDING NW","assessed_value":461500},{"address":"9113.0 111 AVENUE NW","assessed_value":164000},{"address":"7021.0 SOUTH TERWILLEGAR DRIVE NW","assessed_value":269500},{"address":"6127.0 CRAWFORD DRIVE SW","assessed_value":936500},{"address":"17220.0 64 STREET NW","assessed_value":533000},{"address":"4253.0 CHICHAK CLOSE SW","assessed_value":478500},{"address":"242.0 CHARLESWORTH DRIVE SW","assessed_value":454500},{"address":"1636.0 KERR ROAD NW","assessed_value":350000},{"address":"nan nan","assessed_value":3000},{"address":"8023.0 ORCHARDS GREEN SW","assessed_value":380500},{"address":"708.0 CONROY COURT SW","assessed_value":607500},{"address":"1008.0 ROSENTHAL BOULEVARD NW","assessed_value":226500},{"address":"4437.0 SUZANNA CRESCENT SW","assessed_value":950500},{"address":"5763.0 KEEPING CRESCENT SW","assessed_value":858500},{"address":"828.0 CAVANAGH HEATH SW","assessed_value":388500},{"address":"nan nan","assessed_value":10000},{"address":"2132.0 159 STREET SW","assessed_value":462000},{"address":"nan nan","assessed_value":3000},{"address":"9989.0 205A STREET NW","assessed_value":488000},{"address":"2081.0 PRICE LANDING SW","assessed_value":576500},{"address":"nan nan","assessed_value":14500},{"address":"1818.0 RUTHERFORD ROAD SW","assessed_value":167500},{"address":"12924.0 211 STREET NW","assessed_value":521000},{"address":"nan nan","assessed_value":9000},{"address":"nan nan","assessed_value":9500},{"address":"4042.0 MACTAGGART DRIVE NW","assessed_value":858500},{"address":"6022.0 CRAWFORD DRIVE SW","assessed_value":1288500},{"address":"10950.0 115 STREET NW","assessed_value":663000},{"address":"4205.0 30 STREET NW","assessed_value":357500},{"address":"723.0 172 STREET SW","assessed_value":334000},{"address":"11845.0 89 STREET NW","assessed_value":1285000},{"address":"nan nan","assessed_value":12500},{"address":"1519.0 ERKER LINK NW","assessed_value":844000},{"address":"1131.0 28 STREET NW","assessed_value":469500},{"address":"1675.0 ERKER WAY NW","assessed_value":462500},{"address":"nan nan","assessed_value":11000},{"address":"9043.0 COOPER LINK SW","assessed_value":392000},{"address":"nan nan","assessed_value":9500},{"address":"nan nan","assessed_value":45000},{"address":"4044.0 CHAPPELLE GREEN SW","assessed_value":485000},{"address":"12835.0 112 AVENUE NW","assessed_value":443000},{"address":"394.0 WINDERMERE ROAD NW","assessed_value":229000},{"address":"nan nan","assessed_value":13000},{"address":"2215.0 24 STREET NW","assessed_value":322000},{"address":"204.0 39 AVENUE NW","assessed_value":461000},{"address":"22917.0 95A AVENUE NW","assessed_value":470000},{"address":"2523.0 14 AVENUE NW","assessed_value":418000},{"address":"394.0 WINDERMERE ROAD NW","assessed_value":210000},{"address":"2942.0 ANTON LINK SW","assessed_value":567000},{"address":"20104.0 27 AVENUE NW","assessed_value":421500},{"address":"2781.0 COLLINS CRESCENT SW","assessed_value":477500},{"address":"3145.0 CHOKECHERRY BEND SW","assessed_value":448500},{"address":"10410.0 102 AVENUE NW","assessed_value":243500},{"address":"529.0 GLENRIDDING RAVINE DRIVE SW","assessed_value":399500},{"address":"6347.0 170 AVENUE NW","assessed_value":452000},{"address":"20683.0 94 AVENUE NW","assessed_value":393000},{"address":"1249.0 DANIELS CRESCENT SW","assessed_value":604500},{"address":"1442.0 DARBY GREEN SW","assessed_value":579500},{"address":"9610.0 167 STREET SW","assessed_value":1388000},{"address":"8745.0 CARSON WAY SW","assessed_value":374000},{"address":"1785.0 ERKER WAY NW","assessed_value":503500},{"address":"7280.0 2 STREET SW","assessed_value":828500},{"address":"3753.0 CHERRY LOOP SW","assessed_value":696000},{"address":"210.0 DESROCHERS BOULEVARD SW","assessed_value":404000},{"address":"2297.0 CHOKECHERRY CLOSE SW","assessed_value":495500},{"address":"2993.0 CHOKECHERRY COMMON SW","assessed_value":597500},{"address":"20423.0 128 AVENUE NW","assessed_value":832000},{"address":"320.0 SECORD BOULEVARD NW","assessed_value":319000},{"address":"5031.0 ANDISON CLOSE SW","assessed_value":424000},{"address":"6458.0 177A AVENUE NW","assessed_value":460500},{"address":"2499.0 KELLY CIRCLE SW","assessed_value":538500},{"address":"22524.0 80 AVENUE NW","assessed_value":460000},{"address":"nan nan","assessed_value":11000},{"address":"12904.0 123 STREET NW","assessed_value":403000},{"address":"8340.0 77 AVENUE NW","assessed_value":560000},{"address":"8619.0 221 STREET NW","assessed_value":465500},{"address":"1396.0 ENRIGHT LANDING NW","assessed_value":800500},{"address":"1619.0 ENRIGHT WAY NW","assessed_value":450000},{"address":"9707.0 224 STREET NW","assessed_value":585000},{"address":"2860.0 DUKE CRESCENT SW","assessed_value":480000},{"address":"12307.0 65 AVENUE NW","assessed_value":1253000},{"address":"117.0 GLENRIDDING RAVINE ROAD SW","assessed_value":626500},{"address":"nan nan","assessed_value":3500},{"address":"5555.0 SCHONSEE DRIVE NW","assessed_value":435000},{"address":"22329.0 93A AVENUE NW","assessed_value":451000},{"address":"17924.0 61 STREET NW","assessed_value":474500},{"address":"2803.0 14 AVENUE NW","assessed_value":335000},{"address":"nan nan","assessed_value":12500},{"address":"16903.0 68 STREET NW","assessed_value":326000},{"address":"3055.0 CHECKNITA WAY SW","assessed_value":470000},{"address":"8643.0 221 STREET NW","assessed_value":466000},{"address":"nan nan","assessed_value":6500},{"address":"446.0 ALLARD BOULEVARD SW","assessed_value":250500},{"address":"16624.0 32 AVENUE SW","assessed_value":631500},{"address":"nan nan","assessed_value":14500},{"address":"6234.0 HAMPTON GRAY AVENUE NW","assessed_value":168500},{"address":"4420.0 SUZANNA CRESCENT SW","assessed_value":1089500},{"address":"2507.0 PRICE WAY SW","assessed_value":492500},{"address":"5082.0 CHAPPELLE ROAD SW","assessed_value":471500},{"address":"16141.0 142 STREET NW","assessed_value":609500},{"address":"5517.0 CHEGWIN POINT SW","assessed_value":288000},{"address":"nan nan","assessed_value":12500},{"address":"1530.0 TAMARACK BOULEVARD NW","assessed_value":216500},{"address":"2262.0 57 STREET SW","assessed_value":685500},{"address":"713.0 36 STREET SW","assessed_value":405000},{"address":"12112.0 67 STREET NW","assessed_value":3925500},{"address":"nan nan","assessed_value":13000},{"address":"4515.0 91 STREET SW","assessed_value":702000},{"address":"721.0 36 STREET SW","assessed_value":442500},{"address":"7021.0 SOUTH TERWILLEGAR DRIVE NW","assessed_value":268000},{"address":"9846.0 162 STREET NW","assessed_value":550500},{"address":"nan nan","assessed_value":12500},{"address":"1703.0 16 AVENUE NW","assessed_value":380000},{"address":"nan nan","assessed_value":6000},{"address":"14032.0 106 AVENUE NW","assessed_value":818500},{"address":"524.0 GRIESBACH PARADE NW","assessed_value":333500},{"address":"20748.0 99B AVENUE NW","assessed_value":419000},{"address":"6041.0 CRAWFORD DRIVE SW","assessed_value":712000},{"address":"nan nan","assessed_value":11000},{"address":"17923.0 59 STREET NW","assessed_value":610500},{"address":"8141.0 222A STREET NW","assessed_value":618000},{"address":"18131.0 89 STREET NW","assessed_value":648500},{"address":"2703.0 ORCHARDS ROAD SW","assessed_value":399000},{"address":"514.0 EAGLESON WYND NW","assessed_value":594500},{"address":"10502.0 133 STREET NW","assessed_value":837500},{"address":"1938.0 20 STREET NW","assessed_value":1051500},{"address":"nan nan","assessed_value":45000},{"address":"nan nan","assessed_value":5000},{"address":"560.0 GRIESBACH PARADE NW","assessed_value":295000},{"address":"691.0 EAGLESON CRESCENT NW","assessed_value":442000},{"address":"2125.0 CASSELMAN LINK SW","assessed_value":288000},{"address":"5767.0 KEEPING CRESCENT SW","assessed_value":605500},{"address":"nan nan","assessed_value":9500},{"address":"506.0 CONROY CRESCENT SW","assessed_value":467000},{"address":"3733.0 98 STREET NW","assessed_value":352000},{"address":"7508.0 GETTY GATE NW","assessed_value":206000},{"address":"4050.0 CHAPPELLE GREEN SW","assessed_value":458500},{"address":"1818.0 RUTHERFORD ROAD SW","assessed_value":235500},{"address":"15501.0 95 AVENUE NW","assessed_value":476000},{"address":"524.0 GRIESBACH PARADE NW","assessed_value":356000},{"address":"20027.0 20 AVENUE NW","assessed_value":309500},{"address":"17709.0 64A STREET NW","assessed_value":466500},{"address":"12833.0 72 STREET NW","assessed_value":1700000},{"address":"14105.0 102 AVENUE SW","assessed_value":4740500},{"address":"9323.0 101A AVENUE NW","assessed_value":13797500},{"address":"nan nan","assessed_value":45000},{"address":"1812.0 25 STREET NW","assessed_value":477000},{"address":"5138.0 GATEWAY BOULEVARD NW","assessed_value":2997000},{"address":"1008.0 ROSENTHAL BOULEVARD NW","assessed_value":241500},{"address":"4610.0 ALWOOD WAY SW","assessed_value":496500},{"address":"14375.0 92A AVENUE NW","assessed_value":871500},{"address":"20658.0 94A AVENUE NW","assessed_value":494500},{"address":"9616.0 229 STREET NW","assessed_value":454500},{"address":"1939.0 DAVIDSON WYND SW","assessed_value":533000},{"address":"3915.0 ROBINS CRESCENT NW","assessed_value":580500},{"address":"655.0 WATT BOULEVARD SW","assessed_value":345000},{"address":"nan nan","assessed_value":12000},{"address":"804.0 WELSH DRIVE SW","assessed_value":314000},{"address":"20503.0 99 AVENUE NW","assessed_value":591500},{"address":"1023.0 173 STREET SW","assessed_value":330500},{"address":"824.0 CRYSTALLINA NERA WAY NW","assessed_value":547500},{"address":"nan nan","assessed_value":5500},{"address":"nan nan","assessed_value":9500},{"address":"nan nan","assessed_value":9000},{"address":"9.0 1530 TAMARACK BOULEVARD NW","assessed_value":215000},{"address":"nan nan","assessed_value":6000},{"address":"nan nan","assessed_value":23500},{"address":"7925.0 CORONET ROAD NW","assessed_value":503000},{"address":"1401.0 ERKER CRESCENT NW","assessed_value":465000},{"address":"16903.0 68 STREET NW","assessed_value":328500},{"address":"761.0 SECORD BOULEVARD NW","assessed_value":403000},{"address":"230.0 EDGEMONT ROAD NW","assessed_value":347500},{"address":"3045.0 CARPENTER LANDING SW","assessed_value":739000},{"address":"7508.0 GETTY GATE NW","assessed_value":199500},{"address":"1707.0 200 STREET NW","assessed_value":569000},{"address":"1051.0 GRAYDON HILL BOULEVARD SW","assessed_value":360500},{"address":"6507.0 167A AVENUE NW","assessed_value":427500},{"address":"7617.0 KORULUK PLACE SW","assessed_value":466500},{"address":"4470.0 PROWSE ROAD SW","assessed_value":285000},{"address":"nan nan","assessed_value":10500},{"address":"8741.0 92 AVENUE NW","assessed_value":288500},{"address":"5042.0 ANDISON CLOSE SW","assessed_value":478000},{"address":"3814.0 CHERRY LOOP SW","assessed_value":591500},{"address":"17.0 EBBERS CLOSE NW","assessed_value":369500},{"address":"5327.0 24 AVENUE SW","assessed_value":668500},{"address":"5304.0 ELLERSLIE ROAD SW","assessed_value":4599500},{"address":"nan nan","assessed_value":7500},{"address":"5504.0 SCHONSEE DRIVE NW","assessed_value":283000},{"address":"2011.0 160 STREET SW","assessed_value":471000},{"address":"4205.0 30 STREET NW","assessed_value":333500},{"address":"10963.0 138 STREET NW","assessed_value":671500},{"address":"2413.0 KELLY CIRCLE SW","assessed_value":533500},{"address":"1108.0 CY BECKER ROAD NW","assessed_value":417000},{"address":"1904.0 22 STREET NW","assessed_value":883500},{"address":"9368.0 PEAR LINK SW","assessed_value":514500},{"address":"1506.0 TAMARACK BOULEVARD NW","assessed_value":254500},{"address":"1304.0 RUTHERFORD ROAD SW","assessed_value":426000},{"address":"11403.0 17 AVENUE SW","assessed_value":305000},{"address":"368.0 CRYSTALLINA NERA DRIVE NW","assessed_value":389500},{"address":"1385.0 MCCONACHIE BOULEVARD NW","assessed_value":512500},{"address":"1760.0 TANAGER CLOSE NW","assessed_value":694000},{"address":"2132.0 160 STREET SW","assessed_value":535500},{"address":"12239.0 89 STREET NW","assessed_value":492500},{"address":"3544.0 KESWICK BOULEVARD SW","assessed_value":915500},{"address":"10618.0 110 AVENUE NW","assessed_value":328500},{"address":"19732.0 27 AVENUE NW","assessed_value":387500},{"address":"11322.0 78 AVENUE NW","assessed_value":711000},{"address":"nan nan","assessed_value":5000},{"address":"2823.0 200 STREET NW","assessed_value":663000},{"address":"11535.0 88 STREET NW","assessed_value":327500},{"address":"1506.0 TAMARACK BOULEVARD NW","assessed_value":170000},{"address":"6043.0 180 AVENUE NW","assessed_value":528500},{"address":"564.0 LEWIS GREENS DRIVE NW","assessed_value":522500},{"address":"4447.0 KINSELLA GREEN SW","assessed_value":529500},{"address":"938.0 MCCONACHIE BOULEVARD NW","assessed_value":505500},{"address":"nan nan","assessed_value":24500},{"address":"10338.0 79 STREET NW","assessed_value":580500},{"address":"nan nan","assessed_value":7500},{"address":"3128.0 KESWICK WAY SW","assessed_value":421500},{"address":"2755.0 109 STREET NW","assessed_value":266500},{"address":"6351.0 169 AVENUE NW","assessed_value":518000},{"address":"2550.0 151A AVENUE NW","assessed_value":452000},{"address":"6315.0 174 AVENUE NW","assessed_value":604500},{"address":"22745.0 95A AVENUE NW","assessed_value":438000},{"address":"22503.0 80 AVENUE NW","assessed_value":477000},{"address":"546.0 PATERSON WAY SW","assessed_value":508500},{"address":"1703.0 16 AVENUE NW","assessed_value":421500},{"address":"528.0 GRIESBACH PARADE NW","assessed_value":330000},{"address":"4517.0 190A STREET NW","assessed_value":523500},{"address":"nan nan","assessed_value":6000},{"address":"3023.0 CHOKECHERRY COMMON SW","assessed_value":560500},{"address":"5062.0 CHAPPELLE ROAD SW","assessed_value":443500},{"address":"nan nan","assessed_value":14500},{"address":"3216.0 CHERRY CRESCENT SW","assessed_value":437500},{"address":"12815.0 CUMBERLAND ROAD NW","assessed_value":318500},{"address":"2128.0 GRAYDON HILL CRESCENT SW","assessed_value":574000},{"address":"556.0 PATERSON WAY SW","assessed_value":456500},{"address":"13139.0 205 STREET NW","assessed_value":317000},{"address":"4020.0 KINSELLA WAY SW","assessed_value":403000},{"address":"22717.0 95A AVENUE NW","assessed_value":152500},{"address":"nan nan","assessed_value":25500},{"address":"1042.0 DANIELS LOOP SW","assessed_value":463500},{"address":"1008.0 ROSENTHAL BOULEVARD NW","assessed_value":227500},{"address":"1615.0 201 STREET NW","assessed_value":537000},{"address":"6323.0 CRAWFORD LINK SW","assessed_value":569500},{"address":"9003.0 91 STREET NW","assessed_value":460500},{"address":"4620.0 ALWOOD WAY SW","assessed_value":527500},{"address":"9707.0 154 STREET NW","assessed_value":572500},{"address":"6054.0 KING LANDING SW","assessed_value":604000},{"address":"635.0 36 STREET SW","assessed_value":401000},{"address":"nan nan","assessed_value":3000},{"address":"1123.0 KESWICK DRIVE SW","assessed_value":371000},{"address":"nan nan","assessed_value":7500},{"address":"6231.0 128 STREET NW","assessed_value":1152500},{"address":"nan nan","assessed_value":11000},{"address":"12807.0 204 STREET NW","assessed_value":379500},{"address":"3129.0 CHOKECHERRY BEND SW","assessed_value":766500},{"address":"9720.0 106 STREET NW","assessed_value":190500},{"address":"394.0 WINDERMERE ROAD NW","assessed_value":196500},{"address":"nan nan","assessed_value":14500},{"address":"15713.0 102 AVENUE NW","assessed_value":299000},{"address":"6263.0 ANDREWS LOOP SW","assessed_value":553500},{"address":"nan nan","assessed_value":12000},{"address":"5713.0 ALLBRIGHT COURT SW","assessed_value":562000},{"address":"20607.0 99B AVENUE NW","assessed_value":456000},{"address":"nan nan","assessed_value":6000},{"address":"nan nan","assessed_value":4500},{"address":"nan nan","assessed_value":9500},{"address":"6095.0 KING LANDING SW","assessed_value":582500},{"address":"2755.0 109 STREET NW","assessed_value":299000},{"address":"2256.0 KELLY CRESCENT SW","assessed_value":855000},{"address":"5805.0 113 A STREET NW","assessed_value":1007000},{"address":"2815.0 170 STREET SW","assessed_value":608000},{"address":"6763.0 ELSTON LANE NW","assessed_value":456500},{"address":"924.0 MCCONACHIE BOULEVARD NW","assessed_value":507500},{"address":"2803.0 14 AVENUE NW","assessed_value":335000},{"address":"11403.0 17 AVENUE SW","assessed_value":274500},{"address":"nan nan","assessed_value":6500},{"address":"11803.0 48 STREET NW","assessed_value":2726000},{"address":"1506.0 TAMARACK BOULEVARD NW","assessed_value":174000},{"address":"2752.0 BLATCHFORD ROAD NW","assessed_value":566500},{"address":"22579.0 98 AVENUE NW","assessed_value":480500},{"address":"829.0 GLENRIDDING RAVINE WYND SW","assessed_value":776500},{"address":"4320.0 127 STREET SW","assessed_value":898500},{"address":"16811.0 65 STREET NW","assessed_value":441000},{"address":"10609.0 60 AVENUE NW","assessed_value":1130500},{"address":"8640.0 MAYDAY WYND SW","assessed_value":617500},{"address":"2816.0 204 STREET NW","assessed_value":1022500},{"address":"5627.0 ALLBRIGHT BAY SW","assessed_value":578000},{"address":"2067.0 160 STREET SW","assessed_value":493000},{"address":"2492.0 KELLY CIRCLE SW","assessed_value":688500},{"address":"2123.0 52 STREET SW","assessed_value":451500},{"address":"5349.0 ADMIRAL GIROUARD STREET NW","assessed_value":428500},{"address":"14306.0 88 AVENUE NW","assessed_value":847000},{"address":"22718.0 95A AVENUE NW","assessed_value":444000},{"address":"1010.0 RABBIT HILL ROAD SW","assessed_value":359000},{"address":"9626.0 225 STREET NW","assessed_value":422500},{"address":"3857.0 ROBBINS CRESCENT NW","assessed_value":441000},{"address":"10954.0 84 STREET NW","assessed_value":54989500},{"address":"3724.0 4 STREET NW","assessed_value":473500},{"address":"9120.0 PEAR DRIVE SW","assessed_value":466000},{"address":"7508.0 GETTY GREEN GATE NW","assessed_value":208000},{"address":"12008.0 62 STREET NW","assessed_value":295500},{"address":"9429.0 79 STREET NW","assessed_value":700000},{"address":"1906.0 25A STREET NW","assessed_value":590500},{"address":"1197.0 KESWICK DRIVE SW","assessed_value":379500},{"address":"nan nan","assessed_value":5500},{"address":"17832.0 78 STREET NW","assessed_value":324500},{"address":"11403.0 17 AVENUE SW","assessed_value":252000},{"address":"4031.0 5 AVENUE SW","assessed_value":624500},{"address":"1610.0 50 AVENUE SW","assessed_value":952500},{"address":"3807.0 CHERRY LOOP SW","assessed_value":592000},{"address":"nan nan","assessed_value":12500},{"address":"1912.0 TANAGER PLACE NW","assessed_value":431500},{"address":"9334.0 COOPER BEND SW","assessed_value":453500},{"address":"nan nan","assessed_value":6000},{"address":"3833.0 CHRUSTAWKA PLACE SW","assessed_value":400500},{"address":"1105.0 28 STREET NW","assessed_value":498500},{"address":"5504.0 SCHONSEE DRIVE NW","assessed_value":291000},{"address":"1818.0 RUTHERFORD ROAD SW","assessed_value":144500},{"address":"6115.0 127 STREET SW","assessed_value":22000},{"address":"4264.0 CHICHAK CLOSE SW","assessed_value":639000},{"address":"2637.0 196A STREET NW","assessed_value":384500},{"address":"5620.0 CAUTLEY COVE SW","assessed_value":885000},{"address":"1474.0 HOWES CRESCENT SW","assessed_value":719000},{"address":"10533.0 136 STREET NW","assessed_value":835500},{"address":"nan nan","assessed_value":7500},{"address":"10006.0 83 AVENUE NW","assessed_value":301000},{"address":"3393.0 ERLANGER BEND NW","assessed_value":439500},{"address":"2147.0 51 STREET SW","assessed_value":496000},{"address":"6226.0 HAMPTON GRAY AVENUE NW","assessed_value":355000},{"address":"20103.0 16 AVENUE NW","assessed_value":568000},{"address":"9422.0 209A STREET NW","assessed_value":464500},{"address":"652.0 EAGLESON CRESCENT NW","assessed_value":612500},{"address":"13606.0 102 AVENUE SW","assessed_value":3001500},{"address":"6532.0 168 AVENUE NW","assessed_value":405000},{"address":"1350.0 ERKER CRESCENT NW","assessed_value":505500},{"address":"9907.0 91 AVENUE NW","assessed_value":286000},{"address":"121.0 GLENRIDDING RAVINE ROAD SW","assessed_value":677500},{"address":"3529.0 CHERRY LANDING SW","assessed_value":481500},{"address":"nan nan","assessed_value":4500},{"address":"11403.0 17 AVENUE SW","assessed_value":269500},{"address":"13508.0 RAVINE DRIVE NW","assessed_value":3336500},{"address":"792.0 SECORD BOULEVARD NW","assessed_value":430500},{"address":"723.0 172 STREET SW","assessed_value":347000},{"address":"16015.0 32 AVENUE SW","assessed_value":568000},{"address":"1217.0 27 STREET NW","assessed_value":475500},{"address":"9648.0 224 STREET NW","assessed_value":465500},{"address":"2290.0 CHOKECHERRY CLOSE SW","assessed_value":408000},{"address":"610.0 41 STREET SW","assessed_value":473500},{"address":"22559.0 98 AVENUE NW","assessed_value":478500},{"address":"12815.0 CUMBERLAND ROAD NW","assessed_value":339500},{"address":"5633.0 111 AVENUE NW","assessed_value":1538500},{"address":"3075.0 COUGHLAN LANE SW","assessed_value":471000},{"address":"5504.0 SCHONSEE DRIVE NW","assessed_value":212500},{"address":"22552.0 80 AVENUE NW","assessed_value":460500},{"address":"7807.0 YORKE ROAD NW","assessed_value":680000},{"address":"2406.0 17A AVENUE NW","assessed_value":1008000},{"address":"6359.0 174 AVENUE NW","assessed_value":568500},{"address":"nan nan","assessed_value":5000},{"address":"320.0 SECORD BOULEVARD NW","assessed_value":331000},{"address":"3524.0 KESWICK BOULEVARD SW","assessed_value":816000},{"address":"8631.0 223 STREET NW","assessed_value":460000},{"address":"4630.0 CHARLES WAY SW","assessed_value":717000},{"address":"165.0 CY BECKER BOULEVARD NW","assessed_value":316500},{"address":"2140.0 52 STREET SW","assessed_value":421500},{"address":"6357.0 CARTMELL ROAD SW","assessed_value":406000},{"address":"nan nan","assessed_value":9500},{"address":"2931.0 CHOKECHERRY COMMON SW","assessed_value":566500},{"address":"14605.0 78 AVENUE NW","assessed_value":822000},{"address":"9413.0 206A STREET NW","assessed_value":442000},{"address":"5755.0 GREENOUGH LANDING NW","assessed_value":569500},{"address":"514.0 CONROY CRESCENT SW","assessed_value":454000},{"address":"20736.0 99B AVENUE NW","assessed_value":418500},{"address":"7407.0 178 AVENUE NW","assessed_value":587000},{"address":"3716.0 CROSS LANDING SW","assessed_value":546500},{"address":"4125.0 17 STREET SW","assessed_value":319500},{"address":"1903.0 TANAGER PLACE NW","assessed_value":415000},{"address":"3079.0 CHECKNITA WAY SW","assessed_value":369000},{"address":"2215.0 55 STREET SW","assessed_value":729000},{"address":"2805.0 DUKE CRESCENT SW","assessed_value":500000},{"address":"2314.0 KELLY CIRCLE SW","assessed_value":642500},{"address":"12424.0 103 AVENUE NW","assessed_value":1522000},{"address":"5254.0 23 AVENUE SW","assessed_value":657000},{"address":"687.0 EAGLESON CRESCENT NW","assessed_value":436500},{"address":"20425.0 93 AVENUE NW","assessed_value":497000},{"address":"446.0 ALLARD BOULEVARD SW","assessed_value":156500},{"address":"12936.0 211 STREET NW","assessed_value":550500},{"address":"11441.0 74 AVENUE NW","assessed_value":882000},{"address":"nan nan","assessed_value":45000},{"address":"nan nan","assessed_value":12500},{"address":"nan nan","assessed_value":10500},{"address":"nan nan","assessed_value":9500},{"address":"nan nan","assessed_value":13000},{"address":"9110.0 167 STREET SW","assessed_value":587000},{"address":"7711.0 77 AVENUE NW","assessed_value":583500},{"address":"22947.0 95 AVENUE NW","assessed_value":619500},{"address":"14717.0 125 STREET NW","assessed_value":353500},{"address":"416.0 EDGEMONT ROAD NW","assessed_value":615000},{"address":"1737.0 25A STREET NW","assessed_value":530500},{"address":"7210.0 2 STREET SW","assessed_value":1145000},{"address":"17450.0 80 STREET NW","assessed_value":445000},{"address":"6412.0 169 AVENUE NW","assessed_value":440000},{"address":"8719.0 221 STREET NW","assessed_value":481000},{"address":"5722.0 GREENOUGH LANDING NW","assessed_value":760000},{"address":"2044.0 159 STREET SW","assessed_value":482000},{"address":"7711.0 71 STREET NW","assessed_value":209500},{"address":"6032.0 179 AVENUE NW","assessed_value":496500},{"address":"7419.0 106 STREET NW","assessed_value":497000},{"address":"1010.0 RABBIT HILL ROAD SW","assessed_value":394500},{"address":"4110.0 170 STREET SW","assessed_value":24500},{"address":"1182.0 KESWICK DRIVE SW","assessed_value":438500},{"address":"5804.0 110 STREET NW","assessed_value":1302500},{"address":"3814.0 ROBINS CRESCENT NW","assessed_value":661000},{"address":"1029.0 173 STREET SW","assessed_value":186500},{"address":"379.0 ALLARD BOULEVARD SW","assessed_value":437500},{"address":"nan nan","assessed_value":9000},{"address":"5622.0 ALLBRIGHT BAY SW","assessed_value":666500},{"address":"nan nan","assessed_value":12500},{"address":"320.0 SECORD BOULEVARD NW","assessed_value":303500},{"address":"11254.0 75 AVENUE NW","assessed_value":668500},{"address":"10410.0 102 AVENUE NW","assessed_value":329500},{"address":"6450.0 KING WYND SW","assessed_value":729500},{"address":"nan nan","assessed_value":9000},{"address":"2023.0 160 STREET SW","assessed_value":498000},{"address":"8304.0 MAYDAY LINK SW","assessed_value":2500},{"address":"9720.0 106 STREET NW","assessed_value":493500},{"address":"nan nan","assessed_value":23500},{"address":"22810.0 95A AVENUE NW","assessed_value":542500},{"address":"5230.0 17 STREET SW","assessed_value":586000},{"address":"10410.0 102 AVENUE NW","assessed_value":310000},{"address":"2208.0 160 STREET SW","assessed_value":495000},{"address":"1203.0 163 STREET SW","assessed_value":255500},{"address":"663.0 FRASER VISTA NW","assessed_value":843000},{"address":"7711.0 71 STREET NW","assessed_value":198000},{"address":"211.0 DESROCHERS BOULEVARD SW","assessed_value":385500},{"address":"1703.0 16 AVENUE NW","assessed_value":374000},{"address":"5744.0 KEEPING CRESCENT SW","assessed_value":632000},{"address":"6039.0 NADEN LANDING NW","assessed_value":924000},{"address":"706.0 CONROY COURT SW","assessed_value":500500},{"address":"15628.0 15 AVENUE SW","assessed_value":613500},{"address":"20120.0 19 AVENUE NW","assessed_value":295500},{"address":"20303.0 128 AVENUE NW","assessed_value":48500},{"address":"320.0 SECORD BOULEVARD NW","assessed_value":338500},{"address":"nan nan","assessed_value":12500},{"address":"nan nan","assessed_value":10000},{"address":"6430.0 177A AVENUE NW","assessed_value":537500},{"address":"2731.0 ANTON PLACE SW","assessed_value":688500},{"address":"9904.0 222 STREET NW","assessed_value":668500},{"address":"2903.0 CHOKECHERRY COMMON SW","assessed_value":672500},{"address":"nan nan","assessed_value":3000},{"address":"nan nan","assessed_value":5500},{"address":"6115.0 141 STREET SW","assessed_value":2389500},{"address":"560.0 GRIESBACH PARADE NW","assessed_value":228500},{"address":"1617.0 25 STREET NW","assessed_value":438000},{"address":"16612.0 30 AVENUE SW","assessed_value":522500},{"address":"5504.0 SCHONSEE DRIVE NW","assessed_value":280500},{"address":"464.0 EDGEMONT ROAD NW","assessed_value":896000},{"address":"2215.0 TRUMPETER WAY NW","assessed_value":238000},{"address":"1524.0 91 STREET SW","assessed_value":225000},{"address":"6484.0 KING WYND SW","assessed_value":460500},{"address":"nan nan","assessed_value":10500},{"address":"1005.0 GRAYDON HILL BOULEVARD SW","assessed_value":346500},{"address":"7508.0 GETTY GATE NW","assessed_value":212500},{"address":"nan nan","assessed_value":31000},{"address":"20122.0 27 AVENUE NW","assessed_value":381000},{"address":"1506.0 TAMARACK BOULEVARD NW","assessed_value":228000},{"address":"1692.0 ENRIGHT WAY NW","assessed_value":614000},{"address":"1655.0 GRAYDON HILL LINK SW","assessed_value":666000},{"address":"2094.0 PRICE LANDING SW","assessed_value":416000},{"address":"1316.0 27 STREET NW","assessed_value":441500},{"address":"7122.0 127 AVENUE NW","assessed_value":356500},{"address":"142.0 EBBERS BOULEVARD NW","assessed_value":186000},{"address":"9104.0 117 STREET NW","assessed_value":1189500},{"address":"12813.0 203A STREET NW","assessed_value":391000},{"address":"nan nan","assessed_value":17500},{"address":"1771.0 24 STREET NW","assessed_value":528500},{"address":"2755.0 109 STREET NW","assessed_value":284000},{"address":"5234.0 23 AVENUE SW","assessed_value":566000},{"address":"4627.0 ALWOOD WAY SW","assessed_value":444500},{"address":"286.0 CHARLESWORTH DRIVE SW","assessed_value":492500},{"address":"8110.0 ORCHARDS GREEN SW","assessed_value":857500},{"address":"7720.0 80 AVENUE NW","assessed_value":578000},{"address":"15636.0 102 AVENUE NW","assessed_value":1019500},{"address":"1818.0 RUTHERFORD ROAD SW","assessed_value":223000},{"address":"2519.0 PRICE WAY SW","assessed_value":529000},{"address":"2990.0 CHOKECHERRY COMMON SW","assessed_value":552000},{"address":"1008.0 ROSENTHAL BOULEVARD NW","assessed_value":237000},{"address":"1632.0 ERKER WAY NW","assessed_value":587500},{"address":"8114.0 ORCHARDS GREEN SW","assessed_value":960500},{"address":"11427.0 75 AVENUE NW","assessed_value":819500},{"address":"290.0 CHARLESWORTH DRIVE SW","assessed_value":516500},{"address":"2907.0 ANTON LINK SW","assessed_value":428500},{"address":"nan nan","assessed_value":45000},{"address":"1010.0 RABBIT HILL ROAD SW","assessed_value":356000},{"address":"nan nan","assessed_value":10500},{"address":"22563.0 98 AVENUE NW","assessed_value":422000},{"address":"9907.0 91 AVENUE NW","assessed_value":209500},{"address":"2017.0 89B STREET SW","assessed_value":1473000},{"address":"5512.0 CHEGWIN POINT SW","assessed_value":1013000},{"address":"17115.0 64 STREET NW","assessed_value":539000},{"address":"791.0 SECORD BOULEVARD NW","assessed_value":397000},{"address":"1632.0 ENRIGHT WAY NW","assessed_value":573000},{"address":"8510.0 90 STREET NW","assessed_value":263000},{"address":"318.0 41 STREET SW","assessed_value":562000},{"address":"2125.0 CASSELMAN LINK SW","assessed_value":288000},{"address":"1703.0 16 AVENUE NW","assessed_value":468500},{"address":"16749.0 65 STREET NW","assessed_value":429500},{"address":"nan nan","assessed_value":23500},{"address":"nan nan","assessed_value":12500},{"address":"651.0 EAGLESON CRESCENT NW","assessed_value":741500},{"address":"nan nan","assessed_value":5000},{"address":"5079.0 ANDISON CLOSE SW","assessed_value":483000},{"address":"4470.0 PROWSE ROAD SW","assessed_value":325000},{"address":"nan nan","assessed_value":12500},{"address":"8916.0 183 AVENUE NW","assessed_value":633500},{"address":"2035.0 GRAYDON HILL CRESCENT SW","assessed_value":467500},{"address":"7209.0 CHIVERS PLACE SW","assessed_value":460000},{"address":"429.0 EDGEMONT ROAD NW","assessed_value":854500},{"address":"9113.0 111 AVENUE NW","assessed_value":156000},{"address":"10410.0 102 AVENUE NW","assessed_value":318500},{"address":"6073.0 KING LANDING SW","assessed_value":577500},{"address":"5347.0 112 AVENUE NW","assessed_value":308000},{"address":"22324.0 94 AVENUE NW","assessed_value":586000},{"address":"20775.0 99B AVENUE NW","assessed_value":501000},{"address":"1916.0 20 AVENUE NW","assessed_value":710500},{"address":"3866.0 ROBINS CRESCENT NW","assessed_value":593000},{"address":"20019.0 16 AVENUE NW","assessed_value":596500},{"address":"20419.0 128 AVENUE NW","assessed_value":908000},{"address":"2334.0 WONNACOTT CRESCENT SW","assessed_value":464500},{"address":"20340.0 29 AVENUE NW","assessed_value":966500},{"address":"10359.0 149 STREET NW","assessed_value":511500},{"address":"2216.0 24 STREET NW","assessed_value":321000},{"address":"20413.0 98A AVENUE NW","assessed_value":3500},{"address":"22938.0 95A AVENUE NW","assessed_value":498500},{"address":"nan nan","assessed_value":12500},{"address":"3109.0 CHECKNITA WAY SW","assessed_value":369500},{"address":"4057.0 KINSELLA WAY SW","assessed_value":577500},{"address":"394.0 WINDERMERE ROAD NW","assessed_value":213000},{"address":"6421.0 170 AVENUE NW","assessed_value":412000},{"address":"4322.0 COOKE LANE SW","assessed_value":410500},{"address":"307.0 39 AVENUE NW","assessed_value":420000},{"address":"2125.0 MAPLE ROAD NW","assessed_value":418000},{"address":"1203.0 163 STREET SW","assessed_value":253000},{"address":"1506.0 TAMARACK BOULEVARD NW","assessed_value":199000},{"address":"22576.0 96 AVENUE NW","assessed_value":382000},{"address":"12314.0 GRAND VIEW DRIVE NW","assessed_value":1540500},{"address":"1029.0 173 STREET SW","assessed_value":257000},{"address":"8320.0 23 AVENUE SW","assessed_value":490500},{"address":"2611.0 CHOKECHERRY LANE SW","assessed_value":524500},{"address":"185.0 EDGEMONT ROAD NW","assessed_value":587000},{"address":"7711.0 71 STREET NW","assessed_value":203000},{"address":"2439.0 14 AVENUE NW","assessed_value":503500},{"address":"1911.0 20 AVENUE NW","assessed_value":884000},{"address":"4470.0 PROWSE ROAD SW","assessed_value":280500},{"address":"2723.0 204 STREET NW","assessed_value":801000},{"address":"1027.0 173 STREET SW","assessed_value":238000},{"address":"2407.0 KELLY CIRCLE SW","assessed_value":419000},{"address":"16903.0 68 STREET NW","assessed_value":328500},{"address":"5205.0 EDGEMONT BOULEVARD NW","assessed_value":451000},{"address":"7749.0 YORKE MEWS NW","assessed_value":678000},{"address":"1818.0 RUTHERFORD ROAD SW","assessed_value":220000},{"address":"1308.0 ENRIGHT LANDING NW","assessed_value":465500},{"address":"103.0 ALLARD LINK SW","assessed_value":568500},{"address":"12804.0 140 AVENUE NW","assessed_value":203000},{"address":"2243.0 KELLY CRESCENT SW","assessed_value":1261500},{"address":"1955.0 79 STREET SW","assessed_value":596500},{"address":"3936.0 3 STREET NW","assessed_value":513000},{"address":"nan nan","assessed_value":4500},{"address":"5665.0 59 STREET NW","assessed_value":3748000},{"address":"8630.0 MAYDAY WYND SW","assessed_value":624000},{"address":"10237.0 149 STREET NW","assessed_value":449000},{"address":"17224.0 61 STREET NW","assessed_value":739000},{"address":"524.0 GRIESBACH PARADE NW","assessed_value":441000},{"address":"1051.0 GRAYDON HILL BOULEVARD SW","assessed_value":423500},{"address":"1479.0 HOWES CRESCENT SW","assessed_value":961000},{"address":"7578.0 CREIGHTON PLACE SW","assessed_value":586000},{"address":"7066.0 CHIVERS LOOP SW","assessed_value":611000},{"address":"12309.0 65 AVENUE NW","assessed_value":1214000},{"address":"7115.0 CHIVERS CLOSE SW","assessed_value":392000},{"address":"643.0 EAGLESON CRESCENT NW","assessed_value":629500},{"address":"nan nan","assessed_value":10500},{"address":"22616.0 82 AVENUE NW","assessed_value":555500},{"address":"nan nan","assessed_value":10500},{"address":"9044.0 COOPER LINK SW","assessed_value":456000},{"address":"1005.0 GRAYDON HILL BOULEVARD SW","assessed_value":313000},{"address":"17456.0 77 STREET NW","assessed_value":487000},{"address":"20704.0 99 AVENUE NW","assessed_value":425500},{"address":"13003.0 211 STREET NW","assessed_value":508000},{"address":"215.0 SADDLEBACK ROAD NW","assessed_value":323000},{"address":"9512.0 69 AVENUE NW","assessed_value":568500},{"address":"5033.0 ANDISON CLOSE SW","assessed_value":412500},{"address":"6511.0 CRAWFORD PLACE SW","assessed_value":683000},{"address":"17496.0 77 STREET NW","assessed_value":488500},{"address":"411.0 41 STREET SW","assessed_value":609000},{"address":"142.0 EBBERS BOULEVARD NW","assessed_value":184500},{"address":"4845.0 ALWOOD POINT SW","assessed_value":427500},{"address":"5515.0 91 STREET SW","assessed_value":574000},{"address":"7415.0 CREIGHTON PLACE SW","assessed_value":452000},{"address":"1714.0 GRAYDON HILL LINK SW","assessed_value":517000},{"address":"9712.0 224 STREET NW","assessed_value":657000},{"address":"6207.0 HAMPTON GRAY AVENUE NW","assessed_value":625000},{"address":"1915.0 21 STREET NW","assessed_value":677000},{"address":"22116.0 85 AVENUE NW","assessed_value":524000},{"address":"4042.0 MACTAGGART DRIVE NW","assessed_value":764500},{"address":"6056.0 KING LANDING SW","assessed_value":596500},{"address":"10.0 EBBERS CLOSE NW","assessed_value":434500},{"address":"2353.0 KELLY CIRCLE SW","assessed_value":490000},{"address":"4210.0 CHICHAK CLOSE SW","assessed_value":542000},{"address":"653.0 SECORD BOULEVARD NW","assessed_value":516500},{"address":"22210.0 99A AVENUE NW","assessed_value":483000},{"address":"9508.0 227 STREET NW","assessed_value":506000},{"address":"148.0 EBBERS BOULEVARD NW","assessed_value":211000},{"address":"7180.0 EDGEMONT WAY NW","assessed_value":6000},{"address":"390.0 WINDERMERE ROAD NW","assessed_value":169000},{"address":"7811.0 102 AVENUE NW","assessed_value":1109000},{"address":"1620.0 ENRIGHT WAY NW","assessed_value":581500},{"address":"2883.0 ANTON WYND SW","assessed_value":551000},{"address":"9020.0 90 AVENUE NW","assessed_value":460500},{"address":"182.0 CAVANAGH COMMON SW","assessed_value":664000},{"address":"2812.0 12 AVENUE NW","assessed_value":467000},{"address":"17903.0 59 STREET NW","assessed_value":656000},{"address":"nan nan","assessed_value":5000},{"address":"16903.0 68 STREET NW","assessed_value":318500},{"address":"2905.0 141 STREET SW","assessed_value":324500},{"address":"7348.0 178 AVENUE NW","assessed_value":470500},{"address":"5015.0 127 STREET SW","assessed_value":1451500},{"address":"1210.0 DANIELS CRES SW","assessed_value":579000},{"address":"17919.0 62 STREET NW","assessed_value":437500},{"address":"14027.0 91A AVENUE NW","assessed_value":1600500},{"address":"10938.0 130 STREET NW","assessed_value":800500},{"address":"5527.0 CHEGWIN POINT SW","assessed_value":1364500},{"address":"2091.0 DESROCHERS DRIVE SW","assessed_value":381000},{"address":"7521.0 ELMER BEND NW","assessed_value":442000},{"address":"10410.0 102 AVENUE NW","assessed_value":324000},{"address":"560.0 GRIESBACH PARADE NW","assessed_value":399500},{"address":"1911.0 TANAGER PLACE NW","assessed_value":402500},{"address":"nan nan","assessed_value":12500},{"address":"1291.0 MCCONACHIE BOULEVARD NW","assessed_value":600000},{"address":"8756.0 84 AVENUE NW","assessed_value":739000},{"address":"9619.0 155 STREET NW","assessed_value":163500},{"address":"524.0 GRIESBACH PARADE NW","assessed_value":347000},{"address":"22326.0 93A AVENUE NW","assessed_value":473000},{"address":"16903.0 68 STREET NW","assessed_value":319500},{"address":"320.0 SECORD BOULEVARD NW","assessed_value":309000},{"address":"12323.0 94 STREET NW","assessed_value":275500},{"address":"nan nan","assessed_value":3000},{"address":"4819.0 ALWOOD POINT SW","assessed_value":380500},{"address":"9818.0 74 AVENUE NW","assessed_value":729500},{"address":"1029.0 173 STREET SW","assessed_value":234500},{"address":"1791.0 DUMONT CRESCENT SW","assessed_value":647000},{"address":"nan nan","assessed_value":5500},{"address":"7837.0 20A AVENUE SW","assessed_value":714500},{"address":"7508.0 GETTY GATE NW","assessed_value":291500},{"address":"2406.0 KELLY CIRCLE SW","assessed_value":477500},{"address":"2215.0 24 STREET NW","assessed_value":297500},{"address":"3031.0 CHECKNITA WAY SW","assessed_value":419500},{"address":"7420.0 CREIGHTON PLACE SW","assessed_value":511500},{"address":"nan nan","assessed_value":12500},{"address":"1304.0 RUTHERFORD ROAD SW","assessed_value":483500},{"address":"nan nan","assessed_value":6500},{"address":"nan nan","assessed_value":11000},{"address":"8143.0 ORCHARDS GREEN SW","assessed_value":516500},{"address":"524.0 GRIESBACH PARADE NW","assessed_value":318000},{"address":"9632.0 85 STREET NW","assessed_value":660000},{"address":"nan nan","assessed_value":9500},{"address":"nan nan","assessed_value":3000},{"address":"165.0 CY BECKER BOULEVARD NW","assessed_value":335000},{"address":"1213.0 26A STREET NW","assessed_value":527000},{"address":"nan nan","assessed_value":10000},{"address":"3305.0 ORCHARDS LINK SW","assessed_value":266500},{"address":"nan nan","assessed_value":5000},{"address":"4908.0 HAWTHORN PLACE SW","assessed_value":596500},{"address":"2824.0 COLLINS CRESCENT SW","assessed_value":740500},{"address":"2514.0 151A AVENUE NW","assessed_value":447000},{"address":"1231.0 26 STREET NW","assessed_value":754500},{"address":"10829.0 109 STREET NW","assessed_value":505000},{"address":"2755.0 109 STREET NW","assessed_value":261500},{"address":"2144.0 MAPLE ROAD NW","assessed_value":456000},{"address":"nan nan","assessed_value":12500},{"address":"nan nan","assessed_value":9500},{"address":"2803.0 14 AVENUE NW","assessed_value":335000},{"address":"nan nan","assessed_value":9500},{"address":"10625.0 128 STREET NW","assessed_value":269500},{"address":"3409.0 119A STREET SW","assessed_value":504500},{"address":"1985.0 KROETSCH CRESCENT SW","assessed_value":564500},{"address":"7642.0 CREIGHTON PLACE SW","assessed_value":434500},{"address":"20115.0 26 AVENUE NW","assessed_value":511000},{"address":"11155.0 41 AVENUE SW","assessed_value":500},{"address":"9650.0 199 STREET NW","assessed_value":2356000},{"address":"nan nan","assessed_value":12500},{"address":"7711.0 71 STREET NW","assessed_value":165000},{"address":"nan nan","assessed_value":12500},{"address":"6029.0 NADEN LANDING NW","assessed_value":1547500},{"address":"nan nan","assessed_value":12500},{"address":"2755.0 109 STREET NW","assessed_value":245500},{"address":"241.0 DESROCHERS BOULEVARD SW","assessed_value":396000},{"address":"2755.0 109 STREET NW","assessed_value":436000},{"address":"4062.0 CHAPPELLE GREEN SW","assessed_value":398000},{"address":"528.0 GRIESBACH PARADE NW","assessed_value":406000},{"address":"13908.0 92 AVENUE NW","assessed_value":1111500},{"address":"16615.0 31 AVENUE SW","assessed_value":535500},{"address":"7540.0 CREIGHTON PLACE SW","assessed_value":420500},{"address":"330.0 BULYEA ROAD NW","assessed_value":379500},{"address":"5048.0 ANDISON CLOSE SW","assessed_value":445000},{"address":"264.0 CHARLESWORTH DRIVE SW","assessed_value":519500},{"address":"8730.0 MAYDAY LANE SW","assessed_value":606000},{"address":"1391.0 ERKER CRESCENT NW","assessed_value":445000},{"address":"15972.0 106A AVENUE NW","assessed_value":519500},{"address":"nan nan","assessed_value":12500},{"address":"5141.0 CALGARY TRAIL NW","assessed_value":2304000},{"address":"1703.0 16 AVENUE NW","assessed_value":423500},{"address":"8711.0 MAYDAY LANE SW","assessed_value":729500},{"address":"4692.0 175 AVENUE NW","assessed_value":451500},{"address":"232.0 CAVANAGH COMMON SW","assessed_value":616500},{"address":"4606.0 KNIGHT POINT SW","assessed_value":855500},{"address":"4679.0 175 AVENUE NW","assessed_value":540500},{"address":"390.0 WINDERMERE ROAD NW","assessed_value":161000},{"address":"2366.0 83 STREET SW","assessed_value":453000},{"address":"1008.0 ROSENTHAL BOULEVARD NW","assessed_value":274500},{"address":"nan nan","assessed_value":5000},{"address":"8545.0 80 AVENUE NW","assessed_value":514500},{"address":"17835.0 73 AVENUE SW","assessed_value":1000},{"address":"1681.0 GRAYDON HILL LINK SW","assessed_value":422000},{"address":"10833.0 140 STREET NW","assessed_value":737000},{"address":"8279.0 CHAPPELLE WAY SW","assessed_value":400000},{"address":"1232.0 27 STREET NW","assessed_value":535500},{"address":"2652.0 CHOKECHERRY LANE SW","assessed_value":481000},{"address":"17939.0 62 STREET NW","assessed_value":472500},{"address":"nan nan","assessed_value":10500},{"address":"20306.0 128 AVENUE NW","assessed_value":385500},{"address":"3419.0 CHECKNITA TERRACE SW","assessed_value":563000},{"address":"nan nan","assessed_value":5000},{"address":"2860.0 ANTON WYND SW","assessed_value":534500},{"address":"142.0 EBBERS BOULEVARD NW","assessed_value":179500},{"address":"17020.0 64 STREET NW","assessed_value":489500},{"address":"1304.0 RUTHERFORD ROAD SW","assessed_value":366000},{"address":"3305.0 ORCHARDS LINK SW","assessed_value":304000},{"address":"20515.0 99 AVENUE NW","assessed_value":518500},{"address":"2738.0 ANTON PLACE SW","assessed_value":611500},{"address":"103.0 ALLARD LINK SW","assessed_value":630500},{"address":"nan nan","assessed_value":10500},{"address":"8716.0 223 STREET NW","assessed_value":517500},{"address":"4238.0 CHICHAK CLOSE SW","assessed_value":614500},{"address":"nan nan","assessed_value":12500},{"address":"7711.0 EIFERT CRESCENT NW","assessed_value":585500},{"address":"16903.0 68 STREET NW","assessed_value":333500},{"address":"6014.0 CRAWFORD DRIVE SW","assessed_value":1209500},{"address":"2207.0 82 STREET SW","assessed_value":412500},{"address":"11941.0 35 AVENUE SW","assessed_value":420000},{"address":"13012.0 211 STREET NW","assessed_value":543500},{"address":"2803.0 14 AVENUE NW","assessed_value":335000},{"address":"2277.0 PRICE LANE SW","assessed_value":505000},{"address":"10226.0 137 STREET NW","assessed_value":381000},{"address":"6128.0 173 AVENUE NW","assessed_value":671500},{"address":"11373.0 12 AVENUE NW","assessed_value":375500},{"address":"nan nan","assessed_value":45000},{"address":"824.0 DANIELS WAY SW","assessed_value":372500},{"address":"9030.0 COOPER LINK SW","assessed_value":498500},{"address":"560.0 GRIESBACH PARADE NW","assessed_value":236500},{"address":"5712.0 KEEPING CRESCENT SW","assessed_value":736500},{"address":"7508.0 GETTY GATE NW","assessed_value":277000},{"address":"7508.0 GETTY GATE NW","assessed_value":268500},{"address":"3008.0 CHECKNITA WAY SW","assessed_value":445500},{"address":"2764.0 BLATCHFORD ROAD NW","assessed_value":679500},{"address":"3305.0 ORCHARDS LINK SW","assessed_value":271000},{"address":"3522.0 KESWICK BOULEVARD SW","assessed_value":947500},{"address":"165.0 CY BECKER BOULEVARD NW","assessed_value":344500},{"address":"10516.0 76 STREET NW","assessed_value":581500},{"address":"2149.0 MAPLE ROAD NW","assessed_value":478000},{"address":"13304.0 114 STREET NW","assessed_value":285000},{"address":"2048.0 51 STREET SW","assessed_value":508000},{"address":"7826.0 ERASMUS WYND NW","assessed_value":554500},{"address":"2220.0 55 STREET SW","assessed_value":658000},{"address":"245.0 DESROCHERS BOULEVARD SW","assessed_value":401500},{"address":"9142.0 PEAR DRIVE SW","assessed_value":458500},{"address":"5404.0 7 AVENUE SW","assessed_value":198500},{"address":"2799.0 COLLINS CRESCENT SW","assessed_value":495500},{"address":"811.0 CAVANAGH HEATH SW","assessed_value":443000},{"address":"nan nan","assessed_value":12500},{"address":"7733.0 EIFERT CRESCENT NW","assessed_value":447000},{"address":"7564.0 176 AVENUE NW","assessed_value":663500},{"address":"nan nan","assessed_value":9500},{"address":"5610.0 ALLBRIGHT BAY SW","assessed_value":712500},{"address":"1304.0 MCCONACHIE BOULEVARD NW","assessed_value":440500},{"address":"441.0 EDGEMONT ROAD NW","assessed_value":972000},{"address":"nan nan","assessed_value":12500},{"address":"4576.0 ALWOOD WAY SW","assessed_value":592000},{"address":"14516.0 84 AVENUE NW","assessed_value":993500},{"address":"20125.0 18A AVENUE NW","assessed_value":352500},{"address":"6623.0 KNOX PLACE SW","assessed_value":732500},{"address":"1008.0 ROSENTHAL BOULEVARD NW","assessed_value":244000},{"address":"2624.0 200 STREET NW","assessed_value":460000},{"address":"5319.0 ADMIRAL GIROUARD STREET NW","assessed_value":433500},{"address":"9445.0 206A STREET NW","assessed_value":456500},{"address":"4237.0 CHICHAK CLOSE SW","assessed_value":472500},{"address":"3715.0 4 STREET NW","assessed_value":497000},{"address":"1203.0 163 STREET SW","assessed_value":241500},{"address":"2836.0 COUGHLAN GREEN SW","assessed_value":429500},{"address":"10410.0 102 AVENUE NW","assessed_value":547000},{"address":"4637.0 ALWOOD WAY SW","assessed_value":493500},{"address":"7777.0 EIFERT CRESCENT NW","assessed_value":428500},{"address":"nan nan","assessed_value":23500},{"address":"12116.0 123 STREET NW","assessed_value":548500},{"address":"9511.0 209 STREET NW","assessed_value":425000},{"address":"nan nan","assessed_value":3500},{"address":"22436.0 94 AVENUE NW","assessed_value":561500},{"address":"5504.0 SCHONSEE DRIVE NW","assessed_value":166500},{"address":"22613.0 80 AVENUE NW","assessed_value":463500},{"address":"3423.0 ERLANGER BEND NW","assessed_value":441000},{"address":"nan nan","assessed_value":3000},{"address":"6515.0 208 STREET SW","assessed_value":19500},{"address":"2023.0 159 STREET SW","assessed_value":745500},{"address":"2211.0 160 STREET SW","assessed_value":467500},{"address":"nan nan","assessed_value":5500},{"address":"nan nan","assessed_value":8500},{"address":"142.0 EBBERS BOULEVARD NW","assessed_value":197000},{"address":"1207.0 DANIELS CRESCENT SW","assessed_value":478000},{"address":"7114.0 CHIVERS CLOSE SW","assessed_value":460000},{"address":"1415.0 24 STREET NW","assessed_value":451000},{"address":"10732.0 128 STREET NW","assessed_value":805000},{"address":"2939.0 COUGHLAN GREEN SW","assessed_value":492000},{"address":"1946.0 DAVIDSON WYND SW","assessed_value":451000},{"address":"nan nan","assessed_value":8500},{"address":"16507.0 31 AVENUE SW","assessed_value":586000},{"address":"3090.0 CAMERON HEIGHTS WAY NW","assessed_value":579500},{"address":"nan nan","assessed_value":4500},{"address":"6823.0 KNOX LOOP SW","assessed_value":980000},{"address":"2347.0 83 STREET SW","assessed_value":497500},{"address":"1607.0 169 STREET SW","assessed_value":638500},{"address":"2323.0 82 STREET SW","assessed_value":453000},{"address":"20006.0 20A AVENUE NW","assessed_value":432500},{"address":"165.0 CY BECKER BOULEVARD NW","assessed_value":341500},{"address":"21027.0 130 AVENUE NW","assessed_value":475000},{"address":"2858.0 COUGHLAN GREEN SW","assessed_value":417500},{"address":"10410.0 102 AVENUE NW","assessed_value":323500},{"address":"15631.0 14 AVENUE SW","assessed_value":590500},{"address":"560.0 GRIESBACH PARADE NW","assessed_value":327500},{"address":"4205.0 30 STREET NW","assessed_value":343500},{"address":"7133.0 77 AVENUE NW","assessed_value":1532000},{"address":"10410.0 102 AVENUE NW","assessed_value":310000},{"address":"22238.0 99A AVENUE NW","assessed_value":489000},{"address":"591.0 EBBERS WAY NW","assessed_value":364000},{"address":"nan nan","assessed_value":4500},{"address":"9518.0 PEAR CLOSE SW","assessed_value":813500},{"address":"2216.0 24 STREET NW","assessed_value":319500},{"address":"804.0 WELSH DRIVE SW","assessed_value":332000},{"address":"12204.0 117 AVENUE NW","assessed_value":501500},{"address":"5404.0 7 AVENUE SW","assessed_value":185500},{"address":"527.0 37 AVENUE NW","assessed_value":689000},{"address":"6743.0 ELSTON LANE NW","assessed_value":417500},{"address":"nan nan","assessed_value":12500},{"address":"5109.0 ANDISON CLOSE SW","assessed_value":389000},{"address":"6004.0 179 AVENUE NW","assessed_value":505000},{"address":"nan nan","assessed_value":14500},{"address":"1947.0 GRAYDON HILL GREEN SW","assessed_value":422500},{"address":"4691.0 CHEGWIN WYND SW","assessed_value":820500},{"address":"15656.0 16 AVENUE SW","assessed_value":620500},{"address":"nan nan","assessed_value":5000},{"address":"8732.0 119 STREET NW","assessed_value":1693500},{"address":"382.0 CRYSTALLINA NERA DRIVE NW","assessed_value":434500},{"address":"8512.0 223 STREET NW","assessed_value":580000},{"address":"6755.0 ELSTON LANE NW","assessed_value":450000},{"address":"5719.0 GREENOUGH LANDING NW","assessed_value":583000},{"address":"2023.0 WONNACOTT WAY SW","assessed_value":510000},{"address":"17711.0 64 STREET NW","assessed_value":436500},{"address":"20018.0 17A AVENUE NW","assessed_value":449000},{"address":"9720.0 106 STREET NW","assessed_value":352000},{"address":"2125.0 CASSELMAN LINK SW","assessed_value":281500},{"address":"10426.0 143 STREET NW","assessed_value":303000},{"address":"7290.0 2 STREET SW","assessed_value":914500},{"address":"14726.0 91 AVENUE NW","assessed_value":230000},{"address":"20003.0 26 AVENUE NW","assessed_value":530000},{"address":"4835.0 WRIGHT DRIVE SW","assessed_value":390000},{"address":"8050.0 ORCHARDS GREEN SW","assessed_value":652500},{"address":"14490.0 164 STREET NW","assessed_value":8364500},{"address":"15142.0 26 STREET NW","assessed_value":383500},{"address":"8641.0 MAYDAY WYND SW","assessed_value":624500},{"address":"7302.0 155 STREET NW","assessed_value":1311500},{"address":"1747.0 DUMONT CRESCENT SW","assessed_value":490500},{"address":"9524.0 75 AVENUE NW","assessed_value":626500},{"address":"15212.0 98 AVENUE NW","assessed_value":553000},{"address":"8415.0 41 AVENUE SW","assessed_value":1405500},{"address":"3080.0 CHECKNITA WAY SW","assessed_value":446000},{"address":"nan nan","assessed_value":23500},{"address":"11521.0 123 STREET NW","assessed_value":677500},{"address":"3403.0 119A STREET SW","assessed_value":504000},{"address":"7021.0 SOUTH TERWILLEGAR DRIVE NW","assessed_value":340500},{"address":"5043.0 ANDISON CLOSE SW","assessed_value":436000},{"address":"6510.0 170 AVENUE NW","assessed_value":643000},{"address":"nan nan","assessed_value":9500},{"address":"3833.0 ROBINS CRESCENT NW","assessed_value":394000},{"address":"nan nan","assessed_value":11000},{"address":"nan nan","assessed_value":4500},{"address":"4051.0 KINSELLA WAY SW","assessed_value":584000},{"address":"1005.0 GRAYDON HILL BOULEVARD SW","assessed_value":307000},{"address":"8100.0 ORCHARDS GREEN SW","assessed_value":135000},{"address":"nan nan","assessed_value":45000},{"address":"nan nan","assessed_value":5000},{"address":"377.0 CHARLESWORTH DRIVE SW","assessed_value":489000},{"address":"517.0 PATERSON WAY SW","assessed_value":507000},{"address":"5504.0 SCHONSEE DRIVE NW","assessed_value":287000},{"address":"nan nan","assessed_value":5000},{"address":"820.0 SECORD BOULEVARD NW","assessed_value":417000},{"address":"nan nan","assessed_value":12000},{"address":"560.0 GRIESBACH PARADE NW","assessed_value":307500},{"address":"560.0 GRIESBACH PARADE NW","assessed_value":288000},{"address":"3305.0 ORCHARDS LINK SW","assessed_value":291500},{"address":"1110.0 DANIELS LINK SW","assessed_value":275000},{"address":"2120.0 159 STREET SW","assessed_value":463500},{"address":"2708.0 204 STREET NW","assessed_value":743500},{"address":"nan nan","assessed_value":4500},{"address":"2129.0 85 STREET SW","assessed_value":414500},{"address":"11385.0 12 AVENUE NW","assessed_value":369500},{"address":"11130.0 122 STREET NW","assessed_value":679500},{"address":"7350.0 CHIVERS CRESCENT SW","assessed_value":420000},{"address":"6415.0 169 AVENUE NW","assessed_value":429500},{"address":"1005.0 GRAYDON HILL BOULEVARD SW","assessed_value":360000},{"address":"7508.0 176 AVENUE NW","assessed_value":585000},{"address":"1306.0 27 STREET NW","assessed_value":437500},{"address":"nan nan","assessed_value":12500},{"address":"1027.0 173 STREET SW","assessed_value":248500},{"address":"16903.0 68 STREET NW","assessed_value":321500},{"address":"9447.0 209 STREET NW","assessed_value":430500},{"address":"2121.0 HADDOW DRIVE NW","assessed_value":332500},{"address":"2536.0 WONNACOTT LOOP SW","assessed_value":730500},{"address":"16523.0 31 AVENUE SW","assessed_value":502000},{"address":"nan nan","assessed_value":12500},{"address":"5715.0 120 AVENUE NW","assessed_value":251500},{"address":"nan nan","assessed_value":9000},{"address":"7711.0 71 STREET NW","assessed_value":201000},{"address":"nan nan","assessed_value":4500},{"address":"1391.0 STARLING DRIVE NW","assessed_value":270500},{"address":"5537.0 CHEGWIN POINT SW","assessed_value":1233000},{"address":"14914.0 108 AVENUE NW","assessed_value":368000},{"address":"2155.0 MAPLE ROAD NW","assessed_value":404000},{"address":"nan nan","assessed_value":14500},{"address":"19734.0 26A AVENUE NW","assessed_value":373500},{"address":"6455.0 KING WYND SW","assessed_value":458000},{"address":"3532.0 KESWICK BOULEVARD SW","assessed_value":931500},{"address":"9528.0 109A AVENUE NW","assessed_value":332500},{"address":"1534.0 ERKER LINK NW","assessed_value":601500},{"address":"nan nan","assessed_value":12500},{"address":"12815.0 67 STREET NW","assessed_value":352000},{"address":"6710.0 CRAWFORD WAY SW","assessed_value":433000},{"address":"2526.0 WONNACOTT LOOP SW","assessed_value":636500},{"address":"359.0 GLENRIDDING RAVINE ROAD SW","assessed_value":646000},{"address":"1091.0 ROSENTHAL BOULEVARD NW","assessed_value":362500},{"address":"nan nan","assessed_value":45000},{"address":"1409.0 DARBY GREEN SW","assessed_value":674000},{"address":"165.0 CY BECKER BOULEVARD NW","assessed_value":335500},{"address":"422.0 41 STREET SW","assessed_value":473000},{"address":"1819.0 TANAGER CLOSE NW","assessed_value":662000},{"address":"22620.0 80 AVENUE NW","assessed_value":541000},{"address":"10410.0 102 AVENUE NW","assessed_value":347000},{"address":"nan nan","assessed_value":9500},{"address":"2905.0 141 STREET SW","assessed_value":293000},{"address":"1075.0 ROSENTHAL BOULEVARD NW","assessed_value":366000},{"address":"1812.0 200 STREET NW","assessed_value":328500},{"address":"nan nan","assessed_value":23500},{"address":"2549.0 WONNACOTT LOOP SW","assessed_value":607000},{"address":"22366.0 92A AVENUE NW","assessed_value":434000},{"address":"2356.0 54 STREET SW","assessed_value":624500},{"address":"6058.0 NADEN LANDING NW","assessed_value":698500},{"address":"1910.0 20 STREET NW","assessed_value":750500},{"address":"7631.0 CREIGHTON PLACE SW","assessed_value":509500},{"address":"5810.0 25 AVENUE SW","assessed_value":292000},{"address":"1242.0 26A STREET NW","assessed_value":684500},{"address":"6529.0 168 AVENUE NW","assessed_value":485500},{"address":"16762.0 65A STREET NW","assessed_value":402500},{"address":"4737.0 97 STREET NW","assessed_value":8017500},{"address":"6211.0 179 AVENUE NW","assessed_value":480000},{"address":"12046.0 89 STREET NW","assessed_value":345000},{"address":"8721.0 MAYDAY LANE SW","assessed_value":836000},{"address":"nan nan","assessed_value":23500},{"address":"9360.0 PEAR LINK SW","assessed_value":507500},{"address":"nan nan","assessed_value":3500},{"address":"1770.0 DUMONT CRESCENT SW","assessed_value":475000},{"address":"8944.0 183 AVENUE NW","assessed_value":578000},{"address":"16639.0 30 AVENUE SW","assessed_value":487000},{"address":"2125.0 CASSELMAN LINK SW","assessed_value":294000},{"address":"17904.0 59 STREET NW","assessed_value":740500},{"address":"4753.0 ALWOOD BEND SW","assessed_value":542500},{"address":"1204.0 ROSENTHAL BOULEVARD NW","assessed_value":408000},{"address":"nan nan","assessed_value":14500}]