[{"address":"11734.0 85 STREET NW","assessed_value":74000},{"address":"1160.0 35 AVENUE NW","assessed_value":491500},{"address":"nan nan","assessed_value":10000},{"address":"3607.0 13 STREET NW","assessed_value":443000},{"address":"1520.0 HAMMOND GATE NW","assessed_value":214500},{"address":"10145.0 161 STREET NW","assessed_value":103000},{"address":"330.0 CLAREVIEW STATION DRIVE NW","assessed_value":150000},{"address":"7323.0 SOUTH TERWILLEGAR DRIVE NW","assessed_value":178500},{"address":"1104.0 WINDERMERE WAY SW","assessed_value":37391000},{"address":"9550.0 217 STREET NW","assessed_value":16500},{"address":"1132.0 74 STREET SW","assessed_value":478000},{"address":"4245.0 139 AVENUE NW","assessed_value":169000},{"address":"1328.0 114A STREET SW","assessed_value":489000},{"address":"nan nan","assessed_value":4000},{"address":"10333.0 112 STREET NW","assessed_value":192500},{"address":"466.0 MACEWAN ROAD SW","assessed_value":195000},{"address":"10404.0 24 AVENUE NW","assessed_value":154500},{"address":"7323.0 SOUTH TERWILLEGAR DRIVE NW","assessed_value":177000},{"address":"13825.0 155 AVENUE NW","assessed_value":236000},{"address":"7327.0 SOUTH TERWILLEGAR DRIVE NW","assessed_value":166000},{"address":"nan nan","assessed_value":7500},{"address":"2569.0 PEGASUS BOULEVARD NW","assessed_value":678500},{"address":"nan nan","assessed_value":15000},{"address":"10720.0 127 STREET NW","assessed_value":111000},{"address":"16003.0 132 STREET NW","assessed_value":398000},{"address":"10315.0 156 STREET NW","assessed_value":67000},{"address":"nan nan","assessed_value":9000},{"address":"nan nan","assessed_value":10500},{"address":"1718.0 RABBIT HILL ROAD NW","assessed_value":203500},{"address":"nan nan","assessed_value":7000},{"address":"nan nan","assessed_value":4000},{"address":"10230.0 122 STREET NW","assessed_value":95500},{"address":"1636.0 66 AVENUE NW","assessed_value":125000},{"address":"5870.0 168A AVENUE NW","assessed_value":425500},{"address":"10155.0 151 STREET NW","assessed_value":106000},{"address":"9999.0 111 STREET NW","assessed_value":84500},{"address":"450.0 HYNDMAN CRESCENT NW","assessed_value":255000},{"address":"10121.0 80 AVENUE NW","assessed_value":210500},{"address":"130.0 HYNDMAN CRESCENT NW","assessed_value":237000},{"address":"17117.0 7A AVENUE SW","assessed_value":364000},{"address":"4245.0 139 AVENUE NW","assessed_value":162500},{"address":"nan nan","assessed_value":7500},{"address":"13215.0 153 AVENUE NW","assessed_value":222500},{"address":"10148.0 162 STREET NW","assessed_value":95000},{"address":"2504.0 109 STREET NW","assessed_value":189500},{"address":"2051.0 TOWNE CENTRE BOULEVARD NW","assessed_value":292000},{"address":"1718.0 RABBIT HILL ROAD NW","assessed_value":216000},{"address":"10215.0 115 STREET NW","assessed_value":93000},{"address":"10303.0 111 STREET NW","assessed_value":189000},{"address":"6109.0 13 AVENUE SW","assessed_value":395500},{"address":"778.0 WELSH DRIVE SW","assessed_value":331000},{"address":"3347.0 19 AVENUE NW","assessed_value":482000},{"address":"10121.0 80 AVENUE NW","assessed_value":187000},{"address":"nan nan","assessed_value":8000},{"address":"604.0 62 STREET SW","assessed_value":182000},{"address":"6608.0 28 AVENUE NW","assessed_value":205000},{"address":"5923.0 209 STREET NW","assessed_value":475000},{"address":"2636.0 ANDERSON CRESCENT SW","assessed_value":603500},{"address":"9357.0 SIMPSON DRIVE NW","assessed_value":181000},{"address":"6920.0 86 AVENUE NW","assessed_value":880000},{"address":"600.0 KIRKNESS ROAD NW","assessed_value":96500},{"address":"9357.0 SIMPSON DRIVE NW","assessed_value":226000},{"address":"3304.0 21 AVENUE NW","assessed_value":52000},{"address":"12914.0 64 STREET NW","assessed_value":54500},{"address":"6220.0 134 AVENUE NW","assessed_value":161500},{"address":"10235.0 116 STREET NW","assessed_value":149000},{"address":"7335.0 SOUTH TERWILLEGAR DRIVE NW","assessed_value":173000},{"address":"nan nan","assessed_value":3000},{"address":"2116.0 70 STREET SW","assessed_value":479000},{"address":"15906.0 95 STREET NW","assessed_value":346500},{"address":"1320.0 RUTHERFORD ROAD SW","assessed_value":294000},{"address":"220.0 AMBLESIDE DRIVE SW","assessed_value":792000},{"address":"9357.0 SIMPSON DRIVE NW","assessed_value":122000},{"address":"10333.0 112 STREET NW","assessed_value":297500},{"address":"1244.0 CUNNINGHAM DRIVE SW","assessed_value":638500},{"address":"8931.0 156 STREET NW","assessed_value":191500},{"address":"nan nan","assessed_value":19000},{"address":"10140.0 151 STREET NW","assessed_value":96500},{"address":"3090.0 WHITELAW DRIVE NW","assessed_value":607000},{"address":"7293.0 SOUTH TERWILLEGAR DRIVE NW","assessed_value":303000},{"address":"5727.0 168 AVENUE NW","assessed_value":640000},{"address":"9603.0 98 AVENUE NW","assessed_value":263000},{"address":"10531.0 117 STREET NW","assessed_value":211000},{"address":"2125.0 28 STREET NW","assessed_value":398000},{"address":"16825.0 58A STREET NW","assessed_value":523500},{"address":"9750.0 94 STREET NW","assessed_value":324000},{"address":"nan nan","assessed_value":7500},{"address":"nan nan","assessed_value":4500},{"address":"7339.0 SOUTH TERWILLEGAR DRIVE NW","assessed_value":173000},{"address":"nan nan","assessed_value":7500},{"address":"890.0 ARMITAGE WYND SW","assessed_value":599500},{"address":"nan nan","assessed_value":19500},{"address":"4245.0 139 AVENUE NW","assessed_value":185500},{"address":"nan nan","assessed_value":14500},{"address":"1319.0 60 STREET SW","assessed_value":551000},{"address":"11603.0 ELLERSLIE ROAD SW","assessed_value":176000},{"address":"604.0 62 STREET SW","assessed_value":172000},{"address":"20655.0 93 AVENUE NW","assessed_value":643000},{"address":"7169.0 SOUTH TERWILLEGAR DRIVE NW","assessed_value":512000},{"address":"nan nan","assessed_value":5500},{"address":"5217.0 MULLEN CREST NW","assessed_value":1286000},{"address":"2923.0 22 AVENUE NW","assessed_value":379000},{"address":"5885.0 168A AVENUE NW","assessed_value":417500},{"address":"12408.0 15 AVENUE SW","assessed_value":219500},{"address":"10524.0 151 STREET NW","assessed_value":269000},{"address":"10453.0 146 STREET NW","assessed_value":327500},{"address":"nan nan","assessed_value":4000},{"address":"5243.0 MULLEN CREST NW","assessed_value":1206000},{"address":"3408.0 19 STREET NW","assessed_value":777000},{"address":"1669.0 JAMES MOWATT TRAIL SW","assessed_value":462000},{"address":"7909.0 71 STREET NW","assessed_value":199500},{"address":"2429.0 AUSTIN CRESCENT SW","assessed_value":472000},{"address":"133.0 WEBER CLOSE NW","assessed_value":831000},{"address":"nan nan","assessed_value":89000},{"address":"nan nan","assessed_value":10000},{"address":"nan nan","assessed_value":7500},{"address":"10333.0 112 STREET NW","assessed_value":200500},{"address":"11407.0 96 STREET NW","assessed_value":230000},{"address":"301.0 CLAREVIEW STATION DRIVE NW","assessed_value":158000},{"address":"1520.0 HAMMOND GATE NW","assessed_value":203000},{"address":"330.0 CLAREVIEW STATION DRIVE NW","assessed_value":155000},{"address":"6927.0 19A AVENUE SW","assessed_value":521500},{"address":"21356.0 51 AVENUE NW","assessed_value":561000},{"address":"nan nan","assessed_value":4500},{"address":"11705.0 83 STREET NW","assessed_value":61000},{"address":"10046.0 117 STREET NW","assessed_value":701000},{"address":"1520.0 HAMMOND GATE NW","assessed_value":187000},{"address":"nan nan","assessed_value":4000},{"address":"5808.0 118 AVENUE NW","assessed_value":209000},{"address":"nan nan","assessed_value":4000},{"address":"nan nan","assessed_value":6500},{"address":"6032.0 38 AVENUE NW","assessed_value":244500},{"address":"330.0 CLAREVIEW STATION DRIVE NW","assessed_value":193500},{"address":"9925.0 156 STREET NW","assessed_value":93500},{"address":"nan nan","assessed_value":9500},{"address":"nan nan","assessed_value":4000},{"address":"7331.0 SOUTH TERWILLEGAR DRIVE NW","assessed_value":138500},{"address":"2503.0 HANNA CRESCENT NW","assessed_value":232500},{"address":"6418.0 MANN COURT NW","assessed_value":975500},{"address":"10945.0 84 STREET NW","assessed_value":82500},{"address":"9999.0 111 STREET NW","assessed_value":69500},{"address":"722.0 ADAMS WAY SW","assessed_value":618000},{"address":"10121.0 80 AVENUE NW","assessed_value":222000},{"address":"nan nan","assessed_value":7500},{"address":"4511.0 212 STREET NW","assessed_value":526500},{"address":"nan nan","assessed_value":14500},{"address":"7619.0 10 AVENUE SW","assessed_value":550500},{"address":"nan nan","assessed_value":10000},{"address":"9342.0 103 AVENUE NW","assessed_value":102500},{"address":"1204.0 156 STREET NW","assessed_value":211000},{"address":"nan nan","assessed_value":10000},{"address":"nan nan","assessed_value":4000},{"address":"2907.0 21 AVENUE NW","assessed_value":452000},{"address":"1188.0 HYNDMAN ROAD NW","assessed_value":143000},{"address":"nan nan","assessed_value":4000},{"address":"nan nan","assessed_value":7500},{"address":"11615.0 ELLERSLIE ROAD SW","assessed_value":218500},{"address":"2503.0 HANNA CRESCENT NW","assessed_value":217000},{"address":"nan nan","assessed_value":9000},{"address":"nan nan","assessed_value":10000},{"address":"nan nan","assessed_value":9000},{"address":"6315.0 135 AVENUE NW","assessed_value":174500},{"address":"12914.0 64 STREET NW","assessed_value":49500},{"address":"10715.0 116 STREET NW","assessed_value":73000},{"address":"671.0 173A STREET SW","assessed_value":592500},{"address":"nan nan","assessed_value":7500},{"address":"2704.0 29 STREET NW","assessed_value":563000},{"address":"3249.0 WHITELAW DRIVE NW","assessed_value":594500},{"address":"7331.0 SOUTH TERWILLIGAR DRIVE NW","assessed_value":174500},{"address":"nan nan","assessed_value":7500},{"address":"4367.0 VETERANS WAY NW","assessed_value":402000},{"address":"nan nan","assessed_value":4000},{"address":"11933.0 JASPER AVENUE NW","assessed_value":740500},{"address":"2421.0 CAMERON RAVINE DRIVE NW","assessed_value":1210500},{"address":"1389.0 HERMITAGE ROAD NW","assessed_value":262500},{"address":"20771.0 58 AVENUE NW","assessed_value":551000},{"address":"124.0 56 STREET SW","assessed_value":521500},{"address":"nan nan","assessed_value":10500},{"address":"3291.0 WHITELAW DRIVE NW","assessed_value":750000},{"address":"6220.0 134 AVENUE NW","assessed_value":159500},{"address":"9363.0 SIMPSON DRIVE NW","assessed_value":161500},{"address":"nan nan","assessed_value":7500},{"address":"10620.0 105 STREET NW","assessed_value":85000},{"address":"nan nan","assessed_value":7500},{"address":"205.0 CALLAGHAN DRIVE SW","assessed_value":726000},{"address":"nan nan","assessed_value":4500},{"address":"301.0 CLAREVIEW STATION DRIVE NW","assessed_value":167500},{"address":"10404.0 24 AVENUE NW","assessed_value":155500},{"address":"330.0 CLAREVIEW STATION DRIVE NW","assessed_value":181500},{"address":"nan nan","assessed_value":8000},{"address":"nan nan","assessed_value":4000},{"address":"6608.0 28 AVENUE NW","assessed_value":198000},{"address":"nan nan","assessed_value":4000},{"address":"1718.0 RABBIT HILL ROAD NW","assessed_value":200500},{"address":"13215.0 153 AVENUE NW","assessed_value":206000},{"address":"nan nan","assessed_value":5500},{"address":"nan nan","assessed_value":10500},{"address":"7327.0 SOUTH TERWILLEGAR DRIVE NW","assessed_value":137000},{"address":"1718.0 RABBIT HILL ROAD NW","assessed_value":338000},{"address":"3915.0 WHITELAW CLOSE NW","assessed_value":797000},{"address":"13035.0 69 STREET NW","assessed_value":74500},{"address":"6035.0 214 STREET NW","assessed_value":353000},{"address":"2815.0 34 AVENUE NW","assessed_value":454000},{"address":"nan nan","assessed_value":19500},{"address":"nan nan","assessed_value":7500},{"address":"1928.0 68 STREET SW","assessed_value":536500},{"address":"nan nan","assessed_value":4000},{"address":"8306.0 JASPER AVENUE NW","assessed_value":63500},{"address":"5720.0 168 AVENUE NW","assessed_value":586500},{"address":"17335.0 7A AVENUE SW","assessed_value":501500},{"address":"10121.0 80 AVENUE NW","assessed_value":165000},{"address":"6120.0 118 AVENUE NW","assessed_value":92500},{"address":"10210.0 122 STREET NW","assessed_value":100000},{"address":"nan nan","assessed_value":72000},{"address":"12931.0 64 STREET NW","assessed_value":57000},{"address":"9357.0 SIMPSON DRIVE NW","assessed_value":185500},{"address":"148.0 55 STREET SW","assessed_value":579000},{"address":"20554.0 92A AVENUE NW","assessed_value":589000},{"address":"798.0 DRYSDALE RUN NW","assessed_value":759500},{"address":"831.0 WILDWOOD CRESCENT NW","assessed_value":1093500},{"address":"688.0 ADAMS WAY SW","assessed_value":507000},{"address":"18310.0 97A AVENUE NW","assessed_value":476500},{"address":"10632.0 103 STREET NW","assessed_value":74000},{"address":"9820.0 165 STREET NW","assessed_value":156000},{"address":"9999.0 111 STREET NW","assessed_value":70500},{"address":"nan nan","assessed_value":10500},{"address":"nan nan","assessed_value":14500},{"address":"17839.0 99 STREET NW","assessed_value":260000},{"address":"10148.0 162 STREET NW","assessed_value":86500},{"address":"12050.0 17 AVENUE SW","assessed_value":264000},{"address":"4403.0 23 STREET NW","assessed_value":160000},{"address":"9760.0 76 AVENUE NW","assessed_value":77000},{"address":"210.0 OAK WOOD DRIVE NW","assessed_value":148500},{"address":"18004.0 89 STREET NW","assessed_value":259000},{"address":"nan nan","assessed_value":19500},{"address":"nan nan","assessed_value":4000},{"address":"nan nan","assessed_value":4000},{"address":"18342.0 97A AVENUE NW","assessed_value":564000},{"address":"13089.0 156 STREET NW","assessed_value":460500},{"address":"11603.0 ELLERSLIE ROAD SW","assessed_value":173500},{"address":"6015.0 MAYNARD WAY NW","assessed_value":906000},{"address":"9118.0 SHAW WAY SW","assessed_value":375000},{"address":"5951.0 165 AVENUE NW","assessed_value":174000},{"address":"10624.0 103 STREET NW","assessed_value":71000},{"address":"1318.0 60 STREET SW","assessed_value":372000},{"address":"9999.0 111 STREET NW","assessed_value":84000},{"address":"nan nan","assessed_value":19500},{"address":"nan nan","assessed_value":8000},{"address":"5818.0 1A AVENUE SW","assessed_value":344500},{"address":"470.0 MACEWAN ROAD SW","assessed_value":156500},{"address":"nan nan","assessed_value":7000},{"address":"860.0 HODGINS ROAD NW","assessed_value":831500},{"address":"6925.0 199 STREET NW","assessed_value":135500},{"address":"nan nan","assessed_value":4000},{"address":"2510.0 109 STREET NW","assessed_value":300500},{"address":"11615.0 ELLERSLIE ROAD SW","assessed_value":173000},{"address":"nan nan","assessed_value":4500},{"address":"103.0 AMBLESIDE DRIVE SW","assessed_value":163500},{"address":"112.0 59 STREET SW","assessed_value":459500},{"address":"12030.0 82 STREET NW","assessed_value":58000},{"address":"11615.0 ELLERSLIE ROAD SW","assessed_value":192000},{"address":"nan nan","assessed_value":4000},{"address":"10055.0 118 STREET NW","assessed_value":316000},{"address":"10303.0 111 STREET NW","assessed_value":306000},{"address":"9819.0 104 STREET NW","assessed_value":191000},{"address":"152.0 AMBLESIDE DRIVE SW","assessed_value":735500},{"address":"nan nan","assessed_value":4000},{"address":"11136.0 124 STREET NW","assessed_value":73000},{"address":"nan nan","assessed_value":5500},{"address":"12921.0 127 STREET NW","assessed_value":51000},{"address":"166.0 AMBLESIDE DRIVE SW","assessed_value":766500},{"address":"10235.0 112 STREET NW","assessed_value":196000},{"address":"17944.0 85 STREET NW","assessed_value":397500},{"address":"627.0 TAMARACK ROAD NW","assessed_value":581000},{"address":"9363.0 SIMPSON DRIVE NW","assessed_value":163000},{"address":"2051.0 TOWNE CENTRE BOULEVARD NW","assessed_value":287500},{"address":"6220.0 134 AVENUE NW","assessed_value":113500},{"address":"3015.0 22 AVENUE NW","assessed_value":394000},{"address":"nan nan","assessed_value":10500},{"address":"nan nan","assessed_value":10000},{"address":"nan nan","assessed_value":8000},{"address":"1720.0 64 STREET SW","assessed_value":397500},{"address":"nan nan","assessed_value":10000},{"address":"10910.0 110 STREET NW","assessed_value":115000},{"address":"10155.0 151 STREET NW","assessed_value":91000},{"address":"7331.0 SOUTH TERWILLEGAR DRIVE NW","assessed_value":163500},{"address":"10118.0 106 AVENUE NW","assessed_value":185000},{"address":"4940.0 214 STREET NW","assessed_value":381000},{"address":"1520.0 HAMMOND GATE NW","assessed_value":184500},{"address":"103.0 AMBLESIDE DRIVE SW","assessed_value":151500},{"address":"4245.0 139 AVENUE NW","assessed_value":176500},{"address":"2510.0 109 STREET NW","assessed_value":205000},{"address":"nan nan","assessed_value":8000},{"address":"3024.0 20 AVENUE NW","assessed_value":483500},{"address":"10145.0 161 STREET NW","assessed_value":82500},{"address":"3010.0 33 AVENUE NW","assessed_value":235500},{"address":"10010.0 12 AVENUE SW","assessed_value":13877500},{"address":"7347.0 SOUTH TERWILLEGAR DRIVE NW","assessed_value":227500},{"address":"nan nan","assessed_value":4000},{"address":"17342.0 8A AVENUE SW","assessed_value":477000},{"address":"2025.0 ARMITAGE GREEN SW","assessed_value":782500},{"address":"1204.0 156 STREET NW","assessed_value":134000},{"address":"10620.0 105 STREET NW","assessed_value":72000},{"address":"nan nan","assessed_value":19000},{"address":"nan nan","assessed_value":7000},{"address":"nan nan","assessed_value":10500},{"address":"1204.0 156 STREET NW","assessed_value":140000},{"address":"nan nan","assessed_value":5500},{"address":"3263.0 WHITELAW DRIVE NW","assessed_value":830500},{"address":"nan nan","assessed_value":4000},{"address":"10404.0 24 AVENUE NW","assessed_value":155500},{"address":"450.0 HYNDMAN CRESCENT NW","assessed_value":242000},{"address":"301.0 CLAREVIEW STATION DRIVE NW","assessed_value":172000},{"address":"nan nan","assessed_value":15000},{"address":"6422.0 16 AVENUE SW","assessed_value":401000},{"address":"8021.0 115 AVENUE NW","assessed_value":117000},{"address":"2833.0 ANDERSON PLACE SW","assessed_value":658500},{"address":"13825.0 155 AVENUE NW","assessed_value":216000},{"address":"9357.0 SIMPSON DRIVE NW","assessed_value":130000},{"address":"nan nan","assessed_value":9000},{"address":"21332.0 61 AVENUE NW","assessed_value":397500},{"address":"1060.0 CONNELLY WAY SW","assessed_value":735500},{"address":"731.0 173 STREET SW","assessed_value":611500},{"address":"8306.0 JASPER AVENUE NW","assessed_value":53000},{"address":"10146.0 154 STREET NW","assessed_value":71000},{"address":"2619.0 ANDERSON CRESCENT SW","assessed_value":637500},{"address":"10106.0 162 STREET NW","assessed_value":88000},{"address":"4408.0 SUZANNA CRESCENT SW","assessed_value":800500},{"address":"4245.0 139 AVENUE NW","assessed_value":119000},{"address":"10136.0 104 STREET NW","assessed_value":254000},{"address":"1621.0 64 STREET SW","assessed_value":397500},{"address":"nan nan","assessed_value":10500},{"address":"2815.0 34 AVENUE NW","assessed_value":335000},{"address":"10404.0 24 AVENUE NW","assessed_value":155500},{"address":"nan nan","assessed_value":10500},{"address":"20921.0 92A AVENUE NW","assessed_value":459000},{"address":"6315.0 135 AVENUE NW","assessed_value":158500},{"address":"8931.0 156 STREET NW","assessed_value":181500},{"address":"6608.0 28 AVENUE NW","assessed_value":262000},{"address":"10136.0 104 STREET NW","assessed_value":232000},{"address":"nan nan","assessed_value":7000},{"address":"nan nan","assessed_value":9500},{"address":"nan nan","assessed_value":10500},{"address":"2132.0 89B STREET SW","assessed_value":825500},{"address":"nan nan","assessed_value":10500},{"address":"nan nan","assessed_value":10000},{"address":"10121.0 80 AVENUE NW","assessed_value":186000},{"address":"1589.0 GLASTONBURY BOULEVARD NW","assessed_value":296000},{"address":"10531.0 117 STREET NW","assessed_value":176500},{"address":"nan nan","assessed_value":10500},{"address":"nan nan","assessed_value":4500},{"address":"3305.0 WEST COURT NW","assessed_value":615500},{"address":"10140.0 151 STREET NW","assessed_value":130500},{"address":"10136.0 104 STREET NW","assessed_value":189500},{"address":"nan nan","assessed_value":4000},{"address":"1008.0 ARMITAGE CRESCENT SW","assessed_value":629000},{"address":"12050.0 17 AVENUE SW","assessed_value":261500},{"address":"nan nan","assessed_value":9000},{"address":"6032.0 38 AVENUE NW","assessed_value":267000},{"address":"10333.0 112 STREET NW","assessed_value":182000},{"address":"nan nan","assessed_value":10500},{"address":"15151.0 32 STREET NW","assessed_value":538000},{"address":"nan nan","assessed_value":14500},{"address":"4245.0 139 AVENUE NW","assessed_value":121500},{"address":"6804.0 19 AVENUE SW","assessed_value":575000},{"address":"982.0 VALOUR WAY NW","assessed_value":341500},{"address":"6608.0 28 AVENUE NW","assessed_value":144500},{"address":"228.0 54 STREET SW","assessed_value":598000},{"address":"14612.0 125 STREET NW","assessed_value":176000},{"address":"nan nan","assessed_value":5500},{"address":"2051.0 TOWNE CENTRE BOULEVARD NW","assessed_value":292000},{"address":"nan nan","assessed_value":4000},{"address":"5906.0 207A STREET NW","assessed_value":531500},{"address":"196.0 AMBLESIDE DRIVE SW","assessed_value":752500},{"address":"10333.0 112 STREET NW","assessed_value":290500},{"address":"700.0 ADAMS WAY SW","assessed_value":499000},{"address":"920.0 156 STREET NW","assessed_value":181000},{"address":"2504.0 109 STREET NW","assessed_value":226500},{"address":"2552.0 CAMERON RAVINE LANDING NW","assessed_value":795500},{"address":"5818.0 118 AVENUE NW","assessed_value":202000},{"address":"144.0 55 STREET SW","assessed_value":541000},{"address":"5521.0 168A AVENUE NW","assessed_value":617500},{"address":"10135.0 120 STREET NW","assessed_value":128000},{"address":"3236.0 WHITELAW DRIVE NW","assessed_value":887000},{"address":"9750.0 94 STREET NW","assessed_value":205500},{"address":"nan nan","assessed_value":4000},{"address":"10531.0 117 STREET NW","assessed_value":260000},{"address":"nan nan","assessed_value":334000},{"address":"9603.0 98 AVENUE NW","assessed_value":218500},{"address":"1019.0 61 STREET SW","assessed_value":546000},{"address":"5248.0 MULLEN CREST NW","assessed_value":1057000},{"address":"6921.0 199 STREET NW","assessed_value":176000},{"address":"16722.0 58A STREET NW","assessed_value":539000},{"address":"nan nan","assessed_value":4000},{"address":"nan nan","assessed_value":19000},{"address":"nan nan","assessed_value":4000},{"address":"nan nan","assessed_value":4500},{"address":"9342.0 103 AVENUE NW","assessed_value":108000},{"address":"4841.0 TERWILLEGAR COMMON NW","assessed_value":379500},{"address":"2245.0 WARRY LOOP SW","assessed_value":591500},{"address":"3067.0 WHITELAW DRIVE NW","assessed_value":364500},{"address":"nan nan","assessed_value":10000},{"address":"263.0 MACEWAN ROAD SW","assessed_value":137000},{"address":"1320.0 RUTHERFORD ROAD SW","assessed_value":232500},{"address":"21311.0 58 AVENUE NW","assessed_value":501000},{"address":"nan nan","assessed_value":7500},{"address":"nan nan","assessed_value":10500},{"address":"5821.0 168A AVENUE NW","assessed_value":430500},{"address":"9096.0 SHAW WAY SW","assessed_value":362000},{"address":"nan nan","assessed_value":7000},{"address":"10210.0 122 STREET NW","assessed_value":105000},{"address":"8831.0 180 AVENUE NW","assessed_value":477000},{"address":"3010.0 33 AVENUE NW","assessed_value":222500},{"address":"nan nan","assessed_value":7500},{"address":"20557.0 92A AVENUE NW","assessed_value":575000},{"address":"12334.0 136 AVENUE NW","assessed_value":8500},{"address":"6711.0 SPEAKER PLACE NW","assessed_value":584000},{"address":"330.0 CLAREVIEW STATION DRIVE NW","assessed_value":154500},{"address":"386.0 HEMINGWAY ROAD NW","assessed_value":459500},{"address":"4321.0 VETERANS WAY NW","assessed_value":404500},{"address":"nan nan","assessed_value":19500},{"address":"9132.0 23 AVENUE NW","assessed_value":508500},{"address":"9274.0 212 STREET NW","assessed_value":582000},{"address":"nan nan","assessed_value":88000},{"address":"1520.0 HAMMOND GATE NW","assessed_value":186500},{"address":"nan nan","assessed_value":8000},{"address":"1907.0 68 STREET SW","assessed_value":600000},{"address":"nan nan","assessed_value":14500},{"address":"9363.0 SIMPSON DRIVE NW","assessed_value":199000},{"address":"nan nan","assessed_value":19000},{"address":"nan nan","assessed_value":5500},{"address":"720.0 172 STREET SW","assessed_value":509500},{"address":"9208.0 209 STREET NW","assessed_value":469500},{"address":"758.0 ADAMS WAY SW","assessed_value":746500},{"address":"3605.0 WHITELAW BAY NW","assessed_value":405000},{"address":"3415.0 106 AVENUE NW","assessed_value":81000},{"address":"737.0 CAINE BOULEVARD SW","assessed_value":840000},{"address":"4016.0 101 STREET NW","assessed_value":1130500},{"address":"nan nan","assessed_value":19500},{"address":"12207.0 JASPER AVENUE NW","assessed_value":129000},{"address":"10136.0 104 STREET NW","assessed_value":243000},{"address":"2005.0 HOPE ROAD NW","assessed_value":415500},{"address":"11615.0 ELLERSLIE ROAD SW","assessed_value":176500},{"address":"nan nan","assessed_value":19500},{"address":"nan nan","assessed_value":4000},{"address":"1520.0 HAMMOND GATE NW","assessed_value":190500},{"address":"nan nan","assessed_value":8000},{"address":"1907.0 119 STREET SW","assessed_value":474000},{"address":"11615.0 ELLERSLIE ROAD SW","assessed_value":177000},{"address":"11915.0 106 STREET NW","assessed_value":115500},{"address":"12914.0 64 STREET NW","assessed_value":54000},{"address":"2711.0 ANDERSON CRESCENT SW","assessed_value":603500},{"address":"15151.0 43 STREET NW","assessed_value":296500},{"address":"1057.0 ARMITAGE CRESCENT SW","assessed_value":14500},{"address":"nan nan","assessed_value":5500},{"address":"13825.0 155 AVENUE NW","assessed_value":236000},{"address":"7339.0 SOUTH TERWILLEGAR DRIVE NW","assessed_value":180500},{"address":"7903.0 115 AVENUE NW","assessed_value":230500},{"address":"nan nan","assessed_value":4000},{"address":"nan nan","assessed_value":15000},{"address":"2232.0 AUSTIN WAY SW","assessed_value":501000},{"address":"9543.0 221 STREET NW","assessed_value":527500},{"address":"1204.0 156 STREET NW","assessed_value":177500},{"address":"nan nan","assessed_value":3000},{"address":"5312.0 159 AVENUE NW","assessed_value":485500},{"address":"1175.0 195 AVENUE NE","assessed_value":827500},{"address":"301.0 CLAREVIEW STATION DRIVE NW","assessed_value":163500},{"address":"11453.0 14A AVENUE SW","assessed_value":525500},{"address":"203.0 57 STREET SW","assessed_value":607500},{"address":"13625.0 34 STREET NW","assessed_value":165500},{"address":"263.0 MACEWAN ROAD SW","assessed_value":200000},{"address":"470.0 MACEWAN ROAD SW","assessed_value":139000},{"address":"1214.0 CHAHLEY LANDING NW","assessed_value":834500},{"address":"1914.0 HAMMOND PLACE NW","assessed_value":457000},{"address":"10121.0 80 AVENUE NW","assessed_value":182000},{"address":"5604.0 199 STREET NW","assessed_value":273500},{"address":"5951.0 165 AVENUE NW","assessed_value":157500},{"address":"8618.0 106 AVENUE NW","assessed_value":78000},{"address":"9357.0 SIMPSON DRIVE NW","assessed_value":184500},{"address":"nan nan","assessed_value":10500},{"address":"nan nan","assessed_value":5500},{"address":"nan nan","assessed_value":10500},{"address":"16820.0 57 STREET NW","assessed_value":498000},{"address":"nan nan","assessed_value":7000},{"address":"11371.0 174 STREET NW","assessed_value":513000},{"address":"1204.0 156 STREET NW","assessed_value":188000},{"address":"nan nan","assessed_value":14500},{"address":"10055.0 118 STREET NW","assessed_value":293000},{"address":"6315.0 135 AVENUE NW","assessed_value":180000},{"address":"7335.0 ROPER ROAD NW","assessed_value":662500},{"address":"10408.0 92 STREET NW","assessed_value":80500},{"address":"nan nan","assessed_value":10000},{"address":"nan nan","assessed_value":3000},{"address":"11332.0 101 STREET NW","assessed_value":379500},{"address":"8931.0 156 STREET NW","assessed_value":166000},{"address":"10720.0 127 STREET NW","assessed_value":112500},{"address":"nan nan","assessed_value":4500},{"address":"10525.0 80 AVENUE NW","assessed_value":286000},{"address":"1901.0 126 STREET SW","assessed_value":451000},{"address":"920.0 156 STREET NW","assessed_value":152000},{"address":"nan nan","assessed_value":10500},{"address":"2520.0 ELLWOOD DRIVE SW","assessed_value":542500},{"address":"nan nan","assessed_value":7500},{"address":"nan nan","assessed_value":7000},{"address":"2633.0 ANDERSON CRESCENT SW","assessed_value":652000},{"address":"10740.0 107 STREET NW","assessed_value":66000},{"address":"466.0 MACEWAN ROAD SW","assessed_value":172500},{"address":"6032.0 38 AVENUE NW","assessed_value":244500},{"address":"3718.0 13 STREET NW","assessed_value":626500},{"address":"330.0 CLAREVIEW STATION DRIVE NW","assessed_value":203500},{"address":"7604.0 11 AVENUE SW","assessed_value":546500},{"address":"nan nan","assessed_value":10500},{"address":"nan nan","assessed_value":14500},{"address":"nan nan","assessed_value":8000},{"address":"2581.0 PEGASUS BOULEVARD NW","assessed_value":652000},{"address":"388.0 HEMINGWAY ROAD NW","assessed_value":435500},{"address":"nan nan","assessed_value":4000},{"address":"6608.0 28 AVENUE NW","assessed_value":189500},{"address":"2663.0 ANDERSON CRESCENT SW","assessed_value":638000},{"address":"466.0 MACEWAN ROAD SW","assessed_value":141500},{"address":"10011.0 62 STREET NW","assessed_value":80000},{"address":"nan nan","assessed_value":5500},{"address":"1589.0 GLASTONBURY BOULEVARD NW","assessed_value":355000},{"address":"nan nan","assessed_value":8000},{"address":"10240.0 90 STREET NW","assessed_value":441500},{"address":"nan nan","assessed_value":15000},{"address":"10710.0 80 AVENUE NW","assessed_value":122500},{"address":"1320.0 RUTHERFORD ROAD SW","assessed_value":170500},{"address":"nan nan","assessed_value":9000},{"address":"10145.0 161 STREET NW","assessed_value":84500},{"address":"nan nan","assessed_value":5500},{"address":"nan nan","assessed_value":8500},{"address":"263.0 MACEWAN ROAD SW","assessed_value":181500},{"address":"629.0 ADAMS WAY SW","assessed_value":737500},{"address":"416.0 OAK WOOD CRES NW","assessed_value":123000},{"address":"8306.0 JASPER AVENUE NW","assessed_value":91500},{"address":"nan nan","assessed_value":4000},{"address":"16006.0 137A STREET NW","assessed_value":588000},{"address":"1589.0 GLASTONBURY BOULEVARD NW","assessed_value":315000},{"address":"5005.0 165 AVENUE NW","assessed_value":148500},{"address":"nan nan","assessed_value":10500},{"address":"12914.0 64 STREET NW","assessed_value":53000},{"address":"7293.0 SOUTH TERWILLEGAR DRIVE NW","assessed_value":296000},{"address":"nan nan","assessed_value":9500},{"address":"12050.0 17 AVENUE NW","assessed_value":261500},{"address":"13057.0 156 STREET NW","assessed_value":704500},{"address":"1520.0 HAMMOND GATE NW","assessed_value":192500},{"address":"6412.0 MANN COURT NW","assessed_value":974500},{"address":"11203.0 103A AVENUE NW","assessed_value":207000},{"address":"4245.0 139 AVENUE NW","assessed_value":188000},{"address":"1649.0 JAMES MOWATT TRAIL SW","assessed_value":344500},{"address":"1589.0 GLASTONBURY BOULEVARD NW","assessed_value":214000},{"address":"nan nan","assessed_value":10500},{"address":"2051.0 TOWNE CENTRE BOULEVARD NW","assessed_value":283000},{"address":"2227.0 WARRY LOOP SW","assessed_value":704500},{"address":"nan nan","assessed_value":8000},{"address":"7335.0 SOUTH TERWILLEGAR DRIVE NW","assessed_value":173000},{"address":"6608.0 28 AVENUE NW","assessed_value":551000},{"address":"nan nan","assessed_value":8000},{"address":"10118.0 106 AVENUE NW","assessed_value":202000},{"address":"6304.0 SANDIN WAY NW","assessed_value":324000},{"address":"320.0 CLAREVIEW STATION DRIVE NW","assessed_value":152500},{"address":"11421.0 14 AVENUE SW","assessed_value":381000},{"address":"10121.0 80 AVENUE NW","assessed_value":242500},{"address":"nan nan","assessed_value":10500},{"address":"4245.0 139 AVENUE NW","assessed_value":126500},{"address":"103.0 AMBLESIDE DRIVE SW","assessed_value":144000},{"address":"nan nan","assessed_value":10500},{"address":"9819.0 104 STREET NW","assessed_value":195500},{"address":"604.0 62 STREET SW","assessed_value":199500},{"address":"2526.0 ANDERSON WAY SW","assessed_value":354000},{"address":"9316.0 82 AVENUE NW","assessed_value":246000},{"address":"330.0 CLAREVIEW STATION DRIVE NW","assessed_value":157500},{"address":"nan nan","assessed_value":7500},{"address":"10620.0 105 STREET NW","assessed_value":72500},{"address":"nan nan","assessed_value":4000},{"address":"1840.0 RUTHERFORD ROAD SW","assessed_value":633500},{"address":"450.0 HYNDMAN CRESCENT NW","assessed_value":263500},{"address":"15815.0 95 STREET NW","assessed_value":545500},{"address":"nan nan","assessed_value":4000},{"address":"nan nan","assessed_value":14500},{"address":"7929.0 75 STREET NW","assessed_value":244500},{"address":"2580.0 ANDERSON WAY SW","assessed_value":2500},{"address":"2837.0 ANDERSON PLACE SW","assessed_value":663500},{"address":"103.0 AMBLESIDE DRIVE SW","assessed_value":186000},{"address":"nan nan","assessed_value":7500},{"address":"nan nan","assessed_value":4000},{"address":"nan nan","assessed_value":4000},{"address":"nan nan","assessed_value":19500},{"address":"nan nan","assessed_value":14500},{"address":"10303.0 111 STREET NW","assessed_value":290000},{"address":"2841.0 ANDERSON PLACE SW","assessed_value":672500},{"address":"3619.0 14 STREET NW","assessed_value":630500},{"address":"1404.0 HERMITAGE ROAD NW","assessed_value":240500},{"address":"920.0 156 STREET NW","assessed_value":130000},{"address":"nan nan","assessed_value":19500},{"address":"nan nan","assessed_value":15000},{"address":"nan nan","assessed_value":10500},{"address":"nan nan","assessed_value":7000},{"address":"nan nan","assessed_value":9500},{"address":"9945.0 167 STREET NW","assessed_value":143000},{"address":"3415.0 106 AVENUE NW","assessed_value":82500},{"address":"nan nan","assessed_value":4000},{"address":"2647.0 ANDERSON CRESCENT SW","assessed_value":585500},{"address":"820.0 WILDWOOD CRESCENT NW","assessed_value":1051000},{"address":"nan nan","assessed_value":7500},{"address":"8411.0 119 AVENUE NW","assessed_value":57500},{"address":"2414.0 WARRY PLACE SW","assessed_value":656000},{"address":"8721.0 53 AVENUE NW","assessed_value":739000},{"address":"1323.0 113 STREET SW","assessed_value":580000},{"address":"612.0 111 STREET SW","assessed_value":168000},{"address":"10215.0 115 STREET NW","assessed_value":95500},{"address":"nan nan","assessed_value":8000},{"address":"nan nan","assessed_value":8000},{"address":"10531.0 117 STREET NW","assessed_value":185500},{"address":"nan nan","assessed_value":15000},{"address":"20534.0 92A AVENUE NW","assessed_value":573000},{"address":"10136.0 104 STREET NW","assessed_value":192000},{"address":"7335.0 SOUTH TERWILLEGAR DRIVE NW","assessed_value":167500},{"address":"2643.0 ANDERSON CRESCENT SW","assessed_value":572500},{"address":"1024.0 ARMITAGE CRESCENT SW","assessed_value":684000},{"address":"466.0 MACEWAN ROAD SW","assessed_value":179500},{"address":"6304.0 SANDIN WAY NW","assessed_value":304500},{"address":"11705.0 83 STREET NW","assessed_value":72500},{"address":"8107.0 80 AVENUE NW","assessed_value":645500},{"address":"5604.0 199 STREET NW","assessed_value":266500},{"address":"2051.0 TOWNE CENTRE BOULEVARD NW","assessed_value":283000},{"address":"nan nan","assessed_value":10500},{"address":"1650.0 TOWNE CENTER BOULEVARD NW","assessed_value":254000},{"address":"420.0 TAMARACK GREEN NW","assessed_value":154500},{"address":"7524.0 SPEAKER WAY NW","assessed_value":625500},{"address":"nan nan","assessed_value":5500},{"address":"263.0 MACEWAN ROAD SW","assessed_value":213000},{"address":"6147.0 10 AVENUE SW","assessed_value":566500},{"address":"4507.0 190 STREET NW","assessed_value":516000},{"address":"nan nan","assessed_value":10500},{"address":"5412.0 1A AVENUE SW","assessed_value":473500},{"address":"nan nan","assessed_value":9000},{"address":"10525.0 83 AVENUE NW","assessed_value":162000},{"address":"2454.0 CAMERON RAVINE DRIVE NW","assessed_value":1567000},{"address":"nan nan","assessed_value":4500},{"address":"nan nan","assessed_value":9500},{"address":"9945.0 167 STREET NW","assessed_value":162000},{"address":"1718.0 64 STREET SW","assessed_value":394500},{"address":"nan nan","assessed_value":71500},{"address":"2128.0 32 STREET NW","assessed_value":371000},{"address":"nan nan","assessed_value":19500},{"address":"7515.0 SPEAKER WAY NW","assessed_value":668500},{"address":"nan nan","assessed_value":4000},{"address":"nan nan","assessed_value":4000},{"address":"16003.0 132 STREET NW","assessed_value":324500},{"address":"13151.0 146 STREET NW","assessed_value":5717500},{"address":"5951.0 165 AVENUE NW","assessed_value":124500},{"address":"nan nan","assessed_value":8000},{"address":"4203.0 SAVARYN DRIVE SW","assessed_value":42743000},{"address":"7339.0 SOUTH TERWILLEGAR DRIVE NW","assessed_value":245000},{"address":"7523.0 SPEAKER WAY NW","assessed_value":650000},{"address":"nan nan","assessed_value":7500},{"address":"20831.0 61 AVENUE NW","assessed_value":531500},{"address":"6405.0 MANN COURT NW","assessed_value":905000},{"address":"6921.0 199 STREET NW","assessed_value":188000},{"address":"4245.0 139 AVENUE NW","assessed_value":177500},{"address":"10135.0 120 STREET NW","assessed_value":91500},{"address":"2152.0 AUSTIN LINK SW","assessed_value":419500},{"address":"10333.0 112 STREET","assessed_value":195500},{"address":"nan nan","assessed_value":7500},{"address":"17610.0 MANNING DRIVE NW","assessed_value":4500},{"address":"1948.0 33A STREET NW","assessed_value":495500},{"address":"10055.0 118 STREET NW","assessed_value":394500},{"address":"5005.0 165 AVENUE NW","assessed_value":144000},{"address":"7327.0 SOUTH TERWILLEGAR DRIVE NW","assessed_value":201500},{"address":"nan nan","assessed_value":4000},{"address":"2547.0 CAMERON RAVINE LANDING NW","assessed_value":787500},{"address":"5910.0 207A STREET NW","assessed_value":528000},{"address":"3423.0 20 STREET NW","assessed_value":923500},{"address":"260.0 LEWIS ESTATES BOULEVARD NW","assessed_value":270500},{"address":"9820.0 165 STREET NW","assessed_value":158500},{"address":"13015.0 117 AVENUE NW","assessed_value":83500},{"address":"3286.0 WHITELAW DRIVE NW","assessed_value":976000},{"address":"nan nan","assessed_value":4000},{"address":"10333.0 112 STREET NW","assessed_value":215000},{"address":"10333.0 112 STREET NW","assessed_value":226000},{"address":"619.0 ADAMS WAY SW","assessed_value":724000},{"address":"nan nan","assessed_value":15000},{"address":"1507.0 68 STREET SW","assessed_value":815000},{"address":"185.0 CALLAGHAN DRIVE SW","assessed_value":935000},{"address":"6304.0 MANN PLACE NW","assessed_value":787000},{"address":"nan nan","assessed_value":4000},{"address":"2212.0 WARRY LOOP SW","assessed_value":738000},{"address":"nan nan","assessed_value":7000},{"address":"654.0 ADAMS WAY SW","assessed_value":641500},{"address":"9558.0 219A STREET NW","assessed_value":548000},{"address":"6140.0 11 AVENUE SW","assessed_value":504000},{"address":"10055.0 118 STREET NW","assessed_value":297500},{"address":"10618.0 34 STREET NW","assessed_value":82500},{"address":"nan nan","assessed_value":4500},{"address":"nan nan","assessed_value":15000},{"address":"6032.0 38 AVENUE NW","assessed_value":268000},{"address":"860.0 70 AVENUE NW","assessed_value":974500},{"address":"10235.0 112 STREET NW","assessed_value":171500},{"address":"7331.0 SOUTH TERWILLEGAR DRIVE NW","assessed_value":166000},{"address":"6608.0 28 AVENUE NW","assessed_value":187000},{"address":"10531.0 117 STREET NW","assessed_value":230000},{"address":"16912.0 79 STREET NW","assessed_value":716000},{"address":"3010.0 33 AVENUE NW","assessed_value":250500},{"address":"10046.0 117 STREET NW","assessed_value":352000},{"address":"330.0 CLAREVIEW STATION DRIVE NW","assessed_value":153500},{"address":"10136.0 104 STREET NW","assessed_value":191000},{"address":"9146.0 23 AVENUE NW","assessed_value":476000},{"address":"nan nan","assessed_value":4500},{"address":"nan nan","assessed_value":10000},{"address":"12851.0 133 STREET NW","assessed_value":353500},{"address":"2503.0 HANNA CRESCENT NW","assessed_value":193000},{"address":"9273.0 208A STREET NW","assessed_value":458500},{"address":"209.0 SECORD DRIVE NW","assessed_value":533500},{"address":"nan nan","assessed_value":19500},{"address":"nan nan","assessed_value":10000},{"address":"1625.0 65 STREET SW","assessed_value":373500},{"address":"nan nan","assessed_value":4000},{"address":"20648.0 93 AVENUE NW","assessed_value":597500},{"address":"10303.0 111 STREET NW","assessed_value":274000},{"address":"925.0 ARMITAGE COURT SW","assessed_value":700000},{"address":"6936.0 19A AVENUE SW","assessed_value":459500},{"address":"2443.0 AUSTIN CRESCENT SW","assessed_value":498500},{"address":"2311.0 CAMERON RAVINE COVE NW","assessed_value":763000},{"address":"nan nan","assessed_value":7500},{"address":"nan nan","assessed_value":19500},{"address":"320.0 CLAREVIEW STATION DRIVE NW","assessed_value":120500},{"address":"nan nan","assessed_value":9500},{"address":"nan nan","assessed_value":8000},{"address":"7327.0 SOUTH TERWILLEGAR DRIVE NW","assessed_value":170000},{"address":"6120.0 118 AVENUE NW","assessed_value":90000},{"address":"nan nan","assessed_value":8000},{"address":"nan nan","assessed_value":4000},{"address":"10121.0 80 AVENUE NW","assessed_value":228500},{"address":"nan nan","assessed_value":10500},{"address":"17338.0 8A AVENUE SW","assessed_value":494500},{"address":"nan nan","assessed_value":3000},{"address":"11203.0 103A AVENUE","assessed_value":214500},{"address":"615.0 WINDERMERE COURT NW","assessed_value":959000},{"address":"nan nan","assessed_value":7500},{"address":"7323.0 SOUTH TERWILLEGAR DRIVE NW","assessed_value":200500},{"address":"6518.0 MANN LANE NW","assessed_value":878000},{"address":"2818.0 21A AVENUE NW","assessed_value":478000},{"address":"5005.0 165 AVENUE NW","assessed_value":144000},{"address":"nan nan","assessed_value":9000},{"address":"nan nan","assessed_value":4000},{"address":"nan nan","assessed_value":10000},{"address":"9211.0 209 STREET NW","assessed_value":633500},{"address":"nan nan","assessed_value":4000},{"address":"7331.0 SOUTH TERWILLEGAR DRIVE NW","assessed_value":169000},{"address":"6220.0 134 AVENUE NW","assessed_value":173500},{"address":"1003.0 GAULT BOULEVARD NW","assessed_value":214500},{"address":"nan nan","assessed_value":4000},{"address":"9342.0 103 AVENUE NW","assessed_value":102500},{"address":"nan nan","assessed_value":7500},{"address":"nan nan","assessed_value":15000},{"address":"1188.0 HYNDMAN ROAD NW","assessed_value":166000},{"address":"10235.0 112 STREET NW","assessed_value":215500},{"address":"5005.0 165 AVENUE NW","assessed_value":153500},{"address":"15924.0 95 STREET NW","assessed_value":374000},{"address":"10215.0 115 STREET NW","assessed_value":127000},{"address":"2051.0 TOWNE CENTRE BOULEVARD NW","assessed_value":295000},{"address":"21156.0 92B AVENUE NW","assessed_value":439000},{"address":"363.0 GRIESBACH SCHOOL ROAD NW","assessed_value":444000},{"address":"9342.0 103 AVENUE NW","assessed_value":103500},{"address":"727.0 CAINE BOULEVARD SW","assessed_value":1470500},{"address":"nan nan","assessed_value":500},{"address":"6220.0 134 AVENUE NW","assessed_value":115500},{"address":"9363.0 SIMPSON DRIVE NW","assessed_value":226500},{"address":"2606.0 ANDERSON CRESCENT SW","assessed_value":623500},{"address":"nan nan","assessed_value":4000},{"address":"nan nan","assessed_value":10500},{"address":"11477.0 14A AVENUE SW","assessed_value":606500},{"address":"761.0 173B STREET SW","assessed_value":641000},{"address":"nan nan","assessed_value":19000},{"address":"4843.0 TERWILLEGAR COMMON NW","assessed_value":380500},{"address":"7339.0 SOUTH TERWILLEGAR DRIVE NW","assessed_value":162000},{"address":"10525.0 80 AVENUE NW","assessed_value":290000},{"address":"2034.0 ARMITAGE GREEN SW","assessed_value":720000},{"address":"nan nan","assessed_value":19500},{"address":"nan nan","assessed_value":4000},{"address":"603.0 WATT BOULEVARD SW","assessed_value":276000},{"address":"nan nan","assessed_value":4000},{"address":"6026.0 214 STREET NW","assessed_value":377000},{"address":"15738.0 95 STREET NW","assessed_value":357000},{"address":"20569.0 92A AVENUE NW","assessed_value":533000},{"address":"nan nan","assessed_value":9000},{"address":"1221.0 CUNNINGHAM DRIVE SW","assessed_value":620000},{"address":"7327.0 SOUTH TERWILLEGAR DRIVE NW","assessed_value":176500},{"address":"8805.0 123 AVENUE NW","assessed_value":270000},{"address":"10003.0 62 STREET NW","assessed_value":84500},{"address":"12408.0 15 AVENUE SW","assessed_value":214500},{"address":"9999.0 111 STREET NW","assessed_value":84500},{"address":"9099.0 SHAW WAY SW","assessed_value":383500},{"address":"nan nan","assessed_value":10500},{"address":"603.0 WATT BOULEVARD SW","assessed_value":276000},{"address":"1188.0 HYNDMAN ROAD NW","assessed_value":159000},{"address":"320.0 CLAREVIEW STATION DRIVE NW","assessed_value":120500},{"address":"735.0 85 STREET SW","assessed_value":338000},{"address":"1240.0 CHAHLEY LANDING NW","assessed_value":810500},{"address":"2503.0 HANNA CRESCENT NW","assessed_value":186000},{"address":"466.0 MACEWAN ROAD SW","assessed_value":183500},{"address":"435.0 CALLAGHAN COURT SW","assessed_value":753000},{"address":"17205.0 8A AVENUE SW","assessed_value":433000},{"address":"4316.0 139 AVENUE NW","assessed_value":157000},{"address":"nan nan","assessed_value":4500},{"address":"nan nan","assessed_value":4000},{"address":"466.0 MACEWAN ROAD SW","assessed_value":147500},{"address":"11143.0 123 STREET NW","assessed_value":285000},{"address":"4321.0 VETERANS WAY NW","assessed_value":389500},{"address":"1107.0 CONNELLY COURT SW","assessed_value":761500},{"address":"nan nan","assessed_value":42500},{"address":"735.0 85 STREET SW","assessed_value":323500},{"address":"7339.0 SOUTH TERWILLEGAR DRIVE NW","assessed_value":162000},{"address":"5607.0 118 AVENUE NW","assessed_value":69500},{"address":"13825.0 155 AVENUE NW","assessed_value":241000},{"address":"6925.0 199 STREET NW","assessed_value":217500},{"address":"13625.0 34 STREET NW","assessed_value":143000},{"address":"4245.0 139 AVENUE NW","assessed_value":199000},{"address":"nan nan","assessed_value":4000},{"address":"2812.0 20 AVENUE NW","assessed_value":456500},{"address":"17948.0 84 STREET NW","assessed_value":437000},{"address":"6525.0 ELLERSLIE ROAD SW","assessed_value":238500},{"address":"10720.0 127 STREET NW","assessed_value":117000},{"address":"nan nan","assessed_value":4000},{"address":"11015.0 83 STREET NW","assessed_value":105500},{"address":"nan nan","assessed_value":7500},{"address":"1022.0 CHAHLEY LANE NW","assessed_value":588000},{"address":"5005.0 213A STREET NW","assessed_value":606000},{"address":"9750.0 94 STREET NW","assessed_value":260000},{"address":"12030.0 82 STREET NW","assessed_value":63500},{"address":"6921.0 199 STREET NW","assessed_value":192000},{"address":"6323.0 MANN PLACE NW","assessed_value":773000},{"address":"nan nan","assessed_value":8000},{"address":"8736.0 180 AVENUE NW","assessed_value":432000},{"address":"6315.0 135 AVENUE NW","assessed_value":132500},{"address":"14411.0 MACKENZIE DRIVE NW","assessed_value":2568500},{"address":"10531.0 117 STREET NW","assessed_value":213500},{"address":"1524.0 67 STREET SW","assessed_value":771500},{"address":"6925.0 199 STREET NW","assessed_value":163500},{"address":"5951.0 165 AVENUE NW","assessed_value":120000},{"address":"872.0 ARMITAGE WYND SW","assessed_value":618000},{"address":"nan nan","assessed_value":2500},{"address":"891.0 ARMITAGE WYND SW","assessed_value":614000},{"address":"10205.0 120 AVENUE NW","assessed_value":124500},{"address":"1117.0 35A AVENUE NW","assessed_value":468500},{"address":"1320.0 RUTHERFORD ROAD SW","assessed_value":217500},{"address":"2051.0 TOWNE CENTRE BOULEVARD NW","assessed_value":287500},{"address":"nan nan","assessed_value":9500},{"address":"3623.0 13 STREET NW","assessed_value":449000},{"address":"1321.0 114B STREET SW","assessed_value":529000},{"address":"1108.0 74 STREET SW","assessed_value":480500},{"address":"320.0 CLAREVIEW STATION DRIVE NW","assessed_value":156000},{"address":"10145.0 161 STREET NW","assessed_value":103000},{"address":"3720.0 118 AVENUE NW","assessed_value":69500},{"address":"600.0 KIRKNESS ROAD NW","assessed_value":111500},{"address":"130.0 HYNDMAN CRESCENT NW","assessed_value":236500},{"address":"9150.0 23 AVENUE NW","assessed_value":464000},{"address":"nan nan","assessed_value":4000},{"address":"nan nan","assessed_value":8000},{"address":"4063.0 WHISPERING RIVER DRIVE NW","assessed_value":1141000},{"address":"nan nan","assessed_value":10500},{"address":"11333.0 13A AVENUE SW","assessed_value":566000},{"address":"18141.0 96A AVENUE NW","assessed_value":557500},{"address":"13215.0 153 AVENUE NW","assessed_value":206000},{"address":"2510.0 109 STREET NW","assessed_value":256000},{"address":"465.0 HEMINGWAY ROAD NW","assessed_value":282500},{"address":"920.0 156 STREET NW","assessed_value":121500},{"address":"nan nan","assessed_value":15000},{"address":"10715.0 112 STREET NW","assessed_value":76000},{"address":"nan nan","assessed_value":10500},{"address":"5281.0 TERWILLEGAR BOULEVARD NW","assessed_value":261500},{"address":"15712.0 95 STREET NW","assessed_value":370000},{"address":"9933.0 85 AVENUE NW","assessed_value":128500},{"address":"10326.0 150 STREET NW","assessed_value":307500},{"address":"130.0 HYNDMAN CRESCENT NW","assessed_value":234000},{"address":"10224.0 119 AVENUE NW","assessed_value":88000},{"address":"10135.0 120 STREET NW","assessed_value":98000},{"address":"nan nan","assessed_value":10500},{"address":"6304.0 SANDIN WAY NW","assessed_value":339500},{"address":"604.0 62 STREET SW","assessed_value":181500},{"address":"17129.0 7A AVENUE SW","assessed_value":372500},{"address":"nan nan","assessed_value":4000},{"address":"9927.0 79 AVENUE NW","assessed_value":272000},{"address":"nan nan","assessed_value":8000},{"address":"130.0 HYNDMAN CRESCENT NW","assessed_value":226000},{"address":"nan nan","assessed_value":9000},{"address":"2133.0 AUSTIN LINK SW","assessed_value":351500},{"address":"nan nan","assessed_value":10500},{"address":"9342.0 103 AVENUE NW","assessed_value":150000},{"address":"nan nan","assessed_value":14500},{"address":"nan nan","assessed_value":7500},{"address":"nan nan","assessed_value":15000},{"address":"12930.0 140 AVENUE NW","assessed_value":282500},{"address":"10121.0 80 AVENUE NW","assessed_value":236500},{"address":"2153.0 32B STREET NW","assessed_value":538500},{"address":"12050.0 17 AVENUE SW","assessed_value":245500},{"address":"10315.0 115 STREET NW","assessed_value":151000},{"address":"5604.0 199 STREET NW","assessed_value":271000},{"address":"330.0 CLAREVIEW STATION DRIVE NW","assessed_value":116500},{"address":"nan nan","assessed_value":15000},{"address":"7315.0 106 STREET NW","assessed_value":563500},{"address":"10608.0 34 STREET NW","assessed_value":375500},{"address":"603.0 WATT BOULEVARD SW","assessed_value":276000},{"address":"nan nan","assessed_value":10500},{"address":"7223.0 21 AVENUE SW","assessed_value":370500},{"address":"263.0 MACEWAN ROAD SW","assessed_value":204500},{"address":"10041.0 152 STREET NW","assessed_value":71000},{"address":"2570.0 ANDERSON WAY SW","assessed_value":679000},{"address":"5246.0 MULLEN CREST NW","assessed_value":757500},{"address":"nan nan","assessed_value":7500},{"address":"nan nan","assessed_value":4000},{"address":"nan nan","assessed_value":5500},{"address":"20541.0 92A AVENUE NW","assessed_value":605000},{"address":"nan nan","assessed_value":7500},{"address":"1948.0 32 STREET NW","assessed_value":360000},{"address":"nan nan","assessed_value":4000},{"address":"13507.0 159 STREET NW","assessed_value":175500},{"address":"11136.0 124 STREET NW","assessed_value":79000},{"address":"nan nan","assessed_value":10500},{"address":"nan nan","assessed_value":4000},{"address":"nan nan","assessed_value":7500},{"address":"2815.0 34 AVENUE NW","assessed_value":402000},{"address":"nan nan","assessed_value":14500},{"address":"17109.0 7A AVENUE SW","assessed_value":391500},{"address":"20731.0 58 AVENUE NW","assessed_value":501500},{"address":"nan nan","assessed_value":4000},{"address":"11025.0 124 STREET NW","assessed_value":76500},{"address":"1730.0 LEGER GATE NW","assessed_value":324500},{"address":"10531.0 117 STREET NW","assessed_value":231500},{"address":"6608.0 28 AVENUE NW","assessed_value":250500},{"address":"151.0 54 STREET SW","assessed_value":590000},{"address":"5020.0 213 STREET NW","assessed_value":1405000},{"address":"1404.0 HERMITAGE ROAD NW","assessed_value":252000},{"address":"450.0 HYNDMAN CRESCENT NW","assessed_value":242000},{"address":"5016.0 159 AVENUE NW","assessed_value":500000},{"address":"9316.0 82 AVENUE NW","assessed_value":261000},{"address":"10146.0 154 STREET NW","assessed_value":84500},{"address":"nan nan","assessed_value":4000},{"address":"12914.0 64 STREET NW","assessed_value":53500},{"address":"nan nan","assessed_value":9000},{"address":"nan nan","assessed_value":7500},{"address":"7542.0 80 AVENUE NW","assessed_value":486000},{"address":"nan nan","assessed_value":7500},{"address":"130.0 HYNDMAN CRESCENT NW","assessed_value":239000},{"address":"nan nan","assessed_value":4500},{"address":"nan nan","assessed_value":4000},{"address":"10404.0 24 AVENUE NW","assessed_value":155500},{"address":"nan nan","assessed_value":7000},{"address":"320.0 CLAREVIEW STATION DRIVE NW","assessed_value":124000},{"address":"10040.0 151 STREET NW","assessed_value":69500},{"address":"823.0 173 STREET SW","assessed_value":518000},{"address":"803.0 DRYSDALE RUN NW","assessed_value":2131000},{"address":"1327.0 72 STREET SW","assessed_value":598500},{"address":"nan nan","assessed_value":10500},{"address":"10333.0 112 STREET NW","assessed_value":186500},{"address":"9945.0 167 STREET NW","assessed_value":171500},{"address":"2419.0 96 STREET NW","assessed_value":1596000},{"address":"nan nan","assessed_value":6500},{"address":"10142.0 162 STREET NW","assessed_value":110000},{"address":"4316.0 139 AVENUE NW","assessed_value":140500},{"address":"nan nan","assessed_value":10500},{"address":"11136.0 124 STREET NW","assessed_value":51000},{"address":"10135.0 120 STREET NW","assessed_value":96500},{"address":"nan nan","assessed_value":4000},{"address":"11930.0 100 AVENUE NW","assessed_value":1146000},{"address":"2532.0 ANDERSON WAY SW","assessed_value":367500},{"address":"1015.0 GAULT BOULEVARD NW","assessed_value":364000},{"address":"6315.0 135 AVENUE NW","assessed_value":168500},{"address":"2503.0 HANNA CRESCENT NW","assessed_value":220000},{"address":"11239.0 180 STREET NW","assessed_value":499500},{"address":"21120.0 58 AVENUE NW","assessed_value":421500},{"address":"466.0 MACEWAN ROAD SW","assessed_value":183500},{"address":"6921.0 199 STREET NW","assessed_value":186000},{"address":"nan nan","assessed_value":5500},{"address":"nan nan","assessed_value":74500},{"address":"11367.0 174 STREET NW","assessed_value":792500},{"address":"9820.0 165 STREET NW","assessed_value":184000},{"address":"4520.0 190 STREET NW","assessed_value":572000},{"address":"nan nan","assessed_value":4000},{"address":"nan nan","assessed_value":15000},{"address":"nan nan","assessed_value":15000},{"address":"nan nan","assessed_value":19000},{"address":"nan nan","assessed_value":4000},{"address":"nan nan","assessed_value":7500},{"address":"1332.0 114A STREET SW","assessed_value":466000},{"address":"7909.0 71 STREET NW","assessed_value":218000},{"address":"10055.0 118 STREET NW","assessed_value":199000},{"address":"5215.0 MULLEN CREST NW","assessed_value":1239000},{"address":"22060.0 95 AVENUE NW","assessed_value":507000},{"address":"nan nan","assessed_value":5500},{"address":"nan nan","assessed_value":5500},{"address":"1188.0 HYNDMAN ROAD NW","assessed_value":144000},{"address":"nan nan","assessed_value":4500},{"address":"1091.0 ARMITAGE CRESCENT SW","assessed_value":657000},{"address":"1712.0 64 STREET SW","assessed_value":385500},{"address":"6220.0 134 AVENUE NW","assessed_value":108500},{"address":"nan nan","assessed_value":10500},{"address":"7335.0 SOUTH TERWILLEGAR DRIVE NW","assessed_value":162000}]