[{"address":"4812.0 32 AVENUE NW","assessed_value":324500},{"address":"11803.0 11 AVENUE NW","assessed_value":504000},{"address":"161.0 COTE CRESCENT NW","assessed_value":463500},{"address":"8906.0 160 AVENUE NW","assessed_value":512500},{"address":"2108.0 45 STREET NW","assessed_value":378000},{"address":"777.0 BUTTERWORTH DRIVE NW","assessed_value":839000},{"address":"5159.0 191 STREET NW","assessed_value":383500},{"address":"140.0 GRAND MEADOW CRESCENT NW","assessed_value":455500},{"address":"8331.0 159 AVENUE NW","assessed_value":336500},{"address":"6408.0 11 AVENUE NW","assessed_value":423500},{"address":"4220.0 139 AVENUE NW","assessed_value":115500},{"address":"14428.0 MILLER BOULEVARD NW","assessed_value":304000},{"address":"11041.0 109 STREET NW","assessed_value":500},{"address":"16147.0 78 STREET NW","assessed_value":459500},{"address":"4228.0 29 AVENUE NW","assessed_value":405000},{"address":"539.0 DICKENS LOOP NW","assessed_value":629500},{"address":"nan nan","assessed_value":7500},{"address":"15027.0 131 STREET NW","assessed_value":400500},{"address":"1611.0 37 STREET NW","assessed_value":380000},{"address":"14755.0 131 STREET NW","assessed_value":540000},{"address":"13304.0 137 AVENUE NW","assessed_value":8794000},{"address":"15105.0 30 STREET NW","assessed_value":430000},{"address":"nan nan","assessed_value":6500},{"address":"246.0 LINDSAY CRESCENT NW","assessed_value":762500},{"address":"3612.0 18 AVENUE NW","assessed_value":362500},{"address":"18204.0 93 AVENUE NW","assessed_value":73500},{"address":"4423.0 149 AVENUE NW","assessed_value":373000},{"address":"4539.0 20A AVENUE NW","assessed_value":416000},{"address":"8708.0 160 AVENUE NW","assessed_value":588500},{"address":"610.0 BEVINGTON PLACE NW","assessed_value":454000},{"address":"9540.0 26 AVENUE NW","assessed_value":439500},{"address":"545.0 WISEMAN LANE NW","assessed_value":466000},{"address":"10511.0 42 AVENUE NW","assessed_value":201000},{"address":"10933.0 124 STREET NW","assessed_value":227000},{"address":"4904.0 19 AVENUE NW","assessed_value":319500},{"address":"14904.0 136 STREET NW","assessed_value":616500},{"address":"4204.0 69 AVENUE NW","assessed_value":2406500},{"address":"8413.0 160A AVENUE NW","assessed_value":552500},{"address":"4220.0 139 AVENUE NW","assessed_value":132000},{"address":"3109.0 41A AVENUE NW","assessed_value":501000},{"address":"nan nan","assessed_value":5500},{"address":"735.0 HETU LANE NW","assessed_value":949500},{"address":"13511.0 149 AVENUE NW","assessed_value":543500},{"address":"67.0 DECHENE ROAD NW","assessed_value":491500},{"address":"4620.0 19 AVENUE NW","assessed_value":442500},{"address":"13423.0 31 STREET NW","assessed_value":377000},{"address":"nan nan","assessed_value":6000},{"address":"3920.0 10 AVENUE NW","assessed_value":339500},{"address":"3819.0 130 AVENUE NW","assessed_value":516500},{"address":"1815.0 42 STREET NW","assessed_value":370500},{"address":"6313.0 76 AVENUE NW","assessed_value":660000},{"address":"17459.0 98A AVENUE NW","assessed_value":233500},{"address":"6731.0 165 AVENUE NW","assessed_value":513500},{"address":"5945.0 40 AVENUE NW","assessed_value":126500},{"address":"nan nan","assessed_value":8500},{"address":"728.0 KIRKNESS ROAD NW","assessed_value":410500},{"address":"9818.0 142 STREET NW","assessed_value":10500},{"address":"1347.0 GRANT WAY NW","assessed_value":382000},{"address":"6303.0 36 AVENUE NW","assessed_value":414500},{"address":"234.0 BYRNE PLACE SW","assessed_value":586500},{"address":"6623.0 172 STREET NW","assessed_value":207000},{"address":"225.0 GREENOCH CRESCENT NW","assessed_value":642500},{"address":"11717.0 9B AVENUE NW","assessed_value":310500},{"address":"123.0 COTE CRESCENT NW","assessed_value":472000},{"address":"4008.0 22 AVENUE NW","assessed_value":388500},{"address":"819.0 BRECKENRIDGE BAY NW","assessed_value":523000},{"address":"510.0 BEVINGTON CLOSE NW","assessed_value":484500},{"address":"18944.0 122 AVENUE NW","assessed_value":609000},{"address":"4336.0 37 STREET NW","assessed_value":366500},{"address":"nan nan","assessed_value":82000},{"address":"15003.0 133 STREET NW","assessed_value":380000},{"address":"16.0 PRESTIGE POINT NW","assessed_value":1536500},{"address":"127.0 BALL COVE SW","assessed_value":560500},{"address":"4923.0 11A AVENUE NW","assessed_value":373000},{"address":"6008.0 184 STREET NW","assessed_value":2203500},{"address":"10355.0 105 STREET NW","assessed_value":364500},{"address":"15215.0 126 STREET NW","assessed_value":296500},{"address":"18204.0 93 AVENUE NW","assessed_value":98000},{"address":"nan nan","assessed_value":8500},{"address":"3428.0 42 STREET NW","assessed_value":381500},{"address":"4122.0 29 STREET NW","assessed_value":452500},{"address":"28.0 PRESTIGE POINT NW","assessed_value":699000},{"address":"8935.0 160 AVENUE NW","assessed_value":524000},{"address":"5311.0 39A AVENUE NW","assessed_value":496000},{"address":"2715.0 36 STREET NW","assessed_value":366500},{"address":"1759.0 TURVEY BEND NW","assessed_value":424000},{"address":"4707.0 39A AVENUE NW","assessed_value":377500},{"address":"4639.0 10 AVENUE NW","assessed_value":440500},{"address":"13320.0 124 STREET NW","assessed_value":285500},{"address":"3532.0 13 AVENUE NW","assessed_value":384000},{"address":"1219.0 118 STREET NW","assessed_value":515000},{"address":"804.0 CALGARY TRAIL NW","assessed_value":66500},{"address":"2812.0 116 STREET NW","assessed_value":82000},{"address":"106.0 HADDOW CLOSE NW","assessed_value":464500},{"address":"1041.0 GRAHAM COURT NW","assessed_value":506000},{"address":"10445.0 42 AVENUE NW","assessed_value":416500},{"address":"3516.0 17B AVENUE NW","assessed_value":362500},{"address":"3828.0 44 STREET NW","assessed_value":575500},{"address":"508.0 WISEMAN LANE NW","assessed_value":420000},{"address":"nan nan","assessed_value":12500},{"address":"1319.0 GRANT WAY NW","assessed_value":437000},{"address":"12.0 RIM ROAD NW","assessed_value":38000},{"address":"4510.0 32A AVENUE NW","assessed_value":385000},{"address":"4819.0 148 AVENUE NW","assessed_value":419500},{"address":"13551.0 149A AVENUE NW","assessed_value":451500},{"address":"4858.0 32 AVENUE NW","assessed_value":359500},{"address":"nan nan","assessed_value":12500},{"address":"8305.0 170 AVENUE NW","assessed_value":497500},{"address":"18840.0 50 AVENUE NW","assessed_value":439500},{"address":"225.0 FALCONER LINK NW","assessed_value":574500},{"address":"261.0 GRAND MEADOW CRESCENT NW","assessed_value":576500},{"address":"4804.0 11A AVENUE NW","assessed_value":380000},{"address":"1919.0 TOMLINSON WAY NW","assessed_value":520000},{"address":"1345.0 BRECKENRIDGE DRIVE NW","assessed_value":510500},{"address":"4803.0 147 AVENUE NW","assessed_value":420500},{"address":"3733.0 28A STREET NW","assessed_value":564500},{"address":"1000.0 JORDAN CRESCENT NW","assessed_value":442500},{"address":"6113.0 34A AVENUE NW","assessed_value":354500},{"address":"6069.0 35A AVENUE NW","assessed_value":196000},{"address":"3488.0 40 STREET NW","assessed_value":446000},{"address":"15507.0 89 STREET NW","assessed_value":620500},{"address":"12050.0 81 STREET NW","assessed_value":500},{"address":"7757.0 96 STREET NW","assessed_value":478500},{"address":"2016.0 HADDOW DRIVE NW","assessed_value":563500},{"address":"790.0 BLACKBURN PLACE SW","assessed_value":538500},{"address":"2316.0 KAASA ROAD EAST NW","assessed_value":590500},{"address":"3315.0 48 STREET NW","assessed_value":319500},{"address":"627.0 HARKER CLOSE NW","assessed_value":675500},{"address":"622.0 TWIN BROOKS BEND NW","assessed_value":631000},{"address":"3739.0 65 STREET NW","assessed_value":548000},{"address":"1850.0 MILL WOODS ROAD EAST NW","assessed_value":309000},{"address":"1215.0 46 STREET NW","assessed_value":313000},{"address":"6230.0 36A AVENUE NW","assessed_value":364000},{"address":"10911.0 105 STREET NW","assessed_value":6292000},{"address":"1390.0 227 AVENUE NE","assessed_value":549000},{"address":"182.0 HADDOW CLOSE NW","assessed_value":223000},{"address":"1237.0 CARTER CREST ROAD NW","assessed_value":341000},{"address":"4559.0 32 AVENUE NW","assessed_value":11847500},{"address":"73.0 GRAND MEADOW CRESCENT NW","assessed_value":300000},{"address":"11723.0 122 STREET NW","assessed_value":394000},{"address":"14720.0 131 STREET NW","assessed_value":423500},{"address":"16403.0 90 STREET NW","assessed_value":443000},{"address":"420.0 WILLIAMS COURT NW","assessed_value":486500},{"address":"5205.0 14A AVENUE NW","assessed_value":380000},{"address":"4237.0 38 STREET NW","assessed_value":305500},{"address":"8.0 DECHENE ROAD NW","assessed_value":375000},{"address":"2048.0 49A STREET NW","assessed_value":364500},{"address":"1203.0 CARTER CREST ROAD NW","assessed_value":432500},{"address":"2815.0 41A AVENUE NW","assessed_value":415500},{"address":"11408.0 118 STREET NW","assessed_value":565000},{"address":"8912.0 156 STREET NW","assessed_value":237500},{"address":"8921.0 50 STREET NW","assessed_value":3996000},{"address":"2040.0 45 STREET NW","assessed_value":464500},{"address":"213.0 WEST BROOK ROAD NW","assessed_value":30000},{"address":"3528.0 42A AVENUE NW","assessed_value":356000},{"address":"13830.0 128A AVENUE NW","assessed_value":411000},{"address":"8324.0 171 AVENUE NW","assessed_value":424000},{"address":"7403.0 GATEWAY BOULEVARD NW","assessed_value":629000},{"address":"1660.0 TOMPKINS WYND NW","assessed_value":461000},{"address":"8847.0 158 AVENUE NW","assessed_value":885500},{"address":"9420.0 172 STREET NW","assessed_value":331500},{"address":"12618.0 152 AVENUE NW","assessed_value":26500},{"address":"47.0 BLACKBURN DRIVE WEST SW","assessed_value":1118000},{"address":"821.0 TWIN BROOKS CLOSE NW","assessed_value":535500},{"address":"9062.0 85 STREET NW","assessed_value":284000},{"address":"15044.0 131 STREET NW","assessed_value":361500},{"address":"4615.0 16A AVENUE NW","assessed_value":360500},{"address":"715.0 HALIBURTON CRESCENT NW","assessed_value":911000},{"address":"3203.0 CALGARY TRAIL NW","assessed_value":18217000},{"address":"4112.0 33 STREET NW","assessed_value":445000},{"address":"13526.0 33 STREET NW","assessed_value":306500},{"address":"2325.0 37B AVENUE NW","assessed_value":446500},{"address":"504.0 HUNTERS WAY NW","assessed_value":564500},{"address":"2109.0 47 STREET NW","assessed_value":290500},{"address":"6908.0 129 AVENUE NW","assessed_value":245000},{"address":"11422.0 118A STREET NW","assessed_value":408500},{"address":"nan nan","assessed_value":8000},{"address":"5303.0 39 AVENUE NW","assessed_value":333000},{"address":"5548.0 10 AVENUE NW","assessed_value":346500},{"address":"4728.0 33A AVENUE NW","assessed_value":338500},{"address":"123.0 161 AVENUE NE","assessed_value":814000},{"address":"10982.0 122 STREET NW","assessed_value":450500},{"address":"14808.0 47 STREET NW","assessed_value":374500},{"address":"3319.0 48 STREET NW","assessed_value":312000},{"address":"1304.0 39 STREET NW","assessed_value":264000},{"address":"9535.0 176 STREET NW","assessed_value":283500},{"address":"1029.0 HOLGATE PLACE NW","assessed_value":686000},{"address":"6312.0 12 AVENUE NW","assessed_value":372500},{"address":"12011.0 80 STREET NW","assessed_value":228500},{"address":"1146.0 TWIN BROOKS POINT NW","assessed_value":751000},{"address":"nan nan","assessed_value":8500},{"address":"10433.0 42 AVENUE NW","assessed_value":385500},{"address":"911.0 RABBIT HILL ROAD NW","assessed_value":207000},{"address":"3531.0 11 AVENUE NW","assessed_value":331000},{"address":"1107.0 GLASTONBURY COURT NW","assessed_value":472500},{"address":"13345.0 154A AVENUE NW","assessed_value":459500},{"address":"3644.0 34A AVENUE NW","assessed_value":433000},{"address":"9531.0 76 AVENUE NW","assessed_value":132000},{"address":"2853.0 36A AVENUE NW","assessed_value":554500},{"address":"1831.0 35 STREET NW","assessed_value":377500},{"address":"nan nan","assessed_value":7500},{"address":"1708.0 TOMLINSON COMMON NW","assessed_value":455500},{"address":"17123.0 83 STREET NW","assessed_value":393500},{"address":"1786.0 TOMLINSON COMMON NW","assessed_value":469000},{"address":"8544.0 160 AVENUE NW","assessed_value":486500},{"address":"8912.0 156 STREET NW","assessed_value":290000},{"address":"5620.0 14 AVENUE NW","assessed_value":355500},{"address":"4805.0 ADA BOULEVARD NW","assessed_value":736000},{"address":"929.0 PICARD DRIVE NW","assessed_value":520000},{"address":"6226.0 11 AVENUE NW","assessed_value":372000},{"address":"2119.0 48 STREET NW","assessed_value":348500},{"address":"586.0 GLENWRIGHT CRESCENT NW","assessed_value":460500},{"address":"3556.0 65 STREET NW","assessed_value":381000},{"address":"465.0 ORMSBY ROAD WEST NW","assessed_value":475500},{"address":"1403.0 17 STREET NW","assessed_value":74000},{"address":"1231.0 52 STREET NW","assessed_value":402500},{"address":"12222.0 63 STREET NW","assessed_value":279500},{"address":"97.0 GREENOCH CRESCENT NW","assessed_value":368500},{"address":"4914.0 20 AVENUE NW","assessed_value":523500},{"address":"1045.0 BARNES WAY SW","assessed_value":524000},{"address":"1135.0 49 STREET NW","assessed_value":471000},{"address":"3503.0 22 AVENUE NW","assessed_value":374000},{"address":"nan nan","assessed_value":6500},{"address":"nan nan","assessed_value":8000},{"address":"5823.0 11 AVENUE NW","assessed_value":361500},{"address":"1305.0 GRANT WAY NW","assessed_value":435000},{"address":"3548.0 12A AVENUE NW","assessed_value":373000},{"address":"1812.0 WEST OAK WAY NW","assessed_value":74500},{"address":"11535.0 168 AVENUE NW","assessed_value":425500},{"address":"140.0 GRANLEA CRESCENT NW","assessed_value":498500},{"address":"7804.0 162 AVENUE NW","assessed_value":503500},{"address":"9730.0 106 STREET NW","assessed_value":81000},{"address":"2851.0 41A AVENUE NW","assessed_value":447000},{"address":"625.0 BEVINGTON PLACE NW","assessed_value":425500},{"address":"4204.0 37 AVENUE NW","assessed_value":510500},{"address":"1031.0 38 STREET NW","assessed_value":331000},{"address":"2016.0 48 STREET NW","assessed_value":341500},{"address":"2026.0 TANNER WYND NW","assessed_value":4000},{"address":"8.0 DECHENE ROAD NW","assessed_value":396500},{"address":"1305.0 BRECKENRIDGE DRIVE NW","assessed_value":526000},{"address":"2520.0 50 STREET NW","assessed_value":156500},{"address":"6320.0 37 AVENUE NW","assessed_value":536000},{"address":"5015.0 187 STREET NW","assessed_value":494500},{"address":"4543.0 25 AVENUE NW","assessed_value":330500},{"address":"6732.0 165 AVENUE NW","assessed_value":433500},{"address":"17109.0 67 AVENUE NW","assessed_value":151500},{"address":"9.0 DECHENE ROAD NW","assessed_value":437500},{"address":"292.0 DARLINGTON CRESCENT NW","assessed_value":619000},{"address":"3423.0 42 STREET NW","assessed_value":354500},{"address":"14760.0 131 STREET NW","assessed_value":510500},{"address":"3604.0 10 AVENUE NW","assessed_value":471000},{"address":"1726.0 37 STREET NW","assessed_value":172500},{"address":"752.0 BUTTERWORTH DRIVE NW","assessed_value":1747500},{"address":"18827.0 121 AVENUE NW","assessed_value":935500},{"address":"10711.0 83 AVENUE NW","assessed_value":322000},{"address":"2115.0 35 STREET NW","assessed_value":358000},{"address":"16312.0 3 STREET NE","assessed_value":893000},{"address":"846.0 PROCTOR WYND NW","assessed_value":617500},{"address":"16412.0 77 STREET NW","assessed_value":512000},{"address":"10230.0 120 STREET NW","assessed_value":132500},{"address":"8827.0 158 AVENUE NW","assessed_value":635500},{"address":"5508.0 37 AVENUE NW","assessed_value":369500},{"address":"1686.0 TOMPKINS WYND NW","assessed_value":446000},{"address":"1144.0 118A STREET NW","assessed_value":516500},{"address":"10038.0 164 STREET NW","assessed_value":272500},{"address":"6208.0 124 STREET NW","assessed_value":5000},{"address":"815.0 PROCTOR WYND NW","assessed_value":616000},{"address":"6419.0 37B AVENUE NW","assessed_value":480500},{"address":"2080.0 49A STREET NW","assessed_value":394500},{"address":"12833.0 160 AVENUE NW","assessed_value":447500},{"address":"3212.0 134 AVENUE NW","assessed_value":398500},{"address":"10208.0 120 STREET NW","assessed_value":322500},{"address":"925.0 PICARD DRIVE NW","assessed_value":442000},{"address":"nan nan","assessed_value":6000},{"address":"162.0 WOODVALE ROAD WEST NW","assessed_value":352500},{"address":"11438.0 118A STREET NW","assessed_value":482000},{"address":"6339.0 76 AVENUE NW","assessed_value":588500},{"address":"3512.0 65 STREET NW","assessed_value":369500},{"address":"3209.0 41A AVENUE NW","assessed_value":545000},{"address":"10230.0 120 STREET NW","assessed_value":135000},{"address":"1740.0 48A STREET NW","assessed_value":357500},{"address":"188.0 DARLINGTON CRESCENT NW","assessed_value":852500},{"address":"3807.0 26 AVENUE NW","assessed_value":421500},{"address":"108.0 206 STREET SW","assessed_value":818500},{"address":"21140.0 17 STREET NE","assessed_value":810500},{"address":"1227.0 62 STREET NW","assessed_value":207500},{"address":"509.0 BEVINGTON CLOSE NW","assessed_value":497500},{"address":"nan nan","assessed_value":6000},{"address":"9858.0 180 AVENUE NW","assessed_value":503500},{"address":"8805.0 160A AVENUE NW","assessed_value":511500},{"address":"1823.0 TOMLINSON CRESCENT NW","assessed_value":491500},{"address":"1216.0 36 STREET NW","assessed_value":335500},{"address":"1263.0 GILLESPIE CRESCENT NW","assessed_value":437000},{"address":"200.0 GRANLEA CRESCENT NW","assessed_value":471000},{"address":"2520.0 50 STREET NW","assessed_value":124500},{"address":"9903.0 180A AVENUE NW","assessed_value":453000},{"address":"10408.0 153 STREET NW","assessed_value":250500},{"address":"1920.0 MILL WOODS ROAD EAST NW","assessed_value":300000},{"address":"6623.0 172 STREET NW","assessed_value":227000},{"address":"913.0 BRECKENRIDGE COURT NW","assessed_value":476500},{"address":"57.0 WOODVALE VILLAGE NW","assessed_value":178000},{"address":"15011.0 131 STREET NW","assessed_value":422500},{"address":"9730.0 106 STREET NW","assessed_value":106500},{"address":"nan nan","assessed_value":4500},{"address":"4012.0 19 AVENUE NW","assessed_value":365000},{"address":"1.0 WEST VIEW BOULEVARD NW","assessed_value":88000},{"address":"1207.0 118 STREET NW","assessed_value":527000},{"address":"6041.0 35A AVENUE NW","assessed_value":193500},{"address":"2711.0 41 STREET NW","assessed_value":521000},{"address":"4719.0 39A AVENUE NW","assessed_value":455500},{"address":"2301.0 MAPLE ROAD NW","assessed_value":1089500},{"address":"335.0 BERINGER CRESCENT NW","assessed_value":408000},{"address":"2520.0 50 STREET NW","assessed_value":145500},{"address":"4531.0 30 AVENUE NW","assessed_value":393500},{"address":"4272.0 24 STREET NW","assessed_value":401500},{"address":"8315.0 83 STREET NW","assessed_value":157500},{"address":"877.0 BLACKLOCK WAY SW","assessed_value":391000},{"address":"3605.0 42A AVENUE NW","assessed_value":315500},{"address":"11552.0 14 AVENUE NW","assessed_value":575000},{"address":"8004.0 166 AVENUE NW","assessed_value":602500},{"address":"nan nan","assessed_value":5500},{"address":"1003.0 63 STREET NW","assessed_value":344500},{"address":"5120.0 13 AVENUE NW","assessed_value":363500},{"address":"1672.0 FORBES WAY NW","assessed_value":501000},{"address":"706.0 GLENWRIGHT COURT NW","assessed_value":406500},{"address":"15.0 WOODVALE VILLAGE NW","assessed_value":179500},{"address":"17459.0 98A AVENUE NW","assessed_value":226500},{"address":"2040.0 HADDOW DRIVE NW","assessed_value":604500},{"address":"4239.0 TERWILLEGAR VISTA NW","assessed_value":379500},{"address":"16128.0 78 STREET NW","assessed_value":554000},{"address":"2520.0 46A STREET NW","assessed_value":368000},{"address":"14823.0 47 STREET NW","assessed_value":368500},{"address":"4112.0 26 AVENUE NW","assessed_value":375000},{"address":"2116.0 47 STREET NW","assessed_value":304000},{"address":"12604.0 153 AVENUE NW","assessed_value":122500},{"address":"2832.0 40B AVENUE NW","assessed_value":434000},{"address":"4310.0 26 AVENUE NW","assessed_value":406500},{"address":"1029.0 BLACKBURN CLOSE SW","assessed_value":449500},{"address":"2343.0 37B AVENUE NW","assessed_value":480500},{"address":"2039.0 36 STREET NW","assessed_value":375000},{"address":"1758.0 TURVEY BEND NW","assessed_value":387000},{"address":"7011.0 101 AVENUE NW","assessed_value":278000},{"address":"1984.0 TANNER WYND NW","assessed_value":399500},{"address":"1020.0 35 STREET NW","assessed_value":378000},{"address":"9214.0 164 AVENUE NW","assessed_value":393000},{"address":"3211.0 35 STREET NW","assessed_value":341500},{"address":"1748.0 36 STREET NW","assessed_value":354500},{"address":"864.0 TWIN BROOKS CLOSE NW","assessed_value":976000},{"address":"1257.0 62 STREET NW","assessed_value":188000},{"address":"1611.0 FORBES WAY NW","assessed_value":562500},{"address":"1020.0 56 STREET NW","assessed_value":367500},{"address":"13441.0 127 STREET NW","assessed_value":166000},{"address":"nan nan","assessed_value":7500},{"address":"13450.0 114 AVENUE NW","assessed_value":175000},{"address":"15003.0 134 STREET NW","assessed_value":439000},{"address":"1850.0 MILL WOODS ROAD EAST NW","assessed_value":270000},{"address":"1644.0 37 STREET NW","assessed_value":176000},{"address":"4631.0 10A AVENUE NW","assessed_value":423000},{"address":"nan nan","assessed_value":6000},{"address":"8912.0 156 STREET NW","assessed_value":240000},{"address":"8303.0 172 AVENUE NW","assessed_value":442000},{"address":"1415.0 63 STREET NW","assessed_value":351500},{"address":"nan nan","assessed_value":6000},{"address":"nan nan","assessed_value":8500},{"address":"4939.0 31 AVENUE NW","assessed_value":407000},{"address":"15215.0 126 STREET NW","assessed_value":277000},{"address":"1970.0 TANNER WYND NW","assessed_value":394500},{"address":"6308.0 11 AVENUE NW","assessed_value":390500},{"address":"nan nan","assessed_value":6000},{"address":"9730.0 106 STREET NW","assessed_value":86500},{"address":"7839.0 96 STREET NW","assessed_value":265000},{"address":"1103.0 41 STREET NW","assessed_value":366000},{"address":"4706.0 37A AVENUE NW","assessed_value":341500},{"address":"3737.0 34A AVENUE NW","assessed_value":411000},{"address":"17403.0 115 STREET NW","assessed_value":667000},{"address":"18726.0 49 AVENUE NW","assessed_value":470000},{"address":"9010.0 165 AVENUE NW","assessed_value":408500},{"address":"4220.0 139 AVENUE NW","assessed_value":117500},{"address":"6208.0 34B AVENUE NW","assessed_value":469500},{"address":"4704.0 12 AVENUE NW","assessed_value":461500},{"address":"11523.0 15 AVENUE NW","assessed_value":661000},{"address":"5387.0 HILL VIEW CRESCENT NW","assessed_value":223000},{"address":"nan nan","assessed_value":5000},{"address":"1120.0 35 STREET NW","assessed_value":355500},{"address":"2816.0 116 STREET NW","assessed_value":65000},{"address":"2338.0 37B AVENUE NW","assessed_value":443000},{"address":"3920.0 57 STREET NW","assessed_value":380000},{"address":"10110.0 134 AVENUE NW","assessed_value":284000},{"address":"2123.0 45 STREET NW","assessed_value":402500},{"address":"1812.0 40 STREET NW","assessed_value":388500},{"address":"12911.0 137 STREET NW","assessed_value":388000},{"address":"4628.0 16A AVENUE NW","assessed_value":383000},{"address":"4048.0 29 STREET NW","assessed_value":460500},{"address":"564.0 WISEMAN LANE NW","assessed_value":489500},{"address":"3528.0 20 AVENUE NW","assessed_value":469000},{"address":"8834.0 160A AVENUE NW","assessed_value":756000},{"address":"12618.0 152 AVENUE NW","assessed_value":25000},{"address":"nan nan","assessed_value":7000},{"address":"1237.0 CARTER CREST ROAD NW","assessed_value":352500},{"address":"13704.0 130 AVENUE NW","assessed_value":368000},{"address":"4543.0 27 AVENUE NW","assessed_value":380500},{"address":"334.0 GRAND MEADOW CRESCENT NW","assessed_value":497500},{"address":"nan nan","assessed_value":6000},{"address":"156.0 COTE CRESCENT NW","assessed_value":448500},{"address":"6511.0 36A AVENUE NW","assessed_value":327000},{"address":"3880.0 74 AVENUE NW","assessed_value":2443000},{"address":"1024.0 ORMSBY CRESCENT NW","assessed_value":536500},{"address":"252.0 HOLLINGER CLOSE NW","assessed_value":401000},{"address":"14420.0 139 STREET NW","assessed_value":407500},{"address":"520.0 BEVINGTON CLOSE NW","assessed_value":454000},{"address":"1133.0 62 STREET NW","assessed_value":200000},{"address":"13532.0 149 AVENUE NW","assessed_value":436000},{"address":"4528.0 29 AVENUE NW","assessed_value":349000},{"address":"10421.0 42 AVENUE NW","assessed_value":204500},{"address":"1415.0 35 STREET NW","assessed_value":307500},{"address":"12813.0 116 AVENUE NW","assessed_value":536500},{"address":"6029.0 35A AVENUE NW","assessed_value":189000},{"address":"20308.0 5 AVENUE SW","assessed_value":965000},{"address":"9731.0 174 STREET NW","assessed_value":410500},{"address":"479.0 KLARVATTEN LAKE WYND NW","assessed_value":411500},{"address":"7951.0 96 STREET NW","assessed_value":268000},{"address":"6314.0 34A AVENUE NW","assessed_value":290000},{"address":"18927.0 46 AVENUE NW","assessed_value":462500},{"address":"1311.0 39 STREET NW","assessed_value":374000},{"address":"9731.0 174 STREET NW","assessed_value":414000},{"address":"9091.0 46 STREET NW","assessed_value":1000},{"address":"9805.0 179 AVENUE NW","assessed_value":500000},{"address":"4068.0 33 STREET NW","assessed_value":461500},{"address":"3528.0 60 STREET NW","assessed_value":354000},{"address":"630.0 HARKER CLOSE NW","assessed_value":586000},{"address":"12923.0 136 STREET NW","assessed_value":415500},{"address":"4609.0 36 AVENUE NW","assessed_value":284500},{"address":"11461.0 118A STREET NW","assessed_value":488000},{"address":"5312.0 157 AVENUE NW","assessed_value":421500},{"address":"17109.0 67 AVENUE NW","assessed_value":161000},{"address":"235.0 ORMSBY ROAD EAST NW","assessed_value":570000},{"address":"8321.0 171A AVENUE NW","assessed_value":391500},{"address":"330.0 GALBRAITH CLOSE NW","assessed_value":500},{"address":"309.0 HUNTERS RUN NW","assessed_value":544000},{"address":"nan nan","assessed_value":8500},{"address":"14911.0 134 STREET NW","assessed_value":466000},{"address":"4412.0 33A AVENUE NW","assessed_value":301500},{"address":"51.0 DECHENE ROAD NW","assessed_value":495500},{"address":"33.0 DECHENE LANE NW","assessed_value":453500},{"address":"5528.0 37 AVENUE NW","assessed_value":410500},{"address":"9212.0 ROWLAND ROAD NW","assessed_value":15000},{"address":"1304.0 56 STREET NW","assessed_value":392000},{"address":"1723.0 39 STREET NW","assessed_value":352500},{"address":"318.0 LIVINGSTONE COURT NW","assessed_value":657500},{"address":"4903.0 75 AVENUE NW","assessed_value":1500},{"address":"6621.0 128 AVENUE NW","assessed_value":249500},{"address":"14107.0 129 STREET NW","assessed_value":520500},{"address":"3537.0 61 STREET NW","assessed_value":369500},{"address":"1722.0 TOMPKINS WYND NW","assessed_value":383500},{"address":"19048.0 53 AVENUE NW","assessed_value":444000},{"address":"7804.0 161 AVENUE NW","assessed_value":455000},{"address":"3723.0 63 STREET NW","assessed_value":324000},{"address":"6104.0 34A AVENUE NW","assessed_value":374500},{"address":"2056.0 47 STREET NW","assessed_value":368500},{"address":"4110.0 28 AVENUE NW","assessed_value":319500},{"address":"4112.0 37 AVENUE NW","assessed_value":455500},{"address":"8350.0 160A AVENUE NW","assessed_value":434000},{"address":"13119.0 35 STREET NW","assessed_value":378500},{"address":"nan nan","assessed_value":12500},{"address":"369.0 HUNTERS RUN NW","assessed_value":627500},{"address":"3430.0 16A AVENUE NW","assessed_value":356500},{"address":"4511.0 35 AVENUE NW","assessed_value":337000},{"address":"18204.0 93 AVENUE NW","assessed_value":94500},{"address":"3716.0 65 STREET NW","assessed_value":447500},{"address":"4115.0 28 AVENUE NW","assessed_value":358500},{"address":"11620.0 9A AVENUE NW","assessed_value":152500},{"address":"nan nan","assessed_value":6000},{"address":"2020.0 BRENNAN CRESCENT NW","assessed_value":508000},{"address":"845.0 TWIN BROOKS CLOSE NW","assessed_value":692500},{"address":"19810.0 50 STREET NW","assessed_value":576500},{"address":"485.0 KLARVATTEN LAKE WYND NW","assessed_value":11000},{"address":"13112.0 34 STREET NW","assessed_value":306000},{"address":"5133.0 37 AVENUE NW","assessed_value":381500},{"address":"184.0 WOODVALE ROAD WEST NW","assessed_value":385500},{"address":"8317.0 75 STREET NW","assessed_value":830500},{"address":"10511.0 42 AVENUE NW","assessed_value":192500},{"address":"12618.0 152 AVENUE NW","assessed_value":24000},{"address":"15935.0 86 STREET NW","assessed_value":530500},{"address":"4520.0 33A AVENUE NW","assessed_value":304500},{"address":"1103.0 52 STREET NW","assessed_value":462000},{"address":"7521.0 72A STREET NW","assessed_value":500},{"address":"6218.0 34A AVENUE NW","assessed_value":438500},{"address":"3217.0 36 STREET NW","assessed_value":468500},{"address":"13450.0 114 AVENUE NW","assessed_value":169000},{"address":"222.0 KULAWY DRIVE NW","assessed_value":893000},{"address":"9935.0 167 STREET NW","assessed_value":269500},{"address":"4355.0 38 STREET NW","assessed_value":332000},{"address":"227.0 ORMSBY ROAD EAST NW","assessed_value":702500},{"address":"8528.0 88 STREET NW","assessed_value":493500},{"address":"4213.0 36 AVENUE NW","assessed_value":302000},{"address":"10421.0 42 AVENUE NW","assessed_value":146000},{"address":"6419.0 37 AVENUE NW","assessed_value":416000},{"address":"10033.0 110 STREET NW","assessed_value":265500},{"address":"4930.0 31 AVENUE NW","assessed_value":392000},{"address":"4553.0 12A AVENUE NW","assessed_value":417000},{"address":"4823.0 11A AVENUE NW","assessed_value":349500},{"address":"3803.0 21 AVENUE NW","assessed_value":435000},{"address":"11707.0 170 AVENUE NW","assessed_value":421000},{"address":"6525.0 199 STREET NW","assessed_value":478500},{"address":"341.0 WEST BROOK WAY NW","assessed_value":83500},{"address":"nan nan","assessed_value":6000},{"address":"121.0 GRAND MEADOW CRESCENT NW","assessed_value":584000},{"address":"10111.0 180 AVENUE NW","assessed_value":167000},{"address":"nan nan","assessed_value":6000},{"address":"225.0 LINDSAY CRESCENT NW","assessed_value":682500},{"address":"8728.0 160 AVENUE NW","assessed_value":481500},{"address":"1913.0 TOMLINSON CRESCENT NW","assessed_value":505500},{"address":"4804.0 18 AVENUE NW","assessed_value":568500},{"address":"2618.0 48 STREET NW","assessed_value":337000},{"address":"3920.0 51 STREET NW","assessed_value":477500},{"address":"576.0 HUNTERS GREEN NW","assessed_value":524000},{"address":"9730.0 106 STREET NW","assessed_value":92500},{"address":"4719.0 12 AVENUE NW","assessed_value":402500},{"address":"5203.0 HILL VIEW CRESCENT NW","assessed_value":466500},{"address":"7905.0 96 STREET NW","assessed_value":276000},{"address":"17.0 KEYHOLE CRESCENT NW","assessed_value":82000},{"address":"1652.0 TOMPKINS WYND NW","assessed_value":425000},{"address":"nan nan","assessed_value":6500},{"address":"3552.0 22 AVENUE NW","assessed_value":320000},{"address":"14915.0 129 STREET NW","assessed_value":439000},{"address":"11714.0 13A AVENUE NW","assessed_value":489000},{"address":"1704.0 GLASTONBURY BOULEVARD NW","assessed_value":34500},{"address":"5528.0 40 AVENUE NW","assessed_value":364500},{"address":"8724.0 160A AVENUE NW","assessed_value":579500},{"address":"nan nan","assessed_value":7500},{"address":"1312.0 54 STREET NW","assessed_value":292500},{"address":"nan nan","assessed_value":8500},{"address":"2064.0 TANNER WYND NW","assessed_value":405500},{"address":"510.0 FALCONER PLACE NW","assessed_value":724000},{"address":"1907.0 49 STREET NW","assessed_value":380000},{"address":"4707.0 37B AVENUE NW","assessed_value":320000},{"address":"1332.0 119A STREET NW","assessed_value":857500},{"address":"990.0 LAMB CRESCENT NW","assessed_value":721500},{"address":"5368.0 38A AVENUE NW","assessed_value":188000},{"address":"2060.0 TANNER WYND NW","assessed_value":436500},{"address":"2023.0 47 STREET NW","assessed_value":477500},{"address":"4635.0 ELENIAK ROAD NW","assessed_value":2396000},{"address":"3539.0 20 AVENUE NW","assessed_value":393000},{"address":"10042.0 164 STREET NW","assessed_value":272500},{"address":"1634.0 37 STREET NW","assessed_value":173000},{"address":"9131.0 166 AVENUE NW","assessed_value":375000},{"address":"4111.0 18 AVENUE NW","assessed_value":454500},{"address":"3743.0 28 STREET NW","assessed_value":454000},{"address":"120.0 RABBIT HILL COURT NW","assessed_value":577500},{"address":"3443.0 42 STREET NW","assessed_value":410500},{"address":"6216.0 12 AVENUE NW","assessed_value":358000},{"address":"1952.0 TOWNE CENTRE BOULEVARD NW","assessed_value":523500},{"address":"5530.0 39 AVENUE NW","assessed_value":366500},{"address":"4832.0 148 AVENUE NW","assessed_value":391000},{"address":"3823.0 26 AVENUE NW","assessed_value":397500},{"address":"13348.0 154A AVENUE NW","assessed_value":455000},{"address":"603.0 DARTMOUTH POINT NW","assessed_value":976500},{"address":"2501.0 38 AVENUE NW","assessed_value":57000},{"address":"3456.0 36 STREET NW","assessed_value":530500},{"address":"1050.0 BLACKBURN CLOSE SW","assessed_value":471500},{"address":"4280.0 93 STREET NW","assessed_value":421000},{"address":"14912.0 47 STREET NW","assessed_value":452500},{"address":"577.0 BUTTERWORTH WAY NW","assessed_value":570000},{"address":"4508.0 35A AVENUE NW","assessed_value":326000},{"address":"10511.0 42 AVENUE NW","assessed_value":209000},{"address":"3514.0 42A AVENUE NW","assessed_value":314500},{"address":"182.0 HADDOW CLOSE NW","assessed_value":215500},{"address":"12618.0 152 AVENUE NW","assessed_value":22000},{"address":"7123.0 81 AVENUE NW","assessed_value":296000},{"address":"3511.0 15 AVENUE NW","assessed_value":385500},{"address":"3816.0 47 STREET NW","assessed_value":396000},{"address":"239.0 GREENOCH CRESCENT NW","assessed_value":29000},{"address":"5409.0 107 STREET NW","assessed_value":844000},{"address":"1707.0 38 STREET NW","assessed_value":417000},{"address":"12523.0 127 STREET NW","assessed_value":311500},{"address":"4714.0 20 AVENUE NW","assessed_value":323500},{"address":"16427.0 81 STREET NW","assessed_value":433500},{"address":"3803.0 15 AVENUE NW","assessed_value":309000},{"address":"8820.0 89 STREET NW","assessed_value":500},{"address":"13320.0 124 STREET NW","assessed_value":287000},{"address":"30.0 KEYHOLE CRESCENT NW","assessed_value":29500},{"address":"nan nan","assessed_value":7500},{"address":"6623.0 172 STREET NW","assessed_value":219500},{"address":"2032.0 49 STREET NW","assessed_value":478500},{"address":"nan nan","assessed_value":8000},{"address":"1024.0 63 STREET NW","assessed_value":325000},{"address":"17500.0 93 STREET NW","assessed_value":11500},{"address":"3604.0 28A AVENUE NW","assessed_value":318000},{"address":"920.0 119 STREET NW","assessed_value":495000},{"address":"4635.0 26 AVENUE NW","assessed_value":414500},{"address":"16307.0 92 STREET NW","assessed_value":450500},{"address":"59.0 GRAND MEADOW CRESCENT NW","assessed_value":333000},{"address":"16164.0 84 STREET NW","assessed_value":441000},{"address":"3664.0 43A AVENUE NW","assessed_value":261500},{"address":"329.0 HUNTERS RUN NW","assessed_value":690000},{"address":"4639.0 16A AVENUE NW","assessed_value":358500},{"address":"3004.0 36 STREET NW","assessed_value":367000},{"address":"1920.0 KRAMER WAY NW","assessed_value":400500},{"address":"14923.0 47 STREET NW","assessed_value":490500},{"address":"18121.0 112 STREET NW","assessed_value":331500},{"address":"1748.0 48 STREET NW","assessed_value":398000},{"address":"11620.0 9A AVENUE NW","assessed_value":193000},{"address":"7839.0 96 STREET NW","assessed_value":249500},{"address":"1108.0 35A STREET NW","assessed_value":356000},{"address":"9117.0 165 AVENUE NW","assessed_value":326500},{"address":"20945.0 45 AVENUE NW","assessed_value":1593500},{"address":"488.0 BUTCHART DRIVE NW","assessed_value":692500},{"address":"1104.0 49A STREET NW","assessed_value":387000},{"address":"3504.0 56 STREET NW","assessed_value":439500},{"address":"1773.0 49A STREET NW","assessed_value":379000},{"address":"1666.0 FORBES WAY NW","assessed_value":566500},{"address":"8375.0 160 AVENUE NW","assessed_value":275500},{"address":"2833.0 40A AVENUE NW","assessed_value":512500},{"address":"8365.0 162 AVENUE NW","assessed_value":580500},{"address":"8912.0 156 STREET NW","assessed_value":235000},{"address":"7007.0 42 STREET NW","assessed_value":1563500},{"address":"219.0 KULAWY DRIVE NW","assessed_value":531500},{"address":"5108.0 14 AVENUE NW","assessed_value":365000},{"address":"13441.0 127 STREET NW","assessed_value":187500},{"address":"15305.0 104 AVENUE NW","assessed_value":369000},{"address":"6013.0 37A AVENUE NW","assessed_value":401500},{"address":"3967.0 55 STREET NW","assessed_value":441000},{"address":"1670.0 JAMHA ROAD NW","assessed_value":264000},{"address":"nan nan","assessed_value":5500},{"address":"nan nan","assessed_value":12500},{"address":"1850.0 MILL WOODS ROAD EAST NW","assessed_value":261000},{"address":"1224.0 118 STREET NW","assessed_value":490000},{"address":"6623.0 172 STREET NW","assessed_value":151500},{"address":"53.0 GREENOCH CRESCENT NW","assessed_value":444000},{"address":"3436.0 40 STREET NW","assessed_value":393500},{"address":"882.0 TWIN BROOKS CLOSE NW","assessed_value":646500},{"address":"29.0 GREENOCH CRESCENT NW","assessed_value":516500},{"address":"6106.0 35A AVENUE NW","assessed_value":332000},{"address":"1111.0 TWIN BROOKS POINT NW","assessed_value":710000},{"address":"5425.0 35 AVENUE NW","assessed_value":28500},{"address":"7219.0 83 AVENUE NW","assessed_value":369500},{"address":"6113.0 37A AVENUE NW","assessed_value":526500},{"address":"668.0 HENDERSON STREET NW","assessed_value":912500},{"address":"4267.0 24 STREET NW","assessed_value":385000},{"address":"1716.0 TOMLINSON COMMON NW","assessed_value":603500},{"address":"nan nan","assessed_value":8000},{"address":"5607.0 40 AVENUE NW","assessed_value":363000},{"address":"4131.0 37B AVENUE NW","assessed_value":433500},{"address":"3203.0 135A AVENUE NW","assessed_value":396000},{"address":"508.0 BUTCHART DRIVE NW","assessed_value":1197000},{"address":"nan nan","assessed_value":7000},{"address":"1511.0 GRANT COURT NW","assessed_value":415000},{"address":"3936.0 54 STREET NW","assessed_value":461500},{"address":"2015.0 45 STREET NW","assessed_value":379000},{"address":"3609.0 43A AVENUE NW","assessed_value":312000},{"address":"2810.0 41 AVENUE NW","assessed_value":480000},{"address":"1239.0 GILLESPIE CRESCENT NW","assessed_value":406500},{"address":"165.0 WOODVALE ROAD WEST NW","assessed_value":441000},{"address":"215.0 BLACKBURN DRIVE EAST SW","assessed_value":427500},{"address":"623.0 BEVINGTON PLACE NW","assessed_value":447000},{"address":"2520.0 50 STREET NW","assessed_value":111500},{"address":"4820.0 189 STREET NW","assessed_value":449000},{"address":"4403.0 32A AVENUE NW","assessed_value":341000},{"address":"1207.0 HENWOOD PLACE NW","assessed_value":500000},{"address":"5422.0 14A AVENUE NW","assessed_value":340500},{"address":"10023.0 110 STREET NW","assessed_value":237500},{"address":"1711.0 49A STREET NW","assessed_value":390500},{"address":"2511.0 49 STREET NW","assessed_value":395000},{"address":"15519.0 103 STREET NW","assessed_value":529500},{"address":"2311.0 KAASA ROAD EAST NW","assessed_value":565000},{"address":"8868.0 60 AVENUE NW","assessed_value":270500},{"address":"9104.0 166 AVENUE NW","assessed_value":299500},{"address":"5405.0 76 AVENUE NW","assessed_value":1483500},{"address":"1010.0 41 STREET NW","assessed_value":174500},{"address":"nan nan","assessed_value":6500},{"address":"3639.0 34A AVENUE NW","assessed_value":372500},{"address":"4808.0 17 AVENUE NW","assessed_value":386000},{"address":"17418.0 98A AVENUE NW","assessed_value":443000},{"address":"9147.0 165 AVENUE NW","assessed_value":316000},{"address":"664.0 HENDERSON STREET NW","assessed_value":812500},{"address":"5564.0 39 AVENUE NW","assessed_value":368500},{"address":"3407.0 43 AVENUE NW","assessed_value":853000},{"address":"9703.0 41 AVENUE NW","assessed_value":247500},{"address":"15039.0 132 STREET NW","assessed_value":384000},{"address":"15637.0 90 STREET NW","assessed_value":639500},{"address":"10933.0 124 STREET NW","assessed_value":239000},{"address":"804.0 FORBES CLOSE NW","assessed_value":498000},{"address":"10033.0 110 STREET NW","assessed_value":306500},{"address":"1411.0 54 STREET NW","assessed_value":349500},{"address":"5111.0 191 STREET NW","assessed_value":459500},{"address":"nan nan","assessed_value":11000},{"address":"nan nan","assessed_value":6000},{"address":"4019.0 10 AVENUE NW","assessed_value":375500},{"address":"1329.0 56 STREET NW","assessed_value":442000},{"address":"11308.0 130 AVENUE NW","assessed_value":149000},{"address":"8719.0 160 AVENUE NW","assessed_value":478000},{"address":"2520.0 50 STREET NW","assessed_value":110000},{"address":"15215.0 126 STREET NW","assessed_value":292000},{"address":"4530.0 20 AVENUE NW","assessed_value":301000},{"address":"1208.0 GILLESPIE CRESCENT NW","assessed_value":348500},{"address":"nan nan","assessed_value":8500},{"address":"14419.0 16 STREET NW","assessed_value":537000},{"address":"1004.0 TWIN BROOKS COURT NW","assessed_value":659000},{"address":"9645.0 103A AVENUE NW","assessed_value":199500},{"address":"1220.0 62 STREET NW","assessed_value":198000},{"address":"1103.0 56 STREET NW","assessed_value":390000},{"address":"3719.0 44 STREET NW","assessed_value":540500},{"address":"3716.0 29 STREET NW","assessed_value":567000},{"address":"6404.0 14 AVENUE NW","assessed_value":419000},{"address":"5108.0 39 AVENUE NW","assessed_value":390000},{"address":"1839.0 40 STREET NW","assessed_value":423000},{"address":"1857.0 TOMLINSON WAY NW","assessed_value":556500},{"address":"3724.0 26 AVENUE NW","assessed_value":414000},{"address":"618.0 LAYTON COURT NW","assessed_value":545500},{"address":"1323.0 117 STREET NW","assessed_value":476000},{"address":"12043.0 56 STREET NW","assessed_value":297000},{"address":"508.0 KLARVATTEN LAKE WYND NW","assessed_value":659500},{"address":"1112.0 49A STREET NW","assessed_value":404000},{"address":"2539.0 43 STREET NW","assessed_value":382000},{"address":"1933.0 TOMLINSON CRESCENT NW","assessed_value":473000},{"address":"14428.0 131 STREET NW","assessed_value":438000},{"address":"4342.0 38 STREET NW","assessed_value":307000},{"address":"10511.0 42 AVENUE NW","assessed_value":179000},{"address":"904.0 HALIBURTON ROAD NW","assessed_value":660500},{"address":"9730.0 106 STREET NW","assessed_value":96000},{"address":"114.0 FALCONER COURT NW","assessed_value":405500},{"address":"170.0 WEST VIEW CRESCENT NW","assessed_value":74500},{"address":"13403.0 149 AVENUE NW","assessed_value":530500},{"address":"5.0 WOODVALE VILLAGE NW","assessed_value":202500},{"address":"1676.0 37 STREET NW","assessed_value":196500},{"address":"1152.0 119 STREET NW","assessed_value":1227500},{"address":"8605.0 109 STREET NW","assessed_value":3779500},{"address":"3531.0 18 AVENUE NW","assessed_value":391000},{"address":"2636.0 43 STREET NW","assessed_value":422500},{"address":"13828.0 128 AVENUE NW","assessed_value":454000},{"address":"nan nan","assessed_value":124500},{"address":"3512.0 49 STREET NW","assessed_value":348000},{"address":"205.0 GRAND MEADOW CRESCENT NW","assessed_value":397500},{"address":"360.0 HEATH ROAD NW","assessed_value":599500},{"address":"10208.0 120 STREET NW","assessed_value":244000},{"address":"1412.0 57 STREET NW","assessed_value":422000},{"address":"3718.0 28A STREET NW","assessed_value":528000},{"address":"2622.0 49 STREET NW","assessed_value":307000},{"address":"8833.0 160A AVENUE NW","assessed_value":543000},{"address":"8325.0 161 AVENUE NW","assessed_value":535500},{"address":"nan nan","assessed_value":8500},{"address":"546.0 GLENWRIGHT CRESCENT NW","assessed_value":619000},{"address":"5128.0 157 AVENUE NW","assessed_value":442000},{"address":"7905.0 96 STREET NW","assessed_value":390500},{"address":"6055.0 35A AVENUE NW","assessed_value":167500},{"address":"11462.0 118A STREET NW","assessed_value":490500},{"address":"13441.0 127 STREET NW","assessed_value":166500},{"address":"3515.0 42A AVENUE NW","assessed_value":311000},{"address":"7803.0 73 STREET NW","assessed_value":431500},{"address":"1625.0 48 STREET NW","assessed_value":0},{"address":"3631.0 51 STREET NW","assessed_value":400000},{"address":"17459.0 98A AVENUE NW","assessed_value":203000},{"address":"7319.0 82 AVENUE NW","assessed_value":2006500},{"address":"805.0 GRAYDON COURT NW","assessed_value":436000},{"address":"7811.0 161 AVENUE NW","assessed_value":454000},{"address":"14804.0 MILLER BOULEVARD NW","assessed_value":355500},{"address":"5148.0 152A AVENUE NW","assessed_value":470500},{"address":"nan nan","assessed_value":6000},{"address":"15824.0 90 STREET NW","assessed_value":534500},{"address":"11804.0 11A AVENUE NW","assessed_value":475000},{"address":"3904.0 35 AVENUE NW","assessed_value":346500},{"address":"518.0 HUNTERS WAY NW","assessed_value":526500},{"address":"nan nan","assessed_value":8000},{"address":"1036.0 GRAHAM COURT NW","assessed_value":447000},{"address":"1020.0 63 STREET NW","assessed_value":339000},{"address":"3516.0 24 AVENUE NW","assessed_value":380000},{"address":"1926.0 WEST ROYAL WAY NW","assessed_value":80500},{"address":"11569.0 15 AVENUE NW","assessed_value":666000},{"address":"1448.0 53 STREET NW","assessed_value":330500},{"address":"13559.0 149 AVENUE NW","assessed_value":578500},{"address":"11532.0 169A AVENUE NW","assessed_value":461000},{"address":"4511.0 33A AVENUE NW","assessed_value":321500},{"address":"911.0 RABBIT HILL ROAD NW","assessed_value":184500},{"address":"1010.0 41 STREET NW","assessed_value":194000},{"address":"7224.0 81 AVENUE NW","assessed_value":1744500},{"address":"4824.0 30 AVENUE NW","assessed_value":372000},{"address":"5405.0 11A AVENUE NW","assessed_value":307000},{"address":"183.0 WARD CRESCENT NW","assessed_value":451500},{"address":"829.0 KLARVATTEN CLOSE NW","assessed_value":483500},{"address":"15809.0 90 STREET NW","assessed_value":498500},{"address":"4927.0 13 AVENUE NW","assessed_value":421500},{"address":"3303.0 40 AVENUE NW","assessed_value":507000},{"address":"2626.0 48 STREET NW","assessed_value":369500},{"address":"3727.0 10 AVENUE NW","assessed_value":331000},{"address":"21903.0 FORT ROAD NE","assessed_value":745500},{"address":"4011.0 28A STREET NW","assessed_value":577000},{"address":"4220.0 139 AVENUE NW","assessed_value":113000},{"address":"2008.0 101 STREET NW","assessed_value":6735000},{"address":"5613.0 103A STREET NW","assessed_value":1649000},{"address":"nan nan","assessed_value":500},{"address":"4208.0 84 AVENUE NW","assessed_value":3416500},{"address":"9760.0 174 STREET NW","assessed_value":176500},{"address":"6019.0 10 AVENUE NW","assessed_value":341000},{"address":"6329.0 13 AVENUE NW","assessed_value":378500},{"address":"3811.0 85 STREET NW","assessed_value":244500},{"address":"9745.0 96A STREET NW","assessed_value":299500},{"address":"1130.0 62 STREET NW","assessed_value":314000},{"address":"3510.0 30 AVENUE NW","assessed_value":418000},{"address":"4112.0 37A AVENUE NW","assessed_value":427500},{"address":"3756.0 48 STREET NW","assessed_value":516500},{"address":"1012.0 ORMSBY CRESCENT NW","assessed_value":529000},{"address":"11640.0 15 AVENUE NW","assessed_value":438500},{"address":"257.0 GREENOCH CRESCENT NW","assessed_value":522000},{"address":"3431.0 HILL VIEW CRESCENT NW","assessed_value":433000},{"address":"2715.0 42 STREET NW","assessed_value":387500},{"address":"1213.0 56 STREET NW","assessed_value":408000},{"address":"9730.0 106 STREET NW","assessed_value":91500},{"address":"3336.0 46 STREET NW","assessed_value":346500},{"address":"4931.0 35 AVENUE NW","assessed_value":389500},{"address":"2120.0 46 STREET NW","assessed_value":374000},{"address":"10717.0 83 AVENUE NW","assessed_value":284500},{"address":"14511.0 131 STREET NW","assessed_value":484000},{"address":"7311.0 79 AVENUE NW","assessed_value":550500},{"address":"21903.0 34 STREET NW","assessed_value":25500},{"address":"16045.0 84 STREET NW","assessed_value":491000},{"address":"12808.0 141 STREET NW","assessed_value":317000},{"address":"nan nan","assessed_value":7500},{"address":"8315.0 83 STREET NW","assessed_value":113000},{"address":"211.0 CAIRNS PLACE NW","assessed_value":497000},{"address":"2528.0 45 STREET NW","assessed_value":577000},{"address":"7301.0 77 AVENUE NW","assessed_value":1525000},{"address":"1955.0 TOMLINSON SQUARE NW","assessed_value":572000},{"address":"12844.0 151 AVENUE NW","assessed_value":389000},{"address":"305.0 HABITAT CRESCENT NW","assessed_value":28359000},{"address":"7.0 DECHENE LANE NW","assessed_value":495000},{"address":"10344.0 156 AVENUE NW","assessed_value":520000},{"address":"1339.0 119A STREET NW","assessed_value":748500},{"address":"3716.0 12 AVENUE NW","assessed_value":354000},{"address":"2918.0 48 STREET NW","assessed_value":363500},{"address":"2011.0 49 STREET NW","assessed_value":380500},{"address":"11911.0 231 STREET NW","assessed_value":540500},{"address":"3508.0 34A AVENUE NW","assessed_value":432000},{"address":"7220.0 48 STREET NW","assessed_value":2852500},{"address":"16316.0 90 STREET NW","assessed_value":496500},{"address":"3719.0 28 STREET NW","assessed_value":466500},{"address":"642.0 GLENWRIGHT CRESCENT NW","assessed_value":498000},{"address":"6428.0 12 AVENUE NW","assessed_value":348500},{"address":"1342.0 BRECKENRIDGE DRIVE NW","assessed_value":451500},{"address":"4698.0 17 AVENUE NW","assessed_value":407500},{"address":"1136.0 36 STREET NW","assessed_value":361000},{"address":"339.0 BERINGER CRESCENT NW","assessed_value":505500},{"address":"9633.0 120 AVENUE NW","assessed_value":500},{"address":"3740.0 12 AVENUE NW","assessed_value":369000},{"address":"5836.0 10 AVENUE NW","assessed_value":367000},{"address":"1515.0 54 STREET NW","assessed_value":309500},{"address":"7100.0 83 STREET NW","assessed_value":8000},{"address":"16415.0 91 STREET NW","assessed_value":405000},{"address":"2016.0 35 STREET NW","assessed_value":379500},{"address":"135.0 GRAND MEADOW CRESCENT NW","assessed_value":495500},{"address":"4920.0 31 AVENUE NW","assessed_value":495500},{"address":"nan nan","assessed_value":15000},{"address":"nan nan","assessed_value":8500},{"address":"nan nan","assessed_value":6000},{"address":"1162.0 LINCOLN CRESCENT NW","assessed_value":574000},{"address":"4580.0 32 AVENUE NW","assessed_value":300000},{"address":"8107.0 164 AVENUE NW","assessed_value":480500},{"address":"2036.0 47 STREET NW","assessed_value":378000},{"address":"128.0 WOODVALE ROAD WEST NW","assessed_value":2500},{"address":"8322.0 170 AVENUE NW","assessed_value":437500},{"address":"1899.0 48 STREET NW","assessed_value":365500},{"address":"1310.0 56 STREET NW","assessed_value":332000},{"address":"9503.0 96 AVENUE NW","assessed_value":0},{"address":"9427.0 77 STREET NW","assessed_value":812500},{"address":"4548.0 29 AVENUE NW","assessed_value":362500},{"address":"3012.0 41 AVENUE NW","assessed_value":432000},{"address":"nan nan","assessed_value":6000},{"address":"7104.0 156 STREET NW","assessed_value":247000},{"address":"727.0 BALFOUR CLOSE NW","assessed_value":540000},{"address":"17211.0 83 STREET NW","assessed_value":421000},{"address":"3840.0 51 STREET NW","assessed_value":451000},{"address":"4403.0 84 AVENUE NW","assessed_value":2235000},{"address":"16904.0 111 AVENUE NW","assessed_value":256500},{"address":"616.0 50 STREET NW","assessed_value":0},{"address":"8003.0 73 STREET NW","assessed_value":348000},{"address":"8323.0 172 AVENUE NW","assessed_value":492500},{"address":"3415.0 39 STREET NW","assessed_value":416500},{"address":"4935.0 13 AVENUE NW","assessed_value":427000},{"address":"1207.0 62 STREET NW","assessed_value":195000},{"address":"3912.0 19 AVENUE NW","assessed_value":385500},{"address":"nan nan","assessed_value":7000},{"address":"303.0 LEGER WAY NW","assessed_value":343500},{"address":"3324.0 40 AVENUE NW","assessed_value":548500},{"address":"109.0 WARD CRESCENT NW","assessed_value":422500},{"address":"nan nan","assessed_value":7500},{"address":"nan nan","assessed_value":12500},{"address":"11432.0 118 STREET NW","assessed_value":457000},{"address":"16120.0 89 STREET NW","assessed_value":511000},{"address":"4712.0 20 AVENUE NW","assessed_value":323000},{"address":"3844.0 47 STREET NW","assessed_value":424000},{"address":"987.0 LAMB CRESCENT NW","assessed_value":749000},{"address":"4815.0 17 AVENUE NW","assessed_value":385500},{"address":"4260.0 29 AVENUE NW","assessed_value":245000},{"address":"4708.0 190 STREET NW","assessed_value":514000},{"address":"12251.0 231 STREET NW","assessed_value":861000},{"address":"461.0 HEFFERNAN DRIVE NW","assessed_value":1349000},{"address":"nan nan","assessed_value":6000},{"address":"851.0 BLACKLOCK WAY SW","assessed_value":443000},{"address":"1312.0 FALCONER ROAD NW","assessed_value":603000},{"address":"nan nan","assessed_value":6500},{"address":"10320.0 180 AVENUE NW","assessed_value":500500},{"address":"1151.0 35A STREET NW","assessed_value":387500},{"address":"3909.0 25 AVENUE NW","assessed_value":373500},{"address":"11813.0 12 AVENUE NW","assessed_value":512500},{"address":"715.0 BALFOUR CLOSE NW","assessed_value":447500},{"address":"11705.0 13A AVENUE NW","assessed_value":503000},{"address":"3611.0 17 AVENUE NW","assessed_value":361500},{"address":"nan nan","assessed_value":7000},{"address":"4296.0 93 STREET NW","assessed_value":278500},{"address":"3932.0 51 STREET NW","assessed_value":450000},{"address":"5919.0 11 AVENUE NW","assessed_value":363500},{"address":"1632.0 47 STREET NW","assessed_value":383500},{"address":"328.0 DARLINGTON CRESCENT NW","assessed_value":596000},{"address":"13441.0 127 STREET NW","assessed_value":201500},{"address":"15920.0 89A STREET NW","assessed_value":761500},{"address":"nan nan","assessed_value":8500},{"address":"4027.0 33 STREET NW","assessed_value":500000},{"address":"13619.0 129 AVENUE NW","assessed_value":421000},{"address":"7320.0 79 AVENUE NW","assessed_value":402500},{"address":"1779.0 GLASTONBURY BOULEVARD NW","assessed_value":402500},{"address":"5614.0 38B AVENUE NW","assessed_value":457000},{"address":"61.0 DECHENE ROAD NW","assessed_value":539500},{"address":"nan nan","assessed_value":7500},{"address":"1634.0 TOMPKINS WYND NW","assessed_value":461000},{"address":"4519.0 27 AVENUE NW","assessed_value":391500},{"address":"12707.0 HUDSON WAY NW","assessed_value":518000},{"address":"nan nan","assessed_value":5500},{"address":"5145.0 190A STREET NW","assessed_value":462500},{"address":"13441.0 127 STREET NW","assessed_value":193000},{"address":"364.0 HUNTERS RUN NW","assessed_value":620000},{"address":"8019.0 161A AVENUE NW","assessed_value":495500},{"address":"1829.0 TUFFORD WAY NW","assessed_value":478000},{"address":"5609.0 38B AVENUE NW","assessed_value":374500},{"address":"15008.0 133 STREET NW","assessed_value":389500},{"address":"17209.0 115 STREET NW","assessed_value":420500},{"address":"5024.0 152A AVENUE NW","assessed_value":393000},{"address":"2019.0 TANNER WYND NW","assessed_value":460000},{"address":"17753.0 95 STREET NW","assessed_value":172500},{"address":"1671.0 TOMPKINS WYND NW","assessed_value":422500},{"address":"3556.0 22 AVENUE NW","assessed_value":418000},{"address":"10511.0 42 AVENUE NW","assessed_value":173000},{"address":"737.0 BALFOUR CLOSE NW","assessed_value":476000},{"address":"4607.0 10 AVENUE NW","assessed_value":401500},{"address":"6126.0 37A AVENUE NW","assessed_value":453500},{"address":"4603.0 32 AVENUE NW","assessed_value":308500},{"address":"8850.0 60 AVENUE NW","assessed_value":329500},{"address":"1215.0 117 STREET NW","assessed_value":547500},{"address":"356.0 WILD ROSE WAY NW","assessed_value":540000},{"address":"4009.0 32 STREET NW","assessed_value":480000},{"address":"224.0 FALCONER LINK NW","assessed_value":651000},{"address":"3727.0 45 STREET NW","assessed_value":416500},{"address":"1445.0 115A STREET NW","assessed_value":584000},{"address":"7951.0 96 STREET NW","assessed_value":277000},{"address":"3424.0 HILL VIEW CRESCENT NW","assessed_value":436500},{"address":"1324.0 39 STREET NW","assessed_value":272500},{"address":"12618.0 152 AVENUE NW","assessed_value":25000},{"address":"1714.0 TURVEY BEND NW","assessed_value":409500},{"address":"9816.0 180A AVENUE NW","assessed_value":452000},{"address":"330.0 GALBRAITH CLOSE NW","assessed_value":457500},{"address":"7916.0 165 AVENUE NW","assessed_value":535500},{"address":"1015.0 39 STREET NW","assessed_value":562500},{"address":"4112.0 30 AVENUE NW","assessed_value":384000},{"address":"4603.0 91 AVENUE NW","assessed_value":7198000},{"address":"2702.0 LAKESIDE DRIVE NW","assessed_value":79000},{"address":"52.0 GRAND MEADOW CRESCENT NW","assessed_value":418500},{"address":"4106.0 18 AVENUE NW","assessed_value":327500},{"address":"7811.0 164 AVENUE NW","assessed_value":423000},{"address":"nan nan","assessed_value":15000},{"address":"5823.0 10 AVENUE NW","assessed_value":331500},{"address":"9121.0 166 AVENUE NW","assessed_value":334000},{"address":"nan nan","assessed_value":5500},{"address":"633.0 KULAWY PLACE NW","assessed_value":620000},{"address":"21211.0 FORT ROAD NE","assessed_value":690000},{"address":"401.0 WOODVALE ROAD EAST NW","assessed_value":367000},{"address":"nan nan","assessed_value":12500},{"address":"11660.0 15 AVENUE NW","assessed_value":374000},{"address":"1203.0 CARTER CREST ROAD NW","assessed_value":457500},{"address":"8819.0 160 AVENUE NW","assessed_value":515000},{"address":"727.0 KIRKNESS ROAD NW","assessed_value":487500},{"address":"2019.0 47 STREET NW","assessed_value":400500},{"address":"nan nan","assessed_value":8500},{"address":"101.0 FALCONER COURT NW","assessed_value":420500},{"address":"1424.0 115 STREET NW","assessed_value":704500},{"address":"4405.0 29 AVENUE NW","assessed_value":465500},{"address":"68.0 GRANLEA CRESCENT NW","assessed_value":483500},{"address":"8724.0 159A AVENUE NW","assessed_value":542000},{"address":"14927.0 47 STREET NW","assessed_value":460000},{"address":"8315.0 83 STREET NW","assessed_value":159500},{"address":"1028.0 61 STREET NW","assessed_value":375000},{"address":"247.0 FALCONER END NW","assessed_value":657500},{"address":"6703.0 172 STREET NW","assessed_value":212000},{"address":"1332.0 116 STREET NW","assessed_value":567500},{"address":"3935.0 42 STREET NW","assessed_value":533000},{"address":"1739.0 36 STREET NW","assessed_value":340000},{"address":"1713.0 TURVEY BEND NW","assessed_value":431500},{"address":"17150.0 94A AVENUE NW","assessed_value":178500},{"address":"4524.0 38A AVENUE NW","assessed_value":399000},{"address":"5403.0 39 AVENUE NW","assessed_value":303500},{"address":"6803.0 87 AVENUE NW","assessed_value":439000},{"address":"1300.0 FALCONER ROAD NW","assessed_value":575500},{"address":"6014.0 37A AVENUE NW","assessed_value":339500}]