[{"address":"10408.0 26 AVENUE NW","assessed_value":357000},{"address":"139.0 ROYAL TERRACE NW","assessed_value":207000},{"address":"2087.0 SADDLEBACK ROAD NW","assessed_value":163500},{"address":"9666.0 85 AVENUE NW","assessed_value":498000},{"address":"14810.0 51 AVENUE NW","assessed_value":156500},{"address":"10420.0 39A AVENUE NW","assessed_value":468000},{"address":"11268.0 59 AVENUE NW","assessed_value":435000},{"address":"6415.0 110 STREET NW","assessed_value":551000},{"address":"11124.0 36A AVENUE NW","assessed_value":469500},{"address":"12408.0 49 AVENUE NW","assessed_value":762500},{"address":"10529.0 63 AVENUE NW","assessed_value":316000},{"address":"5034.0 WHITEMUD ROAD NW","assessed_value":812000},{"address":"9670.0 84 AVENUE NW","assessed_value":806000},{"address":"10862.0 33A AVENUE NW","assessed_value":423500},{"address":"2835.0 125 STREET NW","assessed_value":823500},{"address":"11468.0 44A AVENUE NW","assessed_value":396000},{"address":"9941.0 87 AVENUE NW","assessed_value":466000},{"address":"9729.0 86 AVENUE NW","assessed_value":404500},{"address":"11346.0 75 AVENUE NW","assessed_value":432500},{"address":"5625.0 104 STREET NW","assessed_value":654000},{"address":"5117.0 107 STREET NW","assessed_value":316500},{"address":"9903.0 79 AVENUE NW","assessed_value":336500},{"address":"9020.0 95 STREET NW","assessed_value":101500},{"address":"7302.0 118A STREET NW","assessed_value":687000},{"address":"4331.0 114B STREET NW","assessed_value":548000},{"address":"10963.0 72 AVENUE NW","assessed_value":567000},{"address":"15124.0 42 AVENUE NW","assessed_value":522500},{"address":"14811.0 51 AVENUE NW","assessed_value":148000},{"address":"9641.0 96 STREET NW","assessed_value":313500},{"address":"11216.0 54A AVENUE NW","assessed_value":518500},{"address":"8007.0 119 STREET NW","assessed_value":668000},{"address":"10828.0 38A AVENUE NW","assessed_value":438500},{"address":"6403.0 131 STREET NW","assessed_value":744500},{"address":"5312.0 114B STREET NW","assessed_value":622500},{"address":"3715.0 117 STREET NW","assessed_value":667000},{"address":"1815.0 111A STREET NW","assessed_value":127500},{"address":"nan nan","assessed_value":0},{"address":"10710.0 66 AVENUE NW","assessed_value":394000},{"address":"nan nan","assessed_value":5500},{"address":"10827.0 43 AVENUE NW","assessed_value":509500},{"address":"5208.0 105 STREET NW","assessed_value":452000},{"address":"6822.0 110 STREET NW","assessed_value":459500},{"address":"8931.0 120 STREET NW","assessed_value":1243500},{"address":"10431.0 52 AVENUE NW","assessed_value":366000},{"address":"11139.0 157 AVENUE NW","assessed_value":415000},{"address":"10023.0 80 AVENUE NW","assessed_value":305000},{"address":"3908.0 118 STREET NW","assessed_value":454000},{"address":"2533.0 105 STREET NW","assessed_value":122000},{"address":"309.0 ROUTLEDGE ROAD NW","assessed_value":855500},{"address":"10633.0 31 AVENUE NW","assessed_value":181000},{"address":"10911.0 35A AVENUE NW","assessed_value":394500},{"address":"5827.0 113B STREET NW","assessed_value":589500},{"address":"1054.0 SADDLEBACK ROAD NW","assessed_value":582000},{"address":"645.0 ROMANIUK ROAD NW","assessed_value":844500},{"address":"10512.0 54 AVENUE NW","assessed_value":470500},{"address":"7804.0 106 STREET NW","assessed_value":169000},{"address":"10470.0 21 AVENUE NW","assessed_value":523500},{"address":"176.0 TUDOR LANE NW","assessed_value":203500},{"address":"12020.0 25 AVENUE NW","assessed_value":200500},{"address":"5520.0 RIVERBEND ROAD NW","assessed_value":135000},{"address":"5718.0 GATEWAY BOULEVARD NW","assessed_value":1386000},{"address":"9748.0 86 AVENUE NW","assessed_value":501500},{"address":"nan nan","assessed_value":5500},{"address":"9807.0 91 AVENUE NW","assessed_value":465000},{"address":"11712.0 33A AVENUE NW","assessed_value":553500},{"address":"11027.0 85 AVENUE NW","assessed_value":645000},{"address":"12608.0 39 AVENUE NW","assessed_value":788500},{"address":"9715.0 83 AVENUE NW","assessed_value":441000},{"address":"10828.0 69 AVENUE NW","assessed_value":323500},{"address":"9611.0 77 AVENUE NW","assessed_value":703500},{"address":"11111.0 33 AVENUE NW","assessed_value":550500},{"address":"5116.0 151 STREET NW","assessed_value":510000},{"address":"108.0 KASKITAYO COURT NW","assessed_value":173000},{"address":"2753.0 124 STREET NW","assessed_value":347000},{"address":"2325.0 111A STREET NW","assessed_value":538500},{"address":"9668.0 86 AVENUE NW","assessed_value":562500},{"address":"nan nan","assessed_value":5500},{"address":"5520.0 108 STREET NW","assessed_value":450500},{"address":"10944.0 73 AVENUE NW","assessed_value":521000},{"address":"9547.0 83 AVENUE NW","assessed_value":221500},{"address":"11243.0 59 AVENUE NW","assessed_value":451000},{"address":"9225.0 99 STREET NW","assessed_value":532000},{"address":"5132.0 126 STREET NW","assessed_value":654500},{"address":"2319.0 119 STREET NW","assessed_value":101000},{"address":"11217.0 34A AVENUE NW","assessed_value":623500},{"address":"11027.0 158 AVENUE NW","assessed_value":447000},{"address":"9604.0 76 AVENUE NW","assessed_value":2812000},{"address":"3114.0 111A STREET NW","assessed_value":573500},{"address":"10845.0 76 AVENUE NW","assessed_value":853000},{"address":"10936.0 68 AVENUE NW","assessed_value":393000},{"address":"3819.0 112 STREET NW","assessed_value":517000},{"address":"5828.0 144 STREET NW","assessed_value":538500},{"address":"11008.0 40 AVENUE NW","assessed_value":8500},{"address":"nan nan","assessed_value":5500},{"address":"10551.0 56 AVENUE NW","assessed_value":459000},{"address":"10516.0 79 AVENUE NW","assessed_value":1040500},{"address":"5845.0 GATEWAY BOULEVARD NW","assessed_value":997500},{"address":"3710.0 103B STREET NW","assessed_value":447500},{"address":"11720.0 33A AVENUE NW","assessed_value":419500},{"address":"1815.0 111A STREET NW","assessed_value":90500},{"address":"11012.0 BEAUMARIS ROAD NW","assessed_value":218000},{"address":"10422.0 78 AVENUE NW","assessed_value":3504000},{"address":"11330.0 76 AVENUE NW","assessed_value":4070500},{"address":"2766.0 105 STREET NW","assessed_value":184000},{"address":"10989.0 75 AVENUE NW","assessed_value":558500},{"address":"10831.0 53 AVENUE NW","assessed_value":438000},{"address":"9720.0 87 AVENUE NW","assessed_value":367000},{"address":"3412.0 108 STREET NW","assessed_value":453500},{"address":"10450.0 21 AVENUE NW","assessed_value":520500},{"address":"1162.0 SADDLEBACK ROAD NW","assessed_value":160000},{"address":"4203.0 112 STREET NW","assessed_value":407500},{"address":"2953.0 109 STREET NW","assessed_value":219000},{"address":"4119.0 113 STREET NW","assessed_value":430000},{"address":"9750.0 89 AVENUE NW","assessed_value":446500},{"address":"10632.0 75 AVENUE NW","assessed_value":340500},{"address":"5315.0 105 STREET NW","assessed_value":487500},{"address":"4735.0 147A STREET NW","assessed_value":504000},{"address":"11427.0 MALMO ROAD NW","assessed_value":465000},{"address":"5015.0 126 STREET NW","assessed_value":753500},{"address":"2303.0 119 STREET NW","assessed_value":103000},{"address":"11152.0 50 AVENUE NW","assessed_value":449500},{"address":"2527.0 105 STREET NW","assessed_value":123000},{"address":"nan nan","assessed_value":0},{"address":"10715.0 84 AVENUE NW","assessed_value":1894000},{"address":"3307.0 108 STREET NW","assessed_value":445000},{"address":"11602.0 77 AVENUE NW","assessed_value":680500},{"address":"4015.0 114 STREET NW","assessed_value":422000},{"address":"10630.0 66 AVENUE NW","assessed_value":583000},{"address":"15119.0 42 AVENUE NW","assessed_value":806500},{"address":"3815.0 116 STREET NW","assessed_value":575000},{"address":"11418.0 77 AVENUE NW","assessed_value":524500},{"address":"6308.0 123 STREET NW","assessed_value":713000},{"address":"1815.0 111A STREET NW","assessed_value":88000},{"address":"11462.0 41 AVENUE NW","assessed_value":307500},{"address":"10815.0 67 AVENUE NW","assessed_value":442500},{"address":"38.0 FAIRWAY DRIVE NW","assessed_value":1609000},{"address":"6504.0 125 STREET NW","assessed_value":872500},{"address":"11607.0 77 AVENUE NW","assessed_value":548500},{"address":"11447.0 38 AVENUE NW","assessed_value":441500},{"address":"7801.0 109 STREET NW","assessed_value":893500},{"address":"7204.0 105A STREET NW","assessed_value":632000},{"address":"11208.0 21 AVENUE NW","assessed_value":522000},{"address":"11320.0 46 AVENUE NW","assessed_value":471000},{"address":"11511.0 78 AVENUE NW","assessed_value":580000},{"address":"5103.0 154 STREET NW","assessed_value":967500},{"address":"125.0 FAIRWAY DRIVE NW","assessed_value":1153500},{"address":"2424.0 117 STREET NW","assessed_value":484500},{"address":"3217.0 110A STREET NW","assessed_value":426000},{"address":"3543.0 108 STREET NW","assessed_value":429500},{"address":"10438.0 65 AVENUE NW","assessed_value":443500},{"address":"15929.0 112A STREET NW","assessed_value":410000},{"address":"11212.0 40 AVENUE NW","assessed_value":405000},{"address":"11712.0 25 AVENUE NW","assessed_value":398500},{"address":"2823.0 124 STREET NW","assessed_value":693500},{"address":"5811.0 143 STREET NW","assessed_value":740000},{"address":"3229.0 104A STREET NW","assessed_value":489000},{"address":"3725.0 103B STREET NW","assessed_value":492000},{"address":"9342.0 98 STREET NW","assessed_value":1180500},{"address":"9935.0 81 AVENUE NW","assessed_value":372000},{"address":"3527.0 104 STREET NW","assessed_value":422000},{"address":"200.0 KASKITAYO COURT NW","assessed_value":173000},{"address":"7634.0 119 STREET NW","assessed_value":776000},{"address":"10661.0 64 AVENUE NW","assessed_value":389500},{"address":"4612.0 116A STREET NW","assessed_value":472500},{"address":"4719.0 MALMO ROAD NW","assessed_value":502000},{"address":"10503.0 35A AVENUE NW","assessed_value":441500},{"address":"5216.0 125 STREET NW","assessed_value":625000},{"address":"14108.0 49 AVENUE NW","assessed_value":592500},{"address":"16320.0 98 STREET NW","assessed_value":382500},{"address":"3608.0 104 STREET NW","assessed_value":424500},{"address":"14332.0 59 AVENUE NW","assessed_value":536000},{"address":"11450.0 74 AVENUE NW","assessed_value":592500},{"address":"10787.0 31 AVENUE NW","assessed_value":193000},{"address":"11125.0 20 AVENUE NW","assessed_value":599500},{"address":"10235.0 155 AVENUE NW","assessed_value":393500},{"address":"11623.0 72 AVENUE NW","assessed_value":659000},{"address":"10702.0 76 AVENUE NW","assessed_value":416000},{"address":"10524.0 30 AVENUE NW","assessed_value":588500},{"address":"11153.0 34A AVENUE NW","assessed_value":552000},{"address":"10654.0 61 AVENUE NW","assessed_value":352000},{"address":"3323.0 118 STREET NW","assessed_value":564500},{"address":"3531.0 111B STREET NW","assessed_value":473500},{"address":"10946.0 67 AVENUE NW","assessed_value":397000},{"address":"14887.0 41 AVENUE NW","assessed_value":543500},{"address":"4823.0 111A STREET NW","assessed_value":405000},{"address":"7640.0 99 STREET NW","assessed_value":475500},{"address":"11771.0 37A AVENUE NW","assessed_value":472500},{"address":"11139.0 49 AVENUE NW","assessed_value":448500},{"address":"4804.0 124 STREET NW","assessed_value":619500},{"address":"10924.0 73 AVENUE NW","assessed_value":431000},{"address":"11242.0 34A AVENUE NW","assessed_value":536500},{"address":"9852.0 79 AVENUE NW","assessed_value":508500},{"address":"3445.0 111A STREET NW","assessed_value":526500},{"address":"11603.0 75 AVENUE NW","assessed_value":605000},{"address":"11748.0 43 AVENUE NW","assessed_value":444500},{"address":"11457.0 68 AVENUE NW","assessed_value":5091000},{"address":"15916.0 101 STREET NW","assessed_value":442500},{"address":"6210.0 112A STREET NW","assessed_value":684000},{"address":"11150.0 63 AVENUE NW","assessed_value":1256500},{"address":"3536.0 104 STREET NW","assessed_value":426000},{"address":"5003.0 143 STREET NW","assessed_value":493500},{"address":"4611.0 141 STREET NW","assessed_value":741000},{"address":"4012.0 125 STREET NW","assessed_value":569500},{"address":"6531.0 104A STREET NW","assessed_value":517500},{"address":"10446.0 28A AVENUE NW","assessed_value":205000},{"address":"11727.0 37A AVENUE NW","assessed_value":437500},{"address":"3839.0 112A STREET NW","assessed_value":471000},{"address":"10810.0 66 AVENUE NW","assessed_value":395000},{"address":"10644.0 51 AVENUE NW","assessed_value":207500},{"address":"10807.0 80 AVENUE NW","assessed_value":422000},{"address":"188.0 TUDOR LANE NW","assessed_value":227500},{"address":"3123.0 109 STREET NW","assessed_value":238000},{"address":"11211.0 55 AVENUE NW","assessed_value":478000},{"address":"11603.0 36A AVENUE NW","assessed_value":508000},{"address":"11412.0 49 AVENUE NW","assessed_value":469500},{"address":"11114.0 70 AVENUE NW","assessed_value":479500},{"address":"9412.0 90 AVENUE NW","assessed_value":708000},{"address":"6503.0 132 STREET NW","assessed_value":925500},{"address":"5508.0 114 STREET NW","assessed_value":506000},{"address":"9622.0 95 AVENUE NW","assessed_value":850000},{"address":"10928.0 16 AVENUE NW","assessed_value":629000},{"address":"14811.0 56 AVENUE NW","assessed_value":27500},{"address":"10758.0 69 AVENUE NW","assessed_value":700500},{"address":"10637.0 62 AVENUE NW","assessed_value":417500},{"address":"8946.0 WINDSOR ROAD NW","assessed_value":2333500},{"address":"10947.0 70 AVENUE NW","assessed_value":562500},{"address":"12004.0 43 AVENUE NW","assessed_value":550000},{"address":"3111.0 104 STREET NW","assessed_value":412500},{"address":"9668.0 95 AVENUE NW","assessed_value":1032000},{"address":"10753.0 86 AVENUE NW","assessed_value":539000},{"address":"4119.0 117 STREET NW","assessed_value":400500},{"address":"9536.0 98A AVENUE NW","assessed_value":1500},{"address":"4718.0 147 STREET NW","assessed_value":525000},{"address":"3832.0 111B STREET NW","assessed_value":501000},{"address":"2000.0 SADDLEBACK ROAD NW","assessed_value":94500},{"address":"4123.0 125 STREET NW","assessed_value":500},{"address":"1875.0 104 STREET NW","assessed_value":378000},{"address":"3412.0 110 STREET NW","assessed_value":462000},{"address":"4747.0 151 STREET NW","assessed_value":590500},{"address":"10621.0 67 AVENUE NW","assessed_value":373500},{"address":"10712.0 81 AVENUE NW","assessed_value":181000},{"address":"12038.0 25 AVENUE NW","assessed_value":175000},{"address":"11527.0 42 AVENUE NW","assessed_value":405500},{"address":"1805.0 111A STREET NW","assessed_value":83500},{"address":"10474.0 28A AVENUE NW","assessed_value":199500},{"address":"11315.0 57 AVENUE NW","assessed_value":460000},{"address":"11427.0 74 AVENUE NW","assessed_value":700500},{"address":"5711.0 115 STREET NW","assessed_value":496500},{"address":"2027.0 104B STREET NW","assessed_value":476500},{"address":"4717.0 106 STREET NW","assessed_value":290500},{"address":"10732.0 42 AVENUE NW","assessed_value":510500},{"address":"9743.0 89 AVENUE NW","assessed_value":657000},{"address":"11669.0 72 AVENUE NW","assessed_value":685500},{"address":"10546.0 85 AVENUE NW","assessed_value":350000},{"address":"10012.0 86 AVENUE NW","assessed_value":495500},{"address":"7813.0 SASKATCHEWAN DRIVE NW","assessed_value":3660000},{"address":"11004.0 32 AVENUE NW","assessed_value":401000},{"address":"2705.0 105A STREET NW","assessed_value":373000},{"address":"11284.0 161 AVENUE NW","assessed_value":418500},{"address":"9865.0 85 AVENUE NW","assessed_value":623500},{"address":"11249.0 34A AVENUE NW","assessed_value":552000},{"address":"11127.0 84 AVENUE NW","assessed_value":486000},{"address":"3215.0 113B STREET NW","assessed_value":586000},{"address":"4151.0 RAMSAY CRESCENT NW","assessed_value":501500},{"address":"5704.0 113B STREET NW","assessed_value":564000},{"address":"9102.0 120 STREET NW","assessed_value":1507500},{"address":"1840.0 104A STREET NW","assessed_value":418000},{"address":"9658.0 95 AVENUE NW","assessed_value":1725000},{"address":"11106.0 62 AVENUE NW","assessed_value":458000},{"address":"10952.0 36A AVENUE NW","assessed_value":451500},{"address":"10420.0 69 AVENUE NW","assessed_value":633000},{"address":"11804.0 25 AVENUE NW","assessed_value":457000},{"address":"9656.0 80 AVENUE NW","assessed_value":825500},{"address":"10013.0 82 AVENUE NW","assessed_value":1499500},{"address":"11238.0 71 AVENUE NW","assessed_value":475000},{"address":"4916.0 144 STREET NW","assessed_value":508000},{"address":"5507.0 113 STREET NW","assessed_value":571500},{"address":"10718.0 73 AVENUE NW","assessed_value":367000},{"address":"6424.0 GATEWAY BOULEVARD NW","assessed_value":2962500},{"address":"9805.0 93 AVENUE NW","assessed_value":520500},{"address":"96.0 FAIRWAY DRIVE NW","assessed_value":1378500},{"address":"12204.0 40 AVENUE NW","assessed_value":471000},{"address":"15139.0 RAMSAY CRESCENT NW","assessed_value":600500},{"address":"1616.0 105 STREET NW","assessed_value":413000},{"address":"9720.0 83 AVENUE NW","assessed_value":486000},{"address":"2000.0 SADDLEBACK ROAD NW","assessed_value":84000},{"address":"4107.0 ASPEN DRIVE WEST NW","assessed_value":500},{"address":"3207.0 112B STREET NW","assessed_value":699000},{"address":"4327.0 147 STREET NW","assessed_value":597500},{"address":"7828.0 104 STREET NW","assessed_value":1192500},{"address":"12223.0 25 AVENUE NW","assessed_value":400000},{"address":"312.0 ROUTLEDGE ROAD NW","assessed_value":802000},{"address":"10972.0 71 AVENUE NW","assessed_value":486500},{"address":"10920.0 37 AVENUE NW","assessed_value":401500},{"address":"15832.0 99 STREET NW","assessed_value":415500},{"address":"10944.0 34A AVENUE NW","assessed_value":449500},{"address":"10111.0 83 AVENUE NW","assessed_value":1136500},{"address":"15158.0 RAMSAY CRESCENT NW","assessed_value":522500},{"address":"11424.0 42 AVENUE NW","assessed_value":399000},{"address":"11255.0 76 AVENUE NW","assessed_value":701000},{"address":"4107.0 111B STREET NW","assessed_value":405500},{"address":"4016.0 121 STREET NW","assessed_value":645000},{"address":"484.0 ROONEY CRESCENT NW","assessed_value":1264000},{"address":"5327.0 104A STREET NW","assessed_value":455500},{"address":"10524.0 68 AVENUE NW","assessed_value":329000},{"address":"8723.0 120 STREET NW","assessed_value":1139500},{"address":"4224.0 109A STREET NW","assessed_value":477000},{"address":"11509.0 40 AVENUE NW","assessed_value":310000},{"address":"10411.0 18 AVENUE NW","assessed_value":385500},{"address":"11422.0 78 AVENUE NW","assessed_value":483500},{"address":"2930.0 111B STREET NW","assessed_value":565500},{"address":"12410.0 28A AVENUE NW","assessed_value":611000},{"address":"10813.0 82 AVENUE NW","assessed_value":2603500},{"address":"4203.0 122 STREET NW","assessed_value":553000},{"address":"10952.0 75 AVENUE NW","assessed_value":692000},{"address":"9714.0 76 AVENUE NW","assessed_value":327500},{"address":"12014.0 25 AVENUE NW","assessed_value":195500},{"address":"10043.0 89 AVENUE NW","assessed_value":1864000},{"address":"11648.0 71 AVENUE NW","assessed_value":1640500},{"address":"11042.0 83 AVENUE NW","assessed_value":488500},{"address":"10413.0 32A AVENUE NW","assessed_value":414500},{"address":"10636.0 85 AVENUE NW","assessed_value":2637500},{"address":"10413.0 27A AVENUE NW","assessed_value":427000},{"address":"6025.0 104 STREET NW","assessed_value":934000},{"address":"15108.0 49 AVENUE NW","assessed_value":553500},{"address":"11417.0 22 AVENUE NW","assessed_value":213000},{"address":"10407.0 33 AVENUE NW","assessed_value":401000},{"address":"9807.0 80 AVENUE NW","assessed_value":560000},{"address":"10723.0 65 AVENUE NW","assessed_value":399000},{"address":"9111.0 118 STREET NW","assessed_value":916000},{"address":"15415.0 106 STREET NW","assessed_value":486500},{"address":"2315.0 119 STREET NW","assessed_value":105000},{"address":"11311.0 35A AVENUE NW","assessed_value":550000},{"address":"9637.0 95 AVENUE NW","assessed_value":640500},{"address":"13904.0 52 AVENUE NW","assessed_value":715500},{"address":"10713.0 72 AVENUE NW","assessed_value":476500},{"address":"9738.0 81 AVENUE NW","assessed_value":353000},{"address":"15104.0 42 AVENUE NW","assessed_value":759000},{"address":"9929.0 SASKATCHEWAN DRIVE NW","assessed_value":287000},{"address":"11325.0 46 AVENUE NW","assessed_value":421000},{"address":"8149.0 111 STREET NW","assessed_value":197500},{"address":"10853.0 32A AVENUE NW","assessed_value":424500},{"address":"10915.0 36A AVENUE NW","assessed_value":412500},{"address":"67.0 HEARTHSTONE NW","assessed_value":349500},{"address":"11511.0 UNIVERSITY AVENUE NW","assessed_value":700500},{"address":"2985.0 116 STREET NW","assessed_value":174000},{"address":"10911.0 41A AVENUE NW","assessed_value":505000},{"address":"10787.0 31 AVENUE NW","assessed_value":199500},{"address":"10846.0 63 AVENUE NW","assessed_value":457500},{"address":"2417.0 111B STREET NW","assessed_value":666000},{"address":"11170.0 73 AVENUE NW","assessed_value":449500},{"address":"2000.0 SADDLEBACK ROAD NW","assessed_value":80500},{"address":"4060.0 ASPEN DRIVE EAST NW","assessed_value":609000},{"address":"10424.0 28A AVENUE NW","assessed_value":217000},{"address":"10503.0 36A AVENUE NW","assessed_value":392500},{"address":"11535.0 73 AVENUE NW","assessed_value":624500},{"address":"4715.0 138 STREET NW","assessed_value":1421500},{"address":"10520.0 68 AVENUE NW","assessed_value":372500},{"address":"4607.0 117A STREET NW","assessed_value":469000},{"address":"9735.0 87 AVENUE NW","assessed_value":487500},{"address":"5828.0 142 STREET NW","assessed_value":660000},{"address":"10720.0 51 AVENUE NW","assessed_value":328000},{"address":"10909.0 73 AVENUE NW","assessed_value":435000},{"address":"nan nan","assessed_value":5500},{"address":"3215.0 114 STREET NW","assessed_value":398000},{"address":"9658.0 84 AVENUE NW","assessed_value":775500},{"address":"10922.0 33A AVENUE NW","assessed_value":514500},{"address":"8945.0 SASKATCHEWAN DRIVE NW","assessed_value":2519500},{"address":"4107.0 WHITEMUD ROAD NW","assessed_value":892000},{"address":"9934.0 82 AVENUE NW","assessed_value":657000},{"address":"10411.0 24 AVENUE NW","assessed_value":192000},{"address":"11311.0 22 AVENUE NW","assessed_value":206500},{"address":"11523.0 44 AVENUE NW","assessed_value":377000},{"address":"10915.0 38 AVENUE NW","assessed_value":513500},{"address":"8509.0 106A STREET NW","assessed_value":2413500},{"address":"11141.0 35 AVENUE NW","assessed_value":573000},{"address":"2704.0 117 STREET NW","assessed_value":490000},{"address":"11256.0 59 AVENUE NW","assessed_value":449000},{"address":"15819.0 99 STREET NW","assessed_value":468500},{"address":"15445.0 102 STREET NW","assessed_value":395500},{"address":"10423.0 20 AVENUE NW","assessed_value":570500},{"address":"3519.0 117A STREET NW","assessed_value":512500},{"address":"3316.0 114 STREET NW","assessed_value":540000},{"address":"10705.0 71 AVENUE NW","assessed_value":495000},{"address":"10912.0 41 AVENUE NW","assessed_value":468000},{"address":"10480.0 21 AVENUE NW","assessed_value":445000},{"address":"14803.0 51 AVENUE NW","assessed_value":143000},{"address":"7142.0 119 STREET NW","assessed_value":720000},{"address":"9935.0 89 AVENUE NW","assessed_value":419500},{"address":"14810.0 51 AVENUE NW","assessed_value":5500},{"address":"5520.0 RIVERBEND ROAD NW","assessed_value":131000},{"address":"11703.0 27 AVENUE NW","assessed_value":615000},{"address":"10336.0 82 AVENUE NW","assessed_value":2410000},{"address":"10719.0 42 AVENUE NW","assessed_value":592500},{"address":"9758.0 81 AVENUE NW","assessed_value":427000},{"address":"11615.0 32A AVENUE NW","assessed_value":539000},{"address":"11239.0 41 AVENUE NW","assessed_value":420000},{"address":"6350.0 112 STREET NW","assessed_value":487000},{"address":"5419.0 114B STREET NW","assessed_value":601000},{"address":"1923.0 111A STREET NW","assessed_value":424500},{"address":"11665.0 SASKATCHEWAN DRIVE NW","assessed_value":2637500},{"address":"15003.0 58 AVENUE NW","assessed_value":34500},{"address":"9267.0 93 STREET NW","assessed_value":244500},{"address":"10403.0 27 AVENUE NW","assessed_value":413500},{"address":"1504.0 BEARSPAW DRIVE EAST NW","assessed_value":492000},{"address":"805.0 SADDLEBACK ROAD NW","assessed_value":6784500},{"address":"11443.0 43 AVENUE NW","assessed_value":401000},{"address":"7222.0 106 STREET NW","assessed_value":815000},{"address":"4623.0 113A STREET NW","assessed_value":454000},{"address":"4137.0 110 STREET NW","assessed_value":465000},{"address":"11612.0 36 AVENUE NW","assessed_value":502000},{"address":"10804.0 61 AVENUE NW","assessed_value":389000},{"address":"10964.0 70 AVENUE NW","assessed_value":418500},{"address":"6503.0 104A STREET NW","assessed_value":467500},{"address":"5704.0 112 STREET NW","assessed_value":556500},{"address":"14840.0 48 AVENUE NW","assessed_value":469500},{"address":"2919.0 109 STREET NW","assessed_value":222000},{"address":"12308.0 63 AVENUE NW","assessed_value":837500},{"address":"5520.0 RIVERBEND ROAD NW","assessed_value":132500},{"address":"10314.0 158 AVENUE NW","assessed_value":293500},{"address":"5203.0 106 STREET NW","assessed_value":317500},{"address":"2000.0 SADDLEBACK ROAD NW","assessed_value":83000},{"address":"11240.0 37 AVENUE NW","assessed_value":464000},{"address":"103.0 TUDOR LANE NW","assessed_value":235000},{"address":"9929.0 SASKATCHEWAN DRIVE NW","assessed_value":265500},{"address":"11155.0 71 AVENUE NW","assessed_value":420500},{"address":"5207.0 125 STREET NW","assessed_value":627500},{"address":"15104.0 RAMSAY CRESCENT NW","assessed_value":531000},{"address":"11027.0 87 AVENUE NW","assessed_value":254000},{"address":"14207.0 57 AVENUE NW","assessed_value":532000},{"address":"9630.0 85 AVENUE NW","assessed_value":394500},{"address":"11503.0 35 AVENUE NW","assessed_value":495000},{"address":"8853.0 95 STREET NW","assessed_value":612500},{"address":"11428.0 41 AVENUE NW","assessed_value":317000},{"address":"11246.0 18 AVENUE NW","assessed_value":173500},{"address":"10934.0 63 AVENUE NW","assessed_value":401000},{"address":"4355.0 147 STREET NW","assessed_value":560000},{"address":"9716.0 80 AVENUE NW","assessed_value":346500},{"address":"5716.0 113A STREET NW","assessed_value":505500},{"address":"nan nan","assessed_value":5500},{"address":"5624.0 151 STREET NW","assessed_value":802000},{"address":"10831.0 79 AVENUE NW","assessed_value":386500},{"address":"16007.0 100 STREET NW","assessed_value":295500},{"address":"11022.0 83 AVENUE NW","assessed_value":555500},{"address":"11436.0 37 AVENUE NW","assessed_value":446000},{"address":"9420.0 CONNORS ROAD NW","assessed_value":520000},{"address":"103.0 FAIRWAY DRIVE NW","assessed_value":2528000},{"address":"11244.0 18 AVENUE NW","assessed_value":174000},{"address":"5319.0 105B STREET NW","assessed_value":426500},{"address":"14315.0 47 AVENUE NW","assessed_value":625000},{"address":"12524.0 47 AVENUE NW","assessed_value":616500},{"address":"3034.0 108 STREET NW","assessed_value":242000},{"address":"6412.0 130 STREET NW","assessed_value":883000},{"address":"5303.0 143 STREET NW","assessed_value":689000},{"address":"11109.0 81 AVENUE NW","assessed_value":458500},{"address":"517.0 RONNING STREET NW","assessed_value":1137000},{"address":"11719.0 43 AVENUE NW","assessed_value":461000},{"address":"2416.0 106 STREET NW","assessed_value":392000},{"address":"15706.0 111 STREET NW","assessed_value":431500},{"address":"11519.0 78 AVENUE NW","assessed_value":657500},{"address":"11440.0 43 AVENUE NW","assessed_value":533500},{"address":"10618.0 66 AVENUE NW","assessed_value":694000},{"address":"10568.0 17 AVENUE NW","assessed_value":488000},{"address":"3603.0 118 STREET NW","assessed_value":646000},{"address":"5631.0 WHITEMUD ROAD NW","assessed_value":764000},{"address":"3705.0 103B STREET NW","assessed_value":456000},{"address":"57.0 WESTBROOK DRIVE NW","assessed_value":1159000},{"address":"7803.0 119 STREET NW","assessed_value":1617500},{"address":"14710.0 46 AVENUE NW","assessed_value":614500},{"address":"11720.0 38A AVENUE NW","assessed_value":456000},{"address":"12213.0 25 AVENUE NW","assessed_value":384000},{"address":"10819.0 39 AVENUE NW","assessed_value":432000},{"address":"3110.0 115 STREET NW","assessed_value":501500},{"address":"11623.0 51 AVENUE NW","assessed_value":438000},{"address":"10936.0 BEARSPAW DRIVE WEST NW","assessed_value":557000},{"address":"9542.0 91 STREET NW","assessed_value":401000},{"address":"4022.0 124 STREET NW","assessed_value":0},{"address":"11120.0 53 AVENUE NW","assessed_value":606500},{"address":"5712.0 141 STREET NW","assessed_value":2489000},{"address":"10633.0 31 AVENUE NW","assessed_value":185000},{"address":"7311.0 119 STREET NW","assessed_value":655500},{"address":"10846.0 75 AVENUE NW","assessed_value":371000},{"address":"100.0 HEARTHSTONE NW","assessed_value":334000},{"address":"11336.0 73 AVENUE NW","assessed_value":418000},{"address":"9813.0 77 AVENUE NW","assessed_value":351500},{"address":"10935.0 68 AVENUE NW","assessed_value":424500},{"address":"11119.0 157 AVENUE NW","assessed_value":343500},{"address":"3516.0 107 STREET NW","assessed_value":422000},{"address":"6307.0 105A STREET NW","assessed_value":515500},{"address":"10035.0 91 AVENUE NW","assessed_value":1234500},{"address":"10503.0 67 AVENUE NW","assessed_value":415000},{"address":"4804.0 107 STREET NW","assessed_value":674000},{"address":"9649.0 83 AVENUE NW","assessed_value":533500},{"address":"9917.0 82 AVENUE NW","assessed_value":999000},{"address":"8914.0 120 STREET NW","assessed_value":2870500},{"address":"5707.0 144 STREET NW","assessed_value":597500},{"address":"10936.0 BEAUMARIS ROAD NW","assessed_value":216500},{"address":"11441.0 76 AVENUE NW","assessed_value":514500},{"address":"7805.0 116 STREET NW","assessed_value":477000},{"address":"10840.0 67 AVENUE NW","assessed_value":428000},{"address":"11244.0 35 AVENUE NW","assessed_value":629000},{"address":"4716.0 105B STREET NW","assessed_value":429500},{"address":"3225.0 105A STREET NW","assessed_value":463500},{"address":"9810.0 78 AVENUE NW","assessed_value":839500},{"address":"3920.0 117 STREET NW","assessed_value":488500},{"address":"10751.0 72 AVENUE NW","assessed_value":622500},{"address":"5316.0 108 STREET NW","assessed_value":531500},{"address":"10508.0 66 AVENUE NW","assessed_value":453500},{"address":"5814.0 109 STREET NW","assessed_value":440000},{"address":"10565.0 83 AVENUE NW","assessed_value":2541000},{"address":"11443.0 37A AVENUE NW","assessed_value":459000},{"address":"11340.0 60 AVENUE NW","assessed_value":2233000},{"address":"10919.0 16 AVENUE NW","assessed_value":551500},{"address":"10708.0 43 AVENUE NW","assessed_value":447500},{"address":"6219.0 129 STREET NW","assessed_value":995500},{"address":"14810.0 51 AVENUE NW","assessed_value":5500},{"address":"9537.0 DONNELL ROAD NW","assessed_value":931500},{"address":"8412.0 117 STREET NW","assessed_value":783000},{"address":"5908.0 109A STREET NW","assessed_value":447500},{"address":"9019.0 SASKATCHEWAN DRIVE NW","assessed_value":1455500},{"address":"25.0 STIRLING ROAD NW","assessed_value":498500},{"address":"6220.0 142 STREET NW","assessed_value":17500},{"address":"11612.0 36A AVENUE NW","assessed_value":471000},{"address":"10832.0 60 AVENUE NW","assessed_value":496000},{"address":"2323.0 113A STREET NW","assessed_value":599000},{"address":"3707.0 117A STREET NW","assessed_value":615000},{"address":"11112.0 33 AVENUE NW","assessed_value":1000},{"address":"10520.0 74 AVENUE NW","assessed_value":454000},{"address":"11507.0 51 AVENUE NW","assessed_value":414000},{"address":"nan nan","assessed_value":5500},{"address":"11715.0 37 AVENUE NW","assessed_value":496000},{"address":"10524.0 29 AVENUE NW","assessed_value":129000},{"address":"9404.0 SCONA ROAD NW","assessed_value":500},{"address":"14324.0 63 AVENUE NW","assessed_value":672000},{"address":"1815.0 104 STREET NW","assessed_value":637500},{"address":"10411.0 39 AVENUE NW","assessed_value":473000},{"address":"9944.0 86 AVENUE NW","assessed_value":613000},{"address":"10535.0 78 AVENUE NW","assessed_value":197500},{"address":"8404.0 118 STREET NW","assessed_value":1518500},{"address":"43.0 MARLBORO ROAD NW","assessed_value":1045000},{"address":"7625.0 107 STREET NW","assessed_value":343500},{"address":"11121.0 57 AVENUE NW","assessed_value":8500},{"address":"3416.0 106 STREET NW","assessed_value":429500},{"address":"4115.0 122 STREET NW","assessed_value":629500},{"address":"5124.0 125 STREET NW","assessed_value":697500},{"address":"1.0 GARDEN GROVE NW","assessed_value":187000},{"address":"4607.0 117 STREET NW","assessed_value":461500},{"address":"6406.0 111A STREET NW","assessed_value":1349000},{"address":"11120.0 40 AVENUE NW","assessed_value":396500},{"address":"10553.0 55 AVENUE NW","assessed_value":401500},{"address":"9351.0 96 STREET NW","assessed_value":363000},{"address":"4107.0 112A STREET NW","assessed_value":426000},{"address":"4107.0 121 STREET NW","assessed_value":497000},{"address":"11141.0 39A AVENUE NW","assessed_value":500},{"address":"10138.0 83 AVENUE NW","assessed_value":478500},{"address":"11348.0 57 AVENUE NW","assessed_value":522000},{"address":"2104.0 113 STREET NW","assessed_value":595500},{"address":"5016.0 147 STREET NW","assessed_value":246500},{"address":"11158.0 62 AVENUE NW","assessed_value":541500},{"address":"8125.0 110 STREET NW","assessed_value":191500},{"address":"nan nan","assessed_value":500},{"address":"6815.0 112 STREET NW","assessed_value":137500},{"address":"10650.0 158 AVENUE NW","assessed_value":231000},{"address":"10748.0 79 AVENUE NW","assessed_value":429500},{"address":"10529.0 76 AVENUE NW","assessed_value":390500},{"address":"12307.0 42 AVENUE NW","assessed_value":678500},{"address":"4724.0 143 STREET NW","assessed_value":554000},{"address":"205.0 TUDOR LANE NW","assessed_value":223000},{"address":"10903.0 66 AVENUE NW","assessed_value":413000},{"address":"2719.0 104 STREET NW","assessed_value":560000},{"address":"10929.0 74 AVENUE NW","assessed_value":498000},{"address":"11428.0 71 AVENUE NW","assessed_value":523500},{"address":"11432.0 43 AVENUE NW","assessed_value":398000},{"address":"9816.0 83 AVENUE NW","assessed_value":461500},{"address":"56.0 HEARTHSTONE NW","assessed_value":349000},{"address":"9723.0 90 AVENUE NW","assessed_value":783000},{"address":"1805.0 111A STREET NW","assessed_value":80000},{"address":"8114.0 104 STREET NW","assessed_value":412000},{"address":"15835.0 98 STREET NW","assessed_value":415500},{"address":"640.0 ROMANIUK ROAD NW","assessed_value":833000},{"address":"5411.0 151 STREET NW","assessed_value":621000},{"address":"6403.0 GRAND VIEW DRIVE NW","assessed_value":1411500},{"address":"10408.0 37 AVENUE NW","assessed_value":495000},{"address":"7516.0 106 STREET NW","assessed_value":358000},{"address":"3323.0 117 STREET NW","assessed_value":3000},{"address":"6543.0 112A STREET NW","assessed_value":530500},{"address":"3548.0 107 STREET NW","assessed_value":406500},{"address":"11172.0 37 AVENUE NW","assessed_value":437500},{"address":"5715.0 113B STREET NW","assessed_value":454500},{"address":"10060.0 80 AVENUE NW","assessed_value":922500},{"address":"10703.0 58 AVENUE NW","assessed_value":680500},{"address":"5520.0 RIVERBEND ROAD NW","assessed_value":133000},{"address":"5607.0 142 STREET NW","assessed_value":667500},{"address":"12435.0 GRAND VIEW DRIVE NW","assessed_value":1214000},{"address":"5111.0 139 STREET NW","assessed_value":1294000},{"address":"10910.0 66 AVENUE NW","assessed_value":514000},{"address":"14746.0 47 AVENUE NW","assessed_value":610500},{"address":"9637.0 96A STREET NW","assessed_value":598500},{"address":"11003.0 162A AVENUE NW","assessed_value":219000},{"address":"9807.0 161 AVENUE NW","assessed_value":448000},{"address":"11013.0 159 AVENUE NW","assessed_value":429500},{"address":"3504.0 112 STREET NW","assessed_value":457500},{"address":"10715.0 64 AVENUE NW","assessed_value":436500},{"address":"3752.0 114 STREET NW","assessed_value":449500},{"address":"11108.0 22A AVENUE NW","assessed_value":630500},{"address":"9551.0 92 STREET NW","assessed_value":446500},{"address":"182.0 TUDOR LANE NW","assessed_value":203500},{"address":"12603.0 39A AVENUE NW","assessed_value":809500},{"address":"3507.0 117A STREET NW","assessed_value":478500},{"address":"11450.0 41 AVENUE NW","assessed_value":310000},{"address":"3519.0 117B STREET NW","assessed_value":473500},{"address":"9831.0 90 AVENUE NW","assessed_value":738500},{"address":"10035.0 83 AVENUE NW","assessed_value":2938000},{"address":"11614.0 77 AVENUE NW","assessed_value":868500},{"address":"10930.0 67 AVENUE NW","assessed_value":493500},{"address":"18404.0 82 STREET NW","assessed_value":125000},{"address":"6402.0 106 STREET NW","assessed_value":351500},{"address":"10715.0 42A AVENUE NW","assessed_value":443500},{"address":"9675.0 87 AVENUE NW","assessed_value":516000},{"address":"6225.0 127 STREET NW","assessed_value":2054000},{"address":"10828.0 83 AVENUE NW","assessed_value":398000},{"address":"2327.0 119 STREET NW","assessed_value":104000},{"address":"11544.0 43 AVENUE NW","assessed_value":428500},{"address":"9839.0 91 AVENUE NW","assessed_value":510500},{"address":"9920.0 83 AVENUE NW","assessed_value":8052500},{"address":"5316.0 109 STREET NW","assessed_value":417000},{"address":"10004.0 84 AVENUE NW","assessed_value":461500},{"address":"10620.0 68 AVENUE NW","assessed_value":317500},{"address":"5503.0 111A STREET NW","assessed_value":515500},{"address":"15219.0 43 AVENUE NW","assessed_value":761500},{"address":"9718.0 94 STREET NW","assessed_value":726000},{"address":"11363.0 22 AVENUE NW","assessed_value":221500},{"address":"11308.0 40 AVENUE NW","assessed_value":374500},{"address":"9646.0 76 AVENUE NW","assessed_value":272500},{"address":"11412.0 59 AVENUE NW","assessed_value":494500},{"address":"10822.0 33A AVENUE NW","assessed_value":413000},{"address":"10447.0 24 AVENUE NW","assessed_value":184500},{"address":"11119.0 48 AVENUE NW","assessed_value":476000},{"address":"10351.0 61 AVENUE NW","assessed_value":780500},{"address":"9929.0 SASKATCHEWAN DRIVE NW","assessed_value":441500},{"address":"9654.0 79 AVENUE NW","assessed_value":390000},{"address":"9904.0 155 AVENUE NW","assessed_value":417000},{"address":"5520.0 RIVERBEND ROAD NW","assessed_value":126500},{"address":"11025.0 162A AVENUE NW","assessed_value":207500},{"address":"12404.0 52 AVENUE NW","assessed_value":772500},{"address":"3804.0 114 STREET NW","assessed_value":336000},{"address":"9602.0 83 AVENUE NW","assessed_value":559000},{"address":"9609.0 99A STREET NW","assessed_value":609500},{"address":"9733.0 84 AVENUE NW","assessed_value":1109000},{"address":"nan nan","assessed_value":5500},{"address":"10812.0 37 AVENUE NW","assessed_value":410500},{"address":"10733.0 76 AVENUE NW","assessed_value":334000},{"address":"11735.0 39A AVENUE NW","assessed_value":485500},{"address":"10425.0 77 AVENUE NW","assessed_value":1719000},{"address":"5508.0 105 STREET NW","assessed_value":518000},{"address":"10822.0 32A AVENUE NW","assessed_value":408500},{"address":"9735.0 95 STREET NW","assessed_value":678000},{"address":"11707.0 38A AVENUE NW","assessed_value":449000},{"address":"11129.0 23B AVENUE NW","assessed_value":590500},{"address":"10528.0 63 AVENUE NW","assessed_value":400000},{"address":"10438.0 31A AVENUE NW","assessed_value":515500},{"address":"10607.0 UNIVERSITY AVENUE NW","assessed_value":387500},{"address":"3623.0 109B STREET NW","assessed_value":581500},{"address":"2119.0 111A STREET NW","assessed_value":359000},{"address":"10922.0 76 AVENUE NW","assessed_value":433500},{"address":"5509.0 109 STREET NW","assessed_value":536000},{"address":"10503.0 60A AVENUE NW","assessed_value":321000},{"address":"10820.0 74 AVENUE NW","assessed_value":349000},{"address":"9220.0 95 STREET NW","assessed_value":1231000},{"address":"9813.0 86 AVENUE NW","assessed_value":426000},{"address":"4327.0 114A STREET NW","assessed_value":407500},{"address":"nan nan","assessed_value":8500},{"address":"10615.0 36A AVENUE NW","assessed_value":440000},{"address":"10444.0 18 AVENUE NW","assessed_value":554500},{"address":"9644.0 96 STREET NW","assessed_value":736000},{"address":"11752.0 29 AVENUE NW","assessed_value":425500},{"address":"11004.0 40 AVENUE NW","assessed_value":406000},{"address":"3075.0 116 STREET NW","assessed_value":174500},{"address":"9726.0 96 STREET NW","assessed_value":1209500},{"address":"11159.0 63 AVENUE NW","assessed_value":813500},{"address":"5527.0 113 STREET NW","assessed_value":515000},{"address":"3213.0 112C STREET NW","assessed_value":544000},{"address":"9815.0 93 AVENUE NW","assessed_value":640500},{"address":"11143.0 53 AVENUE NW","assessed_value":555500},{"address":"3003.0 105 STREET NW","assessed_value":455000},{"address":"12416.0 52 AVENUE NW","assessed_value":585000},{"address":"3306.0 118 STREET NW","assessed_value":555500},{"address":"10434.0 87 AVENUE NW","assessed_value":536500},{"address":"10972.0 36A AVENUE NW","assessed_value":393500},{"address":"10919.0 36 AVENUE NW","assessed_value":420500},{"address":"4915.0 MALMO ROAD NW","assessed_value":455000},{"address":"10419.0 21 AVENUE NW","assessed_value":491500},{"address":"17119.0 103 STREET NW","assessed_value":334000},{"address":"10520.0 52 AVENUE NW","assessed_value":387000},{"address":"11408.0 MALMO ROAD NW","assessed_value":429000},{"address":"11036.0 84 AVENUE NW","assessed_value":819000},{"address":"9805.0 92 AVENUE NW","assessed_value":544500},{"address":"18.0 MARLBORO ROAD NW","assessed_value":1408500},{"address":"1408.0 108 STREET NW","assessed_value":462000},{"address":"11415.0 32 AVENUE NW","assessed_value":437000},{"address":"14811.0 51 AVENUE NW","assessed_value":146000},{"address":"10546.0 26 AVENUE NW","assessed_value":479500},{"address":"4114.0 122 STREET NW","assessed_value":500},{"address":"9823.0 87 AVENUE NW","assessed_value":435000},{"address":"10512.0 52 AVENUE NW","assessed_value":354500},{"address":"7904.0 119 STREET NW","assessed_value":10000},{"address":"4111.0 114 STREET NW","assessed_value":395500},{"address":"10811.0 62 AVENUE NW","assessed_value":432000},{"address":"11516.0 42 AVENUE NW","assessed_value":412000},{"address":"10816.0 52 AVENUE NW","assessed_value":441500},{"address":"3612.0 117 STREET NW","assessed_value":449500},{"address":"83.0 HEARTHSTONE NW","assessed_value":371500},{"address":"10717.0 24 AVENUE NW","assessed_value":306000},{"address":"3305.0 112C STREET NW","assessed_value":583500},{"address":"3604.0 110 STREET NW","assessed_value":412000},{"address":"11144.0 39A AVENUE NW","assessed_value":400500},{"address":"3915.0 116 STREET NW","assessed_value":475500},{"address":"11204.0 77 AVENUE NW","assessed_value":1104000},{"address":"2431.0 115 STREET NW","assessed_value":543500},{"address":"10512.0 70 AVENUE NW","assessed_value":425500},{"address":"10633.0 31 AVENUE NW","assessed_value":183500},{"address":"10723.0 81 AVENUE NW","assessed_value":299000},{"address":"11435.0 42 AVENUE NW","assessed_value":410000},{"address":"11462.0 39 AVENUE NW","assessed_value":384000},{"address":"11036.0 85 AVENUE NW","assessed_value":714500},{"address":"nan nan","assessed_value":5500},{"address":"11223.0 48 AVENUE NW","assessed_value":565500},{"address":"2214.0 113 STREET NW","assessed_value":339000},{"address":"10957.0 76 AVENUE NW","assessed_value":401500},{"address":"10811.0 16 AVENUE NW","assessed_value":446500},{"address":"48.0 FAIRWAY DRIVE NW","assessed_value":673500},{"address":"436.0 ROONEY CRESCENT NW","assessed_value":729500},{"address":"3110.0 112A STREET NW","assessed_value":467000},{"address":"11216.0 53 AVENUE NW","assessed_value":514000},{"address":"12116.0 42 AVENUE NW","assessed_value":692500},{"address":"4911.0 106 STREET NW","assessed_value":280500},{"address":"10478.0 28A AVENUE NW","assessed_value":207500},{"address":"4711.0 105A STREET NW","assessed_value":408000},{"address":"nan nan","assessed_value":500},{"address":"10723.0 41 AVENUE NW","assessed_value":458000},{"address":"3208.0 108A STREET NW","assessed_value":435500},{"address":"2913.0 105A STREET NW","assessed_value":409500},{"address":"9107.0 120 STREET NW","assessed_value":891500},{"address":"10935.0 81 AVENUE NW","assessed_value":542000},{"address":"4230.0 ASPEN DRIVE EAST NW","assessed_value":0},{"address":"11216.0 73 AVENUE NW","assessed_value":471500},{"address":"3703.0 111A STREET NW","assessed_value":460500},{"address":"10827.0 38 AVENUE NW","assessed_value":416500},{"address":"11828.0 75 AVENUE NW","assessed_value":815500},{"address":"6722.0 105A STREET NW","assessed_value":500000},{"address":"11615.0 78 AVENUE NW","assessed_value":652000},{"address":"1.0 GARDEN GROVE NW","assessed_value":199500},{"address":"9916.0 162A AVENUE NW","assessed_value":427500},{"address":"5524.0 113 STREET NW","assessed_value":499500},{"address":"10450.0 69 AVENUE NW","assessed_value":519000},{"address":"7124.0 111 STREET NW","assessed_value":525500},{"address":"3442.0 111A STREET NW","assessed_value":512500},{"address":"13016.0 66 AVENUE NW","assessed_value":763000},{"address":"2732.0 105 STREET NW","assessed_value":184000},{"address":"2327.0 112A STREET NW","assessed_value":499000},{"address":"nan nan","assessed_value":5500},{"address":"10431.0 28 AVENUE NW","assessed_value":446000},{"address":"10816.0 60 AVENUE NW","assessed_value":488000},{"address":"10933.0 86 AVENUE NW","assessed_value":569500},{"address":"4331.0 115 STREET NW","assessed_value":506500},{"address":"11436.0 50 AVENUE NW","assessed_value":501500},{"address":"3006.0 110A STREET NW","assessed_value":504000},{"address":"9344.0 93 STREET NW","assessed_value":504500},{"address":"6843.0 112 STREET NW","assessed_value":476500},{"address":"156.0 BRANDER DRIVE NW","assessed_value":704500},{"address":"45.0 FAIRWAY DRIVE NW","assessed_value":1258500},{"address":"11319.0 73 AVENUE NW","assessed_value":510500},{"address":"4129.0 147 STREET NW","assessed_value":547000},{"address":"14810.0 51 AVENUE NW","assessed_value":165000},{"address":"10030.0 87 AVENUE NW","assessed_value":376500},{"address":"14815.0 64 AVENUE NW","assessed_value":859500},{"address":"11428.0 32 AVENUE NW","assessed_value":584500},{"address":"5303.0 114B STREET NW","assessed_value":478000},{"address":"10911.0 62 AVENUE NW","assessed_value":471000},{"address":"10807.0 63 AVENUE NW","assessed_value":401000},{"address":"4911.0 114 STREET NW","assessed_value":447000},{"address":"4408.0 117 STREET NW","assessed_value":447000},{"address":"11531.0 43 AVENUE NW","assessed_value":421000},{"address":"10507.0 68 AVENUE NW","assessed_value":565500},{"address":"4715.0 115 STREET NW","assessed_value":460500},{"address":"16218.0 112A STREET NW","assessed_value":395000},{"address":"10622.0 71 AVENUE NW","assessed_value":393000},{"address":"9756.0 88 AVENUE NW","assessed_value":544000},{"address":"7219.0 106 STREET NW","assessed_value":728000},{"address":"5325.0 109 STREET NW","assessed_value":392500},{"address":"2418.0 107 STREET NW","assessed_value":345500},{"address":"15.0 BLUE QUILL CRESCENT NW","assessed_value":807000},{"address":"nan nan","assessed_value":5500},{"address":"3504.0 112A STREET NW","assessed_value":514000},{"address":"10803.0 38 AVENUE NW","assessed_value":396500},{"address":"10525.0 32A AVENUE NW","assessed_value":372500},{"address":"10620.0 72 AVENUE NW","assessed_value":856500},{"address":"14531.0 66 AVENUE NW","assessed_value":826000},{"address":"6327.0 105A STREET NW","assessed_value":489000},{"address":"10540.0 53 AVENUE NW","assessed_value":427000},{"address":"8360.0 120 STREET NW","assessed_value":1075500},{"address":"10944.0 74 AVENUE NW","assessed_value":464000},{"address":"11111.0 22A AVENUE NW","assessed_value":520000},{"address":"11535.0 51 AVENUE NW","assessed_value":436000},{"address":"11312.0 35A AVENUE NW","assessed_value":466000},{"address":"6033.0 107A STREET NW","assessed_value":409500},{"address":"4704.0 138 STREET NW","assessed_value":1177000},{"address":"9107.0 117 STREET NW","assessed_value":1590000},{"address":"4919.0 116 STREET NW","assessed_value":559500},{"address":"8520.0 104 STREET NW","assessed_value":831500},{"address":"4715.0 139 STREET NW","assessed_value":615000},{"address":"10628.0 74 AVENUE NW","assessed_value":388000},{"address":"14708.0 41 AVENUE NW","assessed_value":589500},{"address":"nan nan","assessed_value":0},{"address":"9833.0 83 AVENUE NW","assessed_value":382500},{"address":"4216.0 109A STREET NW","assessed_value":569000},{"address":"10903.0 40 AVENUE NW","assessed_value":392000},{"address":"12628.0 52 AVENUE NW","assessed_value":705000},{"address":"4032.0 108 STREET NW","assessed_value":418000},{"address":"10932.0 88 AVENUE NW","assessed_value":516500},{"address":"2977.0 116 STREET NW","assessed_value":174500},{"address":"9754.0 90 AVENUE NW","assessed_value":556500},{"address":"10618.0 51 AVENUE NW","assessed_value":212000},{"address":"5811.0 113A STREET NW","assessed_value":591500},{"address":"2508.0 124 STREET NW","assessed_value":586000},{"address":"2729.0 124 STREET NW","assessed_value":322500},{"address":"15625.0 100 STREET NW","assessed_value":588000},{"address":"4131.0 112A STREET NW","assessed_value":485500},{"address":"4812.0 WHITEMUD ROAD NW","assessed_value":791500},{"address":"12115.0 40 AVENUE NW","assessed_value":550500},{"address":"10020.0 81 AVENUE NW","assessed_value":358500},{"address":"9415.0 96 STREET NW","assessed_value":1033000},{"address":"11819.0 87 AVENUE NW","assessed_value":804000},{"address":"11124.0 54 AVENUE NW","assessed_value":505000},{"address":"5110.0 106A STREET NW","assessed_value":217500},{"address":"10507.0 35 AVENUE NW","assessed_value":456500},{"address":"9210.0 95 AVENUE NW","assessed_value":1046000},{"address":"nan nan","assessed_value":6500},{"address":"14535.0 66 AVENUE NW","assessed_value":642500},{"address":"5303.0 107 STREET NW","assessed_value":429500},{"address":"1615.0 106 STREET NW","assessed_value":672000},{"address":"11712.0 26 AVENUE NW","assessed_value":494500},{"address":"2000.0 SADDLEBACK ROAD NW","assessed_value":94500},{"address":"1134.0 SADDLEBACK ROAD NW","assessed_value":187500},{"address":"9824.0 87 AVENUE NW","assessed_value":665000},{"address":"12515.0 40 AVENUE NW","assessed_value":1598500},{"address":"11142.0 36A AVENUE NW","assessed_value":9000},{"address":"15459.0 106 STREET NW","assessed_value":435000},{"address":"4138.0 147 STREET NW","assessed_value":583000},{"address":"11763.0 37A AVENUE NW","assessed_value":467000},{"address":"4128.0 121 STREET NW","assessed_value":530500},{"address":"10704.0 58 AVENUE NW","assessed_value":465000},{"address":"12328.0 51A AVENUE NW","assessed_value":1233000},{"address":"9560.0 82 AVENUE NW","assessed_value":1509000},{"address":"10407.0 68 AVENUE NW","assessed_value":370000},{"address":"11139.0 50 AVENUE NW","assessed_value":470000},{"address":"6011.0 144 STREET NW","assessed_value":640500},{"address":"5514.0 109 STREET NW","assessed_value":1043000},{"address":"1408.0 109 STREET NW","assessed_value":554500},{"address":"5104.0 LANSDOWNE DRIVE NW","assessed_value":36500},{"address":"5115.0 112 STREET NW","assessed_value":536000},{"address":"10831.0 73 AVENUE NW","assessed_value":851500},{"address":"11147.0 40 AVENUE NW","assessed_value":463000},{"address":"3808.0 108 STREET NW","assessed_value":510500},{"address":"9224.0 98 AVENUE NW","assessed_value":4000},{"address":"409.0 ROONEY CRESCENT NW","assessed_value":630500},{"address":"10633.0 31 AVENUE NW","assessed_value":183500},{"address":"nan nan","assessed_value":5500},{"address":"9815.0 158 AVENUE NW","assessed_value":422500},{"address":"6723.0 112A STREET NW","assessed_value":510500},{"address":"11512.0 32A AVENUE NW","assessed_value":485500},{"address":"11120.0 35A AVENUE NW","assessed_value":548000},{"address":"10669.0 63 AVENUE NW","assessed_value":480000},{"address":"11008.0 158 AVENUE NW","assessed_value":462500},{"address":"16304.0 112 STREET NW","assessed_value":355000},{"address":"1019.0 108 STREET NW","assessed_value":489500},{"address":"14107.0 53 AVENUE NW","assessed_value":573500},{"address":"11050.0 84 AVENUE NW","assessed_value":1161500},{"address":"7117.0 106 STREET NW","assessed_value":458500},{"address":"13108.0 62 AVENUE NW","assessed_value":727000},{"address":"nan nan","assessed_value":5500},{"address":"2004.0 112 STREET NW","assessed_value":380000},{"address":"4112.0 116 STREET NW","assessed_value":535000},{"address":"11810.0 73 AVENUE NW","assessed_value":781500},{"address":"10835.0 65 AVENUE NW","assessed_value":446500},{"address":"12056.0 25 AVENUE NW","assessed_value":207000},{"address":"1823.0 114 STREET NW","assessed_value":542500},{"address":"3503.0 112A STREET NW","assessed_value":662000},{"address":"10120.0 171A AVENUE NW","assessed_value":328000},{"address":"11504.0 37A AVENUE NW","assessed_value":503500},{"address":"15603.0 98 STREET NW","assessed_value":494500},{"address":"9045.0 95 STREET NW","assessed_value":1093000},{"address":"5107.0 114A STREET NW","assessed_value":477500},{"address":"12142.0 25 AVENUE NW","assessed_value":200000},{"address":"10479.0 24 AVENUE NW","assessed_value":184500},{"address":"11429.0 UNIVERSITY AVENUE NW","assessed_value":487500},{"address":"14843.0 45 AVENUE NW","assessed_value":548000},{"address":"11235.0 32 AVENUE NW","assessed_value":579500},{"address":"504.0 HEFFERNAN DRIVE NW","assessed_value":1246500},{"address":"3528.0 105 STREET NW","assessed_value":475000},{"address":"16908.0 101 STREET NW","assessed_value":269500},{"address":"7414.0 111 STREET NW","assessed_value":579500},{"address":"429.0 ROONEY CRESCENT NW","assessed_value":839500},{"address":"7527.0 106 STREET NW","assessed_value":847500},{"address":"10942.0 85 AVENUE NW","assessed_value":687000},{"address":"11216.0 36A AVENUE NW","assessed_value":516000},{"address":"4835.0 143 STREET NW","assessed_value":509500},{"address":"5211.0 WHITEMUD ROAD NW","assessed_value":612500},{"address":"169.0 HEARTHSTONE NW","assessed_value":406500},{"address":"11247.0 79 AVENUE NW","assessed_value":522500},{"address":"10953.0 74 AVENUE NW","assessed_value":494000},{"address":"1849.0 104A STREET NW","assessed_value":564000},{"address":"10504.0 60A AVENUE NW","assessed_value":556000},{"address":"10736.0 UNIVERSITY AVENUE NW","assessed_value":420500},{"address":"11135.0 78 AVENUE NW","assessed_value":932500},{"address":"11735.0 49 AVENUE NW","assessed_value":513000},{"address":"9907.0 162A AVENUE NW","assessed_value":461000},{"address":"10937.0 69 AVENUE NW","assessed_value":469000},{"address":"12011.0 40 AVENUE NW","assessed_value":607500},{"address":"11540.0 72 AVENUE NW","assessed_value":692000},{"address":"nan nan","assessed_value":5500},{"address":"14107.0 52 AVENUE NW","assessed_value":649000},{"address":"11615.0 EDINBORO ROAD NW","assessed_value":1134000},{"address":"4703.0 151 STREET NW","assessed_value":633500},{"address":"10902.0 62 AVENUE NW","assessed_value":645500},{"address":"13107.0 63 AVENUE NW","assessed_value":829000},{"address":"8843.0 93 STREET NW","assessed_value":566000},{"address":"113.0 TUDOR LANE NW","assessed_value":239500},{"address":"4608.0 141 STREET NW","assessed_value":989500},{"address":"10703.0 31 AVENUE NW","assessed_value":8281500},{"address":"1082.0 SADDLEBACK ROAD NW","assessed_value":563500},{"address":"1419.0 109 STREET NW","assessed_value":552000},{"address":"683.0 ROMANIUK ROAD NW","assessed_value":685000},{"address":"3215.0 108A STREET NW","assessed_value":450500},{"address":"11118.0 23B AVENUE NW","assessed_value":605000},{"address":"11210.0 61 AVENUE NW","assessed_value":67000},{"address":"11131.0 75 AVENUE NW","assessed_value":1136000},{"address":"9810.0 80 AVENUE NW","assessed_value":443500},{"address":"3524.0 111B STREET NW","assessed_value":506500},{"address":"11208.0 57 AVENUE NW","assessed_value":644000},{"address":"10528.0 53 AVENUE NW","assessed_value":435500},{"address":"204.0 BRANDER DRIVE NW","assessed_value":834500},{"address":"4615.0 115 STREET NW","assessed_value":453500},{"address":"10422.0 77 AVENUE NW","assessed_value":436500},{"address":"5508.0 142 STREET NW","assessed_value":550500},{"address":"11519.0 24 AVENUE NW","assessed_value":738500},{"address":"11404.0 89 AVENUE NW","assessed_value":1145546000},{"address":"1805.0 111A STREET NW","assessed_value":81000},{"address":"11003.0 57 AVENUE NW","assessed_value":363000},{"address":"11140.0 30 AVENUE NW","assessed_value":647000},{"address":"11027.0 87 AVENUE NW","assessed_value":293500},{"address":"11031.0 84 AVENUE NW","assessed_value":1028000},{"address":"9852.0 89 AVENUE NW","assessed_value":534000},{"address":"nan nan","assessed_value":5500},{"address":"8810.0 112 STREET NW","assessed_value":713000},{"address":"9947.0 89 AVENUE NW","assessed_value":427500},{"address":"4204.0 110 STREET NW","assessed_value":481500},{"address":"14811.0 51 AVENUE NW","assessed_value":137500},{"address":"10845.0 32A AVENUE NW","assessed_value":430500},{"address":"10625.0 85 AVENUE NW","assessed_value":1267500},{"address":"11027.0 87 AVENUE NW","assessed_value":262500},{"address":"11622.0 74 AVENUE NW","assessed_value":669000},{"address":"5447.0 111A STREET NW","assessed_value":507500},{"address":"11143.0 36A AVENUE NW","assessed_value":576500},{"address":"5127.0 123 STREET NW","assessed_value":583000},{"address":"11612.0 48 AVENUE NW","assessed_value":437000},{"address":"10920.0 60 AVENUE NW","assessed_value":515500},{"address":"5813.0 105 STREET NW","assessed_value":648000},{"address":"3624.0 106A STREET NW","assessed_value":442500},{"address":"6813.0 106 STREET NW","assessed_value":493000},{"address":"12508.0 LANSDOWNE DRIVE NW","assessed_value":544000},{"address":"4124.0 110 STREET NW","assessed_value":423500},{"address":"7307.0 118 STREET NW","assessed_value":159500},{"address":"10426.0 27 AVENUE NW","assessed_value":183000},{"address":"10428.0 35 AVENUE NW","assessed_value":481000},{"address":"4707.0 142 STREET NW","assessed_value":587000},{"address":"4340.0 147 STREET NW","assessed_value":562500},{"address":"4220.0 121 STREET NW","assessed_value":628500},{"address":"10842.0 66 AVENUE NW","assessed_value":535000},{"address":"10507.0 81 AVENUE NW","assessed_value":3060000},{"address":"9811.0 83 AVENUE NW","assessed_value":375000},{"address":"4145.0 RAMSAY CRESCENT NW","assessed_value":1000},{"address":"11511.0 44A AVENUE NW","assessed_value":439000},{"address":"nan nan","assessed_value":5500},{"address":"8804.0 101 STREET NW","assessed_value":450000},{"address":"5344.0 104A STREET NW","assessed_value":607500},{"address":"7404.0 118 STREET NW","assessed_value":862000},{"address":"4012.0 108 STREET NW","assessed_value":411500},{"address":"8934.0 120 STREET NW","assessed_value":1067000},{"address":"4724.0 139 STREET NW","assessed_value":621500},{"address":"5448.0 111A STREET NW","assessed_value":529500},{"address":"4712.0 143 STREET NW","assessed_value":568000},{"address":"9203.0 118 STREET NW","assessed_value":1046000},{"address":"11728.0 37 AVENUE NW","assessed_value":523500},{"address":"11707.0 44 AVENUE NW","assessed_value":424000},{"address":"13120.0 RAINBOW VALLEY ROAD NW","assessed_value":21000},{"address":"11104.0 65 AVENUE NW","assessed_value":179000},{"address":"1805.0 111A STREET NW","assessed_value":84500},{"address":"4339.0 114A STREET NW","assessed_value":417500},{"address":"nan nan","assessed_value":5500}]