[{"address":"8004.0 149A AVENUE NW","assessed_value":364000},{"address":"9116.0 137 AVENUE NW","assessed_value":461500},{"address":"11012.0 166 AVENUE NW","assessed_value":361500},{"address":"12827.0 103 STREET NW","assessed_value":371000},{"address":"250.0 LANCASTER TERRACE NW","assessed_value":131500},{"address":"8620.0 137 AVENUE NW","assessed_value":350500},{"address":"11835.0 95 STREET NW","assessed_value":220000},{"address":"8907.0 132 AVENUE NW","assessed_value":415500},{"address":"10105.0 167A AVENUE NW","assessed_value":410500},{"address":"26.0 LANCASTER TERRACE NW","assessed_value":129500},{"address":"7628.0 136 AVENUE NW","assessed_value":320500},{"address":"14727.0 122 STREET NW","assessed_value":339500},{"address":"14120.0 51 STREET NW","assessed_value":311500},{"address":"13116.0 61 STREET NW","assessed_value":322000},{"address":"12583.0 161 AVENUE NW","assessed_value":351000},{"address":"7311.0 132A AVENUE NW","assessed_value":313500},{"address":"8408.0 138 AVENUE NW","assessed_value":352000},{"address":"10631.0 168 AVENUE NW","assessed_value":359000},{"address":"11845.0 145 AVENUE NW","assessed_value":182500},{"address":"14512.0 121 STREET NW","assessed_value":346500},{"address":"14312.0 121 STREET NW","assessed_value":369500},{"address":"13332.0 95A STREET NW","assessed_value":366500},{"address":"17323.0 108 STREET NW","assessed_value":334000},{"address":"11023.0 166 AVENUE NW","assessed_value":339500},{"address":"16428.0 109 STREET NW","assessed_value":143000},{"address":"12903.0 71 STREET NW","assessed_value":317000},{"address":"13512.0 108 STREET NW","assessed_value":353000},{"address":"8760.0 132 AVENUE NW","assessed_value":15909000},{"address":"176.0 WARWICK ROAD NW","assessed_value":307500},{"address":"13103.0 85 STREET NW","assessed_value":360500},{"address":"6111.0 150 AVENUE NW","assessed_value":342000},{"address":"13832.0 87 STREET NW","assessed_value":375500},{"address":"7023.0 140 AVENUE NW","assessed_value":345000},{"address":"12928.0 78 STREET NW","assessed_value":305500},{"address":"11920.0 101 STREET NW","assessed_value":2196500},{"address":"12119.0 93 STREET NW","assessed_value":230000},{"address":"14518.0 30 STREET NW","assessed_value":286500},{"address":"14616.0 118 STREET NW","assessed_value":184000},{"address":"13030.0 101 STREET NW","assessed_value":410000},{"address":"2611.0 145 AVENUE NW","assessed_value":367000},{"address":"17232.0 93 STREET NW","assessed_value":456000},{"address":"9208.0 130 AVENUE NW","assessed_value":327500},{"address":"12141.0 152A AVENUE NW","assessed_value":1000},{"address":"9004.0 135A AVENUE NW","assessed_value":396000},{"address":"7312.0 137 AVENUE NW","assessed_value":392000},{"address":"13219.0 79 STREET NW","assessed_value":354000},{"address":"15724.0 119 STREET NW","assessed_value":364000},{"address":"13524.0 111 STREET NW","assessed_value":330000},{"address":"6924.0 132 AVENUE NW","assessed_value":335500},{"address":"13315.0 67 STREET NW","assessed_value":312000},{"address":"12720.0 92 STREET NW","assessed_value":327000},{"address":"14031.0 122 STREET NW","assessed_value":474500},{"address":"13210.0 81 STREET NW","assessed_value":250000},{"address":"14740.0 123 STREET NW","assessed_value":404000},{"address":"7807.0 149A AVENUE NW","assessed_value":404000},{"address":"12835.0 109 STREET NW","assessed_value":353500},{"address":"15224.0 121 STREET NW","assessed_value":384500},{"address":"14712.0 115 STREET NW","assessed_value":357000},{"address":"13220.0 DELWOOD ROAD NW","assessed_value":264000},{"address":"12951.0 104 STREET NW","assessed_value":574000},{"address":"10309.0 132 AVENUE NW","assessed_value":231000},{"address":"14020.0 20 STREET NW","assessed_value":663000},{"address":"5819.0 138 AVENUE NW","assessed_value":365000},{"address":"16344.0 109 STREET NW","assessed_value":139000},{"address":"11723.0 138 AVENUE NW","assessed_value":285000},{"address":"5220.0 MCLEOD ROAD NW","assessed_value":4500},{"address":"13015.0 63 STREET NW","assessed_value":251000},{"address":"12842.0 87 STREET NW","assessed_value":386000},{"address":"6804.0 152A AVENUE NW","assessed_value":350000},{"address":"17109.0 96 STREET NW","assessed_value":319500},{"address":"8324.0 148 AVENUE NW","assessed_value":359500},{"address":"12807.0 78 STREET NW","assessed_value":317500},{"address":"10104.0 168 AVENUE NW","assessed_value":353000},{"address":"16041.0 123A STREET NW","assessed_value":376000},{"address":"13116.0 79 STREET NW","assessed_value":288000},{"address":"13535.0 82 STREET NW","assessed_value":298000},{"address":"6004.0 145 AVENUE NW","assessed_value":337500},{"address":"7403.0 128 AVENUE NW","assessed_value":284500},{"address":"14748.0 33 STREET NW","assessed_value":375500},{"address":"14903.0 54A STREET NW","assessed_value":346000},{"address":"13824.0 24 STREET NW","assessed_value":158000},{"address":"12809.0 90 STREET NW","assessed_value":295000},{"address":"14707.0 117 STREET NW","assessed_value":316500},{"address":"13828.0 24 STREET NW","assessed_value":150500},{"address":"14225.0 82 STREET NW","assessed_value":124500},{"address":"13028.0 78 STREET NW","assessed_value":331500},{"address":"16504.0 103 STREET NW","assessed_value":354500},{"address":"13507.0 63 STREET NW","assessed_value":329000},{"address":"291.0 LANCASTER TERRACE NW","assessed_value":127500},{"address":"11715.0 152B AVENUE NW","assessed_value":347000},{"address":"8218.0 133A AVENUE NW","assessed_value":273500},{"address":"8315.0 149A AVENUE NW","assessed_value":346000},{"address":"17223.0 107 STREET NW","assessed_value":345500},{"address":"8831.0 136 AVENUE NW","assessed_value":302500},{"address":"10622.0 BEAUMARIS ROAD NW","assessed_value":162500},{"address":"26.0 AMBERLY COURT NW","assessed_value":147500},{"address":"14250.0 80 STREET NW","assessed_value":124500},{"address":"2919.0 149 AVENUE NW","assessed_value":353500},{"address":"2135.0 140 AVENUE NW","assessed_value":339000},{"address":"10522.0 LAUDERDALE ROAD NW","assessed_value":500},{"address":"14216.0 94 STREET NW","assessed_value":378500},{"address":"12302.0 104 STREET NW","assessed_value":326000},{"address":"9939.0 170 AVENUE NW","assessed_value":343000},{"address":"8014.0 130A AVENUE NW","assessed_value":0},{"address":"156.0 DUNLUCE ROAD NW","assessed_value":351500},{"address":"16513.0 115 STREET NW","assessed_value":278000},{"address":"9511.0 145 AVENUE NW","assessed_value":348500},{"address":"13404.0 105 STREET NW","assessed_value":343000},{"address":"11902.0 94 STREET NW","assessed_value":241000},{"address":"13424.0 102 STREET NW","assessed_value":394000},{"address":"8027.0 141 AVENUE NW","assessed_value":250500},{"address":"10507.0 133 AVENUE NW","assessed_value":415500},{"address":"12132.0 92 STREET NW","assessed_value":423000},{"address":"15007.0 67 STREET NW","assessed_value":347000},{"address":"25.0 MCLEOD PLACE NW","assessed_value":176500},{"address":"201.0 DUNLUCE ROAD NW","assessed_value":192500},{"address":"519.0 VILLAGE ON THE GREEN NW","assessed_value":143500},{"address":"15104.0 65 STREET NW","assessed_value":339000},{"address":"3722.0 4 STREET NW","assessed_value":450000},{"address":"8511.0 142 AVENUE NW","assessed_value":352000},{"address":"7613.0 144 AVENUE NW","assessed_value":271500},{"address":"13435.0 71 STREET NW","assessed_value":325000},{"address":"17003.0 100 STREET NW","assessed_value":179000},{"address":"82.0 AMBERLY COURT NW","assessed_value":157000},{"address":"12203.0 107 STREET NW","assessed_value":266000},{"address":"14012.0 21 STREET NW","assessed_value":319500},{"address":"9111.0 140 AVENUE NW","assessed_value":362500},{"address":"14326.0 57 STREET NW","assessed_value":168000},{"address":"13228.0 67 STREET NW","assessed_value":438500},{"address":"70.0 NORTHWOODS VILLAGE NW","assessed_value":147500},{"address":"13858.0 27 STREET NW","assessed_value":116500},{"address":"14823.0 56 STREET NW","assessed_value":405500},{"address":"15703.0 125 STREET NW","assessed_value":329000},{"address":"14212.0 78 STREET NW","assessed_value":365500},{"address":"14115.0 96 STREET NW","assessed_value":353000},{"address":"13916.0 120 STREET NW","assessed_value":450000},{"address":"9124.0 122 AVENUE NW","assessed_value":236000},{"address":"6103.0 131 AVENUE NW","assessed_value":282500},{"address":"7119.0 137 AVENUE NW","assessed_value":303500},{"address":"10704.0 136 AVENUE NW","assessed_value":352500},{"address":"13348.0 96 STREET NW","assessed_value":326500},{"address":"12930.0 96 STREET NW","assessed_value":324000},{"address":"7211.0 141 AVENUE NW","assessed_value":344500},{"address":"14538.0 55 STREET NW","assessed_value":366500},{"address":"8015.0 132 AVENUE NW","assessed_value":273000},{"address":"7031.0 132A AVENUE NW","assessed_value":362000},{"address":"7415.0 148 AVENUE NW","assessed_value":354000},{"address":"14608.0 81 STREET NW","assessed_value":344500},{"address":"14615.0 95 STREET NW","assessed_value":325500},{"address":"8019.0 130 AVENUE NW","assessed_value":280500},{"address":"10923.0 134A AVENUE NW","assessed_value":313500},{"address":"12207.0 149 AVENUE NW","assessed_value":347000},{"address":"11.0 STEELE CRESCENT NW","assessed_value":326500},{"address":"7017.0 141 AVENUE NW","assessed_value":0},{"address":"8224.0 133 AVENUE NW","assessed_value":216000},{"address":"12107.0 159 AVENUE NW","assessed_value":408500},{"address":"13120.0 108 STREET NW","assessed_value":329000},{"address":"13220.0 FORT ROAD NW","assessed_value":59500},{"address":"15216.0 88A STREET NW","assessed_value":365500},{"address":"14712.0 117A STREET NW","assessed_value":329000},{"address":"15811.0 115 STREET NW","assessed_value":344000},{"address":"5714.0 58 STREET NW","assessed_value":8500},{"address":"12931.0 70 STREET NW","assessed_value":232000},{"address":"17233.0 104 STREET NW","assessed_value":345000},{"address":"13008.0 62 STREET NW","assessed_value":296500},{"address":"14559.0 121 STREET NW","assessed_value":169500},{"address":"16340.0 109 STREET NW","assessed_value":136500},{"address":"7124.0 DELWOOD ROAD NW","assessed_value":311000},{"address":"14011.0 72 STREET NW","assessed_value":324000},{"address":"7911.0 136 AVENUE NW","assessed_value":309000},{"address":"14220.0 80 STREET NW","assessed_value":130500},{"address":"13856.0 24 STREET NW","assessed_value":150500},{"address":"2511.0 149 AVENUE NW","assessed_value":228500},{"address":"14715.0 59A STREET NW","assessed_value":370000},{"address":"14227.0 58 STREET NW","assessed_value":455500},{"address":"8516.0 143 AVENUE NW","assessed_value":352000},{"address":"14307.0 71 STREET NW","assessed_value":373000},{"address":"10015.0 173 AVENUE NW","assessed_value":232500},{"address":"14315.0 82 STREET NW","assessed_value":141500},{"address":"14910.0 69 STREET NW","assessed_value":4000},{"address":"14110.0 80 STREET NW","assessed_value":125500},{"address":"9503.0 142 AVENUE NW","assessed_value":425000},{"address":"10904.0 135A AVENUE NW","assessed_value":326500},{"address":"5316.0 MCLEOD ROAD NW","assessed_value":183000},{"address":"10668.0 BEAUMARIS ROAD NW","assessed_value":172000},{"address":"12975.0 54 STREET NW","assessed_value":160000},{"address":"13315.0 82 STREET NW","assessed_value":467000},{"address":"13523.0 65 STREET NW","assessed_value":314500},{"address":"15004.0 93 STREET NW","assessed_value":353000},{"address":"12715.0 95 STREET NW","assessed_value":351000},{"address":"11815.0 103 STREET NW","assessed_value":1944500},{"address":"14636.0 121 STREET NW","assessed_value":128500},{"address":"14611.0 81 STREET NW","assessed_value":354500},{"address":"11616.0 157 AVENUE NW","assessed_value":339000},{"address":"5419.0 143 AVENUE NW","assessed_value":312500},{"address":"12828.0 54 STREET NW","assessed_value":170500},{"address":"10716.0 172 AVENUE NW","assessed_value":267500},{"address":"7343.0 149A AVENUE NW","assessed_value":350500},{"address":"15105.0 121 STREET NW","assessed_value":90000},{"address":"14307.0 114 STREET NW","assessed_value":327000},{"address":"17019.0 108 STREET NW","assessed_value":350500},{"address":"14019.0 21 STREET NW","assessed_value":371500},{"address":"13412.0 90 STREET NW","assessed_value":319500},{"address":"15103.0 83 STREET NW","assessed_value":333500},{"address":"14640.0 121 STREET NW","assessed_value":126000},{"address":"8013.0 130 AVENUE NW","assessed_value":0},{"address":"10511.0 134 AVENUE NW","assessed_value":0},{"address":"12318.0 152B AVENUE NW","assessed_value":361500},{"address":"12707.0 73 STREET NW","assessed_value":252000},{"address":"9828.0 166 AVENUE NW","assessed_value":373000},{"address":"13024.0 75 STREET NW","assessed_value":367000},{"address":"29.0 LORELEI CLOSE NW","assessed_value":242000},{"address":"6212.0 135 AVENUE NW","assessed_value":285500},{"address":"8835.0 135A AVENUE NW","assessed_value":300000},{"address":"14524.0 26 STREET NW","assessed_value":359000},{"address":"5438.0 144B AVENUE NW","assessed_value":178500},{"address":"248.0 LANCASTER TERRACE NW","assessed_value":131500},{"address":"13111.0 86 STREET NW","assessed_value":308500},{"address":"14707.0 61A STREET NW","assessed_value":323500},{"address":"8512.0 142A AVENUE NW","assessed_value":382000},{"address":"12014.0 102 STREET NW","assessed_value":575000},{"address":"83.0 LORELEI CLOSE NW","assessed_value":262000},{"address":"15612.0 123 STREET NW","assessed_value":376500},{"address":"14116.0 21 STREET NW","assessed_value":346000},{"address":"13894.0 24 STREET NW","assessed_value":158000},{"address":"5432.0 144B AVENUE NW","assessed_value":164500},{"address":"6308.0 135 AVENUE NW","assessed_value":281000},{"address":"12416.0 161 AVENUE NW","assessed_value":107000},{"address":"16807.0 111 STREET NW","assessed_value":371500},{"address":"15260.0 122 STREET NW","assessed_value":402500},{"address":"12845.0 101 STREET NW","assessed_value":3799000},{"address":"13233.0 109 STREET NW","assessed_value":211000},{"address":"14507.0 61A STREET NW","assessed_value":364000},{"address":"13427.0 61 STREET NW","assessed_value":369000},{"address":"13327.0 68 STREET NW","assessed_value":414000},{"address":"13212.0 78 STREET NW","assessed_value":376000},{"address":"nan nan","assessed_value":0},{"address":"13320.0 94 STREET NW","assessed_value":329000},{"address":"10229.0 173A AVENUE NW","assessed_value":357500},{"address":"7712.0 DELWOOD ROAD NW","assessed_value":339000},{"address":"5608.0 139 AVENUE NW","assessed_value":313500},{"address":"9410.0 118 AVENUE NW","assessed_value":518500},{"address":"11344.0 165 AVENUE NW","assessed_value":390500},{"address":"17025.0 95 STREET NW","assessed_value":320000},{"address":"12318.0 93 STREET NW","assessed_value":193000},{"address":"2922.0 150 AVENUE NW","assessed_value":321500},{"address":"8011.0 130A AVENUE NW","assessed_value":306500},{"address":"10237.0 173A AVENUE NW","assessed_value":355500},{"address":"12220.0 148 AVENUE NW","assessed_value":5000},{"address":"7507.0 135A AVENUE NW","assessed_value":307500},{"address":"13308.0 103 STREET NW","assessed_value":409000},{"address":"12132.0 152A AVENUE NW","assessed_value":354500},{"address":"12043.0 106 STREET NW","assessed_value":268000},{"address":"3123.0 138 AVENUE NW","assessed_value":176500},{"address":"13532.0 111 STREET NW","assessed_value":363500},{"address":"13227.0 94 STREET NW","assessed_value":296500},{"address":"13507.0 113 STREET NW","assessed_value":312000},{"address":"17208.0 95 STREET NW","assessed_value":377000},{"address":"12821.0 86 STREET NW","assessed_value":231500},{"address":"12832.0 89 STREET NW","assessed_value":327000},{"address":"12050.0 92 STREET NW","assessed_value":337500},{"address":"7523.0 152A AVENUE NW","assessed_value":359500},{"address":"13236.0 82 STREET NW","assessed_value":198000},{"address":"36.0 AMBERLY COURT NW","assessed_value":148500},{"address":"10827.0 132 AVENUE NW","assessed_value":331000},{"address":"10615.0 135B AVENUE NW","assessed_value":278500},{"address":"14607.0 21 STREET NW","assessed_value":246500},{"address":"13207.0 70A STREET NW","assessed_value":447000},{"address":"7104.0 139 AVENUE NW","assessed_value":334000},{"address":"12264.0 144 AVENUE NW","assessed_value":357500},{"address":"8412.0 137 AVENUE NW","assessed_value":316000},{"address":"10915.0 136 AVENUE NW","assessed_value":234500},{"address":"13428.0 113 STREET NW","assessed_value":253500},{"address":"13108.0 68 STREET NW","assessed_value":251000},{"address":"6419.0 137 AVENUE NW","assessed_value":281000},{"address":"14623.0 115 STREET NW","assessed_value":335000},{"address":"13525.0 68 STREET NW","assessed_value":7000},{"address":"12631.0 161 AVENUE NW","assessed_value":407000},{"address":"5715.0 133 AVENUE NW","assessed_value":44000},{"address":"5425.0 144B AVENUE NW","assessed_value":133000},{"address":"8211.0 134 AVENUE NW","assessed_value":240000},{"address":"11431.0 149 AVENUE NW","assessed_value":354000},{"address":"10607.0 129 AVENUE NW","assessed_value":308500},{"address":"8810.0 130 AVENUE NW","assessed_value":8500},{"address":"7204.0 131A AVENUE NW","assessed_value":288000},{"address":"13355.0 96 STREET NW","assessed_value":466500},{"address":"13439.0 92 STREET NW","assessed_value":359500},{"address":"14420.0 94 STREET NW","assessed_value":355500},{"address":"13315.0 105 STREET NW","assessed_value":356500},{"address":"11332.0 165 AVENUE NW","assessed_value":357500},{"address":"2024.0 139 AVENUE NW","assessed_value":336000},{"address":"10316.0 131A AVENUE NW","assessed_value":220500},{"address":"1935.0 145 AVENUE NW","assessed_value":354500},{"address":"13219.0 85 STREET NW","assessed_value":209500},{"address":"7312.0 150 AVENUE NW","assessed_value":353500},{"address":"14212.0 22 STREET NW","assessed_value":319500},{"address":"141.0 LANCASTER TERRACE NW","assessed_value":139000},{"address":"11716.0 150 AVENUE NW","assessed_value":327000},{"address":"14719.0 118 STREET NW","assessed_value":248500},{"address":"12230.0 103 STREET NW","assessed_value":340000},{"address":"8615.0 141 AVENUE NW","assessed_value":376000},{"address":"14305.0 82 STREET NW","assessed_value":112000},{"address":"6016.0 142 AVENUE NW","assessed_value":284000},{"address":"6703.0 DELWOOD ROAD NW","assessed_value":349500},{"address":"15707.0 121 STREET NW","assessed_value":229500},{"address":"17304.0 101 STREET NW","assessed_value":363500},{"address":"14628.0 60 STREET NW","assessed_value":356000},{"address":"12033.0 103 STREET NW","assessed_value":241000},{"address":"15240.0 122 STREET NW","assessed_value":381000},{"address":"13423.0 103 STREET NW","assessed_value":302500},{"address":"13015.0 82 STREET NW","assessed_value":215500},{"address":"13823.0 25 STREET NW","assessed_value":336500},{"address":"12316.0 151A AVENUE NW","assessed_value":424000},{"address":"12738.0 87 STREET NW","assessed_value":217500},{"address":"11419.0 164 AVENUE NW","assessed_value":362500},{"address":"15003.0 116 STREET NW","assessed_value":346500},{"address":"14127.0 59 STREET NW","assessed_value":330500},{"address":"8907.0 140 AVENUE NW","assessed_value":402000},{"address":"11508.0 152B AVENUE NW","assessed_value":351500},{"address":"8408.0 136 AVENUE NW","assessed_value":373000},{"address":"17055.0 98 STREET NW","assessed_value":307000},{"address":"43.0 LANCASTER TERRACE NW","assessed_value":139000},{"address":"16907.0 92 STREET NW","assessed_value":353500},{"address":"404.0 DUNLUCE ROAD NW","assessed_value":335500},{"address":"9215.0 140 AVENUE NW","assessed_value":358500},{"address":"10447.0 137 AVENUE NW","assessed_value":321500},{"address":"12804.0 73 STREET NW","assessed_value":221000},{"address":"7807.0 137 AVENUE NW","assessed_value":339500},{"address":"12048.0 157 AVENUE NW","assessed_value":240500},{"address":"8024.0 134A AVENUE NW","assessed_value":317000},{"address":"8803.0 138 AVENUE NW","assessed_value":392000},{"address":"11516.0 152B AVENUE NW","assessed_value":415500},{"address":"9208.0 170 AVENUE NW","assessed_value":410500},{"address":"14615.0 81 STREET NW","assessed_value":428000},{"address":"11423.0 143 AVENUE NW","assessed_value":344500},{"address":"5520.0 139 AVENUE NW","assessed_value":321500},{"address":"13843.0 24 STREET NW","assessed_value":157500},{"address":"13323.0 95 STREET NW","assessed_value":344000},{"address":"16211.0 114 STREET NW","assessed_value":350500},{"address":"8528.0 134A AVENUE NW","assessed_value":327000},{"address":"6003.0 149 AVENUE NW","assessed_value":340500},{"address":"11427.0 162 AVENUE NW","assessed_value":339500},{"address":"5503.0 143 AVENUE NW","assessed_value":312500},{"address":"292.0 WARWICK ROAD NW","assessed_value":395000},{"address":"13318.0 FORT ROAD NW","assessed_value":299500},{"address":"7007.0 DELWOOD ROAD NW","assessed_value":321500},{"address":"17215.0 102 STREET NW","assessed_value":349500},{"address":"12024.0 143 AVENUE NW","assessed_value":335000},{"address":"8715.0 152A AVENUE NW","assessed_value":342500},{"address":"13511.0 108 STREET NW","assessed_value":328500},{"address":"6913.0 137 AVENUE NW","assessed_value":4000},{"address":"14915.0 59 STREET NW","assessed_value":337500},{"address":"12412.0 161 AVENUE NW","assessed_value":101500},{"address":"12204.0 152C AVENUE NW","assessed_value":350000},{"address":"8924.0 135 AVENUE NW","assessed_value":332500},{"address":"553.0 DUNLUCE ROAD NW","assessed_value":153500},{"address":"6124.0 137 AVENUE NW","assessed_value":328500},{"address":"14011.0 95A STREET NW","assessed_value":421500},{"address":"93.0 LORELEI CLOSE NW","assessed_value":240500},{"address":"15228.0 88A STREET NW","assessed_value":406500},{"address":"13539.0 87 STREET NW","assessed_value":310500},{"address":"12245.0 143 AVENUE NW","assessed_value":325500},{"address":"5205.0 MCLEOD ROAD NW","assessed_value":191500},{"address":"9216.0 132 AVENUE NW","assessed_value":290000},{"address":"5647.0 137 AVENUE NW","assessed_value":155000},{"address":"12021.0 96 STREET NW","assessed_value":234500},{"address":"14504.0 64 STREET NW","assessed_value":389000},{"address":"14404.0 31 STREET NW","assessed_value":328500},{"address":"16514.0 115 STREET NW","assessed_value":272500},{"address":"13316.0 68 STREET NW","assessed_value":343500},{"address":"13432.0 108 STREET NW","assessed_value":252000},{"address":"12848.0 88 STREET NW","assessed_value":310000},{"address":"14603.0 122 STREET NW","assessed_value":400000},{"address":"7104.0 130 AVENUE NW","assessed_value":298000},{"address":"13339.0 105 STREET NW","assessed_value":318000},{"address":"6505.0 140 AVENUE NW","assessed_value":339500},{"address":"13032.0 72 STREET NW","assessed_value":297500},{"address":"5219.0 130 AVENUE NW","assessed_value":167500},{"address":"13853.0 114 STREET NW","assessed_value":209000},{"address":"78.0 NORTHWOODS VILLAGE NW","assessed_value":149500},{"address":"15108.0 59 STREET NW","assessed_value":356500},{"address":"17320.0 107 STREET NW","assessed_value":391000},{"address":"11615.0 158 AVENUE NW","assessed_value":371500},{"address":"51.0 LANCASTER TERRACE NW","assessed_value":119000},{"address":"11835.0 95A STREET NW","assessed_value":267500},{"address":"2131.0 140 AVENUE NW","assessed_value":351500},{"address":"8032.0 134A AVENUE NW","assessed_value":346500},{"address":"11339.0 166 AVENUE NW","assessed_value":389500},{"address":"10510.0 118 AVENUE NW","assessed_value":973500},{"address":"8907.0 130A AVENUE NW","assessed_value":237500},{"address":"16745.0 110 STREET NW","assessed_value":364500},{"address":"9104.0 118 AVENUE NW","assessed_value":744000},{"address":"9.0 CASTLE TERRACE NW","assessed_value":168500},{"address":"13207.0 107 STREET NW","assessed_value":334000},{"address":"9216.0 150 AVENUE NW","assessed_value":337500},{"address":"214.0 WARWICK ROAD NW","assessed_value":202000},{"address":"6411.0 134 AVENUE NW","assessed_value":326500},{"address":"12809.0 102 STREET NW","assessed_value":364500},{"address":"14504.0 95 STREET NW","assessed_value":339500},{"address":"2143.0 141 AVENUE NW","assessed_value":162000},{"address":"14915.0 67 STREET NW","assessed_value":364500},{"address":"9507.0 133 AVENUE NW","assessed_value":348500},{"address":"6115.0 144 AVENUE NW","assessed_value":315000},{"address":"16901.0 109 STREET NW","assessed_value":28500},{"address":"10736.0 131A AVENUE NW","assessed_value":310000},{"address":"13331.0 66 STREET NW","assessed_value":289000},{"address":"14320.0 116 STREET NW","assessed_value":338500},{"address":"9927.0 170 AVENUE NW","assessed_value":299500},{"address":"10710.0 172 AVENUE NW","assessed_value":262000},{"address":"12404.0 161 AVENUE NW","assessed_value":108000},{"address":"14226.0 22A STREET NW","assessed_value":320000},{"address":"14507.0 27 STREET NW","assessed_value":324000},{"address":"5425.0 144B AVENUE NW","assessed_value":123500},{"address":"10511.0 173 AVENUE NW","assessed_value":336500},{"address":"13035.0 101 STREET NW","assessed_value":282000},{"address":"14623.0 114 STREET NW","assessed_value":5500},{"address":"13908.0 83 STREET NW","assessed_value":348000},{"address":"10614.0 LAUDERDALE ROAD NW","assessed_value":0},{"address":"8020.0 141 AVENUE NW","assessed_value":147500},{"address":"6323.0 150 AVENUE NW","assessed_value":341000},{"address":"5350.0 MCLEOD ROAD NW","assessed_value":172000},{"address":"6808.0 DELWOOD ROAD NW","assessed_value":313000},{"address":"12027.0 105 STREET NW","assessed_value":660500},{"address":"12315.0 102 STREET NW","assessed_value":270000},{"address":"16038.0 123A STREET NW","assessed_value":371500},{"address":"12322.0 91 STREET NW","assessed_value":189000},{"address":"17322.0 111A STREET NW","assessed_value":369000},{"address":"14508.0 94 STREET NW","assessed_value":356500},{"address":"14550.0 56 STREET NW","assessed_value":189500},{"address":"14205.0 82 STREET NW","assessed_value":112000},{"address":"1936.0 145A AVENUE NW","assessed_value":315000},{"address":"12403.0 156 AVENUE NW","assessed_value":353000},{"address":"405.0 VILLAGE ON THE GREEN NW","assessed_value":154500},{"address":"12731.0 70 STREET NW","assessed_value":208500},{"address":"13315.0 59 STREET NW","assessed_value":353000},{"address":"14629.0 21 STREET NW","assessed_value":233000},{"address":"90.0 WARWICK ROAD NW","assessed_value":3000},{"address":"7012.0 140 AVENUE NW","assessed_value":333000},{"address":"12040.0 157 AVENUE NW","assessed_value":240500},{"address":"320.0 WARWICK ROAD NW","assessed_value":348500},{"address":"16928.0 103 STREET NW","assessed_value":269000},{"address":"9227.0 170 AVENUE NW","assessed_value":359000},{"address":"14907.0 21 STREET NW","assessed_value":295000},{"address":"8820.0 136 AVENUE NW","assessed_value":312000},{"address":"16928.0 109 STREET NW","assessed_value":171000},{"address":"10828.0 132 AVENUE NW","assessed_value":235500},{"address":"17309.0 111A STREET NW","assessed_value":417500},{"address":"12915.0 79 STREET NW","assessed_value":331000},{"address":"12905.0 53 STREET NW","assessed_value":225500},{"address":"13881.0 114 STREET NW","assessed_value":200000},{"address":"10720.0 129 AVENUE NW","assessed_value":326500},{"address":"8511.0 151 AVENUE NW","assessed_value":353500},{"address":"13819.0 86 STREET NW","assessed_value":352500},{"address":"8720.0 130 AVENUE NW","assessed_value":239500},{"address":"13008.0 73 STREET NW","assessed_value":348500},{"address":"281.0 WARWICK ROAD NW","assessed_value":439000},{"address":"15104.0 124 STREET NW","assessed_value":483000},{"address":"9316.0 150 AVENUE NW","assessed_value":376000},{"address":"14403.0 121 STREET NW","assessed_value":8465500},{"address":"13428.0 83 STREET NW","assessed_value":323000},{"address":"7316.0 131A AVENUE NW","assessed_value":262500},{"address":"8020.0 135A AVENUE NW","assessed_value":345500},{"address":"14003.0 120A STREET NW","assessed_value":351500},{"address":"13511.0 86 STREET NW","assessed_value":285500},{"address":"5907.0 144 AVENUE NW","assessed_value":336000},{"address":"13508.0 104A STREET NW","assessed_value":350000},{"address":"5530.0 145 AVENUE NW","assessed_value":163000},{"address":"17219.0 104 STREET NW","assessed_value":363000},{"address":"10303.0 135A AVENUE NW","assessed_value":309000},{"address":"15119.0 76 STREET NW","assessed_value":0},{"address":"6907.0 152A AVENUE NW","assessed_value":352000},{"address":"13027.0 81 STREET NW","assessed_value":357500},{"address":"12837.0 90 STREET NW","assessed_value":360500},{"address":"12025.0 106 STREET NW","assessed_value":537500},{"address":"10613.0 167A AVENUE NW","assessed_value":351000},{"address":"12130.0 150 AVENUE NW","assessed_value":11000},{"address":"7202.0 127 AVENUE NW","assessed_value":235500},{"address":"9103.0 135 AVENUE NW","assessed_value":312000},{"address":"14511.0 26 STREET NW","assessed_value":380000},{"address":"12054.0 157 AVENUE NW","assessed_value":233000},{"address":"14215.0 82 STREET NW","assessed_value":117500},{"address":"14703.0 122 STREET NW","assessed_value":363000},{"address":"7512.0 DELWOOD ROAD NW","assessed_value":339500},{"address":"12720.0 77 STREET NW","assessed_value":296000},{"address":"15219.0 72 STREET NW","assessed_value":360000},{"address":"14508.0 19 STREET NW","assessed_value":298500},{"address":"13003.0 62 STREET NW","assessed_value":300000},{"address":"13555.0 105 STREET NW","assessed_value":247500},{"address":"15043.0 22 STREET NW","assessed_value":420500},{"address":"8412.0 150 AVENUE NW","assessed_value":515000},{"address":"13020.0 78 STREET NW","assessed_value":304000},{"address":"11712.0 164 AVENUE NW","assessed_value":373500},{"address":"15105.0 121 STREET NW","assessed_value":94500},{"address":"7315.0 148 AVENUE NW","assessed_value":416500},{"address":"2116.0 151 AVENUE NW","assessed_value":243500},{"address":"6304.0 146 AVENUE NW","assessed_value":340500},{"address":"16933.0 108 STREET NW","assessed_value":420000},{"address":"15108.0 73A STREET NW","assessed_value":358000},{"address":"8923.0 138 AVENUE NW","assessed_value":348500},{"address":"10504.0 120 AVENUE NW","assessed_value":665500},{"address":"12912.0 108 STREET NW","assessed_value":292500},{"address":"13450.0 FORT ROAD NW","assessed_value":100500},{"address":"13403.0 61 STREET NW","assessed_value":298500},{"address":"12135.0 102 STREET NW","assessed_value":304500},{"address":"11607.0 145 AVENUE NW","assessed_value":327500},{"address":"13804.0 63 STREET NW","assessed_value":347500},{"address":"15016.0 92 STREET NW","assessed_value":374000},{"address":"25.0 LORELEI CLOSE NW","assessed_value":247000},{"address":"13127.0 63 STREET NW","assessed_value":327000},{"address":"10819.0 168 AVENUE NW","assessed_value":347500},{"address":"17012.0 94 STREET NW","assessed_value":394000},{"address":"2008.0 139 AVENUE NW","assessed_value":356500},{"address":"10921.0 167A AVENUE NW","assessed_value":392500},{"address":"30.0 MCLEOD PLACE NW","assessed_value":171500},{"address":"16908.0 92 STREET NW","assessed_value":385500},{"address":"13408.0 109 STREET NW","assessed_value":321500},{"address":"12138.0 96 STREET NW","assessed_value":217000},{"address":"14557.0 121 STREET NW","assessed_value":177000},{"address":"14719.0 117 STREET NW","assessed_value":353500},{"address":"14611.0 122 STREET NW","assessed_value":21000},{"address":"13114.0 101 STREET NW","assessed_value":277500},{"address":"175.0 WARWICK ROAD NW","assessed_value":359000},{"address":"8507.0 130 AVENUE NW","assessed_value":298500},{"address":"8515.0 148 AVENUE NW","assessed_value":368500},{"address":"7904.0 132A AVENUE NW","assessed_value":317000},{"address":"15031.0 67 STREET NW","assessed_value":357500},{"address":"5636.0 138 AVENUE NW","assessed_value":339000},{"address":"13020.0 81 STREET NW","assessed_value":294500},{"address":"7404.0 130A AVENUE NW","assessed_value":344500},{"address":"14310.0 80 STREET NW","assessed_value":124500},{"address":"13304.0 103 STREET NW","assessed_value":322000},{"address":"567.0 DUNLUCE ROAD NW","assessed_value":156000},{"address":"16408.0 120 STREET NW","assessed_value":395500},{"address":"13415.0 103 STREET NW","assessed_value":312000},{"address":"6007.0 142 AVENUE NW","assessed_value":334500},{"address":"11027.0 165 AVENUE NW","assessed_value":364500},{"address":"11612.0 158 AVENUE NW","assessed_value":378000},{"address":"13226.0 82 STREET NW","assessed_value":188500},{"address":"14915.0 69 STREET NW","assessed_value":346500},{"address":"12809.0 82 STREET NW","assessed_value":2002000},{"address":"12327.0 105 STREET NW","assessed_value":286000},{"address":"6619.0 132 AVENUE NW","assessed_value":209500},{"address":"12107.0 93 STREET NW","assessed_value":218500},{"address":"16903.0 110 STREET NW","assessed_value":372500},{"address":"2337.0 139 AVENUE NW","assessed_value":158000},{"address":"6008.0 131A AVENUE NW","assessed_value":304000},{"address":"9832.0 166 AVENUE NW","assessed_value":335500},{"address":"13324.0 94 STREET NW","assessed_value":331000},{"address":"6304.0 148 AVENUE NW","assessed_value":361000},{"address":"16523.0 107 STREET NW","assessed_value":370000},{"address":"9.0 CASTLE TERRACE NW","assessed_value":168500},{"address":"12323.0 107 STREET NW","assessed_value":249000},{"address":"7107.0 137 AVENUE NW","assessed_value":394500},{"address":"6115.0 140 AVENUE NW","assessed_value":314000},{"address":"14289.0 23 STREET NW","assessed_value":148000},{"address":"1915.0 145 AVENUE NW","assessed_value":307000},{"address":"16932.0 103 STREET NW","assessed_value":315000},{"address":"52.0 DUNLUCE ROAD NW","assessed_value":442000},{"address":"7008.0 138 AVENUE NW","assessed_value":347500},{"address":"12011.0 152A AVENUE NW","assessed_value":370000},{"address":"10225.0 173A AVENUE NW","assessed_value":365000},{"address":"11437.0 160 AVENUE NW","assessed_value":1000},{"address":"10910.0 169A AVENUE NW","assessed_value":348000},{"address":"15016.0 64 STREET NW","assessed_value":400000},{"address":"6508.0 134 AVENUE NW","assessed_value":536500},{"address":"9040.0 138 AVENUE NW","assessed_value":370500},{"address":"12014.0 103 STREET NW","assessed_value":277000},{"address":"5624.0 137 AVENUE NW","assessed_value":292000},{"address":"8724.0 150 AVENUE NW","assessed_value":372000},{"address":"14243.0 116 STREET NW","assessed_value":328000},{"address":"9973.0 171 AVENUE NW","assessed_value":170000},{"address":"7008.0 DELWOOD ROAD NW","assessed_value":364000},{"address":"13327.0 95 STREET NW","assessed_value":332500},{"address":"17112.0 94 STREET NW","assessed_value":497000},{"address":"14619.0 59A STREET NW","assessed_value":413500},{"address":"14616.0 117 STREET NW","assessed_value":453000},{"address":"16316.0 99 STREET NW","assessed_value":336500},{"address":"6819.0 DELWOOD ROAD NW","assessed_value":329500},{"address":"14111.0 79 STREET NW","assessed_value":332000},{"address":"8416.0 145 AVENUE NW","assessed_value":359000},{"address":"2031.0 138 AVENUE NW","assessed_value":319000},{"address":"73.0 AMBERLY COURT NW","assessed_value":150500},{"address":"12223.0 93 STREET NW","assessed_value":342500},{"address":"14118.0 22A STREET NW","assessed_value":231500},{"address":"410.0 DUNLUCE ROAD NW","assessed_value":194000},{"address":"7620.0 129A AVENUE NW","assessed_value":339000},{"address":"11420.0 141 AVENUE NW","assessed_value":364500},{"address":"7223.0 141 AVENUE NW","assessed_value":402500},{"address":"15703.0 114 STREET NW","assessed_value":381000},{"address":"8512.0 144 AVENUE NW","assessed_value":352000},{"address":"17115.0 92 STREET NW","assessed_value":415500},{"address":"8010.0 141 AVENUE NW","assessed_value":130500},{"address":"12019.0 102 STREET NW","assessed_value":485500},{"address":"5508.0 139 AVENUE NW","assessed_value":350000},{"address":"5425.0 144B AVENUE NW","assessed_value":139000},{"address":"192.0 DUNLUCE ROAD NW","assessed_value":320500},{"address":"12303.0 95 STREET NW","assessed_value":247000},{"address":"14804.0 80 STREET NW","assessed_value":343500},{"address":"9312.0 128 AVENUE NW","assessed_value":361000},{"address":"112.0 WARWICK ROAD NW","assessed_value":379500},{"address":"8507.0 142 AVENUE NW","assessed_value":343500},{"address":"10931.0 137 AVENUE NW","assessed_value":422000},{"address":"14252.0 83 STREET NW","assessed_value":326000},{"address":"12037.0 97 STREET NW","assessed_value":149000},{"address":"83.0 AMBERLY COURT NW","assessed_value":147500},{"address":"12110.0 106 STREET NW","assessed_value":420500},{"address":"15203.0 94 STREET NW","assessed_value":428000},{"address":"13230.0 FORT ROAD NW","assessed_value":77000},{"address":"7931.0 130A AVENUE NW","assessed_value":314000},{"address":"13243.0 68 STREET NW","assessed_value":301500},{"address":"8107.0 149A AVENUE NW","assessed_value":8000},{"address":"15624.0 123 STREET NW","assessed_value":365000},{"address":"6104.0 137 AVENUE NW","assessed_value":326000},{"address":"12828.0 95 STREET NW","assessed_value":332500},{"address":"16428.0 109 STREET NW","assessed_value":143000},{"address":"13027.0 102 STREET NW","assessed_value":243500},{"address":"17212.0 101 STREET NW","assessed_value":342500},{"address":"8908.0 138 AVENUE NW","assessed_value":343500},{"address":"16039.0 123 STREET NW","assessed_value":349000},{"address":"5434.0 144B AVENUE NW","assessed_value":200500},{"address":"12411.0 91 STREET NW","assessed_value":228500},{"address":"183.0 LANCASTER TERRACE NW","assessed_value":139000},{"address":"17203.0 96 STREET NW","assessed_value":347500},{"address":"14232.0 83 STREET NW","assessed_value":406000},{"address":"14332.0 121 STREET NW","assessed_value":364500},{"address":"14504.0 24 STREET NW","assessed_value":366500},{"address":"11720.0 150 AVENUE NW","assessed_value":331500},{"address":"12808.0 90 STREET NW","assessed_value":320500},{"address":"12215.0 95 STREET NW","assessed_value":284500},{"address":"7011.0 134 AVENUE NW","assessed_value":344500},{"address":"13843.0 25 STREET NW","assessed_value":300500},{"address":"12905.0 66 STREET NW","assessed_value":189500},{"address":"11315.0 164 AVENUE NW","assessed_value":340500},{"address":"9404.0 134 AVENUE NW","assessed_value":358000},{"address":"9816.0 173 AVENUE NW","assessed_value":362500},{"address":"13436.0 103 STREET NW","assessed_value":405500},{"address":"3163.0 138 AVENUE NW","assessed_value":176000},{"address":"12138.0 94 STREET NW","assessed_value":377500},{"address":"219.0 VILLAGE ON THE GREEN NW","assessed_value":164500},{"address":"13032.0 102 STREET NW","assessed_value":349500},{"address":"13529.0 108 STREET NW","assessed_value":500},{"address":"14215.0 82 STREET NW","assessed_value":112000},{"address":"8912.0 144 AVENUE NW","assessed_value":118000},{"address":"11504.0 152B AVENUE NW","assessed_value":336000},{"address":"15011.0 84 STREET NW","assessed_value":364500},{"address":"14616.0 31 STREET NW","assessed_value":247500},{"address":"6103.0 152A AVENUE NW","assessed_value":353000},{"address":"10324.0 136 AVENUE NW","assessed_value":439500},{"address":"10103.0 120 AVENUE NW","assessed_value":1367000},{"address":"15003.0 61 STREET NW","assessed_value":346500},{"address":"14634.0 118 STREET NW","assessed_value":151000},{"address":"5207.0 144 AVENUE NW","assessed_value":307000},{"address":"16339.0 98 STREET NW","assessed_value":585000},{"address":"14019.0 74 STREET NW","assessed_value":0},{"address":"13858.0 24 STREET NW","assessed_value":161500},{"address":"13025.0 89 STREET NW","assessed_value":15500},{"address":"13415.0 58 STREET NW","assessed_value":356500},{"address":"10518.0 173A AVENUE NW","assessed_value":361500},{"address":"12823.0 94 STREET NW","assessed_value":297000},{"address":"9105.0 136 AVENUE NW","assessed_value":500},{"address":"13419.0 113A STREET NW","assessed_value":258000},{"address":"9822.0 167A AVENUE NW","assessed_value":354500},{"address":"12831.0 102 STREET NW","assessed_value":662500},{"address":"12060.0 95 STREET NW","assessed_value":272000},{"address":"145.0 LANCASTER TERRACE NW","assessed_value":139500},{"address":"5912.0 152A AVENUE NW","assessed_value":322000},{"address":"8915.0 137 AVENUE NW","assessed_value":287000},{"address":"9914.0 171A AVENUE NW","assessed_value":388500},{"address":"14920.0 65 STREET NW","assessed_value":327000},{"address":"14816.0 75 STREET NW","assessed_value":372000},{"address":"7223.0 137 AVENUE NW","assessed_value":288500},{"address":"14719.0 115 STREET NW","assessed_value":333000},{"address":"12107.0 102 STREET NW","assessed_value":670500},{"address":"14415.0 92 STREET NW","assessed_value":109500},{"address":"35.0 LANCASTER TERRACE NW","assessed_value":119000},{"address":"12908.0 90 STREET NW","assessed_value":412000},{"address":"12068.0 95 STREET NW","assessed_value":198500},{"address":"7704.0 143 AVENUE NW","assessed_value":334500},{"address":"nan nan","assessed_value":12500},{"address":"9021.0 133 AVENUE NW","assessed_value":202000},{"address":"13124.0 61 STREET NW","assessed_value":292500},{"address":"14835.0 75 STREET NW","assessed_value":381000},{"address":"14250.0 80 STREET NW","assessed_value":124500},{"address":"2614.0 145A AVENUE NW","assessed_value":258000},{"address":"17216.0 95 STREET NW","assessed_value":399000},{"address":"17103.0 110 STREET NW","assessed_value":262000},{"address":"14715.0 21 STREET NW","assessed_value":330500},{"address":"7211.0 130 AVENUE NW","assessed_value":269000},{"address":"11036.0 166 AVENUE NW","assessed_value":356000},{"address":"15223.0 117 STREET NW","assessed_value":348500},{"address":"11839.0 95A STREET NW","assessed_value":209000},{"address":"10503.0 128 AVENUE NW","assessed_value":229500},{"address":"13507.0 83 STREET NW","assessed_value":323000},{"address":"6904.0 DELWOOD ROAD NW","assessed_value":321500},{"address":"9524.0 145 AVENUE NW","assessed_value":360500},{"address":"16507.0 115 STREET NW","assessed_value":299000},{"address":"7916.0 131A AVENUE NW","assessed_value":304000},{"address":"13532.0 78 STREET NW","assessed_value":400000},{"address":"13803.0 90 STREET NW","assessed_value":352000},{"address":"17224.0 93 STREET NW","assessed_value":473000},{"address":"11919.0 93 STREET NW","assessed_value":225000},{"address":"13437.0 101 STREET NW","assessed_value":247000},{"address":"6127.0 138 AVENUE NW","assessed_value":303000},{"address":"8704.0 128 AVENUE NW","assessed_value":489000},{"address":"12025.0 97 STREET NW","assessed_value":1566500},{"address":"11841.0 145 AVENUE NW","assessed_value":182500},{"address":"52.0 STEELE CRESCENT NW","assessed_value":312000},{"address":"14312.0 71 STREET NW","assessed_value":323500},{"address":"16911.0 111 STREET NW","assessed_value":345500},{"address":"13423.0 82 STREET NW","assessed_value":350500},{"address":"13528.0 62 STREET NW","assessed_value":365000},{"address":"14511.0 83 STREET NW","assessed_value":361500},{"address":"17327.0 107 STREET NW","assessed_value":344000},{"address":"11915.0 152B AVENUE NW","assessed_value":343500},{"address":"12275.0 143 AVENUE NW","assessed_value":342500},{"address":"12602.0 68 STREET NW","assessed_value":119500},{"address":"14111.0 95 STREET NW","assessed_value":336500},{"address":"14108.0 62 STREET NW","assessed_value":319500},{"address":"11015.0 170 AVENUE NW","assessed_value":356500},{"address":"75.0 NORTHWOODS VILLAGE NW","assessed_value":149500},{"address":"12914.0 68 STREET NW","assessed_value":293000},{"address":"12418.0 93 STREET NW","assessed_value":324000},{"address":"13008.0 64 STREET NW","assessed_value":307000},{"address":"12713.0 72 STREET NW","assessed_value":384000},{"address":"14535.0 25 STREET NW","assessed_value":355500},{"address":"12303.0 106 STREET NW","assessed_value":291500},{"address":"16903.0 101 STREET NW","assessed_value":293500},{"address":"12939.0 64 STREET NW","assessed_value":288500},{"address":"16504.0 110 STREET NW","assessed_value":431000},{"address":"10511.0 128 AVENUE NW","assessed_value":218000},{"address":"6003.0 141 AVENUE NW","assessed_value":319000},{"address":"14036.0 63 STREET NW","assessed_value":263000},{"address":"5816.0 143 AVENUE NW","assessed_value":362000},{"address":"5534.0 142A AVENUE NW","assessed_value":500},{"address":"10719.0 173 AVENUE NW","assessed_value":360500},{"address":"13351.0 104 STREET NW","assessed_value":358000},{"address":"9811.0 173 AVENUE NW","assessed_value":393000},{"address":"10811.0 169 AVENUE NW","assessed_value":422000},{"address":"7716.0 141 AVENUE NW","assessed_value":331500},{"address":"8508.0 131 AVENUE NW","assessed_value":374500},{"address":"17139.0 109 STREET NW","assessed_value":149000},{"address":"2121.0 141 AVENUE NW","assessed_value":186500},{"address":"14602.0 94 STREET NW","assessed_value":0},{"address":"14228.0 53 STREET NW","assessed_value":309500},{"address":"12719.0 86 STREET NW","assessed_value":356000},{"address":"12720.0 88 STREET NW","assessed_value":929500},{"address":"14804.0 55 STREET NW","assessed_value":361000},{"address":"12803.0 105 STREET NW","assessed_value":279500},{"address":"14204.0 51 STREET NW","assessed_value":315500},{"address":"9524.0 175 AVENUE NW","assessed_value":348000},{"address":"14616.0 81 STREET NW","assessed_value":368000},{"address":"11128.0 171 AVENUE NW","assessed_value":493500},{"address":"16819.0 109 STREET NW","assessed_value":359000},{"address":"14205.0 82 STREET NW","assessed_value":122500},{"address":"14620.0 117A STREET NW","assessed_value":321000},{"address":"8028.0 136 AVENUE NW","assessed_value":326000},{"address":"14217.0 114 STREET NW","assessed_value":318000},{"address":"11935.0 96 STREET NW","assessed_value":232500},{"address":"401.0 VILLAGE ON THE GREEN NW","assessed_value":145500},{"address":"15208.0 60 STREET NW","assessed_value":346500},{"address":"9016.0 151 AVENUE NW","assessed_value":333000},{"address":"6023.0 141 AVENUE NW","assessed_value":342500},{"address":"11940.0 91 STREET NW","assessed_value":303000},{"address":"12327.0 104 STREET NW","assessed_value":276000},{"address":"5635.0 139 AVENUE NW","assessed_value":309000},{"address":"13219.0 70A STREET NW","assessed_value":341500},{"address":"8311.0 150 AVENUE NW","assessed_value":369500},{"address":"16230.0 114A STREET NW","assessed_value":348500},{"address":"9324.0 151 AVENUE NW","assessed_value":370500},{"address":"14217.0 22A STREET NW","assessed_value":376500},{"address":"7932.0 128A AVENUE NW","assessed_value":300500},{"address":"11603.0 142 AVENUE NW","assessed_value":334500},{"address":"13302.0 82 STREET NW","assessed_value":204000},{"address":"5354.0 MCLEOD ROAD NW","assessed_value":167500},{"address":"11823.0 140 AVENUE NW","assessed_value":340000},{"address":"15625.0 121 STREET NW","assessed_value":179000},{"address":"11420.0 162 AVENUE NW","assessed_value":369000},{"address":"13428.0 58 STREET NW","assessed_value":332500},{"address":"14225.0 82 STREET NW","assessed_value":130000},{"address":"13339.0 89A STREET NW","assessed_value":156500},{"address":"14611.0 116 STREET NW","assessed_value":350500},{"address":"14943.0 73 STREET NW","assessed_value":334500},{"address":"11445.0 152 AVENUE NW","assessed_value":211000},{"address":"14321.0 58 STREET NW","assessed_value":160500},{"address":"12843.0 88 STREET NW","assessed_value":311500},{"address":"10314.0 167A AVENUE NW","assessed_value":397500},{"address":"11453.0 152B AVENUE NW","assessed_value":277000},{"address":"13336.0 96 STREET NW","assessed_value":302000},{"address":"13303.0 67 STREET NW","assessed_value":293500},{"address":"12148.0 92 STREET NW","assessed_value":405500},{"address":"406.0 VILLAGE ON THE GREEN NW","assessed_value":143500},{"address":"14323.0 53 STREET NW","assessed_value":329500},{"address":"15215.0 88A STREET NW","assessed_value":367000},{"address":"744.0 WARWICK ROAD NW","assessed_value":319500},{"address":"7212.0 DELWOOD ROAD NW","assessed_value":344000},{"address":"8904.0 152 AVENUE NW","assessed_value":349000},{"address":"10814.0 173 AVENUE NW","assessed_value":244500},{"address":"14112.0 79 STREET NW","assessed_value":332000},{"address":"8007.0 132 AVENUE NW","assessed_value":282500},{"address":"13007.0 83 STREET NW","assessed_value":579500},{"address":"11419.0 160 AVENUE NW","assessed_value":372000},{"address":"8932.0 144 AVENUE NW","assessed_value":115500},{"address":"16013.0 123A STREET NW","assessed_value":350000},{"address":"11308.0 166 AVENUE NW","assessed_value":533000},{"address":"15930.0 FORT ROAD NW","assessed_value":3039500},{"address":"5108.0 144 AVENUE NW","assessed_value":3980500},{"address":"17021.0 95 STREET NW","assessed_value":303000},{"address":"5711.0 152 AVENUE NW","assessed_value":412500},{"address":"12307.0 104 STREET NW","assessed_value":310500},{"address":"17131.0 94 STREET NW","assessed_value":528500},{"address":"12211.0 92 STREET NW","assessed_value":267000},{"address":"13205.0 83 STREET NW","assessed_value":204000},{"address":"13216.0 81 STREET NW","assessed_value":232000},{"address":"10814.0 136 AVENUE NW","assessed_value":0},{"address":"7303.0 147 AVENUE NW","assessed_value":353000},{"address":"7040.0 134 AVENUE NW","assessed_value":352000},{"address":"14007.0 120 STREET NW","assessed_value":396000},{"address":"5220.0 146 AVENUE NW","assessed_value":234000},{"address":"11020.0 162A AVENUE NW","assessed_value":352000},{"address":"10707.0 129 AVENUE NW","assessed_value":312500},{"address":"16511.0 102 STREET NW","assessed_value":349500},{"address":"12112.0 148 AVENUE NW","assessed_value":8500},{"address":"12046.0 102 STREET NW","assessed_value":243000},{"address":"17279.0 104 STREET NW","assessed_value":337500},{"address":"13908.0 95 STREET NW","assessed_value":446000},{"address":"11875.0 145 AVENUE NW","assessed_value":235000},{"address":"nan nan","assessed_value":4000},{"address":"10932.0 134 AVENUE NW","assessed_value":235000},{"address":"9227.0 128A AVENUE NW","assessed_value":287500},{"address":"13616.0 82 STREET NW","assessed_value":319000},{"address":"6816.0 DELWOOD ROAD NW","assessed_value":357000},{"address":"15105.0 121 STREET NW","assessed_value":115000},{"address":"15015.0 64 STREET NW","assessed_value":348000},{"address":"11925.0 103 STREET NW","assessed_value":1571500},{"address":"9310.0 120 AVENUE NW","assessed_value":233500},{"address":"12329.0 94 STREET NW","assessed_value":314500},{"address":"11814.0 95A STREET NW","assessed_value":237000},{"address":"11910.0 94 STREET NW","assessed_value":229500},{"address":"41.0 DUNLUCE ROAD NW","assessed_value":374500},{"address":"172.0 WARWICK ROAD NW","assessed_value":308500},{"address":"14511.0 64 STREET NW","assessed_value":342000},{"address":"293.0 LANCASTER TERRACE NW","assessed_value":139000},{"address":"15024.0 117A STREET NW","assessed_value":356500},{"address":"16108.0 100 STREET NW","assessed_value":321000},{"address":"7419.0 137 AVENUE NW","assessed_value":335000},{"address":"14612.0 31 STREET NW","assessed_value":250000},{"address":"14539.0 121 STREET NW","assessed_value":188500},{"address":"12021.0 103 STREET NW","assessed_value":573500},{"address":"13243.0 108 STREET NW","assessed_value":38000},{"address":"13515.0 104A STREET NW","assessed_value":345000},{"address":"13234.0 59 STREET NW","assessed_value":220500},{"address":"16535.0 102 STREET NW","assessed_value":348000},{"address":"76.0 DUNLUCE ROAD NW","assessed_value":427500},{"address":"99.0 LORELEI CLOSE NW","assessed_value":255000},{"address":"9432.0 144 AVENUE NW","assessed_value":369000},{"address":"8304.0 133 AVENUE NW","assessed_value":202500},{"address":"11432.0 139 AVENUE NW","assessed_value":178000},{"address":"13510.0 62 STREET NW","assessed_value":281000},{"address":"13615.0 74 STREET NW","assessed_value":315500},{"address":"12923.0 79A STREET NW","assessed_value":283000},{"address":"7931.0 129 AVENUE NW","assessed_value":365000},{"address":"14532.0 26 STREET NW","assessed_value":338500},{"address":"15237.0 54 STREET NW","assessed_value":167500},{"address":"95.0 LORELEI CLOSE NW","assessed_value":262000},{"address":"9207.0 140 AVENUE NW","assessed_value":365000},{"address":"7903.0 137 AVENUE NW","assessed_value":378000},{"address":"11966.0 145 AVENUE NW","assessed_value":175500},{"address":"115.0 VILLAGE ON THE GREEN NW","assessed_value":173500},{"address":"10704.0 165 AVENUE NW","assessed_value":397500},{"address":"6732.0 136 AVENUE NW","assessed_value":321000},{"address":"8208.0 134 AVENUE NW","assessed_value":256000},{"address":"15008.0 59 STREET NW","assessed_value":383000},{"address":"15028.0 115 STREET NW","assessed_value":356500},{"address":"11731.0 144 AVENUE NW","assessed_value":359500},{"address":"7912.0 147 AVENUE NW","assessed_value":382500},{"address":"12006.0 157 AVENUE NW","assessed_value":229500},{"address":"13443.0 92 STREET NW","assessed_value":399500},{"address":"15105.0 121 STREET NW","assessed_value":78500},{"address":"13230.0 FORT ROAD NW","assessed_value":73000},{"address":"2510.0 149 AVENUE NW","assessed_value":266500},{"address":"13311.0 82 STREET NW","assessed_value":249500},{"address":"2619.0 145 AVENUE NW","assessed_value":341000},{"address":"14615.0 21 STREET NW","assessed_value":253000},{"address":"13739.0 93 STREET NW","assessed_value":442500},{"address":"9725.0 130 AVENUE NW","assessed_value":1424500},{"address":"13228.0 72 STREET NW","assessed_value":332500},{"address":"11327.0 164 AVENUE NW","assessed_value":396500},{"address":"nan nan","assessed_value":9500},{"address":"122.0 MAYFAIR MEWS NW","assessed_value":169000},{"address":"8507.0 149A AVENUE NW","assessed_value":365000},{"address":"13221.0 59 STREET NW","assessed_value":266000},{"address":"9539.0 144 AVENUE NW","assessed_value":423500},{"address":"14551.0 19 STREET NW","assessed_value":319000},{"address":"13911.0 54 STREET NW","assessed_value":324000},{"address":"13112.0 65 STREET NW","assessed_value":297000},{"address":"8020.0 144 AVENUE NW","assessed_value":354500},{"address":"14724.0 96 STREET NW","assessed_value":351000},{"address":"9304.0 137 AVENUE NW","assessed_value":62326000},{"address":"13540.0 104A STREET NW","assessed_value":306500},{"address":"16027.0 123 STREET NW","assessed_value":322000},{"address":"5935.0 149 AVENUE NW","assessed_value":392000},{"address":"13531.0 111 STREET NW","assessed_value":360000},{"address":"5424.0 152 AVENUE NW","assessed_value":348500},{"address":"12720.0 76 STREET NW","assessed_value":306500},{"address":"6408.0 152A AVENUE NW","assessed_value":337500},{"address":"13236.0 66 STREET NW","assessed_value":293500},{"address":"10614.0 164A AVENUE NW","assessed_value":378500},{"address":"11417.0 146 AVENUE NW","assessed_value":0},{"address":"16344.0 109 STREET NW","assessed_value":139000},{"address":"14223.0 74 STREET NW","assessed_value":327000},{"address":"13335.0 107 STREET NW","assessed_value":374500},{"address":"132.0 MAYFAIR MEWS NW","assessed_value":157000},{"address":"7923.0 145 AVENUE NW","assessed_value":346000},{"address":"15016.0 65 STREET NW","assessed_value":333000},{"address":"201.0 VILLAGE ON THE GREEN NW","assessed_value":142000},{"address":"13507.0 66 STREET NW","assessed_value":296000},{"address":"12719.0 95A STREET NW","assessed_value":305500},{"address":"7419.0 141 AVENUE NW","assessed_value":314000},{"address":"5541.0 145A AVENUE NW","assessed_value":380000},{"address":"175.0 MAYFAIR MEWS NW","assessed_value":155000},{"address":"11507.0 141 AVENUE NW","assessed_value":620500},{"address":"11515.0 142 AVENUE NW","assessed_value":344000},{"address":"14619.0 21 STREET NW","assessed_value":254500},{"address":"6308.0 144 AVENUE NW","assessed_value":323000},{"address":"14241.0 22A STREET NW","assessed_value":303500},{"address":"10216.0 164 AVENUE NW","assessed_value":354500},{"address":"9928.0 173 AVENUE NW","assessed_value":393000},{"address":"13519.0 112 STREET NW","assessed_value":354000},{"address":"5330.0 MCLEOD ROAD NW","assessed_value":181500},{"address":"13408.0 108 STREET NW","assessed_value":250000},{"address":"13112.0 108 STREET NW","assessed_value":322000},{"address":"12828.0 106 STREET NW","assessed_value":336000},{"address":"252.0 WARWICK ROAD NW","assessed_value":407500},{"address":"13528.0 69 STREET NW","assessed_value":323500},{"address":"3.0 MCLEOD PLACE NW","assessed_value":169000},{"address":"14235.0 116 STREET NW","assessed_value":336000},{"address":"13862.0 27 STREET NW","assessed_value":114500},{"address":"9315.0 140 AVENUE NW","assessed_value":353000},{"address":"5326.0 MCLEOD ROAD NW","assessed_value":175500},{"address":"6907.0 132A AVENUE NW","assessed_value":369500},{"address":"508.0 VILLAGE ON THE GREEN NW","assessed_value":153000},{"address":"6203.0 152A AVENUE NW","assessed_value":341500},{"address":"8008.0 130A AVENUE NW","assessed_value":305500},{"address":"8311.0 134 AVENUE NW","assessed_value":254000},{"address":"12104.0 94 STREET NW","assessed_value":295500},{"address":"8023.0 137 AVENUE NW","assessed_value":336500},{"address":"14811.0 73A STREET NW","assessed_value":352000},{"address":"12326.0 105 STREET NW","assessed_value":254500},{"address":"11728.0 166 AVENUE NW","assessed_value":436500},{"address":"16427.0 100 STREET NW","assessed_value":355000},{"address":"16931.0 108 STREET NW","assessed_value":1000},{"address":"5919.0 138 AVENUE NW","assessed_value":300500},{"address":"13820.0 120 STREET NW","assessed_value":356000},{"address":"11623.0 158 AVENUE NW","assessed_value":376000},{"address":"14207.0 58 STREET NW","assessed_value":322500},{"address":"5418.0 144B AVENUE NW","assessed_value":168000},{"address":"14112.0 95 STREET NW","assessed_value":453500},{"address":"1912.0 151 AVENUE NW","assessed_value":323500},{"address":"13229.0 85 STREET NW","assessed_value":235500},{"address":"3131.0 145 AVENUE NW","assessed_value":405000},{"address":"13864.0 24 STREET NW","assessed_value":158000},{"address":"12829.0 74 STREET NW","assessed_value":0},{"address":"12836.0 106 STREET NW","assessed_value":319500},{"address":"17412.0 96 STREET NW","assessed_value":346000},{"address":"6911.0 DELWOOD ROAD NW","assessed_value":330000},{"address":"13416.0 56 STREET NW","assessed_value":356500},{"address":"14120.0 80 STREET NW","assessed_value":124500},{"address":"2336.0 138 AVENUE NW","assessed_value":309500},{"address":"13404.0 91 STREET NW","assessed_value":314500},{"address":"7819.0 128A AVENUE NW","assessed_value":302000},{"address":"16533.0 115 STREET NW","assessed_value":316500},{"address":"12120.0 146 AVENUE NW","assessed_value":373000},{"address":"14025.0 121 STREET NW","assessed_value":213000},{"address":"9140.0 144 AVENUE NW","assessed_value":110500},{"address":"8612.0 151 AVENUE NW","assessed_value":381000},{"address":"12912.0 93 STREET NW","assessed_value":412000},{"address":"5912.0 149 AVENUE NW","assessed_value":335500},{"address":"7123.0 140 AVENUE NW","assessed_value":346000},{"address":"12135.0 95 STREET NW","assessed_value":404000},{"address":"10311.0 164 AVENUE NW","assessed_value":266000},{"address":"15111.0 80 STREET NW","assessed_value":352000},{"address":"13443.0 59 STREET NW","assessed_value":282000},{"address":"6916.0 152A AVENUE NW","assessed_value":364000},{"address":"7843.0 135A AVENUE NW","assessed_value":289500},{"address":"12124.0 91 STREET NW","assessed_value":299500},{"address":"13216.0 66 STREET NW","assessed_value":222500},{"address":"7128.0 136 AVENUE NW","assessed_value":341000},{"address":"8005.0 144 AVENUE NW","assessed_value":130500},{"address":"11008.0 172 AVENUE NW","assessed_value":243000},{"address":"9230.0 172 AVENUE NW","assessed_value":524000},{"address":"11922.0 91 STREET NW","assessed_value":857000},{"address":"13303.0 104 STREET NW","assessed_value":342000},{"address":"12263.0 143 AVENUE NW","assessed_value":347500},{"address":"31.0 LORELEI CLOSE NW","assessed_value":254000},{"address":"12715.0 72 STREET NW","assessed_value":296500},{"address":"9011.0 151 AVENUE NW","assessed_value":349500},{"address":"13412.0 59 STREET NW","assessed_value":357500},{"address":"12908.0 89 STREET NW","assessed_value":348000},{"address":"7823.0 127 AVENUE NW","assessed_value":1907500},{"address":"14723.0 118 STREET NW","assessed_value":278500}]