[{"address":"3040.0 SPENCE WYND SW","assessed_value":178000},{"address":"nan nan","assessed_value":18500},{"address":"8424.0 16A AVENUE SW","assessed_value":608000},{"address":"3075.0 TRELLE CRESCENT NW","assessed_value":272000},{"address":"2131.0 HAMMOND COURT NW","assessed_value":379000},{"address":"10910.0 53 AVENUE NW","assessed_value":113500},{"address":"6169.0 MAYNARD CRESCENT NW","assessed_value":781000},{"address":"9525.0 162 AVENUE NW","assessed_value":120000},{"address":"315.0 AMBLESIDE LINK SW","assessed_value":590500},{"address":"nan nan","assessed_value":18500},{"address":"111.0 60 STREET SW","assessed_value":431500},{"address":"18251.0 103 STREET NW","assessed_value":512500},{"address":"13710.0 150 AVENUE NW","assessed_value":163000},{"address":"2431.0 29 STREET NW","assessed_value":379500},{"address":"160.0 MAGRATH ROAD NW","assessed_value":263000},{"address":"16707.0 114 STREET NW","assessed_value":500000},{"address":"nan nan","assessed_value":22500},{"address":"10111.0 160 STREET NW","assessed_value":55500},{"address":"8528.0 82 AVENUE NW","assessed_value":135000},{"address":"nan nan","assessed_value":3000},{"address":"1653.0 MALONE WAY NW","assessed_value":698500},{"address":"nan nan","assessed_value":7500},{"address":"9525.0 162 AVENUE NW","assessed_value":120000},{"address":"nan nan","assessed_value":9500},{"address":"nan nan","assessed_value":4000},{"address":"10644.0 113 STREET NW","assessed_value":53000},{"address":"20323.0 47 AVENUE NW","assessed_value":616000},{"address":"1435.0 37B AVENUE NW","assessed_value":541500},{"address":"160.0 MAGRATH ROAD NW","assessed_value":309500},{"address":"4304.0 139 AVENUE NW","assessed_value":117500},{"address":"nan nan","assessed_value":5000},{"address":"6120.0 MAYNARD CRESCENT NW","assessed_value":798500},{"address":"nan nan","assessed_value":9000},{"address":"1130.0 TORY ROAD NW","assessed_value":183500},{"address":"nan nan","assessed_value":9500},{"address":"10520.0 80 AVENUE NW","assessed_value":163000},{"address":"nan nan","assessed_value":8500},{"address":"10939.0 109 STREET NW","assessed_value":84500},{"address":"13111.0 140 AVENUE NW","assessed_value":194500},{"address":"9939.0 109 STREET NW","assessed_value":204500},{"address":"nan nan","assessed_value":6500},{"address":"nan nan","assessed_value":7500},{"address":"723.0 HARDY POINT NW","assessed_value":658000},{"address":"nan nan","assessed_value":6500},{"address":"nan nan","assessed_value":4000},{"address":"nan nan","assessed_value":5500},{"address":"8528.0 82 AVENUE NW","assessed_value":138000},{"address":"12550.0 140 AVENUE NW","assessed_value":151500},{"address":"7511.0 171 STREET NW","assessed_value":143500},{"address":"507.0 CALLAGHAN POINTE SW","assessed_value":836500},{"address":"151.0 EDWARDS DRIVE SW","assessed_value":121000},{"address":"11214.0 80 STREET NW","assessed_value":143500},{"address":"16915.0 75 STREET NW","assessed_value":552500},{"address":"9707.0 106 STREET NW","assessed_value":373000},{"address":"10640.0 123 STREET NW","assessed_value":89500},{"address":"nan nan","assessed_value":7000},{"address":"12115.0 111 AVENUE NW","assessed_value":897000},{"address":"4835.0 104A STREET NW","assessed_value":200500},{"address":"5904.0 165 AVENUE NW","assessed_value":470500},{"address":"10520.0 80 AVENUE NW","assessed_value":219500},{"address":"2831.0 36 AVENUE NW","assessed_value":538500},{"address":"2565.0 HANNA CRESCENT NW","assessed_value":220500},{"address":"16531.0 58 STREET NW","assessed_value":457000},{"address":"nan nan","assessed_value":9500},{"address":"nan nan","assessed_value":18500},{"address":"1304.0 LATTA CRESCENT NW","assessed_value":545000},{"address":"16035.0 132 STREET NW","assessed_value":188000},{"address":"8506.0 SLOANE CRESCENT NW","assessed_value":566500},{"address":"2105.0 33B AVENUE NW","assessed_value":701000},{"address":"1116.0 37 AVENUE NW","assessed_value":412500},{"address":"20508.0 48 AVENUE NW","assessed_value":439500},{"address":"9137.0 SCOTT CRESCENT NW","assessed_value":372000},{"address":"nan nan","assessed_value":4000},{"address":"841.0 156 STREET NW","assessed_value":578500},{"address":"nan nan","assessed_value":14000},{"address":"11218.0 80 STREET NW","assessed_value":140000},{"address":"20528.0 92 AVENUE NW","assessed_value":474500},{"address":"nan nan","assessed_value":3000},{"address":"nan nan","assessed_value":18500},{"address":"10309.0 107 STREET NW","assessed_value":365000},{"address":"2013.0 33B AVENUE NW","assessed_value":579000},{"address":"nan nan","assessed_value":22500},{"address":"7510.0 89 STREET NW","assessed_value":333500},{"address":"3075.0 TRELLE CRESCENT NW","assessed_value":269000},{"address":"nan nan","assessed_value":18500},{"address":"3828.0 163 AVENUE NW","assessed_value":613000},{"address":"nan nan","assessed_value":10000},{"address":"nan nan","assessed_value":16000},{"address":"nan nan","assessed_value":9500},{"address":"6357.0 SANDIN WAY NW","assessed_value":523500},{"address":"2096.0 BLACKMUD CREEK DRIVE SW","assessed_value":188000},{"address":"4016.0 17 STREET NW","assessed_value":1952500},{"address":"10319.0 111 STREET NW","assessed_value":250000},{"address":"9707.0 106 STREET NW","assessed_value":229500},{"address":"nan nan","assessed_value":4000},{"address":"1130.0 TORY ROAD NW","assessed_value":193500},{"address":"nan nan","assessed_value":6500},{"address":"5924.0 165 AVENUE NW","assessed_value":441500},{"address":"2477.0 MARTELL CRESCENT NW","assessed_value":919000},{"address":"16035.0 132 STREET NW","assessed_value":243500},{"address":"10434.0 125 STREET NW","assessed_value":80500},{"address":"520.0 ADAMS WAY SW","assessed_value":603500},{"address":"8528.0 82 AVENUE NW","assessed_value":130000},{"address":"9740.0 62 STREET NW","assessed_value":64000},{"address":"nan nan","assessed_value":9500},{"address":"nan nan","assessed_value":2500},{"address":"8367.0 SHASKE CRESCENT NW","assessed_value":545500},{"address":"8215.0 83 AVENUE NW","assessed_value":81000},{"address":"nan nan","assessed_value":4500},{"address":"10730.0 84 AVENUE NW","assessed_value":122000},{"address":"4514.0 164A AVENUE NW","assessed_value":462500},{"address":"4821.0 TERWILLEGAR COMMON NW","assessed_value":251000},{"address":"10319.0 111 STREET NW","assessed_value":159500},{"address":"16535.0 58 STREET NW","assessed_value":487500},{"address":"nan nan","assessed_value":6500},{"address":"11107.0 108 AVENUE NW","assessed_value":155500},{"address":"16931.0 76 STREET NW","assessed_value":571500},{"address":"2430.0 MARTELL CRESCENT NW","assessed_value":1375000},{"address":"nan nan","assessed_value":7500},{"address":"3425.0 19 STREET NW","assessed_value":153000},{"address":"151.0 EDWARDS DRIVE SW","assessed_value":158500},{"address":"nan nan","assessed_value":6500},{"address":"16432.0 60 STREET NW","assessed_value":592000},{"address":"nan nan","assessed_value":7500},{"address":"680.0 LEGER WAY NW","assessed_value":490500},{"address":"nan nan","assessed_value":4500},{"address":"nan nan","assessed_value":18500},{"address":"940.0 SUMMERSIDE LINK SW","assessed_value":658000},{"address":"13111.0 140 AVENUE NW","assessed_value":175500},{"address":"419.0 CALDWELL PLACE NW","assessed_value":1005500},{"address":"6135.0 98 AVENUE NW","assessed_value":78000},{"address":"3075.0 TRELLE CRESCENT NW","assessed_value":252000},{"address":"nan nan","assessed_value":3000},{"address":"10319.0 111 STREET NW","assessed_value":272000},{"address":"13907.0 136 STREET NW","assessed_value":158500},{"address":"11807.0 167A AVENUE NW","assessed_value":467500},{"address":"12730.0 118 AVENUE NW","assessed_value":55000},{"address":"nan nan","assessed_value":5500},{"address":"nan nan","assessed_value":7500},{"address":"nan nan","assessed_value":9500},{"address":"nan nan","assessed_value":14000},{"address":"1106.0 37A AVENUE NW","assessed_value":495500},{"address":"nan nan","assessed_value":6500},{"address":"415.0 CALDWELL PLACE NW","assessed_value":1090500},{"address":"3058.0 MACNEIL WAY NW","assessed_value":781500},{"address":"14259.0 50 STREET NW","assessed_value":157000},{"address":"120.0 MAGRATH ROAD NW","assessed_value":344000},{"address":"nan nan","assessed_value":5500},{"address":"1372.0 118A STREET SW","assessed_value":571500},{"address":"10920.0 53 AVENUE NW","assessed_value":80500},{"address":"8650.0 SLOANE COURT NW","assessed_value":697000},{"address":"7251.0 67 STREET NW","assessed_value":362000},{"address":"nan nan","assessed_value":4000},{"address":"150.0 EDWARDS DRIVE SW","assessed_value":164000},{"address":"11735.0 124 STREET NW","assessed_value":59000},{"address":"11811.0 21 AVENUE SW","assessed_value":378500},{"address":"nan nan","assessed_value":22500},{"address":"160.0 MAGRATH ROAD NW","assessed_value":272000},{"address":"1111.0 118A STREET SW","assessed_value":500500},{"address":"3075.0 TRELLE CRESCENT NW","assessed_value":252000},{"address":"10949.0 109 STREET NW","assessed_value":74500},{"address":"8704.0 SUMMERSIDE GRANDE BOULEVARD SW","assessed_value":631000},{"address":"nan nan","assessed_value":5000},{"address":"10745.0 83 AVENUE NW","assessed_value":266000},{"address":"nan nan","assessed_value":9500},{"address":"5974.0 164 AVENUE NW","assessed_value":363500},{"address":"10503.0 98 AVENUE NW","assessed_value":182500},{"address":"9036.0 20 AVENUE SW","assessed_value":845500},{"address":"5280.0 TERWILLEGAR BOULEVARD NW","assessed_value":210000},{"address":"3008.0 25 AVENUE NW","assessed_value":526000},{"address":"3537.0 MCLAY CRESCENT NW","assessed_value":839000},{"address":"nan nan","assessed_value":4500},{"address":"8105.0 SHASKE DRIVE NW","assessed_value":510500},{"address":"4712.0 209 STREET NW","assessed_value":785000},{"address":"4714.0 160 AVENUE NW","assessed_value":531500},{"address":"1115.0 37 AVENUE NW","assessed_value":457000},{"address":"11218.0 80 STREET NW","assessed_value":162000},{"address":"nan nan","assessed_value":22500},{"address":"2840.0 36 AVENUE NW","assessed_value":852000},{"address":"17407.0 99 AVENUE NW","assessed_value":188500},{"address":"11120.0 68 AVENUE NW","assessed_value":294500},{"address":"3610.0 43 AVENUE NW","assessed_value":87000},{"address":"848.0 CHAHLEY WAY NW","assessed_value":483000},{"address":"4755.0 TERWILLEGAR COMMON NW","assessed_value":311000},{"address":"2916.0 24 AVENUE NW","assessed_value":519500},{"address":"9231.0 SCOTT LANE NW","assessed_value":491000},{"address":"3075.0 TRELLE CRESCENT NW","assessed_value":252000},{"address":"nan nan","assessed_value":18500},{"address":"2750.0 55 STREET NW","assessed_value":147500},{"address":"2427.0 MARTELL CRESCENT NW","assessed_value":1416500},{"address":"1127.0 37 AVENUE NW","assessed_value":498000},{"address":"15116.0 33 STREET NW","assessed_value":336000},{"address":"11224.0 116 STREET NW","assessed_value":108000},{"address":"9525.0 162 AVENUE NW","assessed_value":152500},{"address":"103.0 62 STREET SW","assessed_value":372000},{"address":"10139.0 155 STREET NW","assessed_value":90000},{"address":"1919.0 125 STREET SW","assessed_value":676500},{"address":"nan nan","assessed_value":7500},{"address":"nan nan","assessed_value":5000},{"address":"9205.0 SCOTT LANE NW","assessed_value":435500},{"address":"6014.0 1A AVENUE SW","assessed_value":350500},{"address":"4903.0 210 STREET NW","assessed_value":753000},{"address":"nan nan","assessed_value":3000},{"address":"8763.0 STEIN LANE NW","assessed_value":361000},{"address":"12831.0 66 STREET NW","assessed_value":47500},{"address":"3425.0 19 STREET NW","assessed_value":154500},{"address":"nan nan","assessed_value":6500},{"address":"8528.0 82 AVENUE NW","assessed_value":162500},{"address":"16035.0 132 STREET NW","assessed_value":226000},{"address":"9615.0 110A AVENUE NW","assessed_value":232000},{"address":"10225.0 117 STREET NW","assessed_value":121000},{"address":"4923.0 TERWILLEGAR COMMON NW","assessed_value":467500},{"address":"319.0 62 STREET SW","assessed_value":539000},{"address":"16807.0 100 AVENUE NW","assessed_value":143000},{"address":"5980.0 SOUTH TERWILLEGAR BOULEVARD NW","assessed_value":371000},{"address":"818.0 HARDY PLACE NW","assessed_value":683500},{"address":"10335.0 117 STREET NW","assessed_value":94000},{"address":"3081.0 MACNEIL WAY NW","assessed_value":793000},{"address":"324.0 MAPLE WOOD DRIVE NW","assessed_value":96500},{"address":"120.0 62 STREET SW","assessed_value":411500},{"address":"nan nan","assessed_value":6500},{"address":"nan nan","assessed_value":500},{"address":"12550.0 140 AVENUE NW","assessed_value":121500},{"address":"16241.0 54A STREET NW","assessed_value":475000},{"address":"nan nan","assessed_value":18500},{"address":"131.0 AMBLESIDE DRIVE SW","assessed_value":619000},{"address":"nan nan","assessed_value":6500},{"address":"nan nan","assessed_value":22500},{"address":"11441.0 ELLERSLIE ROAD SW","assessed_value":169500},{"address":"nan nan","assessed_value":7000},{"address":"226.0 MACEWAN ROAD SW","assessed_value":170500},{"address":"17543.0 110 STREET NW","assessed_value":606000},{"address":"16431.0 60 STREET NW","assessed_value":363000},{"address":"nan nan","assessed_value":6500},{"address":"9419.0 STEIN WAY NW","assessed_value":432500},{"address":"nan nan","assessed_value":4500},{"address":"5449.0 162B AVENUE NW","assessed_value":507000},{"address":"10356.0 92 STREET NW","assessed_value":82500},{"address":"2096.0 BLACKMUD CREEK DRIVE SW","assessed_value":188000},{"address":"4104.0 MACNEIL COURT NW","assessed_value":793000},{"address":"2503.0 24 STREET NW","assessed_value":284000},{"address":"2436.0 GUARDIAN ROAD NW","assessed_value":172500},{"address":"nan nan","assessed_value":4000},{"address":"2096.0 BLACKMUD CREEK DRIVE SW","assessed_value":196000},{"address":"1408.0 MALONE GREEN NW","assessed_value":719500},{"address":"12928.0 64 STREET NW","assessed_value":56000},{"address":"2545.0 116 STREET NW","assessed_value":121500},{"address":"8528.0 82 AVENUE NW","assessed_value":133000},{"address":"14043.0 37 STREET NW","assessed_value":466000},{"address":"10514.0 92 STREET NW","assessed_value":52000},{"address":"5851.0 166 AVENUE NW","assessed_value":502000},{"address":"6052.0 SOUTH TERWILLEGAR BOULEVARD NW","assessed_value":377500},{"address":"10434.0 125 STREET NW","assessed_value":93500},{"address":"10225.0 117 STREET NW","assessed_value":145500},{"address":"160.0 MAGRATH ROAD NW","assessed_value":217500},{"address":"713.0 HARDY POINT NW","assessed_value":596000},{"address":"14104.0 36 STREET NW","assessed_value":103500},{"address":"16920.0 119 STREET NW","assessed_value":458000},{"address":"8639.0 176 AVENUE NW","assessed_value":455500},{"address":"3608.0 MCLAY COURT NW","assessed_value":837000},{"address":"15820.0 91 STREET NW","assessed_value":542000},{"address":"8466.0 SLOANE CRESCENT NW","assessed_value":490500},{"address":"7621.0 SCHMID CRESCENT NW","assessed_value":628500},{"address":"544.0 59 STREET SW","assessed_value":594500},{"address":"7845.0 170A AVENUE NW","assessed_value":545500},{"address":"10555.0 93 STREET NW","assessed_value":77500},{"address":"3610.0 43 AVENUE NW","assessed_value":81000},{"address":"525.0 STEWART CRESCENT SW","assessed_value":688500},{"address":"9939.0 109 STREET NW","assessed_value":206500},{"address":"nan nan","assessed_value":6500},{"address":"nan nan","assessed_value":3000},{"address":"21132.0 48 AVENUE NW","assessed_value":764000},{"address":"7415.0 169 AVENUE NW","assessed_value":678500},{"address":"12110.0 119 AVENUE NW","assessed_value":116500},{"address":"1432.0 72 STREET SW","assessed_value":485500},{"address":"7510.0 89 STREET NW","assessed_value":243000},{"address":"nan nan","assessed_value":18500},{"address":"7510.0 89 STREET NW","assessed_value":308500},{"address":"nan nan","assessed_value":7500},{"address":"1551.0 37A AVENUE NW","assessed_value":515500},{"address":"3075.0 TRELLE CRESCENT NW","assessed_value":272000},{"address":"nan nan","assessed_value":9500},{"address":"15920.0 109 AVENUE NW","assessed_value":89000},{"address":"1607.0 69 STREET SW","assessed_value":215500},{"address":"522.0 CALLAGHAN POINTE SW","assessed_value":863000},{"address":"nan nan","assessed_value":6500},{"address":"1541.0 37B AVENUE NW","assessed_value":438000},{"address":"13005.0 140 AVENUE NW","assessed_value":187000},{"address":"3075.0 TRELLE CRESCENT NW","assessed_value":271500},{"address":"4823.0 104A STREET NW","assessed_value":145000},{"address":"16252.0 54B STREET NW","assessed_value":488500},{"address":"7826.0 SCHMID PLACE NW","assessed_value":435000},{"address":"1316.0 117 STREET SW","assessed_value":524000},{"address":"3425.0 19 STREET NW","assessed_value":162000},{"address":"10812.0 115 STREET NW","assessed_value":79000},{"address":"11303.0 103 AVENUE NW","assessed_value":123000},{"address":"nan nan","assessed_value":4000},{"address":"nan nan","assessed_value":4000},{"address":"10028.0 119 STREET NW","assessed_value":392000},{"address":"133.0 64 STREET SW","assessed_value":446000},{"address":"nan nan","assessed_value":3000},{"address":"4823.0 104A STREET NW","assessed_value":199000},{"address":"2096.0 BLACKMUD CREEK DRIVE SW","assessed_value":209000},{"address":"10319.0 111 STREET NW","assessed_value":371000},{"address":"nan nan","assessed_value":7500},{"address":"5604.0 199 STREET NW","assessed_value":275500},{"address":"1313.0 MALONE PLACE NW","assessed_value":652000},{"address":"10225.0 117 STREET NW","assessed_value":121500},{"address":"17415.0 99 AVENUE NW","assessed_value":187500},{"address":"nan nan","assessed_value":9500},{"address":"nan nan","assessed_value":10000},{"address":"4203.0 157 AVENUE NW","assessed_value":451000},{"address":"17912.0 85 STREET NW","assessed_value":485000},{"address":"7825.0 SCHMID PLACE NW","assessed_value":411500},{"address":"1431.0 72 STREET SW","assessed_value":465500},{"address":"nan nan","assessed_value":9500},{"address":"9925.0 83 AVENUE NW","assessed_value":143000},{"address":"2033.0 ROCHESTER AVENUE NW","assessed_value":541500},{"address":"11441.0 ELLERSLIE ROAD SW","assessed_value":184000},{"address":"nan nan","assessed_value":9500},{"address":"1920.0 70 STREET SW","assessed_value":394500},{"address":"5280.0 TERWILLEGAR BOULEVARD NW","assessed_value":176000},{"address":"4107.0 161 AVENUE NW","assessed_value":368500},{"address":"120.0 MAGRATH ROAD NW","assessed_value":331000},{"address":"9336.0 JASPER AVENUE NW","assessed_value":108500},{"address":"451.0 HYNDMAN CRESCENT NW","assessed_value":220500},{"address":"10912.0 175 AVENUE NW","assessed_value":585500},{"address":"21351.0 91A AVENUE NW","assessed_value":387500},{"address":"5045.0 MCLUHAN ROAD NW","assessed_value":959000},{"address":"9561.0 143 STREET NW","assessed_value":586000},{"address":"nan nan","assessed_value":18500},{"address":"10606.0 123 STREET NW","assessed_value":128000},{"address":"nan nan","assessed_value":500},{"address":"8444.0 16A AVENUE SW","assessed_value":635500},{"address":"5340.0 199 STREET NW","assessed_value":220000},{"address":"13635.0 34 STREET NW","assessed_value":153500},{"address":"17440.0 108 STREET NW","assessed_value":679000},{"address":"nan nan","assessed_value":3000},{"address":"150.0 EDWARDS DRIVE SW","assessed_value":168500},{"address":"11214.0 80 STREET NW","assessed_value":131500},{"address":"10021.0 116 STREET NW","assessed_value":112000},{"address":"nan nan","assessed_value":6500},{"address":"nan nan","assessed_value":22500},{"address":"nan nan","assessed_value":3000},{"address":"12019.0 21 AVENUE SW","assessed_value":562000},{"address":"5540.0 MCLUHAN BLUFF NW","assessed_value":14000},{"address":"9707.0 106 STREET NW","assessed_value":201000},{"address":"480.0 AINSLIE CRESCENT SW","assessed_value":659000},{"address":"150.0 EDWARDS DRIVE SW","assessed_value":166000},{"address":"nan nan","assessed_value":18500},{"address":"309.0 CLAREVIEW STATION DRIVE NW","assessed_value":163500},{"address":"1947.0 119 STREET SW","assessed_value":442500},{"address":"6034.0 1A AVENUE SW","assessed_value":371000},{"address":"5927.0 3 AVENUE SW","assessed_value":398500},{"address":"nan nan","assessed_value":3000},{"address":"8946.0 179A AVENUE NW","assessed_value":612500},{"address":"20827.0 55 AVENUE NW","assessed_value":544000},{"address":"3040.0 SPENCE WYND SW","assessed_value":196500},{"address":"3040.0 SPENCE WYND SW","assessed_value":182500},{"address":"11308.0 108 AVENUE NW","assessed_value":77500},{"address":"21324.0 91A AVENUE NW","assessed_value":423500},{"address":"4808.0 DONSDALE DRIVE NW","assessed_value":1082000},{"address":"5280.0 TERWILLEGAR BOULEVARD NW","assessed_value":220000},{"address":"2323.0 MARTELL LANE NW","assessed_value":914500},{"address":"2503.0 24 STREET NW","assessed_value":279000},{"address":"13111.0 140 AVENUE NW","assessed_value":190000},{"address":"841.0 156 STREET NW","assessed_value":486000},{"address":"3754.0 13 STREET NW","assessed_value":524500},{"address":"9107.0 SCOTT CRESCENT NW","assessed_value":363000},{"address":"9116.0 205 STREET NW","assessed_value":484500},{"address":"17908.0 109 STREET NW","assessed_value":540500},{"address":"1504.0 69 STREET SW","assessed_value":915000},{"address":"6112.0 5 AVENUE SW","assessed_value":535500},{"address":"12110.0 119 AVENUE NW","assessed_value":121000},{"address":"4203.0 162 AVENUE NW","assessed_value":557000},{"address":"1114.0 36A AVENUE NW","assessed_value":480500},{"address":"304.0 LEWIS ESTATES BOULEVARD NW","assessed_value":191000},{"address":"nan nan","assessed_value":18500},{"address":"226.0 MACEWAN ROAD SW","assessed_value":133000},{"address":"nan nan","assessed_value":6500},{"address":"10165.0 113 STREET NW","assessed_value":169000},{"address":"839.0 CHAHLEY WAY NW","assessed_value":506500},{"address":"5817.0 8 AVENUE SW","assessed_value":344000},{"address":"nan nan","assessed_value":14000},{"address":"6608.0 158 AVENUE NW","assessed_value":274500},{"address":"646.0 MCALLISTER LOOP SW","assessed_value":166500},{"address":"7315.0 14A AVENUE SW","assessed_value":505500},{"address":"6608.0 158 AVENUE NW","assessed_value":280500},{"address":"3216.0 20 STREET NW","assessed_value":532000},{"address":"10125.0 83 AVENUE NW","assessed_value":131500},{"address":"7510.0 89 STREET NW","assessed_value":364500},{"address":"9803.0 105 STREET NW","assessed_value":1230000},{"address":"14135.0 147 AVENUE NW","assessed_value":506000},{"address":"12925.0 65 STREET NW","assessed_value":96000},{"address":"9024.0 205 STREET NW","assessed_value":493500},{"address":"10164.0 150 STREET NW","assessed_value":97000},{"address":"15163.0 33 STREET NW","assessed_value":521000},{"address":"4915.0 210 STREET NW","assessed_value":769000},{"address":"nan nan","assessed_value":8500},{"address":"10145.0 113 STREET NW","assessed_value":137000},{"address":"13408.0 161 AVENUE NW","assessed_value":540500},{"address":"11304.0 13 AVENUE SW","assessed_value":693500},{"address":"16035.0 132 STREET NW","assessed_value":210500},{"address":"160.0 MAGRATH ROAD NW","assessed_value":262500},{"address":"nan nan","assessed_value":3000},{"address":"150.0 EDWARDS DRIVE SW","assessed_value":231500},{"address":"6003.0 164 AVENUE NW","assessed_value":526000},{"address":"4353.0 MCCLUNG CRESCENT NW","assessed_value":916500},{"address":"2436.0 GUARDIAN ROAD NW","assessed_value":177500},{"address":"2407.0 29 STREET NW","assessed_value":525500},{"address":"9525.0 162 AVENUE NW","assessed_value":124500},{"address":"nan nan","assessed_value":7500},{"address":"3425.0 19 STREET NW","assessed_value":166500},{"address":"nan nan","assessed_value":9500},{"address":"17023.0 76 STREET NW","assessed_value":578000},{"address":"8639.0 SLOANE COURT NW","assessed_value":594500},{"address":"20536.0 92 AVENUE NW","assessed_value":496000},{"address":"8528.0 82 AVENUE NW","assessed_value":147500},{"address":"nan nan","assessed_value":7500},{"address":"466.0 AINSLIE CRESCENT SW","assessed_value":720500},{"address":"21321.0 60 AVENUE NW","assessed_value":366000},{"address":"16807.0 100 AVENUE NW","assessed_value":150000},{"address":"nan nan","assessed_value":18500},{"address":"151.0 EDWARDS DRIVE SW","assessed_value":149500},{"address":"nan nan","assessed_value":7000},{"address":"1574.0 37C AVENUE NW","assessed_value":594500},{"address":"17027.0 73 STREET NW","assessed_value":576000},{"address":"nan nan","assessed_value":7500},{"address":"8129.0 SHASKE DRIVE NW","assessed_value":602500},{"address":"4835.0 104A STREET NW","assessed_value":141000},{"address":"10345.0 123 STREET NW","assessed_value":130000},{"address":"3323.0 21 STREET NW","assessed_value":448500},{"address":"21028.0 59 AVENUE NW","assessed_value":440000},{"address":"1012.0 118A STREET SW","assessed_value":480000},{"address":"8704.0 178 AVENUE NW","assessed_value":466000},{"address":"4455.0 MCCRAE AVENUE NW","assessed_value":400000},{"address":"7220.0 19A AVENUE SW","assessed_value":356000},{"address":"nan nan","assessed_value":7500},{"address":"12831.0 66 STREET NW","assessed_value":65000},{"address":"nan nan","assessed_value":6500},{"address":"nan nan","assessed_value":9500},{"address":"11445.0 ELLERSLIE ROAD SW","assessed_value":145500},{"address":"17407.0 99 AVENUE NW","assessed_value":194000},{"address":"722.0 WILDWOOD POINT NW","assessed_value":825000},{"address":"nan nan","assessed_value":6500},{"address":"nan nan","assessed_value":9500},{"address":"6024.0 1A AVENUE SW","assessed_value":352500},{"address":"671.0 SILVER BERRY ROAD NW","assessed_value":253500},{"address":"10555.0 93 STREET NW","assessed_value":77500},{"address":"nan nan","assessed_value":4000},{"address":"2436.0 GUARDIAN ROAD NW","assessed_value":200500},{"address":"nan nan","assessed_value":4000},{"address":"10633.0 81 AVENUE NW","assessed_value":146500},{"address":"nan nan","assessed_value":7500},{"address":"nan nan","assessed_value":9500},{"address":"11065.0 149 STREET NW","assessed_value":87000},{"address":"6038.0 STANTON DRIVE SW","assessed_value":494000},{"address":"6923.0 14 AVENUE SW","assessed_value":878000},{"address":"nan nan","assessed_value":7500},{"address":"1450.0 37C AVENUE NW","assessed_value":509500},{"address":"4509.0 211A STREET NW","assessed_value":597500},{"address":"nan nan","assessed_value":7500},{"address":"150.0 EDWARDS DRIVE SW","assessed_value":167000},{"address":"2404.0 CAMERON RAVINE DRIVE NW","assessed_value":1108000},{"address":"150.0 EDWARDS DRIVE SW","assessed_value":238000},{"address":"9043.0 208 STREET NW","assessed_value":606000},{"address":"5350.0 199 STREET NW","assessed_value":135500},{"address":"10823.0 174 AVENUE NW","assessed_value":685000},{"address":"4304.0 139 AVENUE NW","assessed_value":149500},{"address":"226.0 MACEWAN ROAD SW","assessed_value":130000},{"address":"6608.0 158 AVENUE NW","assessed_value":274500},{"address":"nan nan","assessed_value":7500},{"address":"7622.0 SCHMID CRESCENT NW","assessed_value":435500},{"address":"1907.0 126 STREET SW","assessed_value":624500},{"address":"nan nan","assessed_value":7500},{"address":"2419.0 ELLWOOD DRIVE SW","assessed_value":627500},{"address":"4827.0 104A STREET NW","assessed_value":210000},{"address":"8904.0 208 STREET NW","assessed_value":577000},{"address":"nan nan","assessed_value":6500},{"address":"6711.0 18 AVENUE SW","assessed_value":832500},{"address":"11065.0 149 STREET NW","assessed_value":87000},{"address":"5839.0 RIVERBEND ROAD NW","assessed_value":200000},{"address":"12915.0 65 STREET NW","assessed_value":102000},{"address":"9525.0 162 AVENUE NW","assessed_value":119500},{"address":"3505.0 MCLAY CRESCENT NW","assessed_value":663500},{"address":"12734.0 118 AVENUE NW","assessed_value":56500},{"address":"841.0 156 STREET NW","assessed_value":38000},{"address":"151.0 EDWARDS DRIVE SW","assessed_value":152500},{"address":"16923.0 75 STREET NW","assessed_value":603000},{"address":"10515.0 80 AVENUE NW","assessed_value":135000},{"address":"nan nan","assessed_value":9500},{"address":"nan nan","assessed_value":18500},{"address":"4755.0 TERWILLEGAR COMMON NW","assessed_value":319000},{"address":"5306.0 MULLEN BEND NW","assessed_value":962500},{"address":"16721.0 112A STREET NW","assessed_value":414500},{"address":"12839.0 151 STREET NW","assessed_value":303000},{"address":"nan nan","assessed_value":9500},{"address":"3117.0 SPENCE WYND SW","assessed_value":580000},{"address":"nan nan","assessed_value":4500},{"address":"5604.0 199 STREET NW","assessed_value":270000},{"address":"16420.0 49 STREET NW","assessed_value":533000},{"address":"151.0 EDWARDS DRIVE SW","assessed_value":118000},{"address":"150.0 63 STREET SW","assessed_value":452500},{"address":"16403.0 53 STREET NW","assessed_value":391500},{"address":"5863.0 166 AVENUE NW","assessed_value":522500},{"address":"373.0 MAGRATH BOULEVARD NW","assessed_value":974500},{"address":"1128.0 117A STREET SW","assessed_value":492500},{"address":"12607.0 148 AVENUE NW","assessed_value":31757000},{"address":"16108.0 47 STREET NW","assessed_value":558000},{"address":"nan nan","assessed_value":18500},{"address":"10165.0 113 STREET NW","assessed_value":156000},{"address":"nan nan","assessed_value":7500},{"address":"6010.0 SOUTH TERWILLEGAR BOULEVARD NW","assessed_value":371500},{"address":"17415.0 99 AVENUE NW","assessed_value":151000},{"address":"16116.0 43 STREET NW","assessed_value":393500},{"address":"9440.0 STEIN WAY NW","assessed_value":368000},{"address":"11829.0 167B AVENUE NW","assessed_value":397500},{"address":"309.0 CLAREVIEW STATION DRIVE NW","assessed_value":117000},{"address":"14031.0 38 STREET NW","assessed_value":470500},{"address":"10503.0 98 AVENUE NW","assessed_value":173500},{"address":"207.0 60 STREET SW","assessed_value":432500},{"address":"160.0 MAGRATH ROAD NW","assessed_value":212500},{"address":"6012.0 STINSON ROAD NW","assessed_value":566500},{"address":"9939.0 109 STREET NW","assessed_value":282500},{"address":"226.0 MACEWAN ROAD SW","assessed_value":173000},{"address":"13005.0 140 AVENUE NW","assessed_value":233500},{"address":"11947.0 20 AVENUE SW","assessed_value":422000},{"address":"2417.0 CAMERON RAVINE DRIVE NW","assessed_value":1538500},{"address":"9020.0 JASPER AVENUE NW","assessed_value":206000},{"address":"914.0 HODGINS ROAD NW","assessed_value":682500},{"address":"8087.0 SHASKE DRIVE NW","assessed_value":540000},{"address":"3119.0 24 AVENUE NW","assessed_value":465000},{"address":"9525.0 162 AVENUE NW","assessed_value":149000},{"address":"8097.0 SHASKE DRIVE NW","assessed_value":545000},{"address":"3707.0 11 STREET NW","assessed_value":393000},{"address":"2215.0 STAN WATERS AVENUE NW","assessed_value":647500},{"address":"9005.0 SCOTT CRESCENT NW","assessed_value":352000},{"address":"11214.0 80 STREET NW","assessed_value":143500},{"address":"10003.0 87 AVENUE NW","assessed_value":153000},{"address":"158.0 63 STREET SW","assessed_value":458500},{"address":"11120.0 68 AVENUE NW","assessed_value":307500},{"address":"2503.0 24 STREET NW","assessed_value":277000},{"address":"671.0 SILVER BERRY ROAD NW","assessed_value":222500},{"address":"4312.0 55 AVENUE NW","assessed_value":8957000},{"address":"9499.0 137 AVENUE NW","assessed_value":80852000},{"address":"11840.0 88 STREET NW","assessed_value":49500},{"address":"140.0 62 STREET SW","assessed_value":424500},{"address":"4304.0 139 AVENUE NW","assessed_value":156500},{"address":"13635.0 34 STREET NW","assessed_value":120000},{"address":"5604.0 199 STREET NW","assessed_value":243000},{"address":"nan nan","assessed_value":4500},{"address":"10309.0 107 STREET NW","assessed_value":384000},{"address":"14023.0 147 AVENUE NW","assessed_value":437000},{"address":"10640.0 123 STREET NW","assessed_value":90500},{"address":"12925.0 65 STREET NW","assessed_value":92500},{"address":"4916.0 MACTAGGART COURT NW","assessed_value":1049500},{"address":"63.0 WINDERMERE DRIVE SW","assessed_value":1733500},{"address":"6031.0 MAYNARD WAY NW","assessed_value":852500},{"address":"5444.0 162B AVENUE NW","assessed_value":435500},{"address":"5340.0 199 STREET NW","assessed_value":165000},{"address":"3225.0 71 STREET NW","assessed_value":124500},{"address":"8018.0 109 STREET NW","assessed_value":348000},{"address":"10514.0 92 STREET NW","assessed_value":82000},{"address":"1552.0 37A AVENUE NW","assessed_value":457500},{"address":"10649.0 SASKATCHEWAN DRIVE NW","assessed_value":331000},{"address":"nan nan","assessed_value":4000},{"address":"7510.0 89 STREET NW","assessed_value":245000},{"address":"3520.0 11 STREET NW","assessed_value":421500},{"address":"nan nan","assessed_value":6500},{"address":"8488.0 SLOANE CRESCENT NW","assessed_value":517500},{"address":"5034.0 MCLUHAN ROAD NW","assessed_value":1087000},{"address":"9331.0 103A AVENUE NW","assessed_value":277500},{"address":"9422.0 STEIN WAY NW","assessed_value":437500},{"address":"282.0 MAGRATH BOULEVARD NW","assessed_value":738000},{"address":"16405.0 60 STREET NW","assessed_value":382000},{"address":"17047.0 73 STREET NW","assessed_value":738000},{"address":"1343.0 118A STREET SW","assessed_value":476000},{"address":"21008.0 59 AVENUE NW","assessed_value":418500},{"address":"14736.0 140 STREET NW","assessed_value":404000},{"address":"160.0 MAGRATH ROAD NW","assessed_value":280000},{"address":"nan nan","assessed_value":6500},{"address":"5350.0 199 STREET NW","assessed_value":166000},{"address":"nan nan","assessed_value":7000},{"address":"21320.0 46 AVENUE NW","assessed_value":350500},{"address":"nan nan","assessed_value":9500},{"address":"3732.0 12 STREET NW","assessed_value":511500},{"address":"12730.0 118 AVENUE NW","assessed_value":53000},{"address":"12925.0 65 STREET NW","assessed_value":99000},{"address":"151.0 EDWARDS DRIVE SW","assessed_value":152500},{"address":"9707.0 106 STREET NW","assessed_value":370500},{"address":"nan nan","assessed_value":8500},{"address":"10640.0 123 STREET NW","assessed_value":99500},{"address":"11453.0 ELLERSLIE ROAD SW","assessed_value":168000},{"address":"20608.0 49 AVENUE NW","assessed_value":472000},{"address":"337.0 GRIESBACH SCHOOL ROAD NW","assessed_value":345500},{"address":"111.0 EDWARDS DRIVE SW","assessed_value":155500},{"address":"1043.0 117A STREET SW","assessed_value":381500},{"address":"1314.0 LATTA CRESCENT NW","assessed_value":613500},{"address":"16006.0 49 STREET NW","assessed_value":437500},{"address":"7511.0 171 STREET NW","assessed_value":128500},{"address":"nan nan","assessed_value":7500},{"address":"nan nan","assessed_value":7500},{"address":"10700.0 104 AVENUE NW","assessed_value":60740000},{"address":"9022.0 SCOTT CRESCENT NW","assessed_value":423500},{"address":"2425.0 BOWEN WYND SW","assessed_value":661000},{"address":"nan nan","assessed_value":7500},{"address":"4833.0 209A STREET NW","assessed_value":610000},{"address":"11233.0 124 STREET NW","assessed_value":73000},{"address":"18259.0 103 STREET NW","assessed_value":562000},{"address":"5180.0 MULLEN ROAD NW","assessed_value":756500},{"address":"2008.0 70 STREET SW","assessed_value":445500},{"address":"9905.0 81 AVENUE NW","assessed_value":284000},{"address":"4407.0 23 STREET NW","assessed_value":160000},{"address":"9525.0 162 AVENUE NW","assessed_value":122500},{"address":"1941.0 119A STREET SW","assessed_value":424500},{"address":"17826.0 107 AVENUE NW","assessed_value":395000},{"address":"3105.0 SPENCE WYND SW","assessed_value":498000},{"address":"11403.0 101 STREET NW","assessed_value":932500},{"address":"4407.0 23 STREET NW","assessed_value":158000},{"address":"155.0 EDWARDS DRIVE SW","assessed_value":157500},{"address":"nan nan","assessed_value":7500},{"address":"8631.0 108 STREET NW","assessed_value":380500},{"address":"627.0 61 STREET SW","assessed_value":479000},{"address":"nan nan","assessed_value":8000},{"address":"1142.0 36A AVENUE NW","assessed_value":524500},{"address":"4523.0 210 STREET NW","assessed_value":488500},{"address":"3144.0 24 AVENUE NW","assessed_value":473500},{"address":"9225.0 SCOTT LANE NW","assessed_value":469500},{"address":"10639.0 112 STREET NW","assessed_value":81000},{"address":"13907.0 136 STREET NW","assessed_value":159500},{"address":"648.0 61 STREET SW","assessed_value":528500},{"address":"4708.0 207 STREET NW","assessed_value":457500},{"address":"6605.0 SANDIN COVE NW","assessed_value":573500},{"address":"11107.0 108 AVENUE NW","assessed_value":153500},{"address":"14205.0 96 AVENUE NW","assessed_value":428500},{"address":"7511.0 171 STREET NW","assessed_value":158000},{"address":"15156.0 33 STREET NW","assessed_value":356500},{"address":"754.0 HARDY POINT NW","assessed_value":654000},{"address":"7204.0 81 AVENUE NW","assessed_value":109500},{"address":"3010.0 33 AVENUE NW","assessed_value":230500},{"address":"16035.0 132 STREET NW","assessed_value":251000},{"address":"nan nan","assessed_value":9500},{"address":"16212.0 136 STREET NW","assessed_value":614000},{"address":"681.0 LEGER WAY NW","assessed_value":538500},{"address":"12925.0 65 STREET NW","assessed_value":95000},{"address":"9026.0 JASPER AVENUE NW","assessed_value":235000},{"address":"520.0 59 STREET SW","assessed_value":476500},{"address":"155.0 EDWARDS DRIVE SW","assessed_value":152500},{"address":"347.0 GRIESBACH SCHOOL ROAD NW","assessed_value":568000},{"address":"nan nan","assessed_value":4000},{"address":"1436.0 37B AVENUE NW","assessed_value":505500},{"address":"10224.0 152 STREET NW","assessed_value":349500},{"address":"nan nan","assessed_value":7500},{"address":"1379.0 117 STREET SW","assessed_value":611000},{"address":"7511.0 171 STREET NW","assessed_value":153000},{"address":"9561.0 143 STREET NW","assessed_value":595500},{"address":"nan nan","assessed_value":2500},{"address":"2096.0 BLACKMUD CREEK DRIVE SW","assessed_value":128000},{"address":"7127.0 168 AVENUE NW","assessed_value":572500},{"address":"nan nan","assessed_value":9500},{"address":"12831.0 66 STREET NW","assessed_value":52000},{"address":"10682.0 63 AVENUE NW","assessed_value":435000},{"address":"nan nan","assessed_value":5500},{"address":"12550.0 140 AVENUE NW","assessed_value":152500},{"address":"21347.0 91A AVENUE NW","assessed_value":407500},{"address":"nan nan","assessed_value":6500},{"address":"4522.0 DONSDALE DRIVE NW","assessed_value":965500},{"address":"nan nan","assessed_value":10000},{"address":"2031.0 BRENNAN CRESCENT NW","assessed_value":473500},{"address":"4244.0 162 AVENUE NW","assessed_value":424500},{"address":"10520.0 80 AVENUE NW","assessed_value":157500},{"address":"1440.0 POTTER GREENS DRIVE NW","assessed_value":551500},{"address":"15211.0 139 STREET NW","assessed_value":160500},{"address":"nan nan","assessed_value":7500},{"address":"9020.0 JASPER AVENUE NW","assessed_value":219500},{"address":"2031.0 BRENNAN CRESCENT NW","assessed_value":534000},{"address":"5280.0 TERWILLEGAR BOULEVARD NW","assessed_value":206000},{"address":"21319.0 48 AVENUE NW","assessed_value":358000},{"address":"3765.0 13 STREET NW","assessed_value":504000},{"address":"nan nan","assessed_value":10000},{"address":"nan nan","assessed_value":22500},{"address":"10136.0 153 STREET NW","assessed_value":100000},{"address":"11140.0 68 AVENUE NW","assessed_value":341000},{"address":"12050.0 17 AVENUE SW","assessed_value":238000},{"address":"1325.0 MALONE PLACE NW","assessed_value":643500},{"address":"nan nan","assessed_value":4000},{"address":"11453.0 ELLERSLIE ROAD SW","assessed_value":138500},{"address":"nan nan","assessed_value":7000},{"address":"nan nan","assessed_value":9500},{"address":"6626.0 SANDIN COVE NW","assessed_value":750500},{"address":"10812.0 115 STREET NW","assessed_value":98000},{"address":"nan nan","assessed_value":3000},{"address":"2565.0 HANNA CRESCENT NW","assessed_value":230500},{"address":"4822.0 209A STREET NW","assessed_value":560500},{"address":"9472.0 216 STREET NW","assessed_value":518500},{"address":"160.0 MAGRATH ROAD NW","assessed_value":270500},{"address":"13415.0 162 AVENUE NW","assessed_value":511000},{"address":"3610.0 43 AVENUE NW","assessed_value":110000},{"address":"nan nan","assessed_value":5500},{"address":"nan nan","assessed_value":4000},{"address":"15211.0 139 STREET NW","assessed_value":155000},{"address":"nan nan","assessed_value":21000},{"address":"3224.0 151 AVENUE NW","assessed_value":464500},{"address":"11453.0 ELLERSLIE ROAD SW","assessed_value":167000},{"address":"10131.0 159 STREET NW","assessed_value":94500},{"address":"4613.0 160 AVENUE NW","assessed_value":425500},{"address":"8614.0 SLOANE COURT NW","assessed_value":623500},{"address":"7510.0 89 STREET NW","assessed_value":402500},{"address":"11445.0 ELLERSLIE ROAD SW","assessed_value":141500},{"address":"10319.0 111 STREET NW","assessed_value":268000},{"address":"8640.0 106 AVENUE NW","assessed_value":44500},{"address":"14208.0 36 STREET NW","assessed_value":316000},{"address":"10164.0 150 STREET NW","assessed_value":71500},{"address":"9707.0 106 STREET NW","assessed_value":178000},{"address":"10309.0 107 STREET NW","assessed_value":298500},{"address":"11218.0 80 STREET NW","assessed_value":152500},{"address":"390.0 BRINTNELL BOULEVARD NW","assessed_value":482000},{"address":"12110.0 119 AVENUE NW","assessed_value":112500},{"address":"539.0 STEWART CRESCENT SW","assessed_value":686500},{"address":"nan nan","assessed_value":2500},{"address":"16012.0 48 STREET NW","assessed_value":450500},{"address":"nan nan","assessed_value":8000},{"address":"13908.0 136 STREET NW","assessed_value":163000},{"address":"nan nan","assessed_value":6500},{"address":"321.0 MAPLE WOOD DRIVE NW","assessed_value":80500},{"address":"13710.0 150 AVENUE NW","assessed_value":164000},{"address":"7407.0 170 AVENUE NW","assessed_value":521000},{"address":"16224.0 55 STREET NW","assessed_value":379500},{"address":"13111.0 140 AVENUE NW","assessed_value":194500},{"address":"20619.0 57 AVENUE NW","assessed_value":580500},{"address":"150.0 EDWARDS DRIVE SW","assessed_value":238000},{"address":"nan nan","assessed_value":7500},{"address":"10115.0 108 AVENUE NW","assessed_value":82500},{"address":"1427.0 37A AVENUE NW","assessed_value":621000},{"address":"5522.0 206A STREET NW","assessed_value":524500},{"address":"nan nan","assessed_value":2000},{"address":"17907.0 110A STREET NW","assessed_value":669500},{"address":"nan nan","assessed_value":14500},{"address":"nan nan","assessed_value":6500},{"address":"15211.0 139 STREET NW","assessed_value":139000},{"address":"14125.0 147A AVENUE NW","assessed_value":479000},{"address":"6949.0 STROM LANE NW","assessed_value":563500},{"address":"5340.0 199 STREET NW","assessed_value":169500},{"address":"17623.0 86 STREET NW","assessed_value":643000},{"address":"16310.0 55 STREET NW","assessed_value":422500},{"address":"nan nan","assessed_value":3000},{"address":"2816.0 34 AVENUE NW","assessed_value":267500},{"address":"10165.0 113 STREET NW","assessed_value":156000},{"address":"nan nan","assessed_value":9500},{"address":"3075.0 TRELLE CRESCENT NW","assessed_value":267500},{"address":"21319.0 59 AVENUE NW","assessed_value":405000},{"address":"nan nan","assessed_value":9500},{"address":"2032.0 126 STREET SW","assessed_value":509000},{"address":"nan nan","assessed_value":5500},{"address":"nan nan","assessed_value":16000},{"address":"7211.0 170 AVENUE NW","assessed_value":697500},{"address":"309.0 CLAREVIEW STATION DRIVE NW","assessed_value":162000},{"address":"1970.0 119A STREET SW","assessed_value":374000},{"address":"7510.0 89 STREET NW","assessed_value":285500},{"address":"11140.0 68 AVENUE NW","assessed_value":303500},{"address":"7840.0 16 AVENUE SW","assessed_value":531000},{"address":"nan nan","assessed_value":7500},{"address":"2545.0 116 STREET NW","assessed_value":126500},{"address":"12046.0 67 STREET NW","assessed_value":306000},{"address":"nan nan","assessed_value":16000},{"address":"3011.0 24 AVENUE NW","assessed_value":521000},{"address":"nan nan","assessed_value":7000},{"address":"304.0 LEWIS ESTATES BOULEVARD NW","assessed_value":151000},{"address":"7015.0 STROM LANE NW","assessed_value":654500},{"address":"nan nan","assessed_value":4000},{"address":"9939.0 109 STREET NW","assessed_value":167500},{"address":"nan nan","assessed_value":6500},{"address":"7657.0 SCHMID CRESCENT NW","assessed_value":445000},{"address":"11441.0 ELLERSLIE ROAD SW","assessed_value":148500},{"address":"150.0 EDWARDS DRIVE SW","assessed_value":169000},{"address":"6916.0 18 AVENUE SW","assessed_value":945500},{"address":"10145.0 113 STREET NW","assessed_value":103000},{"address":"12067.0 21 AVENUE SW","assessed_value":600500},{"address":"703.0 HARDY POINT NW","assessed_value":560500},{"address":"11449.0 ELLERSLIE ROAD SW","assessed_value":147500},{"address":"150.0 EDWARDS DRIVE SW","assessed_value":169000},{"address":"747.0 HARDY POINT NW","assessed_value":575500},{"address":"10555.0 93 STREET NW","assessed_value":79500},{"address":"nan nan","assessed_value":7000},{"address":"11411.0 13 AVENUE SW","assessed_value":380000},{"address":"10021.0 116 STREET NW","assessed_value":87500},{"address":"14315.0 STONY PLAIN ROAD NW","assessed_value":388500},{"address":"10232.0 154 STREET NW","assessed_value":277500},{"address":"4823.0 104A STREET NW","assessed_value":152500},{"address":"nan nan","assessed_value":16000},{"address":"111.0 EDWARDS DRIVE SW","assessed_value":125000},{"address":"3904.0 53 AVENUE NW","assessed_value":10582000},{"address":"13111.0 140 AVENUE NW","assessed_value":173500},{"address":"8528.0 82 AVENUE NW","assessed_value":144000},{"address":"13005.0 140 AVENUE NW","assessed_value":162500},{"address":"7677.0 SCHMID CRESCENT NW","assessed_value":487000},{"address":"2346.0 27 AVENUE NW","assessed_value":424000},{"address":"11840.0 88 STREET NW","assessed_value":49500},{"address":"1549.0 37C AVENUE NW","assessed_value":547000},{"address":"nan nan","assessed_value":7000},{"address":"11441.0 ELLERSLIE ROAD SW","assessed_value":176000},{"address":"nan nan","assessed_value":5000},{"address":"nan nan","assessed_value":18500},{"address":"5903.0 6 AVENUE SW","assessed_value":530500},{"address":"1452.0 37A AVENUE NW","assessed_value":550000},{"address":"5340.0 199 STREET NW","assessed_value":163000},{"address":"10640.0 111 STREET NW","assessed_value":98500},{"address":"11708.0 124 STREET NW","assessed_value":67000},{"address":"4407.0 23 STREET NW","assessed_value":162500},{"address":"11233.0 124 STREET NW","assessed_value":67000},{"address":"nan nan","assessed_value":4500},{"address":"1330.0 LATTA CRESCENT NW","assessed_value":608500},{"address":"nan nan","assessed_value":7000},{"address":"nan nan","assessed_value":9500},{"address":"nan nan","assessed_value":6500},{"address":"11449.0 ELLERSLIE ROAD SW","assessed_value":168000},{"address":"17415.0 110 STREET NW","assessed_value":609000},{"address":"13907.0 136 STREET NW","assessed_value":165500},{"address":"10633.0 81 AVENUE NW","assessed_value":128000},{"address":"8431.0 16A AVENUE SW","assessed_value":644500},{"address":"3449.0 11 STREET NW","assessed_value":342000},{"address":"nan nan","assessed_value":6500},{"address":"6009.0 213 STREET NW","assessed_value":346500},{"address":"12050.0 17 AVENUE SW","assessed_value":256500},{"address":"9020.0 JASPER AVENUE NW","assessed_value":270500},{"address":"nan nan","assessed_value":3000},{"address":"10640.0 123 STREET NW","assessed_value":83500},{"address":"nan nan","assessed_value":3000},{"address":"14208.0 36 STREET NW","assessed_value":288500},{"address":"16760.0 118 STREET NW","assessed_value":469500},{"address":"nan nan","assessed_value":4500},{"address":"nan nan","assessed_value":6500},{"address":"9020.0 JASPER AVENUE NW","assessed_value":266500},{"address":"2816.0 34 AVENUE NW","assessed_value":261500},{"address":"4835.0 104A STREET NW","assessed_value":209000},{"address":"12431.0 79 STREET NW","assessed_value":224000},{"address":"7806.0 SCHMID PLACE NW","assessed_value":401000},{"address":"10035.0 155 STREET NW","assessed_value":62000},{"address":"nan nan","assessed_value":6500},{"address":"7608.0 SCHMID CRESCENT NW","assessed_value":504500},{"address":"nan nan","assessed_value":7000},{"address":"10160.0 83 AVENUE NW","assessed_value":109000},{"address":"10649.0 SASKATCHEWAN DRIVE NW","assessed_value":342000},{"address":"21240.0 91 AVENUE NW","assessed_value":426500},{"address":"9707.0 106 STREET NW","assessed_value":643000},{"address":"nan nan","assessed_value":4000},{"address":"1128.0 156 STREET NW","assessed_value":298500},{"address":"1023.0 117A STREET SW","assessed_value":360500},{"address":"nan nan","assessed_value":16000},{"address":"5340.0 199 STREET NW","assessed_value":128500},{"address":"11449.0 ELLERSLIE ROAD SW","assessed_value":138500},{"address":"11838.0 21 AVENUE SW","assessed_value":386500},{"address":"21112.0 46 AVENUE NW","assessed_value":552500},{"address":"1626.0 KERR ROAD NW","assessed_value":625000},{"address":"20611.0 46 AVENUE NW","assessed_value":457000},{"address":"21312.0 45A AVENUE NW","assessed_value":349000},{"address":"10639.0 112 STREET NW","assessed_value":99000},{"address":"14208.0 36 STREET NW","assessed_value":292000},{"address":"7601.0 SCHMID CRESCENT NW","assessed_value":660500},{"address":"nan nan","assessed_value":3000},{"address":"3040.0 SPENCE WYND SW","assessed_value":182500},{"address":"764.0 HARDY POINT NW","assessed_value":652500},{"address":"13635.0 34 STREET NW","assessed_value":138500},{"address":"5413.0 MCLUHAN END NW","assessed_value":822000},{"address":"6144.0 STINSON WAY NW","assessed_value":539500},{"address":"4823.0 104A STREET NW","assessed_value":149000},{"address":"nan nan","assessed_value":7000},{"address":"13111.0 140 AVENUE NW","assessed_value":196500},{"address":"nan nan","assessed_value":18500},{"address":"1912.0 74 STREET SW","assessed_value":377500},{"address":"nan nan","assessed_value":4000},{"address":"122.0 63 STREET SW","assessed_value":421000},{"address":"3040.0 SPENCE WYND SW","assessed_value":179500},{"address":"1915.0 125 STREET SW","assessed_value":644500},{"address":"10640.0 123 STREET NW","assessed_value":80000},{"address":"10746.0 80 AVENUE NW","assessed_value":136000},{"address":"4526.0 214 STREET NW","assessed_value":355500},{"address":"10203.0 159 STREET NW","assessed_value":316500},{"address":"nan nan","assessed_value":7500},{"address":"1130.0 TORY ROAD NW","assessed_value":186000},{"address":"21230.0 45A AVENUE NW","assessed_value":360000},{"address":"20512.0 92 AVENUE NW","assessed_value":544000},{"address":"5350.0 199 STREET NW","assessed_value":163000},{"address":"nan nan","assessed_value":14500},{"address":"5311.0 165 AVENUE NW","assessed_value":540500},{"address":"2503.0 24 STREET NW","assessed_value":277000},{"address":"21127.0 48 AVENUE NW","assessed_value":721000},{"address":"12922.0 118 AVENUE NW","assessed_value":68000},{"address":"10131.0 159 STREET NW","assessed_value":97500},{"address":"17415.0 99 AVENUE NW","assessed_value":199500},{"address":"8629.0 SLOANE COURT NW","assessed_value":584000},{"address":"12550.0 140 AVENUE NW","assessed_value":167000},{"address":"3812.0 163 AVENUE NW","assessed_value":489000},{"address":"nan nan","assessed_value":7500},{"address":"1128.0 156 STREET NW","assessed_value":317000},{"address":"6232.0 5 AVENUE SW","assessed_value":31500},{"address":"nan nan","assessed_value":4000},{"address":"7711.0 SCHMID CRESCENT NW","assessed_value":429500},{"address":"160.0 MAGRATH ROAD NW","assessed_value":267500},{"address":"10203.0 156 STREET NW","assessed_value":78000},{"address":"226.0 MACEWAN ROAD SW","assessed_value":173000},{"address":"nan nan","assessed_value":9500},{"address":"nan nan","assessed_value":18500},{"address":"13710.0 150 AVENUE NW","assessed_value":156500},{"address":"17064.0 81 STREET NW","assessed_value":470000},{"address":"10615.0 110 STREET NW","assessed_value":90000},{"address":"2436.0 GUARDIAN ROAD NW","assessed_value":231500},{"address":"349.0 BRINTNELL BOULEVARD NW","assessed_value":409500},{"address":"3216.0 26 AVENUE NW","assessed_value":484000},{"address":"9525.0 162 AVENUE NW","assessed_value":142000},{"address":"2617.0 BOWEN WAY SW","assessed_value":609000},{"address":"nan nan","assessed_value":9500},{"address":"1328.0 117 STREET SW","assessed_value":572500},{"address":"2036.0 125 STREET SW","assessed_value":630000},{"address":"nan nan","assessed_value":6500},{"address":"10725.0 111 STREET NW","assessed_value":98000},{"address":"11453.0 ELLERSLIE ROAD SW","assessed_value":167000},{"address":"21316.0 48 AVENUE NW","assessed_value":353000},{"address":"11445.0 ELLERSLIE ROAD SW","assessed_value":131500},{"address":"nan nan","assessed_value":7500},{"address":"6608.0 158 AVENUE NW","assessed_value":268500},{"address":"1819.0 32 AVENUE NW","assessed_value":628500},{"address":"7511.0 171 STREET NW","assessed_value":117500},{"address":"14111.0 147 AVENUE NW","assessed_value":399000},{"address":"5347.0 MULLEN BEND NW","assessed_value":822000},{"address":"12008.0 21 AVENUE SW","assessed_value":564000},{"address":"8612.0 178 AVENUE NW","assessed_value":610500},{"address":"226.0 MACEWAN ROAD SW","assessed_value":173000},{"address":"5612.0 208 STREET NW","assessed_value":485500},{"address":"6944.0 STROM LANE NW","assessed_value":608000},{"address":"4304.0 139 AVENUE NW","assessed_value":152000},{"address":"7511.0 171 STREET NW","assessed_value":147500},{"address":"nan nan","assessed_value":8500},{"address":"16764.0 119 STREET NW","assessed_value":492500},{"address":"897.0 HODGINS ROAD NW","assessed_value":634000},{"address":"20755.0 90 AVENUE NW","assessed_value":605000},{"address":"3224.0 152 AVENUE NW","assessed_value":358500},{"address":"10555.0 93 STREET NW","assessed_value":90000},{"address":"nan nan","assessed_value":6500},{"address":"nan nan","assessed_value":4000},{"address":"5624.0 207 STREET NW","assessed_value":664000},{"address":"503.0 60 STREET SW","assessed_value":499500},{"address":"15211.0 139 STREET NW","assessed_value":160500},{"address":"11308.0 127 AVENUE NW","assessed_value":71500},{"address":"nan nan","assessed_value":7500},{"address":"8640.0 106 AVENUE NW","assessed_value":53000},{"address":"6054.0 STANTON DRIVE SW","assessed_value":424000},{"address":"150.0 EDWARDS DRIVE SW","assessed_value":237500},{"address":"1015.0 RUTHERFORD ROAD SW","assessed_value":499500},{"address":"10738.0 95 STREET NW","assessed_value":1332000},{"address":"4519.0 209 STREET NW","assessed_value":516000},{"address":"1511.0 37B AVENUE NW","assessed_value":464000},{"address":"13420.0 160 AVENUE NW","assessed_value":643000},{"address":"nan nan","assessed_value":7000},{"address":"2043.0 126 STREET SW","assessed_value":592500},{"address":"nan nan","assessed_value":8500},{"address":"6205.0 98 AVENUE NW","assessed_value":74500},{"address":"nan nan","assessed_value":6500},{"address":"3215.0 26 AVENUE NW","assessed_value":492000},{"address":"4835.0 104A STREET NW","assessed_value":175000},{"address":"4108.0 MACNEIL COURT NW","assessed_value":805000},{"address":"16631.0 59 STREET NW","assessed_value":505500},{"address":"8631.0 108 STREET NW","assessed_value":377500},{"address":"12928.0 64 STREET NW","assessed_value":61000},{"address":"1583.0 RUTHERFORD ROAD SW","assessed_value":409000},{"address":"9489.0 216 STREET NW","assessed_value":579500},{"address":"9725.0 82 AVENUE NW","assessed_value":102500},{"address":"617.0 62 STREET SW","assessed_value":342500},{"address":"1108.0 118A STREET SW","assessed_value":490500},{"address":"5350.0 199 STREET NW","assessed_value":209000},{"address":"nan nan","assessed_value":6500},{"address":"4604.0 205 STREET NW","assessed_value":521500},{"address":"160.0 MAGRATH ROAD NW","assessed_value":192000},{"address":"11712.0 13 AVENUE SW","assessed_value":434500},{"address":"nan nan","assessed_value":8000},{"address":"15631.0 42 STREET NW","assessed_value":535000},{"address":"7643.0 SCHMID CRESCENT NW","assessed_value":423500},{"address":"5536.0 209 STREET NW","assessed_value":448500},{"address":"1506.0 37B AVENUE NW","assessed_value":517000},{"address":"155.0 EDWARDS DRIVE NW","assessed_value":147500},{"address":"1431.0 37C AVENUE NW","assessed_value":488000},{"address":"17932.0 90 STREET NW","assessed_value":478000},{"address":"nan nan","assessed_value":7500},{"address":"11916.0 104 STREET NW","assessed_value":81000},{"address":"11445.0 ELLERSLIE ROAD SW","assessed_value":168500},{"address":"12722.0 118 AVENUE NW","assessed_value":56000},{"address":"14205.0 96 AVENUE NW","assessed_value":281000},{"address":"16207.0 54B STREET NW","assessed_value":474500},{"address":"nan nan","assessed_value":4000},{"address":"nan nan","assessed_value":6500},{"address":"1633.0 RUTHERFORD ROAD SW","assessed_value":411500},{"address":"1508.0 75 STREET SW","assessed_value":369000},{"address":"7075.0 SOUTH TERWILLEGAR DRIVE NW","assessed_value":10000},{"address":"nan nan","assessed_value":6500},{"address":"3010.0 33 AVENUE NW","assessed_value":230500},{"address":"10606.0 123 STREET NW","assessed_value":96500},{"address":"nan nan","assessed_value":9500},{"address":"111.0 EDWARDS DRIVE SW","assessed_value":121000},{"address":"6105.0 STINSON WAY NW","assessed_value":635000},{"address":"4531.0 212A STREET NW","assessed_value":357500}]