[{"address":"12237.0 54 STREET NW","assessed_value":288000},{"address":"12923.0 28 STREET NW","assessed_value":367000},{"address":"744.0 WHISTON COURT NW","assessed_value":534500},{"address":"227.0 EVERGREEN PARK NW","assessed_value":32500},{"address":"3418.0 120 AVENUE NW","assessed_value":273000},{"address":"35.0 HUGHES ROAD NW","assessed_value":353000},{"address":"9620.0 174 STREET NW","assessed_value":137500},{"address":"4003.0 98 STREET NW","assessed_value":265000},{"address":"10714.0 38 STREET NW","assessed_value":246000},{"address":"1295.0 CARTER CREST ROAD NW","assessed_value":320000},{"address":"3207.0 139 AVENUE NW","assessed_value":177000},{"address":"11506.0 9A AVENUE NW","assessed_value":465000},{"address":"10881.0 74 STREET NW","assessed_value":473500},{"address":"102.0 HOWSON CRESCENT NW","assessed_value":437000},{"address":"11002.0 76 STREET NW","assessed_value":13500},{"address":"10923.0 31 STREET NW","assessed_value":335000},{"address":"13208.0 42 STREET NW","assessed_value":337500},{"address":"12412.0 52 STREET NW","assessed_value":334000},{"address":"11943.0 51 STREET NW","assessed_value":310500},{"address":"11922.0 63 STREET NW","assessed_value":225500},{"address":"3907.0 98 STREET NW","assessed_value":250000},{"address":"nan nan","assessed_value":500},{"address":"12242.0 85 STREET NW","assessed_value":191000},{"address":"10620.0 104 STREET NW","assessed_value":73500},{"address":"11236.0 62 STREET NW","assessed_value":667500},{"address":"17065.0 113 STREET NW","assessed_value":236000},{"address":"14208.0 35 STREET NW","assessed_value":360000},{"address":"1908.0 65 STREET NW","assessed_value":276000},{"address":"11720.0 88 STREET NW","assessed_value":334000},{"address":"10910.0 100 AVENUE NW","assessed_value":500},{"address":"11824.0 71 STREET NW","assessed_value":219500},{"address":"11245.0 92 STREET NW","assessed_value":211500},{"address":"55.0 MAPLE RIDGE DRIVE NW","assessed_value":37500},{"address":"11521.0 89 STREET NW","assessed_value":279000},{"address":"15499.0 CASTLE DOWNS ROAD NW","assessed_value":218500},{"address":"16916.0 116 STREET NW","assessed_value":432500},{"address":"nan nan","assessed_value":10500},{"address":"3005.0 139 AVENUE NW","assessed_value":235500},{"address":"15499.0 CASTLE DOWNS ROAD NW","assessed_value":251500},{"address":"3403.0 103 AVENUE NW","assessed_value":357500},{"address":"12410.0 81 STREET NW","assessed_value":313500},{"address":"11349.0 88 STREET NW","assessed_value":229500},{"address":"11227.0 70 STREET NW","assessed_value":313500},{"address":"3407.0 136 AVENUE NW","assessed_value":342500},{"address":"16.0 PARK RIDGE CRESCENT NW","assessed_value":40500},{"address":"11914.0 67 STREET NW","assessed_value":209000},{"address":"5322.0 ADA BOULEVARD NW","assessed_value":707500},{"address":"11922.0 49 STREET NW","assessed_value":252000},{"address":"132.0 WEST VIEW CRESCENT NW","assessed_value":46500},{"address":"13116.0 31 STREET NW","assessed_value":283000},{"address":"2011.0 137 AVENUE NW","assessed_value":197000},{"address":"2330.0 139 AVENUE NW","assessed_value":193000},{"address":"11821.0 39 STREET NW","assessed_value":603000},{"address":"634.0 CHERITON CRESCENT NW","assessed_value":814500},{"address":"390.0 CLAREVIEW ROAD NW","assessed_value":166500},{"address":"11823.0 60 STREET NW","assessed_value":292500},{"address":"1703.0 153 AVENUE NE","assessed_value":1500},{"address":"11415.0 41 AVENUE NW","assessed_value":118000},{"address":"11730.0 139 AVENUE NW","assessed_value":163500},{"address":"3211.0 112 AVENUE NW","assessed_value":312000},{"address":"11318.0 50 STREET NW","assessed_value":337500},{"address":"21.0 MAPLE TERRACE NW","assessed_value":75500},{"address":"nan nan","assessed_value":9500},{"address":"3316.0 104 AVENUE NW","assessed_value":342500},{"address":"9918.0 101 STREET NW","assessed_value":148500},{"address":"nan nan","assessed_value":8000},{"address":"12932.0 28 STREET NW","assessed_value":294500},{"address":"9619.0 174 STREET NW","assessed_value":125500},{"address":"6014.0 120 AVENUE NW","assessed_value":260000},{"address":"15132.0 20 STREET NW","assessed_value":397000},{"address":"826.0 116A STREET NW","assessed_value":416000},{"address":"12812.0 46 STREET NW","assessed_value":351500},{"address":"2534.0 138A AVENUE NW","assessed_value":152500},{"address":"4664.0 126 AVENUE NW","assessed_value":252000},{"address":"10731.0 SASKATCHEWAN DRIVE NW","assessed_value":499500},{"address":"10908.0 75 STREET NW","assessed_value":727500},{"address":"nan nan","assessed_value":8000},{"address":"6920.0 159A AVENUE NW","assessed_value":448000},{"address":"18924.0 72A AVENUE NW","assessed_value":442000},{"address":"4234.0 116 AVENUE NW","assessed_value":319500},{"address":"133.0 HOMESTEAD CRESCENT NW","assessed_value":350500},{"address":"13328.0 22 STREET NW","assessed_value":435000},{"address":"nan nan","assessed_value":14500},{"address":"11802.0 54 STREET NW","assessed_value":287000},{"address":"8122.0 GATEWAY BOULEVARD NW","assessed_value":1529000},{"address":"10508.0 119 STREET NW","assessed_value":212500},{"address":"11139.0 51 STREET NW","assessed_value":645500},{"address":"4705.0 128A AVENUE NW","assessed_value":322500},{"address":"2716.0 136A AVENUE NW","assessed_value":244500},{"address":"3324.0 106 AVENUE NW","assessed_value":146500},{"address":"11905.0 38 STREET NW","assessed_value":252000},{"address":"11917.0 48 STREET NW","assessed_value":235000},{"address":"11251.0 57 STREET NW","assessed_value":405000},{"address":"3526.0 121 AVENUE NW","assessed_value":280500},{"address":"8808.0 124 AVENUE NW","assessed_value":284000},{"address":"14235.0 26 STREET NW","assessed_value":289000},{"address":"8617.0 158A AVENUE NW","assessed_value":498000},{"address":"10515.0 86 AVENUE NW","assessed_value":500},{"address":"11516.0 170 AVENUE NW","assessed_value":477500},{"address":"3512.0 107 AVENUE NW","assessed_value":325000},{"address":"11416.0 82 STREET NW","assessed_value":259500},{"address":"598.0 ABBOTTSFIELD ROAD NW","assessed_value":148500},{"address":"11533.0 9A AVENUE NW","assessed_value":489500},{"address":"310.0 KLINE CRESCENT NW","assessed_value":336000},{"address":"4042.0 111 AVENUE NW","assessed_value":321000},{"address":"5727.0 118 AVENUE NW","assessed_value":518500},{"address":"11615.0 8 AVENUE NW","assessed_value":413500},{"address":"4707.0 133 AVENUE NW","assessed_value":371000},{"address":"3318.0 106 AVENUE NW","assessed_value":126000},{"address":"1035.0 127 STREET SW","assessed_value":758500},{"address":"4613.0 126 AVENUE NW","assessed_value":238500},{"address":"348.0 HUFFMAN CRESCENT NW","assessed_value":347000},{"address":"6823.0 163 AVENUE NW","assessed_value":482000},{"address":"11912.0 78 STREET NW","assessed_value":320000},{"address":"99.0 HENRY AVENUE NW","assessed_value":345000},{"address":"16007.0 67 STREET NW","assessed_value":401000},{"address":"197.0 EVERGREEN PARK NW","assessed_value":25500},{"address":"5003.0 120 AVENUE NW","assessed_value":525500},{"address":"11910.0 76 STREET NW","assessed_value":439000},{"address":"4515.0 76 AVENUE NW","assessed_value":10000},{"address":"3417.0 120 AVENUE NW","assessed_value":280000},{"address":"11620.0 82 STREET NW","assessed_value":114000},{"address":"6710.0 158 AVENUE NW","assessed_value":111000},{"address":"5510.0 WHITEMUD ROAD NW","assessed_value":1849000},{"address":"4445.0 116 AVENUE NW","assessed_value":308500},{"address":"10043.0 166 STREET NW","assessed_value":217500},{"address":"9453.0 156 STREET NW","assessed_value":232500},{"address":"10508.0 119 STREET NW","assessed_value":184000},{"address":"4237.0 116 AVENUE NW","assessed_value":335000},{"address":"11.0 MEADOW CRESCENT NW","assessed_value":41500},{"address":"nan nan","assessed_value":10500},{"address":"6231.0 112 AVENUE NW","assessed_value":408500},{"address":"12820.0 149 AVENUE NW","assessed_value":418500},{"address":"4707.0 126 AVENUE NW","assessed_value":160500},{"address":"15723.0 85 STREET NW","assessed_value":505000},{"address":"11118.0 66 STREET NW","assessed_value":394000},{"address":"11406.0 102 AVENUE NW","assessed_value":404000},{"address":"6802.0 ADA BOULEVARD NW","assessed_value":848000},{"address":"4704.0 121 AVENUE NW","assessed_value":3000},{"address":"53.0 HABITAT CRESCENT NW","assessed_value":160000},{"address":"11312.0 83 STREET NW","assessed_value":315500},{"address":"12431.0 75 STREET NW","assessed_value":291500},{"address":"106.0 ABBOTTSFIELD ROAD NW","assessed_value":145000},{"address":"3638.0 115 AVENUE NW","assessed_value":281500},{"address":"12436.0 87 STREET NW","assessed_value":374500},{"address":"nan nan","assessed_value":5500},{"address":"11406.0 84 STREET NW","assessed_value":231500},{"address":"384.0 HUFFMAN CRESCENT NW","assessed_value":327500},{"address":"11423.0 90 STREET NW","assessed_value":300500},{"address":"14179.0 26 STREET NW","assessed_value":187500},{"address":"12026.0 89 STREET NW","assessed_value":199000},{"address":"1304.0 34 STREET SW","assessed_value":884000},{"address":"11935.0 WAYNE GRETZKY DRIVE NORTHBOUND NW","assessed_value":1678000},{"address":"3111.0 133A AVENUE NW","assessed_value":290000},{"address":"4210.0 GATEWAY BOULEVARD NW","assessed_value":53215500},{"address":"12033.0 42 STREET NW","assessed_value":293500},{"address":"3003.0 113 AVENUE NW","assessed_value":496500},{"address":"4010.0 ADA BOULEVARD NW","assessed_value":551000},{"address":"3287.0 139 AVENUE NW","assessed_value":175500},{"address":"11150.0 69 STREET NW","assessed_value":504000},{"address":"11410.0 66 STREET NW","assessed_value":443500},{"address":"11234.0 90 STREET NW","assessed_value":324000},{"address":"13109.0 31 STREET NW","assessed_value":284000},{"address":"6904.0 111 AVENUE NW","assessed_value":641000},{"address":"9918.0 101 STREET NW","assessed_value":124000},{"address":"11624.0 170 AVENUE NW","assessed_value":541500},{"address":"11833.0 61 STREET NW","assessed_value":239000},{"address":"11449.0 67 STREET NW","assessed_value":288500},{"address":"13443.0 40 STREET NW","assessed_value":214000},{"address":"15056.0 128 STREET NW","assessed_value":361500},{"address":"5212.0 124A AVENUE NW","assessed_value":465000},{"address":"8544.0 126 AVENUE NW","assessed_value":3727000},{"address":"3251.0 139 AVENUE NW","assessed_value":184500},{"address":"6821.0 162A AVENUE NW","assessed_value":480500},{"address":"3522.0 121A AVENUE NW","assessed_value":286000},{"address":"116.0 HOMESTEAD CRESCENT NW","assessed_value":360000},{"address":"559.0 EVERGREEN PARK NW","assessed_value":99500},{"address":"11612.0 90 STREET NW","assessed_value":138000},{"address":"757.0 WHISTON COURT NW","assessed_value":543000},{"address":"12330.0 77 STREET NW","assessed_value":618500},{"address":"2036.0 61 STREET NW","assessed_value":700000},{"address":"11465.0 41 AVENUE NW","assessed_value":130500},{"address":"151.0 WEST VIEW CRESCENT NW","assessed_value":58500},{"address":"3408.0 104 AVENUE NW","assessed_value":339500},{"address":"2011.0 137 AVENUE NW","assessed_value":193500},{"address":"10307.0 31 STREET NW","assessed_value":357000},{"address":"463.0 EVERGREEN PARK NW","assessed_value":30000},{"address":"10508.0 119 STREET NW","assessed_value":221000},{"address":"10745.0 29 AVENUE NW","assessed_value":138500},{"address":"11622.0 70 STREET NW","assessed_value":401500},{"address":"8768.0 189 STREET NW","assessed_value":315500},{"address":"4707.0 126 AVENUE NW","assessed_value":163500},{"address":"11152.0 65 STREET NW","assessed_value":418500},{"address":"3107.0 103 AVENUE NW","assessed_value":330500},{"address":"11941.0 62 STREET NW","assessed_value":270000},{"address":"17031.0 115 STREET NW","assessed_value":410000},{"address":"8203.0 160 AVENUE NW","assessed_value":279000},{"address":"11420.0 40 AVENUE NW","assessed_value":121500},{"address":"13219.0 42 STREET NW","assessed_value":378000},{"address":"12404.0 50 STREET NW","assessed_value":302500},{"address":"4119.0 124 AVENUE NW","assessed_value":424000},{"address":"1113.0 CARTER CREST ROAD NW","assessed_value":536500},{"address":"10818.0 75 STREET NW","assessed_value":2000},{"address":"12236.0 45 STREET NW","assessed_value":284500},{"address":"8807.0 116 AVENUE NW","assessed_value":166500},{"address":"12014.0 64 STREET NW","assessed_value":277500},{"address":"1904.0 MILL WOODS ROAD NW","assessed_value":228000},{"address":"12310.0 76 STREET NW","assessed_value":270500},{"address":"9918.0 101 STREET NW","assessed_value":141500},{"address":"148.0 HUMBERSTONE ROAD NW","assessed_value":379000},{"address":"12135.0 52 STREET NW","assessed_value":281000},{"address":"8623.0 106A STREET NW","assessed_value":1500},{"address":"16425.0 109 STREET NW","assessed_value":118500},{"address":"3609.0 113 AVENUE NW","assessed_value":300500},{"address":"52.0 OAK RIDGE DRIVE NW","assessed_value":43500},{"address":"4408.0 115 AVENUE NW","assessed_value":308500},{"address":"12321.0 89 STREET NW","assessed_value":166500},{"address":"32.0 KEYHOLE CRESCENT NW","assessed_value":32000},{"address":"7844.0 118 AVENUE NW","assessed_value":183000},{"address":"392.0 HUFFMAN CRESCENT NW","assessed_value":320000},{"address":"6011.0 120 AVENUE NW","assessed_value":486500},{"address":"10330.0 104 STREET NW","assessed_value":388000},{"address":"11134.0 63 STREET NW","assessed_value":733000},{"address":"12427.0 52 STREET NW","assessed_value":413500},{"address":"12206.0 38 STREET NW","assessed_value":304000},{"address":"13867.0 27 STREET NW","assessed_value":295500},{"address":"11716.0 100 AVENUE NW","assessed_value":336500},{"address":"3434.0 120A AVENUE NW","assessed_value":246000},{"address":"11816.0 83 STREET NW","assessed_value":1549500},{"address":"9640.0 105 STREET NW","assessed_value":246500},{"address":"12036.0 87 STREET NW","assessed_value":180500},{"address":"4210.0 139 AVENUE NW","assessed_value":133500},{"address":"67.0 HARRISON DRIVE NW","assessed_value":358000},{"address":"163.0 CLAREVIEW ROAD NW","assessed_value":15000},{"address":"726.0 CLAREVIEW ROAD NW","assessed_value":153000},{"address":"6274.0 ADA BOULEVARD NW","assessed_value":1043000},{"address":"3803.0 123 AVENUE NW","assessed_value":500},{"address":"10330.0 104 STREET NW","assessed_value":534000},{"address":"4112.0 122 AVENUE NW","assessed_value":367000},{"address":"11406.0 32 STREET NW","assessed_value":234000},{"address":"3643.0 109 AVENUE NW","assessed_value":253500},{"address":"520.0 BUTTERWORTH WAY NW","assessed_value":630500},{"address":"3271.0 139 AVENUE NW","assessed_value":175500},{"address":"65.0 RIDGEWAY DRIVE NW","assessed_value":58000},{"address":"3414.0 135 AVENUE NW","assessed_value":262000},{"address":"11922.0 69 STREET NW","assessed_value":227000},{"address":"11944.0 63 STREET NW","assessed_value":199000},{"address":"3504.0 MILL WOODS ROAD NW","assessed_value":9971500},{"address":"832.0 114 STREET NW","assessed_value":492000},{"address":"12106.0 40 STREET NW","assessed_value":295500},{"address":"12140.0 82 STREET NW","assessed_value":745500},{"address":"408.0 WEST VIEW CLOSE NW","assessed_value":44500},{"address":"3521.0 122 AVENUE NW","assessed_value":281000},{"address":"12.0 WEST VIEW BOULEVARD NW","assessed_value":47000},{"address":"4847.0 115 AVENUE NW","assessed_value":1500},{"address":"348.0 HERMITAGE ROAD NW","assessed_value":144500},{"address":"12235.0 48 STREET NW","assessed_value":291500},{"address":"12681.0 72 STREET NW","assessed_value":243500},{"address":"11828.0 65 STREET NW","assessed_value":331500},{"address":"nan nan","assessed_value":6500},{"address":"11315.0 92 STREET NW","assessed_value":184500},{"address":"2516.0 131 AVENUE NW","assessed_value":412000},{"address":"454.0 BRECKENRIDGE LANE NW","assessed_value":415500},{"address":"38.0 WILKIN ROAD NW","assessed_value":736000},{"address":"139.0 HUMBERSTONE ROAD NW","assessed_value":351500},{"address":"6915.0 162 AVENUE NW","assessed_value":556000},{"address":"11220.0 79 STREET NW","assessed_value":509500},{"address":"11716.0 100 AVENUE NW","assessed_value":291500},{"address":"13543.0 25 STREET NW","assessed_value":327000},{"address":"14247.0 30 STREET NW","assessed_value":295000},{"address":"11608.0 88 STREET NW","assessed_value":169500},{"address":"11327.0 71 STREET NW","assessed_value":366500},{"address":"12224.0 47 STREET NW","assessed_value":295000},{"address":"11455.0 41 AVENUE NW","assessed_value":137500},{"address":"12211.0 83 STREET NW","assessed_value":260500},{"address":"2939.0 130 AVENUE NW","assessed_value":181000},{"address":"3010.0 132 AVENUE NW","assessed_value":251500},{"address":"848.0 RYAN PLACE NW","assessed_value":514500},{"address":"157.0 ABBOTTSFIELD ROAD NW","assessed_value":168000},{"address":"12324.0 50 STREET NW","assessed_value":308500},{"address":"6710.0 158 AVENUE NW","assessed_value":114500},{"address":"11541.0 68 STREET NW","assessed_value":375000},{"address":"7314.0 111 AVENUE NW","assessed_value":353000},{"address":"20.0 WILLIAM HUSTLER CRESCENT NW","assessed_value":354500},{"address":"3615.0 111 AVENUE NW","assessed_value":329500},{"address":"nan nan","assessed_value":9000},{"address":"187.0 BLACKBURN DRIVE WEST SW","assessed_value":10500},{"address":"10741.0 29 AVENUE NW","assessed_value":93500},{"address":"7521.0 112 AVENUE NW","assessed_value":274500},{"address":"nan nan","assessed_value":14500},{"address":"12208.0 56 STREET NW","assessed_value":404000},{"address":"15812.0 67B STREET NW","assessed_value":390000},{"address":"12028.0 43 STREET NW","assessed_value":289500},{"address":"nan nan","assessed_value":8000},{"address":"9918.0 101 STREET NW","assessed_value":116500},{"address":"42.0 WILLIAM HUSTLER CRESCENT NW","assessed_value":2000},{"address":"9630.0 176 STREET NW","assessed_value":262500},{"address":"10115.0 97A AVENUE NW","assessed_value":500},{"address":"12547.0 71 STREET NW","assessed_value":492500},{"address":"12411.0 52 STREET NW","assessed_value":338500},{"address":"12026.0 86 STREET NW","assessed_value":248000},{"address":"14220.0 35 STREET NW","assessed_value":359500},{"address":"2404.0 133 AVENUE NW","assessed_value":350000},{"address":"11429.0 82 STREET NW","assessed_value":201000},{"address":"11825.0 WAYNE GRETZKY DRIVE NORTHBOUND NW","assessed_value":674000},{"address":"20.0 CLAREVIEW ROAD NW","assessed_value":341500},{"address":"nan nan","assessed_value":9000},{"address":"nan nan","assessed_value":8000},{"address":"13523.0 26 STREET NW","assessed_value":336000},{"address":"11415.0 100 AVENUE NW","assessed_value":284500},{"address":"11444.0 9A AVENUE NW","assessed_value":500},{"address":"197.0 HABITAT CRESCENT NW","assessed_value":164500},{"address":"12414.0 79 STREET NW","assessed_value":308000},{"address":"12139.0 86 STREET NW","assessed_value":520500},{"address":"11325.0 68 STREET NW","assessed_value":478000},{"address":"4513.0 128A AVENUE NW","assessed_value":330500},{"address":"11340.0 63 STREET NW","assessed_value":454500},{"address":"270.0 CLAREVIEW ROAD NW","assessed_value":298000},{"address":"434.0 CLAREVIEW ROAD NW","assessed_value":179500},{"address":"2011.0 137 AVENUE NW","assessed_value":217000},{"address":"100.0 MAYFIELD COMMON NW","assessed_value":114954500},{"address":"16310.0 100 AVENUE NW","assessed_value":973500},{"address":"5.0 MEADOW DRIVE NW","assessed_value":29500},{"address":"4227.0 131 AVENUE NW","assessed_value":394000},{"address":"11339.0 10 AVENUE NW","assessed_value":633500},{"address":"619.0 KLARVATTEN BAY NW","assessed_value":582000},{"address":"3229.0 130A AVENUE NW","assessed_value":310000},{"address":"10508.0 119 STREET NW","assessed_value":281000},{"address":"850.0 RYAN PLACE NW","assessed_value":540000},{"address":"3006.0 132A AVENUE NW","assessed_value":264000},{"address":"464.0 CLAREVIEW ROAD NW","assessed_value":172000},{"address":"12028.0 103 AVENUE NW","assessed_value":242000},{"address":"12125.0 88 STREET NW","assessed_value":164500},{"address":"11154.0 66 STREET NW","assessed_value":453500},{"address":"42.0 EVERGREEN PARK NW","assessed_value":25000},{"address":"11008.0 166A STREET NW","assessed_value":353000},{"address":"6310.0 118 AVENUE NW","assessed_value":1982000},{"address":"13.0 MEADOW CRESCENT NW","assessed_value":32500},{"address":"11301.0 67 STREET NW","assessed_value":330500},{"address":"1604.0 MILL WOODS ROAD EAST NW","assessed_value":193500},{"address":"5911.0 119 AVENUE NW","assessed_value":255500},{"address":"4214.0 115 AVENUE NW","assessed_value":324500},{"address":"10331.0 106 STREET NW","assessed_value":275000},{"address":"10933.0 82 AVENUE NW","assessed_value":332500},{"address":"52.0 RIM ROAD NW","assessed_value":57000},{"address":"721.0 CLAREVIEW ROAD NW","assessed_value":186500},{"address":"11955.0 59 STREET NW","assessed_value":247500},{"address":"778.0 CLAREVIEW ROAD NW","assessed_value":157500},{"address":"11731.0 87 STREET NW","assessed_value":196000},{"address":"4225.0 117 AVENUE NW","assessed_value":340500},{"address":"12409.0 82 STREET NW","assessed_value":57500},{"address":"13831.0 131B AVENUE NW","assessed_value":385500},{"address":"11246.0 91 STREET NW","assessed_value":249000},{"address":"11206.0 66 STREET NW","assessed_value":713500},{"address":"1034.0 WEST MOUNT CRESCENT NW","assessed_value":9500},{"address":"11328.0 87 STREET NW","assessed_value":284500},{"address":"11104.0 35 STREET NW","assessed_value":340000},{"address":"12015.0 60 STREET NW","assessed_value":358000},{"address":"11246.0 84 STREET NW","assessed_value":274000},{"address":"10159.0 155 STREET NW","assessed_value":89000},{"address":"11716.0 100 AVENUE NW","assessed_value":298000},{"address":"8106.0 120 AVENUE NW","assessed_value":243000},{"address":"11326.0 90 STREET NW","assessed_value":298500},{"address":"11506.0 39 AVENUE NW","assessed_value":361000},{"address":"184.0 HUMBERSTONE ROAD NW","assessed_value":340500},{"address":"10828.0 74 STREET NW","assessed_value":2000},{"address":"11524.0 89 STREET NW","assessed_value":322500},{"address":"11707.0 10 AVENUE NW","assessed_value":529000},{"address":"11306.0 56 STREET NW","assessed_value":449500},{"address":"3005.0 130 AVENUE NW","assessed_value":184000},{"address":"11931.0 28 AVENUE NW","assessed_value":752500},{"address":"541.0 EVERGREEN PARK NW","assessed_value":18000},{"address":"11411.0 83 STREET NW","assessed_value":232500},{"address":"112.0 EAGLE RIDGE PLACE NW","assessed_value":522500},{"address":"62.0 RIM ROAD NW","assessed_value":95500},{"address":"3530.0 121A AVENUE NW","assessed_value":279500},{"address":"12332.0 86 STREET NW","assessed_value":343000},{"address":"12412.0 127 AVENUE NW","assessed_value":176500},{"address":"12227.0 85 STREET NW","assessed_value":199000},{"address":"12309.0 82 STREET NW","assessed_value":256500},{"address":"21.0 THE PARKWAY NW","assessed_value":31500},{"address":"5216.0 123 AVENUE NW","assessed_value":304000},{"address":"12414.0 88 STREET NW","assessed_value":306000},{"address":"860.0 WEST COAST BAY NW","assessed_value":55000},{"address":"12517.0 79 STREET NW","assessed_value":335000},{"address":"11430.0 40 AVENUE NW","assessed_value":118500},{"address":"13232.0 41 STREET NW","assessed_value":369500},{"address":"843.0 YOUVILLE DRIVE WEST NW","assessed_value":289000},{"address":"11105.0 9 AVENUE NW","assessed_value":241500},{"address":"10721.0 SASKATCHEWAN DRIVE NW","assessed_value":412500},{"address":"11912.0 37 STREET NW","assessed_value":220500},{"address":"12140.0 57 STREET NW","assessed_value":258500},{"address":"9630.0 176 STREET NW","assessed_value":260500},{"address":"2961.0 130 AVENUE NW","assessed_value":198000},{"address":"1822.0 WEST OAK WAY NW","assessed_value":39000},{"address":"522.0 ABBOTTSFIELD ROAD NW","assessed_value":149500},{"address":"3807.0 134 AVENUE NW","assessed_value":226000},{"address":"11819.0 58 STREET NW","assessed_value":278000},{"address":"17.0 RIDGEWAY DRIVE NW","assessed_value":68000},{"address":"8254.0 118 AVENUE NW","assessed_value":972500},{"address":"10827.0 85 AVENUE NW","assessed_value":319000},{"address":"11.0 MAPLE RIDGE DRIVE NW","assessed_value":33000},{"address":"5019.0 137 AVENUE NW","assessed_value":4311000},{"address":"11832.0 61 STREET NW","assessed_value":215500},{"address":"7703.0 154 AVENUE NW","assessed_value":400000},{"address":"11918.0 37 STREET NW","assessed_value":180500},{"address":"717.0 CLAREVIEW ROAD NW","assessed_value":173500},{"address":"94.0 RIM ROAD NW","assessed_value":32500},{"address":"nan nan","assessed_value":15000},{"address":"9918.0 101 STREET NW","assessed_value":130500},{"address":"12014.0 89 STREET NW","assessed_value":250500},{"address":"9620.0 174 STREET NW","assessed_value":135000},{"address":"3815.0 115 AVENUE NW","assessed_value":310500},{"address":"16425.0 109 STREET NW","assessed_value":80500},{"address":"10827.0 85 AVENUE NW","assessed_value":197500},{"address":"5512.0 111 AVENUE NW","assessed_value":503500},{"address":"nan nan","assessed_value":9000},{"address":"11914.0 42 STREET NW","assessed_value":240000},{"address":"9130.0 77 AVENUE NW","assessed_value":471000},{"address":"12304.0 45 STREET NW","assessed_value":428000},{"address":"98.0 EVERGREEN PARK NW","assessed_value":33500},{"address":"6729.0 162A AVENUE NW","assessed_value":445500},{"address":"226.0 CLAREVIEW ROAD NW","assessed_value":324000},{"address":"11232.0 67 STREET NW","assessed_value":289000},{"address":"11836.0 89 STREET NW","assessed_value":1664500},{"address":"12426.0 75 STREET NW","assessed_value":331500},{"address":"2726.0 138A AVENUE NW","assessed_value":346000},{"address":"11303.0 51 STREET NW","assessed_value":434500},{"address":"5318.0 111 AVENUE NW","assessed_value":623000},{"address":"3823.0 42 STREET NW","assessed_value":624000},{"address":"12105.0 63 STREET NW","assessed_value":197500},{"address":"11919.0 82 STREET NW","assessed_value":56500},{"address":"12715.0 47 STREET NW","assessed_value":311500},{"address":"11731.0 81 STREET NW","assessed_value":153500},{"address":"11.0 OAK RIDGE DRIVE NW","assessed_value":33500},{"address":"9918.0 101 STREET NW","assessed_value":131500},{"address":"221.0 HABITAT CRESCENT NW","assessed_value":157000},{"address":"11839.0 59 STREET NW","assessed_value":244000},{"address":"11815.0 9 AVENUE NW","assessed_value":383500},{"address":"406.0 EVERGREEN PARK NW","assessed_value":33000},{"address":"4827.0 116 AVENUE NW","assessed_value":269500},{"address":"6619.0 111 AVENUE NW","assessed_value":448000},{"address":"6740.0 163 AVENUE NW","assessed_value":415500},{"address":"4210.0 139 AVENUE NW","assessed_value":130000},{"address":"6720.0 158 AVENUE NW","assessed_value":97000},{"address":"165.0 HYNDMAN CRESCENT NW","assessed_value":289000},{"address":"10903.0 21 AVENUE NW","assessed_value":228500},{"address":"3287.0 132A AVENUE NW","assessed_value":199000},{"address":"4.0 THE PARKWAY NW","assessed_value":30500},{"address":"234.0 EVERGREEN PARK NW","assessed_value":25000},{"address":"10711.0 47 AVENUE NW","assessed_value":96005000},{"address":"11945.0 56 STREET NW","assessed_value":970000},{"address":"577.0 EVERGREEN PARK NW","assessed_value":29000},{"address":"3309.0 107 AVENUE NW","assessed_value":132000},{"address":"3209.0 138 AVENUE NW","assessed_value":271000},{"address":"11724.0 81 STREET NW","assessed_value":1044000},{"address":"8712.0 156 AVENUE NW","assessed_value":612000},{"address":"13623.0 27 STREET NW","assessed_value":339000},{"address":"11813.0 10A AVENUE NW","assessed_value":447000},{"address":"3571.0 139 AVENUE NW","assessed_value":18500},{"address":"15615.0 85 STREET NW","assessed_value":502000},{"address":"4124.0 135 AVENUE NW","assessed_value":340000},{"address":"12127.0 60 STREET NW","assessed_value":381500},{"address":"2604.0 131 AVENUE NW","assessed_value":423000},{"address":"11726.0 90 STREET NW","assessed_value":246500},{"address":"12036.0 51 STREET NW","assessed_value":300500},{"address":"13409.0 40 STREET NW","assessed_value":216500},{"address":"12155.0 65 STREET NW","assessed_value":436500},{"address":"12815.0 47 STREET NW","assessed_value":337000},{"address":"12430.0 76 STREET NW","assessed_value":251500},{"address":"11953.0 54 STREET NW","assessed_value":298000},{"address":"12661.0 72 STREET NW","assessed_value":180000},{"address":"11632.0 89 STREET NW","assessed_value":213000},{"address":"nan nan","assessed_value":14500},{"address":"8760.0 189 STREET NW","assessed_value":342000},{"address":"11445.0 41 AVENUE NW","assessed_value":108500},{"address":"112.0 TWIN BROOKS COVE NW","assessed_value":935500},{"address":"7331.0 112 AVENUE NW","assessed_value":286500},{"address":"308.0 HERMITAGE ROAD NW","assessed_value":144500},{"address":"12107.0 67 STREET NW","assessed_value":227000},{"address":"3119.0 139 AVENUE NW","assessed_value":165000},{"address":"47.0 HENRY AVENUE NW","assessed_value":314000},{"address":"13238.0 38 STREET NW","assessed_value":235000},{"address":"11.0 ELSINORE PLACE NW","assessed_value":524000},{"address":"4631.0 115 AVENUE NW","assessed_value":295500},{"address":"6803.0 162 AVENUE NW","assessed_value":412500},{"address":"17467.0 98A AVENUE NW","assessed_value":174000},{"address":"12029.0 79 STREET NW","assessed_value":246500},{"address":"11105.0 9 AVENUE NW","assessed_value":245000},{"address":"3347.0 130 AVENUE NW","assessed_value":396500},{"address":"3821.0 22 STREET NW","assessed_value":381500},{"address":"301.0 WEST BROOK WAY NW","assessed_value":35000},{"address":"1949.0 151A AVENUE NW","assessed_value":391000},{"address":"16512.0 100 AVENUE NW","assessed_value":260000},{"address":"13606.0 28 STREET NW","assessed_value":220500},{"address":"11422.0 70 STREET NW","assessed_value":333000},{"address":"11339.0 60 STREET NW","assessed_value":385500},{"address":"12238.0 81 STREET NW","assessed_value":322000},{"address":"10220.0 29 STREET NW","assessed_value":464000},{"address":"300.0 HOOPER CRESCENT NW","assessed_value":250000},{"address":"12.0 HUNT ROAD NW","assessed_value":373500},{"address":"364.0 HERMITAGE ROAD NW","assessed_value":140500},{"address":"11205.0 69 STREET NW","assessed_value":279500},{"address":"2310.0 139 AVENUE NW","assessed_value":172000},{"address":"608.0 CHERITON CRESCENT NW","assessed_value":869500},{"address":"4003.0 98 STREET NW","assessed_value":241000},{"address":"11944.0 77 STREET NW","assessed_value":140000},{"address":"11223.0 86 STREET NW","assessed_value":195500},{"address":"12111.0 65 STREET NW","assessed_value":293500},{"address":"4230.0 112 AVENUE NW","assessed_value":262500},{"address":"104.0 101 STREET SW","assessed_value":500},{"address":"13149.0 34 STREET NW","assessed_value":201000},{"address":"13469.0 40 STREET NW","assessed_value":230500},{"address":"13802.0 26 STREET NW","assessed_value":2500},{"address":"11561.0 136 STREET NW","assessed_value":248500},{"address":"940.0 118 STREET NW","assessed_value":7500},{"address":"9905.0 112 STREET NW","assessed_value":222500},{"address":"929.0 116A STREET NW","assessed_value":452000},{"address":"9620.0 174 STREET NW","assessed_value":179500},{"address":"11938.0 77 STREET NW","assessed_value":268000},{"address":"108.0 CLAREVIEW ROAD NW","assessed_value":348500},{"address":"nan nan","assessed_value":8000},{"address":"3907.0 123 AVENUE NW","assessed_value":383000},{"address":"182.0 HARRISON DRIVE NW","assessed_value":338500},{"address":"8503.0 156 AVENUE NW","assessed_value":374500},{"address":"12445.0 77 STREET NW","assessed_value":221000},{"address":"14231.0 25 STREET NW","assessed_value":358000},{"address":"2403.0 WEST OAK WAY NW","assessed_value":52500},{"address":"1295.0 CARTER CREST ROAD NW","assessed_value":292500},{"address":"3019.0 142 AVENUE NW","assessed_value":347000},{"address":"144.0 DECHENE ROAD NW","assessed_value":555500},{"address":"11347.0 70 STREET NW","assessed_value":326000},{"address":"12227.0 62 STREET NW","assessed_value":500},{"address":"2224.0 39 AVENUE NW","assessed_value":378500},{"address":"11930.0 66 STREET NW","assessed_value":199500},{"address":"15128.0 22 STREET NW","assessed_value":237000},{"address":"224.0 HOMESTEAD CRESCENT NW","assessed_value":333500},{"address":"6720.0 158 AVENUE NW","assessed_value":120000},{"address":"3507.0 113 AVENUE NW","assessed_value":413500},{"address":"3103.0 105 AVENUE NW","assessed_value":351500},{"address":"913.0 WEST COAST PLACE NW","assessed_value":32000},{"address":"333.0 DECHENE WAY NW","assessed_value":490000},{"address":"15499.0 CASTLE DOWNS ROAD NW","assessed_value":152000},{"address":"11904.0 58 STREET NW","assessed_value":262500},{"address":"10520.0 120 STREET NW","assessed_value":157000},{"address":"13041.0 34 STREET NW","assessed_value":201500},{"address":"nan nan","assessed_value":10500},{"address":"11851.0 53 STREET NW","assessed_value":324500},{"address":"12206.0 58 STREET NW","assessed_value":235000},{"address":"4032.0 114 AVENUE NW","assessed_value":249000},{"address":"15.0 WILLIAM HUSTLER CRESCENT NW","assessed_value":356000},{"address":"3.0 RIM ROAD NW","assessed_value":45000},{"address":"12339.0 89 STREET NW","assessed_value":343500},{"address":"12034.0 49 STREET NW","assessed_value":263500},{"address":"4123.0 132A AVENUE NW","assessed_value":344500},{"address":"3241.0 132A AVENUE NW","assessed_value":212500},{"address":"11910.0 46 STREET NW","assessed_value":297000},{"address":"nan nan","assessed_value":9000},{"address":"11715.0 80 STREET NW","assessed_value":303500},{"address":"11928.0 85 STREET NW","assessed_value":215500},{"address":"16024.0 67 STREET NW","assessed_value":446000},{"address":"651.0 EVERGREEN PARK NW","assessed_value":27500},{"address":"11917.0 49 STREET NW","assessed_value":271000},{"address":"9704.0 39 AVENUE NW","assessed_value":270000},{"address":"5214.0 118 AVENUE NW","assessed_value":223000},{"address":"13628.0 25 STREET NW","assessed_value":421000},{"address":"11441.0 65 STREET NW","assessed_value":335000},{"address":"11319.0 56 STREET NW","assessed_value":399500},{"address":"9918.0 101 STREET NW","assessed_value":127000},{"address":"92.0 HOWSON CRESCENT NW","assessed_value":491000},{"address":"17047.0 113 STREET NW","assessed_value":252500},{"address":"11139.0 56 STREET NW","assessed_value":362000},{"address":"12005.0 39 STREET NW","assessed_value":285000},{"address":"11914.0 43 STREET NW","assessed_value":342000},{"address":"25.0 MAPLE RIDGE DRIVE NW","assessed_value":62000},{"address":"3602.0 116 AVENUE NW","assessed_value":210500},{"address":"1.0 CLAREVIEW VILLAGE NW","assessed_value":151000},{"address":"3407.0 143 AVENUE NW","assessed_value":327000},{"address":"11922.0 36 STREET NW","assessed_value":364500},{"address":"nan nan","assessed_value":10500},{"address":"11227.0 65 STREET NW","assessed_value":386500},{"address":"1017.0 WEST MOUNT CRESCENT NW","assessed_value":33000},{"address":"11714.0 87 STREET NW","assessed_value":381000},{"address":"15404.0 88 STREET NW","assessed_value":465500},{"address":"10814.0 38 STREET NW","assessed_value":296500},{"address":"11104.0 74 STREET NW","assessed_value":342000},{"address":"3633.0 113 AVENUE NW","assessed_value":365000},{"address":"193.0 BLACKBURN DRIVE WEST SW","assessed_value":616000},{"address":"15825.0 67B STREET NW","assessed_value":387000},{"address":"4124.0 134 AVENUE NW","assessed_value":180500},{"address":"300.0 HOOPER CRESCENT NW","assessed_value":232500},{"address":"11346.0 54 STREET NW","assessed_value":330000},{"address":"3239.0 130 AVENUE NW","assessed_value":475000},{"address":"12014.0 82 STREET NW","assessed_value":2689000},{"address":"3514.0 122 AVENUE NW","assessed_value":314500},{"address":"13221.0 81 STREET NW","assessed_value":156000},{"address":"9918.0 101 STREET NW","assessed_value":147500},{"address":"10903.0 21 AVENUE NW","assessed_value":231500},{"address":"5018.0 ADA BOULEVARD NW","assessed_value":490000},{"address":"7428.0 111 AVENUE NW","assessed_value":354500},{"address":"11824.0 57 STREET NW","assessed_value":297500},{"address":"11229.0 52 STREET NW","assessed_value":384000},{"address":"10620.0 104 STREET NW","assessed_value":75500},{"address":"11460.0 40 AVENUE NW","assessed_value":126500},{"address":"12204.0 50 STREET NW","assessed_value":208000},{"address":"11707.0 88 STREET NW","assessed_value":351500},{"address":"4026.0 37B AVENUE NW","assessed_value":420500},{"address":"11107.0 31 STREET NW","assessed_value":331000},{"address":"13022.0 30 STREET NW","assessed_value":44500},{"address":"10077.0 166 STREET NW","assessed_value":264000},{"address":"9535.0 176 STREET NW","assessed_value":252000},{"address":"11614.0 80 STREET NW","assessed_value":237500},{"address":"9.0 CLAREVIEW VILLAGE NW","assessed_value":148500},{"address":"11512.0 87 STREET NW","assessed_value":662500},{"address":"12322.0 82 STREET NW","assessed_value":1014000},{"address":"13128.0 25 STREET NW","assessed_value":379500},{"address":"10.0 BLACKBURN DRIVE WEST SW","assessed_value":441000},{"address":"439.0 WEST VIEW CLOSE NW","assessed_value":30000},{"address":"11916.0 34 STREET NW","assessed_value":222500},{"address":"3634.0 106 AVENUE NW","assessed_value":302000},{"address":"4644.0 113 AVENUE NW","assessed_value":353500},{"address":"6705.0 112 AVENUE NW","assessed_value":359500},{"address":"9640.0 105 STREET NW","assessed_value":226500},{"address":"13327.0 47 STREET NW","assessed_value":165000},{"address":"12407.0 86 STREET NW","assessed_value":247000},{"address":"16.0 POST ROAD NW","assessed_value":58500},{"address":"4004.0 123 AVENUE NW","assessed_value":425500},{"address":"13603.0 26 STREET NW","assessed_value":336500},{"address":"11844.0 85 STREET NW","assessed_value":344000},{"address":"7103.0 81 AVENUE NW","assessed_value":96500},{"address":"11503.0 66 STREET NW","assessed_value":379500},{"address":"11402.0 85 STREET NW","assessed_value":164000},{"address":"3507.0 111 AVENUE NW","assessed_value":307500},{"address":"12028.0 103 AVENUE NW","assessed_value":348000},{"address":"10890.0 75 STREET NW","assessed_value":863500},{"address":"11255.0 79 STREET NW","assessed_value":2500},{"address":"195.0 CLAREVIEW ROAD NW","assessed_value":369000},{"address":"2325.0 WEST PORT CLOSE NW","assessed_value":71500},{"address":"3835.0 109 AVENUE NW","assessed_value":318500},{"address":"11020.0 30 STREET NW","assessed_value":584500},{"address":"10520.0 120 STREET NW","assessed_value":158000},{"address":"9535.0 176 STREET NW","assessed_value":241500},{"address":"220.0 OZERNA ROAD NW","assessed_value":411000},{"address":"1829.0 KRAMER PLACE NW","assessed_value":412500},{"address":"11150.0 68 STREET NW","assessed_value":428000},{"address":"13411.0 43 STREET NW","assessed_value":201000},{"address":"12232.0 43 STREET NW","assessed_value":340000},{"address":"843.0 YOUVILLE DRIVE WEST NW","assessed_value":279500},{"address":"12220.0 46 STREET NW","assessed_value":314000},{"address":"12142.0 62 STREET NW","assessed_value":317000},{"address":"nan nan","assessed_value":19000},{"address":"10803.0 32 STREET NW","assessed_value":344500},{"address":"1512.0 HEFFERNAN CLOSE NW","assessed_value":553000},{"address":"11634.0 71 STREET NW","assessed_value":337500},{"address":"10741.0 29 AVENUE NW","assessed_value":98500},{"address":"3532.0 103 AVENUE NW","assessed_value":492500},{"address":"3807.0 114 AVENUE NW","assessed_value":282000},{"address":"12433.0 48 STREET NW","assessed_value":36500},{"address":"287.0 HARRISON DRIVE NW","assessed_value":167500},{"address":"127.0 ABBOTTSFIELD ROAD NW","assessed_value":148500},{"address":"11228.0 87 STREET NW","assessed_value":248000},{"address":"1801.0 WEST OAK WAY NW","assessed_value":35000},{"address":"836.0 113B STREET NW","assessed_value":447500},{"address":"11310.0 85 STREET NW","assessed_value":224500},{"address":"12727.0 ST ALBERT TRAIL NW","assessed_value":8955500},{"address":"11122.0 55 STREET NW","assessed_value":474000},{"address":"935.0 114A STREET NW","assessed_value":427000},{"address":"72.0 HOMESTEAD CRESCENT NW","assessed_value":345500},{"address":"206.0 WEST BROOK ROAD NW","assessed_value":68500},{"address":"13536.0 26 STREET NW","assessed_value":340000},{"address":"3735.0 136 AVENUE NW","assessed_value":333500},{"address":"3423.0 108 AVENUE NW","assessed_value":480500},{"address":"12101.0 44 STREET NW","assessed_value":386000},{"address":"11531.0 83 STREET NW","assessed_value":204000},{"address":"123.0 BULYEA ROAD NW","assessed_value":306500},{"address":"14228.0 24 STREET NW","assessed_value":308500},{"address":"3835.0 24 STREET NW","assessed_value":374000},{"address":"300.0 HOOPER CRESCENT NW","assessed_value":291000},{"address":"30.0 WEST VIEW BOULEVARD NW","assessed_value":32500},{"address":"3237.0 139 AVENUE NW","assessed_value":172000},{"address":"11917.0 80 STREET NW","assessed_value":251000},{"address":"2814.0 135 AVENUE NW","assessed_value":278500},{"address":"nan nan","assessed_value":9000},{"address":"12435.0 87 STREET NW","assessed_value":233000},{"address":"9620.0 174 STREET NW","assessed_value":121500},{"address":"5002.0 ADA BOULEVARD NW","assessed_value":232500},{"address":"11827.0 49 STREET NW","assessed_value":336000},{"address":"3236.0 130A AVENUE NW","assessed_value":201500},{"address":"13546.0 38 STREET NW","assessed_value":198500},{"address":"10903.0 21 AVENUE NW","assessed_value":236000},{"address":"9619.0 174 STREET NW","assessed_value":131000},{"address":"2316.0 WEST PORT CLOSE NW","assessed_value":48000},{"address":"12217.0 65 STREET NW","assessed_value":250500},{"address":"9620.0 174 STREET NW","assessed_value":132500},{"address":"11303.0 67 STREET NW","assessed_value":327500},{"address":"14132.0 30 STREET NW","assessed_value":350000},{"address":"12011.0 77 STREET NW","assessed_value":294000},{"address":"227.0 WILSON LANE NW","assessed_value":1576000},{"address":"11534.0 85 STREET NW","assessed_value":318500},{"address":"36.0 THE PARKWAY NW","assessed_value":30500},{"address":"8704.0 117 AVENUE NW","assessed_value":471000},{"address":"164.0 HOMESTEAD CRESCENT NW","assessed_value":358000},{"address":"6.0 CLAREVIEW VILLAGE NW","assessed_value":169000},{"address":"nan nan","assessed_value":15000},{"address":"11440.0 40 AVENUE NW","assessed_value":101000},{"address":"12835.0 150 AVENUE NW","assessed_value":402500},{"address":"11343.0 88 STREET NW","assessed_value":405500},{"address":"11016.0 166A STREET NW","assessed_value":433000},{"address":"11642.0 88 STREET NW","assessed_value":295500},{"address":"11841.0 66 STREET NW","assessed_value":55500},{"address":"12345.0 79 STREET NW","assessed_value":265000},{"address":"3824.0 115 AVENUE NW","assessed_value":296000},{"address":"3.0 RIDGEWAY DRIVE NW","assessed_value":31500},{"address":"12723.0 48 STREET NW","assessed_value":337500},{"address":"730.0 ORMSBY ROAD WEST NW","assessed_value":523000},{"address":"11007.0 75 STREET NW","assessed_value":348500},{"address":"11929.0 57 STREET NW","assessed_value":322000},{"address":"12316.0 86 STREET NW","assessed_value":269500},{"address":"11929.0 56 STREET NW","assessed_value":304000},{"address":"12108.0 61 STREET NW","assessed_value":251000},{"address":"437.0 KLARVATTEN LAKE WYND NW","assessed_value":512500},{"address":"6904.0 162 AVENUE NW","assessed_value":438000},{"address":"905.0 116A STREET NW","assessed_value":458500},{"address":"14251.0 24 STREET NW","assessed_value":410500},{"address":"12036.0 53 STREET NW","assessed_value":316000},{"address":"13403.0 40 STREET NW","assessed_value":210500},{"address":"3607.0 122A AVENUE NW","assessed_value":342500},{"address":"11332.0 9 AVENUE NW","assessed_value":556000},{"address":"12223.0 77 STREET NW","assessed_value":182500},{"address":"11806.0 83 STREET NW","assessed_value":238000},{"address":"4437.0 116 AVENUE NW","assessed_value":248000},{"address":"10915.0 75 STREET NW","assessed_value":319500},{"address":"3824.0 114 AVENUE NW","assessed_value":337500},{"address":"12129.0 64 STREET NW","assessed_value":265500},{"address":"11328.0 83 STREET NW","assessed_value":192500},{"address":"11937.0 83 STREET NW","assessed_value":244500},{"address":"9640.0 105 STREET NW","assessed_value":245500},{"address":"8012.0 124 AVENUE NW","assessed_value":302500},{"address":"1127.0 HOOKE ROAD NW","assessed_value":213000},{"address":"11505.0 90 STREET NW","assessed_value":319500},{"address":"5115.0 124 AVENUE NW","assessed_value":347500},{"address":"12205.0 39 STREET NW","assessed_value":361000},{"address":"11904.0 53 STREET NW","assessed_value":201500},{"address":"2506.0 WEST PORT ROAD NW","assessed_value":43000},{"address":"4814.0 ADA BOULEVARD NW","assessed_value":401500},{"address":"10903.0 21 AVENUE NW","assessed_value":237500},{"address":"616.0 CHERITON CRESCENT NW","assessed_value":911500},{"address":"8419.0 160 AVENUE NW","assessed_value":528500},{"address":"12402.0 86 STREET NW","assessed_value":348500},{"address":"10923.0 82 AVENUE NW","assessed_value":80000},{"address":"2412.0 142 AVENUE NW","assessed_value":346000},{"address":"3247.0 142 AVENUE NW","assessed_value":183000},{"address":"9703.0 174 STREET NW","assessed_value":280500},{"address":"6832.0 82 AVENUE NW","assessed_value":21000},{"address":"10330.0 104 STREET NW","assessed_value":344000},{"address":"9703.0 174 STREET NW","assessed_value":275000},{"address":"3601.0 109 AVENUE NW","assessed_value":283000},{"address":"114.0 HENRY AVENUE NW","assessed_value":321000},{"address":"11415.0 41 AVENUE NW","assessed_value":104000},{"address":"11325.0 79 STREET NW","assessed_value":11500},{"address":"11909.0 52 STREET NW","assessed_value":343500},{"address":"909.0 116A STREET NW","assessed_value":474000},{"address":"534.0 ABBOTTSFIELD ROAD NW","assessed_value":149500},{"address":"8504.0 157 AVENUE NW","assessed_value":624000},{"address":"1468.0 WEST STRAIT PLACE NW","assessed_value":30000},{"address":"3404.0 138 AVENUE NW","assessed_value":343500},{"address":"11919.0 78 STREET NW","assessed_value":191500},{"address":"10712.0 31 STREET NW","assessed_value":334000},{"address":"9918.0 101 STREET NW","assessed_value":141500},{"address":"13512.0 38 STREET NW","assessed_value":198500},{"address":"4712.0 131 AVENUE NW","assessed_value":338000},{"address":"63.0 HAMILTON CRESCENT NW","assessed_value":394000},{"address":"11415.0 85 STREET NW","assessed_value":339500},{"address":"9918.0 101 STREET NW","assessed_value":132000},{"address":"10910.0 100 AVENUE NW","assessed_value":1000},{"address":"14257.0 30 STREET NW","assessed_value":264500},{"address":"10.0 CLAREVIEW VILLAGE NW","assessed_value":177500},{"address":"5510.0 118 AVENUE NW","assessed_value":139000},{"address":"5508.0 122 AVENUE NW","assessed_value":291000},{"address":"11928.0 65 STREET NW","assessed_value":196500},{"address":"420.0 EVERGREEN PARK NW","assessed_value":23000},{"address":"12029.0 49 STREET NW","assessed_value":230500},{"address":"3714.0 136A AVENUE NW","assessed_value":349500},{"address":"11519.0 86 STREET NW","assessed_value":275500},{"address":"12016.0 51 STREET NW","assessed_value":289000},{"address":"11234.0 68 STREET NW","assessed_value":287000},{"address":"12223.0 108 AVENUE NW","assessed_value":702500},{"address":"nan nan","assessed_value":6500},{"address":"11519.0 84 STREET NW","assessed_value":224000},{"address":"14007.0 30 STREET NW","assessed_value":182500},{"address":"520.0 EVERGREEN PARK NW","assessed_value":19000},{"address":"7311.0 112 AVENUE NW","assessed_value":437000},{"address":"3310.0 106 AVENUE NW","assessed_value":140500},{"address":"3630.0 107 AVENUE NW","assessed_value":310000},{"address":"1522.0 HEFFERNAN CLOSE NW","assessed_value":586500},{"address":"11932.0 51 STREET NW","assessed_value":285500},{"address":"19.0 THE PARKWAY NW","assessed_value":30500},{"address":"13425.0 43 STREET NW","assessed_value":191500},{"address":"923.0 114 STREET NW","assessed_value":446500},{"address":"10823.0 32 STREET NW","assessed_value":305000},{"address":"9737.0 110 STREET NW","assessed_value":2000},{"address":"11434.0 82 STREET NW","assessed_value":170500},{"address":"279.0 EVERGREEN PARK NW","assessed_value":50000},{"address":"4508.0 118 AVENUE NW","assessed_value":136000},{"address":"145.0 HYNDMAN CRESCENT NW","assessed_value":355000},{"address":"209.0 HOMESTEAD CRESCENT NW","assessed_value":316000},{"address":"11302.0 84 STREET NW","assessed_value":310500},{"address":"3614.0 111 AVENUE NW","assessed_value":259000},{"address":"13843.0 131B AVENUE NW","assessed_value":394500},{"address":"13.0 CLAREVIEW VILLAGE NW","assessed_value":148000},{"address":"180.0 OZERNA ROAD NW","assessed_value":7500},{"address":"13523.0 25 STREET NW","assessed_value":325500},{"address":"459.0 WEST VIEW CLOSE NW","assessed_value":31500},{"address":"14207.0 30 STREET NW","assessed_value":358500},{"address":"12835.0 149 AVENUE NW","assessed_value":393000},{"address":"10508.0 119 STREET NW","assessed_value":231000},{"address":"4933.0 MILL WOODS ROAD SOUTH NW","assessed_value":2348000},{"address":"158.0 ABBOTTSFIELD ROAD NW","assessed_value":157500},{"address":"7623.0 MILL WOODS ROAD SOUTH NW","assessed_value":283000},{"address":"6710.0 158 AVENUE NW","assessed_value":113500},{"address":"2614.0 LAKEVIEW CLOSE NW","assessed_value":44500},{"address":"13908.0 117 STREET NW","assessed_value":163500},{"address":"48.0 WEST VIEW BOULEVARD NW","assessed_value":59500},{"address":"12135.0 48 STREET NW","assessed_value":288000},{"address":"16425.0 109 STREET NW","assessed_value":81500},{"address":"2627.0 45 STREET NW","assessed_value":260000},{"address":"6.0 HILLCREST DRIVE NW","assessed_value":58000},{"address":"3829.0 118 AVENUE NW","assessed_value":474000},{"address":"nan nan","assessed_value":9000},{"address":"3056.0 143 AVENUE NW","assessed_value":384000},{"address":"11716.0 100 AVENUE NW","assessed_value":326000},{"address":"180.0 HABITAT CRESCENT NW","assessed_value":165500},{"address":"10408.0 30 STREET NW","assessed_value":500},{"address":"7211.0 189 STREET NW","assessed_value":413000},{"address":"3116.0 142 AVENUE NW","assessed_value":123500},{"address":"nan nan","assessed_value":15000},{"address":"1904.0 65 STREET NW","assessed_value":261500},{"address":"366.0 EVERGREEN PARK NW","assessed_value":28000},{"address":"12231.0 86 STREET NW","assessed_value":327000},{"address":"4018.0 118 AVENUE NW","assessed_value":538500},{"address":"14222.0 31 STREET NW","assessed_value":132500},{"address":"12006.0 59 STREET NW","assessed_value":250500},{"address":"8203.0 160 AVENUE NW","assessed_value":272500},{"address":"12060.0 75 STREET NW","assessed_value":1228000},{"address":"11253.0 53 STREET NW","assessed_value":341500},{"address":"12111.0 53 STREET NW","assessed_value":278500},{"address":"12101.0 35 STREET NW","assessed_value":293000},{"address":"12131.0 81 STREET NW","assessed_value":306000},{"address":"8648.0 108 STREET NW","assessed_value":26500},{"address":"10827.0 85 AVENUE NW","assessed_value":322500},{"address":"3312.0 105 AVENUE NW","assessed_value":4809000},{"address":"4221.0 117 AVENUE NW","assessed_value":289500},{"address":"11116.0 52 STREET NW","assessed_value":381500},{"address":"nan nan","assessed_value":9000},{"address":"5212.0 25 AVENUE NW","assessed_value":218500},{"address":"474.0 CLAREVIEW ROAD NW","assessed_value":163000},{"address":"10159.0 155 STREET NW","assessed_value":106000},{"address":"15239.0 52 STREET NW","assessed_value":432500},{"address":"13139.0 25 STREET NW","assessed_value":385500},{"address":"12610.0 72 STREET NW","assessed_value":1224500},{"address":"8904.0 118 AVENUE NW","assessed_value":17011000},{"address":"512.0 ABBOTTSFIELD ROAD NW","assessed_value":151500},{"address":"11117.0 68 STREET NW","assessed_value":469000},{"address":"12036.0 57 STREET NW","assessed_value":287000},{"address":"3618.0 104 AVENUE NW","assessed_value":338500},{"address":"6710.0 158 AVENUE NW","assessed_value":118500},{"address":"7.0 CLAREVIEW VILLAGE NW","assessed_value":152500},{"address":"11243.0 85 STREET NW","assessed_value":263500},{"address":"12135.0 67 STREET NW","assessed_value":519000},{"address":"12052.0 61 STREET NW","assessed_value":289500},{"address":"5923.0 162A AVENUE NW","assessed_value":421000},{"address":"12903.0 122 STREET NW","assessed_value":66500},{"address":"2548.0 138A AVENUE NW","assessed_value":158000},{"address":"10.0 BLACKBURN DRIVE WEST SW","assessed_value":498000},{"address":"11205.0 66 STREET NW","assessed_value":372000},{"address":"4243.0 114 AVENUE NW","assessed_value":327000},{"address":"3635.0 31A STREET NW","assessed_value":504000},{"address":"12114.0 58 STREET NW","assessed_value":278000},{"address":"11647.0 91 STREET NW","assessed_value":329500},{"address":"2607.0 129 AVENUE NW","assessed_value":477500},{"address":"12026.0 65 STREET NW","assessed_value":258000},{"address":"12034.0 40 STREET NW","assessed_value":269000},{"address":"12443.0 48 STREET NW","assessed_value":18000},{"address":"64.0 BLACKBURN DRIVE WEST SW","assessed_value":509000},{"address":"11223.0 92 STREET NW","assessed_value":186000},{"address":"431.0 BRECKENRIDGE LANE NW","assessed_value":392000},{"address":"nan nan","assessed_value":10500},{"address":"258.0 EVERGREEN PARK NW","assessed_value":89000},{"address":"11143.0 65 STREET NW","assessed_value":412000},{"address":"12010.0 37 STREET NW","assessed_value":305000},{"address":"11615.0 71 STREET NW","assessed_value":335000},{"address":"12046.0 83 STREET NW","assessed_value":656000},{"address":"12131.0 85 STREET NW","assessed_value":271000},{"address":"11420.0 40 AVENUE NW","assessed_value":127000},{"address":"1303.0 WEST WOOD GATE NW","assessed_value":33000},{"address":"12121.0 46 STREET NW","assessed_value":267500},{"address":"10923.0 82 AVENUE NW","assessed_value":75500},{"address":"11626.0 69 STREET NW","assessed_value":355000},{"address":"859.0 WEST COAST BAY NW","assessed_value":29500},{"address":"4650.0 126 AVENUE NW","assessed_value":254500},{"address":"3626.0 112 AVENUE NW","assessed_value":325500},{"address":"12018.0 37 STREET NW","assessed_value":307500},{"address":"4210.0 139 AVENUE NW","assessed_value":133500},{"address":"11932.0 88 STREET NW","assessed_value":234500},{"address":"11124.0 34 STREET NW","assessed_value":340500},{"address":"12217.0 55 STREET NW","assessed_value":278000},{"address":"8419.0 156 AVENUE NW","assessed_value":358000},{"address":"11460.0 40 AVENUE NW","assessed_value":95000},{"address":"3632.0 130A AVENUE NW","assessed_value":432000},{"address":"4024.0 37A AVENUE NW","assessed_value":471500},{"address":"11925.0 42 STREET NW","assessed_value":237000},{"address":"5212.0 25 AVENUE NW","assessed_value":226000},{"address":"13123.0 34 STREET NW","assessed_value":201500},{"address":"11421.0 89 STREET NW","assessed_value":303000},{"address":"3023.0 131 AVENUE NW","assessed_value":267500},{"address":"10.0 BLACKBURN DRIVE WEST SW","assessed_value":408000},{"address":"11524.0 84 STREET NW","assessed_value":209000},{"address":"11820.0 88 STREET NW","assessed_value":1763000},{"address":"3622.0 106 AVENUE NW","assessed_value":297000},{"address":"13224.0 39A STREET NW","assessed_value":262500},{"address":"11406.0 90 STREET NW","assessed_value":203000},{"address":"11428.0 88 STREET NW","assessed_value":221000},{"address":"119.0 WEST VIEW CRESCENT NW","assessed_value":29000},{"address":"243.0 CLAREVIEW ROAD NW","assessed_value":576000},{"address":"3651.0 130A AVENUE NW","assessed_value":374000},{"address":"161.0 HARRISON DRIVE NW","assessed_value":2500},{"address":"5.0 WOODLAND CRESCENT NW","assessed_value":36000},{"address":"10731.0 75 STREET NW","assessed_value":2000},{"address":"314.0 WEST BROOK WAY NW","assessed_value":32500},{"address":"11737.0 10A AVENUE NW","assessed_value":452000},{"address":"10508.0 119 STREET NW","assessed_value":289000},{"address":"109.0 HARROW CIRCLE NW","assessed_value":341500},{"address":"11219.0 103A AVENUE NW","assessed_value":123500},{"address":"12433.0 83 STREET NW","assessed_value":491500},{"address":"13624.0 24 STREET NW","assessed_value":348500},{"address":"1904.0 MILL WOODS ROAD NW","assessed_value":265500},{"address":"12127.0 58 STREET NW","assessed_value":300500},{"address":"12008.0 85 STREET NW","assessed_value":243500},{"address":"3304.0 130 AVENUE NW","assessed_value":348000},{"address":"7208.0 189 STREET NW","assessed_value":427500},{"address":"11729.0 91 STREET NW","assessed_value":220000},{"address":"2660.0 LAKEVIEW DRIVE NW","assessed_value":71500},{"address":"12108.0 53 STREET NW","assessed_value":290500},{"address":"4618.0 117 AVENUE NW","assessed_value":286500},{"address":"384.0 HERMITAGE ROAD NW","assessed_value":176000},{"address":"12.0 OAK RIDGE DRIVE NW","assessed_value":36000},{"address":"3425.0 121 AVENUE NW","assessed_value":208500},{"address":"12028.0 103 AVENUE NW","assessed_value":272000},{"address":"377.0 EVERGREEN PARK NW","assessed_value":27500},{"address":"nan nan","assessed_value":7500},{"address":"nan nan","assessed_value":9000},{"address":"11408.0 62 STREET NW","assessed_value":376500},{"address":"11437.0 66 STREET NW","assessed_value":557000},{"address":"4635.0 ADA BOULEVARD NW","assessed_value":3000},{"address":"2586.0 138A AVENUE NW","assessed_value":161500},{"address":"nan nan","assessed_value":9000},{"address":"4130.0 134 AVENUE NW","assessed_value":214000},{"address":"10508.0 119 STREET NW","assessed_value":176000},{"address":"294.0 EVERGREEN PARK NW","assessed_value":31000},{"address":"17467.0 98A AVENUE NW","assessed_value":164000},{"address":"11617.0 81 STREET NW","assessed_value":208500},{"address":"11816.0 70 STREET NW","assessed_value":209000},{"address":"12116.0 48 STREET NW","assessed_value":314500},{"address":"8786.0 189 STREET NW","assessed_value":333000},{"address":"4441.0 113 AVENUE NW","assessed_value":299500},{"address":"1706.0 WEST OAK CLOSE NW","assessed_value":37000},{"address":"121.0 TWIN BROOKS COVE NW","assessed_value":575000},{"address":"10932.0 74 STREET NW","assessed_value":284500},{"address":"11821.0 67 STREET NW","assessed_value":252000},{"address":"11335.0 60 STREET NW","assessed_value":323500},{"address":"10620.0 30 STREET NW","assessed_value":357500},{"address":"11832.0 66 STREET NW","assessed_value":165500},{"address":"12.0 QUARRY CRESCENT NW","assessed_value":31000},{"address":"11429.0 91 STREET NW","assessed_value":237500},{"address":"13603.0 24 STREET NW","assessed_value":325000},{"address":"13512.0 42 STREET NW","assessed_value":338500},{"address":"320.0 HOOPER CRESCENT NW","assessed_value":6000},{"address":"714.0 CARTER CREST WAY NW","assessed_value":654500},{"address":"10013.0 166 STREET NW","assessed_value":221500},{"address":"3416.0 114 AVENUE NW","assessed_value":319500},{"address":"12208.0 85 STREET NW","assessed_value":240000},{"address":"1913.0 WEST ROYAL WAY NW","assessed_value":29000},{"address":"12140.0 60 STREET NW","assessed_value":295500},{"address":"579.0 ABBOTTSFIELD ROAD NW","assessed_value":149500},{"address":"13631.0 24 STREET NW","assessed_value":372500},{"address":"11842.0 86 STREET NW","assessed_value":227000},{"address":"13327.0 154 AVENUE NW","assessed_value":423500},{"address":"11312.0 88 STREET NW","assessed_value":166000},{"address":"10607.0 36 STREET NW","assessed_value":310500},{"address":"17467.0 98A AVENUE NW","assessed_value":150500},{"address":"4625.0 115 AVENUE NW","assessed_value":339000},{"address":"167.0 HARRISON DRIVE NW","assessed_value":176000},{"address":"12215.0 59 STREET NW","assessed_value":241000},{"address":"1024.0 116A STREET NW","assessed_value":528500},{"address":"11428.0 64 STREET NW","assessed_value":502000},{"address":"300.0 HOOPER CRESCENT NW","assessed_value":235000},{"address":"11939.0 36 STREET NW","assessed_value":295000},{"address":"11503.0 86 STREET NW","assessed_value":216000},{"address":"12640.0 70 STREET NW","assessed_value":320000},{"address":"11512.0 14 AVENUE NW","assessed_value":694000}]