[{"address":"nan nan","assessed_value":6000},{"address":"11632.0 125 STREET NW","assessed_value":545500},{"address":"760.0 EAGLESON CRESCENT NW","assessed_value":433500},{"address":"8117.0 CHAPPELLE WAY SW","assessed_value":385000},{"address":"11526.0 127 STREET NW","assessed_value":487500},{"address":"11953.0 JASPER AVENUE NW","assessed_value":453000},{"address":"nan nan","assessed_value":11000},{"address":"107.0 WATT COMMON SW","assessed_value":180000},{"address":"2935.0 KOSTASH DRIVE SW","assessed_value":664500},{"address":"20766.0 99A AVENUE NW","assessed_value":450500},{"address":"nan nan","assessed_value":10500},{"address":"12815.0 CUMBERLAND ROAD NW","assessed_value":332500},{"address":"nan nan","assessed_value":41000},{"address":"1795.0 KEENE CRESCENT SW","assessed_value":400000},{"address":"3314.0 9 STREET NW","assessed_value":437000},{"address":"1378.0 WATT DRIVE SW","assessed_value":387500},{"address":"nan nan","assessed_value":14500},{"address":"9202.0 COOPER CRESCENT SW","assessed_value":401500},{"address":"22115.0 88 AVENUE NW","assessed_value":457000},{"address":"10238.0 103 STREET NW","assessed_value":184000},{"address":"nan nan","assessed_value":12000},{"address":"nan nan","assessed_value":12500},{"address":"5533.0 SCHONSEE DRIVE NW","assessed_value":478000},{"address":"2040.0 88 STREET SW","assessed_value":977500},{"address":"822.0 EAGLESON LINK NW","assessed_value":441000},{"address":"nan nan","assessed_value":40500},{"address":"2614.0 ADAM COURT SW","assessed_value":627000},{"address":"12831.0 207 STREET NW","assessed_value":430500},{"address":"6112.0 171 AVENUE NW","assessed_value":471000},{"address":"119.0 STREET NW","assessed_value":458500},{"address":"7907.0 105 AVENUE NW","assessed_value":402500},{"address":"10418.0 81 AVENUE NW","assessed_value":204500},{"address":"nan nan","assessed_value":12500},{"address":"nan nan","assessed_value":12000},{"address":"1715.0 163 STREET SW","assessed_value":668000},{"address":"2304.0 CASEY CRESCENT SW","assessed_value":382500},{"address":"11961.0 JASPER AVENUE NW","assessed_value":499000},{"address":"nan nan","assessed_value":9500},{"address":"17248.0 9A AVENUE SW","assessed_value":323000},{"address":"7115.0 ARMOUR LINK SW","assessed_value":598500},{"address":"17055.0 38 STREET NW","assessed_value":410500},{"address":"1031.0 173 STREET SW","assessed_value":191500},{"address":"nan nan","assessed_value":12000},{"address":"4011.0 7 AVENUE SW","assessed_value":681500},{"address":"11207.0 132 STREET NW","assessed_value":569000},{"address":"nan nan","assessed_value":9500},{"address":"920.0 174 STREET SW","assessed_value":609000},{"address":"480.0 CRYSTALLINA NERA DRIVE NW","assessed_value":40723000},{"address":"2911.0 16 AVENUE NW","assessed_value":426500},{"address":"1719.0 TANAGER CLOSE NW","assessed_value":564500},{"address":"6037.0 ROSENTHAL WAY NW","assessed_value":588500},{"address":"12204.0 176 AVENUE NW","assessed_value":449500},{"address":"4035.0 PROWSE LANE SW","assessed_value":582000},{"address":"11080.0 ELLERSLIE ROAD SW","assessed_value":244500},{"address":"nan nan","assessed_value":14500},{"address":"17083.0 38 STREET NW","assessed_value":417500},{"address":"1004.0 ROSENTHAL BOULEVARD NW","assessed_value":278500},{"address":"3824.0 WEIDLE CRES SW","assessed_value":413000},{"address":"6450.0 ELSTON LOOP NW","assessed_value":574000},{"address":"5131.0 CRABAPPLE LINK SW","assessed_value":740000},{"address":"6719.0 ELSTON LANE NW","assessed_value":479500},{"address":"431.0 42 AVENUE NW","assessed_value":695500},{"address":"1144.0 ADAMSON DRIVE SW","assessed_value":203000},{"address":"1233.0 MCCONACHIE BOULEVARD NW","assessed_value":381500},{"address":"17368.0 49 STREET NW","assessed_value":438500},{"address":"546.0 MERLIN LANDING NW","assessed_value":608500},{"address":"18126.0 77 STREET NW","assessed_value":151000},{"address":"10380.0 QUEEN ELIZABETH PARK ROAD NW","assessed_value":1249000},{"address":"3598.0 KESWICK BOULEVARD SW","assessed_value":579500},{"address":"nan nan","assessed_value":5500},{"address":"nan nan","assessed_value":8500},{"address":"5370.0 CHAPPELLE ROAD SW","assessed_value":129500},{"address":"3919.0 8 AVENUE SW","assessed_value":848500},{"address":"8822.0 24 AVENUE SW","assessed_value":652000},{"address":"2315.0 90B STREET SW","assessed_value":334500},{"address":"nan nan","assessed_value":8000},{"address":"7732.0 79 AVENUE NW","assessed_value":561500},{"address":"1504.0 21 STREET NW","assessed_value":490000},{"address":"nan nan","assessed_value":4500},{"address":"nan nan","assessed_value":8000},{"address":"nan nan","assessed_value":12000},{"address":"3707.0 HUMMINGBIRD WAY NW","assessed_value":715000},{"address":"3211.0 JAMES MOWATT TRAIL SW","assessed_value":191000},{"address":"2534.0 CASEY WAY SW","assessed_value":424000},{"address":"6013.0 19A AVENUE SW","assessed_value":634000},{"address":"3311.0 8 STREET NW","assessed_value":694000},{"address":"nan nan","assessed_value":8000},{"address":"3212.0 CHERNOWSKI WAY SW","assessed_value":499500},{"address":"7312.0 SUMMERSIDE GRANDE BOULEVARD SW","assessed_value":515500},{"address":"nan nan","assessed_value":460000},{"address":"9607.0 41 AVENUE NW","assessed_value":400500},{"address":"2606.0 PRICE COMMON SW","assessed_value":490000},{"address":"nan nan","assessed_value":12000},{"address":"16632.0 14 AVENUE SW","assessed_value":622500},{"address":"nan nan","assessed_value":8000},{"address":"1510.0 WATT DRIVE SW","assessed_value":163500},{"address":"9635.0 158 STREET NW","assessed_value":601000},{"address":"13012.0 121 STREET NW","assessed_value":452500},{"address":"5320.0 22 AVENUE SW","assessed_value":673000},{"address":"2803.0 JAMES MOWATT TRAIL SW","assessed_value":320500},{"address":"5151.0 WINDERMERE BOULEVARD SW","assessed_value":437000},{"address":"344.0 WINDERMERE ROAD NW","assessed_value":161000},{"address":"10226.0 104 STREET NW","assessed_value":294500},{"address":"nan nan","assessed_value":12500},{"address":"nan nan","assessed_value":12000},{"address":"309.0 CY BECKER BOULEVARD NW","assessed_value":589000},{"address":"15709.0 139 STREET NW","assessed_value":202000},{"address":"22503.0 81 AVENUE NW","assessed_value":555500},{"address":"14312.0 128 AVENUE NW","assessed_value":397500},{"address":"3364.0 CHICKADEE DRIVE NW","assessed_value":586000},{"address":"2604.0 20 AVENUE NW","assessed_value":499000},{"address":"nan nan","assessed_value":40500},{"address":"4008.0 SAVARYN DRIVE SW","assessed_value":239000},{"address":"5029.0 EDGEMONT BOULEVARD NW","assessed_value":317000},{"address":"2607.0 12 STREET NW","assessed_value":504000},{"address":"5151.0 WINDERMERE BOULEVARD SW","assessed_value":292000},{"address":"1412.0 25 AVENUE NW","assessed_value":454500},{"address":"nan nan","assessed_value":12000},{"address":"107.0 WATT COMMON SW","assessed_value":148500},{"address":"1912.0 15 AVENUE NW","assessed_value":466000},{"address":"5151.0 WINDERMERE BOULEVARD SW","assessed_value":523000},{"address":"5135.0 CHAPPELLE ROAD SW","assessed_value":398500},{"address":"nan nan","assessed_value":41000},{"address":"3366.0 ORCHARDS LINK SW","assessed_value":460000},{"address":"nan nan","assessed_value":14500},{"address":"21859.0 98 AVENUE NW","assessed_value":719500},{"address":"9009.0 217 STREET NW","assessed_value":440000},{"address":"5944.0 174 AVENUE NW","assessed_value":605000},{"address":"5540.0 WINDERMERE BOULEVARD NW","assessed_value":423000},{"address":"5804.0 MULLEN PLACE NW","assessed_value":168500},{"address":"10227.0 115 STREET NW","assessed_value":261500},{"address":"18122.0 77 STREET NW","assessed_value":135500},{"address":"22227.0 88 AVENUE NW","assessed_value":511500},{"address":"903.0 CRYSTALLINA NERA WAY NW","assessed_value":282500},{"address":"10811.0 72 AVENUE NW","assessed_value":295000},{"address":"320.0 AMBLESIDE LINK SW","assessed_value":231500},{"address":"319.0 CY BECKER BOULEVARD NW","assessed_value":619500},{"address":"1316.0 CLEMENT COURT NW","assessed_value":1282000},{"address":"503.0 ALBANY WAY NW","assessed_value":267000},{"address":"2589.0 COUGHLAN ROAD SW","assessed_value":467000},{"address":"207.0 41 AVENUE NW","assessed_value":485000},{"address":"nan nan","assessed_value":8000},{"address":"nan nan","assessed_value":14500},{"address":"22219.0 88 AVENUE NW","assessed_value":526000},{"address":"1510.0 WATT DRIVE SW","assessed_value":182500},{"address":"5370.0 CHAPPELLE ROAD SW","assessed_value":182000},{"address":"9310.0 74 AVENUE NW","assessed_value":655000},{"address":"3416.0 CHICKADEE DRIVE NW","assessed_value":682500},{"address":"8012.0 174 AVENUE NW","assessed_value":440500},{"address":"13832.0 36 STREET NW","assessed_value":3066000},{"address":"5161.0 CRABAPPLE LINK SW","assessed_value":611500},{"address":"nan nan","assessed_value":5000},{"address":"6507.0 173 AVENUE NW","assessed_value":686500},{"address":"nan nan","assessed_value":9000},{"address":"7028.0 NEWSON ROAD NW","assessed_value":693500},{"address":"1306.0 29 STREET NW","assessed_value":452000},{"address":"3207.0 JAMES MOWATT TRAIL SW","assessed_value":144500},{"address":"8711.0 219 STREET NW","assessed_value":1247500},{"address":"13627.0 STONY PLAIN ROAD NW","assessed_value":638500},{"address":"10606.0 84 AVENUE NW","assessed_value":289500},{"address":"nan nan","assessed_value":12000},{"address":"2327.0 90B STREET SW","assessed_value":814000},{"address":"5758.0 175B AVENUE NW","assessed_value":612500},{"address":"8919.0 217 STREET NW","assessed_value":444000},{"address":"1248.0 PEREGRINE TERRACE NW","assessed_value":590500},{"address":"3667.0 HUMMINGBIRD WAY NW","assessed_value":427000},{"address":"nan nan","assessed_value":12000},{"address":"709.0 EBBERS PLACE NW","assessed_value":610000},{"address":"677.0 HOWATT DRIVE SW","assessed_value":2146000},{"address":"3375.0 13 AVENUE NW","assessed_value":580500},{"address":"625.0 LEGER WAY NW","assessed_value":392500},{"address":"9433.0 67A AVENUE NW","assessed_value":197000},{"address":"9853.0 217 STREET NW","assessed_value":383000},{"address":"5025.0 EDGEMONT BOULEVARD NW","assessed_value":352500},{"address":"7503.0 GETTY GATE NW","assessed_value":307000},{"address":"420.0 41 AVENUE NW","assessed_value":602500},{"address":"5422.0 136 AVENUE NW","assessed_value":381500},{"address":"nan nan","assessed_value":10500},{"address":"11434.0 71 AVENUE NW","assessed_value":667500},{"address":"nan nan","assessed_value":8500},{"address":"17555.0 57 STREET NW","assessed_value":525500},{"address":"nan nan","assessed_value":350500},{"address":"1034.0 WALKOWSKI PLACE NW","assessed_value":940500},{"address":"5816.0 MULLEN PLACE NW","assessed_value":204000},{"address":"3207.0 JAMES MOWATT TRAIL SW","assessed_value":161500},{"address":"8123.0 GOURLAY PLACE NW","assessed_value":705500},{"address":"nan nan","assessed_value":11000},{"address":"nan nan","assessed_value":8500},{"address":"1523.0 168 STREET SW","assessed_value":553000},{"address":"4418.0 113 AVENUE NW","assessed_value":399000},{"address":"5804.0 MULLEN PLACE NW","assessed_value":138000},{"address":"9519.0 160 AVENUE NW","assessed_value":189500},{"address":"nan nan","assessed_value":6000},{"address":"17218.0 9A AVENUE SW","assessed_value":305500},{"address":"1144.0 ADAMSON DRIVE SW","assessed_value":250500},{"address":"22531.0 98 AVENUE NW","assessed_value":533500},{"address":"9433.0 67A AVENUE NW","assessed_value":207000},{"address":"nan nan","assessed_value":9500},{"address":"1719.0 167 STREET SW","assessed_value":424500},{"address":"10811.0 72 AVENUE NW","assessed_value":406000},{"address":"nan nan","assessed_value":12500},{"address":"1549.0 TAMARACK BOULEVARD NW","assessed_value":550500},{"address":"5515.0 7 AVENUE SW","assessed_value":189500},{"address":"4239.0 VETERANS WAY NW","assessed_value":814000},{"address":"nan nan","assessed_value":9000},{"address":"2506.0 19A AVENUE NW","assessed_value":430500},{"address":"nan nan","assessed_value":12000},{"address":"942.0 EAST GATE NW","assessed_value":419000},{"address":"12650.0 142 AVENUE NW","assessed_value":212000},{"address":"1173.0 GYRFALCON CRESCENT NW","assessed_value":30000},{"address":"820.0 180 STREET SW","assessed_value":1085000},{"address":"667.0 WATT BOULEVARD SW","assessed_value":179500},{"address":"12650.0 142 AVENUE NW","assessed_value":213000},{"address":"812.0 WELSH DRIVE SW","assessed_value":189500},{"address":"1529.0 26 AVENUE NW","assessed_value":439500},{"address":"5521.0 7 AVENUE SW","assessed_value":191500},{"address":"nan nan","assessed_value":9000},{"address":"2308.0 KELLY CIRCLE SW","assessed_value":633000},{"address":"5810.0 MULLEN PLACE NW","assessed_value":174500},{"address":"21845.0 98A AVENUE NW","assessed_value":582000},{"address":"nan nan","assessed_value":5500},{"address":"nan nan","assessed_value":12000},{"address":"2839.0 KOSHAL CRESCENT SW","assessed_value":483500},{"address":"2229.0 44 AVENUE NW","assessed_value":172500},{"address":"1267.0 DANIELS CRESCENT SW","assessed_value":374500},{"address":"271.0 CY BECKER BOULEVARD NW","assessed_value":597500},{"address":"504.0 GRIESBACH PARADE NW","assessed_value":224000},{"address":"22515.0 98 AVENUE NW","assessed_value":448500},{"address":"nan nan","assessed_value":40500},{"address":"nan nan","assessed_value":4500},{"address":"1508.0 105 STREET NW","assessed_value":335500},{"address":"3315.0 JAMES MOWATT TRAIL SW","assessed_value":162000},{"address":"320.0 AMBLESIDE LINK SW","assessed_value":158000},{"address":"1719.0 164 STREET SW","assessed_value":557000},{"address":"8935.0 218 STREET NW","assessed_value":426000},{"address":"nan nan","assessed_value":12500},{"address":"1203.0 164 STREET SW","assessed_value":706000},{"address":"3332.0 15A AVENUE NW","assessed_value":321500},{"address":"nan nan","assessed_value":6000},{"address":"5723.0 176 AVENUE NW","assessed_value":571500},{"address":"nan nan","assessed_value":5000},{"address":"4829.0 172A AVENUE NW","assessed_value":585000},{"address":"6762.0 ELSTON LANE NW","assessed_value":580500},{"address":"18122.0 77 STREET NW","assessed_value":146500},{"address":"107.0 WATT COMMON SW","assessed_value":185000},{"address":"10919.0 154 STREET NW","assessed_value":554500},{"address":"nan nan","assessed_value":41000},{"address":"2808.0 COUGHLAN GREEN SW","assessed_value":415000},{"address":"nan nan","assessed_value":12000},{"address":"1134.0 WAHL PLACE NW","assessed_value":1609000},{"address":"4470.0 PROWSE ROAD SW","assessed_value":292000},{"address":"5370.0 CHAPPELLE ROAD SW","assessed_value":200000},{"address":"10238.0 103 STREET NW","assessed_value":325500},{"address":"10238.0 103 STREET NW","assessed_value":280500},{"address":"4139.0 KENNEDY GREEN SW","assessed_value":1325000},{"address":"8152.0 CHAPPELLE WAY SW","assessed_value":397500},{"address":"111.0 WATT COMMON SW","assessed_value":199000},{"address":"nan nan","assessed_value":12000},{"address":"2803.0 JAMES MOWATT TRAIL SW","assessed_value":314500},{"address":"nan nan","assessed_value":4500},{"address":"3618.0 8 AVENUE SW","assessed_value":458000},{"address":"1189.0 GYRFALCON CRESCENT NW","assessed_value":633000},{"address":"10238.0 103 STREET NW","assessed_value":200500},{"address":"2360.0 GLENRIDDING BOULEVARD SW","assessed_value":407000},{"address":"1140.0 CHAPPELLE BOULEVARD SW","assessed_value":291500},{"address":"2017.0 ROCHESTER AVENUE NW","assessed_value":867000},{"address":"274.0 MCCONACHIE DRIVE NW","assessed_value":155500},{"address":"nan nan","assessed_value":9500},{"address":"508.0 GRIESBACH PARADE NW","assessed_value":221500},{"address":"17708.0 59 STREET NW","assessed_value":478000},{"address":"804.0 WELSH DRIVE SW","assessed_value":349000},{"address":"2515.0 22 AVENUE NW","assessed_value":488000},{"address":"8104.0 83 AVENUE NW","assessed_value":1086500},{"address":"8416.0 24 AVENUE SW","assessed_value":442000},{"address":"5510.0 SCHONSEE DRIVE NW","assessed_value":196500},{"address":"203.0 GRIESBACH ROAD NW","assessed_value":682000},{"address":"9519.0 160 AVENUE NW","assessed_value":176500},{"address":"nan nan","assessed_value":5500},{"address":"10238.0 103 STREET NW","assessed_value":289000},{"address":"10226.0 104 STREET NW","assessed_value":308000},{"address":"nan nan","assessed_value":14500},{"address":"2128.0 22 STREET NW","assessed_value":873500},{"address":"4029.0 ORCHARDS DRIVE SW","assessed_value":292000},{"address":"nan nan","assessed_value":6000},{"address":"1828.0 16B AVENUE NW","assessed_value":752500},{"address":"17815.0 9 AVENUE SW","assessed_value":572500},{"address":"17119.0 38 STREET NW","assessed_value":420500},{"address":"nan nan","assessed_value":5000},{"address":"16035.0 13 AVENUE SW","assessed_value":552500},{"address":"1027.0 WALKOWSKI PLACE NW","assessed_value":837500},{"address":"2609.0 ADAM COURT SW","assessed_value":626500},{"address":"4145.0 CHARLES LINK SW","assessed_value":1093000},{"address":"nan nan","assessed_value":12500},{"address":"11969.0 JASPER AVENUE NW","assessed_value":662500},{"address":"913.0 173A STREET SW","assessed_value":673000},{"address":"nan nan","assessed_value":8000},{"address":"4109.0 KENNEDY GREEN SW","assessed_value":908500},{"address":"nan nan","assessed_value":5500},{"address":"2138.0 24 STREET NW","assessed_value":408000},{"address":"7008.0 SUMMERSIDE GRANDE BOULEVARD SW","assessed_value":490000},{"address":"2326.0 CASEY CRESCENT SW","assessed_value":439000},{"address":"nan nan","assessed_value":40500},{"address":"11710.0 87 AVENUE NW","assessed_value":527000},{"address":"nan nan","assessed_value":8500},{"address":"667.0 WATT BOULEVARD SW","assessed_value":180500},{"address":"18122.0 77 STREET NW","assessed_value":196000},{"address":"5627.0 22A AVENUE SW","assessed_value":674000},{"address":"5521.0 7 AVENUE SW","assessed_value":196500},{"address":"15043.0 15 STREET NW","assessed_value":229500},{"address":"1257.0 163 STREET SW","assessed_value":387500},{"address":"nan nan","assessed_value":8500},{"address":"nan nan","assessed_value":12000},{"address":"344.0 WINDERMERE ROAD NW","assessed_value":161000},{"address":"20762.0 99A AVENUE NW","assessed_value":439000},{"address":"3768.0 WEIDLE CRESCENT SW","assessed_value":440000},{"address":"9911.0 224 STREET NW","assessed_value":571500},{"address":"4355.0 126B AVENUE NW","assessed_value":158000},{"address":"2629.0 21A AVENUE NW","assessed_value":778500},{"address":"9433.0 67A AVENUE NW","assessed_value":178000},{"address":"9049.0 92 STREET NW","assessed_value":354500},{"address":"nan nan","assessed_value":12000},{"address":"320.0 AMBLESIDE LINK SW","assessed_value":255500},{"address":"1308.0 26 AVENUE NW","assessed_value":575500},{"address":"3207.0 JAMES MOWATT TRAIL SW","assessed_value":175500},{"address":"8055.0 CHAPPELLE WAY SW","assessed_value":405000},{"address":"6152.0 ROSENTHAL WAY NW","assessed_value":390500},{"address":"3625.0 144 AVENUE NW","assessed_value":286000},{"address":"10811.0 72 AVENUE NW","assessed_value":295500},{"address":"613.0 40 STREET SW","assessed_value":461500},{"address":"4325.0 PROWSE LINK SW","assessed_value":384500},{"address":"3090.0 CAMERON HEIGHTS WAY NW","assessed_value":560500},{"address":"3818.0 WEIDLE CRESCENT SW","assessed_value":430000},{"address":"4237.0 CHARLES CLOSE SW","assessed_value":606000},{"address":"10357.0 145 STREET NW","assessed_value":803500},{"address":"nan nan","assessed_value":12500},{"address":"393.0 DESROCHERS BOULEVARD SW","assessed_value":461000},{"address":"1303.0 CHAPPELLE BOULEVARD SW","assessed_value":379000},{"address":"5572.0 WINDERMERE BOULEVARD NW","assessed_value":752500},{"address":"nan nan","assessed_value":4500},{"address":"2560.0 PEGASUS BOULEVARD NW","assessed_value":251500},{"address":"5116.0 20 AVENUE SW","assessed_value":405000},{"address":"nan nan","assessed_value":12000},{"address":"9119.0 COOPER CRESCENT SW","assessed_value":540000},{"address":"2030.0 WARE ROAD NW","assessed_value":627500},{"address":"4803.0 173 AVENUE NW","assessed_value":417500},{"address":"348.0 WINDERMERE ROAD NW","assessed_value":203000},{"address":"4014.0 KENNEDY CLOSE SW","assessed_value":644500},{"address":"nan nan","assessed_value":9500},{"address":"4416.0 6 STREET NW","assessed_value":441500},{"address":"12650.0 142 AVENUE NW","assessed_value":196500},{"address":"3207.0 JAMES MOWATT TRAIL SW","assessed_value":139500},{"address":"nan nan","assessed_value":12000},{"address":"17280.0 9B AVENUE SW","assessed_value":310500},{"address":"344.0 WINDERMERE ROAD NW","assessed_value":190000},{"address":"1004.0 ROSENTHAL BOULEVARD NW","assessed_value":278000},{"address":"714.0 EBBERS PLACE NW","assessed_value":705000},{"address":"2456.0 13 STREET NW","assessed_value":672500},{"address":"1805.0 27 STREET NW","assessed_value":417000},{"address":"2512.0 19A AVENUE NW","assessed_value":399500},{"address":"667.0 WATT BOULEVARD SW","assessed_value":162500},{"address":"nan nan","assessed_value":10000},{"address":"5136.0 CRABAPPLE LINK SW","assessed_value":478000},{"address":"9804.0 223 STREET NW","assessed_value":616000},{"address":"2320.0 CASSIDY WAY SW","assessed_value":627500},{"address":"nan nan","assessed_value":12000},{"address":"nan nan","assessed_value":14500},{"address":"nan nan","assessed_value":12500},{"address":"nan nan","assessed_value":8000},{"address":"921.0 173 STREET SW","assessed_value":331000},{"address":"nan nan","assessed_value":5500},{"address":"2508.0 19A AVENUE NW","assessed_value":410500},{"address":"nan nan","assessed_value":41000},{"address":"nan nan","assessed_value":8500},{"address":"1031.0 173 STREET SW","assessed_value":161500},{"address":"10238.0 103 STREET NW","assessed_value":246000},{"address":"nan nan","assessed_value":12500},{"address":"8726.0 CARSON WAY SW","assessed_value":517500},{"address":"5885.0 ANTHONY CRESCENT SW","assessed_value":433500},{"address":"nan nan","assessed_value":14500},{"address":"4438.0 6A STREET NW","assessed_value":465000},{"address":"11969.0 JASPER AVENUE NW","assessed_value":426000},{"address":"467.0 ORCHARDS BOULEVARD SW","assessed_value":514500},{"address":"723.0 172 STREET SW","assessed_value":322500},{"address":"nan nan","assessed_value":5000},{"address":"22216.0 88 AVENUE NW","assessed_value":466500},{"address":"4008.0 SAVARYN DRIVE SW","assessed_value":247000},{"address":"5466.0 136 AVENUE NW","assessed_value":417000},{"address":"nan nan","assessed_value":14500},{"address":"5029.0 EDGEMONT BOULEVARD NW","assessed_value":329500},{"address":"nan nan","assessed_value":18000},{"address":"1923.0 24 STREET NW","assessed_value":401500},{"address":"nan nan","assessed_value":6000},{"address":"10226.0 104 STREET NW","assessed_value":287500},{"address":"6518.0 ELSTON LOOP NW","assessed_value":630000},{"address":"270.0 MCCONACHIE DRIVE NW","assessed_value":156500},{"address":"nan nan","assessed_value":12500},{"address":"10941.0 130 STREET NW","assessed_value":773000},{"address":"nan nan","assessed_value":12000},{"address":"13307.0 17 STREET NE","assessed_value":7500},{"address":"16435.0 17 AVENUE SW","assessed_value":740000},{"address":"483.0 EBBERS WAY NW","assessed_value":406000},{"address":"3208.0 11 AVENUE NW","assessed_value":707000},{"address":"5167.0 CHAPPELLE ROAD SW","assessed_value":389500},{"address":"1480.0 WATT DRIVE SW","assessed_value":348000},{"address":"16120.0 17 AVENUE SW","assessed_value":680000},{"address":"5321.0 22 AVENUE SW","assessed_value":406000},{"address":"17716.0 58 STREET NW","assessed_value":426000},{"address":"22128.0 88 AVENUE NW","assessed_value":465500},{"address":"nan nan","assessed_value":9000},{"address":"3733.0 WEIDLE CRESCENT SW","assessed_value":486000},{"address":"nan nan","assessed_value":4500},{"address":"nan nan","assessed_value":8000},{"address":"nan nan","assessed_value":14500},{"address":"17216.0 47 STREET NW","assessed_value":630500},{"address":"1246.0 PEREGRINE TERRACE NW","assessed_value":524000},{"address":"nan nan","assessed_value":12000},{"address":"nan nan","assessed_value":8000},{"address":"4439.0 6 STREET NW","assessed_value":413000},{"address":"nan nan","assessed_value":12500},{"address":"11114.0 127 STREET NW","assessed_value":539500},{"address":"nan nan","assessed_value":10500},{"address":"9515.0 160 AVENUE NW","assessed_value":267000},{"address":"nan nan","assessed_value":12000},{"address":"4047.0 PROWSE LANE SW","assessed_value":406000},{"address":"2264.0 CASEY CRESCENT SW","assessed_value":404500},{"address":"2157.0 52A STREET SW","assessed_value":419000},{"address":"22709.0 94A AVENUE NW","assessed_value":543000},{"address":"3207.0 JAMES MOWATT TRAIL SW","assessed_value":149500},{"address":"10641.0 129 STREET NW","assessed_value":575000},{"address":"7859.0 170A AVENUE NW","assessed_value":364500},{"address":"1005.0 GRAYDON HILL BOULEVARD SW","assessed_value":315500},{"address":"504.0 GRIESBACH PARADE NW","assessed_value":277500},{"address":"270.0 MCCONACHIE DRIVE NW","assessed_value":140500},{"address":"2129.0 86 STREET SW","assessed_value":441000},{"address":"16803.0 60 STREET NW","assessed_value":470500},{"address":"nan nan","assessed_value":6000},{"address":"nan nan","assessed_value":8500},{"address":"nan nan","assessed_value":9000},{"address":"2017.0 AUXIER POINT SW","assessed_value":217500},{"address":"1735.0 163 STREET SW","assessed_value":644500},{"address":"nan nan","assessed_value":12000},{"address":"12913.0 124 STREET NW","assessed_value":379500},{"address":"4008.0 SAVARYN DRIVE SW","assessed_value":224000},{"address":"2108.0 24 STREET NW","assessed_value":428500},{"address":"320.0 AMBLESIDE LINK SW","assessed_value":193500},{"address":"10406.0 112 AVENUE NW","assessed_value":279500},{"address":"15819.0 18 AVENUE SW","assessed_value":646500},{"address":"3315.0 JAMES MOWATT TRAIL SW","assessed_value":131000},{"address":"2691.0 SIR ARTHUR CURRIE WAY NW","assessed_value":334000},{"address":"16320.0 18 AVENUE SW","assessed_value":708500},{"address":"9610.0 72 AVENUE NW","assessed_value":758500},{"address":"348.0 DESROCHERS BOULEVARD SW","assessed_value":478000},{"address":"4208.0 KENNEDY COURT SW","assessed_value":733000},{"address":"274.0 MCCONACHIE DRIVE NW","assessed_value":165500},{"address":"5531.0 SCHONSEE DRIVE NW","assessed_value":478000},{"address":"604.0 MCALLISTER LOOP SW","assessed_value":551500},{"address":"6031.0 168 AVENUE NW","assessed_value":632500},{"address":"2736.0 COUGHLAN GREEN SW","assessed_value":389000},{"address":"1636.0 158 STREET SW","assessed_value":631500},{"address":"5521.0 7 AVENUE SW","assessed_value":166500},{"address":"4405.0 6A STREET NW","assessed_value":428000},{"address":"5151.0 WINDERMERE BOULEVARD SW","assessed_value":221000},{"address":"nan nan","assessed_value":12500},{"address":"5151.0 WINDERMERE BOULEVARD SW","assessed_value":464000},{"address":"12605.0 45 STREET NW","assessed_value":352500},{"address":"2111.0 22 STREET NW","assessed_value":866500},{"address":"4221.0 KENNEDY COURT SW","assessed_value":765000},{"address":"17840.0 9 AVENUE SW","assessed_value":593000},{"address":"17328.0 81 STREET NW","assessed_value":538000},{"address":"nan nan","assessed_value":10500},{"address":"nan nan","assessed_value":9000},{"address":"11625.0 88 STREET NW","assessed_value":395000},{"address":"nan nan","assessed_value":9500},{"address":"5510.0 SCHONSEE DRIVE NW","assessed_value":190500},{"address":"2130.0 KOSHAL WAY SW","assessed_value":624000},{"address":"11969.0 JASPER AVENUE NW","assessed_value":228000},{"address":"3917.0 171A AVENUE NW","assessed_value":515000},{"address":"2004.0 24 STREET NW","assessed_value":505500},{"address":"228.0 HAWKS RIDGE BOULEVARD NW","assessed_value":419000},{"address":"415.0 CLAREVIEW ROAD NW","assessed_value":302000},{"address":"nan nan","assessed_value":4500},{"address":"3207.0 JAMES MOWATT TRAIL SW","assessed_value":166500},{"address":"4057.0 PROWSE LANE SW","assessed_value":394000},{"address":"11710.0 87 AVENUE NW","assessed_value":678500},{"address":"7296.0 EDGEMONT WAY NW","assessed_value":545500},{"address":"12624.0 45 STREET NW","assessed_value":517500},{"address":"nan nan","assessed_value":6000},{"address":"nan nan","assessed_value":12500},{"address":"76.0 1816 RUTHERFORD ROAD SW","assessed_value":326000},{"address":"749.0 EAGLESON CRESCENT NW","assessed_value":434500},{"address":"15012.0 15 STREET NW","assessed_value":471000},{"address":"104.0 ALLARD LINK SW","assessed_value":453500},{"address":"nan nan","assessed_value":3500},{"address":"nan nan","assessed_value":8500},{"address":"107.0 WATT COMMON SW","assessed_value":217000},{"address":"nan nan","assessed_value":12500},{"address":"926.0 WOOD PLACE NW","assessed_value":965000},{"address":"22718.0 94A AVENUE NW","assessed_value":535500},{"address":"nan nan","assessed_value":12500},{"address":"3315.0 JAMES MOWATT TRAIL SW","assessed_value":128000},{"address":"nan nan","assessed_value":9500},{"address":"9616.0 96 STREET NW","assessed_value":795000},{"address":"4427.0 ANNETT COMMON SW","assessed_value":385000},{"address":"nan nan","assessed_value":9500},{"address":"5120.0 CRABAPPLE LINK SW","assessed_value":477000},{"address":"2048.0 88 STREET SW","assessed_value":1087500},{"address":"nan nan","assessed_value":12000},{"address":"nan nan","assessed_value":9000},{"address":"18122.0 77 STREET NW","assessed_value":155500},{"address":"2803.0 JAMES MOWATT TRAIL SW","assessed_value":285500},{"address":"nan nan","assessed_value":12000},{"address":"nan nan","assessed_value":12000},{"address":"1510.0 WATT DRIVE SW","assessed_value":141000},{"address":"1248.0 AINSLIE WAY SW","assessed_value":853500},{"address":"10126.0 144 STREET NW","assessed_value":261500},{"address":"2203.0 16 AVENUE NW","assessed_value":409000},{"address":"9452.0 230 STREET NW","assessed_value":373500},{"address":"1391.0 STARLING DRIVE NW","assessed_value":270500},{"address":"11969.0 JASPER AVENUE NW","assessed_value":393000},{"address":"nan nan","assessed_value":8500},{"address":"9151.0 SHAW WAY SW","assessed_value":300500},{"address":"8420.0 CUSHING COURT SW","assessed_value":538500},{"address":"5564.0 WINDERMERE BOULEVARD NW","assessed_value":1119500},{"address":"20824.0 130 AVENUE NW","assessed_value":523000},{"address":"nan nan","assessed_value":41000},{"address":"nan nan","assessed_value":12000},{"address":"8151.0 225 STREET NW","assessed_value":479000},{"address":"4029.0 BLACKBIRD LINK NW","assessed_value":350500},{"address":"10811.0 72 AVENUE NW","assessed_value":302500},{"address":"1519.0 24 STREET NW","assessed_value":397500},{"address":"223.0 40A AVENUE NW","assessed_value":418000},{"address":"11969.0 JASPER AVENUE NW","assessed_value":492500},{"address":"9835.0 224 STREET NW","assessed_value":518500},{"address":"5821.0 ANTHONY CRESCENT SW","assessed_value":396000},{"address":"5151.0 WINDERMERE BOULEVARD SW","assessed_value":223500},{"address":"18126.0 77 STREET NW","assessed_value":161500},{"address":"nan nan","assessed_value":4500},{"address":"nan nan","assessed_value":4500},{"address":"2941.0 KOSTASH DRIVE SW","assessed_value":684500},{"address":"2508.0 CASEY WAY SW","assessed_value":405500},{"address":"2212.0 KELLY CRESCENT SW","assessed_value":732500},{"address":"17835.0 9 AVENUE SW","assessed_value":593500},{"address":"nan nan","assessed_value":14500},{"address":"nan nan","assessed_value":8000},{"address":"nan nan","assessed_value":11000},{"address":"5728.0 175B AVENUE NW","assessed_value":536500},{"address":"nan nan","assessed_value":9000},{"address":"12660.0 142 AVENUE NW","assessed_value":187000},{"address":"1503.0 TAMARACK BOULEVARD NW","assessed_value":460500},{"address":"nan nan","assessed_value":12500},{"address":"nan nan","assessed_value":12000},{"address":"3512.0 8 STREET NW","assessed_value":540000},{"address":"8521.0 CUSHING PLACE SW","assessed_value":473500},{"address":"5370.0 CHAPPELLE ROAD SW","assessed_value":153000},{"address":"320.0 SECORD BOULEVARD NW","assessed_value":332500},{"address":"nan nan","assessed_value":12000},{"address":"1140.0 CHAPPELLE BOULEVARD SW","assessed_value":294500},{"address":"nan nan","assessed_value":8000},{"address":"320.0 SECORD BOULEVARD NW","assessed_value":293000},{"address":"nan nan","assessed_value":12500},{"address":"3211.0 JAMES MOWATT TRAIL SW","assessed_value":175500},{"address":"nan nan","assessed_value":6000},{"address":"3315.0 JAMES MOWATT TRAIL SW","assessed_value":166500},{"address":"2040.0 24 STREET NW","assessed_value":446500},{"address":"503.0 ALBANY WAY NW","assessed_value":286500},{"address":"11080.0 ELLERSLIE ROAD SW","assessed_value":271000},{"address":"374.0 CHARLEWORTH DRIVE SW","assessed_value":501000},{"address":"7503.0 GETTY GATE NW","assessed_value":306500},{"address":"nan nan","assessed_value":3500},{"address":"1510.0 WATT DRIVE SW","assessed_value":180500},{"address":"16654.0 14 AVENUE SW","assessed_value":431000},{"address":"12317.0 177 AVENUE NW","assessed_value":423500},{"address":"1223.0 164 STREET SW","assessed_value":569500},{"address":"2560.0 PEGASUS BOULEVARD NW","assessed_value":275500},{"address":"2109.0 TOPHAM STREET","assessed_value":572000},{"address":"2406.0 CASEY LINK SW","assessed_value":437000},{"address":"2845.0 SIR ARTHUR CURRIE WAY NW","assessed_value":14090500},{"address":"nan nan","assessed_value":9500},{"address":"nan nan","assessed_value":4500},{"address":"8810.0 24 AVENUE SW","assessed_value":700000},{"address":"nan nan","assessed_value":10500},{"address":"9650.0 ELLERSLIE ROAD SW","assessed_value":18700000},{"address":"5515.0 7 AVENUE SW","assessed_value":200000},{"address":"569.0 ORCHARDS BOULEVARD SW","assessed_value":292000},{"address":"6505.0 ELSTON LOOP NW","assessed_value":578000},{"address":"16810.0 14 AVENUE SW","assessed_value":436500},{"address":"nan nan","assessed_value":9500},{"address":"2560.0 PEGASUS BOULEVARD NW","assessed_value":325500},{"address":"17510.0 9A AVENUE SW","assessed_value":670000},{"address":"17139.0 38 STREET NW","assessed_value":440000},{"address":"9012.0 217 STREET NW","assessed_value":407000},{"address":"8209.0 217 STREET NW","assessed_value":321500},{"address":"nan nan","assessed_value":12500},{"address":"344.0 WINDERMERE ROAD NW","assessed_value":166500},{"address":"3907.0 8 AVENUE SW","assessed_value":623000},{"address":"921.0 EBBERS CRESCENT NW","assessed_value":394500},{"address":"1140.0 CHAPPELLE BOULEVARD SW","assessed_value":308500},{"address":"3355.0 13 AVENUE NW","assessed_value":609000},{"address":"721.0 EBBERS PLACE NW","assessed_value":647500},{"address":"1432.0 158 STREET SW","assessed_value":677500},{"address":"22528.0 82 AVENUE NW","assessed_value":559000},{"address":"415.0 CLAREVIEW ROAD NW","assessed_value":302000},{"address":"10506.0 136 STREET NW","assessed_value":802000},{"address":"812.0 WELSH DRIVE SW","assessed_value":189500},{"address":"nan nan","assessed_value":5500},{"address":"2229.0 44 AVENUE NW","assessed_value":146500},{"address":"503.0 ALBANY WAY NW","assessed_value":225000},{"address":"2560.0 PEGASUS BOULEVARD NW","assessed_value":284500},{"address":"1730.0 KEENE CRESCENT SW","assessed_value":366000},{"address":"2604.0 19A AVENUE NW","assessed_value":432500},{"address":"1743.0 27 STREET NW","assessed_value":432000},{"address":"5824.0 19 AVENUE SW","assessed_value":668500},{"address":"111.0 WATT COMMON SW","assessed_value":186000},{"address":"8142.0 CHAPPELLE WAY SW","assessed_value":394500},{"address":"1407.0 25 AVENUE NW","assessed_value":416500},{"address":"nan nan","assessed_value":12500},{"address":"15709.0 139 STREET NW","assessed_value":192000},{"address":"1604.0 33A STREET NW","assessed_value":326500},{"address":"4008.0 SAVARYN DRIVE SW","assessed_value":223000},{"address":"nan nan","assessed_value":8000},{"address":"8452.0 CUSHING COURT SW","assessed_value":552000},{"address":"285.0 EDGEMONT ROAD NW","assessed_value":386000},{"address":"nan nan","assessed_value":4500},{"address":"nan nan","assessed_value":11000},{"address":"nan nan","assessed_value":12000},{"address":"2827.0 MAPLE WAY NW","assessed_value":389500},{"address":"nan nan","assessed_value":12000},{"address":"3207.0 JAMES MOWATT TRAIL SW","assessed_value":142500},{"address":"nan nan","assessed_value":8500},{"address":"1144.0 ADAMSON DRIVE SW","assessed_value":190000},{"address":"3424.0 CHERRY WAY SW","assessed_value":424500},{"address":"nan nan","assessed_value":8000},{"address":"5810.0 MULLEN PLACE NW","assessed_value":138000},{"address":"8566.0 CUSHING PLACE SW","assessed_value":405500},{"address":"nan nan","assessed_value":8500},{"address":"nan nan","assessed_value":5000},{"address":"2905.0 141 STREET SW","assessed_value":313500},{"address":"3015.0 15 AVENUE NW","assessed_value":418500},{"address":"10843.0 75 AVENUE NW","assessed_value":573500},{"address":"2373.0 CASEY CRESCENT SW","assessed_value":407500},{"address":"5203.0 149 AVENUE NW","assessed_value":258000},{"address":"nan nan","assessed_value":8500},{"address":"1452.0 30 STREET NW","assessed_value":654000},{"address":"nan nan","assessed_value":5500},{"address":"3401.0 CHICKADEE DRIVE NW","assessed_value":859000},{"address":"2032.0 PRICE LANDING SW","assessed_value":396500},{"address":"nan nan","assessed_value":4500},{"address":"nan nan","assessed_value":6000},{"address":"3416.0 8 STREET NW","assessed_value":849500},{"address":"nan nan","assessed_value":12000},{"address":"5804.0 MULLEN PLACE NW","assessed_value":204000},{"address":"nan nan","assessed_value":5500},{"address":"2604.0 COUGHLAN ROAD SW","assessed_value":464000},{"address":"4335.0 126 AVENUE NW","assessed_value":508500},{"address":"274.0 MCCONACHIE DRIVE NW","assessed_value":127500},{"address":"5515.0 7 AVENUE SW","assessed_value":187500},{"address":"nan nan","assessed_value":12000},{"address":"nan nan","assessed_value":10500},{"address":"17107.0 65 STREET NW","assessed_value":563000},{"address":"nan nan","assessed_value":5000},{"address":"5855.0 ANTHONY CRESCENT SW","assessed_value":399500},{"address":"9517.0 160 AVENUE NW","assessed_value":160000},{"address":"nan nan","assessed_value":9000},{"address":"11508.0 122 STREET NW","assessed_value":401500},{"address":"811.0 180 STREET SW","assessed_value":696000},{"address":"1510.0 WATT DRIVE SW","assessed_value":169000},{"address":"5411.0 ALLBRIGHT SQUARE SW","assessed_value":617500},{"address":"6520.0 2 AVENUE SW","assessed_value":223000},{"address":"1906.0 27 STREET NW","assessed_value":419000},{"address":"1555.0 22 STREET NW","assessed_value":415500},{"address":"4407.0 KENNEDY COVE SW","assessed_value":1409500},{"address":"10238.0 103 STREET NW","assessed_value":342500},{"address":"17244.0 9B AVENUE SW","assessed_value":323000},{"address":"nan nan","assessed_value":8000},{"address":"3315.0 JAMES MOWATT TRAIL SW","assessed_value":162500},{"address":"3431.0 KESWICK BOULEVARD SW","assessed_value":1253000},{"address":"12215.0 177 AVENUE NW","assessed_value":389500},{"address":"nan nan","assessed_value":12000},{"address":"320.0 SECORD BOULEVARD NW","assessed_value":318000},{"address":"110.0 AVENUE NW","assessed_value":346000},{"address":"111.0 WATT COMMON SW","assessed_value":175500},{"address":"nan nan","assessed_value":12500},{"address":"nan nan","assessed_value":14500},{"address":"218.0 HAWKS RIDGE BOULEVARD NW","assessed_value":389000},{"address":"2118.0 AUXIER COURT SW","assessed_value":617500},{"address":"12627.0 44 STREET NW","assessed_value":168500},{"address":"5370.0 CHAPPELLE ROAD SW","assessed_value":169000},{"address":"6608.0 28 AVENUE NW","assessed_value":370000},{"address":"9846.0 207A STREET NW","assessed_value":494000},{"address":"1416.0 161 STREET SW","assessed_value":669500},{"address":"nan nan","assessed_value":5500},{"address":"4008.0 BLACKBIRD LINK NW","assessed_value":365000},{"address":"3670.0 139 AVENUE NW","assessed_value":207000},{"address":"16412.0 16 AVENUE SW","assessed_value":600000},{"address":"4029.0 ORCHARDS DRIVE SW","assessed_value":292000},{"address":"4452.0 ANNETT COMMON SW","assessed_value":430000},{"address":"nan nan","assessed_value":8000},{"address":"7503.0 GETTY GATE NW","assessed_value":306500},{"address":"1282.0 PEREGRINE TERRACE NW","assessed_value":634500},{"address":"nan nan","assessed_value":14500},{"address":"3211.0 JAMES MOWATT TRAIL SW","assessed_value":166500},{"address":"3211.0 JAMES MOWATT TRAIL SW","assessed_value":193000},{"address":"9444.0 229 STREET NW","assessed_value":550500},{"address":"2560.0 PEGASUS BOULEVARD NW","assessed_value":251500},{"address":"22913.0 94A AVENUE NW","assessed_value":507500},{"address":"15807.0 15 AVENUE SW","assessed_value":766000},{"address":"nan nan","assessed_value":14500},{"address":"3366.0 15A AVENUE NW","assessed_value":323000},{"address":"8511.0 219 STREET NW","assessed_value":738500},{"address":"22223.0 89 AVENUE NW","assessed_value":504000},{"address":"9151.0 SHAW WAY SW","assessed_value":292000},{"address":"nan nan","assessed_value":41000},{"address":"8516.0 24 AVENUE SW","assessed_value":496500},{"address":"nan nan","assessed_value":12500},{"address":"4439.0 5 STREET NW","assessed_value":443000},{"address":"4463.0 5 STREET NW","assessed_value":500500},{"address":"21100.0 114 AVENUE NW","assessed_value":70000},{"address":"2229.0 44 AVENUE NW","assessed_value":227000},{"address":"12620.0 44 STREET NW","assessed_value":159000},{"address":"nan nan","assessed_value":14500},{"address":"nan nan","assessed_value":40500},{"address":"5151.0 WINDERMERE BOULEVARD SW","assessed_value":293500},{"address":"nan nan","assessed_value":8500},{"address":"nan nan","assessed_value":12500},{"address":"nan nan","assessed_value":6000},{"address":"nan nan","assessed_value":5500},{"address":"nan nan","assessed_value":41000},{"address":"5810.0 MULLEN PLACE NW","assessed_value":186000},{"address":"3315.0 JAMES MOWATT TRAIL SW","assessed_value":157000},{"address":"3514.0 9 STREET NW","assessed_value":398000},{"address":"5521.0 7 AVENUE SW","assessed_value":202000},{"address":"2604.0 12 STREET NW","assessed_value":622500},{"address":"16764.0 61 STREET NW","assessed_value":592500},{"address":"11516.0 101 STREET NW","assessed_value":387500},{"address":"12139.0 107 STREET NW","assessed_value":493000},{"address":"1261.0 CHAPPELLE BOULEVARD SW","assessed_value":443000},{"address":"1523.0 TAMARACK BOULEVARD NW","assessed_value":449500},{"address":"nan nan","assessed_value":12000},{"address":"9816.0 224 STREET NW","assessed_value":586000},{"address":"nan nan","assessed_value":6000},{"address":"2507.0 CASEY WAY SW","assessed_value":486000},{"address":"3090.0 CAMERON HEIGHTS WAY NW","assessed_value":576500},{"address":"11415.0 126 STREET NW","assessed_value":661000},{"address":"5893.0 ANTHONY CRESCENT SW","assessed_value":446000},{"address":"5151.0 WINDERMERE BOULEVARD SW","assessed_value":373500},{"address":"nan nan","assessed_value":9000},{"address":"5151.0 WINDERMERE BOULEVARD SW","assessed_value":170500},{"address":"5510.0 SCHONSEE DRIVE NW","assessed_value":152500},{"address":"2543.0 17 AVENUE NW","assessed_value":615500},{"address":"229.0 1820 RUTHERFORD ROAD SW","assessed_value":221000},{"address":"1768.0 BOWNESS WYND SW","assessed_value":1053000},{"address":"8525.0 91 STREET NW","assessed_value":314500},{"address":"363.0 DESROCHERS BOULEVARD SW","assessed_value":470500},{"address":"443.0 ORCHARDS BOULEVARD SW","assessed_value":470500},{"address":"2024.0 27 STREET NW","assessed_value":544500},{"address":"nan nan","assessed_value":14500},{"address":"nan nan","assessed_value":8000},{"address":"1356.0 ADAMSON DRIVE SW","assessed_value":706000},{"address":"nan nan","assessed_value":12000},{"address":"2815.0 11 STREET NW","assessed_value":743500},{"address":"nan nan","assessed_value":5500},{"address":"nan nan","assessed_value":8500},{"address":"8121.0 118 AVENUE NW","assessed_value":4178500},{"address":"14621.0 121 STREET NW","assessed_value":286500},{"address":"nan nan","assessed_value":8000},{"address":"3315.0 JAMES MOWATT TRAIL SW","assessed_value":162000},{"address":"nan nan","assessed_value":9000},{"address":"16355.0 18 AVENUE SW","assessed_value":741000},{"address":"153.0 HAYS RIDGE BOULEVARD SW","assessed_value":559000},{"address":"2243.0 CASEY CRESCENT SW","assessed_value":429000},{"address":"508.0 GRIESBACH PARADE NW","assessed_value":179000},{"address":"1510.0 WATT DRIVE SW","assessed_value":161000},{"address":"623.0 40 STREET SW","assessed_value":413000},{"address":"16510.0 59A STREET NW","assessed_value":4741500},{"address":"3670.0 139 AVENUE NW","assessed_value":194000},{"address":"7205.0 MORGAN ROAD NW","assessed_value":421500},{"address":"nan nan","assessed_value":14500},{"address":"2508.0 13 STREET NW","assessed_value":550000},{"address":"4474.0 ANNETT COMMON SW","assessed_value":367500},{"address":"320.0 DESROCHERS BOULEVARD SW","assessed_value":411500},{"address":"5804.0 MULLEN PLACE NW","assessed_value":186000},{"address":"2408.0 18 AVENUE NW","assessed_value":465500},{"address":"nan nan","assessed_value":5500},{"address":"17308.0 49 STREET NW","assessed_value":424000},{"address":"1031.0 EAST BEND NW","assessed_value":454000},{"address":"348.0 WINDERMERE ROAD NW","assessed_value":189500},{"address":"1628.0 DAVIDSON GREEN SW","assessed_value":716500},{"address":"8132.0 CHAPPELLE WAY SW","assessed_value":383000},{"address":"20737.0 99A AVENUE NW","assessed_value":461000},{"address":"9755.0 224 STREET NW","assessed_value":533000},{"address":"2223.0 CASEY CRESCENT SW","assessed_value":426500},{"address":"667.0 WATT BOULEVARD SW","assessed_value":181000},{"address":"2763.0 COUGHLAN GREEN SW","assessed_value":462500},{"address":"nan nan","assessed_value":8500},{"address":"2041.0 WARE ROAD NW","assessed_value":675500},{"address":"nan nan","assessed_value":14500},{"address":"2215.0 24 STREET NW","assessed_value":317000},{"address":"835.0 36 AVENUE NW","assessed_value":432000},{"address":"5134.0 20 AVENUE SW","assessed_value":434500},{"address":"5810.0 MULLEN PLACE NW","assessed_value":156500},{"address":"2234.0 85 STREET SW","assessed_value":494000},{"address":"5449.0 ALLBRIGHT SQUARE SW","assessed_value":609500},{"address":"16352.0 17 AVENUE SW","assessed_value":711000},{"address":"1421.0 25 AVENUE NW","assessed_value":415500},{"address":"21854.0 98A AVENUE NW","assessed_value":496500},{"address":"2880.0 KOSHAL CRESCENT SW","assessed_value":433000},{"address":"nan nan","assessed_value":12000},{"address":"344.0 WINDERMERE ROAD NW","assessed_value":166500},{"address":"3739.0 WEIDLE CRESCENT SW","assessed_value":449000},{"address":"1307.0 29 STREET NW","assessed_value":416000},{"address":"3024.0 13 AVENUE NW","assessed_value":641000},{"address":"5919.0 ANTHONY CRESCENT SW","assessed_value":389000},{"address":"2350.0 CASSIDY WAY SW","assessed_value":735500},{"address":"2214.0 GLENRIDDING BOULEVARD SW","assessed_value":371000},{"address":"2225.0 56 STREET SW","assessed_value":739500},{"address":"3676.0 KESWICK BOULEVARD SW","assessed_value":779500},{"address":"1004.0 ROSENTHAL BOULEVARD NW","assessed_value":266500},{"address":"nan nan","assessed_value":9500},{"address":"nan nan","assessed_value":12000},{"address":"nan nan","assessed_value":6000},{"address":"11969.0 JASPER AVENUE NW","assessed_value":472000},{"address":"723.0 172 STREET SW","assessed_value":327500},{"address":"nan nan","assessed_value":9500},{"address":"8910.0 217 STREET NW","assessed_value":474500},{"address":"nan nan","assessed_value":4500},{"address":"3625.0 144 AVENUE NW","assessed_value":283500},{"address":"17322.0 76 STREET NW","assessed_value":312500},{"address":"4906.0 CHARLES POINT SW","assessed_value":573000},{"address":"3315.0 JAMES MOWATT TRAIL SW","assessed_value":152500},{"address":"415.0 CLAREVIEW ROAD NW","assessed_value":301500},{"address":"nan nan","assessed_value":8000},{"address":"301.0 HAWKS RIDGE BOULEVARD NW","assessed_value":484000},{"address":"18126.0 77 STREET NW","assessed_value":170000},{"address":"287.0 ALLARD BOULEVARD SW","assessed_value":422000},{"address":"nan nan","assessed_value":12000},{"address":"2527.0 CASEY WAY SW","assessed_value":470500},{"address":"nan nan","assessed_value":12500},{"address":"nan nan","assessed_value":6000},{"address":"1192.0 CY BECKER ROAD NW","assessed_value":769000},{"address":"2770.0 COUGHLAN GREEN SW","assessed_value":414500},{"address":"5916.0 ANTHONY CRESCENT SW","assessed_value":457000},{"address":"2224.0 CASEY CRESCENT SW","assessed_value":392500},{"address":"nan nan","assessed_value":10500},{"address":"1279.0 PEREGRINE TERRACE NW","assessed_value":779500},{"address":"nan nan","assessed_value":3000},{"address":"3625.0 HUMMINGBIRD WAY NW","assessed_value":446000},{"address":"1519.0 22 STREET NW","assessed_value":473000},{"address":"625.0 LEGER WAY NW","assessed_value":485500},{"address":"3670.0 139 AVENUE NW","assessed_value":198000},{"address":"nan nan","assessed_value":5500},{"address":"nan nan","assessed_value":12000},{"address":"5370.0 CHAPPELLE ROAD SW","assessed_value":163000},{"address":"1709.0 TANAGER CLOSE NW","assessed_value":600500},{"address":"nan nan","assessed_value":9000},{"address":"nan nan","assessed_value":12500},{"address":"2003.0 RABBIT HILL ROAD NW","assessed_value":385000},{"address":"819.0 177 STREET NW","assessed_value":683500},{"address":"nan nan","assessed_value":40500},{"address":"nan nan","assessed_value":8000},{"address":"274.0 MCCONACHIE DRIVE NW","assessed_value":153000},{"address":"2564.0 COUGHLAN ROAD SW","assessed_value":432500},{"address":"5151.0 WINDERMERE BOULEVARD SW","assessed_value":302000},{"address":"5804.0 MULLEN PLACE NW","assessed_value":161500},{"address":"1705.0 DUMONT CRESCENT SW","assessed_value":443500},{"address":"5603.0 174 AVENUE NW","assessed_value":74000},{"address":"274.0 MCCONACHIE DRIVE NW","assessed_value":154000},{"address":"nan nan","assessed_value":11000},{"address":"804.0 WELSH DRIVE SW","assessed_value":373000},{"address":"nan nan","assessed_value":8500},{"address":"965.0 MCCONACHIE BOULEVARD NW","assessed_value":634500},{"address":"nan nan","assessed_value":8500},{"address":"6517.0 ELSTON LOOP NW","assessed_value":573500},{"address":"15031.0 15 STREET NW","assessed_value":685500},{"address":"834.0 35A AVENUE NW","assessed_value":463000},{"address":"nan nan","assessed_value":5000},{"address":"16648.0 14 AVENUE SW","assessed_value":437500},{"address":"1406.0 26 AVENUE NW","assessed_value":433000},{"address":"nan nan","assessed_value":9500},{"address":"2215.0 24 STREET NW","assessed_value":317000},{"address":"2004.0 TRUMPETER WAY NW","assessed_value":326000},{"address":"18122.0 77 STREET NW","assessed_value":198500},{"address":"10744.0 76 AVENUE NW","assessed_value":441000},{"address":"2272.0 GLENRIDDING BOULEVARD SW","assessed_value":408000},{"address":"nan nan","assessed_value":9000},{"address":"961.0 MCCONACHIE BOULEVARD NW","assessed_value":708500},{"address":"7011.0 SUMMERSIDE GRANDE BOULEVARD SW","assessed_value":549500},{"address":"9517.0 160 AVENUE NW","assessed_value":164500},{"address":"5029.0 EDGEMONT BOULEVARD NW","assessed_value":358500},{"address":"1031.0 173 STREET SW","assessed_value":259000},{"address":"4304.0 KENNEDY BAY SW","assessed_value":1366500},{"address":"11903.0 37 STREET NW","assessed_value":296000},{"address":"1030.0 CONNELLY WAY SW","assessed_value":557500},{"address":"2219.0 22 STREET NW","assessed_value":948000},{"address":"3315.0 JAMES MOWATT TRAIL SW","assessed_value":192000},{"address":"nan nan","assessed_value":40500},{"address":"2610.0 CASEY WAY SW","assessed_value":383000},{"address":"nan nan","assessed_value":12500},{"address":"1917.0 15 AVENUE NW","assessed_value":471000},{"address":"11969.0 JASPER AVENUE NW","assessed_value":426500},{"address":"8821.0 221 STREET NW","assessed_value":394500},{"address":"11080.0 ELLERSLIE ROAD SW","assessed_value":187500},{"address":"12139.0 85 STREET NW","assessed_value":391000},{"address":"nan nan","assessed_value":4500},{"address":"7222.0 MORGAN ROAD NW","assessed_value":427500},{"address":"nan nan","assessed_value":12500},{"address":"12036.0 67 STREET NW","assessed_value":405000},{"address":"107.0 WATT COMMON SW","assessed_value":224500},{"address":"4517.0 190A STREET NW","assessed_value":517500},{"address":"6537.0 172 AVENUE NW","assessed_value":462000},{"address":"505.0 EBBERS WAY NW","assessed_value":399000},{"address":"6104.0 19 AVENUE SW","assessed_value":845500},{"address":"8110.0 GOURLAY PLACE NW","assessed_value":646500},{"address":"nan nan","assessed_value":9500},{"address":"nan nan","assessed_value":4500},{"address":"723.0 172 STREET SW","assessed_value":322500},{"address":"8523.0 219 STREET NW","assessed_value":9000},{"address":"nan nan","assessed_value":12000},{"address":"5229.0 CRABAPPLE LINK SW","assessed_value":406500},{"address":"2207.0 KELLY CRESCENT SW","assessed_value":733000},{"address":"2259.0 GLENRIDDING BOULEVARD SW","assessed_value":386000},{"address":"nan nan","assessed_value":12500},{"address":"nan nan","assessed_value":8500},{"address":"143.0 HAYS RIDGE BOULEVARD SW","assessed_value":611000},{"address":"5422.0 ALLBRIGHT SQUARE SW","assessed_value":597500},{"address":"436.0 42 AVENUE NW","assessed_value":562000},{"address":"3217.0 11 AVENUE NW","assessed_value":412000},{"address":"2228.0 22 STREET NW","assessed_value":730000},{"address":"5510.0 SCHONSEE DRIVE NW","assessed_value":214000},{"address":"1257.0 CHAPPELLE BOULEVARD SW","assessed_value":464500},{"address":"17607.0 59 STREET NW","assessed_value":453000},{"address":"1135.0 EBY ROAD SW","assessed_value":233500},{"address":"nan nan","assessed_value":12000},{"address":"4889.0 WRIGHT DRIVE SW","assessed_value":662500},{"address":"nan nan","assessed_value":10500},{"address":"9158.0 COOPER CRESCENT SW","assessed_value":428000},{"address":"15627.0 103 AVENUE NW","assessed_value":371000},{"address":"nan nan","assessed_value":12500},{"address":"1620.0 167 STREET SW","assessed_value":448500},{"address":"nan nan","assessed_value":615000},{"address":"348.0 WINDERMERE ROAD NW","assessed_value":152500},{"address":"2727.0 11 STREET NW","assessed_value":664000},{"address":"10179.0 109 STREET NW","assessed_value":782000},{"address":"9515.0 160 AVENUE NW","assessed_value":304500},{"address":"1510.0 WATT DRIVE SW","assessed_value":174500},{"address":"713.0 EAGLESON CRESCENT NW","assessed_value":434000},{"address":"nan nan","assessed_value":2500},{"address":"2560.0 PEGASUS BOULEVARD NW","assessed_value":293000},{"address":"4450.0 5A STREET NW","assessed_value":449000},{"address":"2243.0 GLENRIDDING BOULEVARD SW","assessed_value":396000},{"address":"5151.0 WINDERMERE BOULEVARD SW","assessed_value":198500},{"address":"10406.0 155 STREET NW","assessed_value":356500},{"address":"2939.0 11 STREET NW","assessed_value":656000},{"address":"1367.0 WATT DRIVE SW","assessed_value":561500},{"address":"316.0 WINDERMERE ROAD NW","assessed_value":378500},{"address":"5540.0 WINDERMERE BOULEVARD NW","assessed_value":656000},{"address":"2443.0 13 STREET NW","assessed_value":607500},{"address":"5370.0 CHAPPELLE ROAD SW","assessed_value":138500},{"address":"nan nan","assessed_value":10500},{"address":"1104.0 WAHL PLACE NW","assessed_value":1075000},{"address":"20739.0 98 AVENUE NW","assessed_value":630500},{"address":"903.0 CRYSTALLINA NERA WAY NW","assessed_value":318500},{"address":"nan nan","assessed_value":4500},{"address":"7303.0 EDGEMONT WAY NW","assessed_value":386500},{"address":"5124.0 22 AVENUE SW","assessed_value":375500},{"address":"nan nan","assessed_value":41000},{"address":"17203.0 81 STREET NW","assessed_value":599000},{"address":"1815.0 KEENE CRESCENT SW","assessed_value":333000},{"address":"3610.0 9 STREET NW","assessed_value":427000},{"address":"nan nan","assessed_value":4500},{"address":"nan nan","assessed_value":9000},{"address":"5151.0 WINDERMERE BOULEVARD SW","assessed_value":260000},{"address":"650.0 CY BECKER DRIVE NW","assessed_value":16500},{"address":"16809.0 14 AVENUE SW","assessed_value":406000},{"address":"nan nan","assessed_value":12000},{"address":"270.0 MCCONACHIE DRIVE NW","assessed_value":143000},{"address":"16515.0 17 AVENUE SW","assessed_value":697500},{"address":"2560.0 PEGASUS BOULEVARD NW","assessed_value":287000},{"address":"16728.0 15 AVENUE SW","assessed_value":434500},{"address":"12223.0 101 STREET NW","assessed_value":391000},{"address":"9057.0 150 STREET NW","assessed_value":451500},{"address":"473.0 EBBERS WAY NW","assessed_value":400500},{"address":"nan nan","assessed_value":12000},{"address":"nan nan","assessed_value":12500},{"address":"674.0 HOWATT DRIVE SW","assessed_value":377000},{"address":"9218.0 154 STREET NW","assessed_value":581000},{"address":"891.0 EBBERS CRESCENT NW","assessed_value":442000},{"address":"519.0 CRYSTALLINA NERA DRIVE NW","assessed_value":395500},{"address":"5521.0 7 AVENUE SW","assessed_value":166500},{"address":"16708.0 15 AVENUE SW","assessed_value":488500},{"address":"17556.0 122 STREET NW","assessed_value":583500},{"address":"304.0 EBBERS BOULEVARD NW","assessed_value":15839500},{"address":"nan nan","assessed_value":8000},{"address":"2928.0 KOSTASH DRIVE SW","assessed_value":676000},{"address":"625.0 LEGER WAY NW","assessed_value":388000},{"address":"nan nan","assessed_value":12500},{"address":"2428.0 13 STREET NW","assessed_value":774000},{"address":"1144.0 ADAMSON DRIVE SW","assessed_value":197000},{"address":"7385.0 EDGEMONT WAY NW","assessed_value":315500},{"address":"nan nan","assessed_value":9000},{"address":"12822.0 207 STREET NW","assessed_value":442500}]