[{"address":"7615.0 10 AVENUE NW","assessed_value":366500},{"address":"327.0 LEE RIDGE ROAD NW","assessed_value":390000},{"address":"4311.0 107 AVENUE NW","assessed_value":410500},{"address":"9611.0 77 STREET NW","assessed_value":453000},{"address":"761.0 LEE RIDGE ROAD NW","assessed_value":439000},{"address":"8008.0 44 AVENUE NW","assessed_value":392000},{"address":"2024.0 57 STREET NW","assessed_value":197000},{"address":"10513.0 69 STREET NW","assessed_value":402500},{"address":"3851.0 76 STREET NW","assessed_value":107500},{"address":"7712.0 85 AVENUE NW","assessed_value":863000},{"address":"8004.0 29 AVENUE NW","assessed_value":345500},{"address":"571.0 KNOTTWOOD ROAD WEST NW","assessed_value":221000},{"address":"6211.0 95 AVENUE NW","assessed_value":440500},{"address":"8728.0 76 AVENUE NW","assessed_value":353500},{"address":"7704.0 98A AVENUE NW","assessed_value":406500},{"address":"2840.0 92 STREET NW","assessed_value":41000},{"address":"6103.0 87 AVENUE NW","assessed_value":386000},{"address":"9848.0 73 AVENUE NW","assessed_value":305500},{"address":"1775.0 LAKEWOOD ROAD SOUTH NW","assessed_value":190000},{"address":"6011.0 94A AVENUE NW","assessed_value":402000},{"address":"10416.0 67 STREET NW","assessed_value":442000},{"address":"1762.0 LAKEWOOD ROAD SOUTH NW","assessed_value":171500},{"address":"2207.0 85 STREET NW","assessed_value":338000},{"address":"4248.0 74 STREET NW","assessed_value":427000},{"address":"206.0 LEE RIDGE ROAD NW","assessed_value":307500},{"address":"9224.0 89 STREET NW","assessed_value":506500},{"address":"7547.0 82 AVENUE NW","assessed_value":394500},{"address":"4340.0 83 STREET NW","assessed_value":406000},{"address":"2415.0 83 STREET NW","assessed_value":381000},{"address":"8024.0 22 AVENUE NW","assessed_value":356500},{"address":"1103.0 75 STREET NW","assessed_value":378500},{"address":"6415.0 97 AVENUE NW","assessed_value":503000},{"address":"7511.0 76 AVENUE NW","assessed_value":438500},{"address":"5211.0 95 AVENUE NW","assessed_value":418500},{"address":"7230.0 MILL WOODS ROAD SOUTH NW","assessed_value":171000},{"address":"5003.0 101 AVENUE NW","assessed_value":2467500},{"address":"6419.0 87 STREET NW","assessed_value":406000},{"address":"6904.0 FULTON DRIVE NW","assessed_value":548000},{"address":"10710.0 CAPILANO STREET NW","assessed_value":514500},{"address":"9139.0 74 AVENUE NW","assessed_value":614000},{"address":"7616.0 95 AVENUE NW","assessed_value":571000},{"address":"4216.0 88 STREET NW","assessed_value":397500},{"address":"8315.0 101 AVENUE NW","assessed_value":553000},{"address":"6903.0 36A AVENUE NW","assessed_value":476000},{"address":"7939.0 70 AVENUE NW","assessed_value":391000},{"address":"4244.0 93 STREET NW","assessed_value":3973000},{"address":"6947.0 21 AVENUE NW","assessed_value":467500},{"address":"8017.0 101 AVENUE NW","assessed_value":423000},{"address":"9558.0 83 STREET NW","assessed_value":529000},{"address":"5935.0 97 STREET NW","assessed_value":1043000},{"address":"8627.0 80 STREET NW","assessed_value":414500},{"address":"10308.0 44 STREET NW","assessed_value":490500},{"address":"9620.0 81 STREET NW","assessed_value":445000},{"address":"7703.0 81 AVENUE NW","assessed_value":444500},{"address":"6411.0 89 AVENUE NW","assessed_value":396500},{"address":"10735.0 69 STREET NW","assessed_value":529500},{"address":"5507.0 97A AVENUE NW","assessed_value":471500},{"address":"588.0 LAKEWOOD ROAD NORTH NW","assessed_value":186500},{"address":"1912.0 89 STREET NW","assessed_value":446000},{"address":"8803.0 42 AVENUE NW","assessed_value":432000},{"address":"8705.0 79 AVENUE NW","assessed_value":291500},{"address":"9635.0 83 STREET NW","assessed_value":523500},{"address":"1953.0 73 STREET NW","assessed_value":178000},{"address":"1430.0 LAKEWOOD ROAD WEST NW","assessed_value":133500},{"address":"3916.0 76 STREET NW","assessed_value":178500},{"address":"7035.0 81 STREET NW","assessed_value":569500},{"address":"10406.0 82 STREET NW","assessed_value":697500},{"address":"5216.0 89 AVENUE NW","assessed_value":406500},{"address":"8515.0 68 AVENUE NW","assessed_value":445000},{"address":"10735.0 54 STREET NW","assessed_value":538000},{"address":"8724.0 41 AVENUE NW","assessed_value":434500},{"address":"7004.0 12 AVENUE NW","assessed_value":378000},{"address":"10612.0 67 STREET NW","assessed_value":424000},{"address":"10112.0 80 STREET NW","assessed_value":444000},{"address":"6511.0 93A AVENUE NW","assessed_value":467500},{"address":"9112.0 70 AVENUE NW","assessed_value":503500},{"address":"5003.0 94B AVENUE NW","assessed_value":350500},{"address":"2518.0 78 STREET NW","assessed_value":320000},{"address":"10623.0 74 STREET NW","assessed_value":565500},{"address":"8804.0 18 AVENUE NW","assessed_value":367000},{"address":"9848.0 66 AVENUE NW","assessed_value":370000},{"address":"3835.0 85 STREET NW","assessed_value":264000},{"address":"7123.0 87 STREET NW","assessed_value":498000},{"address":"5912.0 97A AVENUE NW","assessed_value":484500},{"address":"8711.0 85 AVENUE NW","assessed_value":454500},{"address":"10008.0 32 AVENUE NW","assessed_value":2664000},{"address":"8215.0 81 STREET NW","assessed_value":501000},{"address":"10315.0 47 STREET NW","assessed_value":473000},{"address":"1044.0 88 STREET NW","assessed_value":431000},{"address":"4707.0 106A AVENUE NW","assessed_value":656000},{"address":"2212.0 72 STREET NW","assessed_value":410000},{"address":"8706.0 26 AVENUE NW","assessed_value":372500},{"address":"6307.0 17 AVENUE NW","assessed_value":380500},{"address":"9137.0 78 AVENUE NW","assessed_value":683500},{"address":"8815.0 73 STREET NW","assessed_value":403000},{"address":"7712.0 77 AVENUE NW","assessed_value":537500},{"address":"3608.0 85 STREET NW","assessed_value":10500},{"address":"6914.0 11 AVENUE NW","assessed_value":442500},{"address":"444.0 LEE RIDGE ROAD NW","assessed_value":141000},{"address":"8508.0 81 AVENUE NW","assessed_value":416000},{"address":"6312.0 94B AVENUE NW","assessed_value":412500},{"address":"8615.0 92A AVENUE NW","assessed_value":569500},{"address":"3807.0 76 STREET NW","assessed_value":107500},{"address":"9752.0 73 AVENUE NW","assessed_value":489000},{"address":"10335.0 79 STREET NW","assessed_value":433000},{"address":"9344.0 75 AVENUE NW","assessed_value":364500},{"address":"256.0 LEE RIDGE ROAD NW","assessed_value":201000},{"address":"10148.0 79 STREET NW","assessed_value":888000},{"address":"8407.0 77 STREET NW","assessed_value":412000},{"address":"5220.0 19 AVENUE NW","assessed_value":393000},{"address":"7208.0 91 AVENUE NW","assessed_value":451000},{"address":"10625.0 79 STREET NW","assessed_value":597500},{"address":"6011.0 106A AVENUE NW","assessed_value":473000},{"address":"4804.0 102 AVENUE NW","assessed_value":415500},{"address":"7111.0 40 AVENUE NW","assessed_value":377500},{"address":"7927.0 94 AVENUE NW","assessed_value":427000},{"address":"6772.0 39 AVENUE NW","assessed_value":488500},{"address":"6104.0 82 AVENUE NW","assessed_value":2095500},{"address":"6603.0 92B AVENUE NW","assessed_value":454000},{"address":"9124.0 73 STREET NW","assessed_value":470000},{"address":"3807.0 76 STREET NW","assessed_value":102500},{"address":"4008.0 77 STREET NW","assessed_value":403000},{"address":"192.0 LEE RIDGE ROAD NW","assessed_value":187500},{"address":"7332.0 44 AVENUE NW","assessed_value":354000},{"address":"4215.0 106 AVENUE NW","assessed_value":362500},{"address":"912.0 LEE RIDGE ROAD NW","assessed_value":175500},{"address":"8504.0 89 STREET NW","assessed_value":689500},{"address":"7031.0 32 AVENUE NW","assessed_value":191500},{"address":"1808.0 85 STREET NW","assessed_value":391500},{"address":"9447.0 68 STREET NW","assessed_value":394000},{"address":"9839.0 79 STREET NW","assessed_value":541500},{"address":"781.0 LEE RIDGE ROAD NW","assessed_value":426000},{"address":"3536.0 73 STREET NW","assessed_value":373500},{"address":"5310.0 18A AVENUE NW","assessed_value":404500},{"address":"8104.0 DAVIES ROAD NW","assessed_value":2207000},{"address":"4315.0 109A AVENUE NW","assessed_value":481500},{"address":"10715.0 69 STREET NW","assessed_value":452000},{"address":"4219.0 89 STREET NW","assessed_value":532500},{"address":"1462.0 LAKEWOOD ROAD WEST NW","assessed_value":122000},{"address":"9764.0 64 AVENUE NW","assessed_value":401500},{"address":"6908.0 10 AVENUE NW","assessed_value":376000},{"address":"9249.0 86 STREET NW","assessed_value":527000},{"address":"8608.0 25A AVENUE NW","assessed_value":315000},{"address":"7713.0 37 AVENUE NW","assessed_value":177500},{"address":"9736.0 75A STREET NW","assessed_value":498500},{"address":"7322.0 101 AVENUE NW","assessed_value":269000},{"address":"1724.0 LAKEWOOD ROAD SOUTH NW","assessed_value":171500},{"address":"10343.0 52 STREET NW","assessed_value":475000},{"address":"7931.0 94 AVENUE NW","assessed_value":414500},{"address":"5503.0 92B AVENUE NW","assessed_value":414500},{"address":"9407.0 77 STREET NW","assessed_value":509500},{"address":"8714.0 64 AVENUE NW","assessed_value":436000},{"address":"7527.0 76 AVENUE NW","assessed_value":361000},{"address":"10148.0 73 STREET NW","assessed_value":516500},{"address":"10679.0 63 STREET NW","assessed_value":449500},{"address":"9923.0 76 STREET NW","assessed_value":381000},{"address":"5311.0 106 AVENUE NW","assessed_value":437500},{"address":"7908.0 ROWLAND ROAD NW","assessed_value":703000},{"address":"5218.0 92B AVENUE NW","assessed_value":372000},{"address":"2518.0 89 STREET NW","assessed_value":413000},{"address":"8128.0 81 AVENUE NW","assessed_value":386000},{"address":"2058.0 74 STREET NW","assessed_value":323500},{"address":"3435.0 71 STREET NW","assessed_value":396000},{"address":"7209.0 84 AVENUE NW","assessed_value":539500},{"address":"10216.0 66 STREET NW","assessed_value":405000},{"address":"1128.0 KNOTTWOOD ROAD EAST NW","assessed_value":176000},{"address":"nan nan","assessed_value":13000},{"address":"7515.0 81 STREET NW","assessed_value":403500},{"address":"8526.0 89 STREET NW","assessed_value":798000},{"address":"2631.0 89 STREET NW","assessed_value":343000},{"address":"4208.0 103 AVENUE NW","assessed_value":367000},{"address":"8111.0 17 AVENUE NW","assessed_value":411000},{"address":"8403.0 35 AVENUE NW","assessed_value":403500},{"address":"6207.0 89 AVENUE NW","assessed_value":395500},{"address":"9107.0 65 AVENUE NW","assessed_value":421000},{"address":"10652.0 CAPILANO STREET NW","assessed_value":429500},{"address":"7120.0 81 STREET NW","assessed_value":544000},{"address":"9644.0 81 STREET NW","assessed_value":735500},{"address":"10146.0 62 STREET NW","assessed_value":429500},{"address":"370.0 KNOTTWOOD ROAD WEST NW","assessed_value":340500},{"address":"9236.0 58 STREET NW","assessed_value":481500},{"address":"7320.0 76 STREET NW","assessed_value":392000},{"address":"9123.0 66 AVENUE NW","assessed_value":527000},{"address":"3431.0 87 STREET NW","assessed_value":350500},{"address":"896.0 MILLBOURNE ROAD EAST NW","assessed_value":202500},{"address":"10316.0 46A STREET NW","assessed_value":400000},{"address":"9519.0 77 STREET NW","assessed_value":509000},{"address":"3208.0 70 STREET NW","assessed_value":349000},{"address":"10747.0 45 STREET NW","assessed_value":413000},{"address":"7107.0 35 AVENUE NW","assessed_value":406500},{"address":"8307.0 79 AVENUE NW","assessed_value":360000},{"address":"3436.0 79 STREET NW","assessed_value":375500},{"address":"6311.0 90 AVENUE NW","assessed_value":263500},{"address":"9614.0 75 AVENUE NW","assessed_value":1226000},{"address":"5905.0 90A AVENUE NW","assessed_value":332000},{"address":"1325.0 KNOTTWOOD ROAD EAST NW","assessed_value":449500},{"address":"5711.0 106 AVENUE NW","assessed_value":361000},{"address":"8815.0 43 AVENUE NW","assessed_value":386500},{"address":"9616.0 83 STREET NW","assessed_value":698000},{"address":"8523.0 64 AVENUE NW","assessed_value":359500},{"address":"10117.0 81 STREET NW","assessed_value":422000},{"address":"3423.0 87 STREET NW","assessed_value":394000},{"address":"9514.0 71 AVENUE NW","assessed_value":572000},{"address":"3011.0 68 STREET NW","assessed_value":368500},{"address":"7424.0 87 STREET NW","assessed_value":403000},{"address":"8718.0 26 AVENUE NW","assessed_value":402500},{"address":"7224.0 92B AVENUE NW","assessed_value":427000},{"address":"6703.0 98 STREET NW","assessed_value":437500},{"address":"1939.0 61 STREET NW","assessed_value":430000},{"address":"7932.0 82 AVENUE NW","assessed_value":335000},{"address":"8711.0 82 AVENUE NW","assessed_value":807000},{"address":"7312.0 96B AVENUE NW","assessed_value":673500},{"address":"10423.0 48 STREET NW","assessed_value":476500},{"address":"6504.0 92A AVENUE NW","assessed_value":448500},{"address":"6808.0 106 AVENUE NW","assessed_value":345500},{"address":"6744.0 87 STREET NW","assessed_value":375500},{"address":"4807.0 109 AVENUE NW","assessed_value":477500},{"address":"7951.0 24 AVENUE NW","assessed_value":401000},{"address":"7343.0 76 STREET NW","assessed_value":378500},{"address":"4011.0 86 STREET NW","assessed_value":420500},{"address":"5712.0 102A AVENUE NW","assessed_value":451500},{"address":"6615.0 93A AVENUE NW","assessed_value":500},{"address":"8008.0 86 AVENUE NW","assessed_value":459000},{"address":"3152.0 78 STREET NW","assessed_value":404000},{"address":"4704.0 103 AVENUE NW","assessed_value":375000},{"address":"9350.0 62 AVENUE NW","assessed_value":525000},{"address":"9331.0 87 AVENUE NW","assessed_value":795000},{"address":"339.0 RICHFIELD ROAD NW","assessed_value":426000},{"address":"8116.0 19 AVENUE NW","assessed_value":346500},{"address":"7107.0 83 STREET NW","assessed_value":368500},{"address":"4004.0 88 STREET NW","assessed_value":455500},{"address":"1780.0 LAKEWOOD ROAD SOUTH NW","assessed_value":171500},{"address":"6104.0 102A AVENUE NW","assessed_value":421000},{"address":"7204.0 84 AVENUE NW","assessed_value":564500},{"address":"6716.0 95 AVENUE NW","assessed_value":403000},{"address":"3020.0 79 STREET NW","assessed_value":388000},{"address":"7227.0 91 AVENUE NW","assessed_value":383500},{"address":"1327.0 69 STREET NW","assessed_value":353500},{"address":"8659.0 27 AVENUE NW","assessed_value":282500},{"address":"7119.0 79 STREET NW","assessed_value":372500},{"address":"7628.0 89 AVENUE NW","assessed_value":386500},{"address":"8712.0 56 STREET NW","assessed_value":479500},{"address":"10603.0 59 STREET NW","assessed_value":474000},{"address":"10728.0 45 STREET NW","assessed_value":435500},{"address":"6815.0 95 AVENUE NW","assessed_value":602500},{"address":"1812.0 LAKEWOOD ROAD SOUTH NW","assessed_value":177000},{"address":"10143.0 76 STREET NW","assessed_value":569500},{"address":"nan nan","assessed_value":0},{"address":"8638.0 77 STREET NW","assessed_value":421000},{"address":"1211.0 80 STREET NW","assessed_value":384500},{"address":"179.0 MILLBOURNE ROAD EAST NW","assessed_value":404000},{"address":"2112.0 69 STREET NW","assessed_value":357000},{"address":"859.0 LEE RIDGE ROAD NW","assessed_value":433500},{"address":"10129.0 52 STREET NW","assessed_value":396500},{"address":"4604.0 102 AVENUE NW","assessed_value":350000},{"address":"6042.0 MILL WOODS ROAD SOUTH NW","assessed_value":189000},{"address":"7604.0 102A AVENUE NW","assessed_value":415500},{"address":"9640.0 63 AVENUE NW","assessed_value":369000},{"address":"9422.0 75 STREET NW","assessed_value":433500},{"address":"9132.0 66 AVENUE NW","assessed_value":384500},{"address":"nan nan","assessed_value":8500},{"address":"1615.0 54 STREET NW","assessed_value":416000},{"address":"8504.0 10 AVENUE NW","assessed_value":372000},{"address":"7906.0 77 AVENUE NW","assessed_value":469500},{"address":"10526.0 77 STREET NW","assessed_value":473500},{"address":"7611.0 94A AVENUE NW","assessed_value":466000},{"address":"5712.0 102 AVENUE NW","assessed_value":403500},{"address":"9011.0 88 AVENUE NW","assessed_value":545500},{"address":"9908.0 82 STREET NW","assessed_value":472000},{"address":"168.0 MILLBOURNE ROAD EAST NW","assessed_value":261000},{"address":"10528.0 82 STREET NW","assessed_value":460500},{"address":"7306.0 106 AVENUE NW","assessed_value":500},{"address":"7841.0 26 AVENUE NW","assessed_value":403500},{"address":"7224.0 11 AVENUE NW","assessed_value":442500},{"address":"7705.0 85 AVENUE NW","assessed_value":516000},{"address":"8615.0 62 STREET NW","assessed_value":451000},{"address":"10525.0 75 STREET NW","assessed_value":428500},{"address":"10320.0 77 STREET NW","assessed_value":470000},{"address":"7703.0 97 AVENUE NW","assessed_value":405500},{"address":"9403.0 75 STREET NW","assessed_value":362500},{"address":"9276.0 86 STREET NW","assessed_value":365000},{"address":"5204.0 102A AVENUE NW","assessed_value":393500},{"address":"10409.0 82 STREET NW","assessed_value":671000},{"address":"640.0 LEE RIDGE ROAD NW","assessed_value":400000},{"address":"1346.0 LAKEWOOD ROAD WEST NW","assessed_value":174000},{"address":"5903.0 89 AVENUE NW","assessed_value":479000},{"address":"9348.0 74 AVENUE NW","assessed_value":355500},{"address":"5207.0 106A AVENUE NW","assessed_value":435500},{"address":"2216.0 72 STREET NW","assessed_value":376000},{"address":"3436.0 87 STREET NW","assessed_value":334000},{"address":"8306.0 79 AVENUE NW","assessed_value":310500},{"address":"1703.0 LAKEWOOD ROAD SOUTH NW","assessed_value":163500},{"address":"7927.0 43A AVENUE NW","assessed_value":400000},{"address":"7708.0 83 AVENUE NW","assessed_value":449500},{"address":"9203.0 77 STREET NW","assessed_value":943000},{"address":"8111.0 76 AVENUE NW","assessed_value":597500},{"address":"1519.0 75 STREET NW","assessed_value":482000},{"address":"8808.0 33 AVENUE NW","assessed_value":360500},{"address":"2432.0 81 STREET NW","assessed_value":466000},{"address":"7203.0 90 AVENUE NW","assessed_value":460000},{"address":"7433.0 87 AVENUE NW","assessed_value":520500},{"address":"5907.0 95 AVENUE NW","assessed_value":414500},{"address":"3508.0 78 STREET NW","assessed_value":287500},{"address":"6707.0 32 AVENUE NW","assessed_value":388500},{"address":"2098.0 74 STREET NW","assessed_value":407000},{"address":"2188.0 MILL WOODS ROAD NW","assessed_value":173500},{"address":"7308.0 82 STREET NW","assessed_value":403000},{"address":"982.0 KNOTTWOOD ROAD SOUTH NW","assessed_value":279000},{"address":"197.0 LEE RIDGE ROAD NW","assessed_value":265500},{"address":"2415.0 89 STREET NW","assessed_value":362000},{"address":"10333.0 81 STREET NW","assessed_value":382000},{"address":"8307.0 26 AVENUE NW","assessed_value":366000},{"address":"5422.0 17A AVENUE NW","assessed_value":513500},{"address":"2131.0 79 STREET NW","assessed_value":358000},{"address":"9614.0 90 STREET NW","assessed_value":379000},{"address":"8507.0 26 AVENUE NW","assessed_value":375500},{"address":"1638.0 LAKEWOOD ROAD WEST NW","assessed_value":173500},{"address":"10815.0 54 STREET NW","assessed_value":414500},{"address":"7940.0 83 AVENUE NW","assessed_value":422000},{"address":"4604.0 109A AVENUE NW","assessed_value":513500},{"address":"5408.0 89 AVENUE NW","assessed_value":379000},{"address":"nan nan","assessed_value":104000},{"address":"8132.0 76 AVENUE NW","assessed_value":334500},{"address":"3807.0 76 STREET NW","assessed_value":105500},{"address":"6107.0 94B AVENUE NW","assessed_value":419500},{"address":"9908.0 77 STREET NW","assessed_value":511500},{"address":"8033.0 27 AVENUE NW","assessed_value":166000},{"address":"9045.0 93 STREET NW","assessed_value":440000},{"address":"8615.0 25A AVENUE NW","assessed_value":362500},{"address":"10116.0 71 STREET NW","assessed_value":409000},{"address":"8726.0 61 AVENUE NW","assessed_value":2570000},{"address":"7519.0 78 AVENUE NW","assessed_value":459000},{"address":"4645.0 105A AVENUE NW","assessed_value":394000},{"address":"10212.0 50 STREET NW","assessed_value":391500},{"address":"104.0 KNOTTWOOD ROAD NORTH NW","assessed_value":165000},{"address":"5214.0 17A AVENUE NW","assessed_value":389000},{"address":"9505.0 76 AVENUE NW","assessed_value":364500},{"address":"6304.0 94 AVENUE NW","assessed_value":638000},{"address":"9108.0 73 AVENUE NW","assessed_value":463000},{"address":"8930.0 78 AVENUE NW","assessed_value":488000},{"address":"9731.0 71 AVENUE NW","assessed_value":448000},{"address":"8508.0 39A AVENUE NW","assessed_value":462500},{"address":"5703.0 92 AVENUE NW","assessed_value":8500},{"address":"2430.0 78 STREET NW","assessed_value":474500},{"address":"7929.0 97 AVENUE NW","assessed_value":420500},{"address":"9532.0 63 AVENUE NW","assessed_value":354000},{"address":"8435.0 76 STREET NW","assessed_value":495500},{"address":"7711.0 92 AVENUE NW","assessed_value":503000},{"address":"9730.0 66 AVENUE NW","assessed_value":355000},{"address":"7716.0 83 AVENUE NW","assessed_value":770000},{"address":"58.0 LAKEWOOD VILLAGE NW","assessed_value":174500},{"address":"8223.0 98 AVENUE NW","assessed_value":456000},{"address":"71.0 LAKEWOOD VILLAGE NW","assessed_value":187000},{"address":"10312.0 52 STREET NW","assessed_value":401500},{"address":"1203.0 85 STREET NW","assessed_value":422500},{"address":"237.0 LEE RIDGE ROAD NW","assessed_value":210000},{"address":"5616.0 105A AVENUE NW","assessed_value":388500},{"address":"10719.0 46 STREET NW","assessed_value":448500},{"address":"1829.0 73 STREET NW","assessed_value":409000},{"address":"5915.0 92 AVENUE NW","assessed_value":421000},{"address":"9539.0 86 STREET NW","assessed_value":461500},{"address":"8813.0 74 STREET NW","assessed_value":407500},{"address":"9638.0 74 AVENUE NW","assessed_value":812000},{"address":"10633.0 69 STREET NW","assessed_value":470000},{"address":"1208.0 KNOTTWOOD ROAD EAST NW","assessed_value":186000},{"address":"6816.0 108 AVENUE NW","assessed_value":532500},{"address":"3004.0 67 STREET NW","assessed_value":419500},{"address":"1724.0 62 STREET NW","assessed_value":391500},{"address":"1633.0 LAKEWOOD ROAD WEST NW","assessed_value":324000},{"address":"8837.0 92 STREET NW","assessed_value":346000},{"address":"244.0 KNOTTWOOD ROAD NORTH NW","assessed_value":329000},{"address":"10639.0 CAPILANO STREET NW","assessed_value":421000},{"address":"9550.0 72 AVENUE NW","assessed_value":410500},{"address":"6916.0 89 AVENUE NW","assessed_value":427000},{"address":"3147.0 72 STREET NW","assessed_value":350500},{"address":"9503.0 74 AVENUE NW","assessed_value":576000},{"address":"8127.0 86 AVENUE NW","assessed_value":500},{"address":"1315.0 72 STREET NW","assessed_value":425500},{"address":"10207.0 67 STREET NW","assessed_value":442500},{"address":"9320.0 83 AVENUE NW","assessed_value":820500},{"address":"7704.0 13 AVENUE NW","assessed_value":377500},{"address":"8223.0 56 STREET NW","assessed_value":16500},{"address":"8504.0 85 AVENUE NW","assessed_value":470500},{"address":"9328.0 85 STREET NW","assessed_value":318000},{"address":"8611.0 92A AVENUE NW","assessed_value":568000},{"address":"8712.0 92B AVENUE NW","assessed_value":437000},{"address":"7108.0 99 AVENUE NW","assessed_value":450500},{"address":"6809.0 31 AVENUE NW","assessed_value":297500},{"address":"10457.0 80 STREET NW","assessed_value":414500},{"address":"10638.0 61 STREET NW","assessed_value":510500},{"address":"9524.0 64 AVENUE NW","assessed_value":468000},{"address":"10539.0 48 STREET NW","assessed_value":387500},{"address":"2125.0 MILLBOURNE ROAD WEST NW","assessed_value":23000},{"address":"8523.0 82 AVENUE NW","assessed_value":877000},{"address":"7112.0 85 STREET NW","assessed_value":442000},{"address":"7022.0 MILL WOODS ROAD SOUTH NW","assessed_value":176000},{"address":"9452.0 75 STREET NW","assessed_value":393000},{"address":"1004.0 LAKEWOOD ROAD NORTH NW","assessed_value":394500},{"address":"9620.0 64 AVENUE NW","assessed_value":433500},{"address":"9751.0 47 AVENUE NW","assessed_value":2831000},{"address":"1392.0 LAKEWOOD ROAD WEST NW","assessed_value":120000},{"address":"10531.0 48 STREET NW","assessed_value":448500},{"address":"10311.0 56 STREET NW","assessed_value":478500},{"address":"10408.0 46A STREET NW","assessed_value":378500},{"address":"7750.0 79 AVENUE NW","assessed_value":370500},{"address":"6803.0 101A AVENUE NW","assessed_value":392000},{"address":"120.0 MILLBOURNE ROAD EAST NW","assessed_value":276500},{"address":"656.0 LAKEWOOD ROAD NORTH NW","assessed_value":192000},{"address":"4216.0 93 STREET NW","assessed_value":5567000},{"address":"7212.0 103 AVENUE NW","assessed_value":566000},{"address":"1068.0 MILLBOURNE ROAD EAST NW","assessed_value":192000},{"address":"9828.0 78 STREET NW","assessed_value":537500},{"address":"9759.0 76 AVENUE NW","assessed_value":421000},{"address":"4820.0 109 AVENUE NW","assessed_value":455500},{"address":"10224.0 FULTON ROAD NW","assessed_value":409000},{"address":"7219.0 98 AVENUE NW","assessed_value":394000},{"address":"10656.0 59 STREET NW","assessed_value":423000},{"address":"9335.0 75 AVENUE NW","assessed_value":444000},{"address":"8312.0 17 AVENUE NW","assessed_value":432000},{"address":"3430.0 83 STREET NW","assessed_value":448000},{"address":"9728.0 73 AVENUE NW","assessed_value":420500},{"address":"7344.0 18 AVENUE NW","assessed_value":354500},{"address":"10713.0 63 STREET NW","assessed_value":448500},{"address":"8204.0 ROWLAND ROAD NW","assessed_value":668500},{"address":"9227.0 76 STREET NW","assessed_value":399000},{"address":"10627.0 ST GABRIEL SCHOOL ROAD NW","assessed_value":423000},{"address":"8138.0 80 AVENUE NW","assessed_value":523500},{"address":"10118.0 83 STREET NW","assessed_value":473000},{"address":"6716.0 40 AVENUE NW","assessed_value":477500},{"address":"5211.0 94A AVENUE NW","assessed_value":509500},{"address":"1904.0 LAKEWOOD ROAD SOUTH NW","assessed_value":389000},{"address":"10422.0 81 STREET NW","assessed_value":498000},{"address":"5109.0 17A AVENUE NW","assessed_value":354000},{"address":"7203.0 43 AVENUE NW","assessed_value":432000},{"address":"1336.0 LAKEWOOD ROAD WEST NW","assessed_value":160000},{"address":"3427.0 86 STREET NW","assessed_value":371000},{"address":"9308.0 85 STREET NW","assessed_value":404500},{"address":"5548.0 19A AVENUE NW","assessed_value":144500},{"address":"10304.0 81 STREET NW","assessed_value":5272500},{"address":"944.0 KNOTTWOOD ROAD SOUTH NW","assessed_value":338000},{"address":"4403.0 109A AVENUE NW","assessed_value":470000},{"address":"7012.0 93 AVENUE NW","assessed_value":396000},{"address":"5921.0 83 STREET NW","assessed_value":1312500},{"address":"8515.0 43 AVENUE NW","assessed_value":461500},{"address":"6720.0 86 AVENUE NW","assessed_value":6000},{"address":"9135.0 74 STREET NW","assessed_value":561500},{"address":"188.0 RICHFIELD ROAD NW","assessed_value":404000},{"address":"9347.0 69 AVENUE NW","assessed_value":414500},{"address":"5403.0 103A AVENUE NW","assessed_value":382000},{"address":"9643.0 79 STREET NW","assessed_value":447000},{"address":"9527.0 70 AVENUE NW","assessed_value":414500},{"address":"9263.0 74 STREET NW","assessed_value":398500},{"address":"8912.0 68 STREET NW","assessed_value":424500},{"address":"1816.0 LAKEWOOD ROAD SOUTH NW","assessed_value":171500},{"address":"1903.0 56 STREET NW","assessed_value":419000},{"address":"10012.0 76 STREET NW","assessed_value":1197000},{"address":"7624.0 106A AVENUE NW","assessed_value":439500},{"address":"6731.0 20 AVENUE NW","assessed_value":365000},{"address":"2634.0 83 STREET NW","assessed_value":433500},{"address":"9009.0 OTTEWELL ROAD NW","assessed_value":276500},{"address":"10539.0 40 STREET NW","assessed_value":432000},{"address":"5614.0 19A AVENUE NW","assessed_value":142000},{"address":"9502.0 72 AVENUE NW","assessed_value":279000},{"address":"9603.0 72 AVENUE NW","assessed_value":347500},{"address":"9732.0 64 STREET NW","assessed_value":459000},{"address":"5715.0 90 AVENUE NW","assessed_value":400500},{"address":"3818.0 85 STREET NW","assessed_value":283000},{"address":"10234.0 83 STREET NW","assessed_value":408500},{"address":"5525.0 93A AVENUE NW","assessed_value":350000},{"address":"8604.0 38 AVENUE NW","assessed_value":378000},{"address":"10110.0 73 STREET NW","assessed_value":290500},{"address":"6040.0 83 STREET NW","assessed_value":500},{"address":"9632.0 68A STREET NW","assessed_value":509000},{"address":"8523.0 67 AVENUE NW","assessed_value":570000},{"address":"8316.0 68A STREET NW","assessed_value":397500},{"address":"6508.0 92 AVENUE NW","assessed_value":390000},{"address":"9327.0 58 STREET NW","assessed_value":365000},{"address":"2024.0 86 STREET NW","assessed_value":478000},{"address":"137.0 LEE RIDGE ROAD NW","assessed_value":196000},{"address":"6403.0 85 STREET NW","assessed_value":410500},{"address":"302.0 MORIN MAZE NW","assessed_value":211500},{"address":"9256.0 76 STREET NW","assessed_value":404500},{"address":"8753.0 92B AVENUE NW","assessed_value":500},{"address":"10608.0 69 STREET NW","assessed_value":0},{"address":"7715.0 79 AVENUE NW","assessed_value":424000},{"address":"1039.0 LAKEWOOD ROAD NORTH NW","assessed_value":293000},{"address":"4303.0 105 AVENUE NW","assessed_value":406000},{"address":"9064.0 52 STREET NW","assessed_value":425500},{"address":"465.0 KNOTTWOOD ROAD WEST NW","assessed_value":218500},{"address":"10628.0 69 STREET NW","assessed_value":448500},{"address":"9135.0 70 AVENUE NW","assessed_value":476500},{"address":"3439.0 87 STREET NW","assessed_value":446000},{"address":"7940.0 76 AVENUE NW","assessed_value":426000},{"address":"7711.0 73 AVENUE NW","assessed_value":485500},{"address":"9203.0 35 AVENUE NW","assessed_value":2128000},{"address":"9813.0 75 AVENUE NW","assessed_value":820000},{"address":"5608.0 19A AVENUE NW","assessed_value":146500},{"address":"9538.0 83 STREET NW","assessed_value":406000},{"address":"9433.0 76 STREET NW","assessed_value":406500},{"address":"8761.0 92 AVENUE NW","assessed_value":507500},{"address":"10408.0 65 STREET NW","assessed_value":381500},{"address":"9006.0 90 STREET NW","assessed_value":395000},{"address":"4310.0 76 STREET NW","assessed_value":142500},{"address":"4311.0 74 STREET NW","assessed_value":413000},{"address":"10695.0 65 STREET NW","assessed_value":441500},{"address":"7308.0 96A AVENUE NW","assessed_value":588500},{"address":"8625.0 29 AVENUE NW","assessed_value":467500},{"address":"9439.0 OTTEWELL ROAD NW","assessed_value":395500},{"address":"5504.0 102A AVENUE NW","assessed_value":475000},{"address":"978.0 LAKEWOOD ROAD NORTH NW","assessed_value":186500},{"address":"8627.0 77 STREET NW","assessed_value":532000},{"address":"2204.0 MILLBOURNE ROAD WEST NW","assessed_value":11000},{"address":"7624.0 93 AVENUE NW","assessed_value":467000},{"address":"8350.0 76 AVENUE NW","assessed_value":546000},{"address":"1935.0 68 STREET NW","assessed_value":379000},{"address":"9819.0 70 AVENUE NW","assessed_value":384000},{"address":"8416.0 44 AVENUE NW","assessed_value":462500},{"address":"2011.0 72 STREET NW","assessed_value":375500},{"address":"7324.0 18 AVENUE NW","assessed_value":401000},{"address":"5408.0 FULTON ROAD NW","assessed_value":372500},{"address":"6820.0 22 AVENUE NW","assessed_value":405500},{"address":"4515.0 103 AVENUE NW","assessed_value":413000},{"address":"7115.0 87 AVENUE NW","assessed_value":401000},{"address":"8934.0 80 AVENUE NW","assessed_value":328500},{"address":"4724.0 102A AVENUE NW","assessed_value":366500},{"address":"9024.0 89 STREET NW","assessed_value":320000},{"address":"6946.0 21 AVENUE NW","assessed_value":435500},{"address":"9483.0 75 STREET NW","assessed_value":416000},{"address":"1272.0 LAKEWOOD ROAD WEST NW","assessed_value":189500},{"address":"6735.0 94B AVENUE NW","assessed_value":400500},{"address":"7424.0 80 STREET NW","assessed_value":409500},{"address":"1578.0 LAKEWOOD ROAD WEST NW","assessed_value":349500},{"address":"7508.0 73 AVENUE NW","assessed_value":412500},{"address":"10423.0 84 STREET NW","assessed_value":473000},{"address":"1793.0 LAKEWOOD ROAD SOUTH NW","assessed_value":193500},{"address":"5604.0 97A AVENUE NW","assessed_value":371500},{"address":"2365.0 85 STREET NW","assessed_value":177000},{"address":"nan nan","assessed_value":0},{"address":"6736.0 84 STREET NW","assessed_value":481500},{"address":"1462.0 KNOTTWOOD ROAD EAST NW","assessed_value":415000},{"address":"8606.0 39B AVENUE NW","assessed_value":421500},{"address":"8004.0 72 AVENUE NW","assessed_value":511000},{"address":"10347.0 83 STREET NW","assessed_value":434000},{"address":"10150.0 62 STREET NW","assessed_value":391000},{"address":"9318.0 52 STREET NW","assessed_value":384500},{"address":"7020.0 83 STREET NW","assessed_value":374000},{"address":"6505.0 90 AVENUE NW","assessed_value":270000},{"address":"228.0 RICHFIELD ROAD NW","assessed_value":146000},{"address":"8907.0 79 STREET NW","assessed_value":365000},{"address":"9827.0 73 AVENUE NW","assessed_value":393500},{"address":"9311.0 71 AVENUE NW","assessed_value":533500},{"address":"1933.0 73 STREET NW","assessed_value":164000},{"address":"9611.0 76 STREET NW","assessed_value":425000},{"address":"4628.0 103 AVENUE NW","assessed_value":366000},{"address":"8935.0 81 AVENUE NW","assessed_value":335500},{"address":"5515.0 19A AVENUE NW","assessed_value":383000},{"address":"10743.0 50 STREET NW","assessed_value":460500},{"address":"1282.0 LAKEWOOD ROAD WEST NW","assessed_value":216000},{"address":"7216.0 MILL WOODS ROAD SOUTH NW","assessed_value":168500},{"address":"10008.0 67 STREET NW","assessed_value":346500},{"address":"5203.0 104 AVENUE NW","assessed_value":500},{"address":"8953.0 77 AVENUE NW","assessed_value":459500},{"address":"8528.0 89 STREET NW","assessed_value":426500},{"address":"6409.0 90 AVENUE NW","assessed_value":327000},{"address":"9747.0 65 AVENUE NW","assessed_value":575000},{"address":"7633.0 91 AVENUE NW","assessed_value":386500},{"address":"10428.0 48 STREET NW","assessed_value":447500},{"address":"7207.0 102 AVENUE NW","assessed_value":1013000},{"address":"6754.0 39 AVENUE NW","assessed_value":386500},{"address":"1127.0 77 STREET NW","assessed_value":368500},{"address":"3523.0 79 STREET NW","assessed_value":424500},{"address":"7932.0 81 AVENUE NW","assessed_value":367000},{"address":"10502.0 82 STREET NW","assessed_value":382000},{"address":"7904.0 44 AVENUE NW","assessed_value":482000},{"address":"752.0 KNOTTWOOD ROAD SOUTH NW","assessed_value":362000},{"address":"9716.0 67 AVENUE NW","assessed_value":441500},{"address":"5002.0 92 AVENUE NW","assessed_value":365500},{"address":"5508.0 94 AVENUE NW","assessed_value":408500},{"address":"2724.0 83 STREET NW","assessed_value":561000},{"address":"180.0 LEE RIDGE ROAD NW","assessed_value":180500},{"address":"10340.0 48 STREET NW","assessed_value":385500},{"address":"7207.0 95 AVENUE NW","assessed_value":407500},{"address":"9332.0 86 AVENUE NW","assessed_value":524000},{"address":"8323.0 73 AVENUE NW","assessed_value":407000},{"address":"10413.0 50 STREET NW","assessed_value":8000},{"address":"1616.0 LAKEWOOD ROAD WEST NW","assessed_value":167500},{"address":"7127.0 83 STREET NW","assessed_value":350500},{"address":"10663.0 59 STREET NW","assessed_value":501000},{"address":"8749.0 89 AVENUE NW","assessed_value":347000},{"address":"5407.0 105 AVENUE NW","assessed_value":425000},{"address":"7203.0 21 AVENUE NW","assessed_value":378500},{"address":"9919.0 74 STREET NW","assessed_value":430500},{"address":"1743.0 65 STREET NW","assessed_value":420000},{"address":"6604.0 97 AVENUE NW","assessed_value":523000},{"address":"5703.0 89 AVENUE NW","assessed_value":574500},{"address":"9503.0 83 STREET NW","assessed_value":392000},{"address":"9809.0 76 AVENUE NW","assessed_value":394500},{"address":"5215.0 90 AVENUE NW","assessed_value":4000},{"address":"9034.0 91 STREET NW","assessed_value":791000},{"address":"6511.0 CAPILANO CRESCENT NW","assessed_value":804500},{"address":"10350.0 76 STREET NW","assessed_value":446000},{"address":"2125.0 85 STREET NW","assessed_value":390500},{"address":"9431.0 79 STREET NW","assessed_value":500000},{"address":"9616.0 63 AVENUE NW","assessed_value":461000},{"address":"7104.0 92A AVENUE NW","assessed_value":457000},{"address":"9528.0 75 AVENUE NW","assessed_value":913000},{"address":"7519.0 82 AVENUE NW","assessed_value":336000},{"address":"2624.0 89 STREET NW","assessed_value":311000},{"address":"8716.0 62 STREET NW","assessed_value":495500},{"address":"8911.0 STRATHEARN DRIVE NW","assessed_value":531500},{"address":"5404.0 90A AVENUE NW","assessed_value":392500},{"address":"7623.0 98 AVENUE NW","assessed_value":400000},{"address":"7507.0 40 AVENUE NW","assessed_value":400000},{"address":"8003.0 104 AVENUE NW","assessed_value":434500},{"address":"191.0 LEE RIDGE ROAD NW","assessed_value":166000},{"address":"5708.0 91 AVENUE NW","assessed_value":403500},{"address":"5911.0 84 AVENUE NW","assessed_value":293500},{"address":"9510.0 70 AVENUE NW","assessed_value":865500},{"address":"1107.0 MILLBOURNE ROAD EAST NW","assessed_value":170500},{"address":"6203.0 92B AVENUE NW","assessed_value":443000},{"address":"4639.0 102A AVENUE NW","assessed_value":367500},{"address":"8736.0 73 STREET NW","assessed_value":394500},{"address":"7911.0 93B AVENUE NW","assessed_value":419500},{"address":"7408.0 33 AVENUE NW","assessed_value":343000},{"address":"6807.0 HARDISTY DRIVE NW","assessed_value":792500},{"address":"3518.0 78 STREET NW","assessed_value":279500},{"address":"10547.0 45 STREET NW","assessed_value":393000},{"address":"4816.0 108A AVENUE NW","assessed_value":435000},{"address":"9419.0 65 AVENUE NW","assessed_value":391500},{"address":"9111.0 76 STREET NW","assessed_value":401000},{"address":"9711.0 67 AVENUE NW","assessed_value":446500},{"address":"9132.0 74 AVENUE NW","assessed_value":586000},{"address":"8409.0 75 STREET NW","assessed_value":387000},{"address":"6607.0 19 AVENUE NW","assessed_value":404000},{"address":"6611.0 HARDISTY DRIVE NW","assessed_value":701000},{"address":"8724.0 66 AVENUE NW","assessed_value":415500},{"address":"6811.0 36A AVENUE NW","assessed_value":298500},{"address":"9463.0 OTTEWELL ROAD NW","assessed_value":427000},{"address":"784.0 KNOTTWOOD ROAD SOUTH NW","assessed_value":364000},{"address":"7312.0 44 AVENUE NW","assessed_value":349500},{"address":"6408.0 102A AVENUE NW","assessed_value":518500},{"address":"2023.0 74 STREET NW","assessed_value":351000},{"address":"5904.0 94 AVENUE NW","assessed_value":450500},{"address":"258.0 RICHFIELD ROAD NW","assessed_value":146000},{"address":"6624.0 86 STREET NW","assessed_value":409000},{"address":"3123.0 82 STREET NW","assessed_value":285000},{"address":"2803.0 MILL WOODS ROAD NW","assessed_value":10640500},{"address":"6423.0 17 AVENUE NW","assessed_value":539000},{"address":"10619.0 67 STREET NW","assessed_value":460000},{"address":"5538.0 19A AVENUE NW","assessed_value":144500},{"address":"9415.0 74 STREET NW","assessed_value":460500},{"address":"9044.0 56 STREET NW","assessed_value":542500},{"address":"10724.0 47 STREET NW","assessed_value":451500},{"address":"8021.0 22 AVENUE NW","assessed_value":378500},{"address":"414.0 LEE RIDGE ROAD NW","assessed_value":433000},{"address":"10527.0 67 STREET NW","assessed_value":412000},{"address":"6704.0 98 AVENUE NW","assessed_value":392000},{"address":"7526.0 79 AVENUE NW","assessed_value":394000},{"address":"9631.0 75 AVENUE NW","assessed_value":350000},{"address":"7140.0 67 STREET NW","assessed_value":2755000},{"address":"5666.0 19A AVENUE NW","assessed_value":139000},{"address":"561.0 MILLBOURNE ROAD EAST NW","assessed_value":330500},{"address":"8542.0 76 AVENUE NW","assessed_value":293500},{"address":"7303.0 77 STREET NW","assessed_value":423000},{"address":"9255.0 35 AVENUE NW","assessed_value":2064500},{"address":"5603.0 94A STREET NW","assessed_value":2844500},{"address":"8786.0 97 AVENUE NW","assessed_value":362500},{"address":"123.0 EKOTA CRESCENT NW","assessed_value":461000},{"address":"10435.0 52 STREET NW","assessed_value":477000},{"address":"7323.0 82 STREET NW","assessed_value":342500},{"address":"9609.0 74 AVENUE NW","assessed_value":292500},{"address":"9710.0 69 AVENUE NW","assessed_value":574000},{"address":"7107.0 95 AVENUE NW","assessed_value":8500},{"address":"9827.0 72 STREET NW","assessed_value":403000},{"address":"7812.0 ARGYLL ROAD NW","assessed_value":397000},{"address":"5407.0 107 AVENUE NW","assessed_value":464500},{"address":"7127.0 81 STREET NW","assessed_value":425000},{"address":"8608.0 42A AVENUE NW","assessed_value":387500},{"address":"8416.0 56 STREET NW","assessed_value":464500},{"address":"1119.0 80 STREET NW","assessed_value":364500},{"address":"10535.0 50 STREET NW","assessed_value":361000},{"address":"863.0 MILLBOURNE ROAD EAST NW","assessed_value":368000},{"address":"nan nan","assessed_value":0},{"address":"2182.0 MILL WOODS ROAD NW","assessed_value":168000},{"address":"4516.0 104A AVENUE NW","assessed_value":416000},{"address":"8816.0 79 STREET NW","assessed_value":338500},{"address":"9533.0 73 AVENUE NW","assessed_value":1085000},{"address":"2903.0 101 STREET NW","assessed_value":3382500},{"address":"4035.0 75 STREET NW","assessed_value":391000},{"address":"7783.0 37 AVENUE NW","assessed_value":183500},{"address":"6919.0 21 AVENUE NW","assessed_value":422500},{"address":"8523.0 95 AVENUE NW","assessed_value":465000},{"address":"7903.0 97 AVENUE NW","assessed_value":502000},{"address":"10516.0 60 STREET NW","assessed_value":376500},{"address":"7204.0 68 STREET NW","assessed_value":671000},{"address":"2024.0 57 STREET NW","assessed_value":194500},{"address":"6411.0 89 STREET NW","assessed_value":385000},{"address":"4503.0 101 STREET NW","assessed_value":1855000},{"address":"5112.0 109 AVENUE NW","assessed_value":439000},{"address":"3942.0 76 STREET NW","assessed_value":178500},{"address":"760.0 LEE RIDGE ROAD NW","assessed_value":368000},{"address":"6827.0 83 AVENUE NW","assessed_value":379500},{"address":"5808.0 89 AVENUE NW","assessed_value":409500},{"address":"10626.0 82 STREET NW","assessed_value":474000},{"address":"7411.0 15 AVENUE NW","assessed_value":413000},{"address":"7547.0 79 AVENUE NW","assessed_value":359000},{"address":"8617.0 33 AVENUE NW","assessed_value":334500},{"address":"10219.0 75 STREET NW","assessed_value":322000},{"address":"6904.0 100 AVENUE NW","assessed_value":405000},{"address":"10618.0 83 STREET NW","assessed_value":710500},{"address":"6836.0 40 AVENUE NW","assessed_value":437000},{"address":"2664.0 89 STREET NW","assessed_value":338500},{"address":"6782.0 39 AVENUE NW","assessed_value":372000},{"address":"7736.0 76 AVENUE NW","assessed_value":454500},{"address":"10667.0 61 STREET NW","assessed_value":591500},{"address":"8703.0 33 AVENUE NW","assessed_value":346500},{"address":"7335.0 78 STREET NW","assessed_value":386500},{"address":"10757.0 65 STREET NW","assessed_value":430500},{"address":"9826.0 72 AVENUE NW","assessed_value":458500},{"address":"8211.0 101 AVENUE NW","assessed_value":400000},{"address":"9359.0 67A STREET NW","assessed_value":2824500},{"address":"9404.0 27 AVENUE NW","assessed_value":3153500},{"address":"5107.0 17 AVENUE NW","assessed_value":610500},{"address":"10.0 TWIN TERRACE NW","assessed_value":195500},{"address":"8116.0 97 AVENUE NW","assessed_value":423000},{"address":"10320.0 78 STREET NW","assessed_value":443000},{"address":"7912.0 33 AVENUE NW","assessed_value":386000},{"address":"4412.0 109 AVENUE NW","assessed_value":471500},{"address":"2920.0 84 STREET NW","assessed_value":366500},{"address":"7008.0 91 AVENUE NW","assessed_value":476500},{"address":"6608.0 87 AVENUE NW","assessed_value":399500},{"address":"6908.0 98A AVENUE NW","assessed_value":588500},{"address":"9504.0 64 AVENUE NW","assessed_value":461500},{"address":"2420.0 81 STREET NW","assessed_value":464500},{"address":"9076.0 52 STREET NW","assessed_value":454000},{"address":"9231.0 75 STREET NW","assessed_value":336500},{"address":"9711.0 70 AVENUE NW","assessed_value":343500},{"address":"8060.0 ARGYLL ROAD NW","assessed_value":372500},{"address":"5104.0 109 AVENUE NW","assessed_value":456500},{"address":"5704.0 105 AVENUE NW","assessed_value":482000},{"address":"8512.0 68 AVENUE NW","assessed_value":943500},{"address":"1222.0 85 STREET NW","assessed_value":468500},{"address":"8945.0 STRATHEARN DRIVE NW","assessed_value":1182000},{"address":"496.0 KNOTTWOOD ROAD WEST NW","assessed_value":339000},{"address":"9023.0 58 STREET NW","assessed_value":451000},{"address":"116.0 RICHFIELD ROAD NW","assessed_value":349500},{"address":"10131.0 83 STREET NW","assessed_value":389500},{"address":"9659.0 81 STREET NW","assessed_value":534000},{"address":"8663.0 76 STREET NW","assessed_value":362500},{"address":"7507.0 98 AVENUE NW","assessed_value":407500},{"address":"8512.0 43 AVENUE NW","assessed_value":424500},{"address":"9528.0 74 STREET NW","assessed_value":392000},{"address":"6007.0 106A AVENUE NW","assessed_value":434500},{"address":"7803.0 ROWLAND ROAD NW","assessed_value":585000},{"address":"7707.0 75 AVENUE NW","assessed_value":400500},{"address":"8516.0 58 STREET NW","assessed_value":473000},{"address":"856.0 MILLBOURNE ROAD EAST NW","assessed_value":386000},{"address":"7308.0 95 AVENUE NW","assessed_value":453500},{"address":"8803.0 50 AVENUE NW","assessed_value":5245000},{"address":"324.0 LEE RIDGE ROAD NW","assessed_value":388500},{"address":"5252.0 84 STREET NW","assessed_value":57500},{"address":"5607.0 90A AVENUE NW","assessed_value":431000},{"address":"9719.0 67 AVENUE NW","assessed_value":441000},{"address":"10330.0 83 STREET NW","assessed_value":377000},{"address":"9304.0 74 STREET NW","assessed_value":552500},{"address":"435.0 LEE RIDGE ROAD NW","assessed_value":342500},{"address":"7059.0 32 AVENUE NW","assessed_value":233000},{"address":"8612.0 38A AVENUE NW","assessed_value":170500},{"address":"7435.0 32 AVENUE NW","assessed_value":356000},{"address":"1135.0 LAKEWOOD ROAD NORTH NW","assessed_value":374000},{"address":"6313.0 84 AVENUE NW","assessed_value":347500},{"address":"9145.0 81 AVENUE NW","assessed_value":342500},{"address":"10515.0 FULTON DRIVE NW","assessed_value":487000},{"address":"8761.0 90 AVENUE NW","assessed_value":463500},{"address":"6823.0 33 AVENUE NW","assessed_value":379000},{"address":"4507.0 103A AVENUE NW","assessed_value":368000},{"address":"9321.0 81 AVENUE NW","assessed_value":490500},{"address":"6511.0 98A STREET NW","assessed_value":387000},{"address":"8220.0 10 AVENUE NW","assessed_value":364000},{"address":"nan nan","assessed_value":5000},{"address":"5903.0 92 AVENUE NW","assessed_value":440000},{"address":"6003.0 101A AVENUE NW","assessed_value":415500},{"address":"8404.0 74 AVENUE NW","assessed_value":498000},{"address":"1162.0 75 STREET NW","assessed_value":359000},{"address":"160.0 MILLBOURNE ROAD EAST NW","assessed_value":320500},{"address":"7008.0 90 AVENUE NW","assessed_value":370000},{"address":"7208.0 96A AVENUE NW","assessed_value":477000},{"address":"9335.0 69 AVENUE NW","assessed_value":504500},{"address":"8716.0 30 AVENUE NW","assessed_value":371500},{"address":"8620.0 73 STREET NW","assessed_value":387000},{"address":"1042.0 LAKEWOOD ROAD NORTH NW","assessed_value":209500},{"address":"9344.0 63 AVENUE NW","assessed_value":376500},{"address":"10614.0 65 STREET NW","assessed_value":547500},{"address":"1394.0 LAKEWOOD ROAD WEST NW","assessed_value":123500},{"address":"9828.0 67 STREET NW","assessed_value":452000},{"address":"8113.0 34B AVENUE NW","assessed_value":384500},{"address":"7815.0 15 AVENUE NW","assessed_value":337500},{"address":"8015.0 22 AVENUE NW","assessed_value":405000},{"address":"5704.0 94 AVENUE NW","assessed_value":489000},{"address":"9447.0 77 STREET NW","assessed_value":480000},{"address":"9515.0 69 AVENUE NW","assessed_value":1077000},{"address":"8615.0 27 AVENUE NW","assessed_value":350000},{"address":"1608.0 89 STREET NW","assessed_value":369000},{"address":"30.0 LAKEWOOD VILLAGE NW","assessed_value":187000},{"address":"9532.0 69 AVENUE NW","assessed_value":397500},{"address":"1074.0 KNOTTWOOD ROAD EAST NW","assessed_value":165500},{"address":"907.0 LAKEWOOD ROAD NORTH NW","assessed_value":142500},{"address":"6808.0 101A AVENUE NW","assessed_value":419000},{"address":"9908.0 81 STREET NW","assessed_value":447000},{"address":"9758.0 63 AVENUE NW","assessed_value":358500},{"address":"687.0 LEE RIDGE ROAD NW","assessed_value":422500},{"address":"6424.0 86 STREET NW","assessed_value":500},{"address":"9714.0 72 AVENUE NW","assessed_value":391500},{"address":"9312.0 64 AVENUE NW","assessed_value":414000},{"address":"4515.0 103A AVENUE NW","assessed_value":383000},{"address":"6206.0 97 STREET NW","assessed_value":2779000},{"address":"9240.0 69A STREET NW","assessed_value":506500},{"address":"7523.0 81 AVENUE NW","assessed_value":354000},{"address":"6508.0 94A AVENUE NW","assessed_value":483500},{"address":"6108.0 92A AVENUE NW","assessed_value":429500},{"address":"8803.0 43 AVENUE NW","assessed_value":419000},{"address":"8406.0 54 STREET NW","assessed_value":418000},{"address":"6508.0 109 AVENUE NW","assessed_value":1103500},{"address":"10211.0 57 STREET NW","assessed_value":391000},{"address":"1718.0 68 STREET NW","assessed_value":384500},{"address":"10620.0 59 STREET NW","assessed_value":646500},{"address":"31.0 EKOTA CRESCENT NW","assessed_value":434000},{"address":"7935.0 77 AVENUE NW","assessed_value":439500},{"address":"505.0 KNOTTWOOD ROAD WEST NW","assessed_value":205000},{"address":"7004.0 86 AVENUE NW","assessed_value":429500},{"address":"8743.0 58 AVENUE NW","assessed_value":500},{"address":"1923.0 65 STREET NW","assessed_value":471500},{"address":"5704.0 92 AVENUE NW","assessed_value":378000},{"address":"6007.0 85 AVENUE NW","assessed_value":512500},{"address":"8711.0 76 AVENUE NW","assessed_value":437000},{"address":"9071.0 52 STREET NW","assessed_value":363500},{"address":"1108.0 75 STREET NW","assessed_value":391500},{"address":"6307.0 103A AVENUE NW","assessed_value":384500},{"address":"1815.0 54 STREET NW","assessed_value":378500},{"address":"9708.0 65 AVENUE NW","assessed_value":398500},{"address":"1470.0 KNOTTWOOD ROAD EAST NW","assessed_value":142500},{"address":"5704.0 109 AVENUE NW","assessed_value":507000},{"address":"5004.0 103 AVENUE NW","assessed_value":383500},{"address":"852.0 KNOTTWOOD ROAD SOUTH NW","assessed_value":371500},{"address":"10715.0 54 STREET NW","assessed_value":460000},{"address":"3831.0 76 STREET NW","assessed_value":114000},{"address":"822.0 LEE RIDGE ROAD NW","assessed_value":500500},{"address":"6507.0 109B AVENUE NW","assessed_value":573500},{"address":"6816.0 43A AVENUE NW","assessed_value":411000},{"address":"6107.0 92A AVENUE NW","assessed_value":435000},{"address":"8512.0 39A AVENUE NW","assessed_value":446500},{"address":"10220.0 79 STREET NW","assessed_value":470000},{"address":"1927.0 52 STREET NW","assessed_value":521500},{"address":"8559.0 89 STREET NW","assessed_value":857000},{"address":"10519.0 81 STREET NW","assessed_value":739500},{"address":"8207.0 99 AVENUE NW","assessed_value":609500},{"address":"7408.0 96 STREET NW","assessed_value":395500},{"address":"9335.0 76 AVENUE NW","assessed_value":573500},{"address":"9819.0 75 STREET NW","assessed_value":374000},{"address":"9715.0 66 AVENUE NW","assessed_value":350000},{"address":"9112.0 71 STREET NW","assessed_value":450000},{"address":"7608.0 88 AVENUE NW","assessed_value":372500},{"address":"10204.0 70 STREET NW","assessed_value":404500},{"address":"9515.0 45 AVENUE NW","assessed_value":1500},{"address":"4324.0 76 STREET NW","assessed_value":142500},{"address":"5716.0 90 AVENUE NW","assessed_value":450500},{"address":"9343.0 83 STREET NW","assessed_value":464000},{"address":"8711.0 69 STREET NW","assessed_value":395500},{"address":"1043.0 80 STREET NW","assessed_value":377000},{"address":"7352.0 18 AVENUE NW","assessed_value":397000},{"address":"8816.0 91 AVENUE NW","assessed_value":471000},{"address":"6632.0 36A AVENUE NW","assessed_value":210000},{"address":"1980.0 68 STREET NW","assessed_value":424500},{"address":"135.0 RICHFIELD ROAD NW","assessed_value":367000},{"address":"6720.0 87 STREET NW","assessed_value":485000},{"address":"7119.0 100 AVENUE NW","assessed_value":409500},{"address":"6416.0 86 STREET NW","assessed_value":416500},{"address":"10248.0 74 STREET NW","assessed_value":390500},{"address":"4803.0 108A AVENUE NW","assessed_value":598500},{"address":"9608.0 64 AVENUE NW","assessed_value":398000},{"address":"10541.0 78 STREET NW","assessed_value":423500},{"address":"8403.0 87 STREET NW","assessed_value":812500},{"address":"2004.0 65 STREET NW","assessed_value":419500},{"address":"5109.0 99 STREET NW","assessed_value":12129000},{"address":"6908.0 97 AVENUE NW","assessed_value":456500},{"address":"7311.0 18 AVENUE NW","assessed_value":416500},{"address":"4328.0 89 STREET NW","assessed_value":379500},{"address":"9436.0 77 STREET NW","assessed_value":425500},{"address":"6104.0 101A AVENUE NW","assessed_value":405500},{"address":"146.0 KNOTTWOOD ROAD NORTH NW","assessed_value":170500},{"address":"9632.0 67A STREET NW","assessed_value":419500},{"address":"10434.0 79 STREET NW","assessed_value":420000},{"address":"7707.0 70 AVENUE NW","assessed_value":378000},{"address":"8755.0 67 AVENUE NW","assessed_value":397500},{"address":"8423.0 54 STREET NW","assessed_value":385000},{"address":"7104.0 44 AVENUE NW","assessed_value":407000},{"address":"5307.0 109 AVENUE NW","assessed_value":430500},{"address":"3639.0 75 STREET NW","assessed_value":402500},{"address":"8507.0 44 AVENUE NW","assessed_value":373500},{"address":"8319.0 77 AVENUE NW","assessed_value":362500},{"address":"1904.0 56 STREET NW","assessed_value":66500},{"address":"9225.0 52 STREET NW","assessed_value":0},{"address":"6508.0 91 STREET NW","assessed_value":392000},{"address":"1708.0 54 STREET NW","assessed_value":397500},{"address":"1772.0 62 STREET NW","assessed_value":476500},{"address":"7612.0 42 AVENUE NW","assessed_value":374000},{"address":"474.0 LEE RIDGE ROAD NW","assessed_value":140000},{"address":"6804.0 98 AVENUE NW","assessed_value":352500},{"address":"1820.0 51 STREET NW","assessed_value":486500},{"address":"9723.0 64 AVENUE NW","assessed_value":380500},{"address":"7103.0 44 AVENUE NW","assessed_value":409000},{"address":"1160.0 KNOTTWOOD ROAD EAST NW","assessed_value":185000},{"address":"1075.0 MILLBOURNE ROAD EAST NW","assessed_value":198000},{"address":"2303.0 85 STREET NW","assessed_value":187000},{"address":"4015.0 77 STREET NW","assessed_value":403000},{"address":"2423.0 89 STREET NW","assessed_value":362500},{"address":"601.0 MILLBOURNE ROAD EAST NW","assessed_value":189000},{"address":"5304.0 90A AVENUE NW","assessed_value":482000},{"address":"9723.0 67 AVENUE NW","assessed_value":459500},{"address":"7007.0 90 AVENUE NW","assessed_value":365000},{"address":"9611.0 66 AVENUE NW","assessed_value":2359000},{"address":"3040.0 79 STREET NW","assessed_value":489000},{"address":"7415.0 ROWLAND ROAD NW","assessed_value":674500},{"address":"1091.0 MILLBOURNE ROAD EAST NW","assessed_value":198000},{"address":"7420.0 83 STREET NW","assessed_value":405000},{"address":"8704.0 38A AVENUE NW","assessed_value":363000},{"address":"8407.0 19 AVENUE NW","assessed_value":369500},{"address":"10632.0 47 STREET NW","assessed_value":440000},{"address":"8719.0 67 AVENUE NW","assessed_value":407000},{"address":"9815.0 75 STREET NW","assessed_value":393000},{"address":"7640.0 70 AVENUE NW","assessed_value":398000},{"address":"9812.0 63 AVENUE NW","assessed_value":333500},{"address":"7751.0 78 AVENUE NW","assessed_value":324000},{"address":"8311.0 81 AVENUE NW","assessed_value":308500},{"address":"9420.0 68A STREET NW","assessed_value":620500},{"address":"7728.0 82 AVENUE NW","assessed_value":7441000},{"address":"9630.0 69 AVENUE NW","assessed_value":433500},{"address":"8624.0 66 AVENUE NW","assessed_value":389500},{"address":"8.0 LAKEWOOD VILLAGE NW","assessed_value":174500},{"address":"7861.0 26 AVENUE NW","assessed_value":443000},{"address":"9207.0 70 STREET NW","assessed_value":540000},{"address":"8631.0 64 AVENUE NW","assessed_value":386000},{"address":"7016.0 83 AVENUE NW","assessed_value":437500},{"address":"363.0 KNOTTWOOD ROAD WEST NW","assessed_value":325000},{"address":"10623.0 76 STREET NW","assessed_value":764500},{"address":"9831.0 74 AVENUE NW","assessed_value":836500},{"address":"10523.0 52 STREET NW","assessed_value":422500},{"address":"9244.0 77 STREET NW","assessed_value":560500},{"address":"9321.0 88 AVENUE NW","assessed_value":385000},{"address":"3916.0 72 STREET NW","assessed_value":404500},{"address":"9224.0 63 AVENUE NW","assessed_value":378000},{"address":"8523.0 56 STREET NW","assessed_value":431500},{"address":"2715.0 83 STREET NW","assessed_value":497500},{"address":"2528.0 78 STREET NW","assessed_value":289500},{"address":"7220.0 93 AVENUE NW","assessed_value":494500},{"address":"1723.0 51 STREET NW","assessed_value":358000},{"address":"8941.0 79 AVENUE NW","assessed_value":404500},{"address":"995.0 MILLBOURNE ROAD EAST NW","assessed_value":232000},{"address":"10208.0 67 STREET NW","assessed_value":465000},{"address":"10409.0 83 STREET NW","assessed_value":408000},{"address":"9825.0 75 AVENUE NW","assessed_value":839000},{"address":"10603.0 65 STREET NW","assessed_value":438500},{"address":"8807.0 52 STREET NW","assessed_value":386500},{"address":"6607.0 CAPILANO CRESCENT NW","assessed_value":926500},{"address":"7911.0 85 AVENUE NW","assessed_value":398500},{"address":"nan nan","assessed_value":8000},{"address":"10907.0 50 STREET NW","assessed_value":440500},{"address":"4334.0 76 STREET NW","assessed_value":142500},{"address":"10712.0 50 STREET NW","assessed_value":389000},{"address":"6819.0 90 AVENUE NW","assessed_value":417500},{"address":"10628.0 67 STREET NW","assessed_value":450000},{"address":"6212.0 86 AVENUE NW","assessed_value":417500},{"address":"4635.0 105 AVENUE NW","assessed_value":438000},{"address":"916.0 LEE RIDGE ROAD NW","assessed_value":175500},{"address":"7715.0 82 AVENUE NW","assessed_value":348000},{"address":"9307.0 67 AVENUE NW","assessed_value":434000},{"address":"6808.0 12 AVENUE NW","assessed_value":447500},{"address":"6728.0 93A AVENUE NW","assessed_value":372500},{"address":"5504.0 101A AVENUE NW","assessed_value":397000},{"address":"2113.0 52 STREET NW","assessed_value":440000},{"address":"3055.0 79 STREET NW","assessed_value":1000},{"address":"8120.0 96 AVENUE NW","assessed_value":439000},{"address":"6705.0 36A AVENUE NW","assessed_value":307000},{"address":"10514.0 74 STREET NW","assessed_value":453000},{"address":"5412.0 104 AVENUE NW","assessed_value":424500},{"address":"7824.0 24 AVENUE NW","assessed_value":367000},{"address":"10667.0 67 STREET NW","assessed_value":461000},{"address":"9503.0 54 STREET NW","assessed_value":519000},{"address":"4219.0 86 STREET NW","assessed_value":400500},{"address":"5408.0 104 AVENUE NW","assessed_value":594000},{"address":"8934.0 94 AVENUE NW","assessed_value":388000},{"address":"8003.0 DAVIES ROAD NW","assessed_value":1500},{"address":"9007.0 91 STREET NW","assessed_value":351500},{"address":"9539.0 85 STREET NW","assessed_value":392500},{"address":"7004.0 75 STREET NW","assessed_value":339000},{"address":"4348.0 68 STREET NW","assessed_value":411500},{"address":"7502.0 94 AVENUE NW","assessed_value":416000},{"address":"8770.0 STRATHEARN DRIVE NW","assessed_value":1137500},{"address":"9845.0 76 STREET NW","assessed_value":416500},{"address":"1111.0 68 STREET NW","assessed_value":373000}]