[{"address":"12912.0 122 AVENUE NW","assessed_value":87000},{"address":"882.0 RYAN PLACE NW","assessed_value":354000},{"address":"1011.0 BURNS CLOSE NW","assessed_value":643000},{"address":"700.0 WELLS WYND NW","assessed_value":642000},{"address":"12820.0 147 AVENUE NW","assessed_value":399000},{"address":"619.0 BURGESS CLOSE NW","assessed_value":649500},{"address":"227.0 OSLAND CLOSE NW","assessed_value":683000},{"address":"2715.0 44A AVENUE NW","assessed_value":583000},{"address":"nan nan","assessed_value":5000},{"address":"11716.0 93 STREET NW","assessed_value":334500},{"address":"10883.0 SASKATCHEWAN DRIVE NW","assessed_value":128000},{"address":"15499.0 CASTLE DOWNS ROAD NW","assessed_value":211500},{"address":"9930.0 BELLAMY HILL NW","assessed_value":140500},{"address":"100.0 BLACKBURN DRIVE WEST SW","assessed_value":548500},{"address":"9760.0 176 STREET NW","assessed_value":166500},{"address":"10025.0 113 STREET NW","assessed_value":234000},{"address":"10178.0 92 STREET NW","assessed_value":514500},{"address":"8220.0 JASPER AVENUE NW","assessed_value":141500},{"address":"9741.0 91 STREET NW","assessed_value":259500},{"address":"624.0 WOTHERSPOON CLOSE NW","assessed_value":522500},{"address":"8803.0 170 AVENUE NW","assessed_value":390500},{"address":"3732.0 30 STREET NW","assessed_value":602000},{"address":"1614.0 JAMHA ROAD NW","assessed_value":246000},{"address":"119.0 FARNELL CLOSE NW","assessed_value":606000},{"address":"9926.0 80 AVENUE NW","assessed_value":225500},{"address":"2540.0 35 STREET NW","assessed_value":406500},{"address":"11157.0 96 STREET NW","assessed_value":312500},{"address":"1130.0 FALCONER ROAD NW","assessed_value":415000},{"address":"111.0 KULAWY DRIVE NORTH NW","assessed_value":571000},{"address":"8903.0 106A AVENUE NW","assessed_value":172000},{"address":"10333.0 121 STREET NW","assessed_value":112500},{"address":"530.0 BUCHANAN ROAD NW","assessed_value":612500},{"address":"9.0 MEADOWLARK VILLAGE NW","assessed_value":181000},{"address":"3308.0 113 AVENUE NW","assessed_value":105000},{"address":"10145.0 109 STREET NW","assessed_value":105000},{"address":"8819.0 147 AVENUE NW","assessed_value":91500},{"address":"1012.0 BUCHANAN PLACE NW","assessed_value":638500},{"address":"10130.0 114 STREET NW","assessed_value":276500},{"address":"13217.0 155 AVENUE NW","assessed_value":263500},{"address":"3528.0 44A AVENUE NW","assessed_value":356500},{"address":"5931.0 152B AVENUE NW","assessed_value":459000},{"address":"3308.0 113 AVENUE NW","assessed_value":113000},{"address":"9710.0 105 STREET NW","assessed_value":102500},{"address":"nan nan","assessed_value":11500},{"address":"1357.0 CARTER CREST ROAD NW","assessed_value":620000},{"address":"343.0 KLINE CRESCENT NW","assessed_value":341000},{"address":"13910.0 STONY PLAIN ROAD NW","assessed_value":103000},{"address":"9023.0 105A AVENUE NW","assessed_value":89000},{"address":"nan nan","assessed_value":8000},{"address":"nan nan","assessed_value":11500},{"address":"3832.0 41 STREET NW","assessed_value":474500},{"address":"10740.0 153 AVENUE NW","assessed_value":436500},{"address":"116.0 FARNELL CLOSE NW","assessed_value":581000},{"address":"8604.0 GATEWAY BOULEVARD NW","assessed_value":122000},{"address":"11915.0 106 AVENUE NW","assessed_value":254500},{"address":"1003.0 YOUVILLE DRIVE WEST NW","assessed_value":286000},{"address":"3631.0 31 STREET NW","assessed_value":468000},{"address":"303.0 TWIN BROOKS DRIVE NW","assessed_value":383500},{"address":"13910.0 STONY PLAIN ROAD NW","assessed_value":109000},{"address":"9241.0 110A AVENUE NW","assessed_value":218500},{"address":"nan nan","assessed_value":11500},{"address":"8308.0 127 AVENUE NW","assessed_value":204500},{"address":"1007.0 WANYANDI WAY NW","assessed_value":784000},{"address":"12803.0 145 AVENUE NW","assessed_value":418500},{"address":"8232.0 111 AVENUE NW","assessed_value":2500},{"address":"11204.0 161 AVENUE NW","assessed_value":474500},{"address":"10636.0 120 STREET NW","assessed_value":154000},{"address":"16140.0 59 STREET NW","assessed_value":430500},{"address":"545.0 TWIN BROOKS BAY NW","assessed_value":675000},{"address":"12974.0 122B AVENUE NW","assessed_value":84500},{"address":"9015.0 170 AVENUE NW","assessed_value":513000},{"address":"10636.0 120 STREET NW","assessed_value":147000},{"address":"11917.0 53 STREET NW","assessed_value":277000},{"address":"19.0 JACKSON ROAD NW","assessed_value":295500},{"address":"1411.0 48A STREET NW","assessed_value":405500},{"address":"501.0 YOUVILLE DRIVE EAST NW","assessed_value":256000},{"address":"8041.0 15A AVENUE NW","assessed_value":422000},{"address":"9228.0 100 AVENUE NW","assessed_value":794000},{"address":"5204.0 25 AVENUE NW","assessed_value":191500},{"address":"9023.0 105A AVENUE NW","assessed_value":93500},{"address":"11520.0 100 AVENUE NW","assessed_value":222500},{"address":"13910.0 STONY PLAIN ROAD NW","assessed_value":108000},{"address":"6208.0 159 AVENUE NW","assessed_value":433000},{"address":"15716.0 76 STREET NW","assessed_value":661000},{"address":"16208.0 55A STREET NW","assessed_value":366000},{"address":"501.0 YOUVILLE DRIVE EAST NW","assessed_value":275500},{"address":"nan nan","assessed_value":9500},{"address":"nan nan","assessed_value":7500},{"address":"5730.0 RIVERBEND ROAD NW","assessed_value":125500},{"address":"496.0 RONNING STREET NW","assessed_value":988500},{"address":"nan nan","assessed_value":14500},{"address":"539.0 WILKIN PLACE NW","assessed_value":813500},{"address":"9023.0 105A AVENUE NW","assessed_value":73000},{"address":"19063.0 71 AVENUE NW","assessed_value":407500},{"address":"1068.0 CARTER CREST ROAD NW","assessed_value":397000},{"address":"15407.0 70 STREET NW","assessed_value":396000},{"address":"658.0 JENNER COVE NW","assessed_value":511000},{"address":"1507.0 JARVIS CRESCENT NW","assessed_value":406500},{"address":"9222.0 111 AVENUE NW","assessed_value":85000},{"address":"13455.0 FORT ROAD NW","assessed_value":1203000},{"address":"87.0 BLACKBURN DRIVE WEST SW","assessed_value":532500},{"address":"13910.0 STONY PLAIN ROAD NW","assessed_value":100500},{"address":"10273.0 92 STREET NW","assessed_value":3500},{"address":"11224.0 10 AVENUE NW","assessed_value":485500},{"address":"13722.0 75 STREET NW","assessed_value":298500},{"address":"11322.0 10 AVENUE NW","assessed_value":546000},{"address":"10345.0 118 STREET NW","assessed_value":118500},{"address":"9520.0 174 STREET NW","assessed_value":234500},{"address":"347.0 BLACKBURN DRIVE EAST SW","assessed_value":8000},{"address":"903.0 ABBOTTSFIELD ROAD NW","assessed_value":156500},{"address":"nan nan","assessed_value":8000},{"address":"143.0 ORMSBY ROAD EAST NW","assessed_value":510500},{"address":"10252.0 92 STREET NW","assessed_value":726000},{"address":"603.0 YOUVILLE DRIVE EAST NW","assessed_value":235500},{"address":"623.0 SOUTHRIDGE NW","assessed_value":146000},{"address":"470.0 ORMSBY ROAD WEST NW","assessed_value":509500},{"address":"11622.0 97 STREET NW","assessed_value":341500},{"address":"403.0 TWIN BROOKS CRESCENT NW","assessed_value":749500},{"address":"774.0 WELLS WYND NW","assessed_value":560000},{"address":"nan nan","assessed_value":14500},{"address":"nan nan","assessed_value":8000},{"address":"14420.0 88A STREET NW","assessed_value":91500},{"address":"8315.0 105 STREET NW","assessed_value":270000},{"address":"9760.0 176 STREET NW","assessed_value":138500},{"address":"679.0 ABBOTTSFIELD ROAD NW","assessed_value":159000},{"address":"3408.0 16A AVENUE NW","assessed_value":246500},{"address":"17403.0 99 STREET NW","assessed_value":495500},{"address":"10345.0 118 STREET NW","assessed_value":140000},{"address":"495.0 RONNING STREET NW","assessed_value":979000},{"address":"4630.0 17 AVENUE NW","assessed_value":202500},{"address":"11024.0 11A AVENUE NW","assessed_value":646000},{"address":"9749.0 176 STREET NW","assessed_value":277000},{"address":"873.0 ABBOTTSFIELD ROAD NW","assessed_value":147500},{"address":"17619.0 91 AVENUE NW","assessed_value":470500},{"address":"5065.0 31 AVENUE NW","assessed_value":110000},{"address":"2118.0 109 STREET NW","assessed_value":6691000},{"address":"15499.0 CASTLE DOWNS ROAD NW","assessed_value":205000},{"address":"10101.0 SASKATCHEWAN DRIVE NW","assessed_value":157000},{"address":"14424.0 88A STREET NW","assessed_value":113000},{"address":"5119.0 139 STREET NW","assessed_value":6000},{"address":"9375.0 172 STREET NW","assessed_value":325000},{"address":"10181.0 90 STREET NW","assessed_value":678000},{"address":"3655.0 33 STREET NW","assessed_value":507000},{"address":"13841.0 131A AVENUE NW","assessed_value":394500},{"address":"13710.0 131 AVENUE NW","assessed_value":461000},{"address":"18931.0 91 AVENUE NW","assessed_value":514500},{"address":"8745.0 165 STREET NW","assessed_value":121500},{"address":"933.0 HEACOCK ROAD NW","assessed_value":812000},{"address":"240.0 HUNTINGTON HILL NW","assessed_value":142000},{"address":"7710.0 89 STREET NW","assessed_value":306500},{"address":"3645.0 145 AVENUE NW","assessed_value":241000},{"address":"396.0 HOLLICK-KENYON ROAD NW","assessed_value":493500},{"address":"10657.0 UNIVERSITY AVENUE NW","assessed_value":670000},{"address":"63.0 REHWINKEL ROAD NW","assessed_value":543500},{"address":"15407.0 74 STREET NW","assessed_value":464500},{"address":"11223.0 101 STREET NW","assessed_value":267000},{"address":"12811.0 143 AVENUE NW","assessed_value":392000},{"address":"12131.0 102 STREET NW","assessed_value":268500},{"address":"112.0 BAINBRIDGE CRESCENT NW","assessed_value":416500},{"address":"10340.0 105 STREET NW","assessed_value":2000},{"address":"1580.0 MILL WOODS ROAD EAST NW","assessed_value":213000},{"address":"15304.0 59 STREET NW","assessed_value":479000},{"address":"1470.0 JEFFERYS CRESCENT NW","assessed_value":379500},{"address":"243.0 HUNTINGTON HILL NW","assessed_value":145000},{"address":"10333.0 121 STREET NW","assessed_value":106500},{"address":"3744.0 60 STREET NW","assessed_value":550500},{"address":"10111.0 175 AVENUE NW","assessed_value":526000},{"address":"9921.0 104 STREET NW","assessed_value":206000},{"address":"16695.0 66 STREET NW","assessed_value":415500},{"address":"11638.0 92 STREET NW","assessed_value":262000},{"address":"10431.0 67 AVENUE NW","assessed_value":405000},{"address":"1144.0 KANE WYND NW","assessed_value":448500},{"address":"6938.0 31 AVENUE NW","assessed_value":242000},{"address":"27.0 MEADOWLARK VILLAGE NW","assessed_value":189500},{"address":"11717.0 92 STREET NW","assessed_value":236000},{"address":"110.0 ROCHE CRESCENT NW","assessed_value":910500},{"address":"124.0 COUNTRY CLUB PLACE NW","assessed_value":466500},{"address":"13910.0 STONY PLAIN ROAD NW","assessed_value":129000},{"address":"237.0 WOODVALE ROAD WEST NW","assessed_value":102500},{"address":"215.0 BUCHANAN CLOSE NW","assessed_value":662000},{"address":"13823.0 54A STREET NW","assessed_value":383500},{"address":"1145.0 FALCONER ROAD NW","assessed_value":485500},{"address":"4277.0 95 STREET NW","assessed_value":275500},{"address":"10150.0 117 STREET NW","assessed_value":168500},{"address":"5319.0 187 STREET NW","assessed_value":554500},{"address":"10101.0 SASKATCHEWAN DRIVE NW","assessed_value":136500},{"address":"nan nan","assessed_value":7500},{"address":"509.0 SOUTHRIDGE NW","assessed_value":163500},{"address":"9908.0 114 STREET NW","assessed_value":255000},{"address":"9710.0 105 STREET NW","assessed_value":98000},{"address":"nan nan","assessed_value":11500},{"address":"nan nan","assessed_value":8000},{"address":"312.0 HUNTINGTON HILL NW","assessed_value":143000},{"address":"941.0 BLACKETT WYND SW","assessed_value":621000},{"address":"10160.0 116 STREET NW","assessed_value":152500},{"address":"10155.0 116 STREET NW","assessed_value":103500},{"address":"9536.0 103 AVENUE NW","assessed_value":1143500},{"address":"11659.0 80 STREET NW","assessed_value":18500},{"address":"740.0 WILKIN CLOSE NW","assessed_value":472500},{"address":"14904.0 50 STREET NW","assessed_value":1732500},{"address":"8728.0 GATEWAY BOULEVARD NW","assessed_value":200500},{"address":"501.0 YOUVILLE DRIVE EAST NW","assessed_value":252000},{"address":"10150.0 117 STREET NW","assessed_value":113500},{"address":"8604.0 GATEWAY BOULEVARD NW","assessed_value":138500},{"address":"4015.0 30 STREET NW","assessed_value":443000},{"address":"5125.0 RIVERBEND ROAD NW","assessed_value":132000},{"address":"11302.0 95A STREET NW","assessed_value":395500},{"address":"13910.0 STONY PLAIN ROAD NW","assessed_value":107000},{"address":"1054.0 CARTER CREST ROAD NW","assessed_value":475500},{"address":"5005.0 31 AVENUE NW","assessed_value":142000},{"address":"nan nan","assessed_value":14500},{"address":"9744.0 101 STREET NW","assessed_value":474000},{"address":"16212.0 56 STREET NW","assessed_value":359500},{"address":"15724.0 68 STREET NW","assessed_value":413000},{"address":"15411.0 64 STREET NW","assessed_value":462000},{"address":"512.0 CARSE LANE NW","assessed_value":848500},{"address":"804.0 127 STREET NW","assessed_value":500},{"address":"1109.0 116 STREET NW","assessed_value":730500},{"address":"17151.0 94A AVENUE NW","assessed_value":168500},{"address":"417.0 OSBORNE CRESCENT NW","assessed_value":1914000},{"address":"9210.0 34 STREET NW","assessed_value":60000},{"address":"3852.0 24 STREET NW","assessed_value":359500},{"address":"17223.0 113 STREET NW","assessed_value":451500},{"address":"3713.0 130A AVENUE NW","assessed_value":450000},{"address":"10903.0 199 STREET NW","assessed_value":262000},{"address":"11547.0 97 STREET NW","assessed_value":208000},{"address":"1023.0 HEAVENER BAY NW","assessed_value":927500},{"address":"243.0 SOUTHRIDGE NW","assessed_value":152000},{"address":"10101.0 SASKATCHEWAN DRIVE NW","assessed_value":219000},{"address":"190.0 RIVER POINT NW","assessed_value":179000},{"address":"1206.0 WERSHOF ROAD NW","assessed_value":529000},{"address":"nan nan","assessed_value":8000},{"address":"8138.0 27 AVENUE NW","assessed_value":300000},{"address":"10161.0 89 STREET NW","assessed_value":499500},{"address":"11152.0 97 STREET NW","assessed_value":318000},{"address":"72.0 JEFFERSON ROAD NW","assessed_value":516500},{"address":"1393.0 JEFFERYS CRESCENT NW","assessed_value":434000},{"address":"5707.0 159B AVENUE NW","assessed_value":632000},{"address":"11031.0 ANTHONY HENDAY DRIVE NW","assessed_value":216000},{"address":"11412.0 93 STREET NW","assessed_value":273000},{"address":"12704.0 133A AVENUE NW","assessed_value":65000},{"address":"11246.0 96 STREET NW","assessed_value":199000},{"address":"11605.0 101 STREET NW","assessed_value":537500},{"address":"12808.0 144 AVENUE NW","assessed_value":471500},{"address":"5622.0 162A AVENUE NW","assessed_value":354000},{"address":"15708.0 68 STREET NW","assessed_value":479500},{"address":"6570.0 158 AVENUE NW","assessed_value":340500},{"address":"nan nan","assessed_value":11500},{"address":"10883.0 SASKATCHEWAN DRIVE NW","assessed_value":183500},{"address":"2919.0 66 STREET NW","assessed_value":476000},{"address":"10160.0 116 STREET NW","assessed_value":150000},{"address":"851.0 ABBOTTSFIELD ROAD NW","assessed_value":155000},{"address":"17427.0 100 STREET NW","assessed_value":424500},{"address":"11702.0 93 STREET NW","assessed_value":168000},{"address":"558.0 BUCHANAN ROAD NW","assessed_value":617000},{"address":"12319.0 JASPER AVENUE NW","assessed_value":525500},{"address":"1213.0 115A STREET NW","assessed_value":735500},{"address":"11206.0 96 STREET NW","assessed_value":412500},{"address":"13217.0 155 AVENUE NW","assessed_value":324000},{"address":"379.0 JILLINGS CRESCENT NW","assessed_value":454500},{"address":"959.0 BURROWS CRESCENT NW","assessed_value":607000},{"address":"7327.0 118 STREET NW","assessed_value":7500},{"address":"257.0 KIRKWOOD AVENUE NW","assessed_value":347500},{"address":"11124.0 95A STREET NW","assessed_value":409000},{"address":"10636.0 120 STREET NW","assessed_value":124500},{"address":"11309.0 93 STREET NW","assessed_value":219000},{"address":"9923.0 103 STREET NW","assessed_value":362500},{"address":"7613.0 158 AVENUE NW","assessed_value":12000},{"address":"1647.0 WELBOURN COVE NW","assessed_value":584000},{"address":"12230.0 90 STREET NW","assessed_value":198500},{"address":"15403.0 87 AVENUE NW","assessed_value":77911500},{"address":"8735.0 165 STREET NW","assessed_value":93000},{"address":"612.0 JENNER COVE NW","assessed_value":448000},{"address":"10883.0 SASKATCHEWAN DRIVE NW","assessed_value":191000},{"address":"1128.0 116A STREET NW","assessed_value":548500},{"address":"9008.0 105A AVENUE NW","assessed_value":3412000},{"address":"11521.0 97 STREET NW","assessed_value":233500},{"address":"1060.0 POTTER GREENS DRIVE NW","assessed_value":588000},{"address":"16107.0 57A STREET NW","assessed_value":505000},{"address":"14847.0 RIVERBEND ROAD NW","assessed_value":215500},{"address":"13432.0 143 STREET NW","assessed_value":2204000},{"address":"3934.0 131 AVENUE NW","assessed_value":390000},{"address":"1381.0 FALCONER ROAD NW","assessed_value":553500},{"address":"8919.0 169 AVENUE NW","assessed_value":428000},{"address":"9010.0 106 AVENUE NW","assessed_value":144500},{"address":"1212.0 KAASA ROAD EAST NW","assessed_value":449500},{"address":"17015.0 90A STREET NW","assessed_value":432500},{"address":"10636.0 120 STREET NW","assessed_value":159000},{"address":"11648.0 95A STREET NW","assessed_value":268500},{"address":"8745.0 165 STREET NW","assessed_value":120000},{"address":"11643.0 80 STREET NW","assessed_value":18000},{"address":"nan nan","assessed_value":7500},{"address":"6208.0 162B AVENUE NW","assessed_value":467500},{"address":"19056.0 72A AVENUE NW","assessed_value":402000},{"address":"nan nan","assessed_value":11500},{"address":"145.0 TWIN BROOKS COVE NW","assessed_value":570500},{"address":"nan nan","assessed_value":7500},{"address":"11650.0 93 STREET NW","assessed_value":216500},{"address":"1103.0 112A STREET NW","assessed_value":527500},{"address":"310.0 HUFFMAN CRESCENT NW","assessed_value":372000},{"address":"15507.0 74 STREET NW","assessed_value":454000},{"address":"11217.0 103 AVENUE NW","assessed_value":172000},{"address":"10431.0 92 STREET NW","assessed_value":415000},{"address":"8745.0 165 STREET NW","assessed_value":94500},{"address":"5235.0 154A AVENUE NW","assessed_value":476500},{"address":"501.0 YOUVILLE DRIVE EAST NW","assessed_value":293500},{"address":"11804.0 49 STREET NW","assessed_value":65500},{"address":"9004.0 190 STREET NW","assessed_value":564000},{"address":"230.0 BANCROFT CLOSE NW","assessed_value":434000},{"address":"12880.0 143 AVENUE NW","assessed_value":406500},{"address":"10175.0 109 STREET NW","assessed_value":140500},{"address":"128.0 CORNELL COURT NW","assessed_value":146000},{"address":"12289.0 129A STREET NW","assessed_value":90500},{"address":"850.0 195 AVENUE NE","assessed_value":502000},{"address":"3611.0 27 AVENUE NW","assessed_value":448500},{"address":"17519.0 98A AVENUE NW","assessed_value":135500},{"address":"3215.0 37 AVENUE NW","assessed_value":551500},{"address":"801.0 ABBOTTSFIELD ROAD NW","assessed_value":158000},{"address":"9914.0 80 AVENUE NW","assessed_value":228500},{"address":"10883.0 SASKATCHEWAN DRIVE NW","assessed_value":122000},{"address":"317.0 CARMICHAEL WYND NW","assessed_value":570500},{"address":"11705.0 89 STREET NW","assessed_value":609000},{"address":"9908.0 80 AVENUE NW","assessed_value":166000},{"address":"5730.0 RIVERBEND ROAD NW","assessed_value":138000},{"address":"4924.0 19 AVENUE NW","assessed_value":94500},{"address":"nan nan","assessed_value":11500},{"address":"10335.0 118 STREET NW","assessed_value":109000},{"address":"11027.0 101 STREET NW","assessed_value":1047500},{"address":"nan nan","assessed_value":11500},{"address":"6111.0 154 AVENUE NW","assessed_value":463500},{"address":"13910.0 STONY PLAIN ROAD NW","assessed_value":99500},{"address":"222.0 SOUTHRIDGE NW","assessed_value":149000},{"address":"1130.0 FALCONER ROAD NW","assessed_value":398000},{"address":"304.0 HOLLICK-KENYON ROAD NW","assessed_value":491500},{"address":"3328.0 116A AVENUE NW","assessed_value":135500},{"address":"235.0 RIVER POINT NW","assessed_value":425500},{"address":"14830.0 118 STREET NW","assessed_value":1592000},{"address":"11020.0 19 AVENUE NW","assessed_value":153500},{"address":"501.0 YOUVILLE DRIVE EAST NW","assessed_value":256500},{"address":"416.0 OSBORNE CRESCENT NW","assessed_value":771000},{"address":"6550.0 158 AVENUE NW","assessed_value":364500},{"address":"7620.0 15 AVENUE NW","assessed_value":423500},{"address":"10145.0 109 STREET NW","assessed_value":132000},{"address":"1908.0 151A AVENUE NW","assessed_value":351000},{"address":"11346.0 96 STREET NW","assessed_value":316500},{"address":"650.0 JENNER COVE NW","assessed_value":428500},{"address":"4630.0 17 AVENUE NW","assessed_value":198500},{"address":"11315.0 128 STREET NW","assessed_value":3500},{"address":"17720.0 100 AVENUE NW","assessed_value":2722500},{"address":"9749.0 82 AVENUE NW","assessed_value":1420500},{"address":"8735.0 165 STREET NW","assessed_value":109500},{"address":"922.0 BURROWS CRESCENT NW","assessed_value":611500},{"address":"178.0 CORNELL COURT NW","assessed_value":145000},{"address":"9023.0 105A AVENUE NW","assessed_value":74500},{"address":"78.0 CORMACK CRESCENT NW","assessed_value":693500},{"address":"274.0 SOUTHRIDGE NW","assessed_value":149000},{"address":"11517.0 95 STREET NW","assessed_value":208000},{"address":"7725.0 108 STREET NW","assessed_value":337500},{"address":"9916.0 113 STREET NW","assessed_value":163500},{"address":"520.0 HEFFERNAN DRIVE NW","assessed_value":1338500},{"address":"2708.0 44A AVENUE NW","assessed_value":524000},{"address":"4443.0 30 STREET NW","assessed_value":550000},{"address":"545.0 BUCHANAN ROAD NW","assessed_value":616500},{"address":"903.0 109 STREET NW","assessed_value":291500},{"address":"1380.0 FALCONER ROAD NW","assessed_value":544500},{"address":"4008.0 37 STREET NW","assessed_value":360500},{"address":"10155.0 116 STREET NW","assessed_value":159500},{"address":"11547.0 101 STREET NW","assessed_value":212500},{"address":"14835.0 RIVERBEND ROAD NW","assessed_value":221500},{"address":"393.0 BLACKBURN DRIVE EAST SW","assessed_value":421000},{"address":"485.0 RONNING STREET NW","assessed_value":1038000},{"address":"116.0 MAYLIEWAN CLOSE NW","assessed_value":538000},{"address":"10883.0 SASKATCHEWAN DRIVE NW","assessed_value":165500},{"address":"10345.0 118 STREET NW","assessed_value":135000},{"address":"11615.0 79 STREET NW","assessed_value":15500},{"address":"10307.0 178 AVENUE NW","assessed_value":503000},{"address":"11503.0 100 AVENUE NW","assessed_value":118000},{"address":"10130.0 114 STREET NW","assessed_value":278500},{"address":"4703.0 43 AVENUE NW","assessed_value":546500},{"address":"15631.0 63 STREET NW","assessed_value":496500},{"address":"8735.0 165 STREET NW","assessed_value":94000},{"address":"11234.0 93 STREET NW","assessed_value":194000},{"address":"17151.0 94A AVENUE NW","assessed_value":157000},{"address":"1414.0 HERRING-COOPER WAY NW","assessed_value":890000},{"address":"10333.0 121 STREET NW","assessed_value":111500},{"address":"16319.0 100 STREET NW","assessed_value":380000},{"address":"11116.0 10A AVENUE NW","assessed_value":560000},{"address":"8220.0 JASPER AVENUE NW","assessed_value":147000},{"address":"11708.0 93 STREET NW","assessed_value":216500},{"address":"7020.0 155 AVENUE NW","assessed_value":464000},{"address":"nan nan","assessed_value":14500},{"address":"1004.0 137 AVENUE NW","assessed_value":163500},{"address":"22711.0 122 AVENUE NW","assessed_value":510000},{"address":"4133.0 28 AVENUE NW","assessed_value":414500},{"address":"12220.0 199 STREET NW","assessed_value":1144000},{"address":"3724.0 31A STREET NW","assessed_value":519000},{"address":"215.0 CARMICHAEL CLOSE NW","assessed_value":678500},{"address":"9208.0 110A AVENUE NW","assessed_value":224000},{"address":"918.0 BURROWS CRESCENT NW","assessed_value":618500},{"address":"427.0 REEVES CREST NW","assessed_value":559500},{"address":"11316.0 103 AVENUE NW","assessed_value":252500},{"address":"5065.0 31 AVENUE NW","assessed_value":134000},{"address":"nan nan","assessed_value":11500},{"address":"10145.0 109 STREET NW","assessed_value":127000},{"address":"240.0 RUNNING CREEK LANE NW","assessed_value":604000},{"address":"8745.0 165 STREET NW","assessed_value":110500},{"address":"10150.0 117 STREET NW","assessed_value":179000},{"address":"3627.0 31 STREET NW","assessed_value":513000},{"address":"233.0 KNOTTWOOD ROAD NORTH NW","assessed_value":286500},{"address":"9304.0 109A AVENUE NW","assessed_value":631000},{"address":"10710.0 116 STREET NW","assessed_value":161500},{"address":"17604.0 105 AVENUE NW","assessed_value":3751500},{"address":"3304.0 116A AVENUE NW","assessed_value":113000},{"address":"1033.0 WEDGEWOOD BOULEVARD NW","assessed_value":2500},{"address":"11718.0 94 STREET NW","assessed_value":295500},{"address":"10270.0 90 STREET NW","assessed_value":3500},{"address":"12.0 CORMACK CRESCENT NW","assessed_value":781000},{"address":"5723.0 189 STREET NW","assessed_value":278500},{"address":"nan nan","assessed_value":11500},{"address":"8220.0 JASPER AVENUE NW","assessed_value":127000},{"address":"10192.0 87 STREET NW","assessed_value":456000},{"address":"9028.0 JASPER AVENUE NW","assessed_value":77000},{"address":"251.0 HOOPER CRESCENT NW","assessed_value":419000},{"address":"342.0 BLACKBURN DRIVE EAST SW","assessed_value":460000},{"address":"9916.0 113 STREET NW","assessed_value":163000},{"address":"8547.0 76 AVENUE NW","assessed_value":421500},{"address":"882.0 RYAN PLACE NW","assessed_value":357500},{"address":"452.0 BURTON ROAD NW","assessed_value":618000},{"address":"8811.0 106A AVENUE NW","assessed_value":163000},{"address":"7055.0 ARGYLL ROAD NW","assessed_value":10496500},{"address":"16120.0 56 STREET NW","assessed_value":509500},{"address":"3727.0 32 STREET NW","assessed_value":471500},{"address":"16244.0 57 STREET NW","assessed_value":314000},{"address":"11233.0 12 AVENUE NW","assessed_value":326000},{"address":"nan nan","assessed_value":11500},{"address":"10025.0 113 STREET NW","assessed_value":174500},{"address":"18860.0 121 AVENUE NW","assessed_value":676000},{"address":"4025.0 38 STREET NW","assessed_value":278500},{"address":"12816.0 145 AVENUE NW","assessed_value":401000},{"address":"16116.0 57 STREET NW","assessed_value":598500},{"address":"10506.0 121 AVENUE NW","assessed_value":346000},{"address":"15415.0 73 STREET NW","assessed_value":423500},{"address":"3743.0 60 STREET NW","assessed_value":625000},{"address":"nan nan","assessed_value":11500},{"address":"6231.0 187B STREET NW","assessed_value":500000},{"address":"11515.0 93 STREET NW","assessed_value":252500},{"address":"12419.0 87 STREET NW","assessed_value":268500},{"address":"10155.0 116 STREET NW","assessed_value":153000},{"address":"nan nan","assessed_value":7500},{"address":"10915.0 21 AVENUE NW","assessed_value":195500},{"address":"1419.0 49A STREET NW","assessed_value":407000},{"address":"5921.0 157 AVENUE NW","assessed_value":525500},{"address":"9908.0 114 STREET NW","assessed_value":207000},{"address":"6220.0 FULTON ROAD NW","assessed_value":268500},{"address":"11316.0 103 AVENUE NW","assessed_value":244000},{"address":"191.0 CORNELL COURT NW","assessed_value":143500},{"address":"10434.0 91 STREET NW","assessed_value":403500},{"address":"18812.0 89 AVENUE NW","assessed_value":436500},{"address":"731.0 REVELL CRESCENT NW","assessed_value":594500},{"address":"nan nan","assessed_value":14500},{"address":"9926.0 80 AVENUE NW","assessed_value":208500},{"address":"nan nan","assessed_value":11500},{"address":"3676.0 33 STREET NW","assessed_value":513000},{"address":"8745.0 165 STREET NW","assessed_value":113500},{"address":"4607.0 42 AVENUE NW","assessed_value":761000},{"address":"408.0 BLACKBURN DRIVE EAST SW","assessed_value":527500},{"address":"10333.0 121 STREET NW","assessed_value":128500},{"address":"6488.0 178 STREET NW","assessed_value":151500},{"address":"7824.0 ROWLAND ROAD NW","assessed_value":4000},{"address":"5628.0 152B AVENUE NW","assessed_value":469000},{"address":"17519.0 98A AVENUE NW","assessed_value":135500},{"address":"10816.0 76 AVENUE NW","assessed_value":222500},{"address":"nan nan","assessed_value":5500},{"address":"9921.0 104 STREET NW","assessed_value":197000},{"address":"16207.0 63 STREET NW","assessed_value":424500},{"address":"10030.0 114 STREET NW","assessed_value":124500},{"address":"3919.0 131 AVENUE NW","assessed_value":472000},{"address":"365.0 HUNTINGTON HILL NW","assessed_value":166000},{"address":"10125.0 109 STREET NW","assessed_value":103500},{"address":"2312.0 39 AVENUE NW","assessed_value":376000},{"address":"8745.0 165 STREET NW","assessed_value":94500},{"address":"10915.0 21 AVENUE NW","assessed_value":237500},{"address":"17519.0 98A AVENUE NW","assessed_value":103500},{"address":"7725.0 108 STREET NW","assessed_value":283500},{"address":"11513.0 94 STREET NW","assessed_value":235500},{"address":"11915.0 106 AVENUE NW","assessed_value":215000},{"address":"1388.0 FALCONER ROAD NW","assessed_value":558000},{"address":"11239.0 10A AVENUE NW","assessed_value":586000},{"address":"15411.0 55 STREET NW","assessed_value":461500},{"address":"7632.0 185 STREET NW","assessed_value":395500},{"address":"1478.0 JEFFERYS CRESCENT NW","assessed_value":374500},{"address":"1167.0 CARTER CREST ROAD NW","assessed_value":602500},{"address":"253.0 RUNNING CREEK LANE NW","assessed_value":875000},{"address":"13910.0 STONY PLAIN ROAD NW","assessed_value":100000},{"address":"15604.0 54 STREET NW","assessed_value":417500},{"address":"927.0 BURROWS CRESCENT NW","assessed_value":633000},{"address":"17341.0 98 STREET NW","assessed_value":420500},{"address":"10035.0 164 STREET NW","assessed_value":66000},{"address":"324.0 HOLLICK-KENYON ROAD NW","assessed_value":546000},{"address":"386.0 HUNTINGTON HILL NW","assessed_value":162000},{"address":"1076.0 JONES CRESCENT NW","assessed_value":446000},{"address":"11329.0 94 STREET NW","assessed_value":197500},{"address":"nan nan","assessed_value":5500},{"address":"12244.0 199 STREET NW","assessed_value":60500},{"address":"11503.0 100 AVENUE NW","assessed_value":454000},{"address":"135.0 ELSINORE CLOSE NW","assessed_value":526500},{"address":"10130.0 114 STREET NW","assessed_value":230000},{"address":"8307.0 184 STREET NW","assessed_value":575000},{"address":"329.0 KLINE CRESCENT NW","assessed_value":345500},{"address":"374.0 JILLINGS CRESCENT NW","assessed_value":449500},{"address":"1041.0 JONES CRESCENT NW","assessed_value":455000},{"address":"2706.0 44 AVENUE NW","assessed_value":472000},{"address":"3716.0 25 AVENUE NW","assessed_value":355500},{"address":"914.0 110A STREET NW","assessed_value":578000},{"address":"1532.0 WELLWOOD WAY NW","assessed_value":535000},{"address":"5985.0 189 STREET NW","assessed_value":320500},{"address":"6723.0 154 AVENUE NW","assessed_value":492000},{"address":"8735.0 165 STREET NW","assessed_value":119000},{"address":"11343.0 96 STREET NW","assessed_value":194500},{"address":"9808.0 175 AVENUE NW","assessed_value":521000},{"address":"308.0 JACKSON ROAD NW","assessed_value":271000},{"address":"6023.0 37B AVENUE NW","assessed_value":530500},{"address":"nan nan","assessed_value":7500},{"address":"18020.0 95 AVENUE NW","assessed_value":133500},{"address":"10330.0 178B AVENUE NW","assessed_value":510500},{"address":"153.0 CORNELL COURT NW","assessed_value":137000},{"address":"10883.0 SASKATCHEWAN DRIVE NW","assessed_value":153000},{"address":"10011.0 116 STREET NW","assessed_value":152000},{"address":"18020.0 95 AVENUE NW","assessed_value":167000},{"address":"3311.0 58 STREET NW","assessed_value":230500},{"address":"5949.0 156 AVENUE NW","assessed_value":466500},{"address":"603.0 YOUVILLE DRIVE EAST NW","assessed_value":214500},{"address":"8736.0 170A AVENUE NW","assessed_value":459000},{"address":"941.0 YOUVILLE DRIVE WEST NW","assessed_value":268500},{"address":"48.0 JEFFERSON ROAD NW","assessed_value":470500},{"address":"1580.0 MILL WOODS ROAD EAST NW","assessed_value":224000},{"address":"5.0 KIRKWOOD WAY NW","assessed_value":234500},{"address":"15911.0 59 STREET NW","assessed_value":479500},{"address":"14803.0 34 STREET NW","assessed_value":218500},{"address":"nan nan","assessed_value":11500},{"address":"10245.0 88 STREET NW","assessed_value":2000},{"address":"14904.0 56 AVENUE NW","assessed_value":155500},{"address":"119.0 COUNTRY CLUB PLACE NW","assessed_value":630000},{"address":"7404.0 190A STREET NW","assessed_value":410500},{"address":"10160.0 116 STREET NW","assessed_value":116500},{"address":"906.0 JORDAN CRESCENT NW","assessed_value":525500},{"address":"15499.0 CASTLE DOWNS ROAD NW","assessed_value":203000},{"address":"2411.0 133 AVENUE NW","assessed_value":404000},{"address":"8005.0 15A AVENUE NW","assessed_value":327500},{"address":"144.0 KIRKWOOD WAY NW","assessed_value":333000},{"address":"107.0 BLACKBURN DRIVE WEST SW","assessed_value":475000},{"address":"3252.0 36A AVENUE NW","assessed_value":481000},{"address":"12815.0 147 AVENUE NW","assessed_value":380000},{"address":"5816.0 162 AVENUE NW","assessed_value":370000},{"address":"1075.0 FALCONER ROAD NW","assessed_value":567500},{"address":"9007.0 106A AVENUE NW","assessed_value":169500},{"address":"403.0 HOLLICK-KENYON ROAD NW","assessed_value":592500},{"address":"nan nan","assessed_value":7000},{"address":"16515.0 100 STREET NW","assessed_value":196000},{"address":"10145.0 109 STREET NW","assessed_value":127500},{"address":"358.0 TWIN BROOKS DRIVE NW","assessed_value":650000},{"address":"159.0 KLARVATTEN ROAD NW","assessed_value":396000},{"address":"324.0 TWIN BROOKS DRIVE NW","assessed_value":685000},{"address":"11437.0 76 AVENUE NW","assessed_value":584500},{"address":"18805.0 87A AVENUE NW","assessed_value":502000},{"address":"nan nan","assessed_value":10500},{"address":"11020.0 11A AVENUE NW","assessed_value":531500},{"address":"1021.0 JONES CRESCENT NW","assessed_value":472000},{"address":"15499.0 CASTLE DOWNS ROAD NW","assessed_value":172500},{"address":"9916.0 113 STREET NW","assessed_value":145500},{"address":"1127.0 POTTER GREENS DRIVE NW","assessed_value":521000},{"address":"335.0 JILLINGS CRESCENT NW","assessed_value":529000},{"address":"nan nan","assessed_value":14500},{"address":"1585.0 JARVIS CRESCENT NW","assessed_value":375500},{"address":"11254.0 11 AVENUE NW","assessed_value":568000},{"address":"nan nan","assessed_value":263500},{"address":"465.0 BURTON ROAD NW","assessed_value":622500},{"address":"nan nan","assessed_value":5000},{"address":"8727.0 188 STREET NW","assessed_value":453000},{"address":"9725.0 106 STREET NW","assessed_value":118000},{"address":"107.0 WEAVER DRIVE NW","assessed_value":823500},{"address":"11233.0 94 STREET NW","assessed_value":261000},{"address":"116.0 OSLAND DRIVE NW","assessed_value":1448500},{"address":"1037.0 FALCONER ROAD NW","assessed_value":574500},{"address":"11242.0 94 STREET NW","assessed_value":182000},{"address":"15416.0 69 STREET NW","assessed_value":406000},{"address":"5125.0 RIVERBEND ROAD NW","assessed_value":122000},{"address":"10945.0 21 AVENUE NW","assessed_value":182500},{"address":"11010.0 92 STREET NW","assessed_value":224000},{"address":"10953.0 95 STREET NW","assessed_value":255000},{"address":"10883.0 SASKATCHEWAN DRIVE NW","assessed_value":139500},{"address":"9710.0 105 STREET NW","assessed_value":108500},{"address":"11249.0 93 STREET NW","assessed_value":255000},{"address":"11342.0 92 STREET NW","assessed_value":178000},{"address":"1580.0 MILL WOODS ROAD EAST NW","assessed_value":213000},{"address":"11319.0 10 AVENUE NW","assessed_value":602000},{"address":"9023.0 105A AVENUE NW","assessed_value":75500},{"address":"15612.0 132 STREET NW","assessed_value":457500},{"address":"12319.0 JASPER AVENUE NW","assessed_value":307500},{"address":"3634.0 31A STREET NW","assessed_value":573000},{"address":"10810.0 86 AVENUE NW","assessed_value":276000},{"address":"10011.0 117 STREET NW","assessed_value":197500},{"address":"9023.0 105A AVENUE NW","assessed_value":74500},{"address":"150.0 BLACKBURN DRIVE WEST SW","assessed_value":571000},{"address":"10333.0 121 STREET NW","assessed_value":124000},{"address":"10729.0 104 STREET NW","assessed_value":69000},{"address":"248.0 SOUTHRIDGE NW","assessed_value":149000},{"address":"10175.0 109 STREET NW","assessed_value":117000},{"address":"1033.0 YOUVILLE DRIVE WEST NW","assessed_value":246000},{"address":"5864.0 159B AVENUE NW","assessed_value":474500},{"address":"6119.0 156 AVENUE NW","assessed_value":495500},{"address":"10125.0 109 STREET NW","assessed_value":127500},{"address":"9019.0 190 STREET NW","assessed_value":500000},{"address":"11503.0 100 AVENUE NW","assessed_value":170500},{"address":"806.0 RYAN PLACE NW","assessed_value":555500},{"address":"9028.0 JASPER AVENUE NW","assessed_value":63500},{"address":"9921.0 104 STREET NW","assessed_value":234500},{"address":"9753.0 176 STREET NW","assessed_value":264500},{"address":"8728.0 GATEWAY BOULEVARD NW","assessed_value":188000},{"address":"11217.0 103 AVENUE NW","assessed_value":131000},{"address":"9105.0 118 AVENUE NW","assessed_value":544000},{"address":"387.0 BLACKBURN DRIVE EAST SW","assessed_value":458500},{"address":"9520.0 174 STREET NW","assessed_value":241000},{"address":"14831.0 RIVERBEND ROAD NW","assessed_value":196000},{"address":"8604.0 GATEWAY BOULEVARD NW","assessed_value":118000},{"address":"104.0 17 STREET NW","assessed_value":5000},{"address":"7107.0 153A AVENUE NW","assessed_value":386000},{"address":"3131.0 36B AVENUE NW","assessed_value":447000},{"address":"8315.0 105 STREET NW","assessed_value":251000},{"address":"1320.0 49A STREET NW","assessed_value":424000},{"address":"10216.0 154 STREET NW","assessed_value":273500},{"address":"nan nan","assessed_value":10500},{"address":"6240.0 187B STREET NW","assessed_value":480000},{"address":"9710.0 105 STREET NW","assessed_value":104000},{"address":"nan nan","assessed_value":7500},{"address":"9719.0 105 AVENUE NW","assessed_value":584500},{"address":"nan nan","assessed_value":8000},{"address":"635.0 75 STREET SW","assessed_value":2696500},{"address":"808.0 115A STREET NW","assessed_value":633000},{"address":"10048.0 93 STREET NW","assessed_value":642500},{"address":"18503.0 72 AVENUE NW","assessed_value":388500},{"address":"11644.0 92 STREET NW","assessed_value":244000},{"address":"10945.0 21 AVENUE NW","assessed_value":182500},{"address":"501.0 YOUVILLE DRIVE EAST NW","assessed_value":274500},{"address":"7525.0 186A STREET NW","assessed_value":414500},{"address":"1563.0 JARVIS CRESCENT NW","assessed_value":364500},{"address":"23.0 CORMACK CRESCENT NW","assessed_value":671000},{"address":"nan nan","assessed_value":8000},{"address":"22911.0 122 AVENUE NW","assessed_value":678500},{"address":"4712.0 15A AVENUE NW","assessed_value":479000},{"address":"nan nan","assessed_value":8000},{"address":"nan nan","assessed_value":11500},{"address":"221.0 CARMICHAEL CLOSE NW","assessed_value":682000},{"address":"3603.0 99 STREET NW","assessed_value":4563500},{"address":"415.0 SOUTHRIDGE NW","assessed_value":144500},{"address":"10915.0 21 AVENUE NW","assessed_value":214500},{"address":"8735.0 165 STREET NW","assessed_value":91500},{"address":"6903.0 75 STREET NW","assessed_value":0},{"address":"17511.0 98A AVENUE NW","assessed_value":144500},{"address":"105.0 CORNELL COURT NW","assessed_value":140500},{"address":"12923.0 154 AVENUE NW","assessed_value":504000},{"address":"10011.0 116 STREET NW","assessed_value":112500},{"address":"913.0 BLACKETT WYND SW","assessed_value":4000},{"address":"9710.0 105 STREET NW","assessed_value":101000},{"address":"221.0 BUCHANAN CLOSE NW","assessed_value":575500},{"address":"7504.0 157 AVENUE NW","assessed_value":497500},{"address":"14404.0 66 STREET NW","assessed_value":500},{"address":"4051.0 30 STREET NW","assessed_value":448500},{"address":"523.0 SOUTHRIDGE NW","assessed_value":143000},{"address":"4652.0 43A AVENUE NW","assessed_value":520000},{"address":"15815.0 74 STREET NW","assessed_value":498000},{"address":"9908.0 114 STREET NW","assessed_value":139500},{"address":"11240.0 92 STREET NW","assessed_value":228000},{"address":"10161.0 88 STREET NW","assessed_value":958000},{"address":"10145.0 109 STREET NW","assessed_value":155000},{"address":"17151.0 94A AVENUE NW","assessed_value":151000},{"address":"nan nan","assessed_value":11500},{"address":"10718.0 122 STREET NW","assessed_value":423000},{"address":"147.0 MAYLIEWAN CLOSE NW","assessed_value":526000},{"address":"1155.0 116 STREET NW","assessed_value":542000},{"address":"10333.0 121 STREET NW","assessed_value":167000},{"address":"8604.0 GATEWAY BOULEVARD NW","assessed_value":124500},{"address":"501.0 YOUVILLE DRIVE EAST NW","assessed_value":263000},{"address":"264.0 BULYEA ROAD NW","assessed_value":619500},{"address":"10114.0 87 STREET NW","assessed_value":1107000},{"address":"5125.0 RIVERBEND ROAD NW","assessed_value":92500},{"address":"11503.0 100 AVENUE NW","assessed_value":493000},{"address":"nan nan","assessed_value":8000},{"address":"8210.0 182 STREET NW","assessed_value":102500},{"address":"9016.0 190 STREET NW","assessed_value":488000},{"address":"15607.0 64 STREET NW","assessed_value":518500},{"address":"814.0 REID PLACE NW","assessed_value":643000},{"address":"11245.0 94 STREET NW","assessed_value":256500},{"address":"92.0 REHWINKEL ROAD NW","assessed_value":552000},{"address":"12211.0 129A STREET NW","assessed_value":91000},{"address":"13841.0 55A STREET NW","assessed_value":407500},{"address":"11119.0 11A AVENUE NW","assessed_value":552500},{"address":"17103.0 91 STREET NW","assessed_value":402000},{"address":"9211.0 112 AVENUE NW","assessed_value":168000},{"address":"3911.0 26A AVENUE NW","assessed_value":407000},{"address":"17.0 MEADOWLARK VILLAGE NW","assessed_value":165500},{"address":"10250.0 162 STREET NW","assessed_value":310500},{"address":"417.0 JENNINGS BAY NW","assessed_value":501500},{"address":"4816.0 15 AVENUE NW","assessed_value":437000},{"address":"15607.0 132 STREET NW","assessed_value":559500},{"address":"5005.0 31 AVENUE NW","assessed_value":118000},{"address":"378.0 HOLLICK-KENYON ROAD NW","assessed_value":470500},{"address":"13069.0 37 STREET NW","assessed_value":379000},{"address":"738.0 BLACKWOOD CRESCENT SW","assessed_value":576000},{"address":"10067.0 93 STREET NW","assessed_value":778000},{"address":"6418.0 178 STREET NW","assessed_value":157500},{"address":"1085.0 POTTER GREENS DRIVE NW","assessed_value":546000},{"address":"15716.0 133 STREET NW","assessed_value":435000},{"address":"371.0 BLACKBURN DRIVE EAST SW","assessed_value":439000},{"address":"1145.0 116 STREET NW","assessed_value":543000},{"address":"10035.0 29A AVENUE NW","assessed_value":2379500},{"address":"88.0 ORMSBY ROAD WEST NW","assessed_value":520000},{"address":"3360.0 116A AVENUE NW","assessed_value":138000},{"address":"nan nan","assessed_value":11500},{"address":"6.0 RUNNING CREEK POINT NW","assessed_value":680000},{"address":"14420.0 88A STREET NW","assessed_value":89000},{"address":"17519.0 98A AVENUE NW","assessed_value":105500},{"address":"5740.0 152A AVENUE NW","assessed_value":497500},{"address":"331.0 HUNTINGTON HILL NW","assessed_value":143000},{"address":"337.0 SOUTHRIDGE NW","assessed_value":152000},{"address":"10155.0 116 STREET NW","assessed_value":160000},{"address":"7932.0 ROWLAND ROAD NW","assessed_value":4500},{"address":"9740.0 101A STREET NW","assessed_value":477000},{"address":"9964.0 176 AVENUE NW","assessed_value":277500},{"address":"11213.0 96 STREET NW","assessed_value":238500},{"address":"1069.0 FALCONER ROAD NW","assessed_value":536000},{"address":"12964.0 122B AVENUE NW","assessed_value":90500},{"address":"9710.0 105 STREET NW","assessed_value":105000},{"address":"768.0 ABBOTTSFIELD ROAD NW","assessed_value":147000},{"address":"11421.0 34 STREET NW","assessed_value":113000},{"address":"nan nan","assessed_value":7500},{"address":"16209.0 57 STREET NW","assessed_value":360500},{"address":"1189.0 CARTER CREST ROAD NW","assessed_value":559500},{"address":"3741.0 131A AVENUE NW","assessed_value":393000},{"address":"nan nan","assessed_value":11500},{"address":"15419.0 55 STREET NW","assessed_value":359500},{"address":"8126.0 27 AVENUE NW","assessed_value":253000},{"address":"nan nan","assessed_value":8000},{"address":"15515.0 62B STREET NW","assessed_value":525500},{"address":"11220.0 96 STREET NW","assessed_value":226500},{"address":"13570.0 38 STREET NW","assessed_value":127000},{"address":"1606.0 JAMHA ROAD NW","assessed_value":253000},{"address":"756.0 WELLS WYND NW","assessed_value":642500},{"address":"139.0 KULAWY DRIVE NORTH NW","assessed_value":644500},{"address":"5104.0 138A AVENUE NW","assessed_value":386500},{"address":"9809.0 110 STREET NW","assessed_value":261000},{"address":"10413.0 148 STREET NW","assessed_value":517500},{"address":"237.0 WOODVALE ROAD WEST NW","assessed_value":105000},{"address":"9718.0 176 STREET NW","assessed_value":304000},{"address":"10915.0 21 AVENUE NW","assessed_value":203500},{"address":"8806.0 189 STREET NW","assessed_value":321500},{"address":"10030.0 114 STREET NW","assessed_value":128500},{"address":"603.0 YOUVILLE DRIVE EAST NW","assessed_value":208500},{"address":"733.0 HENDRA CRESCENT NW","assessed_value":592500},{"address":"14717.0 34 STREET NW","assessed_value":336000},{"address":"1130.0 FALCONER ROAD NW","assessed_value":367000},{"address":"12026.0 53 STREET NW","assessed_value":225000},{"address":"13910.0 STONY PLAIN ROAD NW","assessed_value":92500},{"address":"10155.0 116 STREET NW","assessed_value":131500},{"address":"521.0 BURTON CLOSE NW","assessed_value":556500},{"address":"nan nan","assessed_value":10500},{"address":"12914.0 122B AVENUE NW","assessed_value":90500},{"address":"10011.0 116 STREET NW","assessed_value":86500},{"address":"6307.0 159 AVENUE NW","assessed_value":396500},{"address":"nan nan","assessed_value":7500},{"address":"981.0 BURROWS CRESCENT NW","assessed_value":609500},{"address":"18516.0 75 AVENUE NW","assessed_value":400000},{"address":"11618.0 96 STREET NW","assessed_value":313000},{"address":"10502.0 84 STREET NW","assessed_value":26000},{"address":"732.0 WILKIN CLOSE NW","assessed_value":495500},{"address":"11606.0 93 STREET NW","assessed_value":290500},{"address":"nan nan","assessed_value":7500},{"address":"204.0 CARMICHAEL CLOSE NW","assessed_value":698000},{"address":"8604.0 GATEWAY BOULEVARD NW","assessed_value":114000},{"address":"12912.0 143 AVENUE NW","assessed_value":405500},{"address":"809.0 BLACKLOCK WAY SW","assessed_value":489500},{"address":"5125.0 RIVERBEND ROAD NW","assessed_value":97000},{"address":"10101.0 SASKATCHEWAN DRIVE NW","assessed_value":89500},{"address":"8732.0 188 STREET NW","assessed_value":428500},{"address":"7008.0 155 AVENUE NW","assessed_value":401000},{"address":"11321.0 96 STREET NW","assessed_value":223500},{"address":"12998.0 122B AVENUE NW","assessed_value":87000},{"address":"10125.0 109 STREET NW","assessed_value":120000},{"address":"12620.0 70 STREET NW","assessed_value":220000},{"address":"8506.0 128 AVENUE NW","assessed_value":272000},{"address":"227.0 HOOPER CRESCENT NW","assessed_value":421000},{"address":"5923.0 189 STREET NW","assessed_value":343000},{"address":"708.0 WELLS WYND NW","assessed_value":581500},{"address":"187.0 SOUTHRIDGE NW","assessed_value":152000},{"address":"9217.0 94 STREET NW","assessed_value":1019500},{"address":"1388.0 JEFFERYS CRESCENT NW","assessed_value":406000},{"address":"10883.0 SASKATCHEWAN DRIVE NW","assessed_value":134000},{"address":"5065.0 31 AVENUE NW","assessed_value":143500},{"address":"460.0 BURTON ROAD NW","assessed_value":634500},{"address":"541.0 BUCHANAN ROAD NW","assessed_value":1500},{"address":"9930.0 BELLAMY HILL NW","assessed_value":74500},{"address":"8625.0 CORONET ROAD NW","assessed_value":2016500},{"address":"15501.0 STONY PLAIN ROAD NW","assessed_value":1522500},{"address":"nan nan","assessed_value":11500},{"address":"538.0 TWIN BROOKS BAY NW","assessed_value":535500},{"address":"207.0 KIRKWOOD AVENUE NW","assessed_value":361000},{"address":"2805.0 44B AVENUE NW","assessed_value":536000},{"address":"nan nan","assessed_value":8000},{"address":"631.0 JENNER COVE NW","assessed_value":440500},{"address":"3821.0 23 STREET NW","assessed_value":385000},{"address":"12940.0 52 STREET NW","assessed_value":412500},{"address":"10883.0 SASKATCHEWAN DRIVE NW","assessed_value":148000},{"address":"705.0 ABBOTTSFIELD ROAD NW","assessed_value":147000},{"address":"nan nan","assessed_value":11500},{"address":"nan nan","assessed_value":11500},{"address":"8315.0 105 STREET NW","assessed_value":242500},{"address":"11632.0 91 STREET NW","assessed_value":282500},{"address":"10855.0 94 STREET NW","assessed_value":196500},{"address":"1111.0 POTTER GREENS DRIVE NW","assessed_value":562500},{"address":"439.0 ORMSBY ROAD WEST NW","assessed_value":468500},{"address":"14932.0 56 AVENUE NW","assessed_value":155500},{"address":"1377.0 CARTER CREST ROAD NW","assessed_value":590000},{"address":"17336.0 98 STREET NW","assessed_value":397500},{"address":"627.0 WOTHERSPOON CLOSE NW","assessed_value":546500},{"address":"9930.0 BELLAMY HILL NW","assessed_value":168000},{"address":"10333.0 121 STREET NW","assessed_value":85500},{"address":"10145.0 109 STREET NW","assessed_value":123500},{"address":"13860.0 131A AVENUE NW","assessed_value":387500},{"address":"13824.0 131A AVENUE NW","assessed_value":395000},{"address":"10025.0 113 STREET NW","assessed_value":173500},{"address":"6103.0 35A AVENUE NW","assessed_value":114500},{"address":"341.0 REEVES WAY NW","assessed_value":688000},{"address":"1496.0 JEFFERYS CRESCENT NW","assessed_value":389500},{"address":"11421.0 34 STREET NW","assessed_value":112500},{"address":"1578.0 JARVIS CRESCENT NW","assessed_value":348500},{"address":"5730.0 RIVERBEND ROAD NW","assessed_value":99500},{"address":"10125.0 109 STREET NW","assessed_value":121500},{"address":"10153.0 88 STREET NW","assessed_value":690500},{"address":"10160.0 116 STREET NW","assessed_value":113500},{"address":"nan nan","assessed_value":8000},{"address":"5403.0 190 STREET NW","assessed_value":64500},{"address":"10125.0 109 STREET NW","assessed_value":119000},{"address":"8315.0 105 STREET NW","assessed_value":178500},{"address":"10045.0 118 STREET NW","assessed_value":308000},{"address":"17305.0 115 STREET NW","assessed_value":156000},{"address":"15499.0 CASTLE DOWNS ROAD NW","assessed_value":176000},{"address":"12994.0 122B AVENUE NW","assessed_value":90500},{"address":"11529.0 94 STREET NW","assessed_value":255500},{"address":"9375.0 172 STREET NW","assessed_value":299500},{"address":"11316.0 96 STREET NW","assessed_value":413500},{"address":"10883.0 SASKATCHEWAN DRIVE NW","assessed_value":130500},{"address":"6419.0 180 STREET NW","assessed_value":151500},{"address":"16226.0 55A STREET NW","assessed_value":344500},{"address":"10452.0 86 AVENUE NW","assessed_value":394500},{"address":"10928.0 92 STREET NW","assessed_value":174000},{"address":"9809.0 110 STREET NW","assessed_value":258000},{"address":"1644.0 WELBOURN COVE NW","assessed_value":523500},{"address":"11303.0 60 AVENUE NW","assessed_value":85000},{"address":"7643.0 185 STREET NW","assessed_value":486000},{"address":"4809.0 13 AVENUE NW","assessed_value":241000},{"address":"4411.0 36A STREET NW","assessed_value":411000},{"address":"2211.0 134 AVENUE NW","assessed_value":388000},{"address":"15427.0 69 STREET NW","assessed_value":415000},{"address":"5125.0 RIVERBEND ROAD NW","assessed_value":166500},{"address":"908.0 HEACOCK ROAD NW","assessed_value":876000},{"address":"1071.0 JONES CRESCENT NW","assessed_value":439500},{"address":"11219.0 94 STREET NW","assessed_value":266000},{"address":"23.0 JACKSON ROAD NW","assessed_value":273000},{"address":"13910.0 STONY PLAIN ROAD NW","assessed_value":90500},{"address":"12236.0 96 STREET NW","assessed_value":243500},{"address":"5825.0 158 AVENUE NW","assessed_value":545000},{"address":"10160.0 116 STREET NW","assessed_value":154500},{"address":"129.0 BLACKBURN DRIVE WEST SW","assessed_value":522000},{"address":"5536.0 162A AVENUE NW","assessed_value":382000},{"address":"11325.0 173 AVENUE NW","assessed_value":458000},{"address":"94.0 ORMSBY ROAD WEST NW","assessed_value":440000},{"address":"308.0 BUCHANAN WAY NW","assessed_value":633500},{"address":"103.0 WEBER CLOSE NW","assessed_value":572500},{"address":"921.0 YOUVILLE DRIVE WEST NW","assessed_value":348000},{"address":"9930.0 BELLAMY HILL NW","assessed_value":174000},{"address":"10145.0 109 STREET NW","assessed_value":120000},{"address":"10636.0 120 STREET NW","assessed_value":181500},{"address":"131.0 DUNVEGAN ROAD NW","assessed_value":388000},{"address":"4910.0 27A AVENUE NW","assessed_value":302000},{"address":"4646.0 151 STREET NW","assessed_value":364500},{"address":"709.0 BUTTERWORTH DRIVE NW","assessed_value":695000},{"address":"4323.0 49A STREET NW","assessed_value":534500},{"address":"8604.0 GATEWAY BOULEVARD NW","assessed_value":118000},{"address":"16124.0 57 STREET NW","assessed_value":435500},{"address":"1441.0 JEFFERYS CRESCENT NW","assessed_value":453500},{"address":"242.0 KIRKWOOD AVENUE NW","assessed_value":386000},{"address":"9006.0 132 AVENUE NW","assessed_value":2141000},{"address":"939.0 ORMSBY WYND NW","assessed_value":551000},{"address":"9407.0 100A STREET NW","assessed_value":970500},{"address":"105.0 JEFFERSON ROAD NW","assessed_value":426000},{"address":"1358.0 POTTER GREENS DRIVE NW","assessed_value":475500},{"address":"15524.0 67 STREET NW","assessed_value":489000},{"address":"15240.0 54 STREET NW","assessed_value":44500},{"address":"nan nan","assessed_value":11500},{"address":"6912.0 31 AVENUE NW","assessed_value":238500},{"address":"11322.0 93 STREET NW","assessed_value":353000},{"address":"1523.0 80A STREET NW","assessed_value":360500},{"address":"1566.0 MILL WOODS ROAD EAST NW","assessed_value":205500},{"address":"10155.0 116 STREET NW","assessed_value":107000},{"address":"9203.0 144 AVENUE NW","assessed_value":7361500},{"address":"501.0 YOUVILLE DRIVE EAST NW","assessed_value":256000},{"address":"729.0 BUTTERWORTH DRIVE NW","assessed_value":773000},{"address":"15835.0 69 STREET NW","assessed_value":358500},{"address":"9916.0 113 STREET NW","assessed_value":145500},{"address":"210.0 COUNTRY CLUB POINT NW","assessed_value":576500},{"address":"11650.0 79 AVENUE NW","assessed_value":368500},{"address":"7836.0 JASPER AVENUE NW","assessed_value":563000},{"address":"771.0 WELLS WYND NW","assessed_value":629500},{"address":"10210.0 121 STREET NW","assessed_value":634000},{"address":"17221.0 95 STREET NW","assessed_value":0},{"address":"15608.0 62A STREET NW","assessed_value":491000},{"address":"10333.0 121 STREET NW","assessed_value":158000},{"address":"10310.0 93 STREET NW","assessed_value":1185000},{"address":"3671.0 33 STREET NW","assessed_value":441500},{"address":"116.0 CORNELL COURT NW","assessed_value":143500},{"address":"13910.0 STONY PLAIN ROAD NW","assessed_value":139000},{"address":"nan nan","assessed_value":100000},{"address":"10011.0 116 STREET NW","assessed_value":98000},{"address":"5005.0 31 AVENUE NW","assessed_value":137000},{"address":"6028.0 37B AVENUE NW","assessed_value":585500},{"address":"10636.0 120 STREET NW","assessed_value":160500},{"address":"4111.0 29 AVENUE NW","assessed_value":500000},{"address":"7636.0 184 STREET NW","assessed_value":435000},{"address":"10030.0 114 STREET NW","assessed_value":113500},{"address":"9929.0 SASKATCHEWAN DRIVE NW","assessed_value":535500},{"address":"5769.0 189 STREET NW","assessed_value":270000},{"address":"3640.0 31 STREET NW","assessed_value":509500},{"address":"12912.0 YELLOWHEAD TRAIL NW","assessed_value":5103500},{"address":"nan nan","assessed_value":9500},{"address":"16211.0 56 STREET NW","assessed_value":386500},{"address":"95.0 BLACKBURN DRIVE WEST SW","assessed_value":454000},{"address":"219.0 RUNNING CREEK LANE NW","assessed_value":524500},{"address":"7506.0 186A STREET NW","assessed_value":396500},{"address":"nan nan","assessed_value":9500},{"address":"632.0 JENNER COVE NW","assessed_value":415500},{"address":"603.0 YOUVILLE DRIVE EAST NW","assessed_value":208500},{"address":"10426.0 91 STREET NW","assessed_value":354500},{"address":"4821.0 15A AVENUE NW","assessed_value":481500},{"address":"nan nan","assessed_value":5000},{"address":"3219.0 36 AVENUE NW","assessed_value":748500},{"address":"nan nan","assessed_value":8000},{"address":"18020.0 95 AVENUE NW","assessed_value":125000},{"address":"10883.0 SASKATCHEWAN DRIVE NW","assessed_value":175500},{"address":"3.0 CORMACK CRESCENT NW","assessed_value":576000},{"address":"10432.0 178A AVENUE NW","assessed_value":422500},{"address":"10011.0 116 STREET NW","assessed_value":100500},{"address":"9809.0 110 STREET NW","assessed_value":239500},{"address":"3646.0 31A STREET NW","assessed_value":431500},{"address":"191.0 ROY STREET NW","assessed_value":1007000},{"address":"166.0 CORNELL COURT NW","assessed_value":142500},{"address":"9916.0 113 STREET NW","assessed_value":114000},{"address":"14403.0 130 STREET NW","assessed_value":504000},{"address":"10324.0 119 STREET NW","assessed_value":140500},{"address":"10269.0 89 STREET NW","assessed_value":435000},{"address":"10883.0 SASKATCHEWAN DRIVE NW","assessed_value":141500},{"address":"1722.0 KENSIT PLACE NW","assessed_value":413500},{"address":"828.0 115A STREET NW","assessed_value":460500},{"address":"10101.0 SASKATCHEWAN DRIVE NW","assessed_value":88000},{"address":"11315.0 97 STREET NW","assessed_value":234500},{"address":"3522.0 44 AVENUE NW","assessed_value":342000},{"address":"10035.0 164 STREET NW","assessed_value":87000},{"address":"12727.0 148 AVENUE NW","assessed_value":427000},{"address":"9536.0 27 AVENUE NW","assessed_value":316500},{"address":"50.0 OZERNA ROAD NW","assessed_value":424500},{"address":"444.0 BUTCHART DRIVE NW","assessed_value":1031000},{"address":"15824.0 74 STREET NW","assessed_value":477000},{"address":"726.0 BLACKWOOD CRESCENT SW","assessed_value":552000},{"address":"4.0 MEADOWLARK VILLAGE NW","assessed_value":201500},{"address":"11421.0 34 STREET NW","assessed_value":113500},{"address":"12946.0 122B AVENUE NW","assessed_value":84500},{"address":"10130.0 114 STREET NW","assessed_value":444000},{"address":"10155.0 116 STREET NW","assessed_value":105500},{"address":"2213.0 134 AVENUE NW","assessed_value":394000},{"address":"11552.0 95 STREET NW","assessed_value":251000},{"address":"257.0 RIVER POINT NW","assessed_value":343500},{"address":"1227.0 JOYCE CRESCENT NW","assessed_value":445500},{"address":"9159.0 JASPER AVENUE NW","assessed_value":3000},{"address":"10915.0 21 AVENUE NW","assessed_value":193500},{"address":"603.0 YOUVILLE DRIVE EAST NW","assessed_value":205000},{"address":"8031.0 15A AVENUE NW","assessed_value":345500},{"address":"3520.0 60 STREET NW","assessed_value":228500},{"address":"105.0 142 STREET NW","assessed_value":112000},{"address":"908.0 108 STREET NW","assessed_value":784000},{"address":"11620.0 178 STREET NW","assessed_value":10670500},{"address":"116.0 IRONWOOD PLACE NW","assessed_value":878000},{"address":"5730.0 RIVERBEND ROAD NW","assessed_value":125000},{"address":"1101.0 HERMITAGE ROAD NW","assessed_value":381500},{"address":"10643.0 64 AVENUE NW","assessed_value":410000},{"address":"12327.0 48 STREET NW","assessed_value":442000},{"address":"1622.0 JAMHA ROAD NW","assessed_value":247000},{"address":"501.0 YOUVILLE DRIVE EAST NW","assessed_value":292000},{"address":"4924.0 19 AVENUE NW","assessed_value":108500},{"address":"9028.0 JASPER AVENUE NW","assessed_value":71500},{"address":"767.0 WELLS WYND NW","assessed_value":511500},{"address":"15499.0 CASTLE DOWNS ROAD NW","assessed_value":216000}]