[{"address":"13128.0 85 STREET NW","assessed_value":407000},{"address":"11724.0 152A AVENUE NW","assessed_value":418500},{"address":"13211.0 70 STREET NW","assessed_value":428000},{"address":"7515.0 150 AVENUE NW","assessed_value":352000},{"address":"46.0 LORELEI CLOSE NW","assessed_value":243500},{"address":"15007.0 60 STREET NW","assessed_value":322000},{"address":"6223.0 147 AVENUE NW","assessed_value":335000},{"address":"9323.0 132A AVENUE NW","assessed_value":334000},{"address":"11360.0 139 AVENUE NW","assessed_value":172000},{"address":"5715.0 133 AVENUE NW","assessed_value":58000},{"address":"9211.0 135A AVENUE NW","assessed_value":315000},{"address":"12403.0 96 STREET NW","assessed_value":364000},{"address":"711.0 VILLAGE ON THE GREEN NW","assessed_value":177500},{"address":"12220.0 143 AVENUE NW","assessed_value":415500},{"address":"7303.0 130 AVENUE NW","assessed_value":291500},{"address":"11514.0 159 AVENUE NW","assessed_value":1000},{"address":"12412.0 161 AVENUE NW","assessed_value":109000},{"address":"11443.0 144 AVENUE NW","assessed_value":346500},{"address":"12347.0 95 STREET NW","assessed_value":266000},{"address":"3236.0 145 AVENUE NW","assessed_value":414000},{"address":"12208.0 151A AVENUE NW","assessed_value":463000},{"address":"17021.0 100 STREET NW","assessed_value":159000},{"address":"7924.0 144 AVENUE NW","assessed_value":350500},{"address":"12909.0 55 STREET NW","assessed_value":197000},{"address":"11936.0 95 STREET NW","assessed_value":479500},{"address":"11512.0 145 AVENUE NW","assessed_value":329500},{"address":"13919.0 70 STREET NW","assessed_value":321000},{"address":"13439.0 58 STREET NW","assessed_value":300000},{"address":"13820.0 86 STREET NW","assessed_value":369000},{"address":"12710.0 82 STREET NW","assessed_value":691500},{"address":"422.0 VILLAGE ON THE GREEN NW","assessed_value":147000},{"address":"12223.0 152A AVENUE NW","assessed_value":387000},{"address":"8711.0 130A AVENUE NW","assessed_value":340000},{"address":"6328.0 152 AVENUE NW","assessed_value":348000},{"address":"14305.0 23 STREET NW","assessed_value":158000},{"address":"7707.0 132 AVENUE NW","assessed_value":348500},{"address":"5504.0 150 AVENUE NW","assessed_value":483500},{"address":"611.0 KIRKNESS ROAD NW","assessed_value":354000},{"address":"7214.0 130 AVENUE NW","assessed_value":257000},{"address":"14604.0 19 STREET NW","assessed_value":300000},{"address":"15008.0 72 STREET NW","assessed_value":352000},{"address":"13327.0 96 STREET NW","assessed_value":310000},{"address":"9206.0 168 AVENUE NW","assessed_value":283500},{"address":"12605.0 69 STREET NW","assessed_value":211500},{"address":"16912.0 110 STREET NW","assessed_value":372000},{"address":"11804.0 164 AVENUE NW","assessed_value":349500},{"address":"12323.0 96 STREET NW","assessed_value":289500},{"address":"14031.0 121 STREET NW","assessed_value":170000},{"address":"15816.0 119 STREET NW","assessed_value":474500},{"address":"16808.0 93 STREET NW","assessed_value":594500},{"address":"6706.0 149 AVENUE NW","assessed_value":270000},{"address":"13140.0 62 STREET NW","assessed_value":289000},{"address":"12303.0 152C AVENUE NW","assessed_value":357000},{"address":"8324.0 142 AVENUE NW","assessed_value":348500},{"address":"14108.0 96 STREET NW","assessed_value":326000},{"address":"9007.0 152A AVENUE NW","assessed_value":361500},{"address":"5425.0 144B AVENUE NW","assessed_value":127000},{"address":"17012.0 91 STREET NW","assessed_value":355500},{"address":"14027.0 118 STREET NW","assessed_value":355000},{"address":"12907.0 91 STREET NW","assessed_value":355000},{"address":"5924.0 137 AVENUE NW","assessed_value":300000},{"address":"12803.0 109 STREET NW","assessed_value":352000},{"address":"14920.0 95 STREET NW","assessed_value":356000},{"address":"16508.0 104 STREET NW","assessed_value":376500},{"address":"15032.0 80 STREET NW","assessed_value":352000},{"address":"13803.0 119 STREET NW","assessed_value":328000},{"address":"8612.0 130 AVENUE NW","assessed_value":245000},{"address":"8832.0 138 AVENUE NW","assessed_value":343500},{"address":"13431.0 66 STREET NW","assessed_value":236500},{"address":"10526.0 132 AVENUE NW","assessed_value":424500},{"address":"11908.0 92 STREET NW","assessed_value":264000},{"address":"9520.0 134 AVENUE NW","assessed_value":294000},{"address":"11940.0 139 AVENUE NW","assessed_value":350000},{"address":"11909.0 139 AVENUE NW","assessed_value":342000},{"address":"11067.0 165 AVENUE NW","assessed_value":436500},{"address":"8307.0 133A AVENUE NW","assessed_value":210500},{"address":"13335.0 96 STREET NW","assessed_value":407000},{"address":"12224.0 94 STREET NW","assessed_value":282500},{"address":"14928.0 83 STREET NW","assessed_value":336500},{"address":"16919.0 93 STREET NW","assessed_value":529000},{"address":"13303.0 107 STREET NW","assessed_value":326500},{"address":"13012.0 72 STREET NW","assessed_value":329000},{"address":"12816.0 81 STREET NW","assessed_value":289500},{"address":"nan nan","assessed_value":255000},{"address":"14623.0 60 STREET NW","assessed_value":387000},{"address":"12926.0 86 STREET NW","assessed_value":343000},{"address":"6519.0 133 AVENUE NW","assessed_value":305000},{"address":"13312.0 90 STREET NW","assessed_value":215500},{"address":"6212.0 139 AVENUE NW","assessed_value":318500},{"address":"12316.0 152C AVENUE NW","assessed_value":386000},{"address":"13020.0 69 STREET NW","assessed_value":342000},{"address":"75.0 WARWICK ROAD NW","assessed_value":321000},{"address":"12951.0 113A STREET NW","assessed_value":276000},{"address":"16204.0 100 STREET NW","assessed_value":395500},{"address":"7208.0 138 AVENUE NW","assessed_value":324500},{"address":"3157.0 138 AVENUE NW","assessed_value":172500},{"address":"12310.0 106 STREET NW","assessed_value":271500},{"address":"11931.0 97 STREET NW","assessed_value":209500},{"address":"7908.0 134A AVENUE NW","assessed_value":349000},{"address":"13416.0 109A STREET NW","assessed_value":326500},{"address":"12803.0 91 STREET NW","assessed_value":305500},{"address":"15819.0 114 STREET NW","assessed_value":484500},{"address":"11929.0 93 STREET NW","assessed_value":305500},{"address":"14404.0 85 STREET NW","assessed_value":343500},{"address":"15232.0 96 STREET NW","assessed_value":191000},{"address":"11420.0 144 AVENUE NW","assessed_value":300000},{"address":"17103.0 100 STREET NW","assessed_value":319500},{"address":"15015.0 63 STREET NW","assessed_value":365500},{"address":"6303.0 137 AVENUE NW","assessed_value":294500},{"address":"2103.0 145 AVENUE NW","assessed_value":317000},{"address":"13230.0 101 STREET NW","assessed_value":518500},{"address":"14239.0 23 STREET NW","assessed_value":166500},{"address":"93.0 LANCASTER TERRACE NW","assessed_value":139000},{"address":"15108.0 20 STREET NW","assessed_value":321000},{"address":"12946.0 68 STREET NW","assessed_value":232500},{"address":"5303.0 142A AVENUE NW","assessed_value":304500},{"address":"7611.0 136 AVENUE NW","assessed_value":317000},{"address":"15207.0 76 STREET NW","assessed_value":355500},{"address":"8317.0 142 AVENUE NW","assessed_value":8500},{"address":"11432.0 162 AVENUE NW","assessed_value":340000},{"address":"13304.0 90 STREET NW","assessed_value":216000},{"address":"8812.0 131A AVENUE NW","assessed_value":292500},{"address":"13150.0 65 STREET NW","assessed_value":271500},{"address":"8007.0 131A AVENUE NW","assessed_value":295500},{"address":"13452.0 58 STREET NW","assessed_value":335000},{"address":"9423.0 150 AVENUE NW","assessed_value":395500},{"address":"12242.0 90 STREET NW","assessed_value":350000},{"address":"11920.0 102 STREET NW","assessed_value":2342000},{"address":"16519.0 98 STREET NW","assessed_value":432000},{"address":"14911.0 21 STREET NW","assessed_value":325000},{"address":"7712.0 131A AVENUE NW","assessed_value":296000},{"address":"7820.0 136 AVENUE NW","assessed_value":325500},{"address":"12816.0 101 STREET NW","assessed_value":502000},{"address":"11946.0 145 AVENUE NW","assessed_value":185000},{"address":"7308.0 136 AVENUE NW","assessed_value":440500},{"address":"14542.0 19 STREET NW","assessed_value":328500},{"address":"13412.0 111 STREET NW","assessed_value":301500},{"address":"12142.0 91 STREET NW","assessed_value":209000},{"address":"16906.0 109 STREET NW","assessed_value":195500},{"address":"7931.0 128A AVENUE NW","assessed_value":295000},{"address":"14611.0 62 STREET NW","assessed_value":340000},{"address":"12903.0 78 STREET NW","assessed_value":149500},{"address":"214.0 LANCASTER TERRACE NW","assessed_value":131500},{"address":"16408.0 100 STREET NW","assessed_value":396000},{"address":"13220.0 FORT ROAD NW","assessed_value":74000},{"address":"14019.0 63 STREET NW","assessed_value":321000},{"address":"15115.0 54 STREET NW","assessed_value":207500},{"address":"289.0 WARWICK ROAD NW","assessed_value":364000},{"address":"12918.0 85 STREET NW","assessed_value":362500},{"address":"13907.0 88 STREET NW","assessed_value":463000},{"address":"13117.0 83 STREET NW","assessed_value":2290000},{"address":"9220.0 171 AVENUE NW","assessed_value":398500},{"address":"13432.0 DELWOOD ROAD NW","assessed_value":365000},{"address":"467.0 DUNLUCE ROAD NW","assessed_value":176000},{"address":"12915.0 82 STREET NW","assessed_value":205500},{"address":"312.0 DUNLUCE ROAD NW","assessed_value":463000},{"address":"6407.0 148 AVENUE NW","assessed_value":422500},{"address":"14485.0 55 STREET NW","assessed_value":164500},{"address":"11832.0 152 AVENUE NW","assessed_value":331000},{"address":"8312.0 143 AVENUE NW","assessed_value":362500},{"address":"8512.0 152A AVENUE NW","assessed_value":341500},{"address":"11035.0 166 AVENUE NW","assessed_value":389000},{"address":"13503.0 70 STREET NW","assessed_value":350500},{"address":"13827.0 23 STREET NW","assessed_value":325000},{"address":"14219.0 114A STREET NW","assessed_value":331000},{"address":"14531.0 19 STREET NW","assessed_value":315000},{"address":"5524.0 142A AVENUE NW","assessed_value":387000},{"address":"12051.0 95A STREET NW","assessed_value":257000},{"address":"10610.0 BEAUMARIS ROAD NW","assessed_value":162500},{"address":"13448.0 107 STREET NW","assessed_value":362500},{"address":"16.0 DUNLUCE ROAD NW","assessed_value":307500},{"address":"186.0 LANCASTER TERRACE NW","assessed_value":131500},{"address":"7715.0 141 AVENUE NW","assessed_value":324500},{"address":"13306.0 89 STREET NW","assessed_value":162500},{"address":"15623.0 121 STREET NW","assessed_value":178500},{"address":"10823.0 137 AVENUE NW","assessed_value":287000},{"address":"208.0 WARWICK ROAD NW","assessed_value":207500},{"address":"15120.0 79 STREET NW","assessed_value":344500},{"address":"14128.0 70 STREET NW","assessed_value":345500},{"address":"13520.0 89 STREET NW","assessed_value":321500},{"address":"8.0 DUNLUCE ROAD NW","assessed_value":357000},{"address":"11123.0 170 AVENUE NW","assessed_value":428000},{"address":"13824.0 25 STREET NW","assessed_value":332500},{"address":"9838.0 171A AVENUE NW","assessed_value":432500},{"address":"11528.0 141 AVENUE NW","assessed_value":381000},{"address":"3239.0 145 AVENUE NW","assessed_value":378000},{"address":"5920.0 142 AVENUE NW","assessed_value":500},{"address":"9107.0 130 AVENUE NW","assessed_value":447000},{"address":"7112.0 133 AVENUE NW","assessed_value":295500},{"address":"11448.0 139 AVENUE NW","assessed_value":171500},{"address":"7511.0 149A AVENUE NW","assessed_value":355000},{"address":"13309.0 79 STREET NW","assessed_value":0},{"address":"13821.0 114 STREET NW","assessed_value":210000},{"address":"11026.0 169A AVENUE NW","assessed_value":412500},{"address":"12911.0 113A STREET NW","assessed_value":300500},{"address":"7228.0 152A AVENUE NW","assessed_value":353500},{"address":"14535.0 21 STREET NW","assessed_value":299000},{"address":"6008.0 148 AVENUE NW","assessed_value":339000},{"address":"14532.0 27 STREET NW","assessed_value":372500},{"address":"5911.0 133A AVENUE NW","assessed_value":305000},{"address":"12115.0 102 STREET NW","assessed_value":392500},{"address":"15211.0 59 STREET NW","assessed_value":341500},{"address":"10718.0 167A AVENUE NW","assessed_value":378500},{"address":"9.0 LORELEI CLOSE NW","assessed_value":243500},{"address":"14215.0 82 STREET NW","assessed_value":124500},{"address":"245.0 LANCASTER TERRACE NW","assessed_value":119000},{"address":"8815.0 130 AVENUE NW","assessed_value":276000},{"address":"12926.0 65 STREET NW","assessed_value":307000},{"address":"6904.0 132 AVENUE NW","assessed_value":303500},{"address":"15008.0 92 STREET NW","assessed_value":325000},{"address":"11616.0 145 AVENUE NW","assessed_value":414500},{"address":"15104.0 84 STREET NW","assessed_value":375500},{"address":"7932.0 130 AVENUE NW","assessed_value":305000},{"address":"13408.0 FORT ROAD NW","assessed_value":1028500},{"address":"13310.0 91 STREET NW","assessed_value":266000},{"address":"8828.0 151 AVENUE NW","assessed_value":366500},{"address":"16512.0 100 STREET NW","assessed_value":365500},{"address":"11520.0 152 AVENUE NW","assessed_value":324000},{"address":"514.0 VILLAGE ON THE GREEN NW","assessed_value":145500},{"address":"16739.0 110 STREET NW","assessed_value":476500},{"address":"15012.0 80 STREET NW","assessed_value":353500},{"address":"9236.0 170 AVENUE NW","assessed_value":323000},{"address":"14115.0 82 STREET NW","assessed_value":130000},{"address":"12139.0 96 STREET NW","assessed_value":193500},{"address":"17044.0 98 STREET NW","assessed_value":304000},{"address":"5632.0 137 AVENUE NW","assessed_value":293000},{"address":"6020.0 131 AVENUE NW","assessed_value":1000},{"address":"12315.0 107 STREET NW","assessed_value":227500},{"address":"10419.0 128 AVENUE NW","assessed_value":257000},{"address":"2919.0 146 AVENUE NW","assessed_value":378500},{"address":"12334.0 92 STREET NW","assessed_value":333500},{"address":"11836.0 95A STREET NW","assessed_value":301000},{"address":"12940.0 64 STREET NW","assessed_value":288000},{"address":"14105.0 23 STREET NW","assessed_value":228000},{"address":"1820.0 147 AVENUE NW","assessed_value":323500},{"address":"9304.0 129B AVENUE NW","assessed_value":314000},{"address":"15107.0 124 STREET NW","assessed_value":394000},{"address":"10408.0 LAUDER AVENUE NW","assessed_value":203000},{"address":"7008.0 137 AVENUE NW","assessed_value":347000},{"address":"13219.0 83 STREET NW","assessed_value":214500},{"address":"14102.0 94 STREET NW","assessed_value":7000},{"address":"10308.0 127 AVENUE NW","assessed_value":290000},{"address":"7206.0 127 AVENUE NW","assessed_value":357000},{"address":"14540.0 21 STREET NW","assessed_value":362500},{"address":"732.0 WARWICK ROAD NW","assessed_value":428000},{"address":"12125.0 94 STREET NW","assessed_value":325500},{"address":"10808.0 173 AVENUE NW","assessed_value":243000},{"address":"12935.0 104 STREET NW","assessed_value":296500},{"address":"14703.0 29A STREET NW","assessed_value":329000},{"address":"6103.0 138 AVENUE NW","assessed_value":330500},{"address":"5316.0 129 AVENUE NW","assessed_value":197500},{"address":"12957.0 113 STREET NW","assessed_value":240500},{"address":"14325.0 23 STREET NW","assessed_value":161000},{"address":"16512.0 106 STREET NW","assessed_value":348500},{"address":"8208.0 133A AVENUE NW","assessed_value":197500},{"address":"5715.0 133 AVENUE NW","assessed_value":58500},{"address":"6824.0 128 AVENUE NW","assessed_value":331000},{"address":"15016.0 81 STREET NW","assessed_value":336500},{"address":"14412.0 65 STREET NW","assessed_value":310000},{"address":"8608.0 143 AVENUE NW","assessed_value":361500},{"address":"17216.0 93 STREET NW","assessed_value":433500},{"address":"13543.0 67 STREET NW","assessed_value":305500},{"address":"8411.0 149A AVENUE NW","assessed_value":364500},{"address":"16904.0 91 STREET NW","assessed_value":300000},{"address":"8716.0 136 AVENUE NW","assessed_value":440500},{"address":"545.0 DUNLUCE ROAD NW","assessed_value":151000},{"address":"15611.0 121 STREET NW","assessed_value":174000},{"address":"6316.0 150 AVENUE NW","assessed_value":361500},{"address":"10406.0 164 AVENUE NW","assessed_value":250500},{"address":"6804.0 130 AVENUE NW","assessed_value":1208500},{"address":"11820.0 96 STREET NW","assessed_value":247500},{"address":"7408.0 133 AVENUE NW","assessed_value":356000},{"address":"12134.0 106 STREET NW","assessed_value":338000},{"address":"7311.0 130A AVENUE NW","assessed_value":298500},{"address":"8924.0 144 AVENUE NW","assessed_value":115500},{"address":"17420.0 95 STREET NW","assessed_value":314000},{"address":"15012.0 81 STREET NW","assessed_value":352000},{"address":"12412.0 96 STREET NW","assessed_value":360500},{"address":"16908.0 91 STREET NW","assessed_value":335500},{"address":"14911.0 57 STREET NW","assessed_value":353500},{"address":"14646.0 52 STREET NW","assessed_value":230000},{"address":"13046.0 66 STREET NW","assessed_value":500},{"address":"6407.0 144A AVENUE NW","assessed_value":328500},{"address":"7908.0 129A AVENUE NW","assessed_value":304000},{"address":"3109.0 138 AVENUE NW","assessed_value":179500},{"address":"7308.0 132A AVENUE NW","assessed_value":315500},{"address":"15207.0 84 STREET NW","assessed_value":388000},{"address":"611.0 WARWICK ROAD NW","assessed_value":349500},{"address":"28.0 DUNLUCE ROAD NW","assessed_value":335500},{"address":"2904.0 139 AVENUE NW","assessed_value":114000},{"address":"12712.0 78 STREET NW","assessed_value":302500},{"address":"5110.0 149 AVENUE NW","assessed_value":168500},{"address":"11823.0 145 AVENUE NW","assessed_value":221000},{"address":"16053.0 123A STREET NW","assessed_value":358000},{"address":"6715.0 131A AVENUE NW","assessed_value":66000},{"address":"6019.0 138 AVENUE NW","assessed_value":327000},{"address":"15111.0 22 STREET NW","assessed_value":330500},{"address":"14511.0 19 STREET NW","assessed_value":378000},{"address":"11503.0 152A AVENUE NW","assessed_value":326000},{"address":"12404.0 161 AVENUE NW","assessed_value":94500},{"address":"16416.0 106 STREET NW","assessed_value":407000},{"address":"6420.0 152A AVENUE NW","assessed_value":323000},{"address":"300.0 VILLAGE ON THE GREEN NW","assessed_value":150000},{"address":"16815.0 98 STREET NW","assessed_value":409000},{"address":"11419.0 149 AVENUE NW","assessed_value":333000},{"address":"14020.0 95 STREET NW","assessed_value":500},{"address":"8908.0 144 AVENUE NW","assessed_value":118000},{"address":"14400.0 64 STREET NW","assessed_value":321000},{"address":"7313.0 134 AVENUE NW","assessed_value":0},{"address":"7002.0 138 AVENUE NW","assessed_value":8500},{"address":"8311.0 148 AVENUE NW","assessed_value":366500},{"address":"6711.0 152A AVENUE NW","assessed_value":332500},{"address":"10706.0 168 AVENUE NW","assessed_value":357000},{"address":"12901.0 88 STREET NW","assessed_value":1500},{"address":"7016.0 DELWOOD ROAD NW","assessed_value":322500},{"address":"12416.0 161 AVENUE NW","assessed_value":101500},{"address":"10222.0 173A AVENUE NW","assessed_value":358500},{"address":"8508.0 149A AVENUE NW","assessed_value":344500},{"address":"14516.0 61A STREET NW","assessed_value":338500},{"address":"7336.0 147 AVENUE NW","assessed_value":354000},{"address":"6714.0 127 AVENUE NW","assessed_value":216000},{"address":"113.0 WOODBOROUGH WAY NW","assessed_value":164000},{"address":"14883.0 21 STREET NW","assessed_value":374500},{"address":"13415.0 61 STREET NW","assessed_value":342500},{"address":"7807.0 130A AVENUE NW","assessed_value":316500},{"address":"8508.0 137 AVENUE NW","assessed_value":325000},{"address":"208.0 DUNLUCE ROAD NW","assessed_value":370000},{"address":"14720.0 32 STREET NW","assessed_value":287000},{"address":"13015.0 72 STREET NW","assessed_value":276500},{"address":"8615.0 137 AVENUE NW","assessed_value":392000},{"address":"16415.0 100 STREET NW","assessed_value":374500},{"address":"16908.0 111 STREET NW","assessed_value":355500},{"address":"12062.0 157 AVENUE NW","assessed_value":238000},{"address":"14603.0 29 STREET NW","assessed_value":284500},{"address":"16523.0 114 STREET NW","assessed_value":408000},{"address":"12208.0 140A AVENUE NW","assessed_value":333000},{"address":"12023.0 140 AVENUE NW","assessed_value":341000},{"address":"9516.0 118 AVENUE NW","assessed_value":348000},{"address":"13008.0 102 STREET NW","assessed_value":589000},{"address":"8408.0 145 AVENUE NW","assessed_value":343000},{"address":"8004.0 145 AVENUE NW","assessed_value":353000},{"address":"12908.0 95A STREET NW","assessed_value":188500},{"address":"61.0 DUNLUCE ROAD NW","assessed_value":366000},{"address":"13315.0 106 STREET NW","assessed_value":328500},{"address":"13523.0 90 STREET NW","assessed_value":315000},{"address":"8916.0 150 AVENUE NW","assessed_value":470500},{"address":"17221.0 111A STREET NW","assessed_value":429500},{"address":"11716.0 166 AVENUE NW","assessed_value":348000},{"address":"11449.0 152 AVENUE NW","assessed_value":230000},{"address":"6312.0 148 AVENUE NW","assessed_value":341000},{"address":"11931.0 140 AVENUE NW","assessed_value":371500},{"address":"8008.0 129A AVENUE NW","assessed_value":301000},{"address":"11703.0 151 AVENUE NW","assessed_value":346000},{"address":"5940.0 149 AVENUE NW","assessed_value":333500},{"address":"11857.0 95A STREET NW","assessed_value":212500},{"address":"13808.0 96 STREET NW","assessed_value":379000},{"address":"13611.0 70 STREET NW","assessed_value":310500},{"address":"2912.0 150 AVENUE NW","assessed_value":317000},{"address":"8920.0 152A AVENUE NW","assessed_value":370500},{"address":"12215.0 103 STREET NW","assessed_value":396500},{"address":"13415.0 67 STREET NW","assessed_value":308000},{"address":"7812.0 147 AVENUE NW","assessed_value":340000},{"address":"15232.0 94 STREET NW","assessed_value":332500},{"address":"10118.0 167A AVENUE NW","assessed_value":319000},{"address":"5904.0 133A AVENUE NW","assessed_value":306000},{"address":"12024.0 93 STREET NW","assessed_value":201500},{"address":"6215.0 144A AVENUE NW","assessed_value":585000},{"address":"9519.0 147 AVENUE NW","assessed_value":371000},{"address":"9944.0 173 AVENUE NW","assessed_value":401000},{"address":"16932.0 92 STREET NW","assessed_value":418000},{"address":"6108.0 140 AVENUE NW","assessed_value":367000},{"address":"15115.0 74 STREET NW","assessed_value":393500},{"address":"15243.0 119 STREET NW","assessed_value":388500},{"address":"13312.0 62 STREET NW","assessed_value":348000},{"address":"14545.0 121 STREET NW","assessed_value":165000},{"address":"14715.0 33 STREET NW","assessed_value":384500},{"address":"11404.0 166 AVENUE NW","assessed_value":270500},{"address":"5424.0 144B AVENUE NW","assessed_value":168000},{"address":"12828.0 102 STREET NW","assessed_value":237000},{"address":"11023.0 169 AVENUE NW","assessed_value":343500},{"address":"14527.0 27 STREET NW","assessed_value":323000},{"address":"17133.0 109 STREET NW","assessed_value":163500},{"address":"12832.0 104 STREET NW","assessed_value":310000},{"address":"12252.0 92 STREET NW","assessed_value":231000},{"address":"10211.0 169 AVENUE NW","assessed_value":311500},{"address":"7403.0 128A AVENUE NW","assessed_value":327000},{"address":"8623.0 152A AVENUE NW","assessed_value":427000},{"address":"5615.0 134A AVENUE NW","assessed_value":346000},{"address":"8808.0 135 AVENUE NW","assessed_value":347500},{"address":"7203.0 130 AVENUE NW","assessed_value":289000},{"address":"13448.0 113 STREET NW","assessed_value":364500},{"address":"13862.0 27 STREET NW","assessed_value":112000},{"address":"13216.0 70 STREET NW","assessed_value":330500},{"address":"12925.0 52 STREET NW","assessed_value":1196500},{"address":"17306.0 107A STREET NW","assessed_value":423500},{"address":"10616.0 166 AVENUE NW","assessed_value":396500},{"address":"13862.0 27 STREET NW","assessed_value":116500},{"address":"13915.0 83 STREET NW","assessed_value":335000},{"address":"13111.0 85 STREET NW","assessed_value":356500},{"address":"14.0 CASTLE TERRACE NW","assessed_value":163000},{"address":"12026.0 94 STREET NW","assessed_value":178000},{"address":"8005.0 144 AVENUE NW","assessed_value":127000},{"address":"14729.0 33 STREET NW","assessed_value":300000},{"address":"10507.0 135B AVENUE NW","assessed_value":322500},{"address":"11524.0 144 AVENUE NW","assessed_value":317500},{"address":"13230.0 FORT ROAD NW","assessed_value":79500},{"address":"14103.0 121 STREET NW","assessed_value":197000},{"address":"14510.0 31 STREET NW","assessed_value":315000},{"address":"8720.0 137 AVENUE NW","assessed_value":331500},{"address":"5123.0 144 AVENUE NW","assessed_value":355500},{"address":"5423.0 152 AVENUE NW","assessed_value":417000},{"address":"8507.0 142A AVENUE NW","assessed_value":448000},{"address":"10824.0 168 AVENUE NW","assessed_value":352000},{"address":"11603.0 140 AVENUE NW","assessed_value":360000},{"address":"7804.0 143 AVENUE NW","assessed_value":344000},{"address":"14103.0 72 STREET NW","assessed_value":358000},{"address":"12933.0 96 STREET NW","assessed_value":330000},{"address":"11927.0 96 STREET NW","assessed_value":207500},{"address":"11028.0 165 AVENUE NW","assessed_value":380500},{"address":"12704.0 92 STREET NW","assessed_value":530000},{"address":"14520.0 65 STREET NW","assessed_value":331500},{"address":"12011.0 97 STREET NW","assessed_value":413500},{"address":"11822.0 94 STREET NW","assessed_value":206000},{"address":"13339.0 64 STREET NW","assessed_value":304000},{"address":"15111.0 73A STREET NW","assessed_value":351000},{"address":"11711.0 158 AVENUE NW","assessed_value":361000},{"address":"12224.0 104 STREET NW","assessed_value":262500},{"address":"7327.0 132A AVENUE NW","assessed_value":355500},{"address":"143.0 WARWICK ROAD NW","assessed_value":324000},{"address":"9511.0 149 AVENUE NW","assessed_value":383000},{"address":"6216.0 149 AVENUE NW","assessed_value":322000},{"address":"14715.0 29A STREET NW","assessed_value":367000},{"address":"63.0 WARWICK ROAD NW","assessed_value":446000},{"address":"203.0 LANCASTER TERRACE NW","assessed_value":119000},{"address":"12711.0 90 STREET NW","assessed_value":287000},{"address":"12006.0 104 STREET NW","assessed_value":311000},{"address":"9019.0 132A AVENUE NW","assessed_value":205500},{"address":"9108.0 127 AVENUE NW","assessed_value":1383500},{"address":"7405.0 127 AVENUE NW","assessed_value":2212500},{"address":"8020.0 141 AVENUE NW","assessed_value":124500},{"address":"10216.0 136 AVENUE NW","assessed_value":316500},{"address":"16213.0 114A STREET NW","assessed_value":346500},{"address":"9511.0 143 AVENUE NW","assessed_value":414500},{"address":"16927.0 110 STREET NW","assessed_value":354000},{"address":"12407.0 95A STREET NW","assessed_value":245500},{"address":"12003.0 96 STREET NW","assessed_value":283000},{"address":"12720.0 102 STREET NW","assessed_value":324000},{"address":"11935.0 92 STREET NW","assessed_value":204000},{"address":"15105.0 121 STREET NW","assessed_value":78000},{"address":"7312.0 138 AVENUE NW","assessed_value":323000},{"address":"10919.0 173A AVENUE NW","assessed_value":232500},{"address":"12404.0 161 AVENUE NW","assessed_value":105000},{"address":"13303.0 68 STREET NW","assessed_value":263500},{"address":"12155.0 96 STREET NW","assessed_value":171000},{"address":"2915.0 145 AVENUE NW","assessed_value":324000},{"address":"9107.0 152A AVENUE NW","assessed_value":351000},{"address":"5616.0 141 AVENUE NW","assessed_value":312500},{"address":"11732.0 145 AVENUE NW","assessed_value":324000},{"address":"14304.0 71 STREET NW","assessed_value":319500},{"address":"10317.0 164 AVENUE NW","assessed_value":253000},{"address":"16216.0 102 STREET NW","assessed_value":353500},{"address":"14935.0 73 STREET NW","assessed_value":366000},{"address":"15010.0 51 STREET NW","assessed_value":182500},{"address":"72.0 STEELE CRESCENT NW","assessed_value":341500},{"address":"12922.0 107 STREET NW","assessed_value":362500},{"address":"8923.0 132 AVENUE NW","assessed_value":335000},{"address":"15231.0 94A STREET NW","assessed_value":343000},{"address":"13531.0 83 STREET NW","assessed_value":386500},{"address":"12835.0 106 STREET NW","assessed_value":327500},{"address":"14811.0 21 STREET NW","assessed_value":303000},{"address":"14416.0 63 STREET NW","assessed_value":334000},{"address":"7612.0 136 AVENUE NW","assessed_value":484000},{"address":"14512.0 21 STREET NW","assessed_value":299500},{"address":"12910.0 96 STREET NW","assessed_value":250500},{"address":"17004.0 94 STREET NW","assessed_value":462500},{"address":"8004.0 152A AVENUE NW","assessed_value":353000},{"address":"14508.0 81 STREET NW","assessed_value":345500},{"address":"11411.0 138 AVENUE NW","assessed_value":264000},{"address":"17008.0 109 STREET NW","assessed_value":350000},{"address":"10532.0 LAUDERDALE ROAD NW","assessed_value":305500},{"address":"14511.0 65 STREET NW","assessed_value":333000},{"address":"nan nan","assessed_value":3500},{"address":"12835.0 88 STREET NW","assessed_value":371500},{"address":"13221.0 60 STREET NW","assessed_value":249000},{"address":"9527.0 145 AVENUE NW","assessed_value":382000},{"address":"9922.0 171A AVENUE NW","assessed_value":370000},{"address":"15007.0 92 STREET NW","assessed_value":357500},{"address":"15212.0 75A STREET NW","assessed_value":370000},{"address":"13004.0 63 STREET NW","assessed_value":284500},{"address":"8317.0 133A AVENUE NW","assessed_value":206000},{"address":"9.0 AMBERLY COURT NW","assessed_value":153000},{"address":"17104.0 94 STREET NW","assessed_value":404000},{"address":"12654.0 FORT ROAD NW","assessed_value":985500},{"address":"12715.0 77 STREET NW","assessed_value":315000},{"address":"12028.0 90 STREET NW","assessed_value":270500},{"address":"7712.0 143 AVENUE NW","assessed_value":395000},{"address":"16608.0 100 STREET NW","assessed_value":395000},{"address":"12254.0 95A STREET NW","assessed_value":285500},{"address":"96.0 DUNLUCE ROAD NW","assessed_value":452000},{"address":"14203.0 83 STREET NW","assessed_value":363000},{"address":"7815.0 132A AVENUE NW","assessed_value":359000},{"address":"236.0 DUNLUCE ROAD NW","assessed_value":452000},{"address":"9416.0 132 AVENUE NW","assessed_value":4000},{"address":"8115.0 144 AVENUE NW","assessed_value":139000},{"address":"13854.0 27 STREET NW","assessed_value":112500},{"address":"9016.0 135A AVENUE NW","assessed_value":321500},{"address":"12816.0 89 STREET NW","assessed_value":358000},{"address":"6220.0 152A AVENUE NW","assessed_value":344500},{"address":"8712.0 151 AVENUE NW","assessed_value":367500},{"address":"13456.0 FORT ROAD NW","assessed_value":96500},{"address":"8828.0 139 AVENUE NW","assessed_value":356500},{"address":"13612.0 87 STREET NW","assessed_value":299000},{"address":"14619.0 83 STREET NW","assessed_value":500},{"address":"7316.0 130A AVENUE NW","assessed_value":331000},{"address":"12022.0 96 STREET NW","assessed_value":176500},{"address":"13812.0 90 STREET NW","assessed_value":366000},{"address":"12720.0 FORT ROAD NW","assessed_value":687000},{"address":"7109.0 150 AVENUE NW","assessed_value":8500},{"address":"11812.0 158 AVENUE NW","assessed_value":392500},{"address":"14911.0 122 STREET NW","assessed_value":342500},{"address":"12333.0 91 STREET NW","assessed_value":358500},{"address":"13308.0 DELWOOD ROAD NW","assessed_value":333500},{"address":"14616.0 86 STREET NW","assessed_value":375500},{"address":"13230.0 94 STREET NW","assessed_value":363000},{"address":"17005.0 108 STREET NW","assessed_value":333000},{"address":"16911.0 101 STREET NW","assessed_value":351500},{"address":"42.0 MCLEOD PLACE NW","assessed_value":171000},{"address":"10003.0 168 AVENUE NW","assessed_value":350000},{"address":"13207.0 85 STREET NW","assessed_value":218500},{"address":"16428.0 109 STREET NW","assessed_value":139000},{"address":"16428.0 109 STREET NW","assessed_value":139000},{"address":"8043.0 135 AVENUE NW","assessed_value":401000},{"address":"11821.0 92 STREET NW","assessed_value":208500},{"address":"10329.0 132 AVENUE NW","assessed_value":197000},{"address":"13108.0 85 STREET NW","assessed_value":377000},{"address":"10830.0 173 AVENUE NW","assessed_value":237500},{"address":"7016.0 152A AVENUE NW","assessed_value":353500},{"address":"14019.0 58 STREET NW","assessed_value":309500},{"address":"11418.0 162A AVENUE NW","assessed_value":348000},{"address":"12823.0 78 STREET NW","assessed_value":303000},{"address":"7609.0 142 AVENUE NW","assessed_value":0},{"address":"14225.0 82 STREET NW","assessed_value":130500},{"address":"15236.0 118 STREET NW","assessed_value":367500},{"address":"13443.0 108 STREET NW","assessed_value":314000},{"address":"12622.0 161 AVENUE NW","assessed_value":278500},{"address":"14407.0 31 STREET NW","assessed_value":375000},{"address":"11620.0 152 AVENUE NW","assessed_value":291500},{"address":"708.0 WARWICK ROAD NW","assessed_value":366000},{"address":"7908.0 131A AVENUE NW","assessed_value":317500},{"address":"13607.0 82 STREET NW","assessed_value":317500},{"address":"12219.0 92 STREET NW","assessed_value":237000},{"address":"7924.0 128A AVENUE NW","assessed_value":306500},{"address":"9411.0 128A AVENUE NW","assessed_value":364000},{"address":"12321.0 152B AVENUE NW","assessed_value":371000},{"address":"6916.0 132 AVENUE NW","assessed_value":271500},{"address":"6016.0 141 AVENUE NW","assessed_value":311500},{"address":"14212.0 58 STREET NW","assessed_value":313000},{"address":"13407.0 102 STREET NW","assessed_value":299000},{"address":"11821.0 95 STREET NW","assessed_value":879000},{"address":"11915.0 97 STREET NW","assessed_value":191000},{"address":"12708.0 83 STREET NW","assessed_value":350500},{"address":"14323.0 123 STREET NW","assessed_value":459000},{"address":"13320.0 66 STREET NW","assessed_value":258500},{"address":"422.0 DUNLUCE ROAD NW","assessed_value":190000},{"address":"13139.0 63 STREET NW","assessed_value":280500},{"address":"7816.0 148 AVENUE NW","assessed_value":382500},{"address":"2904.0 139 AVENUE NW","assessed_value":109500},{"address":"14035.0 63 STREET NW","assessed_value":278000},{"address":"14217.0 23 STREET NW","assessed_value":163000},{"address":"13511.0 91 STREET NW","assessed_value":352500},{"address":"10810.0 167A AVENUE NW","assessed_value":361500},{"address":"11926.0 145 AVENUE NW","assessed_value":186500},{"address":"13819.0 24 STREET NW","assessed_value":153500},{"address":"14620.0 115 STREET NW","assessed_value":351000},{"address":"31.0 STEELE CRESCENT NW","assessed_value":324500},{"address":"14507.0 63 STREET NW","assessed_value":340000},{"address":"15107.0 22 STREET NW","assessed_value":333500},{"address":"14219.0 80 STREET NW","assessed_value":365000},{"address":"7819.0 137 AVENUE NW","assessed_value":305500},{"address":"13817.0 118 STREET NW","assessed_value":300500},{"address":"13912.0 20 STREET NW","assessed_value":522500},{"address":"11419.0 161 AVENUE NW","assessed_value":334500},{"address":"6504.0 136 AVENUE NW","assessed_value":386500},{"address":"15019.0 22 STREET NW","assessed_value":361000},{"address":"11834.0 95A STREET NW","assessed_value":315000},{"address":"14604.0 94 STREET NW","assessed_value":356500},{"address":"16524.0 114 STREET NW","assessed_value":342500},{"address":"13447.0 113A STREET NW","assessed_value":224500},{"address":"10102.0 134 AVENUE NW","assessed_value":238000},{"address":"13234.0 DELWOOD ROAD NW","assessed_value":268000},{"address":"13520.0 77 STREET NW","assessed_value":336000},{"address":"11920.0 105 STREET NW","assessed_value":784500},{"address":"292.0 LANCASTER TERRACE NW","assessed_value":129500},{"address":"14541.0 72 STREET NW","assessed_value":183000},{"address":"7915.0 150 AVENUE NW","assessed_value":347000},{"address":"4.0 CASTLE TERRACE NW","assessed_value":171000},{"address":"8735.0 132 AVENUE NW","assessed_value":4055500},{"address":"12916.0 113 STREET NW","assessed_value":228000},{"address":"10120.0 118 AVENUE NW","assessed_value":560500},{"address":"14315.0 82 STREET NW","assessed_value":124500},{"address":"696.0 WARWICK ROAD NW","assessed_value":372500},{"address":"10023.0 173 AVENUE NW","assessed_value":202000},{"address":"6304.0 131 AVENUE NW","assessed_value":304000},{"address":"12820.0 107 STREET NW","assessed_value":327000},{"address":"14212.0 114 STREET NW","assessed_value":336500},{"address":"11515.0 141 AVENUE NW","assessed_value":369500},{"address":"13427.0 108 STREET NW","assessed_value":323000},{"address":"16936.0 92 STREET NW","assessed_value":360000},{"address":"12248.0 93 STREET NW","assessed_value":220500},{"address":"9127.0 139 AVENUE NW","assessed_value":405500},{"address":"11907.0 164 AVENUE NW","assessed_value":401500},{"address":"11916.0 95A STREET NW","assessed_value":179500},{"address":"5104.0 149 AVENUE NW","assessed_value":174000},{"address":"13016.0 64 STREET NW","assessed_value":359500},{"address":"9007.0 135 AVENUE NW","assessed_value":370000},{"address":"13511.0 59 STREET NW","assessed_value":329000},{"address":"7328.0 152A AVENUE NW","assessed_value":368000},{"address":"7927.0 132 AVENUE NW","assessed_value":291500},{"address":"12503.0 161 AVENUE NW","assessed_value":372500},{"address":"14615.0 19 STREET NW","assessed_value":280000},{"address":"7918.0 144 AVENUE NW","assessed_value":349500},{"address":"14219.0 78 STREET NW","assessed_value":327000},{"address":"11918.0 94 STREET NW","assessed_value":304000},{"address":"16908.0 103 STREET NW","assessed_value":377000},{"address":"153.0 LANCASTER TERRACE NW","assessed_value":139500},{"address":"13508.0 60 STREET NW","assessed_value":282000},{"address":"10804.0 130 AVENUE NW","assessed_value":325000},{"address":"15131.0 86 STREET NW","assessed_value":394000},{"address":"5907.0 132 AVENUE NW","assessed_value":275500},{"address":"5514.0 145 AVENUE NW","assessed_value":168000},{"address":"12128.0 95 STREET NW","assessed_value":240000},{"address":"8819.0 138 AVENUE NW","assessed_value":339500},{"address":"14227.0 78 STREET NW","assessed_value":366000},{"address":"13408.0 70 STREET NW","assessed_value":318000},{"address":"13837.0 114 STREET NW","assessed_value":205000},{"address":"14477.0 55 STREET NW","assessed_value":189500},{"address":"6923.0 DELWOOD ROAD NW","assessed_value":333500},{"address":"16344.0 109 STREET NW","assessed_value":139000},{"address":"13807.0 25 STREET NW","assessed_value":333500},{"address":"10815.0 137 AVENUE NW","assessed_value":301500},{"address":"6706.0 127 AVENUE NW","assessed_value":236500},{"address":"8543.0 134A AVENUE NW","assessed_value":312500},{"address":"13411.0 112 STREET NW","assessed_value":246500},{"address":"14624.0 114 STREET NW","assessed_value":347000},{"address":"14123.0 70 STREET NW","assessed_value":339500},{"address":"12235.0 142 AVENUE NW","assessed_value":353500},{"address":"13007.0 82 STREET NW","assessed_value":207000},{"address":"9140.0 144 AVENUE NW","assessed_value":107000},{"address":"13420.0 61 STREET NW","assessed_value":287000},{"address":"13032.0 75 STREET NW","assessed_value":385500},{"address":"14507.0 96 STREET NW","assessed_value":339000},{"address":"13335.0 90 STREET NW","assessed_value":143000},{"address":"13316.0 91 STREET NW","assessed_value":500},{"address":"13608.0 64 STREET NW","assessed_value":410500},{"address":"7108.0 DELWOOD ROAD NW","assessed_value":329000},{"address":"8503.0 134A AVENUE NW","assessed_value":346500},{"address":"13212.0 67 STREET NW","assessed_value":320500},{"address":"11903.0 141 AVENUE NW","assessed_value":396000},{"address":"12112.0 158 AVENUE NW","assessed_value":305000},{"address":"9912.0 170 AVENUE NW","assessed_value":296500},{"address":"7611.0 137 AVENUE NW","assessed_value":308500},{"address":"12207.0 91 STREET NW","assessed_value":369500},{"address":"13808.0 20 STREET NW","assessed_value":426000},{"address":"14803.0 95 STREET NW","assessed_value":349500},{"address":"13507.0 104A STREET NW","assessed_value":344500},{"address":"7311.0 137 AVENUE NW","assessed_value":306500},{"address":"9308.0 127 AVENUE NW","assessed_value":421500},{"address":"14250.0 80 STREET NW","assessed_value":124500},{"address":"13524.0 85A STREET NW","assessed_value":359500},{"address":"8820.0 130 AVENUE NW","assessed_value":280000},{"address":"13108.0 64 STREET NW","assessed_value":318000},{"address":"10716.0 173 AVENUE NW","assessed_value":326000},{"address":"64.0 DUNLUCE ROAD NW","assessed_value":409500},{"address":"8404.0 145 AVENUE NW","assessed_value":327500},{"address":"9852.0 164 AVENUE NW","assessed_value":419500},{"address":"10949.0 167A AVENUE NW","assessed_value":350500},{"address":"9819.0 170 AVENUE NW","assessed_value":324000},{"address":"172.0 DUNLUCE ROAD NW","assessed_value":369500},{"address":"11324.0 145 AVENUE NW","assessed_value":370500},{"address":"14504.0 56 STREET NW","assessed_value":177500},{"address":"15220.0 72 STREET NW","assessed_value":349500},{"address":"13424.0 59 STREET NW","assessed_value":340500},{"address":"7932.0 130A AVENUE NW","assessed_value":325500},{"address":"16304.0 99 STREET NW","assessed_value":346000},{"address":"12563.0 161 AVENUE NW","assessed_value":395000},{"address":"14801.0 95A STREET NW","assessed_value":500},{"address":"11919.0 140 AVENUE NW","assessed_value":356000},{"address":"392.0 DUNLUCE ROAD NW","assessed_value":323500},{"address":"21.0 AMBERLY COURT NW","assessed_value":151500},{"address":"9108.0 150 AVENUE NW","assessed_value":339500},{"address":"7315.0 150 AVENUE NW","assessed_value":345500},{"address":"12253.0 95A STREET NW","assessed_value":308500},{"address":"15007.0 74 STREET NW","assessed_value":347000},{"address":"5554.0 145A AVENUE NW","assessed_value":387000},{"address":"9.0 MCLEOD PLACE NW","assessed_value":169000},{"address":"16503.0 102 STREET NW","assessed_value":344000},{"address":"15008.0 65 STREET NW","assessed_value":323500},{"address":"14940.0 74 STREET NW","assessed_value":372500},{"address":"12937.0 63 STREET NW","assessed_value":276000},{"address":"6436.0 133A AVENUE NW","assessed_value":492500},{"address":"12866.0 FORT ROAD NW","assessed_value":1137500},{"address":"32.0 AMBERLY COURT NW","assessed_value":152500},{"address":"13507.0 81 STREET NW","assessed_value":342000},{"address":"7543.0 149A AVENUE NW","assessed_value":342500},{"address":"15704.0 125 STREET NW","assessed_value":358000},{"address":"15239.0 122 STREET NW","assessed_value":390500},{"address":"10330.0 172 AVENUE NW","assessed_value":275000},{"address":"5507.0 144A AVENUE NW","assessed_value":175500},{"address":"10324.0 164 AVENUE NW","assessed_value":357000},{"address":"17320.0 106 STREET NW","assessed_value":375500},{"address":"5425.0 144B AVENUE NW","assessed_value":148500},{"address":"13428.0 101 STREET NW","assessed_value":336500},{"address":"15110.0 92 STREET NW","assessed_value":0},{"address":"14335.0 23 STREET NW","assessed_value":157000},{"address":"16221.0 114A STREET NW","assessed_value":428000},{"address":"12213.0 96 STREET NW","assessed_value":235500},{"address":"12064.0 94 STREET NW","assessed_value":204000},{"address":"59.0 MCLEOD PLACE NW","assessed_value":176500},{"address":"5920.0 149 AVENUE NW","assessed_value":380000},{"address":"8020.0 128 AVENUE NW","assessed_value":297000},{"address":"10408.0 132 AVENUE NW","assessed_value":303500},{"address":"12703.0 87 STREET NW","assessed_value":212500},{"address":"17112.0 111 STREET NW","assessed_value":423500},{"address":"7804.0 141 AVENUE NW","assessed_value":314000},{"address":"13823.0 89 STREET NW","assessed_value":414000},{"address":"7412.0 130 AVENUE NW","assessed_value":316000},{"address":"13312.0 70 STREET NW","assessed_value":364000},{"address":"7123.0 132 AVENUE NW","assessed_value":304000},{"address":"15011.0 83 STREET NW","assessed_value":341000},{"address":"7336.0 152A AVENUE NW","assessed_value":379500},{"address":"8903.0 139 AVENUE NW","assessed_value":382000},{"address":"9219.0 171 AVENUE NW","assessed_value":379500},{"address":"5820.0 136 AVENUE NW","assessed_value":291500},{"address":"12202.0 95 STREET NW","assessed_value":170000},{"address":"12718.0 71 STREET NW","assessed_value":234500},{"address":"14407.0 117 STREET NW","assessed_value":347000},{"address":"7310.0 130 AVENUE NW","assessed_value":0},{"address":"9304.0 132A AVENUE NW","assessed_value":315500},{"address":"8819.0 135A AVENUE NW","assessed_value":301000},{"address":"15116.0 64 STREET NW","assessed_value":354500},{"address":"13432.0 82 STREET NW","assessed_value":296000},{"address":"16227.0 111 STREET NW","assessed_value":356000},{"address":"43.0 AMBERLY COURT NW","assessed_value":145500},{"address":"12206.0 103 STREET NW","assessed_value":254000},{"address":"12843.0 86 STREET NW","assessed_value":335000},{"address":"12944.0 103 STREET NW","assessed_value":233500},{"address":"12251.0 156 AVENUE NW","assessed_value":391000},{"address":"17208.0 101 STREET NW","assessed_value":363500},{"address":"5503.0 152 AVENUE NW","assessed_value":430000},{"address":"53.0 NORTHWOODS VILLAGE NW","assessed_value":149500},{"address":"17144.0 94 STREET NW","assessed_value":476000},{"address":"9208.0 128 AVENUE NW","assessed_value":306500},{"address":"12842.0 68 STREET NW","assessed_value":217000},{"address":"1924.0 145 AVENUE NW","assessed_value":318500},{"address":"523.0 KIRKNESS ROAD NW","assessed_value":297500},{"address":"13814.0 93 STREET NW","assessed_value":395000},{"address":"7904.0 147 AVENUE NW","assessed_value":349000},{"address":"14240.0 80 STREET NW","assessed_value":115500},{"address":"11707.0 144 AVENUE NW","assessed_value":334500},{"address":"nan nan","assessed_value":14500},{"address":"17207.0 107 STREET NW","assessed_value":371500},{"address":"13336.0 94 STREET NW","assessed_value":334000},{"address":"10527.0 LAUDERDALE ROAD NW","assessed_value":324000},{"address":"10676.0 BEAUMARIS ROAD NW","assessed_value":189500},{"address":"17009.0 108 STREET NW","assessed_value":349500},{"address":"6907.0 136 AVENUE NW","assessed_value":260500},{"address":"10511.0 137 AVENUE NW","assessed_value":299000},{"address":"12060.0 157 AVENUE NW","assessed_value":233000},{"address":"17143.0 109 STREET NW","assessed_value":157000},{"address":"13524.0 64 STREET NW","assessed_value":314500},{"address":"12112.0 101 STREET NW","assessed_value":279500},{"address":"17104.0 96 STREET NW","assessed_value":327500},{"address":"12032.0 96 STREET NW","assessed_value":392500},{"address":"13532.0 104 STREET NW","assessed_value":333000},{"address":"9608.0 144 AVENUE NW","assessed_value":369500},{"address":"216.0 VILLAGE ON THE GREEN NW","assessed_value":147000},{"address":"12017.0 95A STREET NW","assessed_value":264000},{"address":"8014.0 148 AVENUE NW","assessed_value":8500},{"address":"14211.0 79 STREET NW","assessed_value":334500},{"address":"16931.0 92 STREET NW","assessed_value":320000},{"address":"14816.0 73 STREET NW","assessed_value":440000},{"address":"14615.0 115 STREET NW","assessed_value":339000},{"address":"14420.0 63 STREET NW","assessed_value":323500},{"address":"11412.0 141 AVENUE NW","assessed_value":462000},{"address":"17007.0 109 STREET NW","assessed_value":150000},{"address":"9921.0 171 AVENUE NW","assessed_value":172500},{"address":"15105.0 121 STREET NW","assessed_value":80000},{"address":"7103.0 129 AVENUE NW","assessed_value":0},{"address":"14351.0 122 STREET NW","assessed_value":414000},{"address":"7127.0 135A AVENUE NW","assessed_value":336500},{"address":"12319.0 95 STREET NW","assessed_value":249000},{"address":"12619.0 161 AVENUE NW","assessed_value":380500},{"address":"13211.0 78 STREET NW","assessed_value":324500},{"address":"58.0 AMBERLY COURT NW","assessed_value":150500},{"address":"11911.0 96 STREET NW","assessed_value":437500},{"address":"3131.0 138 AVENUE NW","assessed_value":168500},{"address":"5503.0 134 AVENUE NW","assessed_value":460500},{"address":"14212.0 76 STREET NW","assessed_value":362000},{"address":"12847.0 68 STREET NW","assessed_value":537000},{"address":"5508.0 142A AVENUE NW","assessed_value":316500},{"address":"10711.0 128 AVENUE NW","assessed_value":252500},{"address":"15107.0 75A STREET NW","assessed_value":354000},{"address":"12046.0 93 STREET NW","assessed_value":241500},{"address":"13915.0 117 STREET NW","assessed_value":391000},{"address":"10822.0 168 AVENUE NW","assessed_value":356500},{"address":"108.0 MAYFAIR MEWS NW","assessed_value":154000},{"address":"14543.0 29 STREET NW","assessed_value":334500},{"address":"7219.0 139 AVENUE NW","assessed_value":347500},{"address":"12227.0 143 AVENUE NW","assessed_value":328000},{"address":"12154.0 145A AVENUE NW","assessed_value":378500},{"address":"9124.0 132 AVENUE NW","assessed_value":344000},{"address":"14011.0 122 STREET NW","assessed_value":474000},{"address":"12404.0 161 AVENUE NW","assessed_value":127500},{"address":"12148.0 90 STREET NW","assessed_value":269500},{"address":"11522.0 139 AVENUE NW","assessed_value":203500},{"address":"7819.0 136 AVENUE NW","assessed_value":366000},{"address":"12715.0 89 STREET NW","assessed_value":328000},{"address":"8005.0 144 AVENUE NW","assessed_value":123000},{"address":"12827.0 82 STREET NW","assessed_value":232500},{"address":"9304.0 146 AVENUE NW","assessed_value":0},{"address":"13452.0 FORT ROAD NW","assessed_value":83000},{"address":"16240.0 103 STREET NW","assessed_value":97500},{"address":"7820.0 135A AVENUE NW","assessed_value":345000},{"address":"14807.0 78 STREET NW","assessed_value":359000},{"address":"8608.0 135 AVENUE NW","assessed_value":369000},{"address":"9908.0 173 AVENUE NW","assessed_value":365500},{"address":"10416.0 119 AVENUE NW","assessed_value":1348000},{"address":"11452.0 152B AVENUE NW","assessed_value":317500},{"address":"10317.0 167A AVENUE NW","assessed_value":336000},{"address":"8918.0 144 AVENUE NW","assessed_value":117500},{"address":"13403.0 58 STREET NW","assessed_value":309000},{"address":"10715.0 173 AVENUE NW","assessed_value":340000},{"address":"14403.0 85 STREET NW","assessed_value":336500},{"address":"12931.0 108 STREET NW","assessed_value":238000},{"address":"14924.0 123 STREET NW","assessed_value":376500},{"address":"15104.0 81 STREET NW","assessed_value":370000},{"address":"12820.0 73 STREET NW","assessed_value":238500},{"address":"12303.0 105 STREET NW","assessed_value":313000},{"address":"6111.0 138 AVENUE NW","assessed_value":303500},{"address":"14039.0 118 STREET NW","assessed_value":350000},{"address":"11608.0 145 AVENUE NW","assessed_value":347000},{"address":"5715.0 133 AVENUE NW","assessed_value":54000},{"address":"6140.0 149 AVENUE NW","assessed_value":332000},{"address":"14703.0 73 STREET NW","assessed_value":325000},{"address":"12848.0 96 STREET NW","assessed_value":301000},{"address":"5012.0 MCLEOD ROAD NW","assessed_value":393000},{"address":"13515.0 61 STREET NW","assessed_value":315500},{"address":"13451.0 101 STREET NW","assessed_value":305500},{"address":"17205.0 102 STREET NW","assessed_value":278500},{"address":"12118.0 90 STREET NW","assessed_value":220500},{"address":"13137.0 62 STREET NW","assessed_value":329000},{"address":"50.0 NORTHWOODS VILLAGE NW","assessed_value":149500},{"address":"15008.0 74 STREET NW","assessed_value":346500},{"address":"13015.0 101 STREET NW","assessed_value":293000},{"address":"12815.0 81 STREET NW","assessed_value":311000},{"address":"10211.0 129 AVENUE NW","assessed_value":9500},{"address":"14616.0 59 STREET NW","assessed_value":365000},{"address":"13412.0 102 STREET NW","assessed_value":310000},{"address":"14320.0 80 STREET NW","assessed_value":132500},{"address":"7711.0 132A AVENUE NW","assessed_value":363000},{"address":"7107.0 139 AVENUE NW","assessed_value":328500},{"address":"15603.0 122 STREET NW","assessed_value":358500},{"address":"12248.0 103 STREET NW","assessed_value":296000},{"address":"14610.0 118 STREET NW","assessed_value":151000},{"address":"15224.0 122 STREET NW","assessed_value":347500},{"address":"12234.0 95A STREET NW","assessed_value":300000},{"address":"13842.0 24 STREET NW","assessed_value":153500},{"address":"14523.0 24 STREET NW","assessed_value":566500},{"address":"13048.0 78 STREET NW","assessed_value":365500},{"address":"9012.0 136 AVENUE NW","assessed_value":320000},{"address":"8008.0 128A AVENUE NW","assessed_value":334500},{"address":"11388.0 139 AVENUE NW","assessed_value":188500},{"address":"13031.0 62 STREET NW","assessed_value":370500},{"address":"9831.0 163 AVENUE NW","assessed_value":420000},{"address":"12211.0 147 AVENUE NW","assessed_value":381500},{"address":"10321.0 173A AVENUE NW","assessed_value":356000},{"address":"14530.0 56 STREET NW","assessed_value":175500},{"address":"12320.0 104 STREET NW","assessed_value":205000},{"address":"13407.0 111 STREET NW","assessed_value":308500},{"address":"11931.0 138 AVENUE NW","assessed_value":487500},{"address":"10731.0 132 AVENUE NW","assessed_value":309000},{"address":"9503.0 144 AVENUE NW","assessed_value":350000},{"address":"10220.0 136 AVENUE NW","assessed_value":322500},{"address":"7515.0 148 AVENUE NW","assessed_value":363000},{"address":"12231.0 106 STREET NW","assessed_value":534500},{"address":"14519.0 121 STREET NW","assessed_value":162000},{"address":"5425.0 144B AVENUE NW","assessed_value":133000},{"address":"11015.0 137 AVENUE NW","assessed_value":332000},{"address":"12319.0 92 STREET NW","assessed_value":230000},{"address":"10516.0 134 AVENUE NW","assessed_value":306000},{"address":"6403.0 137 AVENUE NW","assessed_value":300000},{"address":"15003.0 76 STREET NW","assessed_value":338000},{"address":"49.0 MCLEOD PLACE NW","assessed_value":174000},{"address":"7516.0 130 AVENUE NW","assessed_value":297000},{"address":"6123.0 141 AVENUE NW","assessed_value":333000},{"address":"9404.0 144 AVENUE NW","assessed_value":348500},{"address":"14712.0 61A STREET NW","assessed_value":338500},{"address":"14604.0 117A STREET NW","assessed_value":339500},{"address":"6323.0 132A AVENUE NW","assessed_value":304000},{"address":"13332.0 81 STREET NW","assessed_value":314500},{"address":"9104.0 136 AVENUE NW","assessed_value":382000},{"address":"15235.0 118 STREET NW","assessed_value":355000},{"address":"12272.0 143 AVENUE NW","assessed_value":354000},{"address":"17223.0 104 STREET NW","assessed_value":268500},{"address":"16424.0 100 STREET NW","assessed_value":456500},{"address":"5715.0 133 AVENUE NW","assessed_value":67000},{"address":"5715.0 143 AVENUE NW","assessed_value":363500},{"address":"11819.0 106 STREET NW","assessed_value":5377500},{"address":"16915.0 108 STREET NW","assessed_value":390000},{"address":"6108.0 142 AVENUE NW","assessed_value":330500},{"address":"12428.0 95A STREET NW","assessed_value":322000},{"address":"11731.0 152B AVENUE NW","assessed_value":351500},{"address":"12930.0 87 STREET NW","assessed_value":406000},{"address":"14219.0 87 STREET NW","assessed_value":319000},{"address":"17227.0 104 STREET NW","assessed_value":347500},{"address":"11748.0 139 AVENUE NW","assessed_value":326000},{"address":"10303.0 136 AVENUE NW","assessed_value":350500},{"address":"7208.0 135A AVENUE NW","assessed_value":367000},{"address":"9552.0 145 AVENUE NW","assessed_value":328000},{"address":"506.0 DUNLUCE ROAD NW","assessed_value":314000},{"address":"14715.0 114 STREET NW","assessed_value":361000},{"address":"8916.0 144 AVENUE NW","assessed_value":117500},{"address":"14242.0 22A STREET NW","assessed_value":356500},{"address":"13544.0 90 STREET NW","assessed_value":15000},{"address":"12824.0 91 STREET NW","assessed_value":298000},{"address":"16531.0 104 STREET NW","assessed_value":338500},{"address":"7119.0 140 AVENUE NW","assessed_value":369000},{"address":"9515.0 150 AVENUE NW","assessed_value":364000},{"address":"15016.0 115 STREET NW","assessed_value":350500},{"address":"12006.0 92 STREET NW","assessed_value":206000},{"address":"6504.0 149 AVENUE NW","assessed_value":343500},{"address":"13212.0 DELWOOD ROAD NW","assessed_value":257000},{"address":"10215.0 165 AVENUE NW","assessed_value":375500},{"address":"7224.0 143 AVENUE NW","assessed_value":358000},{"address":"12860.0 52 STREET NW","assessed_value":410000},{"address":"6704.0 DELWOOD ROAD NW","assessed_value":399500},{"address":"12515.0 161 AVENUE NW","assessed_value":327000},{"address":"103.0 VILLAGE ON THE GREEN NW","assessed_value":159500},{"address":"12315.0 104 STREET NW","assessed_value":311000},{"address":"12334.0 101 STREET NW","assessed_value":373000},{"address":"14542.0 56 STREET NW","assessed_value":175500},{"address":"17119.0 98 STREET NW","assessed_value":379000},{"address":"12901.0 90 STREET NW","assessed_value":10500},{"address":"12207.0 101 STREET NW","assessed_value":249500},{"address":"125.0 WOODBOROUGH WAY NW","assessed_value":164000},{"address":"14536.0 20 STREET NW","assessed_value":310000},{"address":"10203.0 135 AVENUE NW","assessed_value":500},{"address":"13540.0 65 STREET NW","assessed_value":292000},{"address":"12141.0 93 STREET NW","assessed_value":176500},{"address":"15740.0 121 STREET NW","assessed_value":330000},{"address":"13431.0 DELWOOD ROAD NW","assessed_value":318500},{"address":"6503.0 134 AVENUE NW","assessed_value":286000},{"address":"14531.0 31A STREET NW","assessed_value":275000},{"address":"15007.0 73 STREET NW","assessed_value":382500},{"address":"2135.0 141 AVENUE NW","assessed_value":162000},{"address":"11828.0 91 STREET NW","assessed_value":257000},{"address":"7104.0 136 AVENUE NW","assessed_value":336000},{"address":"6020.0 141 AVENUE NW","assessed_value":327000},{"address":"12311.0 101 STREET NW","assessed_value":305000},{"address":"15615.0 124 STREET NW","assessed_value":352000},{"address":"9320.0 151 AVENUE NW","assessed_value":378500},{"address":"1.0 LORELEI CLOSE NW","assessed_value":247000},{"address":"6031.0 141 AVENUE NW","assessed_value":342500},{"address":"10826.0 173A AVENUE NW","assessed_value":377000},{"address":"15115.0 64 STREET NW","assessed_value":342000},{"address":"13328.0 68 STREET NW","assessed_value":314000},{"address":"13323.0 105 STREET NW","assessed_value":329500},{"address":"10108.0 130 AVENUE NW","assessed_value":328000},{"address":"14225.0 114 STREET NW","assessed_value":352500},{"address":"5751.0 144 AVENUE NW","assessed_value":160500},{"address":"13866.0 27 STREET NW","assessed_value":118000},{"address":"9840.0 169 AVENUE NW","assessed_value":381000},{"address":"10619.0 132 AVENUE NW","assessed_value":271000},{"address":"8009.0 145 AVENUE NW","assessed_value":0},{"address":"9516.0 139 AVENUE NW","assessed_value":369500},{"address":"12951.0 105 STREET NW","assessed_value":314000},{"address":"11703.0 139 AVENUE NW","assessed_value":328000},{"address":"17274.0 104 STREET NW","assessed_value":352000},{"address":"5.0 NORTHWOODS VILLAGE NW","assessed_value":169000},{"address":"6211.0 137 AVENUE NW","assessed_value":321500},{"address":"13429.0 101 STREET NW","assessed_value":214500},{"address":"12323.0 103 STREET NW","assessed_value":278000},{"address":"13124.0 63 STREET NW","assessed_value":310000},{"address":"14132.0 96 STREET NW","assessed_value":356500},{"address":"11511.0 152B AVENUE NW","assessed_value":335500},{"address":"17404.0 96 STREET NW","assessed_value":383000},{"address":"7216.0 140 AVENUE NW","assessed_value":330500},{"address":"9123.0 137 AVENUE NW","assessed_value":289000},{"address":"6303.0 152A AVENUE NW","assessed_value":320500},{"address":"16536.0 114 STREET NW","assessed_value":407500},{"address":"15104.0 115 STREET NW","assessed_value":326000},{"address":"13312.0 81 STREET NW","assessed_value":342500},{"address":"14204.0 120A STREET NW","assessed_value":346000},{"address":"15112.0 95 STREET NW","assessed_value":333000},{"address":"14240.0 80 STREET NW","assessed_value":112000},{"address":"135.0 MAYFAIR MEWS NW","assessed_value":173000},{"address":"300.0 DUNLUCE ROAD NW","assessed_value":430000},{"address":"13131.0 60 STREET NW","assessed_value":275000},{"address":"15105.0 121 STREET NW","assessed_value":95500},{"address":"7904.0 130 AVENUE NW","assessed_value":334500}]