[{"address":"351.0 GALBRAITH CLOSE NW","assessed_value":441000},{"address":"51.0 GRAND MEADOW CRESCENT NW","assessed_value":415500},{"address":"10355.0 105 STREET NW","assessed_value":189500},{"address":"409.0 WOODVALE ROAD EAST NW","assessed_value":366000},{"address":"5214.0 39B AVENUE NW","assessed_value":483000},{"address":"4811.0 147 AVENUE NW","assessed_value":397500},{"address":"2119.0 45 STREET NW","assessed_value":437500},{"address":"4214.0 37B AVENUE NW","assessed_value":420000},{"address":"2724.0 41 STREET NW","assessed_value":503500},{"address":"6412.0 12 AVENUE NW","assessed_value":339500},{"address":"4707.0 36 AVENUE NW","assessed_value":279500},{"address":"1108.0 GLASTONBURY COURT NW","assessed_value":490500},{"address":"3739.0 28 STREET NW","assessed_value":492500},{"address":"5011.0 187 STREET NW","assessed_value":496500},{"address":"1106.0 TWIN BROOKS POINT NW","assessed_value":1251500},{"address":"11003.0 82 AVENUE NW","assessed_value":592000},{"address":"9238.0 164 AVENUE NW","assessed_value":410500},{"address":"16208.0 3 STREET NE","assessed_value":2778000},{"address":"nan nan","assessed_value":6500},{"address":"13111.0 36 STREET NW","assessed_value":375500},{"address":"12618.0 152 AVENUE NW","assessed_value":25000},{"address":"1004.0 119 STREET NW","assessed_value":1138500},{"address":"nan nan","assessed_value":6500},{"address":"4532.0 32A AVENUE NW","assessed_value":295500},{"address":"572.0 BUTTERWORTH WAY NW","assessed_value":717500},{"address":"4272.0 93 STREET NW","assessed_value":405500},{"address":"6332.0 34A AVENUE NW","assessed_value":298500},{"address":"9009.0 156 AVENUE NW","assessed_value":488000},{"address":"1746.0 TOMLINSON COMMON NW","assessed_value":543500},{"address":"nan nan","assessed_value":2500},{"address":"3519.0 18A AVENUE NW","assessed_value":335000},{"address":"11308.0 130 AVENUE NW","assessed_value":110000},{"address":"13320.0 124 STREET NW","assessed_value":276500},{"address":"11511.0 168 AVENUE NW","assessed_value":435000},{"address":"5352.0 38A AVENUE NW","assessed_value":215000},{"address":"9731.0 174 STREET NW","assessed_value":398500},{"address":"842.0 PROCTOR WYND NW","assessed_value":588500},{"address":"1327.0 39 STREET NW","assessed_value":335000},{"address":"5203.0 10 AVENUE NW","assessed_value":356000},{"address":"4620.0 13 AVENUE NW","assessed_value":350000},{"address":"15052.0 130 STREET NW","assessed_value":453500},{"address":"976.0 LAMB CRESCENT NW","assessed_value":712500},{"address":"13450.0 114 AVENUE NW","assessed_value":160000},{"address":"3215.0 36 STREET NW","assessed_value":381500},{"address":"5610.0 11A AVENUE NW","assessed_value":24500},{"address":"8838.0 60 AVENUE NW","assessed_value":286000},{"address":"3508.0 10 AVENUE NW","assessed_value":363000},{"address":"4931.0 32 AVENUE NW","assessed_value":411000},{"address":"nan nan","assessed_value":6000},{"address":"14756.0 131 STREET NW","assessed_value":457000},{"address":"17531.0 53 AVENUE NW","assessed_value":767500},{"address":"1012.0 61 STREET NW","assessed_value":358500},{"address":"4519.0 12A AVENUE NW","assessed_value":354500},{"address":"10009.0 102 AVENUE NW","assessed_value":488500},{"address":"5121.0 38A AVENUE NW","assessed_value":455000},{"address":"2538.0 RABBIT HILL ROAD NW","assessed_value":329000},{"address":"11635.0 180 STREET NW","assessed_value":3308500},{"address":"10015.0 180A AVENUE NW","assessed_value":464500},{"address":"2008.0 45 STREET NW","assessed_value":471000},{"address":"3551.0 20 AVENUE NW","assessed_value":379000},{"address":"735.0 BUTTERWORTH DRIVE NW","assessed_value":766000},{"address":"6420.0 34B AVENUE NW","assessed_value":376000},{"address":"17739.0 95 STREET NW","assessed_value":176000},{"address":"1306.0 118A STREET NW","assessed_value":631000},{"address":"3504.0 16A AVENUE NW","assessed_value":375000},{"address":"1112.0 65 STREET NW","assessed_value":500000},{"address":"10511.0 42 AVENUE NW","assessed_value":174500},{"address":"7903.0 164 AVENUE NW","assessed_value":507000},{"address":"3512.0 42A AVENUE NW","assessed_value":295500},{"address":"337.0 BERINGER CRESCENT NW","assessed_value":503500},{"address":"1320.0 54 STREET NW","assessed_value":304500},{"address":"147.0 GRANLEA CRESCENT NW","assessed_value":513500},{"address":"4004.0 97 STREET NW","assessed_value":266000},{"address":"3611.0 HILL VIEW CRESCENT NW","assessed_value":353000},{"address":"11535.0 14 AVENUE NW","assessed_value":569500},{"address":"5215.0 14 AVENUE NW","assessed_value":388000},{"address":"6703.0 172 STREET NW","assessed_value":231500},{"address":"322.0 WILD ROSE WAY NW","assessed_value":402500},{"address":"6623.0 172 STREET NW","assessed_value":207000},{"address":"1855.0 37 STREET NW","assessed_value":367000},{"address":"3764.0 23 STREET NW","assessed_value":437000},{"address":"2112.0 38 STREET NW","assessed_value":284000},{"address":"13441.0 127 STREET NW","assessed_value":177000},{"address":"829.0 PROCTOR WYND NW","assessed_value":784000},{"address":"6427.0 12 AVENUE NW","assessed_value":392500},{"address":"3719.0 65 STREET NW","assessed_value":522000},{"address":"1078.0 56 STREET NW","assessed_value":368500},{"address":"1930.0 TOMLINSON WAY NW","assessed_value":515000},{"address":"4812.0 190 STREET NW","assessed_value":523000},{"address":"1842.0 TOMLINSON CRESCENT NW","assessed_value":404000},{"address":"182.0 HADDOW CLOSE NW","assessed_value":235000},{"address":"nan nan","assessed_value":12500},{"address":"8912.0 156 STREET NW","assessed_value":173000},{"address":"2846.0 41 AVENUE NW","assessed_value":462000},{"address":"4115.0 32 AVENUE NW","assessed_value":401500},{"address":"4723.0 10A AVENUE NW","assessed_value":394500},{"address":"nan nan","assessed_value":12500},{"address":"4122.0 36A AVENUE NW","assessed_value":464000},{"address":"182.0 HADDOW CLOSE NW","assessed_value":175000},{"address":"4262.0 93 STREET NW","assessed_value":279500},{"address":"460.0 BUTCHART DRIVE NW","assessed_value":738000},{"address":"1739.0 38 STREET NW","assessed_value":361000},{"address":"1503.0 LAMBERT COURT NW","assessed_value":539000},{"address":"4269.0 23 STREET NW","assessed_value":394500},{"address":"2022.0 HADDOW DRIVE NW","assessed_value":585000},{"address":"850.0 BLACKLOCK WAY SW","assessed_value":482000},{"address":"506.0 BUTCHART DRIVE NW","assessed_value":1285000},{"address":"6345.0 11 AVENUE NW","assessed_value":354000},{"address":"159.0 COTE CRESCENT NW","assessed_value":497500},{"address":"2322.0 37B AVENUE NW","assessed_value":402500},{"address":"nan nan","assessed_value":5500},{"address":"779.0 BUTTERWORTH DRIVE NW","assessed_value":734500},{"address":"3103.0 35 STREET NW","assessed_value":377000},{"address":"3849.0 76 AVENUE NW","assessed_value":2210000},{"address":"6324.0 10 AVENUE NW","assessed_value":385500},{"address":"4265.0 24 STREET NW","assessed_value":428000},{"address":"309.0 GRAND MEADOW CRESCENT NW","assessed_value":477500},{"address":"8315.0 83 STREET NW","assessed_value":159500},{"address":"456.0 BYRNE CRESCENT SW","assessed_value":486500},{"address":"nan nan","assessed_value":8000},{"address":"6308.0 36 AVENUE NW","assessed_value":405000},{"address":"1844.0 40 STREET NW","assessed_value":361500},{"address":"16431.0 90 STREET NW","assessed_value":434000},{"address":"14723.0 131 STREET NW","assessed_value":460000},{"address":"6035.0 37 AVENUE NW","assessed_value":388000},{"address":"1028.0 38 STREET NW","assessed_value":388500},{"address":"15914.0 86 STREET NW","assessed_value":570500},{"address":"340.0 WILD ROSE WAY NW","assessed_value":498500},{"address":"2825.0 40A AVENUE NW","assessed_value":509500},{"address":"65.0 GREENOCH CRESCENT NW","assessed_value":430500},{"address":"1764.0 49A STREET NW","assessed_value":536500},{"address":"15143.0 19 STREET NW","assessed_value":388500},{"address":"2012.0 47 STREET NW","assessed_value":509500},{"address":"3311.0 44A STREET NW","assessed_value":311500},{"address":"6011.0 35A AVENUE NW","assessed_value":178500},{"address":"3623.0 24 AVENUE NW","assessed_value":383000},{"address":"504.0 BEVINGTON CLOSE NW","assessed_value":436500},{"address":"2520.0 50 STREET NW","assessed_value":138500},{"address":"4256.0 24 STREET NW","assessed_value":412500},{"address":"3523.0 60 STREET NW","assessed_value":301500},{"address":"11723.0 13 AVENUE NW","assessed_value":555500},{"address":"3720.0 10 AVENUE NW","assessed_value":356000},{"address":"2048.0 48 STREET NW","assessed_value":404500},{"address":"5712.0 125A AVENUE NW","assessed_value":326000},{"address":"3924.0 47 STREET NW","assessed_value":464500},{"address":"1458.0 GRANT WAY NW","assessed_value":469000},{"address":"1150.0 GRANTHAM DRIVE NW","assessed_value":385500},{"address":"4039.0 31 STREET NW","assessed_value":453000},{"address":"7809.0 162 AVENUE NW","assessed_value":479000},{"address":"8315.0 171 AVENUE NW","assessed_value":413500},{"address":"1118.0 ORMSBY COURT NW","assessed_value":585000},{"address":"7203.0 78 AVENUE NW","assessed_value":286500},{"address":"2863.0 37A AVENUE NW","assessed_value":443500},{"address":"65.0 GRAND MEADOW CRESCENT NW","assessed_value":301000},{"address":"5458.0 38A AVENUE NW","assessed_value":186000},{"address":"1610.0 TOMLINSON COMMON NW","assessed_value":360500},{"address":"19032.0 51 AVENUE NW","assessed_value":475000},{"address":"1124.0 52 STREET NW","assessed_value":463500},{"address":"4253.0 24 STREET NW","assessed_value":387000},{"address":"4231.0 32 AVENUE NW","assessed_value":493000},{"address":"212.0 161 AVENUE NE","assessed_value":890000},{"address":"843.0 PROCTOR WYND NW","assessed_value":614500},{"address":"7809.0 96 STREET NW","assessed_value":384000},{"address":"11903.0 111 AVENUE NW","assessed_value":5054000},{"address":"4605.0 76 AVENUE NW","assessed_value":1360000},{"address":"4412.0 36 AVENUE NW","assessed_value":3529000},{"address":"2028.0 HADDOW DRIVE NW","assessed_value":599000},{"address":"8928.0 156 AVENUE NW","assessed_value":762500},{"address":"16113.0 83 STREET NW","assessed_value":425000},{"address":"5437.0 HILL VIEW CRESCENT NW","assessed_value":223000},{"address":"11717.0 11B AVENUE NW","assessed_value":475000},{"address":"4939.0 149 AVENUE NW","assessed_value":457500},{"address":"1618.0 37 STREET NW","assessed_value":166500},{"address":"7951.0 96 STREET NW","assessed_value":228000},{"address":"5308.0 HILL VIEW CRESCENT NW","assessed_value":463500},{"address":"1106.0 HAYNES CLOSE NW","assessed_value":453000},{"address":"3110.0 41A AVENUE NW","assessed_value":494500},{"address":"353.0 HUNTERS RUN NW","assessed_value":622000},{"address":"8912.0 156 STREET NW","assessed_value":184500},{"address":"5112.0 15 AVENUE NW","assessed_value":365000},{"address":"151.0 GRAND MEADOW CRESCENT NW","assessed_value":499500},{"address":"15116.0 30 STREET NW","assessed_value":395000},{"address":"1807.0 49 STREET NW","assessed_value":401500},{"address":"9105.0 166 AVENUE NW","assessed_value":343500},{"address":"10355.0 105 STREET NW","assessed_value":201500},{"address":"1508.0 GRANT COURT NW","assessed_value":409500},{"address":"14911.0 48 STREET NW","assessed_value":435000},{"address":"17104.0 118 AVENUE NW","assessed_value":8819500},{"address":"603.0 BEVINGTON PLACE NW","assessed_value":391000},{"address":"2030.0 HADDOW DRIVE NW","assessed_value":621500},{"address":"17243.0 83 STREET NW","assessed_value":427500},{"address":"3724.0 45 STREET NW","assessed_value":323000},{"address":"18.0 PRESTIGE POINT NW","assessed_value":697500},{"address":"3619.0 43 AVENUE NW","assessed_value":252500},{"address":"13320.0 124 STREET NW","assessed_value":305000},{"address":"nan nan","assessed_value":6500},{"address":"10933.0 124 STREET NW","assessed_value":210000},{"address":"14428.0 MILLER BOULEVARD NW","assessed_value":301500},{"address":"7003.0 GIRARD ROAD NW","assessed_value":500},{"address":"4220.0 139 AVENUE NW","assessed_value":120500},{"address":"2808.0 116 STREET NW","assessed_value":97500},{"address":"5441.0 HILL VIEW CRESCENT NW","assessed_value":216000},{"address":"7904.0 163 AVENUE NW","assessed_value":434000},{"address":"3706.0 28A STREET NW","assessed_value":564000},{"address":"1119.0 48 STREET NW","assessed_value":427000},{"address":"128.0 GRAND MEADOW CRESCENT NW","assessed_value":504000},{"address":"516.0 ORMSBY ROAD WEST NW","assessed_value":502000},{"address":"7336.0 82 AVENUE NW","assessed_value":411500},{"address":"4908.0 11A AVENUE NW","assessed_value":354500},{"address":"2035.0 45 STREET NW","assessed_value":386500},{"address":"3811.0 85 STREET NW","assessed_value":217000},{"address":"148.0 CASTLE DRIVE NW","assessed_value":637000},{"address":"4912.0 187 STREET NW","assessed_value":435500},{"address":"6418.0 36A AVENUE NW","assessed_value":384500},{"address":"1026.0 GRAHAM COURT NW","assessed_value":447000},{"address":"4120.0 19 AVENUE NW","assessed_value":355500},{"address":"9935.0 167 STREET NW","assessed_value":271500},{"address":"4828.0 21 AVENUE NW","assessed_value":432500},{"address":"4312.0 38 STREET NW","assessed_value":310000},{"address":"3520.0 37 STREET NW","assessed_value":468000},{"address":"104.0 GRAND MEADOW CRESCENT NW","assessed_value":429000},{"address":"3220.0 41 AVENUE NW","assessed_value":481500},{"address":"nan nan","assessed_value":8500},{"address":"1685.0 TOANE WYND NW","assessed_value":682500},{"address":"1670.0 JAMHA ROAD NW","assessed_value":280000},{"address":"1103.0 49 STREET NW","assessed_value":320500},{"address":"6005.0 MILL WOODS ROAD SOUTH NW","assessed_value":236500},{"address":"1015.0 61 STREET NW","assessed_value":335500},{"address":"4007.0 36 AVENUE NW","assessed_value":442000},{"address":"4350.0 37B AVENUE NW","assessed_value":445000},{"address":"nan nan","assessed_value":7000},{"address":"3803.0 CALGARY TRAIL NW","assessed_value":92559000},{"address":"386.0 GALBRAITH CLOSE NW","assessed_value":495000},{"address":"16151.0 78 STREET NW","assessed_value":539000},{"address":"16039.0 84 STREET NW","assessed_value":486500},{"address":"nan nan","assessed_value":8500},{"address":"11440.0 78 AVENUE NW","assessed_value":774500},{"address":"1144.0 49A STREET NW","assessed_value":466000},{"address":"641.0 BEVINGTON PLACE NW","assessed_value":424500},{"address":"8711.0 159A AVENUE NW","assessed_value":492500},{"address":"1008.0 ORMSBY CRESCENT NW","assessed_value":489500},{"address":"14913.0 135 STREET NW","assessed_value":408500},{"address":"nan nan","assessed_value":6000},{"address":"478.0 KLARVATTEN LAKE WYND NW","assessed_value":585000},{"address":"14827.0 47 STREET NW","assessed_value":381000},{"address":"2520.0 50 STREET NW","assessed_value":163000},{"address":"5151.0 191 STREET NW","assessed_value":449500},{"address":"16304.0 89 STREET NW","assessed_value":616000},{"address":"4008.0 37 AVENUE NW","assessed_value":408000},{"address":"6112.0 40 AVENUE NW","assessed_value":329500},{"address":"5526.0 11A AVENUE NW","assessed_value":355500},{"address":"4216.0 26 AVENUE NW","assessed_value":335500},{"address":"8403.0 162 AVENUE NW","assessed_value":472000},{"address":"4616.0 16A AVENUE NW","assessed_value":381500},{"address":"16328.0 90 STREET NW","assessed_value":491500},{"address":"17.0 DECHENE LANE NW","assessed_value":420000},{"address":"4805.0 188 STREET NW","assessed_value":567500},{"address":"7716.0 67 STREET NW","assessed_value":2085000},{"address":"4823.0 20A AVENUE NW","assessed_value":362500},{"address":"1203.0 CARTER CREST ROAD NW","assessed_value":500},{"address":"nan nan","assessed_value":5500},{"address":"3733.0 29 STREET NW","assessed_value":490000},{"address":"929.0 PICARD DRIVE NW","assessed_value":500000},{"address":"840.0 TWIN BROOKS CLOSE NW","assessed_value":714000},{"address":"2311.0 42A AVENUE NW","assessed_value":383000},{"address":"7620.0 73 STREET NW","assessed_value":1000},{"address":"3144.0 49A STREET NW","assessed_value":346500},{"address":"9535.0 176 STREET NW","assessed_value":278000},{"address":"178.0 KULAWY DRIVE NW","assessed_value":680500},{"address":"4012.0 10 AVENUE NW","assessed_value":367500},{"address":"nan nan","assessed_value":0},{"address":"nan nan","assessed_value":12500},{"address":"1816.0 42 STREET NW","assessed_value":369000},{"address":"4519.0 20A AVENUE NW","assessed_value":385000},{"address":"3815.0 12 AVENUE NW","assessed_value":377500},{"address":"5811.0 10 AVENUE NW","assessed_value":395500},{"address":"4511.0 149 AVENUE NW","assessed_value":377000},{"address":"15210.0 103 AVENUE NW","assessed_value":378500},{"address":"14408.0 131 STREET NW","assessed_value":456000},{"address":"2515.0 43 STREET NW","assessed_value":416000},{"address":"13503.0 32 STREET NW","assessed_value":399500},{"address":"7807.0 75 STREET NW","assessed_value":327000},{"address":"1507.0 146 AVENUE NW","assessed_value":456500},{"address":"6319.0 34B AVENUE NW","assessed_value":365000},{"address":"4836.0 147 AVENUE NW","assessed_value":387500},{"address":"121.0 LEIGH CRESCENT NW","assessed_value":536000},{"address":"7216.0 80 AVENUE NW","assessed_value":266500},{"address":"4823.0 19 AVENUE NW","assessed_value":389500},{"address":"11703.0 11A AVENUE NW","assessed_value":527500},{"address":"2923.0 44A STREET NW","assessed_value":403500},{"address":"3422.0 42 STREET NW","assessed_value":500},{"address":"13140.0 34 STREET NW","assessed_value":390000},{"address":"5512.0 38B AVENUE NW","assessed_value":280500},{"address":"3507.0 39 STREET NW","assessed_value":405000},{"address":"4708.0 39A AVENUE NW","assessed_value":424500},{"address":"10711.0 83 AVENUE NW","assessed_value":281500},{"address":"11955.0 101 STREET NW","assessed_value":500},{"address":"12618.0 152 AVENUE NW","assessed_value":25000},{"address":"9126.0 165 AVENUE NW","assessed_value":358500},{"address":"1203.0 CARTER CREST ROAD NW","assessed_value":483000},{"address":"6317.0 36A AVENUE NW","assessed_value":426000},{"address":"1167.0 35A STREET NW","assessed_value":370000},{"address":"5554.0 39 AVENUE NW","assessed_value":534500},{"address":"3516.0 25 AVENUE NW","assessed_value":386000},{"address":"8837.0 160A AVENUE NW","assessed_value":656500},{"address":"8503.0 160A AVENUE NW","assessed_value":484000},{"address":"13813.0 128A AVENUE NW","assessed_value":388500},{"address":"2614.0 41 STREET NW","assessed_value":363500},{"address":"11524.0 128 STREET NW","assessed_value":386000},{"address":"9122.0 165 AVENUE NW","assessed_value":337500},{"address":"10511.0 42 AVENUE NW","assessed_value":184500},{"address":"19007.0 49 AVENUE NW","assessed_value":31500},{"address":"1636.0 TOMPKINS WYND NW","assessed_value":457500},{"address":"11717.0 9B AVENUE NW","assessed_value":290000},{"address":"1920.0 MILL WOODS ROAD EAST NW","assessed_value":316500},{"address":"1108.0 48 STREET NW","assessed_value":471000},{"address":"9604.0 79 AVENUE NW","assessed_value":344000},{"address":"2104.0 39 STREET NW","assessed_value":331500},{"address":"3928.0 47 STREET NW","assessed_value":426500},{"address":"7839.0 96 STREET NW","assessed_value":327000},{"address":"333.0 WEST BROOK WAY NW","assessed_value":82000},{"address":"11504.0 15 AVENUE NW","assessed_value":5000},{"address":"10033.0 110 STREET NW","assessed_value":202000},{"address":"18515.0 49 AVENUE NW","assessed_value":507500},{"address":"11731.0 13 AVENUE NW","assessed_value":534000},{"address":"1051.0 BLACKBURN CLOSE SW","assessed_value":556000},{"address":"1104.0 58 STREET NW","assessed_value":408500},{"address":"8911.0 159A AVENUE NW","assessed_value":566500},{"address":"8916.0 160 AVENUE NW","assessed_value":652500},{"address":"5608.0 38B AVENUE NW","assessed_value":288500},{"address":"220.0 HOLLINGER CLOSE NW","assessed_value":433500},{"address":"18932.0 122 AVENUE NW","assessed_value":820000},{"address":"1650.0 46 STREET NW","assessed_value":415000},{"address":"945.0 HAMPTON COURT NW","assessed_value":789500},{"address":"5207.0 40 AVENUE NW","assessed_value":347500},{"address":"6028.0 37 AVENUE NW","assessed_value":440500},{"address":"14.0 BUTTERWORTH POINT NW","assessed_value":716500},{"address":"9730.0 106 STREET NW","assessed_value":89000},{"address":"4519.0 37 AVENUE NW","assessed_value":346500},{"address":"15532.0 103 STREET NW","assessed_value":496000},{"address":"17109.0 67 AVENUE NW","assessed_value":159000},{"address":"10328.0 UNIVERSITY AVENUE NW","assessed_value":320500},{"address":"3511.0 49 STREET NW","assessed_value":395500},{"address":"3610.0 GATEWAY BOULEVARD NW","assessed_value":4769500},{"address":"14724.0 131 STREET NW","assessed_value":443500},{"address":"nan nan","assessed_value":8500},{"address":"2872.0 37A AVENUE NW","assessed_value":748500},{"address":"16407.0 90 STREET NW","assessed_value":385000},{"address":"1716.0 35 STREET NW","assessed_value":383500},{"address":"5708.0 40 AVENUE NW","assessed_value":358000},{"address":"821.0 BRECKENRIDGE BAY NW","assessed_value":548500},{"address":"120.0 CAIRNS BAY NW","assessed_value":563500},{"address":"nan nan","assessed_value":7500},{"address":"15705.0 90 STREET NW","assessed_value":674500},{"address":"1319.0 119A STREET NW","assessed_value":627000},{"address":"1828.0 TUFFORD WAY NW","assessed_value":451000},{"address":"1710.0 37 STREET NW","assessed_value":200000},{"address":"10717.0 83 AVENUE NW","assessed_value":211000},{"address":"8342.0 171A AVENUE NW","assessed_value":413500},{"address":"3321.0 48 STREET NW","assessed_value":314000},{"address":"731.0 HETU LANE NW","assessed_value":910500},{"address":"1020.0 55 STREET NW","assessed_value":363000},{"address":"4604.0 20 AVENUE NW","assessed_value":390000},{"address":"10219.0 111 STREET NW","assessed_value":282000},{"address":"330.0 GALBRAITH CLOSE NW","assessed_value":407500},{"address":"1828.0 36 STREET NW","assessed_value":323000},{"address":"3539.0 65 STREET NW","assessed_value":409000},{"address":"10023.0 110 STREET NW","assessed_value":236500},{"address":"1623.0 133 AVENUE NW","assessed_value":1000},{"address":"421.0 WEST VIEW CLOSE NW","assessed_value":44500},{"address":"20950.0 44 AVENUE NW","assessed_value":694500},{"address":"13441.0 127 STREET NW","assessed_value":157500},{"address":"4168.0 37A AVENUE NW","assessed_value":468000},{"address":"2225.0 28 AVENUE SW","assessed_value":1000},{"address":"2021.0 HADDOW DRIVE NW","assessed_value":541500},{"address":"4012.0 22 AVENUE NW","assessed_value":401000},{"address":"16620.0 81 STREET NW","assessed_value":633000},{"address":"3511.0 45 STREET NW","assessed_value":377500},{"address":"3828.0 26 AVENUE NW","assessed_value":350000},{"address":"2132.0 40 STREET NW","assessed_value":333000},{"address":"503.0 WISEMAN LANE NW","assessed_value":552500},{"address":"2611.0 35 STREET NW","assessed_value":399000},{"address":"2903.0 39 AVENUE NW","assessed_value":468500},{"address":"825.0 BLACKLOCK WAY SW","assessed_value":361000},{"address":"5304.0 HILL VIEW CRESCENT NW","assessed_value":490000},{"address":"nan nan","assessed_value":7500},{"address":"18809.0 50 AVENUE NW","assessed_value":425500},{"address":"3920.0 42 STREET NW","assessed_value":553500},{"address":"13826.0 130 AVENUE NW","assessed_value":423000},{"address":"1140.0 62 STREET NW","assessed_value":317500},{"address":"1680.0 37 STREET NW","assessed_value":172500},{"address":"911.0 RABBIT HILL ROAD NW","assessed_value":226000},{"address":"4803.0 17 AVENUE NW","assessed_value":451500},{"address":"3931.0 57 STREET NW","assessed_value":428500},{"address":"3769.0 23 STREET NW","assessed_value":441500},{"address":"2022.0 46 STREET NW","assessed_value":384500},{"address":"8324.0 172 AVENUE NW","assessed_value":415000},{"address":"2824.0 35 STREET NW","assessed_value":385500},{"address":"9760.0 174 STREET NW","assessed_value":174000},{"address":"12826.0 130 STREET NW","assessed_value":9000},{"address":"3723.0 12 AVENUE NW","assessed_value":343000},{"address":"4220.0 139 AVENUE NW","assessed_value":131000},{"address":"75.0 GRAND MEADOW CRESCENT NW","assessed_value":326000},{"address":"14947.0 47 STREET NW","assessed_value":509000},{"address":"4527.0 27 AVENUE NW","assessed_value":375500},{"address":"4205.0 25 AVENUE NW","assessed_value":366000},{"address":"1144.0 52 STREET NW","assessed_value":388000},{"address":"8611.0 160 AVENUE NW","assessed_value":518500},{"address":"3504.0 22 AVENUE NW","assessed_value":441000},{"address":"nan nan","assessed_value":124500},{"address":"313.0 HUNTERS RUN NW","assessed_value":591500},{"address":"12618.0 152 AVENUE NW","assessed_value":25500},{"address":"4823.0 147 AVENUE NW","assessed_value":421000},{"address":"13724.0 130 AVENUE NW","assessed_value":360000},{"address":"9804.0 157 STREET NW","assessed_value":17000},{"address":"7951.0 96 STREET NW","assessed_value":308000},{"address":"3419.0 60 STREET NW","assessed_value":323500},{"address":"3604.0 16A AVENUE NW","assessed_value":355500},{"address":"10211.0 111 STREET NW","assessed_value":330500},{"address":"2243.0 BRENNAN COURT NW","assessed_value":572500},{"address":"1112.0 TWIN BROOKS POINT NW","assessed_value":1660000},{"address":"721.0 HALIBURTON CRESCENT NW","assessed_value":804000},{"address":"3515.0 76 AVENUE NW","assessed_value":2671000},{"address":"209.0 FALCONER LINK NW","assessed_value":585500},{"address":"14063.0 128 STREET NW","assessed_value":441000},{"address":"3908.0 97 STREET NW","assessed_value":274500},{"address":"3728.0 48 STREET NW","assessed_value":320000},{"address":"1507.0 GRANT COURT NW","assessed_value":431500},{"address":"nan nan","assessed_value":6000},{"address":"7904.0 165 AVENUE NW","assessed_value":550500},{"address":"10355.0 105 STREET NW","assessed_value":192500},{"address":"4707.0 32 AVENUE NW","assessed_value":302000},{"address":"1306.0 39 STREET NW","assessed_value":262000},{"address":"869.0 BLACKLOCK WAY SW","assessed_value":399000},{"address":"4104.0 32 AVENUE NW","assessed_value":419500},{"address":"10225.0 149 STREET NW","assessed_value":1033500},{"address":"nan nan","assessed_value":8500},{"address":"9834.0 179 AVENUE NW","assessed_value":430500},{"address":"10235.0 111 STREET NW","assessed_value":396000},{"address":"6331.0 10 AVENUE NW","assessed_value":381500},{"address":"1211.0 49 STREET NW","assessed_value":382000},{"address":"2041.0 TANNER WYND NW","assessed_value":435500},{"address":"14524.0 49 STREET NW","assessed_value":403000},{"address":"nan nan","assessed_value":12500},{"address":"8308.0 171 AVENUE NW","assessed_value":391500},{"address":"10511.0 42 AVENUE NW","assessed_value":146000},{"address":"607.0 HARKER CLOSE NW","assessed_value":549500},{"address":"1123.0 117 STREET NW","assessed_value":478500},{"address":"3429.0 35 STREET NW","assessed_value":356500},{"address":"45.0 GREENOCH CRESCENT NW","assessed_value":469000},{"address":"11728.0 13 AVENUE NW","assessed_value":495000},{"address":"1304.0 37 STREET NW","assessed_value":338500},{"address":"314.0 GALBRAITH CLOSE NW","assessed_value":580500},{"address":"4605.0 36 AVENUE NW","assessed_value":266000},{"address":"3968.0 55 STREET NW","assessed_value":389000},{"address":"3512.0 22 AVENUE NW","assessed_value":350500},{"address":"137.0 COTE CRESCENT NW","assessed_value":444500},{"address":"1735.0 35 STREET NW","assessed_value":341000},{"address":"4527.0 37B AVENUE NW","assessed_value":334000},{"address":"9703.0 41 AVENUE NW","assessed_value":247500},{"address":"1719.0 GLASTONBURY BOULEVARD NW","assessed_value":469500},{"address":"3519.0 HILL VIEW CRESCENT NW","assessed_value":470000},{"address":"1850.0 MILL WOODS ROAD EAST NW","assessed_value":291000},{"address":"1203.0 CARTER CREST ROAD NW","assessed_value":483000},{"address":"3819.0 76 AVENUE NW","assessed_value":1972500},{"address":"1651.0 FORBES WAY NW","assessed_value":710000},{"address":"1149.0 65 STREET NW","assessed_value":431000},{"address":"4668.0 16A AVENUE NW","assessed_value":410500},{"address":"11608.0 28 AVENUE NW","assessed_value":86000},{"address":"1460.0 LOEWEN COURT NW","assessed_value":771000},{"address":"6703.0 172 STREET NW","assessed_value":249500},{"address":"1430.0 211 AVENUE NE","assessed_value":459500},{"address":"3824.0 26 AVENUE NW","assessed_value":331500},{"address":"12618.0 152 AVENUE NW","assessed_value":25500},{"address":"14020.0 63 STREET NW","assessed_value":273000},{"address":"2932.0 39 AVENUE NW","assessed_value":450000},{"address":"1320.0 116 STREET NW","assessed_value":544500},{"address":"2924.0 46 STREET NW","assessed_value":297000},{"address":"1488.0 GRANT WAY NW","assessed_value":376500},{"address":"7320.0 68 AVENUE NW","assessed_value":2125000},{"address":"3132.0 49A STREET NW","assessed_value":344500},{"address":"5156.0 152A AVENUE NW","assessed_value":441000},{"address":"nan nan","assessed_value":8500},{"address":"2049.0 46 STREET NW","assessed_value":389000},{"address":"818.0 GRAYDON COURT NW","assessed_value":399500},{"address":"5551.0 10 AVENUE NW","assessed_value":367500},{"address":"9730.0 106 STREET NW","assessed_value":87500},{"address":"1308.0 35 STREET NW","assessed_value":407000},{"address":"3908.0 97 STREET NW","assessed_value":274500},{"address":"1115.0 35A STREET NW","assessed_value":379000},{"address":"3818.0 25 AVENUE NW","assessed_value":370000},{"address":"8812.0 163 AVENUE NW","assessed_value":438000},{"address":"9531.0 76 AVENUE NW","assessed_value":125500},{"address":"9131.0 165 AVENUE NW","assessed_value":308500},{"address":"3704.0 15 AVENUE NW","assessed_value":264500},{"address":"6412.0 36 AVENUE NW","assessed_value":410000},{"address":"3547.0 15 AVENUE NW","assessed_value":326500},{"address":"2111.0 49A STREET NW","assessed_value":395000},{"address":"7816.0 106 AVENUE NW","assessed_value":116000},{"address":"nan nan","assessed_value":8500},{"address":"4804.0 87 STREET NW","assessed_value":974500},{"address":"16137.0 83 STREET NW","assessed_value":406000},{"address":"13527.0 149A AVENUE NW","assessed_value":445500},{"address":"1712.0 49A STREET NW","assessed_value":502500},{"address":"8632.0 160A AVENUE NW","assessed_value":455500},{"address":"3832.0 48 STREET NW","assessed_value":484000},{"address":"17221.0 115 STREET NW","assessed_value":453000},{"address":"9420.0 172 STREET NW","assessed_value":361500},{"address":"1504.0 62 STREET NW","assessed_value":281500},{"address":"2520.0 50 STREET NW","assessed_value":156500},{"address":"1847.0 45 STREET NW","assessed_value":478000},{"address":"1779.0 35 STREET NW","assessed_value":393500},{"address":"6015.0 92 STREET NW","assessed_value":592500},{"address":"1604.0 47 STREET NW","assessed_value":372500},{"address":"6313.0 13 AVENUE NW","assessed_value":341500},{"address":"17447.0 98A AVENUE NW","assessed_value":157000},{"address":"nan nan","assessed_value":4500},{"address":"2118.0 38 STREET NW","assessed_value":259000},{"address":"107.0 CAIRNS BAY NW","assessed_value":634000},{"address":"925.0 PICARD DRIVE NW","assessed_value":484500},{"address":"1850.0 MILL WOODS ROAD EAST NW","assessed_value":309000},{"address":"650.0 CALGARY TRAIL NW","assessed_value":844500},{"address":"4943.0 31 AVENUE NW","assessed_value":404000},{"address":"3210.0 41A AVENUE NW","assessed_value":494000},{"address":"929.0 HAMPTON COURT NW","assessed_value":576500},{"address":"1611.0 147 AVENUE NW","assessed_value":387000},{"address":"nan nan","assessed_value":6500},{"address":"4144.0 37A AVENUE NW","assessed_value":446500},{"address":"2612.0 37 STREET NW","assessed_value":362500},{"address":"2052.0 35 STREET NW","assessed_value":459500},{"address":"1670.0 JAMHA ROAD NW","assessed_value":291500},{"address":"1415.0 65 STREET NW","assessed_value":380000},{"address":"1017.0 LEGER BOULEVARD NW","assessed_value":495500},{"address":"4916.0 30 AVENUE NW","assessed_value":469000},{"address":"4507.0 13 AVENUE NW","assessed_value":407000},{"address":"nan nan","assessed_value":12500},{"address":"2903.0 WINTERBURN ROAD SW","assessed_value":6000},{"address":"1850.0 MILL WOODS ROAD EAST NW","assessed_value":306500},{"address":"11714.0 11B AVENUE NW","assessed_value":593500},{"address":"4152.0 37A AVENUE NW","assessed_value":423000},{"address":"8735.0 126 AVENUE NW","assessed_value":796000},{"address":"1224.0 119 STREET NW","assessed_value":1553000},{"address":"536.0 ORMSBY ROAD WEST NW","assessed_value":549500},{"address":"711.0 HALIBURTON CRESCENT NW","assessed_value":918500},{"address":"10010.0 178 STREET NW","assessed_value":5449000},{"address":"1871.0 45 STREET NW","assessed_value":411500},{"address":"4535.0 26 AVENUE NW","assessed_value":872500},{"address":"3442.0 37 STREET NW","assessed_value":356500},{"address":"nan nan","assessed_value":7500},{"address":"3527.0 HILL VIEW CRESCENT NW","assessed_value":430500},{"address":"nan nan","assessed_value":11500},{"address":"4607.0 25 AVENUE NW","assessed_value":384000},{"address":"2103.0 38 STREET NW","assessed_value":392500},{"address":"9134.0 166 AVENUE NW","assessed_value":301000},{"address":"10511.0 42 AVENUE NW","assessed_value":173000},{"address":"4627.0 37 AVENUE NW","assessed_value":367000},{"address":"4608.0 12 AVENUE NW","assessed_value":349000},{"address":"4244.0 37B AVENUE NW","assessed_value":418500},{"address":"303.0 LEGER WAY NW","assessed_value":321000},{"address":"4819.0 184 STREET NW","assessed_value":3366000},{"address":"1224.0 37 STREET NW","assessed_value":358000},{"address":"nan nan","assessed_value":6000},{"address":"1736.0 TURVEY BEND NW","assessed_value":432000},{"address":"4148.0 28 AVENUE NW","assessed_value":367000},{"address":"208.0 WYMAN LANE NW","assessed_value":581000},{"address":"1512.0 LAMBERT COURT NW","assessed_value":577500},{"address":"2520.0 50 STREET NW","assessed_value":135000},{"address":"13522.0 33 STREET NW","assessed_value":311000},{"address":"3429.0 16A AVENUE NW","assessed_value":371000},{"address":"8235.0 GATEWAY BOULEVARD NW","assessed_value":1576500},{"address":"nan nan","assessed_value":8000},{"address":"1772.0 48 STREET NW","assessed_value":433500},{"address":"10511.0 42 AVENUE NW","assessed_value":185500},{"address":"154.0 COTE CRESCENT NW","assessed_value":451000},{"address":"861.0 TWIN BROOKS CLOSE NW","assessed_value":969000},{"address":"8915.0 160 AVENUE NW","assessed_value":478500},{"address":"9120.0 166 AVENUE NW","assessed_value":296000},{"address":"2936.0 41 AVENUE NW","assessed_value":439000},{"address":"nan nan","assessed_value":15500},{"address":"7508.0 184 STREET NW","assessed_value":406500},{"address":"10137.0 SASKATCHEWAN DRIVE NW","assessed_value":16000},{"address":"1215.0 48 STREET NW","assessed_value":541500},{"address":"2075.0 TANNER WYND NW","assessed_value":435500},{"address":"9818.0 109 STREET NW","assessed_value":40000},{"address":"11527.0 14A AVENUE NW","assessed_value":761000},{"address":"14715.0 122 AVENUE NW","assessed_value":3006000},{"address":"15215.0 126 STREET NW","assessed_value":269000},{"address":"178.0 WARD CRESCENT NW","assessed_value":443000},{"address":"10124.0 157 STREET NW","assessed_value":307500},{"address":"9.0 DECHENE ROAD NW","assessed_value":449500},{"address":"3528.0 33 AVENUE NW","assessed_value":365500},{"address":"13433.0 33 STREET NW","assessed_value":298500},{"address":"2064.0 49 STREET NW","assessed_value":457500},{"address":"2820.0 116 STREET NW","assessed_value":97000},{"address":"6212.0 12 AVENUE NW","assessed_value":91000},{"address":"1107.0 62 STREET NW","assessed_value":195000},{"address":"243.0 CAIRNS PLACE NW","assessed_value":509500},{"address":"4509.0 29 AVENUE NW","assessed_value":424000},{"address":"8606.0 122 AVENUE NW","assessed_value":237500},{"address":"10219.0 92 STREET NW","assessed_value":411000},{"address":"2337.0 37B AVENUE NW","assessed_value":427000},{"address":"2624.0 43 STREET NW","assessed_value":403000},{"address":"4313.0 39 AVENUE NW","assessed_value":447500},{"address":"4310.0 37 STREET NW","assessed_value":323000},{"address":"4903.0 30 AVENUE NW","assessed_value":497000},{"address":"4444.0 32 AVENUE NW","assessed_value":323000},{"address":"7839.0 96 STREET NW","assessed_value":441000},{"address":"4636.0 37 AVENUE NW","assessed_value":370500},{"address":"4220.0 139 AVENUE NW","assessed_value":95500},{"address":"6212.0 34B AVENUE NW","assessed_value":403500},{"address":"1010.0 41 STREET NW","assessed_value":174500},{"address":"4032.0 33A STREET NW","assessed_value":457500},{"address":"1031.0 58 STREET NW","assessed_value":412000},{"address":"1140.0 35A STREET NW","assessed_value":338500},{"address":"470.0 BUTCHART DRIVE NW","assessed_value":676500},{"address":"5322.0 38A AVENUE NW","assessed_value":459000},{"address":"1267.0 GILLESPIE CRESCENT NW","assessed_value":402000},{"address":"nan nan","assessed_value":6000},{"address":"4220.0 139 AVENUE NW","assessed_value":127500},{"address":"9760.0 174 STREET NW","assessed_value":173000},{"address":"4908.0 17 AVENUE NW","assessed_value":460000},{"address":"6207.0 13 AVENUE NW","assessed_value":375000},{"address":"4531.0 33 AVENUE NW","assessed_value":297000},{"address":"4485.0 GATEWAY BOULEVARD NW","assessed_value":8426500},{"address":"10747.0 92 STREET NW","assessed_value":225500},{"address":"4331.0 38 STREET NW","assessed_value":333000},{"address":"3223.0 227 AVENUE NE","assessed_value":500},{"address":"3935.0 55 STREET NW","assessed_value":361500},{"address":"12013.0 87 STREET NW","assessed_value":250500},{"address":"nan nan","assessed_value":4500},{"address":"23.0 WOODVALE VILLAGE NW","assessed_value":178000},{"address":"211.0 BLACKBURN DRIVE EAST SW","assessed_value":313000},{"address":"7311.0 80 AVENUE NW","assessed_value":409500},{"address":"551.0 GLENWRIGHT CRESCENT NW","assessed_value":451500},{"address":"85.0 GREENOCH CRESCENT NW","assessed_value":456500},{"address":"6219.0 13 AVENUE NW","assessed_value":387500},{"address":"4621.0 35 AVENUE NW","assessed_value":284000},{"address":"1920.0 MILL WOODS ROAD EAST NW","assessed_value":313500},{"address":"324.0 WILD ROSE WAY NW","assessed_value":500500},{"address":"1415.0 118 STREET NW","assessed_value":575500},{"address":"2817.0 37 AVENUE NW","assessed_value":476000},{"address":"10603.0 99 STREET NW","assessed_value":3500},{"address":"1237.0 CARTER CREST ROAD NW","assessed_value":331500},{"address":"929.0 PICARD DRIVE NW","assessed_value":486000},{"address":"5335.0 HILL VIEW CRESCENT NW","assessed_value":212000},{"address":"5625.0 38B AVENUE NW","assessed_value":446500},{"address":"5416.0 40 AVENUE NW","assessed_value":389000},{"address":"16404.0 81 STREET NW","assessed_value":416000},{"address":"10431.0 154 STREET NW","assessed_value":347500},{"address":"nan nan","assessed_value":7500},{"address":"10033.0 110 STREET NW","assessed_value":253500},{"address":"2044.0 49 STREET NW","assessed_value":392500},{"address":"1107.0 HAYNES CLOSE NW","assessed_value":574000},{"address":"388.0 HUNTERS RUN NW","assessed_value":666000},{"address":"622.0 GLENWRIGHT CRESCENT NW","assessed_value":453500},{"address":"1668.0 TOMPKINS WYND NW","assessed_value":458500},{"address":"7721.0 111 STREET NW","assessed_value":575000},{"address":"2412.0 35 STREET NW","assessed_value":399000},{"address":"208.0 FALCONER LINK NW","assessed_value":739500},{"address":"13107.0 36 STREET NW","assessed_value":368500},{"address":"4919.0 34A AVENUE NW","assessed_value":316000},{"address":"5020.0 55 AVENUE NW","assessed_value":1468500},{"address":"nan nan","assessed_value":5500},{"address":"14704.0 MILLER BOULEVARD NW","assessed_value":341500},{"address":"nan nan","assessed_value":12500},{"address":"4520.0 13 AVENUE NW","assessed_value":380000},{"address":"1245.0 62 STREET NW","assessed_value":192500},{"address":"18844.0 49 AVENUE NW","assessed_value":437000},{"address":"1736.0 GLASTONBURY BOULEVARD NW","assessed_value":481500},{"address":"330.0 GALBRAITH CLOSE NW","assessed_value":419000},{"address":"nan nan","assessed_value":6000},{"address":"286.0 GRAND MEADOW CRESCENT NW","assessed_value":459000},{"address":"11735.0 170 AVENUE NW","assessed_value":483500},{"address":"956.0 JORDAN CRESCENT NW","assessed_value":489000},{"address":"653.0 BEVINGTON PLACE NW","assessed_value":498500},{"address":"7220.0 51 AVENUE NW","assessed_value":1683500},{"address":"855.0 BLACKLOCK WAY SW","assessed_value":410000},{"address":"2405.0 RIVERBEND ROAD NW","assessed_value":415000},{"address":"3748.0 48 STREET NW","assessed_value":420500},{"address":"5304.0 72A AVENUE NW","assessed_value":2365500},{"address":"3908.0 97 STREET NW","assessed_value":268500},{"address":"nan nan","assessed_value":5500},{"address":"1716.0 38 STREET NW","assessed_value":419000},{"address":"2412.0 KAASA ROAD WEST NW","assessed_value":749500},{"address":"6623.0 172 STREET NW","assessed_value":236000},{"address":"1212.0 56 STREET NW","assessed_value":334000},{"address":"2928.0 151A AVENUE NW","assessed_value":517000},{"address":"5117.0 37 AVENUE NW","assessed_value":373000},{"address":"4564.0 32 AVENUE NW","assessed_value":303500},{"address":"16135.0 83A STREET NW","assessed_value":438000},{"address":"13003.0 39 STREET NW","assessed_value":398500},{"address":"3824.0 48 STREET NW","assessed_value":474500},{"address":"6330.0 11 AVENUE NW","assessed_value":417000},{"address":"13320.0 154A AVENUE NW","assessed_value":426000},{"address":"1816.0 40 STREET NW","assessed_value":332500},{"address":"1123.0 35 STREET NW","assessed_value":390000},{"address":"6405.0 36A AVENUE NW","assessed_value":397500},{"address":"6623.0 172 STREET NW","assessed_value":211000},{"address":"10015.0 103 AVENUE NW","assessed_value":500},{"address":"5325.0 HILL VIEW CRESCENT NW","assessed_value":216000},{"address":"2043.0 47 STREET NW","assessed_value":370000},{"address":"2417.0 47 STREET NW","assessed_value":318000},{"address":"35.0 WOODVALE VILLAGE NW","assessed_value":174000},{"address":"12618.0 152 AVENUE NW","assessed_value":25500},{"address":"13340.0 154A AVENUE NW","assessed_value":417500},{"address":"1237.0 CARTER CREST ROAD NW","assessed_value":332000},{"address":"13744.0 130 AVENUE NW","assessed_value":380000},{"address":"4004.0 36A AVENUE NW","assessed_value":476500},{"address":"4143.0 98 STREET NW","assessed_value":455500},{"address":"4615.0 36 AVENUE NW","assessed_value":280000},{"address":"3449.0 35 STREET NW","assessed_value":410500},{"address":"5233.0 157A AVENUE NW","assessed_value":453500},{"address":"9011.0 158 AVENUE NW","assessed_value":534500},{"address":"8824.0 160 AVENUE NW","assessed_value":510000},{"address":"8029.0 112 STREET NW","assessed_value":517500},{"address":"3616.0 18 AVENUE NW","assessed_value":371500},{"address":"14408.0 16 STREET NW","assessed_value":5500},{"address":"504.0 GLENWRIGHT CRESCENT NW","assessed_value":447500},{"address":"13438.0 33 STREET NW","assessed_value":298500},{"address":"1311.0 56 STREET NW","assessed_value":325500},{"address":"9945.0 101 STREET NW","assessed_value":72000},{"address":"4607.0 189 STREET NW","assessed_value":453000},{"address":"1319.0 117 STREET NW","assessed_value":500500},{"address":"4639.0 17 AVENUE NW","assessed_value":386000},{"address":"3720.0 29 STREET NW","assessed_value":563000},{"address":"5120.0 157 AVENUE NW","assessed_value":418500},{"address":"9760.0 174 STREET NW","assessed_value":177000},{"address":"222.0 WYMAN LANE NW","assessed_value":481000},{"address":"2520.0 50 STREET NW","assessed_value":133500},{"address":"16107.0 89 STREET NW","assessed_value":752000},{"address":"3003.0 45 STREET NW","assessed_value":442000},{"address":"1012.0 BARNES WAY SW","assessed_value":604500},{"address":"5915.0 10 AVENUE NW","assessed_value":453500},{"address":"8315.0 83 STREET NW","assessed_value":175000},{"address":"4229.0 38 STREET NW","assessed_value":301500},{"address":"nan nan","assessed_value":6000},{"address":"4007.0 10 AVENUE NW","assessed_value":361000},{"address":"1971.0 TOMLINSON SQUARE NW","assessed_value":563500},{"address":"nan nan","assessed_value":5500},{"address":"2049.0 49 STREET NW","assessed_value":372500},{"address":"9935.0 167 STREET NW","assessed_value":269500},{"address":"4537.0 27 AVENUE NW","assessed_value":417000},{"address":"857.0 PROCTOR WYND NW","assessed_value":665500},{"address":"11429.0 118A STREET NW","assessed_value":397500},{"address":"5122.0 190A STREET NW","assessed_value":502000},{"address":"1934.0 TANNER WYND NW","assessed_value":455000},{"address":"10302.0 107 STREET NW","assessed_value":1083500},{"address":"nan nan","assessed_value":8500},{"address":"671.0 BEVINGTON PLACE NW","assessed_value":448000},{"address":"9.0 DECHENE ROAD NW","assessed_value":445000},{"address":"14936.0 134 STREET NW","assessed_value":466500},{"address":"9846.0 180 AVENUE NW","assessed_value":438000},{"address":"1010.0 41 STREET NW","assessed_value":194000},{"address":"1768.0 TURVEY BEND NW","assessed_value":482000},{"address":"17109.0 67 AVENUE NW","assessed_value":177500},{"address":"1624.0 TOMPKINS PLACE NW","assessed_value":440000},{"address":"17459.0 98A AVENUE NW","assessed_value":197500},{"address":"4014.0 32 STREET NW","assessed_value":493500},{"address":"3948.0 55 STREET NW","assessed_value":396000},{"address":"5603.0 39 AVENUE NW","assessed_value":429000},{"address":"217.0 DUNVEGAN ROAD NW","assessed_value":426000},{"address":"562.0 GLENWRIGHT CRESCENT NW","assessed_value":555500},{"address":"4816.0 32 AVENUE NW","assessed_value":320000},{"address":"1132.0 49A STREET NW","assessed_value":438000},{"address":"114.0 WEST VIEW CRESCENT NW","assessed_value":94000},{"address":"4719.0 37A AVENUE NW","assessed_value":404000},{"address":"6048.0 37 AVENUE NW","assessed_value":464500},{"address":"935.0 HAMPTON COURT NW","assessed_value":767500},{"address":"3947.0 51 STREET NW","assessed_value":353500},{"address":"1920.0 42 STREET NW","assessed_value":378000},{"address":"4624.0 37B AVENUE NW","assessed_value":311500},{"address":"3919.0 10 AVENUE NW","assessed_value":352000},{"address":"513.0 WISEMAN LANE NW","assessed_value":450500},{"address":"3659.0 28 STREET NW","assessed_value":419000},{"address":"911.0 RABBIT HILL ROAD NW","assessed_value":180500},{"address":"8315.0 83 STREET NW","assessed_value":169500},{"address":"17459.0 98A AVENUE NW","assessed_value":195500},{"address":"8912.0 156 STREET NW","assessed_value":274000},{"address":"4107.0 37A AVENUE NW","assessed_value":424500},{"address":"nan nan","assessed_value":6500},{"address":"127.0 GRAND MEADOW CRESCENT NW","assessed_value":447000},{"address":"5123.0 157 AVENUE NW","assessed_value":438500},{"address":"221.0 FALCONER LINK NW","assessed_value":529500},{"address":"1519.0 147 AVENUE NW","assessed_value":469000},{"address":"209.0 WYMAN LANE NW","assessed_value":438500},{"address":"17447.0 98A AVENUE NW","assessed_value":157000},{"address":"nan nan","assessed_value":6000},{"address":"3330.0 40A AVENUE NW","assessed_value":493500},{"address":"8630.0 159A AVENUE NW","assessed_value":513500},{"address":"3219.0 42 STREET NW","assessed_value":797500},{"address":"616.0 HUNTERS CLOSE NW","assessed_value":800500},{"address":"10230.0 120 STREET NW","assessed_value":131500},{"address":"8941.0 156 AVENUE NW","assessed_value":523000},{"address":"3903.0 12 AVENUE NW","assessed_value":291000},{"address":"nan nan","assessed_value":7500},{"address":"4811.0 31 AVENUE NW","assessed_value":418000},{"address":"220.0 CAIRNS PLACE NW","assessed_value":532500},{"address":"1103.0 55 STREET NW","assessed_value":405000},{"address":"4504.0 29 AVENUE NW","assessed_value":405500},{"address":"11620.0 9A AVENUE NW","assessed_value":157000},{"address":"18852.0 50 AVENUE NW","assessed_value":443500},{"address":"1042.0 HOLGATE PLACE NW","assessed_value":823000},{"address":"4520.0 32 AVENUE NW","assessed_value":300500},{"address":"1871.0 37 STREET NW","assessed_value":358000},{"address":"1212.0 HENWOOD PLACE NW","assessed_value":514000},{"address":"104.0 WOODVALE ROAD WEST NW","assessed_value":350000},{"address":"3524.0 13 AVENUE NW","assessed_value":519000},{"address":"9745.0 96A STREET NW","assessed_value":310000},{"address":"1771.0 48A STREET NW","assessed_value":437500},{"address":"nan nan","assessed_value":500},{"address":"631.0 TWIN BROOKS BEND NW","assessed_value":870500},{"address":"11805.0 12 AVENUE NW","assessed_value":536500},{"address":"11717.0 9B AVENUE NW","assessed_value":331500},{"address":"12804.0 160 AVENUE NW","assessed_value":453000},{"address":"505.0 KLARVATTEN LAKE WYND NW","assessed_value":421000},{"address":"622.0 KULAWY PLACE NW","assessed_value":615000},{"address":"5220.0 14 AVENUE NW","assessed_value":350500},{"address":"5811.0 11 AVENUE NW","assessed_value":408500},{"address":"10717.0 83 AVENUE NW","assessed_value":342000},{"address":"16052.0 84 STREET NW","assessed_value":497500},{"address":"8503.0 162 AVENUE NW","assessed_value":520500},{"address":"722.0 GLENWRIGHT COURT NW","assessed_value":451500},{"address":"3506.0 30 AVENUE NW","assessed_value":442000},{"address":"10537.0 169 STREET NW","assessed_value":4661000},{"address":"5255.0 128 AVENUE NW","assessed_value":3238500},{"address":"6087.0 35A AVENUE NW","assessed_value":167500},{"address":"4708.0 39B AVENUE NW","assessed_value":409000},{"address":"2131.0 40 STREET NW","assessed_value":320500},{"address":"4528.0 25A AVENUE NW","assessed_value":382500},{"address":"11812.0 14 AVENUE NW","assessed_value":573500},{"address":"376.0 HEATH ROAD NW","assessed_value":578000},{"address":"23.0 DECHENE LANE NW","assessed_value":461500},{"address":"1333.0 119B STREET NW","assessed_value":711500},{"address":"903.0 PICARD DRIVE NW","assessed_value":1126500},{"address":"4555.0 35 AVENUE NW","assessed_value":346000},{"address":"nan nan","assessed_value":5500},{"address":"4608.0 26 AVENUE NW","assessed_value":394500},{"address":"4708.0 36 AVENUE NW","assessed_value":360000},{"address":"929.0 PICARD DRIVE NW","assessed_value":523500},{"address":"nan nan","assessed_value":6000},{"address":"6328.0 12 AVENUE NW","assessed_value":396500},{"address":"555.0 HUNTERS GREEN NW","assessed_value":475000},{"address":"2828.0 37C AVENUE NW","assessed_value":463500},{"address":"8820.0 159A AVENUE NW","assessed_value":502000},{"address":"1280.0 GILLESPIE CRESCENT NW","assessed_value":379500},{"address":"1423.0 63 STREET NW","assessed_value":361000},{"address":"716.0 BALFOUR CLOSE NW","assessed_value":410500},{"address":"7240.0 83 AVENUE NW","assessed_value":576000},{"address":"10511.0 42 AVENUE NW","assessed_value":179000},{"address":"316.0 HEATH ROAD NW","assessed_value":5500},{"address":"12704.0 HUDSON WAY NW","assessed_value":535500},{"address":"14904.0 MILLER BOULEVARD NW","assessed_value":422000},{"address":"3620.0 34A AVENUE NW","assessed_value":415500},{"address":"16424.0 81 STREET NW","assessed_value":421500},{"address":"4619.0 37B AVENUE NW","assessed_value":338500},{"address":"645.0 GLENWRIGHT CRESCENT NW","assessed_value":448500},{"address":"2251.0 BRENNAN COURT NW","assessed_value":488000},{"address":"885.0 BLACKLOCK WAY SW","assessed_value":405500},{"address":"4251.0 46 STREET NW","assessed_value":4000},{"address":"153.0 LEIGH CRESCENT NW","assessed_value":602500},{"address":"482.0 BUTCHART DRIVE NW","assessed_value":745000},{"address":"3607.0 10 AVENUE NW","assessed_value":333000},{"address":"7839.0 96 STREET NW","assessed_value":316000},{"address":"3611.0 16A AVENUE NW","assessed_value":326000},{"address":"11434.0 118A STREET NW","assessed_value":424000},{"address":"3841.0 62 STREET NW","assessed_value":450000},{"address":"11417.0 118A STREET NW","assessed_value":397000},{"address":"4632.0 10A AVENUE NW","assessed_value":387500},{"address":"92.0 DECHENE ROAD NW","assessed_value":475500},{"address":"2906.0 152 AVENUE NW","assessed_value":493000},{"address":"8732.0 163 AVENUE NW","assessed_value":512500},{"address":"16208.0 89 STREET NW","assessed_value":601000},{"address":"5617.0 14 AVENUE NW","assessed_value":381000},{"address":"nan nan","assessed_value":6500},{"address":"5410.0 14A AVENUE NW","assessed_value":321500},{"address":"nan nan","assessed_value":0},{"address":"3615.0 34A AVENUE NW","assessed_value":401500},{"address":"959.0 LAMB CRESCENT NW","assessed_value":676500},{"address":"1750.0 37 STREET NW","assessed_value":359000},{"address":"9143.0 166 AVENUE NW","assessed_value":297500},{"address":"6805.0 104 STREET NW","assessed_value":830500},{"address":"375.0 HUNTERS RUN NW","assessed_value":600000},{"address":"2059.0 TANNER WYND NW","assessed_value":441000},{"address":"nan nan","assessed_value":12500},{"address":"11608.0 28 AVENUE NW","assessed_value":95000},{"address":"5704.0 111 STREET NW","assessed_value":16556000},{"address":"17418.0 98A AVENUE NW","assessed_value":403000},{"address":"nan nan","assessed_value":8500},{"address":"511.0 GLENWRIGHT CRESCENT NW","assessed_value":575000},{"address":"3628.0 34A AVENUE NW","assessed_value":404500},{"address":"nan nan","assessed_value":11000},{"address":"5386.0 38A AVENUE NW","assessed_value":179000},{"address":"1466.0 GRANT WAY NW","assessed_value":408000},{"address":"10023.0 110 STREET NW","assessed_value":256000},{"address":"4539.0 30 AVENUE NW","assessed_value":406000},{"address":"4235.0 30 AVENUE NW","assessed_value":411000},{"address":"13357.0 154A AVENUE NW","assessed_value":504500},{"address":"169.0 WARD CRESCENT NW","assessed_value":432500},{"address":"1735.0 GLASTONBURY BOULEVARD NW","assessed_value":460000},{"address":"nan nan","assessed_value":0},{"address":"11809.0 9B AVENUE NW","assessed_value":404000},{"address":"3831.0 26 AVENUE NW","assessed_value":359000},{"address":"4305.0 37 STREET NW","assessed_value":353500},{"address":"8812.0 159A AVENUE NW","assessed_value":620000},{"address":"4815.0 190 STREET NW","assessed_value":484500},{"address":"14428.0 MILLER BOULEVARD NW","assessed_value":315500},{"address":"17109.0 67 AVENUE NW","assessed_value":125500},{"address":"nan nan","assessed_value":7000},{"address":"14427.0 16 STREET NW","assessed_value":456500},{"address":"1107.0 38 STREET NW","assessed_value":351000},{"address":"4544.0 22 AVENUE NW","assessed_value":396500},{"address":"1019.0 55 STREET NW","assessed_value":355000},{"address":"12868.0 150 AVENUE NW","assessed_value":451500},{"address":"1007.0 BLACKBURN CLOSE SW","assessed_value":489500},{"address":"427.0 WEST VIEW CLOSE NW","assessed_value":37000},{"address":"4611.0 26 AVENUE NW","assessed_value":363500},{"address":"8.0 WOODVALE VILLAGE NW","assessed_value":171000},{"address":"nan nan","assessed_value":8500},{"address":"7120.0 79 AVENUE NW","assessed_value":765000},{"address":"14520.0 49 STREET NW","assessed_value":414500},{"address":"17150.0 94A AVENUE NW","assessed_value":168500},{"address":"6310.0 34A AVENUE NW","assessed_value":298500},{"address":"13519.0 33 STREET NW","assessed_value":324500},{"address":"203.0 BYRNE PLACE SW","assessed_value":541000},{"address":"1772.0 49A STREET NW","assessed_value":477500},{"address":"8409.0 160A AVENUE NW","assessed_value":461500},{"address":"5315.0 10 AVENUE NW","assessed_value":381000},{"address":"3832.0 46 STREET NW","assessed_value":475000},{"address":"4240.0 29 AVENUE NW","assessed_value":397000},{"address":"3743.0 48 STREET NW","assessed_value":398500},{"address":"4011.0 12 AVENUE NW","assessed_value":284000},{"address":"3813.0 25 AVENUE NW","assessed_value":327000},{"address":"3671.0 28 STREET NW","assessed_value":431000},{"address":"4712.0 189 STREET NW","assessed_value":482000},{"address":"9127.0 165 AVENUE NW","assessed_value":308500},{"address":"2711.0 39 STREET NW","assessed_value":370000},{"address":"18019.0 101 STREET NW","assessed_value":441000},{"address":"1268.0 GILLESPIE CRESCENT NW","assessed_value":378000},{"address":"4043.0 29 STREET NW","assessed_value":416000},{"address":"11603.0 181 STREET NW","assessed_value":7687500},{"address":"4220.0 139 AVENUE NW","assessed_value":127500},{"address":"15036.0 133 STREET NW","assessed_value":392500},{"address":"7727.0 96 STREET NW","assessed_value":459000},{"address":"9228.0 164 AVENUE NW","assessed_value":406500},{"address":"nan nan","assessed_value":5500},{"address":"1307.0 36 STREET NW","assessed_value":357000},{"address":"3923.0 34A AVENUE NW","assessed_value":419500},{"address":"531.0 FALCONER PLACE NW","assessed_value":604500},{"address":"173.0 WEST VIEW CRESCENT NW","assessed_value":107500},{"address":"3417.0 37 STREET NW","assessed_value":299000},{"address":"10421.0 42 AVENUE NW","assessed_value":182500},{"address":"24.0 GRAND MEADOW CRESCENT NW","assessed_value":395500},{"address":"1712.0 48A STREET NW","assessed_value":394500},{"address":"nan nan","assessed_value":8500},{"address":"nan nan","assessed_value":6500},{"address":"19027.0 53 AVENUE NW","assessed_value":443000},{"address":"8610.0 108A STREET NW","assessed_value":592000},{"address":"108.0 BALL COVE SW","assessed_value":470000},{"address":"1639.0 42 STREET NW","assessed_value":488500},{"address":"1749.0 49A STREET NW","assessed_value":392000},{"address":"231.0 FALCONER LINK NW","assessed_value":610000},{"address":"18180.0 137 AVENUE NW","assessed_value":74000},{"address":"2047.0 48 STREET NW","assessed_value":385500},{"address":"7767.0 96 STREET NW","assessed_value":381500},{"address":"2719.0 41 STREET NW","assessed_value":357500},{"address":"8318.0 122 AVENUE NW","assessed_value":233500},{"address":"245.0 DARLINGTON CRESCENT NW","assessed_value":643500},{"address":"1707.0 36 STREET NW","assessed_value":381500},{"address":"4508.0 12 AVENUE NW","assessed_value":375000},{"address":"9328.0 91 STREET NW","assessed_value":345000},{"address":"1447.0 51 STREET NW","assessed_value":411500},{"address":"1422.0 62 STREET NW","assessed_value":322000},{"address":"108.0 WARD CRESCENT NW","assessed_value":513500},{"address":"1942.0 TOMLINSON GREEN NW","assessed_value":521000},{"address":"2608.0 45 STREET NW","assessed_value":438500},{"address":"4220.0 139 AVENUE NW","assessed_value":93500},{"address":"1504.0 145 AVENUE NW","assessed_value":564500},{"address":"18060.0 109 AVENUE NW","assessed_value":46892000},{"address":"4321.0 37 STREET NW","assessed_value":299500},{"address":"8335.0 159 AVENUE NW","assessed_value":382000},{"address":"4810.0 32 AVENUE NW","assessed_value":384500},{"address":"nan nan","assessed_value":15500},{"address":"132.0 RABBIT HILL COURT NW","assessed_value":504500},{"address":"3619.0 64 STREET NW","assessed_value":371000},{"address":"4722.0 25 AVENUE NW","assessed_value":444000},{"address":"534.0 LOUGHEED COURT NW","assessed_value":779500},{"address":"5304.0 39 AVENUE NW","assessed_value":408000},{"address":"1010.0 TWIN BROOKS COURT NW","assessed_value":1086500},{"address":"7719.0 44A STREET NW","assessed_value":2106000},{"address":"13508.0 VICTORIA TRAIL NW","assessed_value":4073000},{"address":"5610.0 125A AVENUE NW","assessed_value":324500},{"address":"3612.0 10 AVENUE NW","assessed_value":348500},{"address":"1104.0 52 STREET NW","assessed_value":365000},{"address":"5325.0 35 AVENUE NW","assessed_value":443500},{"address":"2528.0 46A STREET NW","assessed_value":366000},{"address":"12836.0 141 STREET NW","assessed_value":310500},{"address":"3824.0 57 STREET NW","assessed_value":440000},{"address":"465.0 KLARVATTEN LAKE WYND NW","assessed_value":523500},{"address":"4620.0 32 AVENUE NW","assessed_value":306000},{"address":"231.0 DUNVEGAN ROAD NW","assessed_value":439000}]