[{"address":"9840.0 92 AVENUE NW","assessed_value":664500},{"address":"1926.0 104 STREET NW","assessed_value":353500},{"address":"10910.0 33A AVENUE NW","assessed_value":483500},{"address":"10640.0 79 AVENUE NW","assessed_value":1245000},{"address":"11216.0 21 AVENUE NW","assessed_value":553500},{"address":"10903.0 35A AVENUE NW","assessed_value":408000},{"address":"9935.0 87 AVENUE NW","assessed_value":434000},{"address":"5603.0 108 STREET NW","assessed_value":627000},{"address":"6612.0 123 STREET NW","assessed_value":1054000},{"address":"16312.0 98 STREET NW","assessed_value":357500},{"address":"10456.0 33 AVENUE NW","assessed_value":466000},{"address":"5207.0 142 STREET NW","assessed_value":705500},{"address":"11220.0 48 AVENUE NW","assessed_value":443500},{"address":"nan nan","assessed_value":5500},{"address":"4108.0 RAMSAY CRESCENT NW","assessed_value":540500},{"address":"10947.0 89 AVENUE NW","assessed_value":707500},{"address":"10530.0 69 AVENUE NW","assessed_value":1791500},{"address":"2040.0 104A STREET NW","assessed_value":585500},{"address":"11211.0 76 AVENUE NW","assessed_value":672500},{"address":"11815.0 SASKATCHEWAN DRIVE NW","assessed_value":2163000},{"address":"10524.0 35 AVENUE NW","assessed_value":403000},{"address":"11218.0 78 AVENUE NW","assessed_value":617000},{"address":"10920.0 41 AVENUE NW","assessed_value":474000},{"address":"10464.0 21 AVENUE NW","assessed_value":465000},{"address":"10709.0 72 AVENUE NW","assessed_value":612500},{"address":"11108.0 49 AVENUE NW","assessed_value":473000},{"address":"3921.0 103B STREET NW","assessed_value":526000},{"address":"11843.0 SASKATCHEWAN DRIVE NW","assessed_value":1248500},{"address":"1815.0 111A STREET NW","assessed_value":133000},{"address":"15725.0 106 STREET NW","assessed_value":500500},{"address":"10902.0 65 AVENUE NW","assessed_value":417500},{"address":"3432.0 112 STREET NW","assessed_value":592500},{"address":"9530.0 DONNELL ROAD NW","assessed_value":704500},{"address":"7002.0 106 STREET NW","assessed_value":1001000},{"address":"1930.0 104 STREET NW","assessed_value":359500},{"address":"10523.0 36A AVENUE NW","assessed_value":420000},{"address":"10915.0 162A AVENUE NW","assessed_value":209500},{"address":"12327.0 25 AVENUE NW","assessed_value":455000},{"address":"3112.0 115 STREET NW","assessed_value":551500},{"address":"4344.0 147A STREET NW","assessed_value":528000},{"address":"1850.0 111A STREET NW","assessed_value":172500},{"address":"4903.0 105B STREET NW","assessed_value":403000},{"address":"6827.0 112A STREET NW","assessed_value":477500},{"address":"15112.0 53A AVENUE NW","assessed_value":583500},{"address":"14327.0 47 AVENUE NW","assessed_value":552000},{"address":"nan nan","assessed_value":5500},{"address":"11147.0 157 AVENUE NW","assessed_value":327500},{"address":"11213.0 58 AVENUE NW","assessed_value":483000},{"address":"10646.0 66 AVENUE NW","assessed_value":447000},{"address":"4240.0 109A STREET NW","assessed_value":515000},{"address":"10524.0 78 AVENUE NW","assessed_value":165500},{"address":"10312.0 158 AVENUE NW","assessed_value":275500},{"address":"11435.0 MALMO ROAD NW","assessed_value":506000},{"address":"9856.0 77 AVENUE NW","assessed_value":418000},{"address":"141.0 ROYAL TERRACE NW","assessed_value":276000},{"address":"10454.0 78 AVENUE NW","assessed_value":481000},{"address":"4607.0 113A STREET NW","assessed_value":500},{"address":"10836.0 38A AVENUE NW","assessed_value":469500},{"address":"11011.0 86 AVENUE NW","assessed_value":189500},{"address":"nan nan","assessed_value":8500},{"address":"14810.0 51 AVENUE NW","assessed_value":131500},{"address":"1815.0 111A STREET NW","assessed_value":101500},{"address":"9836.0 78 AVENUE NW","assessed_value":625500},{"address":"59.0 WESTBROOK DRIVE NW","assessed_value":2826500},{"address":"11707.0 84 AVENUE NW","assessed_value":804500},{"address":"10431.0 64 AVENUE NW","assessed_value":337000},{"address":"10819.0 43 AVENUE NW","assessed_value":545500},{"address":"5831.0 142 STREET NW","assessed_value":713500},{"address":"5008.0 142 STREET NW","assessed_value":566500},{"address":"10510.0 79 AVENUE NW","assessed_value":393500},{"address":"11415.0 37A AVENUE NW","assessed_value":542000},{"address":"1805.0 111A STREET NW","assessed_value":127000},{"address":"3516.0 106 STREET NW","assessed_value":444500},{"address":"11612.0 26 AVENUE NW","assessed_value":470000},{"address":"10919.0 72 AVENUE NW","assessed_value":418000},{"address":"10554.0 77 AVENUE NW","assessed_value":1613000},{"address":"8642.0 108A STREET NW","assessed_value":226000},{"address":"12429.0 29A AVENUE NW","assessed_value":742000},{"address":"11528.0 78 AVENUE NW","assessed_value":625500},{"address":"2910.0 109 STREET NW","assessed_value":14000},{"address":"11259.0 73 AVENUE NW","assessed_value":525500},{"address":"7028.0 105A STREET NW","assessed_value":371500},{"address":"480.0 ROONEY CRESCENT NW","assessed_value":994500},{"address":"9814.0 78 AVENUE NW","assessed_value":373500},{"address":"10548.0 83 AVENUE NW","assessed_value":611000},{"address":"4105.0 ASPEN DRIVE WEST NW","assessed_value":0},{"address":"7731.0 111 STREET NW","assessed_value":419000},{"address":"15447.0 101 STREET NW","assessed_value":478000},{"address":"6408.0 131 STREET NW","assessed_value":2056500},{"address":"4515.0 WHITEMUD ROAD NW","assessed_value":340000},{"address":"10520.0 30 AVENUE NW","assessed_value":629000},{"address":"1805.0 111A STREET NW","assessed_value":84500},{"address":"11428.0 33A AVENUE NW","assessed_value":453500},{"address":"10738.0 72 AVENUE NW","assessed_value":953500},{"address":"4115.0 112 STREET NW","assessed_value":412000},{"address":"4849.0 151 STREET NW","assessed_value":4500},{"address":"4711.0 105 STREET NW","assessed_value":325000},{"address":"10750.0 71 AVENUE NW","assessed_value":420000},{"address":"4703.0 147A STREET NW","assessed_value":524500},{"address":"10555.0 26 AVENUE NW","assessed_value":412000},{"address":"10512.0 31 AVENUE NW","assessed_value":502000},{"address":"15446.0 BEAUMARIS ROAD NW","assessed_value":312000},{"address":"9722.0 84 AVENUE NW","assessed_value":419000},{"address":"11124.0 55 AVENUE NW","assessed_value":479000},{"address":"6265.0 112A STREET NW","assessed_value":425500},{"address":"11228.0 77 AVENUE NW","assessed_value":434000},{"address":"11142.0 63 AVENUE NW","assessed_value":530000},{"address":"12323.0 25 AVENUE NW","assessed_value":486000},{"address":"9740.0 76 AVENUE NW","assessed_value":356000},{"address":"10620.0 75 AVENUE NW","assessed_value":498000},{"address":"11442.0 74 AVENUE NW","assessed_value":793000},{"address":"2965.0 116 STREET NW","assessed_value":179000},{"address":"10616.0 158 AVENUE NW","assessed_value":252500},{"address":"10628.0 73 AVENUE NW","assessed_value":406000},{"address":"2432.0 104 STREET NW","assessed_value":215000},{"address":"143.0 TUDOR LANE NW","assessed_value":223000},{"address":"4203.0 123 STREET NW","assessed_value":631000},{"address":"6626.0 110 STREET NW","assessed_value":389000},{"address":"5212.0 143 STREET NW","assessed_value":603500},{"address":"10943.0 68 AVENUE NW","assessed_value":1007500},{"address":"10823.0 67 AVENUE NW","assessed_value":822500},{"address":"4123.0 113 STREET NW","assessed_value":500},{"address":"9410.0 94 STREET NW","assessed_value":62500},{"address":"4712.0 117A STREET NW","assessed_value":467000},{"address":"10433.0 32A AVENUE NW","assessed_value":421000},{"address":"3652.0 108 STREET NW","assessed_value":448000},{"address":"11312.0 50 AVENUE NW","assessed_value":483500},{"address":"11244.0 40 AVENUE NW","assessed_value":311500},{"address":"11508.0 44A AVENUE NW","assessed_value":420500},{"address":"11027.0 87 AVENUE NW","assessed_value":276000},{"address":"1856.0 111A STREET NW","assessed_value":161500},{"address":"6551.0 111 STREET NW","assessed_value":723000},{"address":"11727.0 40 AVENUE NW","assessed_value":419500},{"address":"12512.0 28A AVENUE NW","assessed_value":1422000},{"address":"14729.0 46 AVENUE NW","assessed_value":576000},{"address":"15717.0 111 STREET NW","assessed_value":549000},{"address":"133.0 KASKITAYO COURT NW","assessed_value":170500},{"address":"10911.0 77 AVENUE NW","assessed_value":639000},{"address":"11425.0 78 AVENUE NW","assessed_value":743000},{"address":"2000.0 SADDLEBACK ROAD NW","assessed_value":83000},{"address":"14709.0 51 AVENUE NW","assessed_value":249000},{"address":"10952.0 35 AVENUE NW","assessed_value":435000},{"address":"4307.0 117 STREET NW","assessed_value":686500},{"address":"9941.0 81 AVENUE NW","assessed_value":440500},{"address":"11211.0 71 AVENUE NW","assessed_value":587500},{"address":"10512.0 62 AVENUE NW","assessed_value":419500},{"address":"12319.0 52 AVENUE NW","assessed_value":670500},{"address":"11248.0 59 AVENUE NW","assessed_value":6500},{"address":"11113.0 29A AVENUE NW","assessed_value":553000},{"address":"2425.0 112A STREET NW","assessed_value":605000},{"address":"7607.0 111 STREET NW","assessed_value":509000},{"address":"11119.0 35A AVENUE NW","assessed_value":449500},{"address":"3105.0 110A STREET NW","assessed_value":473500},{"address":"11651.0 73 AVENUE NW","assessed_value":650000},{"address":"10508.0 35 AVENUE NW","assessed_value":439000},{"address":"11143.0 39A AVENUE NW","assessed_value":463500},{"address":"10411.0 36A AVENUE NW","assessed_value":412500},{"address":"10936.0 73 AVENUE NW","assessed_value":438000},{"address":"11732.0 UNIVERSITY AVENUE NW","assessed_value":789000},{"address":"7431.0 119 STREET NW","assessed_value":1480000},{"address":"710.0 ROMANIUK ROAD NW","assessed_value":1315000},{"address":"10419.0 65 AVENUE NW","assessed_value":421000},{"address":"9712.0 87 AVENUE NW","assessed_value":667500},{"address":"12004.0 41A AVENUE NW","assessed_value":532000},{"address":"4820.0 115A STREET NW","assessed_value":454000},{"address":"11435.0 44A AVENUE NW","assessed_value":410500},{"address":"10515.0 54 AVENUE NW","assessed_value":563000},{"address":"31.0 STIRLING ROAD NW","assessed_value":676000},{"address":"5104.0 105 STREET NW","assessed_value":429000},{"address":"10932.0 37 AVENUE NW","assessed_value":459500},{"address":"14803.0 51 AVENUE NW","assessed_value":146000},{"address":"10928.0 68 AVENUE NW","assessed_value":433000},{"address":"11019.0 85 AVENUE NW","assessed_value":693000},{"address":"12405.0 28A AVENUE NW","assessed_value":703500},{"address":"1911.0 104 STREET NW","assessed_value":363500},{"address":"11606.0 76 AVENUE NW","assessed_value":601000},{"address":"9618.0 77 AVENUE NW","assessed_value":590500},{"address":"11138.0 71 AVENUE NW","assessed_value":472500},{"address":"10633.0 31 AVENUE NW","assessed_value":190500},{"address":"9820.0 91 AVENUE NW","assessed_value":550000},{"address":"9761.0 90 AVENUE NW","assessed_value":1063000},{"address":"9828.0 88 AVENUE NW","assessed_value":583500},{"address":"11312.0 46 AVENUE NW","assessed_value":500},{"address":"9528.0 76 AVENUE NW","assessed_value":396000},{"address":"9059.0 94 STREET NW","assessed_value":494500},{"address":"6544.0 112 STREET NW","assessed_value":476500},{"address":"15912.0 111 STREET NW","assessed_value":412000},{"address":"9848.0 84 AVENUE NW","assessed_value":578500},{"address":"11763.0 35 AVENUE NW","assessed_value":517500},{"address":"1815.0 111A STREET NW","assessed_value":128500},{"address":"62.0 WESTBROOK DRIVE NW","assessed_value":1275000},{"address":"9921.0 84 AVENUE NW","assessed_value":927000},{"address":"3828.0 111B STREET NW","assessed_value":463000},{"address":"9613.0 79 AVENUE NW","assessed_value":420500},{"address":"620.0 ROMANIUK ROAD NW","assessed_value":1003000},{"address":"11106.0 24A AVENUE NW","assessed_value":611000},{"address":"15915.0 101 STREET NW","assessed_value":466500},{"address":"11612.0 39A AVENUE NW","assessed_value":441500},{"address":"10805.0 80 AVENUE NW","assessed_value":568500},{"address":"1815.0 111A STREET NW","assessed_value":91500},{"address":"5115.0 139 STREET NW","assessed_value":933000},{"address":"6815.0 112 STREET NW","assessed_value":164000},{"address":"3515.0 108 STREET NW","assessed_value":479000},{"address":"6524.0 106 STREET NW","assessed_value":310000},{"address":"10723.0 43 AVENUE NW","assessed_value":470500},{"address":"1412.0 BEARSPAW DRIVE EAST NW","assessed_value":422500},{"address":"10458.0 27 AVENUE NW","assessed_value":188000},{"address":"9840.0 83 AVENUE NW","assessed_value":714500},{"address":"11767.0 37A AVENUE NW","assessed_value":452000},{"address":"10981.0 76 AVENUE NW","assessed_value":450500},{"address":"11408.0 53 AVENUE NW","assessed_value":490500},{"address":"10406.0 28A AVENUE NW","assessed_value":335000},{"address":"10726.0 32A AVENUE NW","assessed_value":445000},{"address":"3932.0 115A STREET NW","assessed_value":462000},{"address":"11131.0 55 AVENUE NW","assessed_value":534000},{"address":"3520.0 110 STREET NW","assessed_value":434500},{"address":"11324.0 50 AVENUE NW","assessed_value":473000},{"address":"9757.0 89 AVENUE NW","assessed_value":579500},{"address":"4704.0 117 STREET NW","assessed_value":674000},{"address":"8938.0 WINDSOR ROAD NW","assessed_value":1466500},{"address":"4319.0 147 STREET NW","assessed_value":521000},{"address":"2303.0 119 STREET NW","assessed_value":106000},{"address":"3231.0 104 STREET NW","assessed_value":0},{"address":"10508.0 32 AVENUE NW","assessed_value":415500},{"address":"9565.0 77 AVENUE NW","assessed_value":998500},{"address":"7411.0 118A STREET NW","assessed_value":590500},{"address":"10816.0 86 AVENUE NW","assessed_value":501500},{"address":"4117.0 125 STREET NW","assessed_value":500},{"address":"14711.0 59 AVENUE NW","assessed_value":689500},{"address":"103.0 HEARTHSTONE NW","assessed_value":335000},{"address":"12112.0 40 AVENUE NW","assessed_value":585500},{"address":"nan nan","assessed_value":5500},{"address":"2049.0 SADDLEBACK ROAD NW","assessed_value":179500},{"address":"10709.0 75 AVENUE NW","assessed_value":492500},{"address":"9929.0 SASKATCHEWAN DRIVE NW","assessed_value":430500},{"address":"11735.0 29 AVENUE NW","assessed_value":485500},{"address":"7010.0 105 STREET NW","assessed_value":462500},{"address":"6832.0 104 STREET NW","assessed_value":389500},{"address":"9916.0 82 AVENUE NW","assessed_value":1505000},{"address":"9827.0 166 AVENUE NW","assessed_value":483000},{"address":"120.0 CASTLE KEEP NW","assessed_value":739500},{"address":"10520.0 60A AVENUE NW","assessed_value":465000},{"address":"10731.0 43 AVENUE NW","assessed_value":486500},{"address":"4721.0 106 STREET NW","assessed_value":278000},{"address":"122.0 KASKITAYO COURT NW","assessed_value":218500},{"address":"10714.0 66 AVENUE NW","assessed_value":460000},{"address":"9809.0 93 AVENUE NW","assessed_value":466500},{"address":"11336.0 35A AVENUE NW","assessed_value":438500},{"address":"12303.0 66A AVENUE NW","assessed_value":849000},{"address":"9804.0 85 AVENUE NW","assessed_value":573000},{"address":"4224.0 ASPEN DRIVE EAST NW","assessed_value":741500},{"address":"62.0 STIRLING ROAD NW","assessed_value":276500},{"address":"9620.0 95 STREET NW","assessed_value":1528500},{"address":"11397.0 22 AVENUE NW","assessed_value":213000},{"address":"11416.0 42 AVENUE NW","assessed_value":427000},{"address":"9344.0 96 STREET NW","assessed_value":1452500},{"address":"11112.0 41 AVENUE NW","assessed_value":421500},{"address":"3453.0 111A STREET NW","assessed_value":561000},{"address":"9059.0 95 STREET NW","assessed_value":1646500},{"address":"10540.0 79 AVENUE NW","assessed_value":377000},{"address":"16008.0 112 STREET NW","assessed_value":475500},{"address":"11517.0 UNIVERSITY AVENUE NW","assessed_value":495000},{"address":"10915.0 36 AVENUE NW","assessed_value":460500},{"address":"11510.0 74 AVENUE NW","assessed_value":679500},{"address":"4356.0 114 STREET NW","assessed_value":504000},{"address":"2716.0 117 STREET NW","assessed_value":568500},{"address":"12412.0 51 AVENUE NW","assessed_value":703500},{"address":"10444.0 28A AVENUE NW","assessed_value":211500},{"address":"11026.0 163A AVENUE NW","assessed_value":359000},{"address":"11154.0 72 AVENUE NW","assessed_value":497000},{"address":"9918.0 158A AVENUE NW","assessed_value":508500},{"address":"10720.0 75 AVENUE NW","assessed_value":743500},{"address":"10912.0 35A AVENUE NW","assessed_value":422500},{"address":"6410.0 109A STREET NW","assessed_value":480000},{"address":"11704.0 84 AVENUE NW","assessed_value":902500},{"address":"3515.0 109 STREET NW","assessed_value":420500},{"address":"3915.0 108 STREET NW","assessed_value":434500},{"address":"nan nan","assessed_value":0},{"address":"3623.0 112A STREET NW","assessed_value":439500},{"address":"16136.0 99 STREET NW","assessed_value":496000},{"address":"14324.0 51 AVENUE NW","assessed_value":563000},{"address":"10739.0 80 AVENUE NW","assessed_value":445000},{"address":"9837.0 77 AVENUE NW","assessed_value":1182500},{"address":"4309.0 147A STREET NW","assessed_value":544500},{"address":"15827.0 99 STREET NW","assessed_value":473500},{"address":"11555.0 80 AVENUE NW","assessed_value":607000},{"address":"10940.0 69 AVENUE NW","assessed_value":479500},{"address":"11429.0 39 AVENUE NW","assessed_value":326000},{"address":"4107.0 109 STREET NW","assessed_value":589000},{"address":"11542.0 24 AVENUE NW","assessed_value":436500},{"address":"7211.0 114 STREET NW","assessed_value":499000},{"address":"10941.0 73 AVENUE NW","assessed_value":1297000},{"address":"3111.0 109 STREET NW","assessed_value":223500},{"address":"2409.0 111A STREET NW","assessed_value":470000},{"address":"2724.0 104 STREET NW","assessed_value":352500},{"address":"12207.0 41 AVENUE NW","assessed_value":500},{"address":"5215.0 125 STREET NW","assessed_value":601000},{"address":"3415.0 109 STREET NW","assessed_value":430500},{"address":"11307.0 22 AVENUE NW","assessed_value":210500},{"address":"4703.0 138 STREET NW","assessed_value":962500},{"address":"6516.0 112 STREET NW","assessed_value":1313500},{"address":"7103.0 113 STREET NW","assessed_value":778500},{"address":"10787.0 31 AVENUE NW","assessed_value":204500},{"address":"9213.0 97 STREET NW","assessed_value":2705500},{"address":"4415.0 147 STREET NW","assessed_value":561500},{"address":"3520.0 117A STREET NW","assessed_value":473500},{"address":"9637.0 81 AVENUE NW","assessed_value":757000},{"address":"10920.0 65 AVENUE NW","assessed_value":442500},{"address":"2523.0 105 STREET NW","assessed_value":126000},{"address":"3820.0 107 STREET NW","assessed_value":427000},{"address":"9820.0 90 AVENUE NW","assessed_value":518500},{"address":"10523.0 154 AVENUE NW","assessed_value":549000},{"address":"8149.0 111 STREET NW","assessed_value":186500},{"address":"12418.0 28A AVENUE NW","assessed_value":635500},{"address":"7607.0 SASKATCHEWAN DRIVE NW","assessed_value":1361500},{"address":"15910.0 112B STREET NW","assessed_value":428000},{"address":"10421.0 79 AVENUE NW","assessed_value":853500},{"address":"11503.0 37 AVENUE NW","assessed_value":452500},{"address":"6606.0 110 STREET NW","assessed_value":460500},{"address":"4739.0 151 STREET NW","assessed_value":677500},{"address":"3923.0 ASPEN DRIVE WEST NW","assessed_value":607500},{"address":"106.0 ROYAL TERRACE NW","assessed_value":239500},{"address":"8530.0 106A STREET NW","assessed_value":611500},{"address":"11116.0 50 AVENUE NW","assessed_value":442500},{"address":"9938.0 81 AVENUE NW","assessed_value":481000},{"address":"9944.0 88 AVENUE NW","assessed_value":492000},{"address":"3208.0 104A STREET NW","assessed_value":515000},{"address":"15271.0 43 AVENUE NW","assessed_value":632500},{"address":"1848.0 104A STREET NW","assessed_value":525500},{"address":"4320.0 147A STREET NW","assessed_value":612000},{"address":"5807.0 107 STREET NW","assessed_value":1213500},{"address":"6312.0 131 STREET NW","assessed_value":956000},{"address":"11807.0 76 AVENUE NW","assessed_value":789500},{"address":"6047.0 106 STREET NW","assessed_value":470500},{"address":"4052.0 ASPEN DRIVE EAST NW","assessed_value":558500},{"address":"9735.0 85 AVENUE NW","assessed_value":413000},{"address":"7.0 STIRLING ROAD NW","assessed_value":440500},{"address":"5607.0 151 STREET NW","assessed_value":614500},{"address":"9935.0 86 AVENUE NW","assessed_value":809500},{"address":"11127.0 64 AVENUE NW","assessed_value":462000},{"address":"11432.0 37 AVENUE NW","assessed_value":457500},{"address":"8210.0 108 STREET NW","assessed_value":651000},{"address":"5004.0 143 STREET NW","assessed_value":621500},{"address":"2326.0 112 STREET NW","assessed_value":495000},{"address":"11527.0 37A AVENUE NW","assessed_value":506500},{"address":"92.0 FAIRWAY DRIVE NW","assessed_value":1078500},{"address":"11106.0 19 AVENUE NW","assessed_value":438000},{"address":"10910.0 72 AVENUE NW","assessed_value":414000},{"address":"4143.0 113 STREET NW","assessed_value":463500},{"address":"11331.0 46 AVENUE NW","assessed_value":414500},{"address":"4016.0 109 STREET NW","assessed_value":422000},{"address":"5416.0 110 STREET NW","assessed_value":876500},{"address":"9732.0 83 AVENUE NW","assessed_value":717500},{"address":"11903.0 89 AVENUE NW","assessed_value":2673000},{"address":"1608.0 105 STREET NW","assessed_value":390500},{"address":"12424.0 47 AVENUE NW","assessed_value":747500},{"address":"9528.0 98A AVENUE NW","assessed_value":1500},{"address":"2000.0 SADDLEBACK ROAD NW","assessed_value":81500},{"address":"12503.0 GRAND VIEW DRIVE NW","assessed_value":2044000},{"address":"3511.0 117A STREET NW","assessed_value":517500},{"address":"9644.0 80 AVENUE NW","assessed_value":695000},{"address":"11108.0 157 AVENUE NW","assessed_value":404500},{"address":"11223.0 22 AVENUE NW","assessed_value":480500},{"address":"10910.0 163A AVENUE NW","assessed_value":355000},{"address":"11431.0 51 AVENUE NW","assessed_value":425000},{"address":"11719.0 33A AVENUE NW","assessed_value":452000},{"address":"10814.0 85 AVENUE NW","assessed_value":888000},{"address":"9344.0 94 STREET NW","assessed_value":768500},{"address":"11716.0 83 AVENUE NW","assessed_value":1071500},{"address":"12411.0 49 AVENUE NW","assessed_value":696500},{"address":"11223.0 24 AVENUE NW","assessed_value":558500},{"address":"10551.0 30 AVENUE NW","assessed_value":439500},{"address":"9828.0 165 AVENUE NW","assessed_value":377500},{"address":"nan nan","assessed_value":5500},{"address":"2424.0 106 STREET NW","assessed_value":442500},{"address":"17112.0 101 STREET NW","assessed_value":330500},{"address":"10458.0 18 AVENUE NW","assessed_value":235500},{"address":"11751.0 35A AVENUE NW","assessed_value":541000},{"address":"11528.0 44A AVENUE NW","assessed_value":409000},{"address":"9827.0 85 AVENUE NW","assessed_value":482500},{"address":"10560.0 17 AVENUE NW","assessed_value":596500},{"address":"10437.0 31A AVENUE NW","assessed_value":508000},{"address":"4367.0 148 STREET NW","assessed_value":619000},{"address":"11528.0 36A AVENUE NW","assessed_value":545500},{"address":"2412.0 117 STREET NW","assessed_value":454500},{"address":"3719.0 117 STREET NW","assessed_value":432000},{"address":"177.0 HEARTHSTONE NW","assessed_value":371500},{"address":"4151.0 121 STREET NW","assessed_value":544500},{"address":"10426.0 27A AVENUE NW","assessed_value":526000},{"address":"9269.0 STRATHEARN DRIVE NW","assessed_value":430000},{"address":"3503.0 113 STREET NW","assessed_value":450500},{"address":"1.0 GARDEN GROVE NW","assessed_value":196500},{"address":"203.0 TUDOR LANE NW","assessed_value":228000},{"address":"11103.0 21 AVENUE NW","assessed_value":553000},{"address":"3904.0 118 STREET NW","assessed_value":497500},{"address":"10448.0 26 AVENUE NW","assessed_value":365000},{"address":"5823.0 115 STREET NW","assessed_value":481500},{"address":"12427.0 29A AVENUE NW","assessed_value":1075500},{"address":"12511.0 39 AVENUE NW","assessed_value":911500},{"address":"10727.0 59 AVENUE NW","assessed_value":679500},{"address":"3042.0 108 STREET NW","assessed_value":261000},{"address":"6212.0 144 STREET NW","assessed_value":536000},{"address":"466.0 ROONEY CRESCENT NW","assessed_value":907500},{"address":"743.0 RIDDELL STREET NW","assessed_value":90500},{"address":"10511.0 54 AVENUE NW","assessed_value":622500},{"address":"9845.0 82 AVENUE NW","assessed_value":2737000},{"address":"11030.0 83 AVENUE NW","assessed_value":463000},{"address":"5507.0 106 STREET NW","assessed_value":387000},{"address":"10819.0 69 AVENUE NW","assessed_value":819500},{"address":"15908.0 110 STREET NW","assessed_value":453500},{"address":"11338.0 75 AVENUE NW","assessed_value":507000},{"address":"10527.0 17 AVENUE NW","assessed_value":432500},{"address":"6346.0 112 STREET NW","assessed_value":631500},{"address":"11114.0 81 AVENUE NW","assessed_value":561000},{"address":"9907.0 157 AVENUE NW","assessed_value":464000},{"address":"11516.0 41 AVENUE NW","assessed_value":407500},{"address":"11508.0 44 AVENUE NW","assessed_value":390000},{"address":"3615.0 105B STREET NW","assessed_value":437500},{"address":"6805.0 112 STREET NW","assessed_value":169000},{"address":"9739.0 83 AVENUE NW","assessed_value":529500},{"address":"11416.0 55 AVENUE NW","assessed_value":518500},{"address":"6403.0 105 STREET NW","assessed_value":453500},{"address":"2018.0 112A STREET NW","assessed_value":466000},{"address":"664.0 ROMANIUK ROAD NW","assessed_value":650000},{"address":"3528.0 106A STREET NW","assessed_value":440500},{"address":"10033.0 84 AVENUE NW","assessed_value":1287000},{"address":"11328.0 73 AVENUE NW","assessed_value":662500},{"address":"4116.0 108 STREET NW","assessed_value":445000},{"address":"25.0 MARLBORO ROAD NW","assessed_value":1024000},{"address":"11257.0 34A AVENUE NW","assessed_value":573000},{"address":"11720.0 29 AVENUE NW","assessed_value":610000},{"address":"14705.0 47 AVENUE NW","assessed_value":592500},{"address":"8427.0 112 STREET NW","assessed_value":253000},{"address":"4711.0 WHITEMUD ROAD NW","assessed_value":555000},{"address":"8120.0 97 STREET NW","assessed_value":2259000},{"address":"14810.0 51 AVENUE NW","assessed_value":5500},{"address":"3501.0 117A STREET NW","assessed_value":560500},{"address":"10528.0 68 AVENUE NW","assessed_value":351500},{"address":"9858.0 80 AVENUE NW","assessed_value":818500},{"address":"5319.0 115 STREET NW","assessed_value":457500},{"address":"2000.0 SADDLEBACK ROAD NW","assessed_value":110500},{"address":"10616.0 76 AVENUE NW","assessed_value":465500},{"address":"4127.0 109 STREET NW","assessed_value":466500},{"address":"11535.0 78 AVENUE NW","assessed_value":572000},{"address":"11027.0 87 AVENUE NW","assessed_value":252500},{"address":"5311.0 105B STREET NW","assessed_value":449000},{"address":"9826.0 81 AVENUE NW","assessed_value":304000},{"address":"12907.0 63 AVENUE NW","assessed_value":743000},{"address":"15733.0 111 STREET NW","assessed_value":598500},{"address":"5135.0 123 STREET NW","assessed_value":723000},{"address":"9645.0 84 AVENUE NW","assessed_value":516500},{"address":"10919.0 37 AVENUE NW","assessed_value":471500},{"address":"3612.0 108 STREET NW","assessed_value":431500},{"address":"10712.0 UNIVERSITY AVENUE NW","assessed_value":2601000},{"address":"10610.0 60A AVENUE NW","assessed_value":424000},{"address":"4803.0 138 STREET NW","assessed_value":1368500},{"address":"9724.0 78 AVENUE NW","assessed_value":1203000},{"address":"2003.0 104A STREET NW","assessed_value":620500},{"address":"10502.0 17 AVENUE NW","assessed_value":332500},{"address":"2.0 WESTBROOK DRIVE NW","assessed_value":1046000},{"address":"145.0 TUDOR LANE NW","assessed_value":265000},{"address":"5716.0 109A STREET NW","assessed_value":454500},{"address":"10825.0 79 AVENUE NW","assessed_value":431000},{"address":"9623.0 96 STREET NW","assessed_value":1038000},{"address":"11646.0 74 AVENUE NW","assessed_value":587500},{"address":"4327.0 115 STREET NW","assessed_value":418500},{"address":"10452.0 27 AVENUE NW","assessed_value":229000},{"address":"11614.0 78 AVENUE NW","assessed_value":813000},{"address":"1999.0 104 STREET NW","assessed_value":22000},{"address":"1931.0 111A STREET NW","assessed_value":499000},{"address":"10951.0 80 AVENUE NW","assessed_value":472500},{"address":"11686.0 72 AVENUE NW","assessed_value":769000},{"address":"11455.0 43 AVENUE NW","assessed_value":419500},{"address":"10514.0 85 AVENUE NW","assessed_value":124000},{"address":"17119.0 101 STREET NW","assessed_value":345500},{"address":"5834.0 109 STREET NW","assessed_value":710000},{"address":"nan nan","assessed_value":5500},{"address":"2432.0 112 STREET NW","assessed_value":518500},{"address":"11250.0 153 AVENUE NW","assessed_value":643500},{"address":"14717.0 43A AVENUE NW","assessed_value":558500},{"address":"9371.0 96A STREET NW","assessed_value":1378500},{"address":"16323.0 99 STREET NW","assessed_value":348500},{"address":"5111.0 112 STREET NW","assessed_value":467000},{"address":"11008.0 60 AVENUE NW","assessed_value":449500},{"address":"11552.0 80 AVENUE NW","assessed_value":1180000},{"address":"10535.0 76 AVENUE NW","assessed_value":266000},{"address":"9808.0 159 AVENUE NW","assessed_value":426000},{"address":"83.0 FAIRWAY DRIVE NW","assessed_value":1370000},{"address":"10935.0 62 AVENUE NW","assessed_value":586500},{"address":"10425.0 78 AVENUE NW","assessed_value":1566000},{"address":"10433.0 18 AVENUE NW","assessed_value":270000},{"address":"7811.0 116 STREET NW","assessed_value":1423500},{"address":"11707.0 40 AVENUE NW","assessed_value":475500},{"address":"9343.0 96 STREET NW","assessed_value":777500},{"address":"9612.0 81 AVENUE NW","assessed_value":321500},{"address":"2093.0 SADDLEBACK ROAD NW","assessed_value":191500},{"address":"11804.0 28 AVENUE NW","assessed_value":422500},{"address":"15807.0 98 STREET NW","assessed_value":431500},{"address":"8935.0 117 STREET NW","assessed_value":1005000},{"address":"14749.0 46 AVENUE NW","assessed_value":556000},{"address":"9318.0 94 STREET NW","assessed_value":761000},{"address":"9928.0 85 AVENUE NW","assessed_value":469500},{"address":"3507.0 112 STREET NW","assessed_value":491000},{"address":"454.0 ROONEY CRESCENT NW","assessed_value":806500},{"address":"10608.0 74 AVENUE NW","assessed_value":1000},{"address":"10326.0 82 AVENUE NW","assessed_value":1612500},{"address":"5808.0 113A STREET NW","assessed_value":426000},{"address":"10020.0 90 AVENUE NW","assessed_value":1500},{"address":"3637.0 103B STREET NW","assessed_value":417000},{"address":"6403.0 146 STREET NW","assessed_value":780500},{"address":"9922.0 85 AVENUE NW","assessed_value":934500},{"address":"3515.0 112 STREET NW","assessed_value":473000},{"address":"10433.0 83 AVENUE NW","assessed_value":1023000},{"address":"9019.0 98 STREET NW","assessed_value":655500},{"address":"10631.0 73 AVENUE NW","assessed_value":427500},{"address":"15144.0 49 AVENUE NW","assessed_value":708500},{"address":"3512.0 117B STREET NW","assessed_value":487500},{"address":"11104.0 75 AVENUE NW","assessed_value":597000},{"address":"11526.0 24 AVENUE NW","assessed_value":452500},{"address":"10447.0 20 AVENUE NW","assessed_value":1000},{"address":"14620.0 64 AVENUE NW","assessed_value":680500},{"address":"10805.0 78 AVENUE NW","assessed_value":22000},{"address":"11036.0 86 AVENUE NW","assessed_value":296000},{"address":"10411.0 27 AVENUE NW","assessed_value":423500},{"address":"10716.0 57 AVENUE NW","assessed_value":614000},{"address":"1.0 GARDEN GROVE NW","assessed_value":200500},{"address":"2107.0 112 STREET NW","assessed_value":468000},{"address":"4032.0 120 STREET NW","assessed_value":741000},{"address":"16220.0 109 STREET NW","assessed_value":208500},{"address":"3124.0 115 STREET NW","assessed_value":435000},{"address":"10419.0 39A AVENUE NW","assessed_value":450000},{"address":"11006.0 BEAUMARIS ROAD NW","assessed_value":218000},{"address":"5507.0 113A STREET NW","assessed_value":644500},{"address":"4204.0 123 STREET NW","assessed_value":479000},{"address":"5712.0 144 STREET NW","assessed_value":468000},{"address":"9629.0 77 AVENUE NW","assessed_value":867000},{"address":"3659.0 109 STREET NW","assessed_value":468500},{"address":"1819.0 104 STREET NW","assessed_value":377000},{"address":"11503.0 38 AVENUE NW","assessed_value":510500},{"address":"11544.0 41 AVENUE NW","assessed_value":450500},{"address":"10755.0 72 AVENUE NW","assessed_value":426500},{"address":"10501.0 66 AVENUE NW","assessed_value":432500},{"address":"3711.0 117A STREET NW","assessed_value":424000},{"address":"5520.0 RIVERBEND ROAD NW","assessed_value":135000},{"address":"5308.0 108 STREET NW","assessed_value":452000},{"address":"5411.0 109A STREET NW","assessed_value":465500},{"address":"9624.0 96 STREET NW","assessed_value":1368000},{"address":"11130.0 23A AVENUE NW","assessed_value":507500},{"address":"11011.0 86 AVENUE NW","assessed_value":187500},{"address":"422.0 ROONEY CRESCENT NW","assessed_value":877500},{"address":"12016.0 41 AVENUE NW","assessed_value":552500},{"address":"10927.0 16 AVENUE NW","assessed_value":711000},{"address":"10112.0 169 AVENUE NW","assessed_value":293500},{"address":"11223.0 75 AVENUE NW","assessed_value":1108500},{"address":"8125.0 110 STREET NW","assessed_value":162000},{"address":"10056.0 90 AVENUE NW","assessed_value":1323000},{"address":"nan nan","assessed_value":500},{"address":"11524.0 38 AVENUE NW","assessed_value":571500},{"address":"10443.0 39A AVENUE NW","assessed_value":464500},{"address":"11231.0 41 AVENUE NW","assessed_value":439000},{"address":"3815.0 108 STREET NW","assessed_value":474500},{"address":"10633.0 70 AVENUE NW","assessed_value":628500},{"address":"9640.0 96 STREET NW","assessed_value":934500},{"address":"nan nan","assessed_value":8500},{"address":"3512.0 112 STREET NW","assessed_value":559000},{"address":"10731.0 78 AVENUE NW","assessed_value":427000},{"address":"2327.0 119 STREET NW","assessed_value":103000},{"address":"12082.0 25 AVENUE NW","assessed_value":187000},{"address":"15108.0 56 AVENUE NW","assessed_value":639500},{"address":"10707.0 64 AVENUE NW","assessed_value":412500},{"address":"11115.0 50 AVENUE NW","assessed_value":605500},{"address":"3141.0 109 STREET NW","assessed_value":223500},{"address":"9864.0 81 AVENUE NW","assessed_value":195000},{"address":"11154.0 18 AVENUE NW","assessed_value":161000},{"address":"9904.0 77 AVENUE NW","assessed_value":287500},{"address":"3511.0 117B STREET NW","assessed_value":454500},{"address":"4231.0 110 STREET NW","assessed_value":441500},{"address":"10929.0 69 AVENUE NW","assessed_value":395500},{"address":"8432.0 109 STREET NW","assessed_value":174000},{"address":"11152.0 39A AVENUE NW","assessed_value":436000},{"address":"4336.0 114A STREET NW","assessed_value":416000},{"address":"11130.0 24A AVENUE NW","assessed_value":579000},{"address":"9741.0 95 STREET NW","assessed_value":688500},{"address":"10451.0 28A AVENUE NW","assessed_value":356000},{"address":"10414.0 27A AVENUE NW","assessed_value":402000},{"address":"11138.0 35 AVENUE NW","assessed_value":607500},{"address":"10420.0 68 AVENUE NW","assessed_value":467000},{"address":"9716.0 89 AVENUE NW","assessed_value":997000},{"address":"10847.0 33 AVENUE NW","assessed_value":413500},{"address":"4350.0 111 STREET NW","assessed_value":23858000},{"address":"14724.0 44 AVENUE NW","assessed_value":604000},{"address":"2415.0 113 STREET NW","assessed_value":682500},{"address":"5707.0 113B STREET NW","assessed_value":459500},{"address":"4224.0 121 STREET NW","assessed_value":616500},{"address":"2727.0 117 STREET NW","assessed_value":499500},{"address":"6304.0 132 STREET NW","assessed_value":804500},{"address":"6519.0 112A STREET NW","assessed_value":447000},{"address":"4115.0 108 STREET NW","assessed_value":449500},{"address":"1176.0 SADDLEBACK ROAD NW","assessed_value":174000},{"address":"10519.0 56 AVENUE NW","assessed_value":443000},{"address":"5905.0 109 STREET NW","assessed_value":444500},{"address":"9757.0 93 AVENUE NW","assessed_value":580500},{"address":"11021.0 80 AVENUE NW","assessed_value":505500},{"address":"11638.0 77 AVENUE NW","assessed_value":965000},{"address":"14211.0 50 AVENUE NW","assessed_value":531500},{"address":"9724.0 89 AVENUE NW","assessed_value":439500},{"address":"11411.0 35 AVENUE NW","assessed_value":524500},{"address":"11552.0 41 AVENUE NW","assessed_value":434000},{"address":"7630.0 119 STREET NW","assessed_value":691500},{"address":"3531.0 113B STREET NW","assessed_value":486500},{"address":"8932.0 116 STREET NW","assessed_value":799500},{"address":"5411.0 142 STREET NW","assessed_value":712500},{"address":"11536.0 43 AVENUE NW","assessed_value":442500},{"address":"15613.0 100 STREET NW","assessed_value":558500},{"address":"4111.0 123 STREET NW","assessed_value":556000},{"address":"14825.0 51 AVENUE NW","assessed_value":114500},{"address":"6511.0 GRAND VIEW DRIVE NW","assessed_value":500},{"address":"1827.0 104A STREET NW","assessed_value":582500},{"address":"4203.0 107 STREET NW","assessed_value":9178000},{"address":"9306.0 92 STREET NW","assessed_value":605500},{"address":"10936.0 84 AVENUE NW","assessed_value":560500},{"address":"10624.0 84 AVENUE NW","assessed_value":508500},{"address":"10830.0 33A AVENUE NW","assessed_value":428500},{"address":"4823.0 151 STREET NW","assessed_value":500500},{"address":"4912.0 126 STREET NW","assessed_value":666500},{"address":"10751.0 69 AVENUE NW","assessed_value":327500},{"address":"10021.0 83 AVENUE NW","assessed_value":495000},{"address":"10703.0 36A AVENUE NW","assessed_value":441500},{"address":"4020.0 ASPEN DRIVE WEST NW","assessed_value":1218500},{"address":"5520.0 RIVERBEND ROAD NW","assessed_value":137500},{"address":"9632.0 76 AVENUE NW","assessed_value":192000},{"address":"3504.0 107 STREET NW","assessed_value":535500},{"address":"11503.0 37A AVENUE NW","assessed_value":458500},{"address":"3107.0 110 STREET NW","assessed_value":499000},{"address":"10818.0 68 AVENUE NW","assessed_value":294500},{"address":"11446.0 79 AVENUE NW","assessed_value":531500},{"address":"10523.0 31 AVENUE NW","assessed_value":453000},{"address":"16310.0 112A STREET NW","assessed_value":359000},{"address":"10848.0 82 AVENUE NW","assessed_value":1215500},{"address":"11223.0 159 AVENUE NW","assessed_value":437000},{"address":"14207.0 50 AVENUE NW","assessed_value":502500},{"address":"2223.0 111A STREET NW","assessed_value":535500},{"address":"11151.0 81 AVENUE NW","assessed_value":561500},{"address":"11455.0 42 AVENUE NW","assessed_value":416000},{"address":"10963.0 35A AVENUE NW","assessed_value":400000},{"address":"10435.0 SASKATCHEWAN DRIVE NW","assessed_value":1601500},{"address":"11231.0 71 AVENUE NW","assessed_value":490000},{"address":"11516.0 33A AVENUE NW","assessed_value":462000},{"address":"5525.0 109 STREET NW","assessed_value":804000},{"address":"10920.0 41A AVENUE NW","assessed_value":497500},{"address":"10120.0 155 AVENUE NW","assessed_value":500},{"address":"6003.0 143 STREET NW","assessed_value":886500},{"address":"16007.0 109 STREET NW","assessed_value":492000},{"address":"4304.0 147 STREET NW","assessed_value":561500},{"address":"12208.0 42 AVENUE NW","assessed_value":607500},{"address":"11054.0 83 AVENUE NW","assessed_value":632000},{"address":"4916.0 126 STREET NW","assessed_value":666500},{"address":"10223.0 171A AVENUE NW","assessed_value":295000},{"address":"3109.0 112A STREET NW","assessed_value":546000},{"address":"10011.0 80 AVENUE NW","assessed_value":623500},{"address":"9847.0 80 AVENUE NW","assessed_value":407500},{"address":"9718.0 96 STREET NW","assessed_value":388000},{"address":"3615.0 109B STREET NW","assessed_value":456500},{"address":"11503.0 36A AVENUE NW","assessed_value":507000},{"address":"9825.0 77 AVENUE NW","assessed_value":754000},{"address":"10984.0 73 AVENUE NW","assessed_value":441000},{"address":"3611.0 117 STREET NW","assessed_value":612500},{"address":"3206.0 110A STREET NW","assessed_value":481000},{"address":"11507.0 43 AVENUE NW","assessed_value":414000},{"address":"11612.0 33 AVENUE NW","assessed_value":500500},{"address":"10440.0 69 AVENUE NW","assessed_value":446000},{"address":"2120.0 111A STREET NW","assessed_value":513500},{"address":"10523.0 61 AVENUE NW","assessed_value":412500},{"address":"10934.0 77 AVENUE NW","assessed_value":968500},{"address":"3636.0 110 STREET NW","assessed_value":482000},{"address":"11027.0 87 AVENUE NW","assessed_value":257500},{"address":"12607.0 52 AVENUE NW","assessed_value":640500},{"address":"15760.0 106 STREET NW","assessed_value":1000},{"address":"6616.0 106 STREET NW","assessed_value":317000},{"address":"434.0 ROONEY CRESCENT NW","assessed_value":797000},{"address":"4703.0 105A STREET NW","assessed_value":398000},{"address":"4340.0 147A STREET NW","assessed_value":579000},{"address":"9629.0 96A STREET NW","assessed_value":434500},{"address":"11507.0 80 AVENUE NW","assessed_value":758000},{"address":"3808.0 114 STREET NW","assessed_value":318000},{"address":"5415.0 113A STREET NW","assessed_value":465000},{"address":"2204.0 111A STREET NW","assessed_value":546500},{"address":"5016.0 122A STREET NW","assessed_value":524000},{"address":"114.0 FAIRWAY DRIVE NW","assessed_value":856000},{"address":"15805.0 100 STREET NW","assessed_value":431000},{"address":"2605.0 105A STREET NW","assessed_value":479000},{"address":"3607.0 106 STREET NW","assessed_value":388000},{"address":"nan nan","assessed_value":5500},{"address":"9938.0 85 AVENUE NW","assessed_value":511500},{"address":"4128.0 RAMSAY CRESCENT NW","assessed_value":562000},{"address":"1.0 GARDEN GROVE NW","assessed_value":187000},{"address":"10841.0 79 AVENUE NW","assessed_value":422500},{"address":"3212.0 112 STREET NW","assessed_value":535500},{"address":"9638.0 84 AVENUE NW","assessed_value":1146500},{"address":"10524.0 154 AVENUE NW","assessed_value":466500},{"address":"11464.0 39 AVENUE NW","assessed_value":343500},{"address":"5211.0 115 STREET NW","assessed_value":482000},{"address":"9603.0 95 AVENUE NW","assessed_value":1545000},{"address":"10926.0 71 AVENUE NW","assessed_value":321000},{"address":"8433.0 118 STREET NW","assessed_value":1260000},{"address":"16307.0 112 STREET NW","assessed_value":365000},{"address":"9929.0 SASKATCHEWAN DRIVE NW","assessed_value":364500},{"address":"4211.0 110 STREET NW","assessed_value":425500},{"address":"12916.0 63 AVENUE NW","assessed_value":738000},{"address":"10731.0 41 AVENUE NW","assessed_value":483000},{"address":"2000.0 SADDLEBACK ROAD NW","assessed_value":111500},{"address":"11434.0 41 AVENUE NW","assessed_value":312500},{"address":"11367.0 22 AVENUE NW","assessed_value":222000},{"address":"10615.0 24 AVENUE NW","assessed_value":381000},{"address":"6103.0 109 STREET NW","assessed_value":438500},{"address":"4103.0 114 STREET NW","assessed_value":431500},{"address":"12319.0 51A AVENUE NW","assessed_value":656500},{"address":"100.0 TUDOR LANE NW","assessed_value":214500},{"address":"4620.0 111A STREET NW","assessed_value":484500},{"address":"10427.0 70 AVENUE NW","assessed_value":385000},{"address":"9215.0 118 STREET NW","assessed_value":1576000},{"address":"15132.0 RAMSAY CRESCENT NW","assessed_value":758000},{"address":"nan nan","assessed_value":5500},{"address":"13015.0 GRAND VIEW DRIVE NW","assessed_value":1039000},{"address":"3433.0 112A STREET NW","assessed_value":572000},{"address":"11119.0 71 AVENUE NW","assessed_value":493500},{"address":"9839.0 90 AVENUE NW","assessed_value":896000},{"address":"9558.0 DONNELL ROAD NW","assessed_value":1026000},{"address":"11104.0 80 AVENUE NW","assessed_value":512500},{"address":"4724.0 MALMO ROAD NW","assessed_value":448500},{"address":"3527.0 107 STREET NW","assessed_value":421500},{"address":"10832.0 61 AVENUE NW","assessed_value":648500},{"address":"9831.0 91 AVENUE NW","assessed_value":979000},{"address":"88.0 CASTLE KEEP NW","assessed_value":697000},{"address":"5723.0 109A STREET NW","assessed_value":555000},{"address":"3048.0 108 STREET NW","assessed_value":242000},{"address":"26.0 MARLBORO ROAD NW","assessed_value":1098500},{"address":"10702.0 68 AVENUE NW","assessed_value":399500},{"address":"7908.0 119 STREET NW","assessed_value":1776000},{"address":"7307.0 118 STREET NW","assessed_value":138500},{"address":"2315.0 119 STREET NW","assessed_value":104000},{"address":"5111.0 110 STREET NW","assessed_value":289500},{"address":"10486.0 21 AVENUE NW","assessed_value":422000},{"address":"10005.0 80 AVENUE NW","assessed_value":877500},{"address":"2024.0 104 STREET NW","assessed_value":356500},{"address":"9929.0 SASKATCHEWAN DRIVE NW","assessed_value":322000},{"address":"10471.0 21 AVENUE NW","assessed_value":506500},{"address":"nan nan","assessed_value":5500},{"address":"11704.0 29 AVENUE NW","assessed_value":480000},{"address":"2916.0 105A STREET NW","assessed_value":129000},{"address":"10740.0 84 AVENUE NW","assessed_value":328000},{"address":"10848.0 73 AVENUE NW","assessed_value":321500},{"address":"11159.0 78 AVENUE NW","assessed_value":510500},{"address":"5114.0 106A STREET NW","assessed_value":217500},{"address":"6331.0 109A STREET NW","assessed_value":430000},{"address":"11206.0 71 AVENUE NW","assessed_value":585000},{"address":"nan nan","assessed_value":5500},{"address":"3815.0 112A STREET NW","assessed_value":786500},{"address":"10023.0 171 AVENUE NW","assessed_value":261500},{"address":"11416.0 56 AVENUE NW","assessed_value":511000},{"address":"11707.0 49 AVENUE NW","assessed_value":431500},{"address":"10918.0 88 AVENUE NW","assessed_value":1735000},{"address":"12311.0 ASPEN DRIVE WEST NW","assessed_value":1652000},{"address":"11512.0 48 AVENUE NW","assessed_value":492000},{"address":"3203.0 115 STREET NW","assessed_value":571500},{"address":"11047.0 81 AVENUE NW","assessed_value":504500},{"address":"5516.0 113 STREET NW","assessed_value":455500},{"address":"16144.0 98 STREET NW","assessed_value":457500},{"address":"10720.0 42 AVENUE NW","assessed_value":453000},{"address":"11659.0 72 AVENUE NW","assessed_value":704000},{"address":"10547.0 35 AVENUE NW","assessed_value":447000},{"address":"5819.0 142 STREET NW","assessed_value":695000},{"address":"2213.0 113 STREET NW","assessed_value":414500},{"address":"5104.0 139 STREET NW","assessed_value":1059000},{"address":"10938.0 62 AVENUE NW","assessed_value":513000},{"address":"9626.0 99A STREET NW","assessed_value":442000},{"address":"11134.0 64 AVENUE NW","assessed_value":385000},{"address":"7817.0 105 STREET NW","assessed_value":291500},{"address":"11135.0 35 AVENUE NW","assessed_value":652000},{"address":"nan nan","assessed_value":5500},{"address":"9519.0 92 STREET NW","assessed_value":431000},{"address":"2319.0 112A STREET NW","assessed_value":590500},{"address":"11418.0 74 AVENUE NW","assessed_value":633000},{"address":"10945.0 54 AVENUE NW","assessed_value":419500},{"address":"10632.0 21 AVENUE NW","assessed_value":425000},{"address":"102.0 HEARTHSTONE NW","assessed_value":327500},{"address":"10819.0 38 AVENUE NW","assessed_value":485500},{"address":"12607.0 65 AVENUE NW","assessed_value":1310500},{"address":"5109.0 110 STREET NW","assessed_value":304000},{"address":"4911.0 116 STREET NW","assessed_value":450000},{"address":"3540.0 110 STREET NW","assessed_value":443000},{"address":"4712.0 138 STREET NW","assessed_value":1202500},{"address":"11158.0 77 AVENUE NW","assessed_value":1261500},{"address":"16225.0 112A STREET NW","assessed_value":360000},{"address":"133.0 HEARTHSTONE NW","assessed_value":356500},{"address":"10921.0 54 AVENUE NW","assessed_value":371000},{"address":"7338.0 118A STREET NW","assessed_value":1081500},{"address":"16021.0 100 STREET NW","assessed_value":267000},{"address":"2109.0 SADDLEBACK ROAD NW","assessed_value":177500},{"address":"4432.0 117 STREET NW","assessed_value":641500},{"address":"4407.0 154 STREET NW","assessed_value":937000},{"address":"10755.0 81 AVENUE NW","assessed_value":2602500},{"address":"4131.0 120 STREET NW","assessed_value":649000},{"address":"11307.0 50 AVENUE NW","assessed_value":520000},{"address":"4206.0 149 STREET NW","assessed_value":508000},{"address":"10627.0 75 AVENUE NW","assessed_value":458000},{"address":"5313.0 109 STREET NW","assessed_value":492000},{"address":"2318.0 111A STREET NW","assessed_value":710500},{"address":"12204.0 28 AVENUE NW","assessed_value":643000},{"address":"5819.0 143A STREET NW","assessed_value":531000},{"address":"10604.0 60 AVENUE NW","assessed_value":480500},{"address":"11514.0 71 AVENUE NW","assessed_value":1175000},{"address":"9109.0 STRATHEARN DRIVE NW","assessed_value":626000},{"address":"6335.0 105A STREET NW","assessed_value":519000},{"address":"110.0 FAIRWAY DRIVE NW","assessed_value":933500},{"address":"10429.0 24 AVENUE NW","assessed_value":184500},{"address":"11708.0 48 AVENUE NW","assessed_value":461000},{"address":"11444.0 37A AVENUE NW","assessed_value":517000},{"address":"9808.0 157 AVENUE NW","assessed_value":483000},{"address":"10543.0 55 AVENUE NW","assessed_value":486500},{"address":"3612.0 114A STREET NW","assessed_value":468000},{"address":"2450.0 104 STREET NW","assessed_value":218000},{"address":"5424.0 109 STREET NW","assessed_value":1637000},{"address":"9117.0 STRATHEARN DRIVE NW","assessed_value":694000},{"address":"9710.0 84 AVENUE NW","assessed_value":666500},{"address":"10423.0 86 AVENUE NW","assessed_value":507000},{"address":"3543.0 104A STREET NW","assessed_value":446500},{"address":"9748.0 88 AVENUE NW","assessed_value":646500},{"address":"10621.0 66 AVENUE NW","assessed_value":479500},{"address":"11160.0 36A AVENUE NW","assessed_value":458000},{"address":"11329.0 22 AVENUE NW","assessed_value":216500},{"address":"6807.0 111 STREET NW","assessed_value":461500},{"address":"5611.0 115 STREET NW","assessed_value":467000},{"address":"5411.0 143 STREET NW","assessed_value":635500},{"address":"10528.0 55 AVENUE NW","assessed_value":436000},{"address":"10755.0 80 AVENUE NW","assessed_value":427500},{"address":"5111.0 151 STREET NW","assessed_value":488000},{"address":"41.0 WESTBROOK DRIVE NW","assessed_value":2456500},{"address":"3616.0 114 STREET NW","assessed_value":587000},{"address":"14335.0 60 AVENUE NW","assessed_value":715500},{"address":"5728.0 109 STREET NW","assessed_value":433500},{"address":"11503.0 39 AVENUE NW","assessed_value":443500},{"address":"11124.0 35A AVENUE NW","assessed_value":490500},{"address":"11527.0 38 AVENUE NW","assessed_value":455500},{"address":"10328.0 81 AVENUE NW","assessed_value":4513500},{"address":"2065.0 SADDLEBACK ROAD NW","assessed_value":177500},{"address":"11772.0 37 AVENUE NW","assessed_value":503500},{"address":"15443.0 106 STREET NW","assessed_value":482500},{"address":"16012.0 101 STREET NW","assessed_value":422000},{"address":"4335.0 114A STREET NW","assessed_value":442500},{"address":"5715.0 107 STREET NW","assessed_value":458500},{"address":"14336.0 60 AVENUE NW","assessed_value":848500},{"address":"2434.0 107 STREET NW","assessed_value":309500},{"address":"3712.0 117 STREET NW","assessed_value":488500},{"address":"9252.0 116 STREET NW","assessed_value":778500},{"address":"8015.0 102 STREET NW","assessed_value":12383000},{"address":"12636.0 52 AVENUE NW","assessed_value":731500},{"address":"3916.0 111A STREET NW","assessed_value":479500},{"address":"9531.0 99B STREET NW","assessed_value":1500},{"address":"4115.0 147 STREET NW","assessed_value":548500},{"address":"9742.0 80 AVENUE NW","assessed_value":551000},{"address":"10524.0 29 AVENUE NW","assessed_value":132500},{"address":"8524.0 GATEWAY BOULEVARD NW","assessed_value":106000},{"address":"10951.0 81 AVENUE NW","assessed_value":1004000},{"address":"9823.0 164 AVENUE NW","assessed_value":330000},{"address":"12019.0 ASPEN DRIVE WEST NW","assessed_value":1956500},{"address":"nan nan","assessed_value":5500},{"address":"12403.0 LANSDOWNE DRIVE NW","assessed_value":6531500},{"address":"9007.0 SASKATCHEWAN DRIVE NW","assessed_value":1479000},{"address":"10001.0 82 AVENUE NW","assessed_value":1278500},{"address":"10942.0 BEAUMARIS ROAD NW","assessed_value":214000},{"address":"9737.0 93 STREET NW","assessed_value":386500},{"address":"8849.0 94 STREET NW","assessed_value":386500},{"address":"4128.0 112A STREET NW","assessed_value":446500},{"address":"15505.0 WHITEMUD ROAD NW","assessed_value":1892500},{"address":"10633.0 31 AVENUE NW","assessed_value":185000},{"address":"5308.0 107 STREET NW","assessed_value":463500},{"address":"5828.0 114A STREET NW","assessed_value":462000},{"address":"11734.0 26 AVENUE NW","assessed_value":1000},{"address":"4923.0 111A STREET NW","assessed_value":494500},{"address":"9715.0 96 STREET NW","assessed_value":700500},{"address":"4723.0 139 STREET NW","assessed_value":586000},{"address":"1416.0 109 STREET NW","assessed_value":467000},{"address":"10810.0 33A AVENUE NW","assessed_value":509500},{"address":"10949.0 75 AVENUE NW","assessed_value":445000},{"address":"4811.0 143 STREET NW","assessed_value":534000},{"address":"10308.0 81 AVENUE NW","assessed_value":1951000},{"address":"10952.0 85 AVENUE NW","assessed_value":546500},{"address":"8308.0 120 STREET NW","assessed_value":880000},{"address":"10915.0 81 AVENUE NW","assessed_value":499500},{"address":"3624.0 106 STREET NW","assessed_value":410000},{"address":"15451.0 106 STREET NW","assessed_value":528500},{"address":"2803.0 117 STREET NW","assessed_value":466000},{"address":"11716.0 37B AVENUE NW","assessed_value":459500},{"address":"11340.0 53 AVENUE NW","assessed_value":1294500},{"address":"4214.0 107 STREET NW","assessed_value":478000},{"address":"10491.0 24 AVENUE NW","assessed_value":184500},{"address":"10364.0 60 AVENUE NW","assessed_value":908000},{"address":"1004.0 109 STREET NW","assessed_value":127500},{"address":"4216.0 110 STREET NW","assessed_value":449500},{"address":"11602.0 74 AVENUE NW","assessed_value":978000},{"address":"10419.0 32 AVENUE NW","assessed_value":463500},{"address":"14863.0 41 AVENUE NW","assessed_value":601500},{"address":"14810.0 51 AVENUE NW","assessed_value":188000},{"address":"10517.0 75 AVENUE NW","assessed_value":523500},{"address":"9244.0 91 STREET NW","assessed_value":476500},{"address":"3603.0 114A STREET NW","assessed_value":484500},{"address":"4727.0 151 STREET NW","assessed_value":553500},{"address":"12068.0 25 AVENUE NW","assessed_value":205000},{"address":"13903.0 49 AVENUE NW","assessed_value":647500},{"address":"14807.0 45 AVENUE NW","assessed_value":615000},{"address":"9755.0 86 AVENUE NW","assessed_value":451500},{"address":"11720.0 36A AVENUE NW","assessed_value":502000},{"address":"6210.0 106 STREET NW","assessed_value":406000},{"address":"4024.0 108 STREET NW","assessed_value":446000},{"address":"11009.0 60 AVENUE NW","assessed_value":432500},{"address":"6907.0 106 STREET NW","assessed_value":421500},{"address":"9807.0 156 AVENUE NW","assessed_value":477500},{"address":"10941.0 74 AVENUE NW","assessed_value":1331500},{"address":"11411.0 42 AVENUE NW","assessed_value":414000},{"address":"3031.0 116 STREET NW","assessed_value":162500},{"address":"9309.0 96 STREET NW","assessed_value":1163500},{"address":"109.0 FAIRWAY DRIVE NW","assessed_value":3485500},{"address":"11020.0 158 AVENUE NW","assessed_value":512500},{"address":"9655.0 87 AVENUE NW","assessed_value":533000},{"address":"11608.0 41 AVENUE NW","assessed_value":423000},{"address":"1864.0 104 STREET NW","assessed_value":454500},{"address":"14810.0 51 AVENUE NW","assessed_value":5500},{"address":"14208.0 57 AVENUE NW","assessed_value":618000},{"address":"10502.0 68 AVENUE NW","assessed_value":437000},{"address":"12032.0 39A AVENUE NW","assessed_value":661000},{"address":"4419.0 147 STREET NW","assessed_value":2000},{"address":"14720.0 43 AVENUE NW","assessed_value":488000},{"address":"10112.0 171A AVENUE NW","assessed_value":332000},{"address":"16224.0 111 STREET NW","assessed_value":352500},{"address":"10132.0 83 AVENUE NW","assessed_value":456000},{"address":"11508.0 36A AVENUE NW","assessed_value":468000},{"address":"11144.0 53 AVENUE NW","assessed_value":488000},{"address":"11719.0 39 AVENUE NW","assessed_value":494000},{"address":"7911.0 SASKATCHEWAN DRIVE NW","assessed_value":1113500},{"address":"11526.0 77 AVENUE NW","assessed_value":618000},{"address":"4020.0 106 STREET NW","assessed_value":3607500},{"address":"11503.0 73 AVENUE NW","assessed_value":873500},{"address":"11915.0 41A AVENUE NW","assessed_value":492500},{"address":"11115.0 43 AVENUE NW","assessed_value":403500},{"address":"9134.0 116 STREET NW","assessed_value":904500},{"address":"10811.0 60 AVENUE NW","assessed_value":739500},{"address":"11219.0 53 AVENUE NW","assessed_value":480000},{"address":"3103.0 104 STREET NW","assessed_value":486000},{"address":"nan nan","assessed_value":5500},{"address":"5311.0 106 STREET NW","assessed_value":273500},{"address":"9725.0 95 STREET NW","assessed_value":653000},{"address":"4711.0 144 STREET NW","assessed_value":28000},{"address":"6250.0 112A STREET NW","assessed_value":410000},{"address":"4732.0 151 STREET NW","assessed_value":664000},{"address":"14710.0 45 AVENUE NW","assessed_value":507500},{"address":"9336.0 91 STREET NW","assessed_value":379000},{"address":"4603.0 141 STREET NW","assessed_value":605000},{"address":"687.0 ROMANIUK ROAD NW","assessed_value":686500},{"address":"1411.0 109 STREET NW","assessed_value":501000},{"address":"10633.0 31 AVENUE NW","assessed_value":190500},{"address":"4211.0 109A STREET NW","assessed_value":484500},{"address":"11219.0 23A AVENUE NW","assessed_value":530500},{"address":"9218.0 116 STREET NW","assessed_value":1061500},{"address":"9802.0 80 AVENUE NW","assessed_value":394500},{"address":"2999.0 116 STREET NW","assessed_value":174500},{"address":"10435.0 27 AVENUE NW","assessed_value":351000},{"address":"nan nan","assessed_value":5500},{"address":"9318.0 92 STREET NW","assessed_value":571500},{"address":"4907.0 LANSDOWNE DRIVE NW","assessed_value":796500},{"address":"11336.0 79 AVENUE NW","assessed_value":512500},{"address":"15913.0 112B STREET NW","assessed_value":506500},{"address":"10938.0 87 AVENUE NW","assessed_value":431000},{"address":"11439.0 22 AVENUE NW","assessed_value":206500},{"address":"11127.0 54A AVENUE NW","assessed_value":544500},{"address":"4711.0 141 STREET NW","assessed_value":658500},{"address":"3540.0 105B STREET NW","assessed_value":432000},{"address":"5611.0 WHITEMUD ROAD NW","assessed_value":684000},{"address":"6806.0 112 STREET NW","assessed_value":493500},{"address":"11228.0 33 AVENUE NW","assessed_value":580000},{"address":"10507.0 82 AVENUE NW","assessed_value":758000},{"address":"14811.0 51 AVENUE NW","assessed_value":143000},{"address":"8008.0 105 STREET NW","assessed_value":955000},{"address":"10531.0 68 AVENUE NW","assessed_value":412500},{"address":"9912.0 77 AVENUE NW","assessed_value":170500},{"address":"4140.0 110 STREET NW","assessed_value":442000},{"address":"82.0 HEARTHSTONE NW","assessed_value":349000},{"address":"3816.0 118 STREET NW","assessed_value":472500},{"address":"4736.0 105B STREET NW","assessed_value":369500},{"address":"11214.0 18 AVENUE NW","assessed_value":174000},{"address":"13903.0 48 AVENUE NW","assessed_value":664500},{"address":"4923.0 116 STREET NW","assessed_value":447000},{"address":"10702.0 72 AVENUE NW","assessed_value":849000},{"address":"11715.0 44 AVENUE NW","assessed_value":441000},{"address":"11116.0 54A AVENUE NW","assessed_value":537000},{"address":"14335.0 59 AVENUE NW","assessed_value":557500},{"address":"11428.0 46 AVENUE NW","assessed_value":500000},{"address":"5015.0 143 STREET NW","assessed_value":551000},{"address":"11049.0 85 AVENUE NW","assessed_value":619000},{"address":"9846.0 90 AVENUE NW","assessed_value":400000}]