[{"address":"10612.0 79 STREET NW","assessed_value":455000},{"address":"5604.0 FULTON ROAD NW","assessed_value":387000},{"address":"8416.0 19 AVENUE NW","assessed_value":372000},{"address":"5011.0 23 AVENUE NW","assessed_value":15058500},{"address":"6416.0 13 AVENUE NW","assessed_value":486000},{"address":"2111.0 79 STREET NW","assessed_value":354000},{"address":"7703.0 84 AVENUE NW","assessed_value":371500},{"address":"4320.0 76 STREET NW","assessed_value":141500},{"address":"9538.0 72 AVENUE NW","assessed_value":480500},{"address":"9720.0 64 STREET NW","assessed_value":469500},{"address":"6731.0 31 AVENUE NW","assessed_value":376000},{"address":"8514.0 10 AVENUE NW","assessed_value":431500},{"address":"970.0 LAKEWOOD ROAD NORTH NW","assessed_value":185000},{"address":"9204.0 58 STREET NW","assessed_value":444500},{"address":"6712.0 36A AVENUE NW","assessed_value":208500},{"address":"8743.0 67 AVENUE NW","assessed_value":448000},{"address":"10523.0 78 STREET NW","assessed_value":997000},{"address":"8715.0 62 STREET NW","assessed_value":395000},{"address":"10527.0 48 STREET NW","assessed_value":420500},{"address":"8512.0 68A STREET NW","assessed_value":409500},{"address":"10310.0 56 STREET NW","assessed_value":6679000},{"address":"6112.0 101 AVENUE NW","assessed_value":410500},{"address":"918.0 LEE RIDGE ROAD NW","assessed_value":189000},{"address":"6704.0 92A AVENUE NW","assessed_value":450500},{"address":"9424.0 58 STREET NW","assessed_value":418000},{"address":"6607.0 106A AVENUE NW","assessed_value":455000},{"address":"9316.0 68 STREET NW","assessed_value":433500},{"address":"8115.0 34A AVENUE NW","assessed_value":387500},{"address":"8304.0 44 AVENUE NW","assessed_value":434000},{"address":"2151.0 78 STREET NW","assessed_value":397000},{"address":"8410.0 14 AVENUE NW","assessed_value":356500},{"address":"6930.0 11 AVENUE NW","assessed_value":381000},{"address":"1008.0 77 STREET NW","assessed_value":385000},{"address":"7111.0 35 AVENUE NW","assessed_value":350000},{"address":"8326.0 73 AVENUE NW","assessed_value":285000},{"address":"6808.0 102A AVENUE NW","assessed_value":440000},{"address":"9256.0 75 STREET NW","assessed_value":381000},{"address":"10410.0 81 STREET NW","assessed_value":396500},{"address":"9612.0 69A STREET NW","assessed_value":429000},{"address":"5204.0 90 AVENUE NW","assessed_value":356500},{"address":"661.0 LEE RIDGE ROAD NW","assessed_value":446500},{"address":"225.0 LEE RIDGE ROAD NW","assessed_value":339000},{"address":"7311.0 96B AVENUE NW","assessed_value":479000},{"address":"10429.0 79 STREET NW","assessed_value":441000},{"address":"8113.0 84 AVENUE NW","assessed_value":376000},{"address":"9911.0 76 STREET NW","assessed_value":450500},{"address":"1310.0 72 STREET NW","assessed_value":337000},{"address":"7624.0 75 AVENUE NW","assessed_value":415000},{"address":"8127.0 78 AVENUE NW","assessed_value":385000},{"address":"7503.0 106 AVENUE NW","assessed_value":415500},{"address":"7712.0 36 AVENUE NW","assessed_value":47500},{"address":"9451.0 52 STREET NW","assessed_value":363000},{"address":"1967.0 68 STREET NW","assessed_value":392000},{"address":"9710.0 35 AVENUE NW","assessed_value":1500},{"address":"7338.0 18 AVENUE NW","assessed_value":366500},{"address":"4211.0 106B AVENUE NW","assessed_value":459000},{"address":"6804.0 94A AVENUE NW","assessed_value":661500},{"address":"5906.0 90 AVENUE NW","assessed_value":349000},{"address":"9840.0 62 AVENUE NW","assessed_value":785500},{"address":"7236.0 MILL WOODS ROAD SOUTH NW","assessed_value":190500},{"address":"4308.0 73 STREET NW","assessed_value":372500},{"address":"721.0 LEE RIDGE ROAD NW","assessed_value":462000},{"address":"7907.0 70 AVENUE NW","assessed_value":405500},{"address":"9332.0 86 STREET NW","assessed_value":384000},{"address":"8412.0 42 AVENUE NW","assessed_value":382500},{"address":"8143.0 81 AVENUE NW","assessed_value":334000},{"address":"7328.0 ROWLAND ROAD NW","assessed_value":1325500},{"address":"7708.0 70 AVENUE NW","assessed_value":386000},{"address":"1613.0 LAKEWOOD ROAD WEST NW","assessed_value":377000},{"address":"8516.0 56 STREET NW","assessed_value":465000},{"address":"1752.0 LAKEWOOD ROAD SOUTH NW","assessed_value":177500},{"address":"1763.0 62 STREET NW","assessed_value":363000},{"address":"10147.0 72 STREET NW","assessed_value":398000},{"address":"8715.0 38A AVENUE NW","assessed_value":384500},{"address":"7515.0 36B AVENUE NW","assessed_value":285500},{"address":"7928.0 89 AVENUE NW","assessed_value":414500},{"address":"8544.0 81 AVENUE NW","assessed_value":336000},{"address":"1049.0 82 STREET NW","assessed_value":385000},{"address":"7028.0 81 STREET NW","assessed_value":895000},{"address":"9523.0 87 STREET NW","assessed_value":378000},{"address":"2515.0 79 STREET NW","assessed_value":425500},{"address":"347.0 LEE RIDGE ROAD NW","assessed_value":3500},{"address":"160.0 RICHFIELD ROAD NW","assessed_value":429000},{"address":"9750.0 51 AVENUE NW","assessed_value":4635500},{"address":"8707.0 31 AVENUE NW","assessed_value":371000},{"address":"9104.0 78 AVENUE NW","assessed_value":692000},{"address":"10717.0 63 STREET NW","assessed_value":516000},{"address":"9531.0 91 STREET NW","assessed_value":585500},{"address":"7712.0 97 AVENUE NW","assessed_value":429000},{"address":"785.0 LEE RIDGE ROAD NW","assessed_value":445000},{"address":"4216.0 103 AVENUE NW","assessed_value":454500},{"address":"10414.0 82 STREET NW","assessed_value":388000},{"address":"9910.0 74 STREET NW","assessed_value":404000},{"address":"8142.0 79 AVENUE NW","assessed_value":341000},{"address":"8520.0 67 AVENUE NW","assessed_value":449500},{"address":"8803.0 24 AVENUE NW","assessed_value":499500},{"address":"3530.0 78 STREET NW","assessed_value":331000},{"address":"1025.0 82 STREET NW","assessed_value":378500},{"address":"8330.0 81 AVENUE NW","assessed_value":477500},{"address":"5212.0 92 AVENUE NW","assessed_value":450500},{"address":"3827.0 76 STREET NW","assessed_value":114000},{"address":"10647.0 76 STREET NW","assessed_value":521500},{"address":"10115.0 73 STREET NW","assessed_value":446000},{"address":"10719.0 48 STREET NW","assessed_value":623500},{"address":"8911.0 81 AVENUE NW","assessed_value":947000},{"address":"390.0 KNOTTWOOD ROAD WEST NW","assessed_value":12500},{"address":"10151.0 83 STREET NW","assessed_value":891000},{"address":"9626.0 79 STREET NW","assessed_value":405500},{"address":"9810.0 66 AVENUE NW","assessed_value":391500},{"address":"8533.0 88 STREET NW","assessed_value":510000},{"address":"9245.0 87 STREET NW","assessed_value":975000},{"address":"10145.0 81 STREET NW","assessed_value":397000},{"address":"9523.0 57 STREET NW","assessed_value":360000},{"address":"8057.0 27 AVENUE NW","assessed_value":173000},{"address":"8743.0 85 AVENUE NW","assessed_value":496000},{"address":"2513.0 78 STREET NW","assessed_value":284000},{"address":"7328.0 84 AVENUE NW","assessed_value":516000},{"address":"1064.0 LAKEWOOD ROAD NORTH NW","assessed_value":218500},{"address":"7923.0 89 AVENUE NW","assessed_value":429000},{"address":"10220.0 63A STREET NW","assessed_value":429500},{"address":"10508.0 79 STREET NW","assessed_value":412500},{"address":"8538.0 81 AVENUE NW","assessed_value":371500},{"address":"3468.0 87 STREET NW","assessed_value":368000},{"address":"10651.0 63 STREET NW","assessed_value":571000},{"address":"nan nan","assessed_value":8500},{"address":"9236.0 85 STREET NW","assessed_value":357500},{"address":"6103.0 90 AVENUE NW","assessed_value":256500},{"address":"745.0 LEE RIDGE ROAD NW","assessed_value":415500},{"address":"6731.0 85 STREET NW","assessed_value":475000},{"address":"8816.0 27 AVENUE NW","assessed_value":334500},{"address":"6604.0 94B AVENUE NW","assessed_value":500000},{"address":"7108.0 89 AVENUE NW","assessed_value":419000},{"address":"5603.0 91 AVENUE NW","assessed_value":478500},{"address":"9339.0 91 STREET NW","assessed_value":937500},{"address":"6808.0 40 AVENUE NW","assessed_value":373500},{"address":"2082.0 74 STREET NW","assessed_value":402000},{"address":"1182.0 MILLBOURNE ROAD EAST NW","assessed_value":202000},{"address":"7111.0 76 STREET NW","assessed_value":550000},{"address":"1727.0 65 STREET NW","assessed_value":493000},{"address":"160.0 LEE RIDGE ROAD NW","assessed_value":218500},{"address":"6814.0 86 STREET NW","assessed_value":0},{"address":"1538.0 KNOTTWOOD ROAD NORTH NW","assessed_value":351500},{"address":"10306.0 73 STREET NW","assessed_value":397000},{"address":"9930.0 29A AVENUE NW","assessed_value":3205000},{"address":"7623.0 83 AVENUE NW","assessed_value":381500},{"address":"8418.0 76 STREET NW","assessed_value":418500},{"address":"10408.0 80 STREET NW","assessed_value":377500},{"address":"10208.0 52 STREET NW","assessed_value":387500},{"address":"9215.0 82 STREET NW","assessed_value":485500},{"address":"7740.0 82 AVENUE NW","assessed_value":998000},{"address":"9534.0 90 STREET NW","assessed_value":390000},{"address":"4716.0 109A AVENUE NW","assessed_value":425000},{"address":"8.0 TWIN TERRACE NW","assessed_value":192000},{"address":"1558.0 LAKEWOOD ROAD WEST NW","assessed_value":314000},{"address":"10723.0 54 STREET NW","assessed_value":443500},{"address":"538.0 LEE RIDGE ROAD NW","assessed_value":142500},{"address":"10736.0 67 STREET NW","assessed_value":437000},{"address":"9632.0 69A STREET NW","assessed_value":463500},{"address":"10335.0 44 STREET NW","assessed_value":452500},{"address":"6808.0 29 AVENUE NW","assessed_value":392500},{"address":"6603.0 108 AVENUE NW","assessed_value":500},{"address":"1733.0 LAKEWOOD ROAD SOUTH NW","assessed_value":184000},{"address":"4219.0 83 STREET NW","assessed_value":409500},{"address":"7120.0 80 STREET NW","assessed_value":412000},{"address":"9706.0 73 AVENUE NW","assessed_value":966000},{"address":"5703.0 84 AVENUE NW","assessed_value":381000},{"address":"371.0 RICHFIELD ROAD NW","assessed_value":404500},{"address":"8803.0 27 AVENUE NW","assessed_value":366500},{"address":"5904.0 91 AVENUE NW","assessed_value":640500},{"address":"10651.0 75 STREET NW","assessed_value":639500},{"address":"6712.0 97 AVENUE NW","assessed_value":431000},{"address":"6808.0 98A AVENUE NW","assessed_value":404000},{"address":"6721.0 22 AVENUE NW","assessed_value":477000},{"address":"10955.0 50 STREET NW","assessed_value":336500},{"address":"140.0 RICHFIELD ROAD NW","assessed_value":376500},{"address":"10428.0 52 STREET NW","assessed_value":423000},{"address":"7604.0 79 STREET NW","assessed_value":428500},{"address":"4308.0 107 AVENUE NW","assessed_value":511500},{"address":"604.0 LAKEWOOD ROAD NORTH NW","assessed_value":186500},{"address":"9607.0 87 STREET NW","assessed_value":418500},{"address":"759.0 KNOTTWOOD ROAD SOUTH NW","assessed_value":376000},{"address":"8707.0 19 AVENUE NW","assessed_value":374500},{"address":"8504.0 70 AVENUE NW","assessed_value":443000},{"address":"7729.0 37 AVENUE NW","assessed_value":197000},{"address":"4303.0 70 STREET NW","assessed_value":373000},{"address":"10756.0 67 STREET NW","assessed_value":464000},{"address":"179.0 LEE RIDGE ROAD NW","assessed_value":187500},{"address":"10427.0 52 STREET NW","assessed_value":403500},{"address":"5408.0 94 AVENUE NW","assessed_value":465000},{"address":"8604.0 26 AVENUE NW","assessed_value":371500},{"address":"4320.0 88 STREET NW","assessed_value":423500},{"address":"8743.0 64 AVENUE NW","assessed_value":357500},{"address":"9335.0 62 AVENUE NW","assessed_value":2083500},{"address":"9235.0 74 STREET NW","assessed_value":488000},{"address":"8720.0 72 STREET NW","assessed_value":414500},{"address":"6907.0 83 AVENUE NW","assessed_value":439500},{"address":"142.0 KNOTTWOOD ROAD NORTH NW","assessed_value":168000},{"address":"1515.0 74 STREET NW","assessed_value":361500},{"address":"10624.0 59 STREET NW","assessed_value":561000},{"address":"932.0 MILLBOURNE ROAD EAST NW","assessed_value":209000},{"address":"200.0 MILLBOURNE ROAD EAST NW","assessed_value":274000},{"address":"4315.0 104A AVENUE NW","assessed_value":487000},{"address":"5212.0 95 AVENUE NW","assessed_value":429000},{"address":"1003.0 82 STREET NW","assessed_value":388000},{"address":"8812.0 30 AVENUE NW","assessed_value":362000},{"address":"7535.0 94 AVENUE NW","assessed_value":424500},{"address":"7722.0 81 AVENUE NW","assessed_value":435500},{"address":"9634.0 72 AVENUE NW","assessed_value":358000},{"address":"1503.0 KNOTTWOOD ROAD NORTH NW","assessed_value":169000},{"address":"4612.0 95 STREET NW","assessed_value":2919000},{"address":"4311.0 73 STREET NW","assessed_value":372000},{"address":"10510.0 67 STREET NW","assessed_value":403500},{"address":"5703.0 CAPILANO CRESCENT NW","assessed_value":972000},{"address":"10640.0 50 STREET NW","assessed_value":427500},{"address":"5304.0 108A AVENUE NW","assessed_value":482500},{"address":"7340.0 77 STREET NW","assessed_value":361000},{"address":"10723.0 50 STREET NW","assessed_value":390500},{"address":"999.0 MILLBOURNE ROAD EAST NW","assessed_value":210000},{"address":"8103.0 97 AVENUE NW","assessed_value":922000},{"address":"8012.0 73 AVENUE NW","assessed_value":593000},{"address":"2131.0 85 STREET NW","assessed_value":444000},{"address":"7008.0 92A AVENUE NW","assessed_value":380500},{"address":"9316.0 70 AVENUE NW","assessed_value":661500},{"address":"2663.0 89 STREET NW","assessed_value":348000},{"address":"1424.0 65 STREET NW","assessed_value":338500},{"address":"6212.0 92 AVENUE NW","assessed_value":466500},{"address":"10332.0 42 STREET NW","assessed_value":457000},{"address":"8607.0 35 AVENUE NW","assessed_value":382500},{"address":"5904.0 105 AVENUE NW","assessed_value":412500},{"address":"1654.0 LAKEWOOD ROAD WEST NW","assessed_value":167500},{"address":"10203.0 52 STREET NW","assessed_value":420000},{"address":"1122.0 75 STREET NW","assessed_value":376000},{"address":"7949.0 78 AVENUE NW","assessed_value":458000},{"address":"3125.0 89 STREET NW","assessed_value":399500},{"address":"9623.0 77 STREET NW","assessed_value":922000},{"address":"7411.0 82 STREET NW","assessed_value":398000},{"address":"9436.0 57 STREET NW","assessed_value":397500},{"address":"5708.0 92C AVENUE NW","assessed_value":355000},{"address":"8419.0 64 AVENUE NW","assessed_value":365000},{"address":"10647.0 61 STREET NW","assessed_value":407000},{"address":"1254.0 LAKEWOOD ROAD WEST NW","assessed_value":177500},{"address":"10620.0 ROWLAND ROAD NW","assessed_value":710000},{"address":"10219.0 FULTON ROAD NW","assessed_value":385500},{"address":"9452.0 OTTEWELL ROAD NW","assessed_value":548500},{"address":"8740.0 90 AVENUE NW","assessed_value":498500},{"address":"3412.0 83 STREET NW","assessed_value":413000},{"address":"6411.0 17 AVENUE NW","assessed_value":362000},{"address":"4623.0 106A AVENUE NW","assessed_value":415500},{"address":"5711.0 94A STREET NW","assessed_value":1559000},{"address":"1716.0 65 STREET NW","assessed_value":424000},{"address":"8203.0 14 AVENUE NW","assessed_value":495500},{"address":"2024.0 57 STREET NW","assessed_value":189500},{"address":"1893.0 LAKEWOOD ROAD SOUTH NW","assessed_value":382000},{"address":"8941.0 82 AVENUE NW","assessed_value":500500},{"address":"8612.0 24 AVENUE NW","assessed_value":373500},{"address":"3933.0 67 STREET NW","assessed_value":4500},{"address":"8611.0 25A AVENUE NW","assessed_value":384500},{"address":"8747.0 STRATHEARN DRIVE NW","assessed_value":458500},{"address":"3452.0 86 STREET NW","assessed_value":338000},{"address":"8803.0 63 AVENUE NW","assessed_value":2333000},{"address":"9273.0 54 STREET NW","assessed_value":353000},{"address":"4612.0 103 AVENUE NW","assessed_value":373000},{"address":"9346.0 73 AVENUE NW","assessed_value":413500},{"address":"8415.0 71 STREET NW","assessed_value":375500},{"address":"7552.0 10 AVENUE NW","assessed_value":461000},{"address":"3168.0 78 STREET NW","assessed_value":383500},{"address":"4640.0 104A AVENUE NW","assessed_value":446500},{"address":"2027.0 82 STREET NW","assessed_value":381000},{"address":"5215.0 17 AVENUE NW","assessed_value":377000},{"address":"10811.0 50 STREET NW","assessed_value":486500},{"address":"9815.0 73 AVENUE NW","assessed_value":308000},{"address":"10636.0 75 STREET NW","assessed_value":504000},{"address":"715.0 KNOTTWOOD ROAD SOUTH NW","assessed_value":361000},{"address":"10628.0 79 STREET NW","assessed_value":469500},{"address":"9420.0 76 STREET NW","assessed_value":670000},{"address":"9631.0 73 AVENUE NW","assessed_value":781000},{"address":"7815.0 34A AVENUE NW","assessed_value":347000},{"address":"10208.0 62 STREET NW","assessed_value":376000},{"address":"9455.0 75 STREET NW","assessed_value":433500},{"address":"4304.0 108 AVENUE NW","assessed_value":677000},{"address":"8308.0 93 AVENUE NW","assessed_value":424500},{"address":"9268.0 85 STREET NW","assessed_value":369500},{"address":"9204.0 79 STREET NW","assessed_value":670000},{"address":"9505.0 56 AVENUE NW","assessed_value":2734000},{"address":"4511.0 109 AVENUE NW","assessed_value":575000},{"address":"1929.0 89 STREET NW","assessed_value":487500},{"address":"10226.0 45 STREET NW","assessed_value":500},{"address":"6026.0 MILL WOODS ROAD SOUTH NW","assessed_value":201000},{"address":"6203.0 93 AVENUE NW","assessed_value":502000},{"address":"8219.0 24 AVENUE NW","assessed_value":465000},{"address":"1366.0 LAKEWOOD ROAD WEST NW","assessed_value":189000},{"address":"7912.0 84 AVENUE NW","assessed_value":455500},{"address":"7107.0 80 STREET NW","assessed_value":430500},{"address":"5305.0 17A AVENUE NW","assessed_value":399000},{"address":"7904.0 93B AVENUE NW","assessed_value":457000},{"address":"9320.0 81 AVENUE NW","assessed_value":747000},{"address":"8566.0 89 STREET NW","assessed_value":562000},{"address":"8502.0 76 AVENUE NW","assessed_value":384500},{"address":"6503.0 88 STREET NW","assessed_value":756500},{"address":"7512.0 40 AVENUE NW","assessed_value":460000},{"address":"1633.0 KNOTTWOOD ROAD NORTH NW","assessed_value":293000},{"address":"10215.0 84 STREET NW","assessed_value":404000},{"address":"1703.0 54 STREET NW","assessed_value":375000},{"address":"5515.0 93A AVENUE NW","assessed_value":328500},{"address":"8719.0 80 AVENUE NW","assessed_value":758000},{"address":"8708.0 92A AVENUE NW","assessed_value":404000},{"address":"8716.0 22 AVENUE NW","assessed_value":338000},{"address":"7924.0 80 AVENUE NW","assessed_value":377000},{"address":"5307.0 84 AVENUE NW","assessed_value":382500},{"address":"4204.0 106 AVENUE NW","assessed_value":500000},{"address":"9360.0 85 STREET NW","assessed_value":340500},{"address":"5204.0 105A AVENUE NW","assessed_value":447000},{"address":"1803.0 73 STREET NW","assessed_value":528000},{"address":"9322.0 89 STREET NW","assessed_value":549500},{"address":"5611.0 102 AVENUE NW","assessed_value":431500},{"address":"10236.0 76 STREET NW","assessed_value":13000},{"address":"8512.0 33 AVENUE NW","assessed_value":410000},{"address":"8024.0 ARGYLL ROAD NW","assessed_value":351000},{"address":"9307.0 69 AVENUE NW","assessed_value":494000},{"address":"3823.0 76 STREET NW","assessed_value":124500},{"address":"1170.0 KNOTTWOOD ROAD EAST NW","assessed_value":185500},{"address":"9304.0 86 AVENUE NW","assessed_value":455500},{"address":"9746.0 70 AVENUE NW","assessed_value":424500},{"address":"3144.0 71 STREET NW","assessed_value":267500},{"address":"1013.0 MILLBOURNE ROAD EAST NW","assessed_value":244500},{"address":"8731.0 76 AVENUE NW","assessed_value":399000},{"address":"8660.0 27 AVENUE NW","assessed_value":265000},{"address":"10803.0 46 STREET NW","assessed_value":531000},{"address":"8707.0 87 STREET NW","assessed_value":545000},{"address":"8819.0 41 AVENUE NW","assessed_value":401500},{"address":"7656.0 91 AVENUE NW","assessed_value":400500},{"address":"9259.0 54 STREET NW","assessed_value":332500},{"address":"8611.0 33 AVENUE NW","assessed_value":489000},{"address":"9607.0 83 STREET NW","assessed_value":702000},{"address":"640.0 LAKEWOOD ROAD NORTH NW","assessed_value":186500},{"address":"3611.0 75 STREET NW","assessed_value":395500},{"address":"10129.0 74 STREET NW","assessed_value":415000},{"address":"10307.0 83 STREET NW","assessed_value":482500},{"address":"9822.0 75 AVENUE NW","assessed_value":441500},{"address":"10608.0 59 STREET NW","assessed_value":464000},{"address":"7123.0 39A AVENUE NW","assessed_value":408000},{"address":"1716.0 55 STREET NW","assessed_value":419500},{"address":"572.0 LAKEWOOD ROAD NORTH NW","assessed_value":196000},{"address":"2164.0 MILL WOODS ROAD NW","assessed_value":172500},{"address":"6604.0 106 AVENUE NW","assessed_value":383500},{"address":"9037.0 91 STREET NW","assessed_value":858000},{"address":"4003.0 74 STREET NW","assessed_value":458000},{"address":"9927.0 79 STREET NW","assessed_value":421500},{"address":"10316.0 80 STREET NW","assessed_value":292000},{"address":"10579.0 40 STREET NW","assessed_value":429500},{"address":"9608.0 54 STREET NW","assessed_value":470500},{"address":"2668.0 89 STREET NW","assessed_value":306000},{"address":"8407.0 34A AVENUE NW","assessed_value":329000},{"address":"1426.0 LAKEWOOD ROAD WEST NW","assessed_value":121500},{"address":"1516.0 69 STREET NW","assessed_value":167500},{"address":"5508.0 101 AVENUE NW","assessed_value":450500},{"address":"10445.0 77 STREET NW","assessed_value":412500},{"address":"8711.0 42 AVENUE NW","assessed_value":383000},{"address":"10747.0 63 STREET NW","assessed_value":463000},{"address":"10404.0 50 STREET NW","assessed_value":388000},{"address":"9327.0 86 STREET NW","assessed_value":494500},{"address":"6812.0 10 AVENUE NW","assessed_value":431000},{"address":"10116.0 81 STREET NW","assessed_value":450000},{"address":"8403.0 76 STREET NW","assessed_value":323000},{"address":"2021.0 89 STREET NW","assessed_value":425500},{"address":"7312.0 84 AVENUE NW","assessed_value":522000},{"address":"340.0 RICHFIELD ROAD NW","assessed_value":320500},{"address":"8953.0 78 AVENUE NW","assessed_value":198000},{"address":"5304.0 97A AVENUE NW","assessed_value":418500},{"address":"10536.0 80 STREET NW","assessed_value":300000},{"address":"16.0 LAKEWOOD VILLAGE NW","assessed_value":175500},{"address":"835.0 MILLBOURNE ROAD EAST NW","assessed_value":346000},{"address":"5507.0 19A AVENUE NW","assessed_value":381000},{"address":"10228.0 62 STREET NW","assessed_value":473500},{"address":"6915.0 84 AVENUE NW","assessed_value":368000},{"address":"7208.0 84 AVENUE NW","assessed_value":499500},{"address":"6204.0 94B AVENUE NW","assessed_value":411000},{"address":"10804.0 50 STREET NW","assessed_value":435000},{"address":"6212.0 92A AVENUE NW","assessed_value":434000},{"address":"1815.0 56 STREET NW","assessed_value":376500},{"address":"7611.0 ROWLAND ROAD NW","assessed_value":628000},{"address":"8816.0 40 AVENUE NW","assessed_value":420000},{"address":"9732.0 67 AVENUE NW","assessed_value":370500},{"address":"9703.0 69 AVENUE NW","assessed_value":350500},{"address":"10603.0 40 STREET NW","assessed_value":582000},{"address":"9347.0 90 STREET NW","assessed_value":410000},{"address":"2004.0 55 STREET NW","assessed_value":298000},{"address":"1743.0 54 STREET NW","assessed_value":391000},{"address":"9716.0 76 STREET NW","assessed_value":455500},{"address":"6711.0 98 AVENUE NW","assessed_value":8000},{"address":"10548.0 50A STREET NW","assessed_value":363500},{"address":"7922.0 75 STREET NW","assessed_value":307500},{"address":"10619.0 50 STREET NW","assessed_value":409000},{"address":"7012.0 13 AVENUE NW","assessed_value":378500},{"address":"7016.0 12 AVENUE NW","assessed_value":524500},{"address":"7715.0 84 AVENUE NW","assessed_value":520500},{"address":"8240.0 93A AVENUE NW","assessed_value":425500},{"address":"8608.0 68A STREET NW","assessed_value":423000},{"address":"10707.0 45 STREET NW","assessed_value":394000},{"address":"7315.0 86 AVENUE NW","assessed_value":420500},{"address":"5835.0 92 STREET NW","assessed_value":1621500},{"address":"8235.0 WAGNER ROAD NW","assessed_value":500},{"address":"9947.0 69 AVENUE NW","assessed_value":724500},{"address":"8343.0 73 AVENUE NW","assessed_value":456500},{"address":"7747.0 79 AVENUE NW","assessed_value":491000},{"address":"6404.0 20 AVENUE NW","assessed_value":437000},{"address":"10912.0 65A STREET NW","assessed_value":552000},{"address":"9726.0 72 AVENUE NW","assessed_value":383500},{"address":"5808.0 84 AVENUE NW","assessed_value":408000},{"address":"9615.0 65 AVENUE NW","assessed_value":828500},{"address":"10617.0 HARDISTY DRIVE NW","assessed_value":500},{"address":"4615.0 104A AVENUE NW","assessed_value":365000},{"address":"6916.0 21 AVENUE NW","assessed_value":391500},{"address":"3208.0 89 STREET NW","assessed_value":365500},{"address":"966.0 KNOTTWOOD ROAD SOUTH NW","assessed_value":282500},{"address":"6951.0 21 AVENUE NW","assessed_value":446000},{"address":"10129.0 80 STREET NW","assessed_value":452000},{"address":"491.0 KNOTTWOOD ROAD WEST NW","assessed_value":188500},{"address":"7408.0 40 AVENUE NW","assessed_value":410000},{"address":"9107.0 41 AVENUE NW","assessed_value":19000},{"address":"10138.0 63 STREET NW","assessed_value":6500},{"address":"5311.0 90 AVENUE NW","assessed_value":403000},{"address":"6204.0 89 AVENUE NW","assessed_value":385500},{"address":"672.0 LAKEWOOD ROAD NORTH NW","assessed_value":196000},{"address":"8611.0 10 AVENUE NW","assessed_value":408000},{"address":"6928.0 101 AVENUE NW","assessed_value":1465000},{"address":"10628.0 74 STREET NW","assessed_value":499500},{"address":"5903.0 103 AVENUE NW","assessed_value":427500},{"address":"9607.0 69 AVENUE NW","assessed_value":385000},{"address":"8707.0 25A AVENUE NW","assessed_value":370000},{"address":"5204.0 89 AVENUE NW","assessed_value":441000},{"address":"4320.0 73 STREET NW","assessed_value":390000},{"address":"10233.0 75 STREET NW","assessed_value":444000},{"address":"1714.0 LAKEWOOD ROAD SOUTH NW","assessed_value":192500},{"address":"8815.0 26 AVENUE NW","assessed_value":333500},{"address":"5003.0 109A AVENUE NW","assessed_value":755500},{"address":"9330.0 81 AVENUE NW","assessed_value":1430500},{"address":"9003.0 93 STREET NW","assessed_value":455000},{"address":"1147.0 LAKEWOOD ROAD NORTH NW","assessed_value":341000},{"address":"9908.0 76 STREET NW","assessed_value":590000},{"address":"6216.0 94A AVENUE NW","assessed_value":468500},{"address":"952.0 LAKEWOOD ROAD NORTH NW","assessed_value":187500},{"address":"7612.0 86 AVENUE NW","assessed_value":411000},{"address":"7612.0 40 AVENUE NW","assessed_value":388500},{"address":"7524.0 77 AVENUE NW","assessed_value":416500},{"address":"10538.0 47 STREET NW","assessed_value":396500},{"address":"3143.0 74 STREET NW","assessed_value":372000},{"address":"803.0 LEE RIDGE ROAD NW","assessed_value":506000},{"address":"10151.0 71 STREET NW","assessed_value":449500},{"address":"9112.0 72 STREET NW","assessed_value":405500},{"address":"912.0 80 STREET NW","assessed_value":376500},{"address":"1915.0 73 STREET NW","assessed_value":154500},{"address":"8708.0 78 AVENUE NW","assessed_value":654500},{"address":"2281.0 MILLBOURNE ROAD WEST NW","assessed_value":412500},{"address":"110.0 KNOTTWOOD ROAD NORTH NW","assessed_value":168000},{"address":"9632.0 75 STREET NW","assessed_value":396000},{"address":"8308.0 101 AVENUE NW","assessed_value":449000},{"address":"6616.0 94 AVENUE NW","assessed_value":434000},{"address":"10534.0 78 STREET NW","assessed_value":424500},{"address":"8647.0 81 STREET NW","assessed_value":374000},{"address":"1916.0 89 STREET NW","assessed_value":327000},{"address":"9667.0 81 STREET NW","assessed_value":642500},{"address":"5208.0 17 AVENUE NW","assessed_value":391000},{"address":"2024.0 57 STREET NW","assessed_value":197500},{"address":"7746.0 80 AVENUE NW","assessed_value":365000},{"address":"7752.0 83 AVENUE NW","assessed_value":425500},{"address":"5508.0 97 AVENUE NW","assessed_value":446500},{"address":"6304.0 20 AVENUE NW","assessed_value":514500},{"address":"16.0 TWIN TERRACE NW","assessed_value":184000},{"address":"3837.0 85 STREET NW","assessed_value":281500},{"address":"8742.0 83 AVENUE NW","assessed_value":383500},{"address":"9523.0 74 AVENUE NW","assessed_value":498000},{"address":"1949.0 73 STREET NW","assessed_value":185000},{"address":"7715.0 76 AVENUE NW","assessed_value":353000},{"address":"1150.0 KNOTTWOOD ROAD EAST NW","assessed_value":178500},{"address":"9656.0 81 STREET NW","assessed_value":399000},{"address":"10669.0 69 STREET NW","assessed_value":438000},{"address":"155.0 RICHFIELD ROAD NW","assessed_value":404500},{"address":"8411.0 54 STREET NW","assessed_value":389500},{"address":"1715.0 68 STREET NW","assessed_value":373500},{"address":"5642.0 19A AVENUE NW","assessed_value":142000},{"address":"7708.0 102 AVENUE NW","assessed_value":500},{"address":"7423.0 83 STREET NW","assessed_value":328000},{"address":"5203.0 108A AVENUE NW","assessed_value":421000},{"address":"6732.0 31A AVENUE NW","assessed_value":372000},{"address":"7320.0 77 STREET NW","assessed_value":396000},{"address":"9314.0 90 STREET NW","assessed_value":417000},{"address":"9715.0 65 AVENUE NW","assessed_value":403500},{"address":"209.0 MORIN MAZE NW","assessed_value":216000},{"address":"4327.0 86 STREET NW","assessed_value":397500},{"address":"8754.0 97 AVENUE NW","assessed_value":378000},{"address":"536.0 LEE RIDGE ROAD NW","assessed_value":142500},{"address":"8619.0 27 AVENUE NW","assessed_value":392000},{"address":"7311.0 89 STREET NW","assessed_value":527000},{"address":"5504.0 92A AVENUE NW","assessed_value":404000},{"address":"6824.0 32 AVENUE NW","assessed_value":342500},{"address":"7112.0 89 AVENUE NW","assessed_value":407000},{"address":"10639.0 48 STREET NW","assessed_value":491000},{"address":"5312.0 105A AVENUE NW","assessed_value":577000},{"address":"9909.0 73 AVENUE NW","assessed_value":422500},{"address":"6113.0 90 AVENUE NW","assessed_value":311500},{"address":"8504.0 86 AVENUE NW","assessed_value":1116000},{"address":"7619.0 95 AVENUE NW","assessed_value":400000},{"address":"6706.0 36A AVENUE NW","assessed_value":235000},{"address":"3203.0 80 STREET NW","assessed_value":405000},{"address":"8138.0 78 AVENUE NW","assessed_value":399000},{"address":"142.0 LEE RIDGE ROAD NW","assessed_value":202000},{"address":"9661.0 62 AVENUE NW","assessed_value":2255000},{"address":"7008.0 81 STREET NW","assessed_value":382500},{"address":"9547.0 69 AVENUE NW","assessed_value":388000},{"address":"1331.0 KNOTTWOOD ROAD EAST NW","assessed_value":381500},{"address":"6411.0 93 STREET NW","assessed_value":2476500},{"address":"6824.0 92A AVENUE NW","assessed_value":415500},{"address":"10652.0 57 STREET NW","assessed_value":416000},{"address":"8703.0 89 AVENUE NW","assessed_value":392500},{"address":"9961.0 29A AVENUE NW","assessed_value":502000},{"address":"7877.0 26 AVENUE NW","assessed_value":500000},{"address":"5211.0 84 AVENUE NW","assessed_value":365500},{"address":"9841.0 76 AVENUE NW","assessed_value":343500},{"address":"7703.0 80 AVENUE NW","assessed_value":381000},{"address":"10400.0 52 STREET NW","assessed_value":8000},{"address":"846.0 LEE RIDGE ROAD NW","assessed_value":378000},{"address":"9219.0 OTTEWELL ROAD NW","assessed_value":420500},{"address":"9829.0 68 AVENUE NW","assessed_value":451500},{"address":"10649.0 ROWLAND ROAD NW","assessed_value":695500},{"address":"10703.0 ST GABRIEL SCHOOL ROAD NW","assessed_value":457000},{"address":"790.0 LEE RIDGE ROAD NW","assessed_value":379500},{"address":"6215.0 85 AVENUE NW","assessed_value":385000},{"address":"6207.0 103A AVENUE NW","assessed_value":557000},{"address":"8910.0 80 AVENUE NW","assessed_value":423000},{"address":"8715.0 92A AVENUE NW","assessed_value":379500},{"address":"9260.0 73 STREET NW","assessed_value":514000},{"address":"7948.0 77 AVENUE NW","assessed_value":412000},{"address":"9329.0 74 AVENUE NW","assessed_value":435500},{"address":"7328.0 89 AVENUE NW","assessed_value":638500},{"address":"4307.0 107 AVENUE NW","assessed_value":1000},{"address":"7928.0 93B AVENUE NW","assessed_value":458500},{"address":"9035.0 52 STREET NW","assessed_value":404000},{"address":"3862.0 85 STREET NW","assessed_value":106500},{"address":"10519.0 76 STREET NW","assessed_value":414500},{"address":"4239.0 70 STREET NW","assessed_value":371000},{"address":"10535.0 42 STREET NW","assessed_value":379000},{"address":"8508.0 38A AVENUE NW","assessed_value":134000},{"address":"8116.0 83 AVENUE NW","assessed_value":498000},{"address":"2084.0 74 STREET NW","assessed_value":376000},{"address":"9643.0 69A STREET NW","assessed_value":538000},{"address":"8736.0 92 AVENUE NW","assessed_value":354500},{"address":"8550.0 80 AVENUE NW","assessed_value":485000},{"address":"619.0 LEE RIDGE ROAD NW","assessed_value":11000},{"address":"1727.0 51 STREET NW","assessed_value":401500},{"address":"8741.0 78 AVENUE NW","assessed_value":392000},{"address":"1448.0 KNOTTWOOD ROAD EAST NW","assessed_value":445000},{"address":"295.0 KNOTTWOOD ROAD NORTH NW","assessed_value":343500},{"address":"9715.0 76 STREET NW","assessed_value":438000},{"address":"9120.0 80 AVENUE NW","assessed_value":441500},{"address":"9631.0 81 STREET NW","assessed_value":431500},{"address":"2455.0 78 STREET NW","assessed_value":271000},{"address":"1132.0 68 STREET NW","assessed_value":411000},{"address":"7119.0 39 AVENUE NW","assessed_value":440000},{"address":"8707.0 75 STREET NW","assessed_value":379000},{"address":"1058.0 82 STREET NW","assessed_value":373500},{"address":"1742.0 LAKEWOOD ROAD SOUTH NW","assessed_value":171500},{"address":"10143.0 63 STREET NW","assessed_value":497500},{"address":"8907.0 73 STREET NW","assessed_value":262000},{"address":"7224.0 100 AVENUE NW","assessed_value":394000},{"address":"8415.0 35 AVENUE NW","assessed_value":356500},{"address":"6707.0 90 AVENUE NW","assessed_value":355500},{"address":"6076.0 MILL WOODS ROAD SOUTH NW","assessed_value":187500},{"address":"6607.0 93A AVENUE NW","assessed_value":531500},{"address":"8804.0 92 STREET NW","assessed_value":419500},{"address":"1020.0 80 STREET NW","assessed_value":385000},{"address":"1141.0 KNOTTWOOD ROAD EAST NW","assessed_value":180500},{"address":"6812.0 98 AVENUE NW","assessed_value":389000},{"address":"8410.0 89 STREET NW","assessed_value":2756500},{"address":"7319.0 89 STREET NW","assessed_value":515500},{"address":"891.0 LEE RIDGE ROAD NW","assessed_value":446000},{"address":"9335.0 71 AVENUE NW","assessed_value":409000},{"address":"7208.0 93 AVENUE NW","assessed_value":454000},{"address":"3816.0 85 STREET NW","assessed_value":284500},{"address":"4640.0 105 AVENUE NW","assessed_value":405500},{"address":"7230.0 67 STREET NW","assessed_value":1566000},{"address":"5504.0 89 AVENUE NW","assessed_value":423000},{"address":"4315.0 105A AVENUE NW","assessed_value":371000},{"address":"2408.0 89 STREET NW","assessed_value":352500},{"address":"7008.0 40 AVENUE NW","assessed_value":393000},{"address":"7215.0 81 STREET NW","assessed_value":425500},{"address":"6215.0 93A AVENUE NW","assessed_value":460500},{"address":"1019.0 80 STREET NW","assessed_value":375500},{"address":"9328.0 72 AVENUE NW","assessed_value":454500},{"address":"7312.0 82 STREET NW","assessed_value":376500},{"address":"9816.0 71 STREET NW","assessed_value":471000},{"address":"7524.0 98A AVENUE NW","assessed_value":483000},{"address":"8734.0 STRATHEARN DRIVE NW","assessed_value":535500},{"address":"10136.0 73 STREET NW","assessed_value":301500},{"address":"9127.0 84 AVENUE NW","assessed_value":503000},{"address":"7936.0 ARGYLL ROAD NW","assessed_value":372000},{"address":"10432.0 50 STREET NW","assessed_value":382000},{"address":"8808.0 38A AVENUE NW","assessed_value":411500},{"address":"5708.0 94B AVENUE NW","assessed_value":448500},{"address":"9328.0 79 STREET NW","assessed_value":426500},{"address":"4503.0 105A AVENUE NW","assessed_value":382500},{"address":"10523.0 82 STREET NW","assessed_value":365000},{"address":"555.0 KNOTTWOOD ROAD WEST NW","assessed_value":188500},{"address":"5902.0 101 AVENUE NW","assessed_value":331000},{"address":"9216.0 77 STREET NW","assessed_value":672000},{"address":"8723.0 79 AVENUE NW","assessed_value":534500},{"address":"8415.0 52 STREET NW","assessed_value":353000},{"address":"9503.0 77 STREET NW","assessed_value":467000},{"address":"3855.0 76 STREET NW","assessed_value":105500},{"address":"9526.0 73 AVENUE NW","assessed_value":919500},{"address":"4008.0 105 AVENUE NW","assessed_value":364500},{"address":"8811.0 31 AVENUE NW","assessed_value":372500},{"address":"10735.0 67 STREET NW","assessed_value":413000},{"address":"10508.0 45 STREET NW","assessed_value":378000},{"address":"5408.0 94A AVENUE NW","assessed_value":551500},{"address":"10131.0 79 STREET NW","assessed_value":422000},{"address":"1704.0 89 STREET NW","assessed_value":342500},{"address":"589.0 MILLBOURNE ROAD EAST NW","assessed_value":185000},{"address":"4603.0 105 AVENUE NW","assessed_value":565500},{"address":"10507.0 75 STREET NW","assessed_value":453000},{"address":"6103.0 106 AVENUE NW","assessed_value":376500},{"address":"8751.0 64 AVENUE NW","assessed_value":405500},{"address":"9031.0 92 STREET NW","assessed_value":356000},{"address":"9022.0 58 STREET NW","assessed_value":301000},{"address":"6724.0 33 AVENUE NW","assessed_value":388000},{"address":"7633.0 40 AVENUE NW","assessed_value":178500},{"address":"3828.0 89 STREET NW","assessed_value":425500},{"address":"9408.0 62 AVENUE NW","assessed_value":2946000},{"address":"6806.0 FULTON DRIVE NW","assessed_value":587000},{"address":"9511.0 35 AVENUE NW","assessed_value":1273500},{"address":"8411.0 64 AVENUE NW","assessed_value":368500},{"address":"9545.0 75 AVENUE NW","assessed_value":871000},{"address":"5213.0 17A AVENUE NW","assessed_value":435000},{"address":"1136.0 MILLBOURNE ROAD EAST NW","assessed_value":219000},{"address":"6408.0 103 AVENUE NW","assessed_value":424500},{"address":"9851.0 79 STREET NW","assessed_value":422000},{"address":"8616.0 44 AVENUE NW","assessed_value":388000},{"address":"8307.0 14 AVENUE NW","assessed_value":382000},{"address":"10618.0 75 STREET NW","assessed_value":0},{"address":"5310.0 92B AVENUE NW","assessed_value":364000},{"address":"8309.0 69 AVENUE NW","assessed_value":712500},{"address":"2025.0 52 STREET NW","assessed_value":461500},{"address":"10618.0 82 STREET NW","assessed_value":425500},{"address":"10676.0 59 STREET NW","assessed_value":566500},{"address":"6815.0 94A AVENUE NW","assessed_value":459000},{"address":"5408.0 91 AVENUE NW","assessed_value":451000},{"address":"6720.0 22 AVENUE NW","assessed_value":418000},{"address":"7107.0 79 STREET NW","assessed_value":542500},{"address":"6712.0 94B AVENUE NW","assessed_value":434500},{"address":"9408.0 67A STREET NW","assessed_value":526500},{"address":"107.0 MORIN MAZE NW","assessed_value":199000},{"address":"8912.0 85 AVENUE NW","assessed_value":442000},{"address":"6735.0 39 AVENUE NW","assessed_value":370000},{"address":"6619.0 CAPILANO CRESCENT NW","assessed_value":856000},{"address":"8407.0 10 AVENUE NW","assessed_value":407000},{"address":"8407.0 69 STREET NW","assessed_value":389500},{"address":"6503.0 HARDISTY DRIVE NW","assessed_value":810500},{"address":"4255.0 74 STREET NW","assessed_value":363000},{"address":"5712.0 93A AVENUE NW","assessed_value":332000},{"address":"312.0 MORIN MAZE NW","assessed_value":216000},{"address":"10425.0 80 STREET NW","assessed_value":485000},{"address":"9812.0 64 AVENUE NW","assessed_value":424500},{"address":"7908.0 82 AVENUE NW","assessed_value":324000},{"address":"9545.0 63 AVENUE NW","assessed_value":970000},{"address":"9749.0 68 AVENUE NW","assessed_value":446000},{"address":"8143.0 27 AVENUE NW","assessed_value":174500},{"address":"7950.0 85 AVENUE NW","assessed_value":334500},{"address":"10204.0 74 STREET NW","assessed_value":313500},{"address":"7730.0 WAGNER ROAD NW","assessed_value":39000},{"address":"7304.0 21 AVENUE NW","assessed_value":411500},{"address":"887.0 MILLBOURNE ROAD EAST NW","assessed_value":411500},{"address":"904.0 LAKEWOOD ROAD NORTH NW","assessed_value":181500},{"address":"4519.0 101A AVENUE NW","assessed_value":500},{"address":"9342.0 73 AVENUE NW","assessed_value":377500},{"address":"6715.0 94 AVENUE NW","assessed_value":430000},{"address":"10307.0 48 STREET NW","assessed_value":438000},{"address":"6110.0 86 STREET NW","assessed_value":5393500},{"address":"6920.0 101 AVENUE NW","assessed_value":116000},{"address":"8732.0 67 AVENUE NW","assessed_value":398000},{"address":"2065.0 74 STREET NW","assessed_value":435500},{"address":"8.0 EKOTA CRESCENT NW","assessed_value":379500},{"address":"7710.0 106 AVENUE NW","assessed_value":1680500},{"address":"10323.0 73 STREET NW","assessed_value":423000},{"address":"8631.0 76 STREET NW","assessed_value":349000},{"address":"8508.0 71 AVENUE NW","assessed_value":725500},{"address":"9115.0 69 STREET NW","assessed_value":433500},{"address":"6923.0 87 AVENUE NW","assessed_value":392500},{"address":"8413.0 14 AVENUE NW","assessed_value":447500},{"address":"8703.0 38 AVENUE NW","assessed_value":395000},{"address":"9631.0 69A STREET NW","assessed_value":511500},{"address":"5412.0 90 AVENUE NW","assessed_value":365500},{"address":"7531.0 78 AVENUE NW","assessed_value":413500},{"address":"9016.0 88 STREET NW","assessed_value":444500},{"address":"10703.0 52 STREET NW","assessed_value":437000},{"address":"1104.0 77 STREET NW","assessed_value":373000},{"address":"2024.0 57 STREET NW","assessed_value":185500},{"address":"8527.0 84 AVENUE NW","assessed_value":430500},{"address":"9350.0 72 AVENUE NW","assessed_value":423500},{"address":"7747.0 82 AVENUE NW","assessed_value":320000},{"address":"8624.0 64 AVENUE NW","assessed_value":504500},{"address":"2964.0 89 STREET NW","assessed_value":378500},{"address":"1819.0 73 STREET NW","assessed_value":431500},{"address":"4232.0 89 STREET NW","assessed_value":385000},{"address":"10315.0 48 STREET NW","assessed_value":372000},{"address":"8551.0 64 AVENUE NW","assessed_value":357500},{"address":"3132.0 80 STREET NW","assessed_value":356500},{"address":"5616.0 101 AVENUE NW","assessed_value":376500},{"address":"3656.0 73 STREET NW","assessed_value":411000},{"address":"2552.0 89 STREET NW","assessed_value":328500},{"address":"8106.0 77 AVENUE NW","assessed_value":453000},{"address":"4903.0 99 STREET NW","assessed_value":5334500},{"address":"7808.0 34A AVENUE NW","assessed_value":364500},{"address":"6207.0 92A AVENUE NW","assessed_value":447000},{"address":"8123.0 77 AVENUE NW","assessed_value":391000},{"address":"9627.0 85 STREET NW","assessed_value":463000},{"address":"9755.0 65 AVENUE NW","assessed_value":387000},{"address":"6090.0 MILL WOODS ROAD SOUTH NW","assessed_value":178000},{"address":"10639.0 67 STREET NW","assessed_value":584500},{"address":"9111.0 79 STREET NW","assessed_value":442000},{"address":"8707.0 44 AVENUE NW","assessed_value":405500},{"address":"10660.0 69 STREET NW","assessed_value":463000},{"address":"4339.0 68 STREET NW","assessed_value":382000},{"address":"4627.0 107 AVENUE NW","assessed_value":518500},{"address":"10211.0 70 STREET NW","assessed_value":435000},{"address":"9655.0 72 AVENUE NW","assessed_value":333500},{"address":"1744.0 62 STREET NW","assessed_value":351500},{"address":"9804.0 75 AVENUE NW","assessed_value":340000},{"address":"8728.0 72 STREET NW","assessed_value":423000},{"address":"8547.0 67 AVENUE NW","assessed_value":393500},{"address":"9637.0 68A STREET NW","assessed_value":591000},{"address":"7511.0 ROWLAND ROAD NW","assessed_value":637000},{"address":"9035.0 56 STREET NW","assessed_value":504500},{"address":"7948.0 79 AVENUE NW","assessed_value":575500},{"address":"2104.0 79 STREET NW","assessed_value":435000},{"address":"10752.0 65 STREET NW","assessed_value":607500},{"address":"3148.0 78 STREET NW","assessed_value":1000},{"address":"1108.0 80 STREET NW","assessed_value":352500},{"address":"5212.0 101 AVENUE NW","assessed_value":321000},{"address":"nan nan","assessed_value":0},{"address":"3859.0 76 STREET NW","assessed_value":114000},{"address":"1036.0 73 STREET NW","assessed_value":381000},{"address":"9519.0 86 STREET NW","assessed_value":1131500},{"address":"9608.0 74 AVENUE NW","assessed_value":351000},{"address":"8711.0 38 AVENUE NW","assessed_value":407000},{"address":"6204.0 84 AVENUE NW","assessed_value":373000},{"address":"6.0 TWIN TERRACE NW","assessed_value":180500},{"address":"6204.0 13 AVENUE NW","assessed_value":397500},{"address":"9518.0 73 AVENUE NW","assessed_value":566500},{"address":"6504.0 86 AVENUE NW","assessed_value":394000},{"address":"5708.0 95 AVENUE NW","assessed_value":453500},{"address":"9936.0 82 STREET NW","assessed_value":506000},{"address":"7211.0 93 AVENUE NW","assessed_value":444000},{"address":"3215.0 78 STREET NW","assessed_value":501500},{"address":"9740.0 65 AVENUE NW","assessed_value":408000},{"address":"1566.0 69 STREET NW","assessed_value":165500},{"address":"10503.0 67 STREET NW","assessed_value":396500},{"address":"1596.0 KNOTTWOOD ROAD NORTH NW","assessed_value":356500},{"address":"9119.0 67 AVENUE NW","assessed_value":458000},{"address":"9220.0 86 STREET NW","assessed_value":529500},{"address":"7726.0 79 AVENUE NW","assessed_value":372500},{"address":"6831.0 39 AVENUE NW","assessed_value":597500},{"address":"122.0 MORIN MAZE NW","assessed_value":203000},{"address":"8413.0 MILL WOODS ROAD NW","assessed_value":294500},{"address":"1771.0 LAKEWOOD ROAD SOUTH NW","assessed_value":184000},{"address":"8503.0 76 AVENUE NW","assessed_value":486000},{"address":"568.0 KNOTTWOOD ROAD WEST NW","assessed_value":411000},{"address":"6919.0 93 AVENUE NW","assessed_value":462000},{"address":"10425.0 77 STREET NW","assessed_value":467500},{"address":"1831.0 51 STREET NW","assessed_value":452500},{"address":"6835.0 98A AVENUE NW","assessed_value":400000},{"address":"1812.0 68 STREET NW","assessed_value":388500},{"address":"7081.0 32 AVENUE NW","assessed_value":191500},{"address":"8519.0 34A AVENUE NW","assessed_value":428500},{"address":"8728.0 89 AVENUE NW","assessed_value":456000},{"address":"8706.0 84 AVENUE NW","assessed_value":319500},{"address":"824.0 KNOTTWOOD ROAD SOUTH NW","assessed_value":366000},{"address":"7503.0 36A AVENUE NW","assessed_value":453000},{"address":"7323.0 95 AVENUE NW","assessed_value":469000},{"address":"6812.0 106 AVENUE NW","assessed_value":500},{"address":"10560.0 48 STREET NW","assessed_value":414500},{"address":"8716.0 38 AVENUE NW","assessed_value":420000},{"address":"6820.0 33 AVENUE NW","assessed_value":358500},{"address":"6912.0 14 AVENUE NW","assessed_value":385000},{"address":"1835.0 56 STREET NW","assessed_value":383500},{"address":"9638.0 73 AVENUE NW","assessed_value":315500},{"address":"8901.0 78 AVENUE NW","assessed_value":321000},{"address":"8437.0 29 AVENUE NW","assessed_value":123000},{"address":"6807.0 102A AVENUE NW","assessed_value":674000},{"address":"1090.0 LAKEWOOD ROAD NORTH NW","assessed_value":210500},{"address":"7913.0 79 AVENUE NW","assessed_value":508000},{"address":"6708.0 85 STREET NW","assessed_value":407500},{"address":"7941.0 81 AVENUE NW","assessed_value":397500},{"address":"5304.0 92A AVENUE NW","assessed_value":437000},{"address":"9024.0 52 STREET NW","assessed_value":438000},{"address":"10337.0 84 STREET NW","assessed_value":421000},{"address":"9737.0 76 AVENUE NW","assessed_value":408000},{"address":"6722.0 36A AVENUE NW","assessed_value":203500},{"address":"10310.0 82 STREET NW","assessed_value":370500},{"address":"8119.0 86 AVENUE NW","assessed_value":392500},{"address":"7312.0 76 STREET NW","assessed_value":374500},{"address":"9640.0 64 AVENUE NW","assessed_value":394000},{"address":"8012.0 14 AVENUE NW","assessed_value":458000},{"address":"9644.0 79 STREET NW","assessed_value":887000},{"address":"7751.0 37 AVENUE NW","assessed_value":170500},{"address":"9827.0 68 STREET NW","assessed_value":448000},{"address":"7359.0 18 AVENUE NW","assessed_value":454000},{"address":"8151.0 79 AVENUE NW","assessed_value":340000},{"address":"4328.0 85 STREET NW","assessed_value":387500},{"address":"1107.0 72 STREET NW","assessed_value":398500},{"address":"10130.0 83 STREET NW","assessed_value":405000},{"address":"1062.0 KNOTTWOOD ROAD EAST NW","assessed_value":165500},{"address":"6924.0 93 AVENUE NW","assessed_value":442500},{"address":"1577.0 LAKEWOOD ROAD WEST NW","assessed_value":370500},{"address":"9312.0 74 STREET NW","assessed_value":598500},{"address":"3117.0 89 STREET NW","assessed_value":470000},{"address":"9333.0 45 AVENUE NW","assessed_value":1500},{"address":"9605.0 74 AVENUE NW","assessed_value":878500},{"address":"10682.0 61 STREET NW","assessed_value":571000},{"address":"7407.0 90 AVENUE NW","assessed_value":500},{"address":"10709.0 65 STREET NW","assessed_value":538000},{"address":"4611.0 109A AVENUE NW","assessed_value":439500},{"address":"1319.0 LAKEWOOD ROAD WEST NW","assessed_value":323000},{"address":"9522.0 83 STREET NW","assessed_value":398000},{"address":"10419.0 42 STREET NW","assessed_value":378500},{"address":"6103.0 102 AVENUE NW","assessed_value":413000},{"address":"9634.0 75 AVENUE NW","assessed_value":913000},{"address":"8607.0 43 AVENUE NW","assessed_value":394500},{"address":"176.0 RICHFIELD ROAD NW","assessed_value":362000},{"address":"9372.0 75 AVENUE NW","assessed_value":447500},{"address":"10434.0 80 STREET NW","assessed_value":246500},{"address":"10648.0 74 STREET NW","assessed_value":500},{"address":"7659.0 89 AVENUE NW","assessed_value":381500},{"address":"7908.0 98 AVENUE NW","assessed_value":431000},{"address":"7619.0 13 AVENUE NW","assessed_value":380500},{"address":"356.0 KNOTTWOOD ROAD WEST NW","assessed_value":416500},{"address":"8102.0 75 STREET NW","assessed_value":306000},{"address":"8122.0 34B AVENUE NW","assessed_value":416000},{"address":"10236.0 FULTON ROAD NW","assessed_value":407000},{"address":"2121.0 85 STREET NW","assessed_value":370500},{"address":"5510.0 19A AVENUE NW","assessed_value":149500},{"address":"1156.0 MILLBOURNE ROAD EAST NW","assessed_value":224500},{"address":"3067.0 79 STREET NW","assessed_value":399500},{"address":"9263.0 75 STREET NW","assessed_value":341000},{"address":"351.0 KNOTTWOOD ROAD WEST NW","assessed_value":367500},{"address":"7615.0 98 AVENUE NW","assessed_value":405000},{"address":"5519.0 93A AVENUE NW","assessed_value":393500},{"address":"9741.0 72 AVENUE NW","assessed_value":409000},{"address":"8711.0 26 AVENUE NW","assessed_value":331500},{"address":"8720.0 66 AVENUE NW","assessed_value":500},{"address":"9819.0 67 AVENUE NW","assessed_value":423000},{"address":"8711.0 16 AVENUE NW","assessed_value":394000},{"address":"9111.0 72 AVENUE NW","assessed_value":360500},{"address":"5118.0 18A AVENUE NW","assessed_value":363000},{"address":"5703.0 93A AVENUE NW","assessed_value":342000},{"address":"9631.0 67A STREET NW","assessed_value":455500},{"address":"1159.0 KNOTTWOOD ROAD EAST NW","assessed_value":171000},{"address":"8739.0 92B AVENUE NW","assessed_value":418500},{"address":"8803.0 30 AVENUE NW","assessed_value":361000},{"address":"4632.0 102 AVENUE NW","assessed_value":341500},{"address":"4235.0 87 STREET NW","assessed_value":397000},{"address":"7516.0 95 AVENUE NW","assessed_value":420000},{"address":"3151.0 73 STREET NW","assessed_value":362500},{"address":"9307.0 70 AVENUE NW","assessed_value":507000},{"address":"1815.0 75 STREET NW","assessed_value":389000},{"address":"7219.0 83 STREET NW","assessed_value":335500},{"address":"9848.0 76 STREET NW","assessed_value":669500},{"address":"8926.0 77 AVENUE NW","assessed_value":919500},{"address":"8708.0 51 AVENUE NW","assessed_value":5853500},{"address":"9306.0 52 STREET NW","assessed_value":7500},{"address":"1840.0 51 STREET NW","assessed_value":394500},{"address":"6912.0 19 AVENUE NW","assessed_value":374500},{"address":"4316.0 104A AVENUE NW","assessed_value":382500},{"address":"7932.0 93A AVENUE NW","assessed_value":474500},{"address":"8815.0 87 STREET NW","assessed_value":447500},{"address":"10608.0 74 STREET NW","assessed_value":498500},{"address":"1009.0 LAKEWOOD ROAD NORTH NW","assessed_value":355500},{"address":"8115.0 27 AVENUE NW","assessed_value":166000},{"address":"7530.0 81 AVENUE NW","assessed_value":391000},{"address":"5513.0 97 AVENUE NW","assessed_value":500},{"address":"7928.0 78 AVENUE NW","assessed_value":382500},{"address":"9652.0 OTTEWELL ROAD NW","assessed_value":401500},{"address":"7712.0 ARGYLL ROAD NW","assessed_value":412500},{"address":"5211.0 103 AVENUE NW","assessed_value":422500},{"address":"8125.0 85 AVENUE NW","assessed_value":414000},{"address":"8708.0 54 STREET NW","assessed_value":463500},{"address":"5411.0 101A AVENUE NW","assessed_value":418500},{"address":"7123.0 89 AVENUE NW","assessed_value":390500},{"address":"7027.0 81 STREET NW","assessed_value":16000},{"address":"6104.0 109 AVENUE NW","assessed_value":620000},{"address":"2353.0 85 STREET NW","assessed_value":187000},{"address":"8415.0 56 STREET NW","assessed_value":445000},{"address":"7908.0 89 AVENUE NW","assessed_value":409500},{"address":"7536.0 94 AVENUE NW","assessed_value":511000},{"address":"9126.0 89 STREET NW","assessed_value":490500},{"address":"5204.0 104 AVENUE NW","assessed_value":488000},{"address":"5318.0 18A AVENUE NW","assessed_value":376000},{"address":"5811.0 85 AVENUE NW","assessed_value":391000},{"address":"1552.0 69 STREET NW","assessed_value":157000},{"address":"10708.0 69 STREET NW","assessed_value":433000},{"address":"7223.0 83 STREET NW","assessed_value":354500},{"address":"6604.0 89 AVENUE NW","assessed_value":390000},{"address":"9114.0 83 AVENUE NW","assessed_value":506000},{"address":"9633.0 76 AVENUE NW","assessed_value":328500},{"address":"9724.0 63 AVENUE NW","assessed_value":369500},{"address":"496.0 LEE RIDGE ROAD NW","assessed_value":142500},{"address":"7940.0 97 AVENUE NW","assessed_value":420000},{"address":"6303.0 94A AVENUE NW","assessed_value":578000},{"address":"5603.0 105 AVENUE NW","assessed_value":387500},{"address":"1715.0 LAKEWOOD ROAD SOUTH NW","assessed_value":183500},{"address":"2735.0 83 STREET NW","assessed_value":478500},{"address":"7554.0 81 AVENUE NW","assessed_value":389000},{"address":"8824.0 89 STREET NW","assessed_value":419500},{"address":"77.0 LAKEWOOD VILLAGE NW","assessed_value":198000},{"address":"10832.0 47 STREET NW","assessed_value":531000},{"address":"7014.0 86 AVENUE NW","assessed_value":0},{"address":"7303.0 78 STREET NW","assessed_value":393500},{"address":"9708.0 92 STREET NW","assessed_value":724500},{"address":"479.0 KNOTTWOOD ROAD WEST NW","assessed_value":215000},{"address":"744.0 KNOTTWOOD ROAD SOUTH NW","assessed_value":372500},{"address":"10610.0 80 STREET NW","assessed_value":424500},{"address":"8756.0 77 AVENUE NW","assessed_value":358500},{"address":"1458.0 LAKEWOOD ROAD WEST NW","assessed_value":121000},{"address":"5407.0 94B AVENUE NW","assessed_value":405500},{"address":"7419.0 82 STREET NW","assessed_value":431500},{"address":"9411.0 77 STREET NW","assessed_value":455500},{"address":"1618.0 LAKEWOOD ROAD WEST NW","assessed_value":167500},{"address":"7512.0 94 AVENUE NW","assessed_value":553000},{"address":"8711.0 18 AVENUE NW","assessed_value":369500},{"address":"8503.0 64 STREET NW","assessed_value":443500},{"address":"7540.0 82 AVENUE NW","assessed_value":332000},{"address":"6911.0 94 AVENUE NW","assessed_value":468000},{"address":"8703.0 73 STREET NW","assessed_value":464500},{"address":"1278.0 LAKEWOOD ROAD WEST NW","assessed_value":164000},{"address":"8604.0 30 AVENUE NW","assessed_value":310500},{"address":"8726.0 77 AVENUE NW","assessed_value":278500},{"address":"8831.0 40 AVENUE NW","assessed_value":418000},{"address":"9528.0 77 STREET NW","assessed_value":625000},{"address":"9020.0 60 STREET NW","assessed_value":286500},{"address":"9538.0 70 AVENUE NW","assessed_value":835500},{"address":"10636.0 57 STREET NW","assessed_value":410000},{"address":"8735.0 77 AVENUE NW","assessed_value":758000},{"address":"7515.0 83 STREET NW","assessed_value":359000},{"address":"9527.0 64 AVENUE NW","assessed_value":379000},{"address":"9243.0 81 STREET NW","assessed_value":395500},{"address":"9857.0 76 AVENUE NW","assessed_value":552000},{"address":"6104.0 102 AVENUE NW","assessed_value":386000},{"address":"7320.0 96B AVENUE NW","assessed_value":584000},{"address":"6507.0 97 AVENUE NW","assessed_value":499500},{"address":"416.0 KNOTTWOOD ROAD WEST NW","assessed_value":345000},{"address":"8750.0 79 AVENUE NW","assessed_value":302000},{"address":"3520.0 87 STREET NW","assessed_value":433000},{"address":"10631.0 63 STREET NW","assessed_value":485000},{"address":"9650.0 86 STREET NW","assessed_value":397000},{"address":"9416.0 77 STREET NW","assessed_value":498000},{"address":"979.0 MILLBOURNE ROAD EAST NW","assessed_value":217000},{"address":"10336.0 77 STREET NW","assessed_value":346000},{"address":"9677.0 81 STREET NW","assessed_value":500},{"address":"9704.0 66 AVENUE NW","assessed_value":2000},{"address":"10652.0 67 STREET NW","assessed_value":543500},{"address":"355.0 LEE RIDGE ROAD NW","assessed_value":483000},{"address":"2521.0 89 STREET NW","assessed_value":390000},{"address":"nan nan","assessed_value":500},{"address":"6604.0 CAPILANO CRESCENT NW","assessed_value":718500},{"address":"5.0 TWIN TERRACE NW","assessed_value":191000},{"address":"10229.0 83 STREET NW","assessed_value":435000},{"address":"10330.0 76 STREET NW","assessed_value":375000},{"address":"8724.0 84 AVENUE NW","assessed_value":495500},{"address":"7028.0 21 AVENUE NW","assessed_value":451000},{"address":"5103.0 19 AVENUE NW","assessed_value":395000},{"address":"7043.0 32 AVENUE NW","assessed_value":195500},{"address":"10411.0 FULTON DRIVE NW","assessed_value":777000},{"address":"7011.0 103 AVENUE NW","assessed_value":477000},{"address":"10540.0 65 STREET NW","assessed_value":398500},{"address":"9641.0 76 AVENUE NW","assessed_value":313000},{"address":"1104.0 82 STREET NW","assessed_value":398500},{"address":"10694.0 63 STREET NW","assessed_value":437500},{"address":"5212.0 102A AVENUE NW","assessed_value":388500},{"address":"9714.0 71 AVENUE NW","assessed_value":389000},{"address":"8802.0 85 AVENUE NW","assessed_value":462500},{"address":"10642.0 65 STREET NW","assessed_value":1152500},{"address":"8012.0 ROWLAND ROAD NW","assessed_value":1017500},{"address":"9728.0 69 AVENUE NW","assessed_value":526500},{"address":"248.0 RICHFIELD ROAD NW","assessed_value":142500},{"address":"10332.0 52 STREET NW","assessed_value":500},{"address":"8616.0 29 AVENUE NW","assessed_value":385500},{"address":"6336.0 FULTON DRIVE NW","assessed_value":508500},{"address":"10743.0 46 STREET NW","assessed_value":440000},{"address":"400.0 LEE RIDGE ROAD NW","assessed_value":368000},{"address":"5620.0 19A AVENUE NW","assessed_value":151500},{"address":"1004.0 88 STREET NW","assessed_value":421000},{"address":"10344.0 79 STREET NW","assessed_value":416000},{"address":"5212.0 92B AVENUE NW","assessed_value":1500},{"address":"162.0 KNOTTWOOD ROAD NORTH NW","assessed_value":173500},{"address":"6815.0 36A AVENUE NW","assessed_value":441000},{"address":"633.0 MILLBOURNE ROAD EAST NW","assessed_value":182000},{"address":"7512.0 76 AVENUE NW","assessed_value":401500},{"address":"7948.0 97 AVENUE NW","assessed_value":435500},{"address":"10336.0 50 STREET NW","assessed_value":371500},{"address":"4303.0 83 STREET NW","assessed_value":565500},{"address":"9120.0 64 AVENUE NW","assessed_value":402500}]