[{"address":"2134.0 MILL WOODS ROAD NW","assessed_value":168000},{"address":"1418.0 LAKEWOOD ROAD WEST NW","assessed_value":121500},{"address":"10732.0 ST GABRIEL SCHOOL ROAD NW","assessed_value":447500},{"address":"6708.0 92 AVENUE NW","assessed_value":507500},{"address":"10235.0 50 STREET NW","assessed_value":348500},{"address":"10411.0 42 STREET NW","assessed_value":436000},{"address":"9811.0 67 AVENUE NW","assessed_value":499500},{"address":"8710.0 83 AVENUE NW","assessed_value":425000},{"address":"8626.0 33 AVENUE NW","assessed_value":320500},{"address":"501.0 KNOTTWOOD ROAD WEST NW","assessed_value":238000},{"address":"2024.0 57 STREET NW","assessed_value":176500},{"address":"8407.0 56 STREET NW","assessed_value":380000},{"address":"7803.0 87 STREET NW","assessed_value":2519000},{"address":"8956.0 77 AVENUE NW","assessed_value":590000},{"address":"4323.0 70 STREET NW","assessed_value":400000},{"address":"nan nan","assessed_value":9000},{"address":"7508.0 80 STREET NW","assessed_value":410500},{"address":"9848.0 78 STREET NW","assessed_value":507500},{"address":"7115.0 10 AVENUE NW","assessed_value":362000},{"address":"8423.0 76 STREET NW","assessed_value":354000},{"address":"827.0 KNOTTWOOD ROAD SOUTH NW","assessed_value":377000},{"address":"1806.0 51 STREET NW","assessed_value":431000},{"address":"6915.0 92B AVENUE NW","assessed_value":394500},{"address":"6603.0 87 AVENUE NW","assessed_value":590500},{"address":"5308.0 101 AVENUE NW","assessed_value":387000},{"address":"6030.0 99 STREET NW","assessed_value":197000},{"address":"10336.0 47 STREET NW","assessed_value":383000},{"address":"9639.0 85 STREET NW","assessed_value":671500},{"address":"6407.0 93A AVENUE NW","assessed_value":493000},{"address":"6912.0 86 AVENUE NW","assessed_value":414500},{"address":"10135.0 82 STREET NW","assessed_value":366000},{"address":"10318.0 82 STREET NW","assessed_value":411000},{"address":"9315.0 64 AVENUE NW","assessed_value":382000},{"address":"7515.0 36A AVENUE NW","assessed_value":401500},{"address":"9551.0 81 STREET NW","assessed_value":598500},{"address":"7811.0 106A AVENUE NW","assessed_value":452000},{"address":"9704.0 OTTEWELL ROAD NW","assessed_value":424500},{"address":"8504.0 27 AVENUE NW","assessed_value":419000},{"address":"9104.0 71 STREET NW","assessed_value":590500},{"address":"3140.0 80 STREET NW","assessed_value":396000},{"address":"1298.0 LAKEWOOD ROAD WEST NW","assessed_value":177500},{"address":"9611.0 75 AVENUE NW","assessed_value":397500},{"address":"6908.0 32 AVENUE NW","assessed_value":336000},{"address":"9831.0 68 STREET NW","assessed_value":489000},{"address":"7508.0 106 AVENUE NW","assessed_value":418000},{"address":"1919.0 89 STREET NW","assessed_value":370000},{"address":"9751.0 70 AVENUE NW","assessed_value":411500},{"address":"9310.0 82 AVENUE NW","assessed_value":1809500},{"address":"3620.0 93 STREET NW","assessed_value":4960000},{"address":"1126.0 68 STREET NW","assessed_value":41000},{"address":"7419.0 89 STREET NW","assessed_value":453000},{"address":"50.0 LAKEWOOD VILLAGE NW","assessed_value":178000},{"address":"371.0 KNOTTWOOD ROAD WEST NW","assessed_value":339500},{"address":"10714.0 69 STREET NW","assessed_value":8500},{"address":"10527.0 46 STREET NW","assessed_value":379000},{"address":"8629.0 27 AVENUE NW","assessed_value":440000},{"address":"2507.0 89 STREET NW","assessed_value":402000},{"address":"10232.0 70 STREET NW","assessed_value":535500},{"address":"6311.0 93 AVENUE NW","assessed_value":449000},{"address":"8535.0 75 AVENUE NW","assessed_value":396000},{"address":"10660.0 67 STREET NW","assessed_value":613000},{"address":"9312.0 82 STREET NW","assessed_value":430000},{"address":"3143.0 73 STREET NW","assessed_value":384500},{"address":"9457.0 79 STREET NW","assessed_value":538000},{"address":"5715.0 93A AVENUE NW","assessed_value":363500},{"address":"5624.0 19A AVENUE NW","assessed_value":164000},{"address":"6727.0 94 AVENUE NW","assessed_value":518500},{"address":"6308.0 FULTON DRIVE NW","assessed_value":520000},{"address":"9313.0 54 STREET NW","assessed_value":332000},{"address":"7115.0 89 AVENUE NW","assessed_value":418500},{"address":"842.0 LEE RIDGE ROAD NW","assessed_value":414000},{"address":"5408.0 105 AVENUE NW","assessed_value":454000},{"address":"10543.0 82 STREET NW","assessed_value":439000},{"address":"7211.0 83 STREET NW","assessed_value":310500},{"address":"9840.0 76 STREET NW","assessed_value":469000},{"address":"9723.0 73 AVENUE NW","assessed_value":324500},{"address":"8704.0 78 AVENUE NW","assessed_value":345000},{"address":"4519.0 106B AVENUE NW","assessed_value":459000},{"address":"6.0 TWIN TERRACE NW","assessed_value":182500},{"address":"163.0 RICHFIELD ROAD NW","assessed_value":366500},{"address":"6911.0 90 AVENUE NW","assessed_value":380500},{"address":"8313.0 19 AVENUE NW","assessed_value":450000},{"address":"6904.0 19 AVENUE NW","assessed_value":417000},{"address":"6904.0 90 AVENUE NW","assessed_value":473000},{"address":"1145.0 72 STREET NW","assessed_value":421500},{"address":"9207.0 34A AVENUE NW","assessed_value":2426500},{"address":"1133.0 77 STREET NW","assessed_value":388000},{"address":"1830.0 51 STREET NW","assessed_value":425000},{"address":"8527.0 40 AVENUE NW","assessed_value":329000},{"address":"4508.0 103A AVENUE NW","assessed_value":367500},{"address":"4275.0 76 STREET NW","assessed_value":136500},{"address":"4404.0 94 STREET NW","assessed_value":1500},{"address":"5103.0 109 AVENUE NW","assessed_value":462500},{"address":"1103.0 68 STREET NW","assessed_value":356500},{"address":"6836.0 98 AVENUE NW","assessed_value":8000},{"address":"8815.0 79 STREET NW","assessed_value":365500},{"address":"9611.0 79 STREET NW","assessed_value":429000},{"address":"7546.0 81 AVENUE NW","assessed_value":386500},{"address":"8703.0 18 AVENUE NW","assessed_value":441500},{"address":"1152.0 MILLBOURNE ROAD EAST NW","assessed_value":198000},{"address":"10511.0 67 STREET NW","assessed_value":412000},{"address":"9315.0 74 AVENUE NW","assessed_value":535500},{"address":"9826.0 72 STREET NW","assessed_value":427500},{"address":"7120.0 94B AVENUE NW","assessed_value":459500},{"address":"9724.0 73 AVENUE NW","assessed_value":394500},{"address":"9511.0 OTTEWELL ROAD NW","assessed_value":472000},{"address":"10607.0 82 STREET NW","assessed_value":1240000},{"address":"9636.0 77 STREET NW","assessed_value":615500},{"address":"2357.0 85 STREET NW","assessed_value":181000},{"address":"8759.0 84 AVENUE NW","assessed_value":412000},{"address":"2024.0 57 STREET NW","assessed_value":200500},{"address":"6619.0 36A AVENUE NW","assessed_value":332000},{"address":"10712.0 45 STREET NW","assessed_value":438000},{"address":"5804.0 87 AVENUE NW","assessed_value":472500},{"address":"9211.0 73 STREET NW","assessed_value":451500},{"address":"7614.0 93 AVENUE NW","assessed_value":10000},{"address":"1448.0 LAKEWOOD ROAD WEST NW","assessed_value":125000},{"address":"7035.0 21 AVENUE NW","assessed_value":449500},{"address":"9530.0 75 AVENUE NW","assessed_value":1080500},{"address":"8704.0 52 STREET NW","assessed_value":401500},{"address":"9123.0 83 STREET NW","assessed_value":393500},{"address":"2911.0 89 STREET NW","assessed_value":383000},{"address":"5812.0 87 AVENUE NW","assessed_value":473000},{"address":"8115.0 73 AVENUE NW","assessed_value":383000},{"address":"4504.0 107 AVENUE NW","assessed_value":513000},{"address":"6304.0 109 AVENUE NW","assessed_value":551000},{"address":"7712.0 73 AVENUE NW","assessed_value":396000},{"address":"1019.0 87 STREET NW","assessed_value":357000},{"address":"7032.0 21 AVENUE NW","assessed_value":373500},{"address":"984.0 LAKEWOOD ROAD NORTH NW","assessed_value":183000},{"address":"10428.0 77 STREET NW","assessed_value":419500},{"address":"9632.0 64 AVENUE NW","assessed_value":389000},{"address":"8537.0 83 AVENUE NW","assessed_value":416500},{"address":"8404.0 56 STREET NW","assessed_value":465500},{"address":"10650.0 65 STREET NW","assessed_value":456000},{"address":"1082.0 MILLBOURNE ROAD EAST NW","assessed_value":193000},{"address":"492.0 LEE RIDGE ROAD NW","assessed_value":142500},{"address":"4607.0 107A AVENUE NW","assessed_value":479000},{"address":"5506.0 92B AVENUE NW","assessed_value":382000},{"address":"9327.0 OTTEWELL ROAD NW","assessed_value":447000},{"address":"6408.0 FULTON DRIVE NW","assessed_value":506500},{"address":"1719.0 LAKEWOOD ROAD SOUTH NW","assessed_value":168000},{"address":"9627.0 87 STREET NW","assessed_value":385500},{"address":"5403.0 89 AVENUE NW","assessed_value":435000},{"address":"9724.0 75 AVENUE NW","assessed_value":304500},{"address":"5404.0 101A AVENUE NW","assessed_value":428500},{"address":"5708.0 94A STREET NW","assessed_value":4097500},{"address":"637.0 MILLBOURNE ROAD EAST NW","assessed_value":172500},{"address":"5111.0 19 AVENUE NW","assessed_value":385000},{"address":"1151.0 KNOTTWOOD ROAD EAST NW","assessed_value":203500},{"address":"6603.0 106 AVENUE NW","assessed_value":8500},{"address":"4019.0 75 STREET NW","assessed_value":386000},{"address":"4620.0 104 AVENUE NW","assessed_value":382000},{"address":"6403.0 103 AVENUE NW","assessed_value":384000},{"address":"7148.0 85 STREET NW","assessed_value":466000},{"address":"10815.0 52 STREET NW","assessed_value":523500},{"address":"7003.0 17 AVENUE NW","assessed_value":377500},{"address":"10686.0 63 STREET NW","assessed_value":450000},{"address":"2122.0 MILL WOODS ROAD NW","assessed_value":170500},{"address":"2420.0 80 STREET NW","assessed_value":367000},{"address":"9629.0 75 AVENUE NW","assessed_value":481500},{"address":"10659.0 CAPILANO STREET NW","assessed_value":453000},{"address":"10312.0 48 STREET NW","assessed_value":387500},{"address":"9801.0 68 AVENUE NW","assessed_value":904500},{"address":"7719.0 77 AVENUE NW","assessed_value":495000},{"address":"7208.0 95 AVENUE NW","assessed_value":482500},{"address":"662.0 LAKEWOOD ROAD NORTH NW","assessed_value":186500},{"address":"138.0 KNOTTWOOD ROAD NORTH NW","assessed_value":178000},{"address":"5511.0 101A AVENUE NW","assessed_value":404000},{"address":"10336.0 76 STREET NW","assessed_value":417000},{"address":"4404.0 104A AVENUE NW","assessed_value":350000},{"address":"3023.0 79 STREET NW","assessed_value":362000},{"address":"6920.0 15 AVENUE NW","assessed_value":402500},{"address":"10104.0 81 STREET NW","assessed_value":457500},{"address":"7313.0 98 AVENUE NW","assessed_value":0},{"address":"9016.0 60 STREET NW","assessed_value":321000},{"address":"7312.0 18 AVENUE NW","assessed_value":390000},{"address":"9324.0 82 STREET NW","assessed_value":457500},{"address":"8604.0 16 AVENUE NW","assessed_value":413500},{"address":"4508.0 109A AVENUE NW","assessed_value":476000},{"address":"6008.0 102 AVENUE NW","assessed_value":485000},{"address":"3116.0 67 STREET NW","assessed_value":387500},{"address":"8735.0 93 AVENUE NW","assessed_value":451500},{"address":"5003.0 87 STREET NW","assessed_value":1500},{"address":"1944.0 LAKEWOOD ROAD SOUTH NW","assessed_value":369000},{"address":"6610.0 86 STREET NW","assessed_value":507000},{"address":"9408.0 77 STREET NW","assessed_value":450000},{"address":"9203.0 28 AVENUE NW","assessed_value":9619500},{"address":"1797.0 LAKEWOOD ROAD SOUTH NW","assessed_value":186000},{"address":"9756.0 64 AVENUE NW","assessed_value":402000},{"address":"5215.0 20 AVENUE NW","assessed_value":396500},{"address":"8317.0 76 AVENUE NW","assessed_value":402500},{"address":"629.0 KNOTTWOOD ROAD WEST NW","assessed_value":185500},{"address":"6112.0 106 AVENUE NW","assessed_value":397000},{"address":"6603.0 97 AVENUE NW","assessed_value":1003500},{"address":"1034.0 LAKEWOOD ROAD NORTH NW","assessed_value":205500},{"address":"9019.0 56 STREET NW","assessed_value":386000},{"address":"1478.0 KNOTTWOOD ROAD EAST NW","assessed_value":312000},{"address":"7503.0 40 AVENUE NW","assessed_value":443000},{"address":"10141.0 75 STREET NW","assessed_value":729500},{"address":"8802.0 88 AVENUE NW","assessed_value":420000},{"address":"9503.0 73 AVENUE NW","assessed_value":415500},{"address":"7916.0 98 AVENUE NW","assessed_value":475500},{"address":"9239.0 54 STREET NW","assessed_value":373500},{"address":"7932.0 97 AVENUE NW","assessed_value":446000},{"address":"244.0 RICHFIELD ROAD NW","assessed_value":142500},{"address":"4511.0 106 AVENUE NW","assessed_value":272500},{"address":"8524.0 64 AVENUE NW","assessed_value":409000},{"address":"9716.0 63 AVENUE NW","assessed_value":352500},{"address":"6716.0 20 AVENUE NW","assessed_value":432000},{"address":"1494.0 LAKEWOOD ROAD WEST NW","assessed_value":121000},{"address":"380.0 LEE RIDGE ROAD NW","assessed_value":375500},{"address":"9919.0 68 STREET NW","assessed_value":402500},{"address":"7616.0 41 AVENUE NW","assessed_value":464500},{"address":"8047.0 27 AVENUE NW","assessed_value":174500},{"address":"6746.0 39 AVENUE NW","assessed_value":399000},{"address":"8608.0 54 STREET NW","assessed_value":468000},{"address":"6808.0 22 AVENUE NW","assessed_value":354500},{"address":"10328.0 50 STREET NW","assessed_value":403000},{"address":"7009.0 11 AVENUE NW","assessed_value":382000},{"address":"10235.0 73 STREET NW","assessed_value":416000},{"address":"8107.0 70 AVENUE NW","assessed_value":395000},{"address":"10431.0 50 STREET NW","assessed_value":372500},{"address":"4615.0 102A AVENUE NW","assessed_value":410000},{"address":"7120.0 44 AVENUE NW","assessed_value":345000},{"address":"3103.0 89 STREET NW","assessed_value":465000},{"address":"9335.0 58 STREET NW","assessed_value":399000},{"address":"9311.0 68 AVENUE NW","assessed_value":623500},{"address":"7524.0 95 AVENUE NW","assessed_value":479500},{"address":"10527.0 50 STREET NW","assessed_value":355000},{"address":"10739.0 46 STREET NW","assessed_value":539000},{"address":"9843.0 75 AVENUE NW","assessed_value":432000},{"address":"2458.0 78 STREET NW","assessed_value":343000},{"address":"9243.0 OTTEWELL ROAD NW","assessed_value":447500},{"address":"7803.0 70 AVENUE NW","assessed_value":410500},{"address":"3432.0 81 STREET NW","assessed_value":329500},{"address":"1574.0 69 STREET NW","assessed_value":165500},{"address":"5617.0 92C AVENUE NW","assessed_value":353000},{"address":"7827.0 24 AVENUE NW","assessed_value":339000},{"address":"10708.0 48 STREET NW","assessed_value":425500},{"address":"9603.0 81 STREET NW","assessed_value":467500},{"address":"3207.0 70 STREET NW","assessed_value":389000},{"address":"6416.0 15 AVENUE NW","assessed_value":360000},{"address":"3863.0 76 STREET NW","assessed_value":102500},{"address":"8624.0 43 AVENUE NW","assessed_value":374000},{"address":"3447.0 81 STREET NW","assessed_value":344500},{"address":"4516.0 109A AVENUE NW","assessed_value":477500},{"address":"11.0 TWIN TERRACE NW","assessed_value":191000},{"address":"5704.0 101 AVENUE NW","assessed_value":557000},{"address":"1043.0 75 STREET NW","assessed_value":427000},{"address":"8351.0 81 AVENUE NW","assessed_value":389500},{"address":"9513.0 88 AVENUE NW","assessed_value":391000},{"address":"10504.0 81 STREET NW","assessed_value":950500},{"address":"1094.0 MILLBOURNE ROAD EAST NW","assessed_value":193500},{"address":"nan nan","assessed_value":0},{"address":"9122.0 77 AVENUE NW","assessed_value":401500},{"address":"7204.0 86 AVENUE NW","assessed_value":411500},{"address":"8703.0 64 AVENUE NW","assessed_value":365500},{"address":"9807.0 84 STREET NW","assessed_value":497500},{"address":"8104.0 44 AVENUE NW","assessed_value":448500},{"address":"8903.0 80 AVENUE NW","assessed_value":333000},{"address":"2008.0 55 STREET NW","assessed_value":330000},{"address":"1696.0 LAKEWOOD ROAD SOUTH NW","assessed_value":173500},{"address":"1408.0 62 STREET NW","assessed_value":125500},{"address":"1400.0 LAKEWOOD ROAD WEST NW","assessed_value":123500},{"address":"6607.0 92A AVENUE NW","assessed_value":578000},{"address":"10527.0 80 STREET NW","assessed_value":422500},{"address":"300.0 LEE RIDGE ROAD NW","assessed_value":394000},{"address":"4612.0 102A AVENUE NW","assessed_value":450000},{"address":"552.0 KNOTTWOOD ROAD WEST NW","assessed_value":570000},{"address":"8731.0 83 AVENUE NW","assessed_value":358000},{"address":"10657.0 ST GABRIEL SCHOOL ROAD NW","assessed_value":430500},{"address":"122.0 RICHFIELD ROAD NW","assessed_value":303000},{"address":"7155.0 87 STREET NW","assessed_value":577000},{"address":"7120.0 10 AVENUE NW","assessed_value":433500},{"address":"10208.0 48 STREET NW","assessed_value":402000},{"address":"894.0 LEE RIDGE ROAD NW","assessed_value":179000},{"address":"4231.0 85 STREET NW","assessed_value":273500},{"address":"9250.0 74 STREET NW","assessed_value":570000},{"address":"1976.0 68 STREET NW","assessed_value":403000},{"address":"2009.0 68 STREET NW","assessed_value":1000},{"address":"10671.0 65 STREET NW","assessed_value":429000},{"address":"6408.0 93 STREET NW","assessed_value":537500},{"address":"672.0 KNOTTWOOD ROAD WEST NW","assessed_value":270500},{"address":"9707.0 63 AVENUE NW","assessed_value":1035000},{"address":"7712.0 86 AVENUE NW","assessed_value":618500},{"address":"8120.0 24 AVENUE NW","assessed_value":442500},{"address":"1390.0 KNOTTWOOD ROAD EAST NW","assessed_value":295000},{"address":"6907.0 32 AVENUE NW","assessed_value":377000},{"address":"7815.0 103 AVENUE NW","assessed_value":525500},{"address":"8715.0 22 AVENUE NW","assessed_value":369500},{"address":"9811.0 82 STREET NW","assessed_value":477500},{"address":"8628.0 79 STREET NW","assessed_value":1011500},{"address":"10695.0 61 STREET NW","assessed_value":449000},{"address":"1627.0 KNOTTWOOD ROAD NORTH NW","assessed_value":277000},{"address":"9643.0 72 AVENUE NW","assessed_value":354500},{"address":"7336.0 75 STREET NW","assessed_value":317500},{"address":"10508.0 75 STREET NW","assessed_value":436000},{"address":"8111.0 93A AVENUE NW","assessed_value":413000},{"address":"9255.0 74 STREET NW","assessed_value":441500},{"address":"9583.0 85 STREET NW","assessed_value":407000},{"address":"6412.0 88 AVENUE NW","assessed_value":420500},{"address":"6723.0 22 AVENUE NW","assessed_value":437000},{"address":"7005.0 12 AVENUE NW","assessed_value":425000},{"address":"8903.0 92 AVENUE NW","assessed_value":448000},{"address":"7640.0 88 AVENUE NW","assessed_value":385500},{"address":"9925.0 62 AVENUE NW","assessed_value":2820500},{"address":"6907.0 98A AVENUE NW","assessed_value":454000},{"address":"9855.0 73 AVENUE NW","assessed_value":328000},{"address":"5905.0 97 STREET NW","assessed_value":1242000},{"address":"864.0 KNOTTWOOD ROAD SOUTH NW","assessed_value":370500},{"address":"5308.0 109 AVENUE NW","assessed_value":515000},{"address":"9419.0 52 STREET NW","assessed_value":419000},{"address":"5604.0 92C AVENUE NW","assessed_value":315000},{"address":"1920.0 65 STREET NW","assessed_value":409000},{"address":"8005.0 22 AVENUE NW","assessed_value":363000},{"address":"8815.0 88 AVENUE NW","assessed_value":855000},{"address":"1617.0 KNOTTWOOD ROAD NORTH NW","assessed_value":309500},{"address":"8973.0 STRATHEARN DRIVE NW","assessed_value":487500},{"address":"3831.0 76 STREET NW","assessed_value":115000},{"address":"2141.0 78 STREET NW","assessed_value":384000},{"address":"7731.0 86 AVENUE NW","assessed_value":345500},{"address":"9703.0 75A STREET NW","assessed_value":402500},{"address":"6304.0 19 AVENUE NW","assessed_value":385000},{"address":"1025.0 LAKEWOOD ROAD NORTH NW","assessed_value":291000},{"address":"9823.0 71 STREET NW","assessed_value":409500},{"address":"7767.0 37 AVENUE NW","assessed_value":182000},{"address":"9236.0 68 STREET NW","assessed_value":456500},{"address":"10015.0 71 STREET NW","assessed_value":473500},{"address":"1809.0 65 STREET NW","assessed_value":422500},{"address":"10320.0 76 STREET NW","assessed_value":405000},{"address":"9419.0 77 STREET NW","assessed_value":506000},{"address":"7115.0 80 STREET NW","assessed_value":442000},{"address":"5612.0 93A AVENUE NW","assessed_value":331500},{"address":"8714.0 STRATHEARN DRIVE NW","assessed_value":480000},{"address":"8715.0 85 AVENUE NW","assessed_value":443000},{"address":"6007.0 86 AVENUE NW","assessed_value":422500},{"address":"9518.0 85 STREET NW","assessed_value":382000},{"address":"9027.0 60 STREET NW","assessed_value":371000},{"address":"2115.0 72 STREET NW","assessed_value":377000},{"address":"9832.0 64 AVENUE NW","assessed_value":397000},{"address":"1039.0 80 STREET NW","assessed_value":409500},{"address":"7005.0 101 AVENUE NW","assessed_value":377000},{"address":"8516.0 10 AVENUE NW","assessed_value":385500},{"address":"8916.0 76 AVENUE NW","assessed_value":480500},{"address":"771.0 LEE RIDGE ROAD NW","assessed_value":499500},{"address":"10520.0 44 STREET NW","assessed_value":438500},{"address":"2512.0 78 STREET NW","assessed_value":309000},{"address":"5312.0 97A AVENUE NW","assessed_value":377000},{"address":"9614.0 86 STREET NW","assessed_value":373000},{"address":"8427.0 29 AVENUE NW","assessed_value":125000},{"address":"9323.0 OTTEWELL ROAD NW","assessed_value":436500},{"address":"10523.0 45 STREET NW","assessed_value":353500},{"address":"3850.0 85 STREET NW","assessed_value":138500},{"address":"9421.0 83 STREET NW","assessed_value":730000},{"address":"6004.0 102A AVENUE NW","assessed_value":412500},{"address":"8812.0 38 AVENUE NW","assessed_value":404000},{"address":"9524.0 86 AVENUE NW","assessed_value":580000},{"address":"9228.0 89 STREET NW","assessed_value":949000},{"address":"7954.0 91 AVENUE NW","assessed_value":1369000},{"address":"4311.0 79 STREET NW","assessed_value":317000},{"address":"1546.0 LAKEWOOD ROAD WEST NW","assessed_value":296000},{"address":"6812.0 39 AVENUE NW","assessed_value":387500},{"address":"6910.0 105A AVENUE NW","assessed_value":490000},{"address":"303.0 RICHFIELD ROAD NW","assessed_value":351500},{"address":"7945.0 CORONET ROAD NW","assessed_value":5189500},{"address":"9828.0 71 STREET NW","assessed_value":410500},{"address":"6607.0 88 STREET NW","assessed_value":413000},{"address":"280.0 LEE RIDGE ROAD NW","assessed_value":199000},{"address":"6915.0 10 AVENUE NW","assessed_value":439000},{"address":"10630.0 81 STREET NW","assessed_value":435000},{"address":"3827.0 76 STREET NW","assessed_value":105500},{"address":"1116.0 72 STREET NW","assessed_value":462000},{"address":"4407.0 107 AVENUE NW","assessed_value":470000},{"address":"9756.0 73 AVENUE NW","assessed_value":355500},{"address":"6011.0 84 AVENUE NW","assessed_value":330000},{"address":"2120.0 78 STREET NW","assessed_value":305000},{"address":"9623.0 52 STREET NW","assessed_value":450000},{"address":"4950.0 101 AVENUE NW","assessed_value":9513000},{"address":"4531.0 106B AVENUE NW","assessed_value":432500},{"address":"7404.0 101 AVENUE NW","assessed_value":883000},{"address":"6964.0 21 AVENUE NW","assessed_value":486000},{"address":"10803.0 50 STREET NW","assessed_value":419500},{"address":"8003.0 36 AVENUE NW","assessed_value":0},{"address":"9840.0 79 STREET NW","assessed_value":684500},{"address":"8502.0 80 AVENUE NW","assessed_value":399500},{"address":"3208.0 74 STREET NW","assessed_value":362500},{"address":"7107.0 96B AVENUE NW","assessed_value":484000},{"address":"8011.0 70 AVENUE NW","assessed_value":449500},{"address":"8603.0 44 AVENUE NW","assessed_value":423500},{"address":"6804.0 43A AVENUE NW","assessed_value":425000},{"address":"8207.0 17 AVENUE NW","assessed_value":340000},{"address":"9328.0 75 AVENUE NW","assessed_value":527000},{"address":"8120.0 17 AVENUE NW","assessed_value":389000},{"address":"1033.0 MILLBOURNE ROAD EAST NW","assessed_value":250000},{"address":"6408.0 98A STREET NW","assessed_value":347500},{"address":"1812.0 75 STREET NW","assessed_value":434500},{"address":"7332.0 76 STREET NW","assessed_value":374000},{"address":"6811.0 98 AVENUE NW","assessed_value":396500},{"address":"10209.0 73 STREET NW","assessed_value":544500},{"address":"6804.0 10 AVENUE NW","assessed_value":420000},{"address":"8429.0 MILL WOODS ROAD NW","assessed_value":326500},{"address":"7619.0 89 AVENUE NW","assessed_value":372500},{"address":"7652.0 89 AVENUE NW","assessed_value":384000},{"address":"9520.0 69 AVENUE NW","assessed_value":440500},{"address":"5311.0 92 AVENUE NW","assessed_value":430000},{"address":"6404.0 93 AVENUE NW","assessed_value":489000},{"address":"9634.0 71 AVENUE NW","assessed_value":421500},{"address":"9235.0 77 STREET NW","assessed_value":874000},{"address":"1034.0 88 STREET NW","assessed_value":369000},{"address":"7404.0 18 AVENUE NW","assessed_value":373000},{"address":"2113.0 85 STREET NW","assessed_value":375500},{"address":"6007.0 102A AVENUE NW","assessed_value":398000},{"address":"8735.0 81 AVENUE NW","assessed_value":839000},{"address":"6607.0 98 STREET NW","assessed_value":459500},{"address":"5611.0 93A AVENUE NW","assessed_value":316500},{"address":"6507.0 89 AVENUE NW","assessed_value":393500},{"address":"9511.0 57 STREET NW","assessed_value":8000},{"address":"9339.0 52 STREET NW","assessed_value":449000},{"address":"9404.0 HOLYROOD ROAD NW","assessed_value":743000},{"address":"7612.0 ROWLAND ROAD NW","assessed_value":858500},{"address":"8543.0 81 AVENUE NW","assessed_value":775500},{"address":"8019.0 86 AVENUE NW","assessed_value":385000},{"address":"7741.0 83 AVENUE NW","assessed_value":434500},{"address":"9727.0 70 AVENUE NW","assessed_value":377000},{"address":"105.0 LEE RIDGE ROAD NW","assessed_value":144000},{"address":"4603.0 104 AVENUE NW","assessed_value":451500},{"address":"335.0 LEE RIDGE ROAD NW","assessed_value":364000},{"address":"8036.0 ARGYLL ROAD NW","assessed_value":328000},{"address":"10515.0 52 STREET NW","assessed_value":435500},{"address":"10666.0 52 STREET NW","assessed_value":556000},{"address":"7932.0 91 AVENUE NW","assessed_value":537000},{"address":"3217.0 71 STREET NW","assessed_value":260500},{"address":"7320.0 86 AVENUE NW","assessed_value":411000},{"address":"6827.0 39 AVENUE NW","assessed_value":458500},{"address":"3424.0 79 STREET NW","assessed_value":368000},{"address":"7703.0 15 AVENUE NW","assessed_value":375500},{"address":"9307.0 75 STREET NW","assessed_value":338500},{"address":"5210.0 99 STREET NW","assessed_value":3138500},{"address":"7216.0 83 STREET NW","assessed_value":377000},{"address":"6603.0 36A AVENUE NW","assessed_value":187500},{"address":"8327.0 81 AVENUE NW","assessed_value":372500},{"address":"2619.0 83 STREET NW","assessed_value":362000},{"address":"7811.0 93 STREET NW","assessed_value":491000},{"address":"10229.0 81 STREET NW","assessed_value":494500},{"address":"7613.0 91 AVENUE NW","assessed_value":399500},{"address":"10769.0 65 STREET NW","assessed_value":500},{"address":"8703.0 40 AVENUE NW","assessed_value":390500},{"address":"4015.0 86 STREET NW","assessed_value":467000},{"address":"3056.0 79 STREET NW","assessed_value":479000},{"address":"9130.0 72 AVENUE NW","assessed_value":429000},{"address":"6820.0 90 AVENUE NW","assessed_value":914000},{"address":"7511.0 36B AVENUE NW","assessed_value":278000},{"address":"10663.0 HARDISTY DRIVE NW","assessed_value":608500},{"address":"7902.0 83 AVENUE NW","assessed_value":403000},{"address":"6103.0 97A AVENUE NW","assessed_value":538000},{"address":"9841.0 74 AVENUE NW","assessed_value":391000},{"address":"10623.0 80 STREET NW","assessed_value":489500},{"address":"6716.0 39 AVENUE NW","assessed_value":381500},{"address":"3303.0 PARSONS ROAD NW","assessed_value":1849000},{"address":"1318.0 LAKEWOOD ROAD WEST NW","assessed_value":169000},{"address":"9814.0 79 STREET NW","assessed_value":471500},{"address":"1330.0 72 STREET NW","assessed_value":358000},{"address":"3431.0 79 STREET NW","assessed_value":350000},{"address":"10651.0 59 STREET NW","assessed_value":449500},{"address":"5712.0 AUSTIN O'BRIEN ROAD NW","assessed_value":459500},{"address":"1031.0 77 STREET NW","assessed_value":381500},{"address":"10450.0 83 STREET NW","assessed_value":427500},{"address":"8521.0 98 AVENUE NW","assessed_value":69000},{"address":"5.0 LAKEWOOD VILLAGE NW","assessed_value":187000},{"address":"8910.0 94 AVENUE NW","assessed_value":372500},{"address":"8128.0 84 AVENUE NW","assessed_value":370500},{"address":"8024.0 70 AVENUE NW","assessed_value":497500},{"address":"5703.0 105A AVENUE NW","assessed_value":443500},{"address":"7611.0 40 AVENUE NW","assessed_value":178500},{"address":"4332.0 74 STREET NW","assessed_value":407000},{"address":"9740.0 54 AVENUE NW","assessed_value":4239500},{"address":"8535.0 74 AVENUE NW","assessed_value":486000},{"address":"5308.0 104 AVENUE NW","assessed_value":398500},{"address":"996.0 KNOTTWOOD ROAD SOUTH NW","assessed_value":142000},{"address":"9113.0 OTTEWELL ROAD NW","assessed_value":283500},{"address":"7611.0 73 AVENUE NW","assessed_value":482000},{"address":"7516.0 89 STREET NW","assessed_value":495000},{"address":"14.0 TWIN TERRACE NW","assessed_value":191000},{"address":"6816.0 94B AVENUE NW","assessed_value":426000},{"address":"6319.0 14 AVENUE NW","assessed_value":335000},{"address":"7531.0 76 AVENUE NW","assessed_value":382500},{"address":"5803.0 87 AVENUE NW","assessed_value":500},{"address":"642.0 LAKEWOOD ROAD NORTH NW","assessed_value":190000},{"address":"1376.0 LAKEWOOD ROAD WEST NW","assessed_value":202500},{"address":"8508.0 35A AVENUE NW","assessed_value":403500},{"address":"9524.0 57 STREET NW","assessed_value":434000},{"address":"1224.0 78 STREET NW","assessed_value":399000},{"address":"7716.0 78 AVENUE NW","assessed_value":390500},{"address":"7019.0 83 STREET NW","assessed_value":344500},{"address":"5111.0 103 AVENUE NW","assessed_value":395000},{"address":"7711.0 106A AVENUE NW","assessed_value":432500},{"address":"6808.0 86 STREET NW","assessed_value":379500},{"address":"3448.0 87 STREET NW","assessed_value":388000},{"address":"8544.0 83 AVENUE NW","assessed_value":838500},{"address":"2024.0 57 STREET NW","assessed_value":188500},{"address":"7334.0 21 AVENUE NW","assessed_value":420000},{"address":"63.0 EKOTA CRESCENT NW","assessed_value":423000},{"address":"6303.0 87 AVENUE NW","assessed_value":388500},{"address":"4819.0 109 AVENUE NW","assessed_value":518500},{"address":"7751.0 80 AVENUE NW","assessed_value":411500},{"address":"9335.0 64 AVENUE NW","assessed_value":371500},{"address":"9849.0 68 AVENUE NW","assessed_value":839500},{"address":"8342.0 79 AVENUE NW","assessed_value":425000},{"address":"1752.0 61 STREET NW","assessed_value":274500},{"address":"1743.0 61 STREET NW","assessed_value":298000},{"address":"5904.0 105A AVENUE NW","assessed_value":486000},{"address":"8714.0 26 AVENUE NW","assessed_value":4500},{"address":"9264.0 77 STREET NW","assessed_value":442500},{"address":"940.0 LAKEWOOD ROAD NORTH NW","assessed_value":191000},{"address":"7107.0 93 AVENUE NW","assessed_value":543500},{"address":"7112.0 95 AVENUE NW","assessed_value":457000},{"address":"922.0 MILLBOURNE ROAD EAST NW","assessed_value":222000},{"address":"8504.0 35 AVENUE NW","assessed_value":350000},{"address":"2632.0 89 STREET NW","assessed_value":321000},{"address":"7315.0 95 AVENUE NW","assessed_value":408000},{"address":"6404.0 82 AVENUE NW","assessed_value":2067500},{"address":"10536.0 45 STREET NW","assessed_value":412500},{"address":"8605.0 63 AVENUE NW","assessed_value":3692500},{"address":"10316.0 79 STREET NW","assessed_value":408500},{"address":"7011.0 93 AVENUE NW","assessed_value":397000},{"address":"1039.0 73 STREET NW","assessed_value":479500},{"address":"6608.0 92A AVENUE NW","assessed_value":471000},{"address":"4007.0 105 AVENUE NW","assessed_value":408500},{"address":"1685.0 LAKEWOOD ROAD SOUTH NW","assessed_value":160500},{"address":"8756.0 80 AVENUE NW","assessed_value":335000},{"address":"6408.0 19 AVENUE NW","assessed_value":370500},{"address":"7315.0 ROWLAND ROAD NW","assessed_value":737500},{"address":"1735.0 61 STREET NW","assessed_value":426000},{"address":"9137.0 83 AVENUE NW","assessed_value":342000},{"address":"7939.0 92 AVENUE NW","assessed_value":393500},{"address":"9312.0 66 AVENUE NW","assessed_value":438000},{"address":"10236.0 45 STREET NW","assessed_value":383500},{"address":"7708.0 82 AVENUE NW","assessed_value":371000},{"address":"9616.0 74 AVENUE NW","assessed_value":506500},{"address":"9562.0 81 STREET NW","assessed_value":441500},{"address":"9261.0 87 STREET NW","assessed_value":442500},{"address":"1814.0 51 STREET NW","assessed_value":413500},{"address":"3035.0 79 STREET NW","assessed_value":414500},{"address":"8532.0 CONNORS ROAD NW","assessed_value":406000},{"address":"6004.0 86 AVENUE NW","assessed_value":457000},{"address":"7404.0 82 STREET NW","assessed_value":404500},{"address":"9714.0 75 AVENUE NW","assessed_value":862000},{"address":"7225.0 95 STREET NW","assessed_value":381500},{"address":"6720.0 95 AVENUE NW","assessed_value":401500},{"address":"8843.0 40 AVENUE NW","assessed_value":435500},{"address":"1153.0 75 STREET NW","assessed_value":451000},{"address":"10707.0 67 STREET NW","assessed_value":424500},{"address":"7013.0 32 AVENUE NW","assessed_value":188000},{"address":"996.0 KNOTTWOOD ROAD SOUTH NW","assessed_value":138000},{"address":"6607.0 94B AVENUE NW","assessed_value":528000},{"address":"8544.0 64 AVENUE NW","assessed_value":401000},{"address":"1510.0 69 STREET NW","assessed_value":165500},{"address":"2105.0 54 STREET NW","assessed_value":341000},{"address":"8520.0 38A AVENUE NW","assessed_value":109500},{"address":"7560.0 79 AVENUE NW","assessed_value":426000},{"address":"8611.0 95 AVENUE NW","assessed_value":363500},{"address":"7913.0 71 AVENUE NW","assessed_value":8500},{"address":"1834.0 75 STREET NW","assessed_value":389000},{"address":"5603.0 92A AVENUE NW","assessed_value":605500},{"address":"6924.0 41A AVENUE NW","assessed_value":399500},{"address":"10146.0 81 STREET NW","assessed_value":430000},{"address":"4204.0 105B AVENUE NW","assessed_value":388500},{"address":"8712.0 64 STREET NW","assessed_value":429000},{"address":"6056.0 MILL WOODS ROAD SOUTH NW","assessed_value":173500},{"address":"7224.0 98A AVENUE NW","assessed_value":408500},{"address":"180.0 MILLBOURNE ROAD EAST NW","assessed_value":291500},{"address":"623.0 KNOTTWOOD ROAD WEST NW","assessed_value":185500},{"address":"6623.0 97 AVENUE NW","assessed_value":478000},{"address":"10226.0 80 STREET NW","assessed_value":567500},{"address":"6008.0 97 STREET NW","assessed_value":1256500},{"address":"7108.0 100 AVENUE NW","assessed_value":376000},{"address":"1023.0 77 STREET NW","assessed_value":360500},{"address":"10530.0 77 STREET NW","assessed_value":459000},{"address":"6512.0 12 AVENUE NW","assessed_value":305000},{"address":"1456.0 LAKEWOOD ROAD WEST NW","assessed_value":120000},{"address":"1707.0 85 STREET NW","assessed_value":393500},{"address":"7711.0 95 AVENUE NW","assessed_value":363500},{"address":"8811.0 91 STREET NW","assessed_value":820000},{"address":"8717.0 CONNORS ROAD NW","assessed_value":474000},{"address":"8517.0 83 AVENUE NW","assessed_value":435000},{"address":"5703.0 94B AVENUE NW","assessed_value":462000},{"address":"1312.0 62 STREET NW","assessed_value":335500},{"address":"1531.0 69 STREET NW","assessed_value":458000},{"address":"3120.0 85 STREET NW","assessed_value":403000},{"address":"8111.0 77 AVENUE NW","assessed_value":346000},{"address":"67.0 LAKEWOOD VILLAGE NW","assessed_value":186000},{"address":"9503.0 72 AVENUE NW","assessed_value":342500},{"address":"7913.0 22 AVENUE NW","assessed_value":385500},{"address":"2943.0 89 STREET NW","assessed_value":459000},{"address":"9311.0 87 AVENUE NW","assessed_value":839500},{"address":"6831.0 90 AVENUE NW","assessed_value":380500},{"address":"8311.0 42 AVENUE NW","assessed_value":359000},{"address":"7223.0 101 AVENUE NW","assessed_value":1694500},{"address":"6608.0 108 AVENUE NW","assessed_value":518000},{"address":"6731.0 87 STREET NW","assessed_value":413000},{"address":"7111.0 85 STREET NW","assessed_value":405500},{"address":"4312.0 83 STREET NW","assessed_value":405500},{"address":"10530.0 81 STREET NW","assessed_value":402000},{"address":"10715.0 48 STREET NW","assessed_value":457000},{"address":"4312.0 104 AVENUE NW","assessed_value":666000},{"address":"4204.0 86 STREET NW","assessed_value":503500},{"address":"6312.0 17 AVENUE NW","assessed_value":444000},{"address":"7131.0 87 STREET NW","assessed_value":471500},{"address":"9128.0 83 STREET NW","assessed_value":387000},{"address":"8750.0 81 AVENUE NW","assessed_value":399000},{"address":"6507.0 95 AVENUE NW","assessed_value":444000},{"address":"10524.0 50A STREET NW","assessed_value":369000},{"address":"1667.0 LAKEWOOD ROAD SOUTH NW","assessed_value":171500},{"address":"7324.0 100 AVENUE NW","assessed_value":429000},{"address":"7520.0 10 AVENUE NW","assessed_value":394500},{"address":"3932.0 87 STREET NW","assessed_value":410000},{"address":"1808.0 54 STREET NW","assessed_value":379500},{"address":"9224.0 56 STREET NW","assessed_value":472500},{"address":"7923.0 24 AVENUE NW","assessed_value":357500},{"address":"9904.0 71 STREET NW","assessed_value":385500},{"address":"4024.0 86 STREET NW","assessed_value":376500},{"address":"7215.0 98A AVENUE NW","assessed_value":445000},{"address":"6918.0 11 AVENUE NW","assessed_value":492000},{"address":"10231.0 63A STREET NW","assessed_value":455000},{"address":"9307.0 83 STREET NW","assessed_value":544000},{"address":"318.0 LEE RIDGE ROAD NW","assessed_value":392500},{"address":"7727.0 78 AVENUE NW","assessed_value":428000},{"address":"4408.0 105 AVENUE NW","assessed_value":350500},{"address":"2628.0 83 STREET NW","assessed_value":449000},{"address":"6804.0 88 AVENUE NW","assessed_value":480500},{"address":"7720.0 85 AVENUE NW","assessed_value":368000},{"address":"10311.0 79 STREET NW","assessed_value":425500},{"address":"7304.0 MILL WOODS ROAD SOUTH NW","assessed_value":175500},{"address":"7014.0 MILL WOODS ROAD SOUTH NW","assessed_value":195500},{"address":"9227.0 79 STREET NW","assessed_value":473000},{"address":"9904.0 83 STREET NW","assessed_value":523000},{"address":"734.0 LEE RIDGE ROAD NW","assessed_value":398500},{"address":"5304.0 103 AVENUE NW","assessed_value":539500},{"address":"1434.0 LAKEWOOD ROAD WEST NW","assessed_value":125000},{"address":"8804.0 95 AVENUE NW","assessed_value":2478500},{"address":"10517.0 82 STREET NW","assessed_value":341500},{"address":"6031.0 88 STREET NW","assessed_value":2467500},{"address":"1315.0 80 STREET NW","assessed_value":386000},{"address":"8620.0 37 AVENUE NW","assessed_value":410000},{"address":"331.0 KNOTTWOOD ROAD NORTH NW","assessed_value":341500},{"address":"1011.0 77 STREET NW","assessed_value":379500},{"address":"4719.0 103 AVENUE NW","assessed_value":430500},{"address":"303.0 LEE RIDGE ROAD NW","assessed_value":429000},{"address":"6208.0 92B AVENUE NW","assessed_value":448000},{"address":"8202.0 93A AVENUE NW","assessed_value":416500},{"address":"8515.0 74 AVENUE NW","assessed_value":416500},{"address":"8751.0 STRATHEARN CRESCENT NW","assessed_value":2895000},{"address":"7909.0 24 AVENUE NW","assessed_value":386000},{"address":"9212.0 75 STREET NW","assessed_value":392500},{"address":"1386.0 LAKEWOOD ROAD WEST NW","assessed_value":128500},{"address":"255.0 LEE RIDGE ROAD NW","assessed_value":192500},{"address":"725.0 LEE RIDGE ROAD NW","assessed_value":388000},{"address":"9011.0 56 STREET NW","assessed_value":486500},{"address":"1512.0 74 STREET NW","assessed_value":413000},{"address":"6408.0 13 AVENUE NW","assessed_value":365000},{"address":"7516.0 80 STREET NW","assessed_value":421500},{"address":"9510.0 81 STREET NW","assessed_value":424000},{"address":"2119.0 79 STREET NW","assessed_value":393500},{"address":"9019.0 91 STREET NW","assessed_value":400500},{"address":"1139.0 75 STREET NW","assessed_value":377500},{"address":"9419.0 OTTEWELL ROAD NW","assessed_value":413000},{"address":"2019.0 82 STREET NW","assessed_value":329000},{"address":"8112.0 29 AVENUE NW","assessed_value":406000},{"address":"4303.0 107 AVENUE NW","assessed_value":737000},{"address":"6604.0 95 AVENUE NW","assessed_value":476500},{"address":"4236.0 70 STREET NW","assessed_value":379000},{"address":"6008.0 92A AVENUE NW","assessed_value":603500},{"address":"210.0 MILLBOURNE ROAD EAST NW","assessed_value":47500},{"address":"352.0 RICHFIELD ROAD NW","assessed_value":351000},{"address":"7415.0 41 AVENUE NW","assessed_value":380500},{"address":"8508.0 74 AVENUE NW","assessed_value":431500},{"address":"4319.0 105 AVENUE NW","assessed_value":350500},{"address":"8503.0 27 AVENUE NW","assessed_value":430500},{"address":"7108.0 39A AVENUE NW","assessed_value":477500},{"address":"9802.0 73 AVENUE NW","assessed_value":909500},{"address":"9831.0 79 STREET NW","assessed_value":412500},{"address":"7951.0 91 AVENUE NW","assessed_value":508500},{"address":"6104.0 94 AVENUE NW","assessed_value":437500},{"address":"8129.0 83 AVENUE NW","assessed_value":645000},{"address":"7833.0 26 AVENUE NW","assessed_value":451000},{"address":"nan nan","assessed_value":39000},{"address":"7648.0 42 AVENUE NW","assessed_value":388500},{"address":"9204.0 76 STREET NW","assessed_value":448000},{"address":"7556.0 10 AVENUE NW","assessed_value":460500},{"address":"7411.0 81 STREET NW","assessed_value":434000},{"address":"4819.0 106A AVENUE NW","assessed_value":437500},{"address":"319.0 LEE RIDGE ROAD NW","assessed_value":409000},{"address":"7319.0 84 AVENUE NW","assessed_value":472500},{"address":"10423.0 82 STREET NW","assessed_value":440500},{"address":"5812.0 92 AVENUE NW","assessed_value":444000},{"address":"1068.0 LAKEWOOD ROAD NORTH NW","assessed_value":205500},{"address":"8303.0 36 AVENUE NW","assessed_value":342500},{"address":"8808.0 25A AVENUE NW","assessed_value":335000},{"address":"9107.0 75 AVENUE NW","assessed_value":568500},{"address":"2128.0 85 STREET NW","assessed_value":354000},{"address":"6608.0 19 AVENUE NW","assessed_value":141000},{"address":"9735.0 65 AVENUE NW","assessed_value":392000},{"address":"9512.0 AUSTIN O'BRIEN ROAD NW","assessed_value":446500},{"address":"1133.0 KNOTTWOOD ROAD EAST NW","assessed_value":168500},{"address":"8123.0 34A AVENUE NW","assessed_value":347500},{"address":"890.0 MILLBOURNE ROAD EAST NW","assessed_value":202500},{"address":"8711.0 24 AVENUE NW","assessed_value":510000},{"address":"9140.0 71 AVENUE NW","assessed_value":554500},{"address":"8520.0 87 STREET NW","assessed_value":457000},{"address":"6715.0 33 AVENUE NW","assessed_value":309500},{"address":"6739.0 31 AVENUE NW","assessed_value":445000},{"address":"8762.0 97 AVENUE NW","assessed_value":390500},{"address":"7016.0 40 AVENUE NW","assessed_value":392500},{"address":"9120.0 78 AVENUE NW","assessed_value":954500},{"address":"8107.0 101 AVENUE NW","assessed_value":469000},{"address":"2325.0 85 STREET NW","assessed_value":173000},{"address":"8115.0 82 AVENUE NW","assessed_value":318500},{"address":"9739.0 66 AVENUE NW","assessed_value":496500},{"address":"8655.0 77 STREET NW","assessed_value":365500},{"address":"694.0 LEE RIDGE ROAD NW","assessed_value":411000},{"address":"5903.0 94B AVENUE NW","assessed_value":399000},{"address":"9725.0 68 AVENUE NW","assessed_value":433000},{"address":"2108.0 53 STREET NW","assessed_value":319000},{"address":"1800.0 LAKEWOOD ROAD SOUTH NW","assessed_value":171500},{"address":"9629.0 68A STREET NW","assessed_value":519000},{"address":"9744.0 66 AVENUE NW","assessed_value":448000},{"address":"9611.0 OTTEWELL ROAD NW","assessed_value":477000},{"address":"767.0 KNOTTWOOD ROAD SOUTH NW","assessed_value":336000},{"address":"10143.0 72 STREET NW","assessed_value":304500},{"address":"5807.0 105A AVENUE NW","assessed_value":459000},{"address":"8010.0 75 STREET NW","assessed_value":334000},{"address":"4811.0 103 AVENUE NW","assessed_value":369000},{"address":"8016.0 95 AVENUE NW","assessed_value":5218500},{"address":"6109.0 84 AVENUE NW","assessed_value":338500},{"address":"8926.0 81 AVENUE NW","assessed_value":354500},{"address":"10727.0 69 STREET NW","assessed_value":673000},{"address":"7412.0 38 AVENUE NW","assessed_value":107500},{"address":"6516.0 12 AVENUE NW","assessed_value":88500},{"address":"221.0 LEE RIDGE ROAD NW","assessed_value":203000},{"address":"10639.0 83 STREET NW","assessed_value":6000},{"address":"647.0 LEE RIDGE ROAD NW","assessed_value":471000},{"address":"9650.0 71 AVENUE NW","assessed_value":369000},{"address":"10539.0 45 STREET NW","assessed_value":362500},{"address":"7931.0 70 AVENUE NW","assessed_value":423500},{"address":"7007.0 94 AVENUE NW","assessed_value":425500},{"address":"7510.0 80 AVENUE NW","assessed_value":1660000},{"address":"1509.0 69 STREET NW","assessed_value":415000},{"address":"7704.0 71 AVENUE NW","assessed_value":443000},{"address":"1424.0 70 STREET NW","assessed_value":407500},{"address":"8353.0 82 AVENUE NW","assessed_value":321000},{"address":"6739.0 29 AVENUE NW","assessed_value":398000},{"address":"7929.0 82 AVENUE NW","assessed_value":1184500},{"address":"nan nan","assessed_value":5000},{"address":"8811.0 42 AVENUE NW","assessed_value":390500},{"address":"8332.0 77 AVENUE NW","assessed_value":501500},{"address":"7607.0 40 AVENUE NW","assessed_value":178500},{"address":"6412.0 103A AVENUE NW","assessed_value":475000},{"address":"6104.0 90 AVENUE NW","assessed_value":20849500},{"address":"8927.0 77 AVENUE NW","assessed_value":482000},{"address":"7252.0 MILL WOODS ROAD SOUTH NW","assessed_value":187500},{"address":"4316.0 73 STREET NW","assessed_value":425500},{"address":"2523.0 79 STREET NW","assessed_value":385500},{"address":"10156.0 39 AVENUE NW","assessed_value":202500},{"address":"6519.0 HARDISTY DRIVE NW","assessed_value":500},{"address":"nan nan","assessed_value":0},{"address":"9119.0 74 STREET NW","assessed_value":535000},{"address":"5211.0 90 AVENUE NW","assessed_value":402500},{"address":"7320.0 ROWLAND ROAD NW","assessed_value":762000},{"address":"5312.0 89 AVENUE NW","assessed_value":375000},{"address":"6070.0 MILL WOODS ROAD SOUTH NW","assessed_value":178000},{"address":"1827.0 65 STREET NW","assessed_value":433500},{"address":"7307.0 98A AVENUE NW","assessed_value":458500},{"address":"8604.0 56 STREET NW","assessed_value":413000},{"address":"7807.0 71 AVENUE NW","assessed_value":425000},{"address":"10433.0 79 STREET NW","assessed_value":553500},{"address":"9604.0 51 AVENUE NW","assessed_value":3147000},{"address":"9323.0 52 STREET NW","assessed_value":457500},{"address":"8812.0 18 AVENUE NW","assessed_value":555500},{"address":"1212.0 65 STREET NW","assessed_value":375000},{"address":"1546.0 69 STREET NW","assessed_value":165500},{"address":"8536.0 84 AVENUE NW","assessed_value":595500},{"address":"3935.0 67 STREET NW","assessed_value":443500},{"address":"2147.0 78 STREET NW","assessed_value":394500},{"address":"6819.0 40 AVENUE NW","assessed_value":365000},{"address":"502.0 LEE RIDGE ROAD NW","assessed_value":142500},{"address":"1166.0 68 STREET NW","assessed_value":405000},{"address":"2024.0 57 STREET NW","assessed_value":196500},{"address":"10407.0 69 STREET NW","assessed_value":455500},{"address":"7719.0 86 AVENUE NW","assessed_value":392500},{"address":"6305.0 90 AVENUE NW","assessed_value":323000},{"address":"6820.0 86 AVENUE NW","assessed_value":408500},{"address":"8722.0 26 AVENUE NW","assessed_value":380000},{"address":"8613.0 39B AVENUE NW","assessed_value":384500},{"address":"9130.0 82 AVENUE NW","assessed_value":2068500},{"address":"9524.0 69A STREET NW","assessed_value":454000},{"address":"7320.0 84 AVENUE NW","assessed_value":399500},{"address":"6511.0 93 STREET NW","assessed_value":399500},{"address":"7956.0 78 AVENUE NW","assessed_value":337000},{"address":"4811.0 104A AVENUE NW","assessed_value":387500},{"address":"2424.0 83 STREET NW","assessed_value":385500},{"address":"4804.0 109A AVENUE NW","assessed_value":473000},{"address":"4307.0 104A AVENUE NW","assessed_value":462000},{"address":"4708.0 106 AVENUE NW","assessed_value":484000},{"address":"9703.0 75 STREET NW","assessed_value":353500},{"address":"3526.0 78 STREET NW","assessed_value":299500},{"address":"9044.0 92 STREET NW","assessed_value":817500},{"address":"10708.0 52 STREET NW","assessed_value":468000},{"address":"8528.0 67 AVENUE NW","assessed_value":432500},{"address":"178.0 LEE RIDGE ROAD NW","assessed_value":150500},{"address":"10320.0 48 STREET NW","assessed_value":484500},{"address":"6808.0 11 AVENUE NW","assessed_value":389000},{"address":"5204.0 92 AVENUE NW","assessed_value":398000},{"address":"663.0 MILLBOURNE ROAD EAST NW","assessed_value":180500},{"address":"8318.0 81 AVENUE NW","assessed_value":485000},{"address":"4808.0 104A AVENUE NW","assessed_value":454000},{"address":"8509.0 CONNORS ROAD NW","assessed_value":449500},{"address":"6415.0 17 AVENUE NW","assessed_value":424500},{"address":"1598.0 69 STREET NW","assessed_value":166000},{"address":"7020.0 81 STREET NW","assessed_value":394500},{"address":"5507.0 91 AVENUE NW","assessed_value":409500},{"address":"7509.0 73 AVENUE NW","assessed_value":423500},{"address":"5704.0 MILL WOODS ROAD SOUTH NW","assessed_value":2563000},{"address":"1943.0 73 STREET NW","assessed_value":156500},{"address":"10715.0 50 STREET NW","assessed_value":399000},{"address":"2907.0 68 STREET NW","assessed_value":396500},{"address":"8730.0 53 AVENUE NW","assessed_value":1740000},{"address":"8504.0 68A STREET NW","assessed_value":439500},{"address":"8005.0 27 AVENUE NW","assessed_value":166000},{"address":"1460.0 KNOTTWOOD ROAD EAST NW","assessed_value":416000},{"address":"9529.0 74 AVENUE NW","assessed_value":391500},{"address":"7931.0 89 AVENUE NW","assessed_value":447500},{"address":"9651.0 73 AVENUE NW","assessed_value":370000},{"address":"171.0 LEE RIDGE ROAD NW","assessed_value":181500},{"address":"8103.0 17 AVENUE NW","assessed_value":316500},{"address":"10756.0 65 STREET NW","assessed_value":697000},{"address":"10639.0 76 STREET NW","assessed_value":479000},{"address":"10571.0 40 STREET NW","assessed_value":371000},{"address":"3841.0 85 STREET NW","assessed_value":268000},{"address":"8719.0 81 AVENUE NW","assessed_value":430000},{"address":"10555.0 42 STREET NW","assessed_value":385500},{"address":"9232.0 72 STREET NW","assessed_value":441500},{"address":"1680.0 LAKEWOOD ROAD SOUTH NW","assessed_value":211000},{"address":"9531.0 74 STREET NW","assessed_value":443500},{"address":"10151.0 81 STREET NW","assessed_value":728000},{"address":"10544.0 48 STREET NW","assessed_value":371500},{"address":"7103.0 80 STREET NW","assessed_value":460000},{"address":"2028.0 82 STREET NW","assessed_value":440500},{"address":"7624.0 88 AVENUE NW","assessed_value":349500},{"address":"6806.0 36A AVENUE NW","assessed_value":216500},{"address":"4230.0 85 STREET NW","assessed_value":405000},{"address":"6106.0 80 STREET NW","assessed_value":2024000},{"address":"10737.0 ST GABRIEL SCHOOL ROAD NW","assessed_value":458000},{"address":"10004.0 29A AVENUE NW","assessed_value":6287000},{"address":"9935.0 76 STREET NW","assessed_value":436500},{"address":"7712.0 75 STREET NW","assessed_value":360500},{"address":"10547.0 42 STREET NW","assessed_value":365500},{"address":"8719.0 92B AVENUE NW","assessed_value":480000},{"address":"9526.0 90 STREET NW","assessed_value":467000},{"address":"9308.0 83 STREET NW","assessed_value":400000},{"address":"2021.0 MILLBOURNE ROAD WEST NW","assessed_value":2559000},{"address":"10003.0 71 STREET NW","assessed_value":420000},{"address":"1550.0 LAKEWOOD ROAD WEST NW","assessed_value":368500},{"address":"10003.0 82 STREET NW","assessed_value":423500},{"address":"6927.0 85 STREET NW","assessed_value":597500},{"address":"6428.0 84 STREET NW","assessed_value":467500},{"address":"6716.0 87 STREET NW","assessed_value":491500},{"address":"10130.0 62 STREET NW","assessed_value":489000},{"address":"3436.0 78 STREET NW","assessed_value":336500},{"address":"6720.0 94A AVENUE NW","assessed_value":440000},{"address":"7128.0 80 STREET NW","assessed_value":374000},{"address":"4007.0 106B AVENUE NW","assessed_value":522500},{"address":"5411.0 90 AVENUE NW","assessed_value":393500},{"address":"4108.0 105 AVENUE NW","assessed_value":385000},{"address":"1012.0 80 STREET NW","assessed_value":376500},{"address":"188.0 LEE RIDGE ROAD NW","assessed_value":229500},{"address":"10812.0 43 STREET NW","assessed_value":467000},{"address":"9530.0 74 AVENUE NW","assessed_value":514500},{"address":"8715.0 27 AVENUE NW","assessed_value":377000},{"address":"10307.0 74 STREET NW","assessed_value":716000},{"address":"8342.0 81 AVENUE NW","assessed_value":591500},{"address":"7925.0 82 AVENUE NW","assessed_value":1057000},{"address":"4603.0 103A AVENUE NW","assessed_value":384000},{"address":"224.0 RICHFIELD ROAD NW","assessed_value":262000},{"address":"2.0 LAKEWOOD VILLAGE NW","assessed_value":174500},{"address":"9431.0 75 STREET NW","assessed_value":438000},{"address":"6803.0 41 AVENUE NW","assessed_value":350000},{"address":"7708.0 75 AVENUE NW","assessed_value":436500},{"address":"5503.0 93B AVENUE NW","assessed_value":469000},{"address":"10123.0 73 STREET NW","assessed_value":438000},{"address":"7339.0 77 STREET NW","assessed_value":360000},{"address":"6904.0 36A AVENUE NW","assessed_value":527500},{"address":"6515.0 94 STREET NW","assessed_value":400000},{"address":"7816.0 24 AVENUE NW","assessed_value":371000},{"address":"6804.0 40 AVENUE NW","assessed_value":362500},{"address":"5803.0 90 AVENUE NW","assessed_value":392000},{"address":"10164.0 82 STREET NW","assessed_value":599500},{"address":"3228.0 85 STREET NW","assessed_value":430000},{"address":"1295.0 MILLBOURNE ROAD EAST NW","assessed_value":329500},{"address":"379.0 RICHFIELD ROAD NW","assessed_value":397000},{"address":"8823.0 31 AVENUE NW","assessed_value":531500},{"address":"1307.0 LAKEWOOD ROAD WEST NW","assessed_value":299500},{"address":"10505.0 60 STREET NW","assessed_value":480500},{"address":"9.0 TWIN TERRACE NW","assessed_value":179500},{"address":"10555.0 50A STREET NW","assessed_value":1764000},{"address":"9343.0 54 STREET NW","assessed_value":447500},{"address":"5912.0 92 AVENUE NW","assessed_value":455500},{"address":"8708.0 24 AVENUE NW","assessed_value":337000},{"address":"2024.0 57 STREET NW","assessed_value":185500},{"address":"7808.0 44 AVENUE NW","assessed_value":376500},{"address":"9219.0 68 STREET NW","assessed_value":478500},{"address":"7008.0 82 STREET NW","assessed_value":385000},{"address":"576.0 LAKEWOOD ROAD NORTH NW","assessed_value":195500},{"address":"7919.0 43A AVENUE NW","assessed_value":409500},{"address":"5212.0 108A AVENUE NW","assessed_value":428000},{"address":"2184.0 MILL WOODS ROAD NW","assessed_value":175500},{"address":"7723.0 84 AVENUE NW","assessed_value":380500},{"address":"682.0 LAKEWOOD ROAD NORTH NW","assessed_value":221000},{"address":"1321.0 KNOTTWOOD ROAD EAST NW","assessed_value":428000},{"address":"4270.0 91A STREET NW","assessed_value":443000},{"address":"38.0 LAKEWOOD VILLAGE NW","assessed_value":174500},{"address":"928.0 KNOTTWOOD ROAD SOUTH NW","assessed_value":364500},{"address":"9006.0 91 STREET NW","assessed_value":434500},{"address":"8407.0 42A AVENUE NW","assessed_value":380000},{"address":"2024.0 57 STREET NW","assessed_value":192000},{"address":"4615.0 106A AVENUE NW","assessed_value":513500},{"address":"7130.0 81 STREET NW","assessed_value":411500},{"address":"3443.0 71 STREET NW","assessed_value":437500},{"address":"2066.0 74 STREET NW","assessed_value":368500},{"address":"7903.0 33 AVENUE NW","assessed_value":351500},{"address":"7901.0 84 AVENUE NW","assessed_value":551000},{"address":"9315.0 63 AVENUE NW","assessed_value":1674500},{"address":"5403.0 97A AVENUE NW","assessed_value":473000},{"address":"7103.0 15 AVENUE NW","assessed_value":364000},{"address":"458.0 LEE RIDGE ROAD NW","assessed_value":141000},{"address":"8147.0 80 AVENUE NW","assessed_value":371000},{"address":"7915.0 83 AVENUE NW","assessed_value":391500},{"address":"1126.0 75 STREET NW","assessed_value":369000},{"address":"1642.0 LAKEWOOD ROAD WEST NW","assessed_value":170500},{"address":"9311.0 87 STREET NW","assessed_value":488500},{"address":"6927.0 13 AVENUE NW","assessed_value":343000},{"address":"8805.0 93 STREET NW","assessed_value":857000},{"address":"10644.0 79 STREET NW","assessed_value":517500},{"address":"9711.0 67A STREET NW","assessed_value":402500},{"address":"900.0 MILLBOURNE ROAD EAST NW","assessed_value":202500},{"address":"8911.0 88 AVENUE NW","assessed_value":594000},{"address":"9103.0 65 AVENUE NW","assessed_value":481000},{"address":"8126.0 83 AVENUE NW","assessed_value":405000},{"address":"8950.0 78 AVENUE NW","assessed_value":552500},{"address":"4632.0 104A AVENUE NW","assessed_value":400000},{"address":"2436.0 78 STREET NW","assessed_value":529000},{"address":"8662.0 77 STREET NW","assessed_value":727500},{"address":"7908.0 85 AVENUE NW","assessed_value":393500},{"address":"7725.0 37 AVENUE NW","assessed_value":187000},{"address":"7108.0 101 AVENUE NW","assessed_value":661000},{"address":"851.0 LEE RIDGE ROAD NW","assessed_value":577000},{"address":"9320.0 70 AVENUE NW","assessed_value":893000},{"address":"7304.0 77 STREET NW","assessed_value":412500},{"address":"3423.0 78 STREET NW","assessed_value":374500},{"address":"7912.0 76 AVENUE NW","assessed_value":373500},{"address":"9276.0 85 STREET NW","assessed_value":319500},{"address":"9108.0 69 STREET NW","assessed_value":503000},{"address":"1708.0 55 STREET NW","assessed_value":527000},{"address":"9754.0 71 AVENUE NW","assessed_value":350000},{"address":"9204.0 82 STREET NW","assessed_value":835500},{"address":"9353.0 91 STREET NW","assessed_value":478500},{"address":"1157.0 72 STREET NW","assessed_value":373500},{"address":"7228.0 33 AVENUE NW","assessed_value":328500},{"address":"7308.0 83 STREET NW","assessed_value":332500},{"address":"9507.0 70 AVENUE NW","assessed_value":396500},{"address":"9531.0 87 STREET NW","assessed_value":501000},{"address":"7327.0 76 STREET NW","assessed_value":390000},{"address":"7711.0 101 AVENUE NW","assessed_value":717500},{"address":"2503.0 78 STREET NW","assessed_value":347000},{"address":"8640.0 76 STREET NW","assessed_value":877000},{"address":"8515.0 77 AVENUE NW","assessed_value":385000},{"address":"6116.0 97A AVENUE NW","assessed_value":435000},{"address":"4524.0 103A AVENUE NW","assessed_value":369000},{"address":"9603.0 70 AVENUE NW","assessed_value":345000},{"address":"8755.0 STRATHEARN DRIVE NW","assessed_value":483000},{"address":"4047.0 77 STREET NW","assessed_value":417000},{"address":"10815.0 46 STREET NW","assessed_value":469000},{"address":"3444.0 86 STREET NW","assessed_value":398000},{"address":"8427.0 64 AVENUE NW","assessed_value":388500},{"address":"8407.0 71 STREET NW","assessed_value":433500},{"address":"8819.0 42A AVENUE NW","assessed_value":400500},{"address":"8404.0 MCINTYRE ROAD NW","assessed_value":1000},{"address":"6707.0 85 STREET NW","assessed_value":405500},{"address":"9860.0 74 AVENUE NW","assessed_value":429000},{"address":"8924.0 CONNORS ROAD NW","assessed_value":509000},{"address":"10639.0 61 STREET NW","assessed_value":406500},{"address":"1711.0 65 STREET NW","assessed_value":380000},{"address":"5307.0 90A AVENUE NW","assessed_value":413000},{"address":"9203.0 28 AVENUE NW","assessed_value":500},{"address":"1784.0 LAKEWOOD ROAD SOUTH NW","assessed_value":171500},{"address":"1712.0 53 STREET NW","assessed_value":392500},{"address":"214.0 MORIN MAZE NW","assessed_value":203000},{"address":"1248.0 LAKEWOOD ROAD WEST NW","assessed_value":166500},{"address":"10819.0 50 STREET NW","assessed_value":8000},{"address":"8531.0 88 AVENUE NW","assessed_value":480500}]