[{"address":"9123.0 COOPER CRESCENT SW","assessed_value":554500},{"address":"723.0 172 STREET SW","assessed_value":329000},{"address":"1804.0 16B AVENUE NW","assessed_value":789000},{"address":"nan nan","assessed_value":12000},{"address":"10238.0 103 STREET NW","assessed_value":184500},{"address":"nan nan","assessed_value":14500},{"address":"1716.0 TANAGER CLOSE NW","assessed_value":662500},{"address":"2330.0 CASEY CRESCENT SW","assessed_value":419000},{"address":"nan nan","assessed_value":12000},{"address":"2229.0 44 AVENUE NW","assessed_value":190500},{"address":"1031.0 173 STREET SW","assessed_value":153500},{"address":"12650.0 142 AVENUE NW","assessed_value":205000},{"address":"4408.0 6 STREET NW","assessed_value":445500},{"address":"415.0 CLAREVIEW ROAD NW","assessed_value":286500},{"address":"8722.0 CARSON WAY SW","assessed_value":528000},{"address":"5521.0 7 AVENUE SW","assessed_value":140500},{"address":"17328.0 76 STREET NW","assessed_value":303000},{"address":"nan nan","assessed_value":8500},{"address":"nan nan","assessed_value":12500},{"address":"9519.0 160 AVENUE NW","assessed_value":183500},{"address":"11969.0 JASPER AVENUE NW","assessed_value":1012500},{"address":"5120.0 20 AVENUE SW","assessed_value":423500},{"address":"nan nan","assessed_value":5500},{"address":"4050.0 SAVARYN DRIVE SW","assessed_value":305500},{"address":"2548.0 CASEY WAY SW","assessed_value":411500},{"address":"2026.0 WARE ROAD NW","assessed_value":754500},{"address":"4811.0 173 AVENUE NW","assessed_value":432000},{"address":"7607.0 SUMMERSIDE GRANDE BOULEVARD SW","assessed_value":606000},{"address":"708.0 39 STREET SW","assessed_value":619500},{"address":"nan nan","assessed_value":8000},{"address":"nan nan","assessed_value":12500},{"address":"nan nan","assessed_value":10500},{"address":"nan nan","assessed_value":6000},{"address":"nan nan","assessed_value":9500},{"address":"433.0 40 AVENUE NW","assessed_value":426000},{"address":"503.0 ALBANY WAY NW","assessed_value":227000},{"address":"nan nan","assessed_value":10500},{"address":"nan nan","assessed_value":12500},{"address":"nan nan","assessed_value":9000},{"address":"6921.0 JOHNNIE CAINE WAY NW","assessed_value":583000},{"address":"2268.0 CASEY CRESCENT SW","assessed_value":425500},{"address":"910.0 WOOD PLACE NW","assessed_value":768500},{"address":"nan nan","assessed_value":9500},{"address":"nan nan","assessed_value":6000},{"address":"nan nan","assessed_value":8500},{"address":"7863.0 170A AVENUE NW","assessed_value":399000},{"address":"504.0 GRIESBACH PARADE NW","assessed_value":286000},{"address":"nan nan","assessed_value":4500},{"address":"11934.0 126 STREET NW","assessed_value":379000},{"address":"12335.0 176 AVENUE NW","assessed_value":719500},{"address":"nan nan","assessed_value":10500},{"address":"2560.0 PEGASUS BOULEVARD NW","assessed_value":293000},{"address":"479.0 EBBERS WAY NW","assessed_value":400000},{"address":"3216.0 11 AVENUE NW","assessed_value":628000},{"address":"nan nan","assessed_value":9000},{"address":"nan nan","assessed_value":8000},{"address":"9606.0 71 AVENUE NW","assessed_value":518000},{"address":"nan nan","assessed_value":8000},{"address":"nan nan","assessed_value":9000},{"address":"5029.0 EDGEMONT BOULEVARD NW","assessed_value":358000},{"address":"nan nan","assessed_value":11000},{"address":"10226.0 104 STREET NW","assessed_value":197000},{"address":"2276.0 GLENRIDDING BOULEVARD SW","assessed_value":379000},{"address":"nan nan","assessed_value":8500},{"address":"nan nan","assessed_value":4500},{"address":"nan nan","assessed_value":12500},{"address":"9517.0 160 AVENUE NW","assessed_value":0},{"address":"10815.0 123 STREET NW","assessed_value":804500},{"address":"3207.0 JAMES MOWATT TRAIL SW","assessed_value":187000},{"address":"12215.0 119 AVENUE NW","assessed_value":304000},{"address":"344.0 WINDERMERE ROAD NW","assessed_value":178000},{"address":"1480.0 WATT DRIVE SW","assessed_value":345000},{"address":"2012.0 24 STREET NW","assessed_value":490500},{"address":"4008.0 SAVARYN DRIVE SW","assessed_value":247000},{"address":"11969.0 JASPER AVENUE NW","assessed_value":463000},{"address":"5151.0 WINDERMERE BOULEVARD SW","assessed_value":235500},{"address":"2528.0 13 STREET NW","assessed_value":607500},{"address":"20754.0 99A AVENUE NW","assessed_value":410000},{"address":"16807.0 60 STREET NW","assessed_value":456000},{"address":"nan nan","assessed_value":6000},{"address":"1627.0 165 STREET SW","assessed_value":626500},{"address":"nan nan","assessed_value":12500},{"address":"3729.0 WEIDLE CRESCENT SW","assessed_value":497500},{"address":"254.0 HAWKS RIDGE BOULEVARD NW","assessed_value":403000},{"address":"nan nan","assessed_value":6000},{"address":"2908.0 151 AVENUE NW","assessed_value":254500},{"address":"9032.0 93 STREET NW","assessed_value":879500},{"address":"nan nan","assessed_value":12500},{"address":"12424.0 113 AVENUE NW","assessed_value":343500},{"address":"240.0 HAWKS RIDGE BOULEVARD NW","assessed_value":385000},{"address":"6112.0 175 AVENUE NW","assessed_value":500000},{"address":"12325.0 86 STREET NW","assessed_value":394500},{"address":"11969.0 JASPER AVENUE NW","assessed_value":256000},{"address":"nan nan","assessed_value":12000},{"address":"2126.0 KOSHAL WAY SW","assessed_value":602000},{"address":"nan nan","assessed_value":6000},{"address":"nan nan","assessed_value":5000},{"address":"1282.0 DANIELS CRESCENT SW","assessed_value":374000},{"address":"2732.0 COUGHLAN GREEN SW","assessed_value":415000},{"address":"5171.0 CHAPPELLE ROAD SW","assessed_value":408500},{"address":"nan nan","assessed_value":11000},{"address":"nan nan","assessed_value":12000},{"address":"10229.0 89 STREET NW","assessed_value":564500},{"address":"274.0 MCCONACHIE DRIVE NW","assessed_value":151500},{"address":"1510.0 WATT DRIVE SW","assessed_value":191500},{"address":"3211.0 JAMES MOWATT TRAIL SW","assessed_value":124500},{"address":"5510.0 SCHONSEE DRIVE NW","assessed_value":251000},{"address":"nan nan","assessed_value":12500},{"address":"711.0 180 STREET SW","assessed_value":856500},{"address":"1254.0 AINSLIE WAY SW","assessed_value":899500},{"address":"nan nan","assessed_value":12000},{"address":"1144.0 ADAMSON DRIVE SW","assessed_value":261000},{"address":"4009.0 171A AVENUE NW","assessed_value":581500},{"address":"2585.0 COUGHLAN ROAD SW","assessed_value":444000},{"address":"5527.0 SCHONSEE DRIVE NW","assessed_value":392000},{"address":"1189.0 CY BECKER ROAD NW","assessed_value":394500},{"address":"9151.0 SHAW WAY NW","assessed_value":311500},{"address":"3207.0 JAMES MOWATT TRAIL SW","assessed_value":159500},{"address":"nan nan","assessed_value":5000},{"address":"270.0 MCCONACHIE DRIVE NW","assessed_value":126000},{"address":"3670.0 139 AVENUE NW","assessed_value":154500},{"address":"18122.0 77 STREET NW","assessed_value":146000},{"address":"5521.0 7 AVENUE SW","assessed_value":173500},{"address":"2613.0 ADAM COURT SW","assessed_value":623500},{"address":"1480.0 WATT DRIVE SW","assessed_value":348500},{"address":"12118.0 125 STREET NW","assessed_value":387500},{"address":"4413.0 6A STREET NW","assessed_value":449000},{"address":"4113.0 KENNEDY GREEN SW","assessed_value":1182500},{"address":"5540.0 WINDERMERE BOULEVARD NW","assessed_value":509500},{"address":"5151.0 WINDERMERE BOULEVARD SW","assessed_value":238000},{"address":"2244.0 CALHOUN LINK SW","assessed_value":543000},{"address":"810.0 EAGLESON LINK NW","assessed_value":444500},{"address":"3695.0 HUMMINGBIRD WAY NW","assessed_value":652500},{"address":"5151.0 WINDERMERE BOULEVARD SW","assessed_value":260000},{"address":"17324.0 81 STREET NW","assessed_value":435500},{"address":"3709.0 WEIDLE CRESCENT SW","assessed_value":461500},{"address":"1246.0 MCCONACHIE BOULEVARD NW","assessed_value":458000},{"address":"4517.0 190A STREET NW","assessed_value":511000},{"address":"5390.0 CHAPPELLE ROAD SW","assessed_value":212500},{"address":"107.0 WATT COMMON SW","assessed_value":181000},{"address":"2448.0 17 AVENUE NW","assessed_value":451000},{"address":"1825.0 KEENE CRESCENT SW","assessed_value":391500},{"address":"3315.0 JAMES MOWATT TRAIL SW","assessed_value":145500},{"address":"nan nan","assessed_value":12500},{"address":"nan nan","assessed_value":12000},{"address":"1508.0 105 STREET NW","assessed_value":337000},{"address":"2618.0 CASEY WAY SW","assessed_value":426000},{"address":"nan nan","assessed_value":10500},{"address":"5370.0 CHAPPELLE ROAD SW","assessed_value":148500},{"address":"nan nan","assessed_value":41000},{"address":"nan nan","assessed_value":4500},{"address":"10811.0 72 AVENUE NW","assessed_value":305500},{"address":"1628.0 158 STREET SW","assessed_value":604000},{"address":"4529.0 SALY PLACE SW","assessed_value":626000},{"address":"22119.0 89 AVENUE NW","assessed_value":504000},{"address":"nan nan","assessed_value":12000},{"address":"546.0 EBBERS WAY NW","assessed_value":467000},{"address":"1504.0 26 AVENUE NW","assessed_value":425500},{"address":"909.0 174A STREET SW","assessed_value":598500},{"address":"5151.0 WINDERMERE BOULEVARD SW","assessed_value":236500},{"address":"9117.0 143 STREET NW","assessed_value":820500},{"address":"9433.0 67A AVENUE NW","assessed_value":190000},{"address":"703.0 EBBERS PLACE NW","assessed_value":694500},{"address":"17068.0 38 STREET NW","assessed_value":387500},{"address":"12219.0 177 AVENUE NW","assessed_value":398000},{"address":"2653.0 SIR ARTHUR CURRIE WAY NW","assessed_value":346500},{"address":"1391.0 STARLING DRIVE NW","assessed_value":287000},{"address":"nan nan","assessed_value":5000},{"address":"10238.0 103 STREET NW","assessed_value":353500},{"address":"nan nan","assessed_value":6000},{"address":"15907.0 18 AVENUE SW","assessed_value":602500},{"address":"14512.0 82 AVENUE NW","assessed_value":724500},{"address":"2105.0 TOPHAM STREET NW","assessed_value":727000},{"address":"1633.0 164A STREET SW","assessed_value":694500},{"address":"1406.0 25 AVENUE NW","assessed_value":449000},{"address":"2845.0 KOSHAL CRESCENT SW","assessed_value":415500},{"address":"9151.0 SHAW WAY SW","assessed_value":292000},{"address":"8805.0 24 AVENUE SW","assessed_value":834000},{"address":"nan nan","assessed_value":9000},{"address":"10226.0 104 STREET NW","assessed_value":275500},{"address":"7716.0 112 STREET NW","assessed_value":573500},{"address":"9198.0 COOPER CRESCENT SW","assessed_value":397000},{"address":"nan nan","assessed_value":4500},{"address":"17007.0 65 STREET NW","assessed_value":501000},{"address":"11356.0 119 STREET NW","assessed_value":342500},{"address":"18122.0 77 STREET NW","assessed_value":137500},{"address":"nan nan","assessed_value":4500},{"address":"1910.0 88 STREET SW","assessed_value":4500},{"address":"3207.0 JAMES MOWATT TRAIL SW","assessed_value":193000},{"address":"5816.0 MULLEN PLACE NW","assessed_value":231000},{"address":"7708.0 79 AVENUE NW","assessed_value":564000},{"address":"nan nan","assessed_value":9500},{"address":"17447.0 9 AVENUE SW","assessed_value":489000},{"address":"11080.0 ELLERSLIE ROAD SW","assessed_value":235500},{"address":"nan nan","assessed_value":12000},{"address":"933.0 EBBERS CRESCENT NW","assessed_value":404000},{"address":"2905.0 141 STREET SW","assessed_value":308500},{"address":"nan nan","assessed_value":12500},{"address":"2920.0 15 AVENUE NW","assessed_value":496500},{"address":"nan nan","assessed_value":8000},{"address":"2364.0 CASSIDY WAY SW","assessed_value":637000},{"address":"8175.0 225 STREET NW","assessed_value":488500},{"address":"9151.0 SHAW WAY SW","assessed_value":292000},{"address":"804.0 WELSH DRIVE SW","assessed_value":352500},{"address":"2209.0 CALHOUN LINK SW","assessed_value":638500},{"address":"3211.0 JAMES MOWATT TRAIL SW","assessed_value":139500},{"address":"16103.0 18 AVENUE SW","assessed_value":599000},{"address":"nan nan","assessed_value":3000},{"address":"nan nan","assessed_value":12500},{"address":"362.0 CHARLESWORTH DRIVE SW","assessed_value":425500},{"address":"348.0 WINDERMERE ROAD NW","assessed_value":196500},{"address":"6019.0 168 AVENUE NW","assessed_value":643000},{"address":"274.0 MCCONACHIE DRIVE NW","assessed_value":131500},{"address":"nan nan","assessed_value":8000},{"address":"344.0 WINDERMERE ROAD NW","assessed_value":164500},{"address":"1411.0 25 AVENUE NW","assessed_value":417500},{"address":"nan nan","assessed_value":41000},{"address":"12313.0 177 AVENUE NW","assessed_value":427000},{"address":"1510.0 WATT DRIVE SW","assessed_value":168000},{"address":"nan nan","assessed_value":12000},{"address":"11030.0 82 STREET NW","assessed_value":555500},{"address":"nan nan","assessed_value":4500},{"address":"nan nan","assessed_value":10500},{"address":"4026.0 KENNEDY CLOSE SW","assessed_value":757500},{"address":"2144.0 27 STREET NW","assessed_value":786000},{"address":"10525.0 150 STREET NW","assessed_value":401500},{"address":"16620.0 14 AVENUE SW","assessed_value":636500},{"address":"6011.0 168 AVENUE NW","assessed_value":623500},{"address":"nan nan","assessed_value":5500},{"address":"nan nan","assessed_value":8000},{"address":"1480.0 WATT DRIVE SW","assessed_value":339000},{"address":"320.0 SECORD BOULEVARD NW","assessed_value":317000},{"address":"3315.0 JAMES MOWATT TRAIL SW","assessed_value":151500},{"address":"nan nan","assessed_value":9000},{"address":"nan nan","assessed_value":12000},{"address":"5825.0 ANTHONY CRESCENT SW","assessed_value":458000},{"address":"2407.0 18 AVENUE NW","assessed_value":425000},{"address":"14621.0 121 STREET NW","assessed_value":289500},{"address":"753.0 EAGLESON CRESCENT NW","assessed_value":422500},{"address":"2803.0 JAMES MOWATT TRAIL SW","assessed_value":312500},{"address":"16128.0 17 AVENUE SW","assessed_value":700000},{"address":"6514.0 ELSTON LOOP NW","assessed_value":673000},{"address":"3236.0 12 AVENUE NW","assessed_value":587500},{"address":"2003.0 RABBIT HILL ROAD NW","assessed_value":385000},{"address":"3347.0 13 AVENUE NW","assessed_value":660000},{"address":"1305.0 163 STREET SW","assessed_value":382000},{"address":"2702.0 MAPLE WAY NW","assessed_value":23935500},{"address":"3726.0 8 AVENUE SW","assessed_value":438000},{"address":"1207.0 25 AVENUE NW","assessed_value":648000},{"address":"nan nan","assessed_value":6000},{"address":"8456.0 CUSHING COURT SW","assessed_value":541000},{"address":"289.0 EDGEMONT ROAD NW","assessed_value":379500},{"address":"nan nan","assessed_value":8000},{"address":"nan nan","assessed_value":12500},{"address":"nan nan","assessed_value":9000},{"address":"10226.0 104 STREET NW","assessed_value":274000},{"address":"534.0 SECORD BOULEVARD NW","assessed_value":395000},{"address":"1480.0 WATT DRIVE SW","assessed_value":355000},{"address":"10238.0 103 STREET NW","assessed_value":317000},{"address":"nan nan","assessed_value":12500},{"address":"1213.0 29 STREET NW","assessed_value":416500},{"address":"460.0 EBBERS WAY NW","assessed_value":470000},{"address":"6419.0 173 AVENUE NW","assessed_value":659000},{"address":"18126.0 77 STREET NW","assessed_value":181000},{"address":"8434.0 CUSHING COURT SW","assessed_value":576500},{"address":"nan nan","assessed_value":10500},{"address":"12340.0 90 STREET NW","assessed_value":318000},{"address":"739.0 39 STREET SW","assessed_value":816000},{"address":"5216.0 22 AVENUE SW","assessed_value":398000},{"address":"nan nan","assessed_value":12500},{"address":"85.0 STREET NW","assessed_value":349500},{"address":"415.0 CLAREVIEW ROAD NW","assessed_value":293000},{"address":"2369.0 CASEY CRESCENT SW","assessed_value":417500},{"address":"2229.0 44 AVENUE NW","assessed_value":146500},{"address":"812.0 WELSH DRIVE SW","assessed_value":205000},{"address":"3019.0 15 AVENUE NW","assessed_value":411500},{"address":"5390.0 CHAPPELLE ROAD SW","assessed_value":146500},{"address":"nan nan","assessed_value":4500},{"address":"3408.0 8 STREET NW","assessed_value":746000},{"address":"9843.0 224 STREET NW","assessed_value":571000},{"address":"1024.0 WALKOWSKI PLACE NW","assessed_value":902500},{"address":"nan nan","assessed_value":4500},{"address":"nan nan","assessed_value":12000},{"address":"2229.0 44 AVENUE NW","assessed_value":192500},{"address":"12628.0 44 STREET NW","assessed_value":171500},{"address":"5151.0 WINDERMERE BOULEVARD SW","assessed_value":168500},{"address":"nan nan","assessed_value":8000},{"address":"1095.0 SECORD PROMENADE NW","assessed_value":629500},{"address":"4470.0 PROWSE ROAD SW","assessed_value":287500},{"address":"1712.0 164 STREET SW","assessed_value":682000},{"address":"9151.0 SHAW WAY SW","assessed_value":294500},{"address":"nan nan","assessed_value":8000},{"address":"nan nan","assessed_value":6000},{"address":"8517.0 CUSHING PLACE SW","assessed_value":441000},{"address":"nan nan","assessed_value":12000},{"address":"nan nan","assessed_value":6000},{"address":"nan nan","assessed_value":9000},{"address":"nan nan","assessed_value":4500},{"address":"4025.0 BLACKBIRD LINK NW","assessed_value":379000},{"address":"2004.0 TRUMPETER WAY NW","assessed_value":307500},{"address":"1144.0 ADAMSON DRIVE SW","assessed_value":190000},{"address":"nan nan","assessed_value":12000},{"address":"nan nan","assessed_value":12000},{"address":"8124.0 GOURLAY PLACE NW","assessed_value":746500},{"address":"2010.0 57 STREET SW","assessed_value":641000},{"address":"1510.0 WATT DRIVE SW","assessed_value":143000},{"address":"15020.0 15 STREET NW","assessed_value":650500},{"address":"nan nan","assessed_value":9000},{"address":"9027.0 217 STREET NW","assessed_value":408000},{"address":"7014.0 NEWSON ROAD NW","assessed_value":442500},{"address":"1411.0 158 STREET SW","assessed_value":672000},{"address":"2537.0 CASEY WAY SW","assessed_value":470500},{"address":"nan nan","assessed_value":8000},{"address":"8840.0 91 STREET NW","assessed_value":612500},{"address":"nan nan","assessed_value":8500},{"address":"10550.0 130 STREET NW","assessed_value":650500},{"address":"15709.0 139 STREET NW","assessed_value":172000},{"address":"415.0 CLAREVIEW ROAD NW","assessed_value":296000},{"address":"nan nan","assessed_value":12500},{"address":"2764.0 COUGHLAN GREEN SW","assessed_value":386500},{"address":"5207.0 CRABAPPLE LINK SW","assessed_value":407500},{"address":"3420.0 CHERRY WAY SW","assessed_value":527000},{"address":"nan nan","assessed_value":8500},{"address":"8209.0 217 STREET NW","assessed_value":314000},{"address":"nan nan","assessed_value":5500},{"address":"293.0 CY BECKER BOULEVARD NW","assessed_value":565500},{"address":"503.0 ALBANY WAY NW","assessed_value":277000},{"address":"270.0 MCCONACHIE DRIVE NW","assessed_value":127500},{"address":"5530.0 SCHONSEE DRIVE NW","assessed_value":40122000},{"address":"3219.0 CHERNOWSKI WAY SW","assessed_value":702000},{"address":"nan nan","assessed_value":5500},{"address":"9320.0 71 AVENUE NW","assessed_value":744000},{"address":"3211.0 JAMES MOWATT TRAIL SW","assessed_value":144500},{"address":"5810.0 MULLEN PLACE NW","assessed_value":210500},{"address":"4465.0 5A STREET NW","assessed_value":400500},{"address":"2226.0 CALHOUN LINK SW","assessed_value":621500},{"address":"nan nan","assessed_value":6000},{"address":"nan nan","assessed_value":8000},{"address":"817.0 EAGLESON LINK NW","assessed_value":619000},{"address":"903.0 CRYSTALLINA NERA WAY NW","assessed_value":310500},{"address":"nan nan","assessed_value":14500},{"address":"16813.0 14 AVENUE SW","assessed_value":442500},{"address":"9747.0 224 STREET NW","assessed_value":527000},{"address":"2751.0 COUGHLAN GREEN SW","assessed_value":431500},{"address":"10247.0 152 STREET NW","assessed_value":433500},{"address":"10226.0 104 STREET NW","assessed_value":209000},{"address":"11609.0 79 AVENUE NW","assessed_value":913500},{"address":"316.0 WINDERMERE ROAD NW","assessed_value":284000},{"address":"17348.0 49 STREET NW","assessed_value":427500},{"address":"1579.0 TAMARACK BOULEVARD NW","assessed_value":461000},{"address":"3305.0 ORCHARDS LINK SW","assessed_value":309500},{"address":"nan nan","assessed_value":3000},{"address":"5810.0 MULLEN PLACE NW","assessed_value":158500},{"address":"911.0 WOOD PLACE NW","assessed_value":1195500},{"address":"69.0 804 WELSH DRIVE SW","assessed_value":372500},{"address":"nan nan","assessed_value":14500},{"address":"5204.0 22 AVENUE SW","assessed_value":405500},{"address":"5110.0 20 AVENUE SW","assessed_value":489000},{"address":"5948.0 167C AVENUE NW","assessed_value":446500},{"address":"10229.0 146 STREET NW","assessed_value":734000},{"address":"2327.0 CASEY CRESCENT SW","assessed_value":478500},{"address":"10414.0 81 AVENUE","assessed_value":551000},{"address":"18126.0 77 STREET NW","assessed_value":196000},{"address":"3670.0 139 AVENUE NW","assessed_value":194000},{"address":"2320.0 CASEY CRESCENT SW","assessed_value":434500},{"address":"4448.0 ANNETT COMMON SW","assessed_value":401500},{"address":"4004.0 BLACKBIRD LINK NW","assessed_value":377500},{"address":"nan nan","assessed_value":4500},{"address":"9838.0 207A STREET NW","assessed_value":638500},{"address":"nan nan","assessed_value":8000},{"address":"nan nan","assessed_value":40500},{"address":"2331.0 CASEY CRESCENT SW","assessed_value":432500},{"address":"18126.0 77 STREET NW","assessed_value":156500},{"address":"12134.0 64 STREET NW","assessed_value":389500},{"address":"1615.0 161 STREET SW","assessed_value":757500},{"address":"3030.0 14A AVENUE NW","assessed_value":656500},{"address":"8525.0 91 STREET NW","assessed_value":375500},{"address":"15709.0 139 STREET NW","assessed_value":178000},{"address":"12660.0 142 AVENUE NW","assessed_value":196500},{"address":"803.0 180 STREET SW","assessed_value":985000},{"address":"2813.0 COUGHLAN GREEN SW","assessed_value":444500},{"address":"2255.0 GLENRIDDING BOULEVARD SW","assessed_value":383000},{"address":"2107.0 KOSHAL WAY SW","assessed_value":681000},{"address":"5421.0 ALLBRIGHT SQUARE SW","assessed_value":652000},{"address":"3213.0 11 AVENUE NW","assessed_value":414000},{"address":"2021.0 CAVANAGH DRIVE SW","assessed_value":407500},{"address":"6028.0 168 AVENUE NW","assessed_value":676000},{"address":"2214.0 86 STREET SW","assessed_value":440500},{"address":"10234.0 80 STREET NW","assessed_value":500000},{"address":"nan nan","assessed_value":12500},{"address":"4029.0 ORCHARDS DRIVE SW","assessed_value":295000},{"address":"nan nan","assessed_value":4500},{"address":"17818.0 9A AVENUE SW","assessed_value":587000},{"address":"nan nan","assessed_value":8500},{"address":"2217.0 CALHOUN LINK SW","assessed_value":596500},{"address":"nan nan","assessed_value":8000},{"address":"5521.0 7 AVENUE SW","assessed_value":178500},{"address":"223.0 1820 RUTHERFORD ROAD SW","assessed_value":192500},{"address":"508.0 GRIESBACH PARADE NW","assessed_value":277500},{"address":"nan nan","assessed_value":8000},{"address":"5151.0 WINDERMERE BOULEVARD SW","assessed_value":233500},{"address":"nan nan","assessed_value":4500},{"address":"3821.0 WEIDLE CRESCENT SW","assessed_value":458500},{"address":"3904.0 171 AVENUE NW","assessed_value":689500},{"address":"nan nan","assessed_value":3000},{"address":"3090.0 CAMERON HEIGHTS WAY NW","assessed_value":576500},{"address":"6520.0 2 AVENUE SW","assessed_value":223000},{"address":"4307.0 KENNEDY BAY SW","assessed_value":863500},{"address":"11969.0 JASPER AVENUE NW","assessed_value":471000},{"address":"4330.0 126 AVENUE NW","assessed_value":28500},{"address":"2803.0 JAMES MOWATT TRAIL SW","assessed_value":303500},{"address":"nan nan","assessed_value":6000},{"address":"6421.0 ELSTON LOOP NW","assessed_value":23000},{"address":"9189.0 COOPER CRESCENT SW","assessed_value":496000},{"address":"5370.0 CHAPPELLE ROAD SW","assessed_value":136500},{"address":"nan nan","assessed_value":12000},{"address":"8824.0 223 STREET NW","assessed_value":469500},{"address":"5122.0 20 AVENUE SW","assessed_value":404000},{"address":"457.0 ORCHARDS BOULEVARD SW","assessed_value":472000},{"address":"15709.0 139 STREET NW","assessed_value":196000},{"address":"12815.0 WOODBEND PLACE NW","assessed_value":1487000},{"address":"2631.0 17 AVENUE NW","assessed_value":692500},{"address":"3564.0 8 STREET NW","assessed_value":614000},{"address":"9422.0 230 STREET NW","assessed_value":391500},{"address":"2040.0 WARE ROAD NW","assessed_value":603000},{"address":"21846.0 98A AVENUE NW","assessed_value":520000},{"address":"nan nan","assessed_value":10500},{"address":"5151.0 WINDERMERE BOULEVARD SW","assessed_value":219000},{"address":"nan nan","assessed_value":9000},{"address":"3829.0 WEIDLE CRESCENT SW","assessed_value":479000},{"address":"3625.0 144 AVENUE NW","assessed_value":283500},{"address":"17552.0 122 STREET NW","assessed_value":590500},{"address":"17858.0 9A AVENUE SW","assessed_value":643500},{"address":"967.0 EBBERS CRESCENT NW","assessed_value":401000},{"address":"1004.0 ROSENTHAL BOULEVARD NW","assessed_value":233000},{"address":"8600.0 CUSHING PLACE SW","assessed_value":486000},{"address":"1031.0 173 STREET SW","assessed_value":227500},{"address":"7245.0 MORGAN ROAD NW","assessed_value":547000},{"address":"2464.0 13 STREET NW","assessed_value":742000},{"address":"4478.0 ANNETT COMMON SW","assessed_value":397000},{"address":"3608.0 KESWICK BOULEVARD SW","assessed_value":699000},{"address":"2360.0 CASSIDY WAY SW","assessed_value":595500},{"address":"nan nan","assessed_value":8500},{"address":"17903.0 9 AVENUE SW","assessed_value":490000},{"address":"2590.0 COUGHLAN ROAD SW","assessed_value":475000},{"address":"5181.0 CRABAPPLE LINK SW","assessed_value":404500},{"address":"4428.0 KENNEDY COVE SW","assessed_value":1266500},{"address":"9436.0 230 STREET NW","assessed_value":375500},{"address":"1130.0 33A STREET NW","assessed_value":456500},{"address":"16537.0 130A STREET NW","assessed_value":341000},{"address":"274.0 MCCONACHIE DRIVE NW","assessed_value":183000},{"address":"2560.0 PEGASUS BOULEVARD NW","assessed_value":251500},{"address":"nan nan","assessed_value":12000},{"address":"nan nan","assessed_value":8000},{"address":"nan nan","assessed_value":12000},{"address":"nan nan","assessed_value":8500},{"address":"2007.0 PRICE LANDING SW","assessed_value":572500},{"address":"1132.0 31 STREET NW","assessed_value":775000},{"address":"4408.0 5 STREET NW","assessed_value":452500},{"address":"920.0 176 STREET SW","assessed_value":567500},{"address":"15114.0 102 AVENUE NW","assessed_value":334000},{"address":"nan nan","assessed_value":12500},{"address":"nan nan","assessed_value":12000},{"address":"567.0 MERLIN LANDING NW","assessed_value":614000},{"address":"2221.0 22 AVENUE NW","assessed_value":406500},{"address":"3509.0 CHERRY LANDING SW","assessed_value":442500},{"address":"11535.0 124 STREET NW","assessed_value":65500},{"address":"639.0 MERLIN LANDING NW","assessed_value":503500},{"address":"nan nan","assessed_value":12000},{"address":"12815.0 CUMBERLAND ROAD NW","assessed_value":239500},{"address":"8841.0 24 AVENUE SW","assessed_value":653000},{"address":"2419.0 20 AVENUE NW","assessed_value":443000},{"address":"9856.0 223 STREET NW","assessed_value":588500},{"address":"nan nan","assessed_value":10500},{"address":"nan nan","assessed_value":8500},{"address":"12660.0 142 AVENUE NW","assessed_value":209500},{"address":"5804.0 MULLEN PLACE NW","assessed_value":197500},{"address":"1510.0 WATT DRIVE SW","assessed_value":154000},{"address":"937.0 WOOD PLACE NW","assessed_value":1976500},{"address":"1004.0 ROSENTHAL BOULEVARD NW","assessed_value":270000},{"address":"nan nan","assessed_value":8500},{"address":"5628.0 22A AVENUE SW","assessed_value":696000},{"address":"10226.0 104 STREET NW","assessed_value":290000},{"address":"2679.0 SIR ARTHUR CURRIE WAY NW","assessed_value":338500},{"address":"4517.0 190A STREET NW","assessed_value":511000},{"address":"nan nan","assessed_value":9500},{"address":"nan nan","assessed_value":4500},{"address":"nan nan","assessed_value":9000},{"address":"nan nan","assessed_value":14500},{"address":"111.0 WATT COMMON SW","assessed_value":225000},{"address":"9519.0 160 AVENUE NW","assessed_value":166500},{"address":"5203.0 149 AVENUE NW","assessed_value":270500},{"address":"5915.0 19 AVENUE SW","assessed_value":621500},{"address":"2207.0 22 STREET NW","assessed_value":832000},{"address":"nan nan","assessed_value":8000},{"address":"2006.0 CAVANAGH DRIVE SW","assessed_value":407500},{"address":"20729.0 99A AVENUE NW","assessed_value":399500},{"address":"2354.0 CASSIDY WAY SW","assessed_value":637500},{"address":"5816.0 MULLEN PLACE NW","assessed_value":233500},{"address":"1031.0 173 STREET SW","assessed_value":192500},{"address":"1311.0 29 STREET NW","assessed_value":451500},{"address":"5915.0 ANTHONY CRESCENT SW","assessed_value":435000},{"address":"2037.0 WARE ROAD NW","assessed_value":641500},{"address":"2661.0 MAPLE WAY NW","assessed_value":386500},{"address":"10747.0 128 STREET NW","assessed_value":766500},{"address":"3680.0 KESWICK BOULEVARD SW","assessed_value":744500},{"address":"1010.0 EAST BEND NW","assessed_value":442500},{"address":"5010.0 162 AVENUE NW","assessed_value":3308500},{"address":"5521.0 7 AVENUE SW","assessed_value":167500},{"address":"344.0 WINDERMERE ROAD NW","assessed_value":203000},{"address":"8024.0 173 AVENUE NW","assessed_value":625000},{"address":"8417.0 CUSHING COURT SW","assessed_value":423500},{"address":"9725.0 119 AVENUE NW","assessed_value":101000},{"address":"5233.0 CRABAPPLE LINK SW","assessed_value":436500},{"address":"20740.0 98 AVENUE NW","assessed_value":632000},{"address":"3863.0 170 AVENUE NW","assessed_value":421000},{"address":"9439.0 230 STREET NW","assessed_value":419000},{"address":"5151.0 WINDERMERE BOULEVARD SW","assessed_value":224500},{"address":"1716.0 168 STREET SW","assessed_value":589500},{"address":"1140.0 CHAPELLE BOULEVARD SW","assessed_value":308500},{"address":"nan nan","assessed_value":12000},{"address":"nan nan","assessed_value":8500},{"address":"nan nan","assessed_value":14500},{"address":"1631.0 19 STREET NW","assessed_value":596500},{"address":"1713.0 TANAGER CLOSE NW","assessed_value":681000},{"address":"nan nan","assessed_value":9000},{"address":"4426.0 5A STREET NW","assessed_value":469000},{"address":"nan nan","assessed_value":9000},{"address":"5151.0 WINDERMERE BOULEVARD SW","assessed_value":277500},{"address":"10748.0 76 AVENUE NW","assessed_value":441000},{"address":"484.0 EBBERS WAY NW","assessed_value":450000},{"address":"nan nan","assessed_value":12000},{"address":"107.0 WATT COMMON SW","assessed_value":198000},{"address":"8817.0 142 STREET NW","assessed_value":841000},{"address":"536.0 EBBERS WAY NW","assessed_value":462000},{"address":"5804.0 MULLEN PLACE NW","assessed_value":176000},{"address":"nan nan","assessed_value":12000},{"address":"6008.0 171 AVENUE NW","assessed_value":476500},{"address":"nan nan","assessed_value":12000},{"address":"2021.0 57 STREET SW","assessed_value":738500},{"address":"4230.0 CHARLES CLOSE SW","assessed_value":599500},{"address":"10226.0 104 STREET NW","assessed_value":1122500},{"address":"6135.0 175 AVENUE NW","assessed_value":590500},{"address":"nan nan","assessed_value":11000},{"address":"nan nan","assessed_value":8000},{"address":"nan nan","assessed_value":9500},{"address":"508.0 GRIESBACH PARADE NW","assessed_value":277500},{"address":"2014.0 15 AVENUE NW","assessed_value":485500},{"address":"111.0 WESTBROOK DRIVE NW","assessed_value":5839000},{"address":"839.0 35 AVENUE NW","assessed_value":513500},{"address":"nan nan","assessed_value":8500},{"address":"291.0 ALLARD BOULEVARD SW","assessed_value":455500},{"address":"13603.0 102 AVENUE NW","assessed_value":855500},{"address":"775.0 WINDERMERE WYND NW","assessed_value":643000},{"address":"667.0 WATT BOULEVARD SW","assessed_value":182000},{"address":"111.0 WATT COMMON SW","assessed_value":152000},{"address":"nan nan","assessed_value":6000},{"address":"13203.0 199 STREET NW","assessed_value":12767000},{"address":"3211.0 JAMES MOWATT TRAIL SW","assessed_value":199500},{"address":"15615.0 ELLERSLIE ROAD SW","assessed_value":7000},{"address":"5804.0 MULLEN PLACE NW","assessed_value":176000},{"address":"804.0 WELSH DRIVE SW","assessed_value":311500},{"address":"3225.0 11 AVENUE NW","assessed_value":417500},{"address":"7710.0 2 AVENUE SW","assessed_value":620000},{"address":"nan nan","assessed_value":10500},{"address":"2042.0 PRICE LANDING SW","assessed_value":456500},{"address":"10722.0 69 AVENUE NW","assessed_value":520500},{"address":"nan nan","assessed_value":12000},{"address":"3356.0 15A AVENUE NW","assessed_value":321500},{"address":"2803.0 11 STREET NW","assessed_value":640500},{"address":"2606.0 CASEY WAY SW","assessed_value":417000},{"address":"2020.0 27 STREET NW","assessed_value":600500},{"address":"22729.0 94A AVENUE NW","assessed_value":578000},{"address":"nan nan","assessed_value":12500},{"address":"12717.0 90 STREET NW","assessed_value":259500},{"address":"9830.0 148 STREET NW","assessed_value":1599500},{"address":"12214.0 117 AVENUE NW","assessed_value":362000},{"address":"127.0 AVENUE NW","assessed_value":339500},{"address":"407.0 40 AVENUE NW","assessed_value":405000},{"address":"904.0 177 STREET SW","assessed_value":641000},{"address":"nan nan","assessed_value":10500},{"address":"1144.0 ADAMSON DRIVE SW","assessed_value":245000},{"address":"6520.0 2 AVENUE SW","assessed_value":262500},{"address":"nan nan","assessed_value":12000},{"address":"821.0 EBBERS CRESCENT NW","assessed_value":659500},{"address":"17442.0 9A AVENUE SW","assessed_value":735500},{"address":"5029.0 EDGEMONT BOULEVARD NW","assessed_value":322000},{"address":"1503.0 26 AVENUE NW","assessed_value":418500},{"address":"2105.0 86 STREET SW","assessed_value":457500},{"address":"nan nan","assessed_value":9500},{"address":"18410.0 100 AVENUE NW","assessed_value":6011500},{"address":"nan nan","assessed_value":12500},{"address":"22214.0 89 AVENUE NW","assessed_value":429500},{"address":"nan nan","assessed_value":8500},{"address":"nan nan","assessed_value":4500},{"address":"5370.0 CHAPPELLE ROAD SW","assessed_value":142500},{"address":"316.0 WINDERMERE ROAD NW","assessed_value":506500},{"address":"10226.0 104 STREET NW","assessed_value":300000},{"address":"nan nan","assessed_value":5000},{"address":"nan nan","assessed_value":3500},{"address":"523.0 CRYSTALLINA NERA DRIVE NW","assessed_value":382000},{"address":"111.0 WATT COMMON SW","assessed_value":197000},{"address":"12143.0 123 STREET NW","assessed_value":403000},{"address":"1510.0 WATT DRIVE SW","assessed_value":172500},{"address":"nan nan","assessed_value":41000},{"address":"17564.0 122 STREET NW","assessed_value":680500},{"address":"10305.0 108 AVENUE NW","assessed_value":84000},{"address":"3606.0 9 STREET NW","assessed_value":440000},{"address":"11080.0 ELLERSLIE ROAD SW","assessed_value":187000},{"address":"1304.0 CLEMENT COURT NW","assessed_value":1536000},{"address":"5390.0 CHAPPELLE ROAD SW","assessed_value":153500},{"address":"12821.0 207 STREET NW","assessed_value":460500},{"address":"15812.0 18 AVENUE SW","assessed_value":613500},{"address":"9605.0 87 STREET NW","assessed_value":684500},{"address":"9519.0 160 AVENUE NW","assessed_value":171000},{"address":"21866.0 98A AVENUE NW","assessed_value":288500},{"address":"2865.0 KOSHAL CRESCENT SW","assessed_value":456500},{"address":"1106.0 30 AVENUE NW","assessed_value":478000},{"address":"nan nan","assessed_value":8500},{"address":"504.0 GRIESBACH PARADE NW","assessed_value":230500},{"address":"5151.0 WINDERMERE BOULEVARD SW","assessed_value":253500},{"address":"nan nan","assessed_value":6000},{"address":"1903.0 24 STREET NW","assessed_value":421000},{"address":"5370.0 CHAPPELLE ROAD SW","assessed_value":174000},{"address":"4470.0 PROWSE ROAD SW","assessed_value":330000},{"address":"nan nan","assessed_value":5500},{"address":"6039.0 ROSENTHAL WAY NW","assessed_value":609000},{"address":"804.0 WELSH DRIVE SW","assessed_value":310000},{"address":"7307.0 EDGEMONT WAY NW","assessed_value":379000},{"address":"709.0 EAGLESON CRESCENT NW","assessed_value":392500},{"address":"nan nan","assessed_value":9500},{"address":"2344.0 GLENRIDDING BOULEVARD SW","assessed_value":418000},{"address":"5188.0 CRABAPPLE LINK SW","assessed_value":400500},{"address":"10226.0 104 STREET NW","assessed_value":305000},{"address":"nan nan","assessed_value":12500},{"address":"nan nan","assessed_value":12500},{"address":"6511.0 ELSTON LOOP NW","assessed_value":588000},{"address":"20740.0 99 AVENUE NW","assessed_value":404500},{"address":"3382.0 CHICKADEE DRIVE NW","assessed_value":672500},{"address":"2343.0 84 STREET SW","assessed_value":450000},{"address":"1253.0 CHAPPELLE BOULEVARD SW","assessed_value":448000},{"address":"1748.0 27 STREET NW","assessed_value":431500},{"address":"323.0 HAWKS RIDGE BOULEVARD NW","assessed_value":473000},{"address":"5515.0 7 AVENUE SW","assessed_value":173500},{"address":"4452.0 5 STREET NW","assessed_value":408500},{"address":"2220.0 22 STREET NW","assessed_value":792500},{"address":"840.0 EBBERS CRESCENT NW","assessed_value":469500},{"address":"11413.0 126 STREET NW","assessed_value":656000},{"address":"4008.0 SAVARYN DRIVE SW","assessed_value":233500},{"address":"nan nan","assessed_value":11000},{"address":"nan nan","assessed_value":4500},{"address":"nan nan","assessed_value":12500},{"address":"1023.0 MCCONACHIE BOULEVARD NW","assessed_value":711500},{"address":"13214.0 115 STREET NW","assessed_value":361000},{"address":"763.0 EAGLESON CRESCENT NW","assessed_value":411500},{"address":"8209.0 217 STREET NW","assessed_value":317000},{"address":"2308.0 86 STREET SW","assessed_value":395000},{"address":"2229.0 44 AVENUE NW","assessed_value":199500},{"address":"nan nan","assessed_value":12000},{"address":"1563.0 TAMARACK BOULEVARD NW","assessed_value":475000},{"address":"8612.0 CUSHING PLACE SW","assessed_value":403500},{"address":"nan nan","assessed_value":12500},{"address":"415.0 CLAREVIEW ROAD NW","assessed_value":299000},{"address":"908.0 176 STREET SW","assessed_value":585500},{"address":"2416.0 CASEY LINK SW","assessed_value":428500},{"address":"1144.0 ADAMSON DRIVE SW","assessed_value":197000},{"address":"2611.0 17 AVENUE NW","assessed_value":669000},{"address":"5370.0 CHAPPELLE ROAD SW","assessed_value":177500},{"address":"940.0 WOOD PLACE NW","assessed_value":950000},{"address":"525.0 MERLIN LANDING NW","assessed_value":571500},{"address":"8209.0 217 STREET NW","assessed_value":332500},{"address":"5189.0 CHAPPELLE ROAD SW","assessed_value":385500},{"address":"10238.0 103 STREET NW","assessed_value":296500},{"address":"678.0 HOWATT DRIVE SW","assessed_value":1287000},{"address":"5816.0 MULLEN PLACE NW","assessed_value":197500},{"address":"2034.0 CAVANAGH DRIVE SW","assessed_value":386500},{"address":"6906.0 105A STREET NW","assessed_value":625500},{"address":"nan nan","assessed_value":8000},{"address":"1431.0 167 STREET SW","assessed_value":421000},{"address":"625.0 LEGER WAY NW","assessed_value":395500},{"address":"nan nan","assessed_value":9500},{"address":"18126.0 77 STREET NW","assessed_value":191500},{"address":"2560.0 PEGASUS BOULEVARD NW","assessed_value":251500},{"address":"2267.0 CASEY CRESCENT SW","assessed_value":405000},{"address":"nan nan","assessed_value":8500},{"address":"nan nan","assessed_value":12000},{"address":"nan nan","assessed_value":12000},{"address":"1510.0 WATT DRIVE SW","assessed_value":136000},{"address":"236.0 41 AVENUE NW","assessed_value":519500},{"address":"nan nan","assessed_value":8000},{"address":"nan nan","assessed_value":10500},{"address":"2228.0 21 AVENUE NW","assessed_value":808000},{"address":"8132.0 217 STREET NW","assessed_value":393500},{"address":"nan nan","assessed_value":6000},{"address":"8950.0 81 AVENUE NW","assessed_value":425000},{"address":"15815.0 18 AVENUE SW","assessed_value":649500},{"address":"17234.0 65A STREET NW","assessed_value":612000},{"address":"3916.0 5 STREET NW","assessed_value":690500},{"address":"2664.0 MAPLE WAY NW","assessed_value":561500},{"address":"6062.0 ROSENTHAL WAY NW","assessed_value":396000},{"address":"3315.0 JAMES MOWATT TRAIL SW","assessed_value":169500},{"address":"822.0 EBBERS CRESCENT NW","assessed_value":557500},{"address":"nan nan","assessed_value":9000},{"address":"10817.0 123 STREET NW","assessed_value":775000},{"address":"nan nan","assessed_value":8500},{"address":"5410.0 110 STREET NW","assessed_value":1039000},{"address":"13003.0 132 AVENUE NW","assessed_value":256500},{"address":"nan nan","assessed_value":4500},{"address":"2003.0 RABBIT HILL ROAD NW","assessed_value":375500},{"address":"326.0 WINDERMERE ROAD NW","assessed_value":840500},{"address":"4342.0 126B AVENUE NW","assessed_value":346000},{"address":"22523.0 81 AVENUE NW","assessed_value":462500},{"address":"1960.0 ADAMSON TERRACE SW","assessed_value":828500},{"address":"11969.0 JASPER AVENUE NW","assessed_value":250000},{"address":"415.0 CLAREVIEW ROAD NW","assessed_value":305500},{"address":"6121.0 19A AVENUE SW","assessed_value":630000},{"address":"1004.0 ROSENTHAL BOULEVARD NW","assessed_value":223000},{"address":"nan nan","assessed_value":10500},{"address":"5390.0 CHAPPELLE ROAD SW","assessed_value":196500},{"address":"1270.0 DANIELS CRESCENT SW","assessed_value":432500},{"address":"7211.0 MORGAN ROAD NW","assessed_value":419500},{"address":"583.0 MERLIN LANDING NW","assessed_value":686500},{"address":"nan nan","assessed_value":12500},{"address":"17229.0 9A AVENUE SW","assessed_value":325000},{"address":"5151.0 WINDERMERE BOULEVARD SW","assessed_value":275000},{"address":"nan nan","assessed_value":5500},{"address":"2229.0 44 AVENUE NW","assessed_value":184500},{"address":"1919.0 59 STREET SW","assessed_value":577500},{"address":"15709.0 139 STREET NW","assessed_value":253500},{"address":"1227.0 PEREGRINE TERRACE NW","assessed_value":57500},{"address":"2071.0 PRICE LANDING SW","assessed_value":620500},{"address":"nan nan","assessed_value":40500},{"address":"nan nan","assessed_value":3000},{"address":"nan nan","assessed_value":12500},{"address":"4004.0 117 AVENUE NW","assessed_value":387000},{"address":"nan nan","assessed_value":9500},{"address":"1533.0 24 STREET NW","assessed_value":432000},{"address":"nan nan","assessed_value":10000},{"address":"nan nan","assessed_value":8500},{"address":"11080.0 ELLERSLIE ROAD SW","assessed_value":290500},{"address":"13003.0 132 AVENUE NW","assessed_value":310000},{"address":"2797.0 COUGHLAN GREEN SW","assessed_value":463500},{"address":"1289.0 DANIELS CRESCENT SW","assessed_value":424000},{"address":"nan nan","assessed_value":8500},{"address":"1207.0 24 AVENUE NW","assessed_value":707000},{"address":"22413.0 99A AVENUE NW","assessed_value":537000},{"address":"4240.0 PROWSE WAY SW","assessed_value":363000},{"address":"17607.0 77 STREET NW","assessed_value":476500},{"address":"205.0 40A AVENUE NW","assessed_value":451000},{"address":"17632.0 58 STREET NW","assessed_value":469000},{"address":"2540.0 ORCHARDS WAY SW","assessed_value":412000},{"address":"22503.0 99 AVENUE NW","assessed_value":596500},{"address":"2229.0 44 AVENUE NW","assessed_value":192500},{"address":"3221.0 CHERNOWSKI WAY SW","assessed_value":697000},{"address":"1665.0 91 STREET SW","assessed_value":2541500},{"address":"12410.0 122 AVENUE NW","assessed_value":313500},{"address":"nan nan","assessed_value":10000},{"address":"nan nan","assessed_value":12000},{"address":"3307.0 51 AVENUE NW","assessed_value":2791000},{"address":"17007.0 38 STREET NW","assessed_value":424000},{"address":"6524.0 174 AVENUE NW","assessed_value":676500},{"address":"nan nan","assessed_value":8500},{"address":"2905.0 141 STREET SW","assessed_value":306000},{"address":"828.0 36 AVENUE NW","assessed_value":429500},{"address":"4237.0 VETERANS WAY NW","assessed_value":659500},{"address":"3677.0 HUMMINGBIRD WAY NW","assessed_value":623500},{"address":"9209.0 COOPER CRESCENT SW","assessed_value":450500},{"address":"483.0 CRYSTALLINA NERA DRIVE NW","assessed_value":611000},{"address":"6106.0 19A AVENUE SW","assessed_value":705500},{"address":"5816.0 MULLEN PLACE NW","assessed_value":165000},{"address":"4517.0 SALY PLACE SW","assessed_value":567500},{"address":"3023.0 15 AVENUE NW","assessed_value":478000},{"address":"804.0 WELSH DRIVE SW","assessed_value":365000},{"address":"10226.0 104 STREET NW","assessed_value":1031000},{"address":"5390.0 CHAPPELLE ROAD SW","assessed_value":198500},{"address":"239.0 CY BECKER BOULEVARD NW","assessed_value":416500},{"address":"nan nan","assessed_value":4500},{"address":"nan nan","assessed_value":9000},{"address":"8073.0 CHAPPELLE WAY SW","assessed_value":387000},{"address":"107.0 WATT COMMON SW","assessed_value":185000},{"address":"2607.0 CASEY WAY SW","assessed_value":404000},{"address":"2716.0 COUGHLAN GREEN SW","assessed_value":424000},{"address":"1144.0 ADAMSON DRIVE SW","assessed_value":260500},{"address":"10305.0 108 AVENUE NW","assessed_value":74000},{"address":"5934.0 19A AVENUE SW","assessed_value":556500},{"address":"12650.0 142 AVENUE NW","assessed_value":156000},{"address":"13003.0 132 AVENUE NW","assessed_value":256500},{"address":"17607.0 122 STREET NW","assessed_value":590000},{"address":"2848.0 16 AVENUE NW","assessed_value":458000},{"address":"2345.0 CASEY CRESCENT SW","assessed_value":448000},{"address":"2905.0 141 STREET SW","assessed_value":306000},{"address":"165.0 CY BECKER BOULEVARD NW","assessed_value":312000},{"address":"nan nan","assessed_value":4500},{"address":"10305.0 108 AVENUE NW","assessed_value":75000},{"address":"nan nan","assessed_value":8500},{"address":"1031.0 173 STREET SW","assessed_value":224500},{"address":"1373.0 WATT DRIVE SW","assessed_value":655500},{"address":"1710.0 KEENE CRESCENT SW","assessed_value":379000},{"address":"4225.0 CHARLES CLOSE SW","assessed_value":729000},{"address":"8209.0 217 STREET NW","assessed_value":326500},{"address":"8542.0 CUSHING PLACE SW","assessed_value":473500},{"address":"6720.0 ELSTON LANE NW","assessed_value":624000},{"address":"1512.0 26 AVENUE NW","assessed_value":403000},{"address":"17441.0 9A AVENUE SW","assessed_value":509500},{"address":"1209.0 MCCONACHIE BOULEVARD NW","assessed_value":451000},{"address":"nan nan","assessed_value":12500},{"address":"224.0 42 AVENUE NW","assessed_value":406000},{"address":"311.0 42 AVENUE NW","assessed_value":500000},{"address":"20812.0 130 AVENUE NW","assessed_value":604500},{"address":"393.0 ORCHARDS BOULEVARD SW","assessed_value":393000},{"address":"nan nan","assessed_value":12000},{"address":"5515.0 7 AVENUE SW","assessed_value":185500},{"address":"456.0 42 AVENUE NW","assessed_value":660500},{"address":"nan nan","assessed_value":12500},{"address":"7503.0 GETTY GATE NW","assessed_value":312500},{"address":"1204.0 163 STREET SW","assessed_value":402000},{"address":"2470.0 GLENRIDDING BOULEVARD SW","assessed_value":373500},{"address":"6057.0 ROSENTHAL WAY NW","assessed_value":530000},{"address":"3388.0 CHICKADEE DRIVE NW","assessed_value":664500},{"address":"8132.0 217 STREET NW","assessed_value":408000},{"address":"6146.0 ROSENTHAL WAY NW","assessed_value":364500},{"address":"316.0 WINDERMERE ROAD NW","assessed_value":506500},{"address":"2824.0 16 AVENUE NW","assessed_value":404000},{"address":"508.0 GRIESBACH PARADE NW","assessed_value":278000},{"address":"1751.0 CUNNINGHAM WAY SW","assessed_value":28121000},{"address":"16611.0 18 AVENUE SW","assessed_value":594000},{"address":"5151.0 WINDERMERE BOULEVARD SW","assessed_value":221500},{"address":"270.0 MCCONACHIE DRIVE NW","assessed_value":163000},{"address":"1283.0 PEREGRINE TERRACE NW","assessed_value":239000},{"address":"8056.0 EVANS CRESCENT NW","assessed_value":453500},{"address":"5510.0 SCHONSEE DRIVE NW","assessed_value":188500},{"address":"2234.0 GLENRIDDING BOULEVARD SW","assessed_value":390500},{"address":"165.0 CY BECKER BOULEVARD NW","assessed_value":338000},{"address":"1628.0 18 STREET NW","assessed_value":568500},{"address":"866.0 EBBERS CRESCENT NW","assessed_value":441000},{"address":"1664.0 DAVIDSON GREEN SW","assessed_value":583000},{"address":"nan nan","assessed_value":3000},{"address":"2517.0 CASEY WAY SW","assessed_value":461500},{"address":"nan nan","assessed_value":10500},{"address":"2904.0 15 AVENUE NW","assessed_value":736500},{"address":"nan nan","assessed_value":4500},{"address":"10238.0 103 STREET NW","assessed_value":257500},{"address":"nan nan","assessed_value":298000},{"address":"nan nan","assessed_value":12000},{"address":"nan nan","assessed_value":5500},{"address":"5816.0 MULLEN PLACE NW","assessed_value":186000},{"address":"320.0 AMBLESIDE LINK SW","assessed_value":208000},{"address":"5229.0 22 AVENUE SW","assessed_value":427500},{"address":"1012.0 WALKOWSKI PLACE NW","assessed_value":879500},{"address":"10515.0 16 AVENUE NW","assessed_value":324500},{"address":"2007.0 15 AVENUE NW","assessed_value":506500},{"address":"nan nan","assessed_value":4500},{"address":"nan nan","assessed_value":10000},{"address":"nan nan","assessed_value":12500},{"address":"3810.0 171A AVENUE NW","assessed_value":443000},{"address":"2298.0 GLENRIDDING BOULEVARD SW","assessed_value":381500},{"address":"3664.0 HUMMBINGBIRD WAY NW","assessed_value":648000},{"address":"11080.0 ELLERSLIE ROAD SW","assessed_value":326500},{"address":"nan nan","assessed_value":41000},{"address":"1196.0 CY BECKER ROAD NW","assessed_value":671500},{"address":"7457.0 CHIVERS CRESCENT SW","assessed_value":95500},{"address":"10728.0 72 AVENUE NW","assessed_value":773000},{"address":"251.0 42 AVENUE NW","assessed_value":489000},{"address":"8624.0 CUSHING PLACE SW","assessed_value":460000},{"address":"1329.0 CHAPPELLE BOULEVARD SW","assessed_value":433000},{"address":"nan nan","assessed_value":8500},{"address":"nan nan","assessed_value":40500},{"address":"nan nan","assessed_value":10500},{"address":"625.0 LEGER WAY NW","assessed_value":371000},{"address":"nan nan","assessed_value":5500},{"address":"10557.0 112 STREET NW","assessed_value":1138500},{"address":"6827.0 EVANS WYND NW","assessed_value":429500},{"address":"10418.0 81 AVENUE NW","assessed_value":223000},{"address":"104.0 ALLARD LINK SW","assessed_value":441500},{"address":"6115.0 19 AVENUE SW","assessed_value":852000},{"address":"nan nan","assessed_value":12500},{"address":"16339.0 17 AVENUE SW","assessed_value":671500},{"address":"47.0 ELSINORE PLACE NW","assessed_value":161500},{"address":"8132.0 217 STREET NW","assessed_value":443500},{"address":"1393.0 SECORD LANDING NW","assessed_value":526500},{"address":"349.0 ORCHARDS BOULEVARD SW","assessed_value":539500},{"address":"nan nan","assessed_value":8000},{"address":"2777.0 COUGHLAN GREEN SW","assessed_value":472000},{"address":"2181.0 KOSHAL WAY SW","assessed_value":663000},{"address":"nan nan","assessed_value":40500},{"address":"5703.0 175B AVENUE NW","assessed_value":687000},{"address":"903.0 CRYSTALLINA NERA WAY NW","assessed_value":310500},{"address":"340.0 DESROCHERS BOULEVARD SW","assessed_value":432000},{"address":"nan nan","assessed_value":14500},{"address":"3315.0 JAMES MOWATT TRAIL SW","assessed_value":167500},{"address":"1240.0 25 AVENUE NW","assessed_value":626000},{"address":"11969.0 JASPER AVENUE NW","assessed_value":641000},{"address":"nan nan","assessed_value":5500},{"address":"843.0 EBBERS CRESCENT NW","assessed_value":424500},{"address":"8011.0 174 AVENUE NW","assessed_value":630500},{"address":"1931.0 59 STREET SW","assessed_value":548000},{"address":"1820.0 RUTHERFORD ROAD SW","assessed_value":194500},{"address":"10238.0 103 STREET NW","assessed_value":320000},{"address":"4008.0 SAVARYN DRIVE SW","assessed_value":270000},{"address":"nan nan","assessed_value":10500},{"address":"15828.0 15 AVENUE SW","assessed_value":609500},{"address":"4425.0 5A STREET NW","assessed_value":401000},{"address":"nan nan","assessed_value":14500},{"address":"nan nan","assessed_value":9500},{"address":"12359.0 176 AVENUE NW","assessed_value":585500},{"address":"10305.0 108 AVENUE NW","assessed_value":61000},{"address":"nan nan","assessed_value":12500},{"address":"nan nan","assessed_value":8500},{"address":"9703.0 79 AVENUE NW","assessed_value":569500},{"address":"173.0 DESROCHERS GATE SW","assessed_value":381000},{"address":"4029.0 ORCHARDS DRIVE SW","assessed_value":289500},{"address":"1215.0 WAHL COURT NW","assessed_value":1215000},{"address":"270.0 MCCONACHIE DRIVE NW","assessed_value":179000},{"address":"nan nan","assessed_value":8000},{"address":"nan nan","assessed_value":8000},{"address":"6467.0 ELSTON LOOP NW","assessed_value":571000},{"address":"10226.0 104 STREET NW","assessed_value":419000},{"address":"1004.0 ROSENTHAL BOULEVARD NW","assessed_value":174000},{"address":"12650.0 142 AVENUE NW","assessed_value":210000},{"address":"18520.0 100 AVENUE NW","assessed_value":26235500},{"address":"1005.0 GRAYDON HILL BOULEVARD SW","assessed_value":326500},{"address":"10238.0 103 STREET NW","assessed_value":277500},{"address":"nan nan","assessed_value":12000},{"address":"nan nan","assessed_value":12500},{"address":"nan nan","assessed_value":40500},{"address":"nan nan","assessed_value":9500},{"address":"18126.0 77 STREET NW","assessed_value":173500},{"address":"934.0 EBBERS CRESCENT NW","assessed_value":682500},{"address":"nan nan","assessed_value":3000},{"address":"1620.0 DAVIDSON GREEN SW","assessed_value":724500},{"address":"15709.0 139 STREET NW","assessed_value":212500},{"address":"812.0 EBBERS CRESCENT NW","assessed_value":620000},{"address":"1627.0 161 STREET SW","assessed_value":577000},{"address":"nan nan","assessed_value":12500},{"address":"9517.0 160 AVENUE NW","assessed_value":142000},{"address":"17914.0 9A AVENUE SW","assessed_value":581000},{"address":"1922.0 15 AVENUE NW","assessed_value":461500},{"address":"3315.0 JAMES MOWATT TRAIL SW","assessed_value":154500},{"address":"1144.0 ADAMSON DRIVE SW","assessed_value":195000},{"address":"274.0 MCCONACHIE DRIVE NW","assessed_value":140500},{"address":"1480.0 WATT DRIVE SW","assessed_value":339000},{"address":"22506.0 98A AVENUE NW","assessed_value":669000},{"address":"2663.0 MAPLE WAY NW","assessed_value":405500},{"address":"452.0 40 AVENUE NW","assessed_value":551500},{"address":"8620.0 137 STREET NW","assessed_value":1385500},{"address":"6834.0 EVANS WYND NW","assessed_value":407500},{"address":"nan nan","assessed_value":14500},{"address":"nan nan","assessed_value":12500},{"address":"nan nan","assessed_value":8000},{"address":"4803.0 CHARLES COURT SW","assessed_value":1173500},{"address":"118.0 1820 RUTHERFORD ROAD SW","assessed_value":187000},{"address":"nan nan","assessed_value":3000},{"address":"270.0 MCCONACHIE DRIVE NW","assessed_value":191000},{"address":"nan nan","assessed_value":8000},{"address":"nan nan","assessed_value":8500},{"address":"21912.0 86 AVENUE NW","assessed_value":653000},{"address":"655.0 WATT BOULEVARD SW","assessed_value":328500},{"address":"5203.0 149 AVENUE NW","assessed_value":276000},{"address":"16719.0 14 AVENUE SW","assessed_value":449500},{"address":"9626.0 106 AVENUE NW","assessed_value":264500},{"address":"803.0 WINDERMERE WYND NW","assessed_value":660500},{"address":"nan nan","assessed_value":40500},{"address":"nan nan","assessed_value":6000},{"address":"4907.0 CHARLES POINT SW","assessed_value":554500},{"address":"427.0 1820 RUTHERFORD ROAD SW","assessed_value":174500},{"address":"1369.0 WATT DRIVE SW","assessed_value":497500},{"address":"nan nan","assessed_value":5500},{"address":"1511.0 164 STREET SW","assessed_value":737500},{"address":"nan nan","assessed_value":12500},{"address":"4522.0 SALY PLACE SW","assessed_value":645000},{"address":"5804.0 MULLEN PLACE NW","assessed_value":174500},{"address":"10238.0 103 STREET NW","assessed_value":356000},{"address":"2124.0 24 STREET NW","assessed_value":373000},{"address":"4252.0 CHARLES CLOSE SW","assessed_value":572000},{"address":"2531.0 20 AVENUE NW","assessed_value":460500},{"address":"1004.0 ROSENTHAL BOULEVARD NW","assessed_value":228000},{"address":"20509.0 128 AVENUE NW","assessed_value":412500},{"address":"17707.0 8 AVENUE SW","assessed_value":751500},{"address":"104.0 ALLARD LINK SW","assessed_value":437500},{"address":"20936.0 96 AVENUE NW","assessed_value":521000},{"address":"nan nan","assessed_value":12000},{"address":"2427.0 17 AVENUE NW","assessed_value":574500},{"address":"3115.0 14 AVENUE NW","assessed_value":448500},{"address":"nan nan","assessed_value":10500},{"address":"310.0 DESROCHERS BOULEVARD SW","assessed_value":395500},{"address":"17819.0 60 STREET NW","assessed_value":454000},{"address":"823.0 177 STREET SW","assessed_value":673000},{"address":"nan nan","assessed_value":4500},{"address":"18122.0 77 STREET NW","assessed_value":171000},{"address":"15709.0 139 STREET NW","assessed_value":170000},{"address":"16315.0 18 AVENUE SW","assessed_value":743000},{"address":"415.0 CLAREVIEW ROAD NW","assessed_value":302000},{"address":"nan nan","assessed_value":6000},{"address":"10307.0 120 STREET NW","assessed_value":519500},{"address":"10238.0 103 STREET NW","assessed_value":288000},{"address":"10542.0 129 STREET NW","assessed_value":762500},{"address":"nan nan","assessed_value":12000},{"address":"2230.0 TRUMPETER WAY NW","assessed_value":6136500},{"address":"nan nan","assessed_value":5500},{"address":"604.0 MCALLISTER LOOP SW","assessed_value":582500}]