[{"address":"10751.0 29 AVENUE NW","assessed_value":96500},{"address":"12639.0 73 STREET NW","assessed_value":213000},{"address":"61.0 HENRY AVENUE NW","assessed_value":351500},{"address":"11608.0 32 STREET NW","assessed_value":221000},{"address":"4001.0 113 AVENUE NW","assessed_value":359500},{"address":"11914.0 87 STREET NW","assessed_value":163500},{"address":"12012.0 52 STREET NW","assessed_value":306500},{"address":"9535.0 176 STREET NW","assessed_value":241000},{"address":"11838.0 77 STREET NW","assessed_value":173000},{"address":"13404.0 25 STREET NW","assessed_value":330000},{"address":"199.0 HOMESTEAD CRESCENT NW","assessed_value":180500},{"address":"4242.0 112 AVENUE NW","assessed_value":268000},{"address":"nan nan","assessed_value":7500},{"address":"12903.0 25 STREET NW","assessed_value":311500},{"address":"843.0 YOUVILLE DRIVE WEST NW","assessed_value":277000},{"address":"12202.0 59 STREET NW","assessed_value":306000},{"address":"1521.0 49A STREET NW","assessed_value":539500},{"address":"10703.0 32 STREET NW","assessed_value":314000},{"address":"11143.0 69 STREET NW","assessed_value":336000},{"address":"1819.0 KRAMER PLACE NW","assessed_value":464000},{"address":"24615.0 34 STREET NW","assessed_value":566000},{"address":"11934.0 68 STREET NW","assessed_value":253500},{"address":"9535.0 176 STREET NW","assessed_value":231000},{"address":"12019.0 69 STREET NW","assessed_value":338000},{"address":"3305.0 139 AVENUE NW","assessed_value":177000},{"address":"12021.0 48 STREET NW","assessed_value":243500},{"address":"4119.0 135 AVENUE NW","assessed_value":368500},{"address":"13004.0 31 STREET NW","assessed_value":344500},{"address":"3719.0 132 AVENUE NW","assessed_value":324500},{"address":"3036.0 143 AVENUE NW","assessed_value":382500},{"address":"463.0 ABBOTTSFIELD ROAD NW","assessed_value":156000},{"address":"11301.0 89 STREET NW","assessed_value":243000},{"address":"11405.0 89 STREET NW","assessed_value":303500},{"address":"12236.0 79 STREET NW","assessed_value":395500},{"address":"13321.0 30 STREET NW","assessed_value":1000},{"address":"6720.0 158 AVENUE NW","assessed_value":125000},{"address":"3245.0 132A AVENUE NW","assessed_value":213500},{"address":"4625.0 117 AVENUE NW","assessed_value":392500},{"address":"3515.0 109 AVENUE NW","assessed_value":317500},{"address":"12320.0 89 STREET NW","assessed_value":261000},{"address":"14023.0 30 STREET NW","assessed_value":191500},{"address":"223.0 HARRISON DRIVE NW","assessed_value":172500},{"address":"11015.0 32 STREET NW","assessed_value":333500},{"address":"5610.0 WHITEMUD ROAD NW","assessed_value":2476000},{"address":"nan nan","assessed_value":7500},{"address":"1429.0 115A STREET NW","assessed_value":620500},{"address":"14231.0 30 STREET NW","assessed_value":337500},{"address":"11902.0 43 STREET NW","assessed_value":285000},{"address":"nan nan","assessed_value":9000},{"address":"nan nan","assessed_value":14500},{"address":"13333.0 47 STREET NW","assessed_value":173500},{"address":"12082.0 58 STREET NW","assessed_value":259000},{"address":"10939.0 82 AVENUE NW","assessed_value":268000},{"address":"10189.0 106 STREET NW","assessed_value":500},{"address":"12206.0 48 STREET NW","assessed_value":314500},{"address":"4.0 ROUND ROAD NW","assessed_value":39500},{"address":"12130.0 65 STREET NW","assessed_value":311500},{"address":"11211.0 34 STREET NW","assessed_value":311000},{"address":"181.0 HABITAT CRESCENT NW","assessed_value":164500},{"address":"12210.0 64 STREET NW","assessed_value":240000},{"address":"9620.0 174 STREET NW","assessed_value":139500},{"address":"3408.0 102 AVENUE NW","assessed_value":452500},{"address":"6008.0 107 STREET NW","assessed_value":978000},{"address":"11639.0 89 STREET NW","assessed_value":259500},{"address":"13435.0 25 STREET NW","assessed_value":371500},{"address":"nan nan","assessed_value":6500},{"address":"4803.0 131 AVENUE NW","assessed_value":322500},{"address":"10557.0 84 STREET NW","assessed_value":168000},{"address":"2204.0 133 AVENUE NW","assessed_value":438000},{"address":"12007.0 48 STREET NW","assessed_value":485500},{"address":"12903.0 121 STREET NW","assessed_value":482000},{"address":"16927.0 116 STREET NW","assessed_value":445000},{"address":"12028.0 81 STREET NW","assessed_value":292500},{"address":"12741.0 102 STREET NW","assessed_value":43000},{"address":"nan nan","assessed_value":9000},{"address":"4707.0 126 AVENUE NW","assessed_value":180500},{"address":"3212.0 105 AVENUE NW","assessed_value":309500},{"address":"709.0 CARTER CREST WAY NW","assessed_value":608000},{"address":"14206.0 24A STREET NW","assessed_value":358500},{"address":"48.0 HABITAT CRESCENT NW","assessed_value":149500},{"address":"11903.0 46 STREET NW","assessed_value":262000},{"address":"12038.0 36 STREET NW","assessed_value":326500},{"address":"12616.0 73 STREET NW","assessed_value":119500},{"address":"13108.0 47 STREET NW","assessed_value":367500},{"address":"3515.0 107 AVENUE NW","assessed_value":299500},{"address":"1409.0 115A STREET NW","assessed_value":602500},{"address":"12018.0 77 STREET NW","assessed_value":173000},{"address":"626.0 CHERITON CRESCENT NW","assessed_value":900000},{"address":"3814.0 110 AVENUE NW","assessed_value":318500},{"address":"4248.0 114 AVENUE NW","assessed_value":329500},{"address":"2520.0 143 AVENUE NW","assessed_value":338000},{"address":"3207.0 104 AVENUE NW","assessed_value":325500},{"address":"11460.0 40 AVENUE NW","assessed_value":127500},{"address":"9918.0 101 STREET NW","assessed_value":137500},{"address":"12014.0 36 STREET NW","assessed_value":296500},{"address":"9620.0 174 STREET NW","assessed_value":113500},{"address":"14067.0 30 STREET NW","assessed_value":181500},{"address":"1259.0 HOOKE ROAD NW","assessed_value":180000},{"address":"21.0 HENRY AVENUE NW","assessed_value":339000},{"address":"6708.0 162 AVENUE NW","assessed_value":419500},{"address":"12243.0 44 STREET NW","assessed_value":387500},{"address":"11606.0 87 STREET NW","assessed_value":202000},{"address":"12201.0 40 STREET NW","assessed_value":260000},{"address":"15804.0 67B STREET NW","assessed_value":410000},{"address":"11832.0 45 STREET NW","assessed_value":570500},{"address":"9726.0 91 STREET NW","assessed_value":433500},{"address":"12019.0 55 STREET NW","assessed_value":193000},{"address":"8705.0 156A AVENUE NW","assessed_value":546500},{"address":"11942.0 79 STREET NW","assessed_value":265500},{"address":"3031.0 143 AVENUE NW","assessed_value":346500},{"address":"36.0 HARRISON DRIVE NW","assessed_value":338000},{"address":"13838.0 127 STREET NW","assessed_value":1166000},{"address":"10885.0 75 STREET NW","assessed_value":471000},{"address":"11816.0 8 AVENUE NW","assessed_value":387000},{"address":"12040.0 86 STREET NW","assessed_value":542500},{"address":"12673.0 72 STREET NW","assessed_value":184000},{"address":"4601.0 131 AVENUE NW","assessed_value":118000},{"address":"11325.0 53 STREET NW","assessed_value":355500},{"address":"10610.0 76 STREET NW","assessed_value":249500},{"address":"12220.0 60 STREET NW","assessed_value":276500},{"address":"9640.0 105 STREET NW","assessed_value":317000},{"address":"555.0 ABBOTTSFIELD ROAD NW","assessed_value":156500},{"address":"18604.0 106A AVENUE NW","assessed_value":4948000},{"address":"12025.0 41 STREET NW","assessed_value":266000},{"address":"9918.0 101 STREET NW","assessed_value":161000},{"address":"3417.0 120A AVENUE NW","assessed_value":271500},{"address":"3153.0 139 AVENUE NW","assessed_value":174500},{"address":"4817.0 ADA BOULEVARD NW","assessed_value":441500},{"address":"13603.0 27 STREET NW","assessed_value":301000},{"address":"191.0 DECHENE ROAD NW","assessed_value":722500},{"address":"nan nan","assessed_value":1000},{"address":"7103.0 81 AVENUE NW","assessed_value":71500},{"address":"11336.0 84 STREET NW","assessed_value":319000},{"address":"924.0 115 STREET NW","assessed_value":484000},{"address":"4209.0 113 AVENUE NW","assessed_value":289500},{"address":"26.0 RIM ROAD NW","assessed_value":36500},{"address":"113.0 HABITAT CRESCENT NW","assessed_value":172000},{"address":"23.0 HARVEST ROAD NW","assessed_value":339500},{"address":"14907.0 128 STREET NW","assessed_value":403000},{"address":"2528.0 143 AVENUE NW","assessed_value":349500},{"address":"4703.0 127 AVENUE NW","assessed_value":38500},{"address":"11736.0 10 AVENUE NW","assessed_value":512000},{"address":"11337.0 66 STREET NW","assessed_value":279500},{"address":"9619.0 174 STREET NW","assessed_value":123000},{"address":"3120.0 112 AVENUE NW","assessed_value":373000},{"address":"11438.0 91 STREET NW","assessed_value":193500},{"address":"11505.0 81 STREET NW","assessed_value":163500},{"address":"208.0 HABITAT CRESCENT NW","assessed_value":140000},{"address":"5040.0 MANNING DRIVE NW","assessed_value":2349500},{"address":"11220.0 69 STREET NW","assessed_value":282500},{"address":"1295.0 CARTER CREST ROAD NW","assessed_value":282000},{"address":"3291.0 142 AVENUE NW","assessed_value":183000},{"address":"11932.0 70 STREET NW","assessed_value":276500},{"address":"3420.0 136 AVENUE NW","assessed_value":327000},{"address":"15242.0 53 STREET NW","assessed_value":457500},{"address":"10317.0 117 STREET NW","assessed_value":496500},{"address":"nan nan","assessed_value":14500},{"address":"3237.0 142 AVENUE NW","assessed_value":178500},{"address":"11115.0 60 STREET NW","assessed_value":414000},{"address":"263.0 CLAREVIEW ROAD NW","assessed_value":391500},{"address":"32.0 HOMESTEAD CRESCENT NW","assessed_value":284000},{"address":"12006.0 60 STREET NW","assessed_value":240000},{"address":"10610.0 76 STREET NW","assessed_value":224000},{"address":"nan nan","assessed_value":9000},{"address":"12208.0 66 STREET NW","assessed_value":688500},{"address":"1422.0 WEST STRAIT PLACE NW","assessed_value":34000},{"address":"3231.0 107 AVENUE NW","assessed_value":321000},{"address":"8203.0 160 AVENUE NW","assessed_value":273000},{"address":"140.0 HARROW CIRCLE NW","assessed_value":14136500},{"address":"722.0 WEST RIDGE PLACE NW","assessed_value":34000},{"address":"12410.0 85 STREET NW","assessed_value":229000},{"address":"7680.0 JASPER AVENUE NW","assessed_value":348000},{"address":"16946.0 116 STREET NW","assessed_value":398500},{"address":"12114.0 79 STREET NW","assessed_value":501000},{"address":"11221.0 69 STREET NW","assessed_value":236500},{"address":"3643.0 108 AVENUE NW","assessed_value":344000},{"address":"9619.0 174 STREET NW","assessed_value":137000},{"address":"20.0 ROUND ROAD NW","assessed_value":29500},{"address":"443.0 WEST VIEW CLOSE NW","assessed_value":36500},{"address":"23.0 CLAREVIEW ROAD NW","assessed_value":318500},{"address":"288.0 EVERGREEN PARK NW","assessed_value":30500},{"address":"nan nan","assessed_value":500},{"address":"12219.0 50 STREET NW","assessed_value":304500},{"address":"11716.0 81 STREET NW","assessed_value":214500},{"address":"13449.0 40 STREET NW","assessed_value":209500},{"address":"12165.0 FORT ROAD NW","assessed_value":1086500},{"address":"4112.0 136 AVENUE NW","assessed_value":318000},{"address":"1094.0 CARTER CREST ROAD NW","assessed_value":772500},{"address":"12604.0 153 AVENUE NW","assessed_value":32500},{"address":"194.0 HOMESTEAD CRESCENT NW","assessed_value":344000},{"address":"11137.0 53 STREET NW","assessed_value":392000},{"address":"1517.0 HEFFERNAN CLOSE NW","assessed_value":669500},{"address":"11915.0 50 STREET NW","assessed_value":239500},{"address":"6110.0 118 AVENUE NW","assessed_value":1168000},{"address":"11245.0 61 STREET NW","assessed_value":435000},{"address":"11916.0 52 STREET NW","assessed_value":324500},{"address":"4230.0 113 AVENUE NW","assessed_value":241500},{"address":"12124.0 53 STREET NW","assessed_value":287000},{"address":"11428.0 87 STREET NW","assessed_value":454000},{"address":"12131.0 59 STREET NW","assessed_value":230000},{"address":"3645.0 117 AVENUE NW","assessed_value":420000},{"address":"11402.0 71 STREET NW","assessed_value":273500},{"address":"12019.0 64 STREET NW","assessed_value":157000},{"address":"3213.0 139 AVENUE NW","assessed_value":181000},{"address":"28.0 MAPLE RIDGE DRIVE NW","assessed_value":34000},{"address":"12230.0 46 STREET NW","assessed_value":279000},{"address":"1183.0 HOOKE ROAD NW","assessed_value":174000},{"address":"14605.0 52 STREET NW","assessed_value":296500},{"address":"15411.0 133 STREET NW","assessed_value":427000},{"address":"17646.0 96 AVENUE NW","assessed_value":268500},{"address":"11251.0 86 STREET NW","assessed_value":211500},{"address":"17467.0 98A AVENUE NW","assessed_value":159500},{"address":"12039.0 64 STREET NW","assessed_value":245500},{"address":"1101.0 CARTER CREST ROAD NW","assessed_value":504500},{"address":"3842.0 24 STREET NW","assessed_value":379000},{"address":"11715.0 88 STREET NW","assessed_value":291500},{"address":"11522.0 85 STREET NW","assessed_value":224000},{"address":"2609.0 135 AVENUE NW","assessed_value":170000},{"address":"1207.0 HOOKE ROAD NW","assessed_value":180000},{"address":"12230.0 76 STREET NW","assessed_value":223000},{"address":"222.0 ABBOTTSFIELD ROAD NW","assessed_value":142500},{"address":"11574.0 13 AVENUE NW","assessed_value":524000},{"address":"12006.0 39 STREET NW","assessed_value":188500},{"address":"17201.0 106A AVENUE NW","assessed_value":44500},{"address":"11838.0 54 STREET NW","assessed_value":334000},{"address":"197.0 HOMESTEAD CRESCENT NW","assessed_value":157500},{"address":"2547.0 135 AVENUE NW","assessed_value":168000},{"address":"11415.0 100 AVENUE NW","assessed_value":321500},{"address":"11530.0 13 AVENUE NW","assessed_value":591500},{"address":"4042.0 112 AVENUE NW","assessed_value":298500},{"address":"4121.0 134A AVENUE NW","assessed_value":352500},{"address":"3908.0 133 AVENUE NW","assessed_value":349500},{"address":"10751.0 29 AVENUE NW","assessed_value":114500},{"address":"12048.0 50 STREET NW","assessed_value":455500},{"address":"3315.0 139 AVENUE NW","assessed_value":172500},{"address":"11517.0 67 STREET NW","assessed_value":367500},{"address":"13532.0 38 STREET NW","assessed_value":205500},{"address":"3416.0 143 AVENUE NW","assessed_value":344000},{"address":"35.0 RIDGEWAY DRIVE NW","assessed_value":30500},{"address":"4033.0 112 AVENUE NW","assessed_value":251500},{"address":"9950.0 90 AVENUE NW","assessed_value":7268500},{"address":"12307.0 54 STREET NW","assessed_value":424000},{"address":"3119.0 113 AVENUE NW","assessed_value":399000},{"address":"2603.0 131 AVENUE NW","assessed_value":340500},{"address":"4228.0 124 AVENUE NW","assessed_value":344000},{"address":"11422.0 84 STREET NW","assessed_value":436000},{"address":"11851.0 70 STREET NW","assessed_value":120500},{"address":"10923.0 82 AVENUE NW","assessed_value":82500},{"address":"11829.0 37 STREET NW","assessed_value":261000},{"address":"12034.0 45 STREET NW","assessed_value":290500},{"address":"18220.0 105 AVENUE NW","assessed_value":4110000},{"address":"10923.0 82 AVENUE NW","assessed_value":84000},{"address":"11413.0 71 STREET NW","assessed_value":295000},{"address":"418.0 KLARVATTEN LAKE WYND NW","assessed_value":450000},{"address":"7803.0 125 AVENUE NW","assessed_value":298000},{"address":"12001.0 57 STREET NW","assessed_value":337500},{"address":"10731.0 SASKATCHEWAN DRIVE NW","assessed_value":758000},{"address":"11347.0 89 STREET NW","assessed_value":192000},{"address":"12037.0 54 STREET NW","assessed_value":296500},{"address":"11214.0 91 STREET NW","assessed_value":468000},{"address":"14230.0 31 STREET NW","assessed_value":138500},{"address":"3629.0 109 AVENUE NW","assessed_value":254500},{"address":"10607.0 114 STREET NW","assessed_value":88500},{"address":"11939.0 63 STREET NW","assessed_value":183500},{"address":"11435.0 41 AVENUE NW","assessed_value":138500},{"address":"11919.0 68 STREET NW","assessed_value":261500},{"address":"468.0 ABBOTTSFIELD ROAD NW","assessed_value":151000},{"address":"473.0 EVERGREEN PARK NW","assessed_value":33000},{"address":"11836.0 64 STREET NW","assessed_value":117000},{"address":"11937.0 55 STREET NW","assessed_value":603500},{"address":"2015.0 137 AVENUE NW","assessed_value":4500},{"address":"10809.0 SASKATCHEWAN DRIVE NW","assessed_value":315000},{"address":"3817.0 44 STREET NW","assessed_value":476500},{"address":"3712.0 131 AVENUE NW","assessed_value":375000},{"address":"11418.0 32 STREET NW","assessed_value":235500},{"address":"12015.0 52 STREET NW","assessed_value":269000},{"address":"13431.0 43 STREET NW","assessed_value":185500},{"address":"nan nan","assessed_value":5500},{"address":"13303.0 47 STREET NW","assessed_value":170000},{"address":"1830.0 KRAMER PLACE NW","assessed_value":412000},{"address":"15616.0 85 STREET NW","assessed_value":474000},{"address":"12340.0 89 STREET NW","assessed_value":283000},{"address":"13011.0 31 STREET NW","assessed_value":336500},{"address":"10877.0 75 STREET NW","assessed_value":434500},{"address":"97.0 CLAREVIEW ROAD NW","assessed_value":663500},{"address":"14530.0 52 STREET NW","assessed_value":120000},{"address":"216.0 HUMBERSTONE ROAD NW","assessed_value":350500},{"address":"835.0 113B STREET NW","assessed_value":475000},{"address":"11308.0 87 STREET NW","assessed_value":323000},{"address":"11704.0 9 AVENUE NW","assessed_value":431500},{"address":"2641.0 135 AVENUE NW","assessed_value":168000},{"address":"13544.0 25 STREET NW","assessed_value":353000},{"address":"6310.0 111 AVENUE NW","assessed_value":578500},{"address":"11615.0 70 STREET NW","assessed_value":366000},{"address":"310.0 CLAREVIEW ROAD NW","assessed_value":341500},{"address":"168.0 ABBOTTSFIELD ROAD NW","assessed_value":152500},{"address":"13227.0 47 STREET NW","assessed_value":169500},{"address":"12604.0 153 AVENUE NW","assessed_value":56500},{"address":"830.0 116A STREET NW","assessed_value":434500},{"address":"8521.0 120 AVENUE NW","assessed_value":234500},{"address":"11250.0 90 STREET NW","assessed_value":241000},{"address":"12916.0 28 STREET NW","assessed_value":308000},{"address":"14530.0 52 STREET NW","assessed_value":117500},{"address":"11436.0 81 STREET NW","assessed_value":250500},{"address":"10731.0 SASKATCHEWAN DRIVE NW","assessed_value":849500},{"address":"11909.0 39 STREET NW","assessed_value":241500},{"address":"12.0 HARRISON DRIVE NW","assessed_value":334000},{"address":"11907.0 81 STREET NW","assessed_value":54500},{"address":"2504.0 135 AVENUE NW","assessed_value":352000},{"address":"11921.0 53 STREET NW","assessed_value":357000},{"address":"743.0 WHISTON COURT NW","assessed_value":708500},{"address":"5004.0 121 AVENUE NW","assessed_value":498500},{"address":"12337.0 81 STREET NW","assessed_value":312500},{"address":"1826.0 KRAMER PLACE NW","assessed_value":398500},{"address":"4210.0 139 AVENUE NW","assessed_value":133500},{"address":"12223.0 64 STREET NW","assessed_value":356000},{"address":"767.0 WHISTON COURT NW","assessed_value":691500},{"address":"38.0 WEST VIEW BOULEVARD NW","assessed_value":34000},{"address":"2508.0 50 STREET NW","assessed_value":130500},{"address":"11606.0 69 STREET NW","assessed_value":363000},{"address":"11525.0 66 STREET NW","assessed_value":316000},{"address":"4601.0 131 AVENUE NW","assessed_value":121500},{"address":"8616.0 118 AVENUE NW","assessed_value":551500},{"address":"10809.0 SASKATCHEWAN DRIVE NW","assessed_value":339500},{"address":"10910.0 97 AVENUE NW","assessed_value":2000},{"address":"5003.0 110 AVENUE NW","assessed_value":660000},{"address":"11712.0 87 STREET NW","assessed_value":350500},{"address":"3817.0 108 AVENUE NW","assessed_value":282000},{"address":"13113.0 41A STREET NW","assessed_value":415500},{"address":"11640.0 82 STREET NW","assessed_value":228000},{"address":"12009.0 58 STREET NW","assessed_value":300500},{"address":"5335.0 112 AVENUE NW","assessed_value":373500},{"address":"3305.0 107 AVENUE NW","assessed_value":138000},{"address":"11606.0 84 STREET NW","assessed_value":213500},{"address":"810.0 116A STREET NW","assessed_value":388000},{"address":"3504.0 109 AVENUE NW","assessed_value":304500},{"address":"1526.0 HEFFERNAN CLOSE NW","assessed_value":619000},{"address":"12220.0 42 STREET NW","assessed_value":330500},{"address":"nan nan","assessed_value":9000},{"address":"nan nan","assessed_value":6500},{"address":"2211.0 195 AVENUE NW","assessed_value":13500},{"address":"3804.0 111 AVENUE NW","assessed_value":318500},{"address":"11506.0 71 STREET NW","assessed_value":319500},{"address":"12435.0 51 STREET NW","assessed_value":335500},{"address":"12110.0 45 STREET NW","assessed_value":243500},{"address":"1452.0 WEST STRAIT PLACE NW","assessed_value":22500},{"address":"8.0 KEYHOLE CRESCENT NW","assessed_value":29500},{"address":"4210.0 139 AVENUE NW","assessed_value":147000},{"address":"3640.0 117 AVENUE NW","assessed_value":262500},{"address":"11352.0 70 STREET NW","assessed_value":275500},{"address":"12219.0 90 STREET NW","assessed_value":33000},{"address":"nan nan","assessed_value":7500},{"address":"18103.0 34 STREET NW","assessed_value":30500},{"address":"12038.0 44 STREET NW","assessed_value":272500},{"address":"nan nan","assessed_value":8000},{"address":"12103.0 64 STREET NW","assessed_value":301000},{"address":"130.0 EVERGREEN PARK NW","assessed_value":26000},{"address":"10613.0 34 STREET NW","assessed_value":126000},{"address":"2011.0 137 AVENUE NW","assessed_value":255000},{"address":"203.0 HOMESTEAD CRESCENT NW","assessed_value":164500},{"address":"12207.0 88 STREET NW","assessed_value":311000},{"address":"16910.0 129 AVENUE NW","assessed_value":7539500},{"address":"11445.0 41 AVENUE NW","assessed_value":137000},{"address":"12340.0 67 STREET NW","assessed_value":242000},{"address":"5510.0 118 AVENUE NW","assessed_value":137000},{"address":"11316.0 91 STREET NW","assessed_value":181000},{"address":"3830.0 112 AVENUE NW","assessed_value":358000},{"address":"11835.0 9 AVENUE NW","assessed_value":360000},{"address":"6720.0 158 AVENUE NW","assessed_value":125000},{"address":"4703.0 128 AVENUE NW","assessed_value":377000},{"address":"2419.0 133 AVENUE NW","assessed_value":282000},{"address":"11849.0 79 STREET NW","assessed_value":160500},{"address":"2717.0 136 AVENUE NW","assessed_value":259500},{"address":"14229.0 32 STREET NW","assessed_value":130000},{"address":"11817.0 80 STREET NW","assessed_value":320500},{"address":"11407.0 9 AVENUE NW","assessed_value":500500},{"address":"25.0 OAK RIDGE DRIVE NW","assessed_value":71500},{"address":"11444.0 67 STREET NW","assessed_value":314500},{"address":"13065.0 34 STREET NW","assessed_value":196000},{"address":"10840.0 31 STREET NW","assessed_value":318000},{"address":"7812.0 118 AVENUE NW","assessed_value":161500},{"address":"2031.0 61 STREET NW","assessed_value":475500},{"address":"37.0 HABITAT CRESCENT NW","assessed_value":183000},{"address":"10159.0 155 STREET NW","assessed_value":113000},{"address":"12415.0 75 STREET NW","assessed_value":280500},{"address":"40.0 HARVEST ROAD NW","assessed_value":334500},{"address":"10745.0 29 AVENUE NW","assessed_value":137000},{"address":"11415.0 41 AVENUE NW","assessed_value":124000},{"address":"219.0 EVERGREEN PARK NW","assessed_value":24000},{"address":"11406.0 89 STREET NW","assessed_value":159500},{"address":"52.0 ROUND ROAD NW","assessed_value":29500},{"address":"11502.0 82 STREET NW","assessed_value":221000},{"address":"10232.0 89 STREET NW","assessed_value":350500},{"address":"11928.0 83 STREET NW","assessed_value":229500},{"address":"11159.0 67 STREET NW","assessed_value":254000},{"address":"9619.0 174 STREET NW","assessed_value":136000},{"address":"12118.0 40 STREET NW","assessed_value":242000},{"address":"349.0 WEST BROOK WAY NW","assessed_value":30000},{"address":"5623.0 111 AVENUE NW","assessed_value":470500},{"address":"3407.0 109 AVENUE NW","assessed_value":309500},{"address":"3721.0 135A AVENUE NW","assessed_value":357500},{"address":"11814.0 43 STREET NW","assessed_value":202000},{"address":"3007.0 111 AVENUE NW","assessed_value":378000},{"address":"10903.0 21 AVENUE NW","assessed_value":231000},{"address":"11606.0 68 STREET NW","assessed_value":289500},{"address":"11948.0 88 STREET NW","assessed_value":181000},{"address":"3405.0 132A AVENUE NW","assessed_value":15500},{"address":"11908.0 82 STREET NW","assessed_value":1947500},{"address":"9389.0 34 AVENUE NW","assessed_value":765500},{"address":"4828.0 ADA BOULEVARD NW","assessed_value":402500},{"address":"12604.0 153 AVENUE NW","assessed_value":74000},{"address":"11615.0 90 STREET NW","assessed_value":219000},{"address":"2680.0 LAKEVIEW GREEN NW","assessed_value":42000},{"address":"11907.0 87 STREET NW","assessed_value":361000},{"address":"12020.0 76 STREET NW","assessed_value":275000},{"address":"80.0 HENRY AVENUE NW","assessed_value":337000},{"address":"209.0 HARRISON DRIVE NW","assessed_value":198500},{"address":"4023.0 118 AVENUE NW","assessed_value":1442000},{"address":"11844.0 56 STREET NW","assessed_value":222000},{"address":"15499.0 CASTLE DOWNS ROAD NW","assessed_value":231000},{"address":"11816.0 42 STREET NW","assessed_value":302500},{"address":"12117.0 39 STREET NW","assessed_value":235500},{"address":"11322.0 70 STREET NW","assessed_value":307000},{"address":"11235.0 58 STREET NW","assessed_value":479000},{"address":"nan nan","assessed_value":8000},{"address":"4323.0 38A AVENUE NW","assessed_value":528500},{"address":"7811.0 154 AVENUE NW","assessed_value":375500},{"address":"4120.0 123 AVENUE NW","assessed_value":348500},{"address":"11929.0 48 STREET NW","assessed_value":258000},{"address":"10407.0 34 STREET NW","assessed_value":445500},{"address":"11319.0 84 STREET NW","assessed_value":226500},{"address":"3301.0 142 AVENUE NW","assessed_value":201500},{"address":"9236.0 34 AVENUE NW","assessed_value":1017500},{"address":"3505.0 122 AVENUE NW","assessed_value":253000},{"address":"3440.0 142 AVENUE NW","assessed_value":391500},{"address":"11115.0 9 AVENUE NW","assessed_value":313000},{"address":"4639.0 126 AVENUE NW","assessed_value":236500},{"address":"7519.0 111 AVENUE NW","assessed_value":354500},{"address":"6702.0 111 AVENUE NW","assessed_value":544000},{"address":"6710.0 158 AVENUE NW","assessed_value":143000},{"address":"10721.0 SASKATCHEWAN DRIVE NW","assessed_value":405500},{"address":"4808.0 115 AVENUE NW","assessed_value":239500},{"address":"2419.0 133 AVENUE NW","assessed_value":230500},{"address":"12908.0 25 STREET NW","assessed_value":317000},{"address":"nan nan","assessed_value":9000},{"address":"3629.0 111 AVENUE NW","assessed_value":343000},{"address":"400.0 CLAREVIEW ROAD NW","assessed_value":166500},{"address":"11133.0 57 STREET NW","assessed_value":445000},{"address":"11809.0 39 STREET NW","assessed_value":208000},{"address":"10704.0 176 STREET NW","assessed_value":6413500},{"address":"4846.0 117 AVENUE NW","assessed_value":371000},{"address":"10809.0 SASKATCHEWAN DRIVE NW","assessed_value":264000},{"address":"11837.0 85 STREET NW","assessed_value":396500},{"address":"463.0 HUFFMAN CRESCENT NW","assessed_value":362000},{"address":"11121.0 69 STREET NW","assessed_value":450500},{"address":"10.0 BLACKBURN DRIVE WEST SW","assessed_value":536500},{"address":"14915.0 128 STREET NW","assessed_value":392000},{"address":"3622.0 113 AVENUE NW","assessed_value":274000},{"address":"390.0 EVERGREEN PARK NW","assessed_value":23000},{"address":"8715.0 119 AVENUE NW","assessed_value":232000},{"address":"12303.0 45 STREET NW","assessed_value":384000},{"address":"12.0 WILLOWDALE DRIVE NW","assessed_value":73000},{"address":"586.0 ABBOTTSFIELD ROAD NW","assessed_value":171500},{"address":"nan nan","assessed_value":500},{"address":"12112.0 51 STREET NW","assessed_value":278000},{"address":"12514.0 80 STREET NW","assessed_value":321500},{"address":"13107.0 42 STREET NW","assessed_value":352000},{"address":"32.0 ROUND ROAD NW","assessed_value":34500},{"address":"9918.0 101 STREET NW","assessed_value":142000},{"address":"13420.0 42 STREET NW","assessed_value":357500},{"address":"17.0 MAPLE RIDGE DRIVE NW","assessed_value":57500},{"address":"11455.0 41 AVENUE NW","assessed_value":133000},{"address":"2508.0 50 STREET NW","assessed_value":119000},{"address":"10242.0 105 STREET NW","assessed_value":6627500},{"address":"13213.0 39A STREET NW","assessed_value":247000},{"address":"11930.0 86 STREET NW","assessed_value":330000},{"address":"11520.0 86 STREET NW","assessed_value":249500},{"address":"14520.0 52 STREET NW","assessed_value":119000},{"address":"11842.0 65 STREET NW","assessed_value":161500},{"address":"542.0 ABBOTTSFIELD ROAD NW","assessed_value":157500},{"address":"1648.0 MILL WOODS ROAD EAST NW","assessed_value":195500},{"address":"16904.0 116 STREET NW","assessed_value":452000},{"address":"12916.0 25 STREET NW","assessed_value":310500},{"address":"601.0 WEST MOUNT PLACE NW","assessed_value":43000},{"address":"11839.0 67 STREET NW","assessed_value":189500},{"address":"5907.0 121 AVENUE NW","assessed_value":217500},{"address":"5841.0 162A AVENUE NW","assessed_value":375000},{"address":"249.0 CLAREVIEW ROAD NW","assessed_value":436000},{"address":"2995.0 130 AVENUE NW","assessed_value":208500},{"address":"11341.0 84 STREET NW","assessed_value":242500},{"address":"50.0 HOMESTEAD CRESCENT NW","assessed_value":276000},{"address":"4303.0 124 AVENUE NW","assessed_value":363000},{"address":"11206.0 79 STREET NW","assessed_value":291500},{"address":"12024.0 62 STREET NW","assessed_value":224000},{"address":"744.0 CLAREVIEW ROAD NW","assessed_value":159500},{"address":"12220.0 82 STREET NW","assessed_value":1547000},{"address":"12315.0 83 STREET NW","assessed_value":266000},{"address":"12456.0 53 STREET NW","assessed_value":374000},{"address":"6822.0 162A AVENUE NW","assessed_value":471000},{"address":"13011.0 30 STREET NW","assessed_value":321500},{"address":"689.0 EVERGREEN PARK NW","assessed_value":28000},{"address":"4041.0 117 AVENUE NW","assessed_value":271000},{"address":"110.0 DECHENE ROAD NW","assessed_value":601500},{"address":"5304.0 ADA BOULEVARD NW","assessed_value":1530500},{"address":"750.0 WHISTON COURT NW","assessed_value":569000},{"address":"14640.0 50 STREET NW","assessed_value":293500},{"address":"11939.0 64 STREET NW","assessed_value":222500},{"address":"10004.0 104 AVENUE NW","assessed_value":9293000},{"address":"12211.0 52 STREET NW","assessed_value":296000},{"address":"11340.0 89 STREET NW","assessed_value":268000},{"address":"11835.0 89 STREET NW","assessed_value":1723500},{"address":"2945.0 130 AVENUE NW","assessed_value":190000},{"address":"12420.0 50 STREET NW","assessed_value":323000},{"address":"3649.0 114 AVENUE NW","assessed_value":198000},{"address":"8203.0 160 AVENUE NW","assessed_value":256500},{"address":"3801.0 ADA BOULEVARD NW","assessed_value":85000},{"address":"8211.0 124 AVENUE NW","assessed_value":260000},{"address":"11901.0 63 STREET NW","assessed_value":203000},{"address":"12055.0 55 STREET NW","assessed_value":323000},{"address":"12135.0 65 STREET NW","assessed_value":161000},{"address":"9620.0 174 STREET NW","assessed_value":141500},{"address":"12415.0 80 STREET NW","assessed_value":320000},{"address":"12126.0 43 STREET NW","assessed_value":209000},{"address":"2707.0 138 AVENUE NW","assessed_value":445000},{"address":"12609.0 47 STREET NW","assessed_value":252500},{"address":"nan nan","assessed_value":7500},{"address":"872.0 RYAN PLACE NW","assessed_value":502000},{"address":"11523.0 13 AVENUE NW","assessed_value":801000},{"address":"nan nan","assessed_value":8000},{"address":"8810.0 YELLOWHEAD TRAIL NW","assessed_value":1791000},{"address":"11211.0 70 STREET NW","assessed_value":336000},{"address":"3423.0 136 AVENUE NW","assessed_value":334500},{"address":"3704.0 131 AVENUE NW","assessed_value":406500},{"address":"4714.0 133 AVENUE NW","assessed_value":3000},{"address":"19.0 POST ROAD NW","assessed_value":31000},{"address":"8731.0 156 AVENUE NW","assessed_value":497000},{"address":"15499.0 CASTLE DOWNS ROAD NW","assessed_value":170000},{"address":"9918.0 101 STREET NW","assessed_value":131500},{"address":"3829.0 22 STREET NW","assessed_value":332500},{"address":"12032.0 52 STREET NW","assessed_value":323500},{"address":"20.0 HUGHES ROAD NW","assessed_value":388500},{"address":"169.0 EVERGREEN PARK NW","assessed_value":29000},{"address":"2419.0 133 AVENUE NW","assessed_value":282000},{"address":"3507.0 135 AVENUE NW","assessed_value":256500},{"address":"6715.0 118 AVENUE NW","assessed_value":358500},{"address":"6710.0 158 AVENUE NW","assessed_value":121000},{"address":"11725.0 90 STREET NW","assessed_value":216500},{"address":"nan nan","assessed_value":14500},{"address":"12224.0 43 STREET NW","assessed_value":300500},{"address":"156.0 CLAREVIEW ROAD NW","assessed_value":400500},{"address":"140.0 HABITAT CRESCENT NW","assessed_value":165500},{"address":"7525.0 110 AVENUE NW","assessed_value":634000},{"address":"3028.0 133 AVENUE NW","assessed_value":335000},{"address":"nan nan","assessed_value":8500},{"address":"2211.0 133A AVENUE NW","assessed_value":369000},{"address":"3015.0 109 AVENUE NW","assessed_value":324500},{"address":"1900.0 65 STREET NW","assessed_value":253500},{"address":"11440.0 40 AVENUE NW","assessed_value":147000},{"address":"11923.0 69 STREET NW","assessed_value":391500},{"address":"110.0 HOWSON CRESCENT NW","assessed_value":441500},{"address":"1306.0 WEST WOOD GATE NW","assessed_value":43500},{"address":"10520.0 120 STREET NW","assessed_value":174000},{"address":"12304.0 FORT ROAD NW","assessed_value":914000},{"address":"11425.0 41 AVENUE NW","assessed_value":130000},{"address":"11306.0 67 STREET NW","assessed_value":312000},{"address":"3907.0 98 STREET NW","assessed_value":241000},{"address":"16506.0 100 AVENUE NW","assessed_value":264000},{"address":"11247.0 86 STREET NW","assessed_value":202000},{"address":"11503.0 42 STREET NW","assessed_value":324500},{"address":"15499.0 CASTLE DOWNS ROAD NW","assessed_value":238000},{"address":"11928.0 76 STREET NW","assessed_value":187000},{"address":"76.0 RIDGEWAY DRIVE NW","assessed_value":33500},{"address":"436.0 HERMITAGE ROAD NW","assessed_value":168500},{"address":"12141.0 65 STREET NW","assessed_value":272000},{"address":"13025.0 34 STREET NW","assessed_value":218500},{"address":"4302.0 135 AVENUE NW","assessed_value":9000},{"address":"4514.0 128A AVENUE NW","assessed_value":399500},{"address":"11137.0 66 STREET NW","assessed_value":365500},{"address":"10880.0 73 STREET NW","assessed_value":419000},{"address":"nan nan","assessed_value":5500},{"address":"4008.0 37B AVENUE NW","assessed_value":427000},{"address":"2553.0 135 AVENUE NW","assessed_value":165500},{"address":"11415.0 100 AVENUE NW","assessed_value":293500},{"address":"9620.0 174 STREET NW","assessed_value":187000},{"address":"5108.0 123 AVENUE NW","assessed_value":356500},{"address":"2905.0 130 AVENUE NW","assessed_value":181000},{"address":"14203.0 24 STREET NW","assessed_value":333000},{"address":"908.0 114 STREET NW","assessed_value":467500},{"address":"265.0 EVERGREEN PARK NW","assessed_value":23000},{"address":"4042.0 113 AVENUE NW","assessed_value":330000},{"address":"12215.0 53 STREET NW","assessed_value":482500},{"address":"9918.0 101 STREET NW","assessed_value":172000},{"address":"12008.0 83 STREET NW","assessed_value":625500},{"address":"5838.0 162A AVENUE NW","assessed_value":344500},{"address":"216.0 ABBOTTSFIELD ROAD NW","assessed_value":145500},{"address":"11525.0 90 STREET NW","assessed_value":285000},{"address":"9731.0 94 STREET NW","assessed_value":1500},{"address":"11503.0 170 AVENUE NW","assessed_value":438500},{"address":"11931.0 46 STREET NW","assessed_value":260500},{"address":"4140.0 74 AVENUE NW","assessed_value":3763500},{"address":"7548.0 110 AVENUE NW","assessed_value":1166000},{"address":"12340.0 75 STREET NW","assessed_value":276000},{"address":"nan nan","assessed_value":10500},{"address":"10809.0 SASKATCHEWAN DRIVE NW","assessed_value":398000},{"address":"3112.0 112 AVENUE NW","assessed_value":326000},{"address":"30.0 QUARRY CRESCENT NW","assessed_value":29500},{"address":"4708.0 132 AVENUE NW","assessed_value":466500},{"address":"1299.0 HOOKE ROAD NW","assessed_value":180500},{"address":"179.0 HYNDMAN CRESCENT NW","assessed_value":292000},{"address":"5908.0 162B AVENUE NW","assessed_value":371500},{"address":"9918.0 101 STREET NW","assessed_value":102000},{"address":"11919.0 82 STREET NW","assessed_value":70000},{"address":"13122.0 30 STREET NW","assessed_value":256500},{"address":"8743.0 58 AVENUE NW","assessed_value":8383500},{"address":"3815.0 114 AVENUE NW","assessed_value":337000},{"address":"703.0 WEST RIDGE PLACE NW","assessed_value":31500},{"address":"11918.0 35 STREET NW","assessed_value":224500},{"address":"6717.0 161 AVENUE NW","assessed_value":341500},{"address":"10610.0 76 STREET NW","assessed_value":237000},{"address":"4605.0 126 AVENUE NW","assessed_value":303500},{"address":"14216.0 30 STREET NW","assessed_value":345500},{"address":"11320.0 86 STREET NW","assessed_value":285500},{"address":"11901.0 78 STREET NW","assessed_value":210000},{"address":"90.0 EVERGREEN PARK NW","assessed_value":46500},{"address":"14244.0 24 STREET NW","assessed_value":293500},{"address":"3613.0 116 AVENUE NW","assessed_value":288000},{"address":"8005.0 112S AVENUE NW","assessed_value":490000},{"address":"10728.0 30 STREET NW","assessed_value":399000},{"address":"12412.0 80 STREET NW","assessed_value":291000},{"address":"11914.0 47 STREET NW","assessed_value":224500},{"address":"6604.0 111 AVENUE NW","assessed_value":413000},{"address":"10721.0 SASKATCHEWAN DRIVE NW","assessed_value":428500},{"address":"11824.0 55 STREET NW","assessed_value":256500},{"address":"128.0 ABBOTTSFIELD ROAD NW","assessed_value":148000},{"address":"11235.0 57 STREET NW","assessed_value":439500},{"address":"8128.0 154 AVENUE NW","assessed_value":431000},{"address":"6.0 KEYHOLE CRESCENT NW","assessed_value":54000},{"address":"185.0 HYNDMAN CRESCENT NW","assessed_value":366000},{"address":"8810.0 112 AVENUE NW","assessed_value":275500},{"address":"12019.0 56 STREET NW","assessed_value":363000},{"address":"11242.0 85 STREET NW","assessed_value":227000},{"address":"12134.0 42 STREET NW","assessed_value":236500},{"address":"3811.0 42 STREET NW","assessed_value":479500},{"address":"2304.0 133A AVENUE NW","assessed_value":359000},{"address":"1839.0 WEST OAK COURT NW","assessed_value":43500},{"address":"2011.0 137 AVENUE NW","assessed_value":276500},{"address":"5012.0 123 AVENUE NW","assessed_value":372000},{"address":"8707.0 158A AVENUE NW","assessed_value":461500},{"address":"12724.0 47 STREET NW","assessed_value":325500},{"address":"2615.0 135 AVENUE NW","assessed_value":177000},{"address":"3510.0 121 AVENUE NW","assessed_value":270000},{"address":"3321.0 142 AVENUE NW","assessed_value":169500},{"address":"3612.0 116 AVENUE NW","assessed_value":277000},{"address":"10908.0 100 AVENUE NW","assessed_value":2000},{"address":"11567.0 13 AVENUE NW","assessed_value":504000},{"address":"11351.0 55 STREET NW","assessed_value":391000},{"address":"3007.0 133 AVENUE NW","assessed_value":399000},{"address":"451.0 ABBOTTSFIELD ROAD NW","assessed_value":153000},{"address":"11115.0 9 AVENUE NW","assessed_value":268000},{"address":"148.0 WILLIAM HUSTLER CRESCENT NW","assessed_value":368500},{"address":"nan nan","assessed_value":8000},{"address":"1029.0 CARTER CREST ROAD NW","assessed_value":761000},{"address":"8715.0 156 AVENUE NW","assessed_value":597000},{"address":"12035.0 47 STREET NW","assessed_value":248500},{"address":"13824.0 35 STREET NW","assessed_value":382000},{"address":"12222.0 87 STREET NW","assessed_value":470000},{"address":"10910.0 98 AVENUE NW","assessed_value":3500},{"address":"11910.0 57 STREET NW","assessed_value":291000},{"address":"123.0 HENRY AVENUE NW","assessed_value":345500},{"address":"8405.0 118 AVENUE NW","assessed_value":437000},{"address":"11420.0 40 AVENUE NW","assessed_value":105000},{"address":"10923.0 82 AVENUE NW","assessed_value":80500},{"address":"3403.0 127 AVENUE NW","assessed_value":1106500},{"address":"8416.0 160 AVENUE NW","assessed_value":451500},{"address":"11832.0 62 STREET NW","assessed_value":242500},{"address":"4602.0 114 AVENUE NW","assessed_value":252000},{"address":"5212.0 25 AVENUE NW","assessed_value":223500},{"address":"12.0 WHEELER PLACE NW","assessed_value":852500},{"address":"2011.0 137 AVENUE NW","assessed_value":261500},{"address":"4009.0 112 AVENUE NW","assessed_value":402500},{"address":"2412.0 143 AVENUE NW","assessed_value":406500},{"address":"11518.0 71 STREET NW","assessed_value":278000},{"address":"6924.0 162 AVENUE NW","assessed_value":578000},{"address":"11829.0 47 STREET NW","assessed_value":354000},{"address":"88.0 WILLIAM HUSTLER CRESCENT NW","assessed_value":359000},{"address":"11825.0 79 STREET NW","assessed_value":214500},{"address":"12016.0 87 STREET NW","assessed_value":252000},{"address":"14.0 MEADOW DRIVE NW","assessed_value":34000},{"address":"11111.0 56 STREET NW","assessed_value":556000},{"address":"3610.0 108 AVENUE NW","assessed_value":262000},{"address":"14650.0 50 STREET NW","assessed_value":297000},{"address":"11824.0 69 STREET NW","assessed_value":342500},{"address":"11415.0 88 STREET NW","assessed_value":339500},{"address":"10207.0 31 STREET NW","assessed_value":404000},{"address":"16021.0 67A STREET NW","assessed_value":476000},{"address":"13823.0 34 STREET NW","assessed_value":390500},{"address":"12421.0 89 STREET NW","assessed_value":377500},{"address":"14251.0 26 STREET NW","assessed_value":313500},{"address":"12225.0 39 STREET NW","assessed_value":444000},{"address":"4718.0 127B AVENUE NW","assessed_value":325000},{"address":"10739.0 86 AVENUE NW","assessed_value":188500},{"address":"68.0 RIDGEWAY DRIVE NW","assessed_value":29500},{"address":"11546.0 81 STREET NW","assessed_value":170000},{"address":"1265.0 HOOKE ROAD NW","assessed_value":192500},{"address":"11561.0 136 STREET NW","assessed_value":259500},{"address":"3422.0 135 AVENUE NW","assessed_value":249000},{"address":"404.0 WEST VIEW CLOSE NW","assessed_value":78000},{"address":"11221.0 91 STREET NW","assessed_value":219000},{"address":"11842.0 71 STREET NW","assessed_value":209000},{"address":"12208.0 61 STREET NW","assessed_value":153000},{"address":"2625.0 135A AVENUE NW","assessed_value":342500},{"address":"12222.0 65 STREET NW","assessed_value":329000},{"address":"12207.0 56 STREET NW","assessed_value":289000},{"address":"2508.0 131 AVENUE NW","assessed_value":355500},{"address":"3129.0 130 AVENUE NW","assessed_value":215000},{"address":"9620.0 174 STREET NW","assessed_value":132500},{"address":"16.0 HARROW CIRCLE NW","assessed_value":348000},{"address":"12220.0 62 STREET NW","assessed_value":324000},{"address":"10741.0 29 AVENUE NW","assessed_value":116500},{"address":"45.0 MAPLE RIDGE DRIVE NW","assessed_value":36500},{"address":"6908.0 ADA BOULEVARD NW","assessed_value":561500},{"address":"11910.0 89 STREET NW","assessed_value":502000},{"address":"12107.0 51 STREET NW","assessed_value":335000},{"address":"2419.0 133 AVENUE NW","assessed_value":236500},{"address":"13560.0 38 STREET NW","assessed_value":194500},{"address":"10907.0 38 STREET NW","assessed_value":257500},{"address":"11026.0 76 STREET NW","assessed_value":375500},{"address":"11119.0 65 STREET NW","assessed_value":591500},{"address":"12211.0 66 STREET NW","assessed_value":440500},{"address":"11212.0 62 STREET NW","assessed_value":610500},{"address":"1904.0 MILL WOODS ROAD NW","assessed_value":259000},{"address":"12006.0 46 STREET NW","assessed_value":323500},{"address":"197.0 HOMESTEAD CRESCENT NW","assessed_value":168000},{"address":"16116.0 67 STREET NW","assessed_value":429500},{"address":"12217.0 80 STREET NW","assessed_value":459500},{"address":"10923.0 82 AVENUE NW","assessed_value":79000},{"address":"1165.0 HOOKE ROAD NW","assessed_value":180000},{"address":"3112.0 138 AVENUE NW","assessed_value":395000},{"address":"9620.0 174 STREET NW","assessed_value":142000},{"address":"6250.0 ADA BOULEVARD NW","assessed_value":724500},{"address":"11317.0 89 STREET NW","assessed_value":230000},{"address":"11934.0 WAYNE GRETZKY DRIVE NORTHBOUND NW","assessed_value":29000},{"address":"83.0 HARRISON DRIVE NW","assessed_value":379500},{"address":"11942.0 43 STREET NW","assessed_value":145500},{"address":"6102.0 111 AVENUE NW","assessed_value":642500},{"address":"10331.0 106 STREET NW","assessed_value":191500},{"address":"10517.0 38 STREET NW","assessed_value":340500},{"address":"125.0 DECHENE ROAD NW","assessed_value":498000},{"address":"12112.0 62 STREET NW","assessed_value":290000},{"address":"3207.0 103 AVENUE NW","assessed_value":279500},{"address":"9918.0 101 STREET NW","assessed_value":136000},{"address":"11918.0 44 STREET NW","assessed_value":249500},{"address":"nan nan","assessed_value":10500},{"address":"2712.0 136 AVENUE NW","assessed_value":289000},{"address":"43.0 HARRISON DRIVE NW","assessed_value":308500},{"address":"12621.0 47 STREET NW","assessed_value":252000},{"address":"12309.0 80 STREET NW","assessed_value":305000},{"address":"14234.0 24A STREET NW","assessed_value":380500},{"address":"13431.0 41 STREET NW","assessed_value":371000},{"address":"13338.0 154 AVENUE NW","assessed_value":408500},{"address":"9620.0 174 STREET NW","assessed_value":180500},{"address":"14171.0 26 STREET NW","assessed_value":219000},{"address":"8304.0 121 AVENUE NW","assessed_value":191000},{"address":"11518.0 82 STREET NW","assessed_value":243000},{"address":"4520.0 124 AVENUE NW","assessed_value":468000},{"address":"11903.0 WAYNE GRETZKY DRIVE NORTHBOUND NW","assessed_value":627000},{"address":"8320.0 124 AVENUE NW","assessed_value":5000},{"address":"2047.0 61 STREET NW","assessed_value":536000},{"address":"12032.0 64 STREET NW","assessed_value":334000},{"address":"13071.0 34 STREET NW","assessed_value":201500},{"address":"814.0 WEST COAST BAY NW","assessed_value":34500},{"address":"3840.0 108 AVENUE NW","assessed_value":301000},{"address":"11924.0 54 STREET NW","assessed_value":205500},{"address":"3043.0 142 AVENUE NW","assessed_value":339500},{"address":"3802.0 109 AVENUE NW","assessed_value":349000},{"address":"3838.0 114 AVENUE NW","assessed_value":309500},{"address":"11922.0 38 STREET NW","assessed_value":267000},{"address":"13020.0 31 STREET NW","assessed_value":347500},{"address":"546.0 ABBOTTSFIELD ROAD NW","assessed_value":180000},{"address":"11341.0 86 STREET NW","assessed_value":323000},{"address":"32.0 HOWSON CRESCENT NW","assessed_value":293500},{"address":"510.0 WEST WOOD PLACE NW","assessed_value":30000},{"address":"nan nan","assessed_value":9000},{"address":"2604.0 135 AVENUE NW","assessed_value":389000},{"address":"1806.0 WEST OAK WAY NW","assessed_value":32000},{"address":"9010.0 116 AVENUE NW","assessed_value":129000},{"address":"10508.0 119 STREET NW","assessed_value":179500},{"address":"12119.0 61 STREET NW","assessed_value":224500},{"address":"12325.0 85 STREET NW","assessed_value":203500},{"address":"100.0 HOMESTEAD CRESCENT NW","assessed_value":337000},{"address":"11513.0 88 STREET NW","assessed_value":172000},{"address":"11521.0 9A AVENUE NW","assessed_value":587000},{"address":"12031.0 105 STREET NW","assessed_value":286500},{"address":"11623.0 69 STREET NW","assessed_value":264000},{"address":"17.0 WILLOWDALE DRIVE NW","assessed_value":34500},{"address":"4205.0 112 AVENUE NW","assessed_value":216000},{"address":"13115.0 30 STREET NW","assessed_value":269000},{"address":"540.0 HOOKE ROAD NW","assessed_value":15500},{"address":"4103.0 131 AVENUE NW","assessed_value":484000},{"address":"468.0 EVERGREEN PARK NW","assessed_value":35000},{"address":"9918.0 101 STREET NW","assessed_value":127000},{"address":"8910.0 112 AVENUE NW","assessed_value":258500},{"address":"6015.0 119 AVENUE NW","assessed_value":240500},{"address":"28.0 WILLIAM HUSTLER CRESCENT NW","assessed_value":326000},{"address":"9630.0 176 STREET NW","assessed_value":278500},{"address":"12335.0 77 STREET NW","assessed_value":270500},{"address":"11615.0 83 STREET NW","assessed_value":224500},{"address":"1836.0 KRAMER PLACE NW","assessed_value":427000},{"address":"1046.0 WEST MOUNT CRESCENT NW","assessed_value":37500},{"address":"12416.0 66 STREET NW","assessed_value":174000},{"address":"12222.0 38 STREET NW","assessed_value":328500},{"address":"471.0 ABBOTTSFIELD ROAD NW","assessed_value":166500},{"address":"14219.0 32 STREET NW","assessed_value":126000},{"address":"11335.0 64 STREET NW","assessed_value":439000},{"address":"23.0 HOWSON CRESCENT NW","assessed_value":338000},{"address":"12807.0 48 STREET NW","assessed_value":321500},{"address":"17.0 CLIFF CRESCENT NW","assessed_value":31500},{"address":"152.0 HABITAT CRESCENT NW","assessed_value":142500},{"address":"413.0 WEST VIEW CLOSE NW","assessed_value":32000},{"address":"11322.0 56 STREET NW","assessed_value":465500},{"address":"410.0 CLAREVIEW ROAD NW","assessed_value":163000},{"address":"11355.0 10 AVENUE NW","assessed_value":543000},{"address":"609.0 CHERITON CRESCENT NW","assessed_value":590000},{"address":"11434.0 91 STREET NW","assessed_value":248000},{"address":"12220.0 41 STREET NW","assessed_value":335000},{"address":"11341.0 68 STREET NW","assessed_value":433500},{"address":"12014.0 43 STREET NW","assessed_value":266500},{"address":"21.0 EVERGREEN PARK NW","assessed_value":33000},{"address":"3312.0 138 AVENUE NW","assessed_value":440500},{"address":"11531.0 88 STREET NW","assessed_value":224000},{"address":"12316.0 88 STREET NW","assessed_value":236000},{"address":"4503.0 120 AVENUE NW","assessed_value":405000},{"address":"11605.0 38 STREET NW","assessed_value":293000},{"address":"11821.0 50 STREET NW","assessed_value":241500},{"address":"4107.0 134 AVENUE NW","assessed_value":265500},{"address":"2915.0 130 AVENUE NW","assessed_value":181000},{"address":"5004.0 MANNING DRIVE NW","assessed_value":3434000},{"address":"10037.0 166 STREET NW","assessed_value":263000},{"address":"6710.0 158 AVENUE NW","assessed_value":119000},{"address":"11525.0 68 STREET NW","assessed_value":303500},{"address":"12409.0 82 STREET NW","assessed_value":61500},{"address":"725.0 CLAREVIEW ROAD NW","assessed_value":168000},{"address":"19051.0 18 STREET NW","assessed_value":663000},{"address":"nan nan","assessed_value":8000},{"address":"nan nan","assessed_value":9500},{"address":"11712.0 8 AVENUE NW","assessed_value":357000},{"address":"3835.0 114 AVENUE NW","assessed_value":238000},{"address":"13219.0 41 STREET NW","assessed_value":337500},{"address":"13041.0 32A STREET NW","assessed_value":329000},{"address":"11436.0 65 STREET NW","assessed_value":418000},{"address":"13032.0 33 STREET NW","assessed_value":329000},{"address":"7509.0 112 AVENUE NW","assessed_value":319000},{"address":"4215.0 124 AVENUE NW","assessed_value":438000},{"address":"12436.0 51 STREET NW","assessed_value":430000},{"address":"4.0 CLAREVIEW ROAD NW","assessed_value":287000},{"address":"241.0 EVERGREEN PARK NW","assessed_value":24000},{"address":"3824.0 111 AVENUE NW","assessed_value":303000},{"address":"2721.0 129 AVENUE NW","assessed_value":383500},{"address":"517.0 ABBOTTSFIELD ROAD NW","assessed_value":142500},{"address":"nan nan","assessed_value":6500},{"address":"907.0 114 STREET NW","assessed_value":514000},{"address":"3104.0 107A AVENUE NW","assessed_value":321500},{"address":"12017.0 53 STREET NW","assessed_value":211500},{"address":"2511.0 135 AVENUE NW","assessed_value":364000},{"address":"250.0 CLAREVIEW ROAD NW","assessed_value":318500},{"address":"11236.0 89 STREET NW","assessed_value":436500},{"address":"11.0 HOWSON CRESCENT NW","assessed_value":442000},{"address":"133.0 TWIN BROOKS COVE NW","assessed_value":693000},{"address":"2011.0 137 AVENUE NW","assessed_value":195500},{"address":"12113.0 44 STREET NW","assessed_value":282000},{"address":"2618.0 131 AVENUE NW","assessed_value":351500},{"address":"2717.0 136A AVENUE NW","assessed_value":232500},{"address":"3018.0 132 AVENUE NW","assessed_value":243500},{"address":"nan nan","assessed_value":5500},{"address":"12239.0 52 STREET NW","assessed_value":284500},{"address":"11711.0 83 STREET NW","assessed_value":324500},{"address":"3622.0 109 AVENUE NW","assessed_value":357500},{"address":"758.0 ORMSBY ROAD WEST NW","assessed_value":490500},{"address":"11936.0 53 STREET NW","assessed_value":211000},{"address":"11465.0 41 AVENUE NW","assessed_value":127500},{"address":"44.0 CLAREVIEW ROAD NW","assessed_value":340500},{"address":"10615.0 38 STREET NW","assessed_value":338500},{"address":"3907.0 98 STREET NW","assessed_value":266500},{"address":"12222.0 58 STREET NW","assessed_value":261000},{"address":"11105.0 9 AVENUE NW","assessed_value":270000},{"address":"11546.0 82 STREET NW","assessed_value":249500},{"address":"12027.0 69 STREET NW","assessed_value":225000},{"address":"10.0 EVERGREEN PARK NW","assessed_value":57000},{"address":"7729.0 75 STREET NW","assessed_value":143500},{"address":"6403.0 ADA BOULEVARD NW","assessed_value":3000},{"address":"11937.0 53 STREET NW","assessed_value":247000},{"address":"8111.0 118 AVENUE NW","assessed_value":495000},{"address":"3436.0 143 AVENUE NW","assessed_value":327000},{"address":"4108.0 135 AVENUE NW","assessed_value":349500},{"address":"4229.0 112 AVENUE NW","assessed_value":306000},{"address":"12005.0 50 STREET NW","assessed_value":242000},{"address":"11919.0 71 STREET NW","assessed_value":187000},{"address":"11907.0 28 AVENUE NW","assessed_value":783500},{"address":"13122.0 27 STREET NW","assessed_value":405000},{"address":"8713.0 113 AVENUE NW","assessed_value":361500},{"address":"11907.0 81 STREET NW","assessed_value":59500},{"address":"10520.0 120 STREET NW","assessed_value":154000},{"address":"444.0 CLAREVIEW ROAD NW","assessed_value":168500},{"address":"506.0 WEST WOOD PLACE NW","assessed_value":36500},{"address":"4403.0 124 AVENUE NW","assessed_value":410500},{"address":"14520.0 52 STREET NW","assessed_value":136500},{"address":"740.0 CLAREVIEW ROAD NW","assessed_value":155500},{"address":"12238.0 49 STREET NW","assessed_value":311500},{"address":"nan nan","assessed_value":10500},{"address":"2011.0 137 AVENUE NW","assessed_value":193500},{"address":"4328.0 38A AVENUE NW","assessed_value":542500},{"address":"nan nan","assessed_value":9000},{"address":"11846.0 66 STREET NW","assessed_value":210500},{"address":"11911.0 70 STREET NW","assessed_value":261500},{"address":"3420.0 110 AVENUE NW","assessed_value":381500},{"address":"300.0 HOOPER CRESCENT NW","assessed_value":265000},{"address":"11237.0 89 STREET NW","assessed_value":195500},{"address":"12020.0 55 STREET NW","assessed_value":241000},{"address":"10604.0 34 STREET NW","assessed_value":60500},{"address":"8524.0 158A AVENUE NW","assessed_value":411000},{"address":"786.0 CLAREVIEW ROAD NW","assessed_value":161000},{"address":"8516.0 121 AVENUE NW","assessed_value":306500},{"address":"6812.0 163 AVENUE NW","assessed_value":389500},{"address":"15834.0 67B STREET NW","assessed_value":415000},{"address":"11316.0 32 STREET NW","assessed_value":233500},{"address":"2508.0 50 STREET NW","assessed_value":130500},{"address":"12418.0 86 STREET NW","assessed_value":272000},{"address":"4106.0 134 AVENUE NW","assessed_value":187500},{"address":"12012.0 55 STREET NW","assessed_value":283500},{"address":"13.0 MAPLE RIDGE DRIVE NW","assessed_value":71500},{"address":"3821.0 111 AVENUE NW","assessed_value":289000},{"address":"11231.0 67 STREET NW","assessed_value":309500},{"address":"3633.0 112 AVENUE NW","assessed_value":355500},{"address":"11421.0 66 STREET NW","assessed_value":382000},{"address":"11923.0 44 STREET NW","assessed_value":313000},{"address":"1119.0 HOOKE ROAD NW","assessed_value":195500},{"address":"17814.0 107 AVENUE NW","assessed_value":382000},{"address":"14530.0 52 STREET NW","assessed_value":121500},{"address":"11903.0 67 STREET NW","assessed_value":284500},{"address":"12130.0 37 STREET NW","assessed_value":281000},{"address":"12134.0 47 STREET NW","assessed_value":180500},{"address":"53.0 WEST VIEW BOULEVARD NW","assessed_value":40500},{"address":"412.0 BRECKENRIDGE LANE NW","assessed_value":379500},{"address":"12023.0 61 STREET NW","assessed_value":234500},{"address":"10731.0 86 AVENUE NW","assessed_value":181500},{"address":"10.0 BLACKBURN DRIVE WEST SW","assessed_value":412500},{"address":"3637.0 118 AVENUE NW","assessed_value":416500},{"address":"12101.0 45 STREET NW","assessed_value":284000},{"address":"10508.0 119 STREET NW","assessed_value":211000},{"address":"14240.0 23 STREET NW","assessed_value":302500},{"address":"nan nan","assessed_value":5500},{"address":"10824.0 31 STREET NW","assessed_value":318000},{"address":"84.0 EVERGREEN PARK NW","assessed_value":32500},{"address":"11331.0 70 STREET NW","assessed_value":327000},{"address":"11532.0 85 STREET NW","assessed_value":329500},{"address":"8903.0 123 AVENUE NW","assessed_value":244000},{"address":"6025.0 120 AVENUE NW","assessed_value":325500},{"address":"138.0 DECHENE ROAD NW","assessed_value":477500},{"address":"3919.0 123 AVENUE NW","assessed_value":463000},{"address":"12407.0 90 STREET NW","assessed_value":265000},{"address":"12228.0 56 STREET NW","assessed_value":280000},{"address":"15250.0 111 AVENUE NW","assessed_value":435500},{"address":"12128.0 57 STREET NW","assessed_value":250500},{"address":"nan nan","assessed_value":14500},{"address":"12607.0 72 STREET NW","assessed_value":1236500},{"address":"11430.0 40 AVENUE NW","assessed_value":127500},{"address":"15499.0 CASTLE DOWNS ROAD NW","assessed_value":234000},{"address":"6710.0 158 AVENUE NW","assessed_value":121500},{"address":"nan nan","assessed_value":9000},{"address":"4626.0 115 AVENUE NW","assessed_value":98500},{"address":"10741.0 29 AVENUE NW","assessed_value":95500},{"address":"12209.0 37 STREET NW","assessed_value":311000},{"address":"12212.0 51 STREET NW","assessed_value":347000},{"address":"8.0 RIM ROAD NW","assessed_value":42000},{"address":"12227.0 59 STREET NW","assessed_value":296000},{"address":"11635.0 102 AVENUE NW","assessed_value":1628000},{"address":"12002.0 63 STREET NW","assessed_value":269500},{"address":"11228.0 88 STREET NW","assessed_value":257500},{"address":"12433.0 49 STREET NW","assessed_value":207500},{"address":"12032.0 59 STREET NW","assessed_value":210000},{"address":"1943.0 WEST ROYAL WAY NW","assessed_value":44500},{"address":"12009.0 86 STREET NW","assessed_value":215500},{"address":"641.0 EVERGREEN PARK NW","assessed_value":78000},{"address":"2508.0 50 STREET NW","assessed_value":146500},{"address":"833.0 116A STREET NW","assessed_value":449000},{"address":"nan nan","assessed_value":5500},{"address":"nan nan","assessed_value":9500},{"address":"11330.0 60 STREET NW","assessed_value":463500},{"address":"nan nan","assessed_value":9000},{"address":"4430.0 ADA BOULEVARD NW","assessed_value":661500},{"address":"3516.0 103 AVENUE NW","assessed_value":372500},{"address":"11404.0 88 STREET NW","assessed_value":95000},{"address":"14137.0 30 STREET NW","assessed_value":327000},{"address":"1829.0 WEST OAK COURT NW","assessed_value":44500},{"address":"4707.0 126 AVENUE NW","assessed_value":175500},{"address":"12247.0 87 STREET NW","assessed_value":296500},{"address":"11.0 ROUND ROAD NW","assessed_value":46000},{"address":"11107.0 55 STREET NW","assessed_value":553500},{"address":"1291.0 HOOKE ROAD NW","assessed_value":176000},{"address":"8.0 CLAREVIEW VILLAGE NW","assessed_value":148000}]