[{"address":"6546.0 158 AVENUE NW","assessed_value":317500},{"address":"10345.0 118 STREET NW","assessed_value":120000},{"address":"nan nan","assessed_value":386500},{"address":"10515.0 153 STREET NW","assessed_value":270000},{"address":"7750.0 JASPER AVENUE NW","assessed_value":658500},{"address":"501.0 YOUVILLE DRIVE EAST NW","assessed_value":268000},{"address":"3662.0 31A STREET NW","assessed_value":496500},{"address":"1536.0 49 STREET NW","assessed_value":514500},{"address":"11421.0 34 STREET NW","assessed_value":107000},{"address":"84.0 REHWINKEL ROAD NW","assessed_value":467500},{"address":"449.0 REEVES CREST NW","assessed_value":578500},{"address":"262.0 SOUTHRIDGE NW","assessed_value":152000},{"address":"8745.0 165 STREET NW","assessed_value":94500},{"address":"15403.0 115A AVENUE NW","assessed_value":1000},{"address":"12319.0 JASPER AVENUE NW","assessed_value":470500},{"address":"11608.0 93 STREET NW","assessed_value":212500},{"address":"501.0 YOUVILLE DRIVE EAST NW","assessed_value":256000},{"address":"8915.0 147 AVENUE NW","assessed_value":112500},{"address":"159.0 KNOTTWOOD ROAD NORTH NW","assessed_value":276000},{"address":"903.0 109 STREET NW","assessed_value":356000},{"address":"528.0 HEFFERNAN DRIVE NW","assessed_value":1690000},{"address":"403.0 OSBORNE CRESCENT NW","assessed_value":763000},{"address":"9028.0 JASPER AVENUE NW","assessed_value":74000},{"address":"9406.0 109A AVENUE NW","assessed_value":204500},{"address":"425.0 OSBORNE CRESCENT NW","assessed_value":1828500},{"address":"11620.0 94 STREET NW","assessed_value":244500},{"address":"2319.0 39 AVENUE NW","assessed_value":388000},{"address":"12304.0 127 AVENUE NW","assessed_value":500},{"address":"308.0 JACKSON ROAD NW","assessed_value":293500},{"address":"9823.0 175 AVENUE NW","assessed_value":475000},{"address":"15312.0 59 STREET NW","assessed_value":501500},{"address":"2520.0 52 STREET NW","assessed_value":202500},{"address":"19036.0 73A AVENUE NW","assessed_value":400000},{"address":"12455.0 54 STREET NW","assessed_value":351000},{"address":"16581.0 100 STREET NW","assessed_value":196000},{"address":"10023.0 164 STREET NW","assessed_value":89500},{"address":"6239.0 162B AVENUE NW","assessed_value":446500},{"address":"10345.0 118 STREET NW","assessed_value":109500},{"address":"9923.0 103 STREET NW","assessed_value":321500},{"address":"11517.0 9 AVENUE NW","assessed_value":517500},{"address":"1506.0 WELLWOOD WAY NW","assessed_value":575500},{"address":"nan nan","assessed_value":7500},{"address":"nan nan","assessed_value":8000},{"address":"464.0 BUCHANAN ROAD NW","assessed_value":637000},{"address":"351.0 KLINE CRESCENT NW","assessed_value":372000},{"address":"13112.0 39 STREET NW","assessed_value":356500},{"address":"156.0 CORNELL COURT NW","assessed_value":146000},{"address":"5065.0 31 AVENUE NW","assessed_value":136000},{"address":"949.0 YOUVILLE DRIVE WEST NW","assessed_value":336500},{"address":"3628.0 31 STREET NW","assessed_value":561500},{"address":"6103.0 156 AVENUE NW","assessed_value":573000},{"address":"4795.0 40 AVENUE NW","assessed_value":4500},{"address":"3308.0 113 AVENUE NW","assessed_value":113000},{"address":"16115.0 57 STREET NW","assessed_value":661500},{"address":"12911.0 144 AVENUE NW","assessed_value":460000},{"address":"2211.0 152 AVENUE NW","assessed_value":390000},{"address":"3623.0 30 STREET NW","assessed_value":457500},{"address":"15906.0 58 STREET NW","assessed_value":492500},{"address":"10248.0 162 STREET NW","assessed_value":318500},{"address":"4208.0 48 STREET NW","assessed_value":1239500},{"address":"13825.0 55A STREET NW","assessed_value":436000},{"address":"4216.0 46 STREET NW","assessed_value":543500},{"address":"11503.0 100 AVENUE NW","assessed_value":518000},{"address":"568.0 BUCHANAN ROAD NW","assessed_value":707000},{"address":"183.0 KNOTTWOOD ROAD NORTH NW","assessed_value":276000},{"address":"603.0 YOUVILLE DRIVE EAST NW","assessed_value":224500},{"address":"9718.0 176 STREET NW","assessed_value":315500},{"address":"10175.0 109 STREET NW","assessed_value":126500},{"address":"16907.0 90 STREET NW","assessed_value":386500},{"address":"4107.0 38A AVENUE NW","assessed_value":563000},{"address":"10738.0 153 AVENUE NW","assessed_value":501000},{"address":"10180.0 87 STREET NW","assessed_value":1072000},{"address":"1115.0 FALCONER ROAD NW","assessed_value":806500},{"address":"18916.0 90A AVENUE NW","assessed_value":498000},{"address":"819.0 REID PLACE NW","assessed_value":638000},{"address":"15507.0 63 STREET NW","assessed_value":473500},{"address":"10345.0 118 STREET NW","assessed_value":114000},{"address":"18823.0 87A AVENUE NW","assessed_value":440000},{"address":"9028.0 JASPER AVENUE NW","assessed_value":60500},{"address":"1109.0 JOYCE ROAD NW","assessed_value":467000},{"address":"334.0 BLACKBURN DRIVE EAST SW","assessed_value":444000},{"address":"4636.0 151 STREET NW","assessed_value":367000},{"address":"11321.0 95 STREET NW","assessed_value":264000},{"address":"3935.0 131 AVENUE NW","assessed_value":424000},{"address":"1068.0 POTTER GREENS DRIVE NW","assessed_value":544500},{"address":"14420.0 88A STREET NW","assessed_value":108500},{"address":"8220.0 JASPER AVENUE NW","assessed_value":146000},{"address":"15948.0 59 STREET NW","assessed_value":490500},{"address":"3159.0 36 AVENUE NW","assessed_value":573500},{"address":"17408.0 100 STREET NW","assessed_value":491000},{"address":"9760.0 176 STREET NW","assessed_value":153500},{"address":"nan nan","assessed_value":5000},{"address":"9760.0 176 STREET NW","assessed_value":147000},{"address":"9017.0 98 AVENUE NW","assessed_value":310500},{"address":"nan nan","assessed_value":8000},{"address":"6308.0 156 AVENUE NW","assessed_value":406000},{"address":"12832.0 145 AVENUE NW","assessed_value":446000},{"address":"1175.0 CARTER CREST ROAD NW","assessed_value":592500},{"address":"10427.0 178A AVENUE NW","assessed_value":462000},{"address":"nan nan","assessed_value":7500},{"address":"1027.0 WANYANDI WAY NW","assessed_value":652000},{"address":"10160.0 116 STREET NW","assessed_value":174000},{"address":"13106.0 137 AVENUE NW","assessed_value":2929500},{"address":"732.0 REVELL CRESCENT NW","assessed_value":636000},{"address":"5320.0 156 AVENUE NW","assessed_value":459500},{"address":"751.0 WELLS WYND NW","assessed_value":593000},{"address":"7541.0 186A STREET NW","assessed_value":413000},{"address":"9725.0 106 STREET NW","assessed_value":112000},{"address":"8604.0 GATEWAY BOULEVARD NW","assessed_value":121000},{"address":"10915.0 21 AVENUE NW","assessed_value":227500},{"address":"11503.0 100 AVENUE NW","assessed_value":448000},{"address":"13440.0 54 STREET NW","assessed_value":1215000},{"address":"10710.0 116 STREET NW","assessed_value":173500},{"address":"nan nan","assessed_value":8000},{"address":"10155.0 116 STREET NW","assessed_value":142500},{"address":"124.0 ORMSBY ROAD WEST NW","assessed_value":476500},{"address":"9908.0 114 STREET NW","assessed_value":450000},{"address":"nan nan","assessed_value":11500},{"address":"12907.0 154 AVENUE NW","assessed_value":469500},{"address":"10945.0 21 AVENUE NW","assessed_value":175500},{"address":"267.0 HOOPER CRESCENT NW","assessed_value":402500},{"address":"10333.0 121 STREET NW","assessed_value":123000},{"address":"8220.0 JASPER AVENUE NW","assessed_value":129500},{"address":"9916.0 113 STREET NW","assessed_value":114000},{"address":"11511.0 10 AVENUE NW","assessed_value":951500},{"address":"365.0 BLACKBURN DRIVE EAST SW","assessed_value":469000},{"address":"10025.0 29A AVENUE NW","assessed_value":1548500},{"address":"8745.0 165 STREET NW","assessed_value":165000},{"address":"9520.0 174 STREET NW","assessed_value":234500},{"address":"10125.0 109 STREET NW","assessed_value":131500},{"address":"9137.0 JASPER AVENUE NW","assessed_value":2500},{"address":"13404.0 ANTHONY HENDAY DRIVE NW","assessed_value":54500},{"address":"7728.0 JASPER AVENUE NW","assessed_value":1040500},{"address":"18020.0 95 AVENUE NW","assessed_value":163000},{"address":"nan nan","assessed_value":10500},{"address":"10143.0 90 STREET NW","assessed_value":903500},{"address":"3119.0 36B AVENUE NW","assessed_value":478000},{"address":"600.0 BURGESS CLOSE NW","assessed_value":603500},{"address":"15507.0 70 STREET NW","assessed_value":418000},{"address":"1525.0 JARVIS CRESCENT NW","assessed_value":362500},{"address":"8211.0 184 STREET NW","assessed_value":588000},{"address":"5125.0 RIVERBEND ROAD NW","assessed_value":95500},{"address":"8735.0 165 STREET NW","assessed_value":115000},{"address":"10244.0 162 STREET NW","assessed_value":310500},{"address":"3510.0 44A AVENUE NW","assessed_value":332000},{"address":"1511.0 JARVIS CRESCENT NW","assessed_value":343500},{"address":"11927.0 106 STREET NW","assessed_value":69000},{"address":"10520.0 120 STREET NW","assessed_value":609500},{"address":"12820.0 157 AVENUE NW","assessed_value":464000},{"address":"10940.0 83 STREET NW","assessed_value":1950000},{"address":"7514.0 138A AVENUE NW","assessed_value":298000},{"address":"9566.0 111 AVENUE NW","assessed_value":367500},{"address":"935.0 110A STREET NW","assessed_value":636500},{"address":"10883.0 SASKATCHEWAN DRIVE NW","assessed_value":129500},{"address":"115.0 BLACKBURN DRIVE WEST SW","assessed_value":546500},{"address":"11503.0 100 AVENUE NW","assessed_value":521500},{"address":"411.0 HOLLICK-KENYON ROAD NW","assessed_value":409500},{"address":"5005.0 31 AVENUE NW","assessed_value":118000},{"address":"3627.0 27 AVENUE NW","assessed_value":395500},{"address":"4608.0 151 STREET NW","assessed_value":361500},{"address":"3308.0 113 AVENUE NW","assessed_value":113000},{"address":"10812.0 72 AVENUE NW","assessed_value":257000},{"address":"16521.0 100 STREET NW","assessed_value":230500},{"address":"521.0 TWIN BROOKS BAY NW","assessed_value":1092000},{"address":"11229.0 93 STREET NW","assessed_value":277500},{"address":"17623.0 91 AVENUE NW","assessed_value":486000},{"address":"11334.0 96 STREET NW","assessed_value":353000},{"address":"13065.0 37 STREET NW","assessed_value":358000},{"address":"3521.0 44A AVENUE NW","assessed_value":358000},{"address":"3757.0 131A AVENUE NW","assessed_value":392000},{"address":"2207.0 133 AVENUE NW","assessed_value":367500},{"address":"409.0 SOUTHRIDGE NW","assessed_value":163500},{"address":"315.0 WEAVER POINT NW","assessed_value":996000},{"address":"10883.0 SASKATCHEWAN DRIVE NW","assessed_value":227500},{"address":"10139.0 90 STREET NW","assessed_value":443000},{"address":"3904.0 28 AVENUE NW","assessed_value":412000},{"address":"10883.0 SASKATCHEWAN DRIVE NW","assessed_value":176500},{"address":"10011.0 116 STREET NW","assessed_value":148500},{"address":"1498.0 JEFFERYS CRESCENT NW","assessed_value":400000},{"address":"10150.0 117 STREET NW","assessed_value":200500},{"address":"4907.0 ANTHONY HENDAY DRIVE NW","assessed_value":41500},{"address":"15403.0 74 STREET NW","assessed_value":404000},{"address":"100.0 OSLAND DRIVE NW","assessed_value":752500},{"address":"8345.0 29 AVENUE NW","assessed_value":139500},{"address":"182.0 KLARVATTEN ROAD NW","assessed_value":25500},{"address":"213.0 KNOTTWOOD ROAD NORTH NW","assessed_value":294000},{"address":"11008.0 83 STREET NW","assessed_value":1976500},{"address":"13910.0 STONY PLAIN ROAD NW","assessed_value":98000},{"address":"328.0 HUFFMAN CRESCENT NW","assessed_value":420000},{"address":"8315.0 105 STREET NW","assessed_value":177500},{"address":"3446.0 43 AVENUE NW","assessed_value":215000},{"address":"6220.0 FULTON ROAD NW","assessed_value":293000},{"address":"11314.0 10 AVENUE NW","assessed_value":580500},{"address":"13073.0 39 STREET NW","assessed_value":410000},{"address":"135.0 KLARVATTEN ROAD NW","assessed_value":392000},{"address":"8604.0 GATEWAY BOULEVARD NW","assessed_value":170000},{"address":"13804.0 131 AVENUE NW","assessed_value":380500},{"address":"5065.0 31 AVENUE NW","assessed_value":137000},{"address":"8735.0 165 STREET NW","assessed_value":93500},{"address":"13570.0 38 STREET NW","assessed_value":139000},{"address":"910.0 BURROWS CRESCENT NW","assessed_value":641500},{"address":"9908.0 114 STREET NW","assessed_value":194500},{"address":"8728.0 GATEWAY BOULEVARD NW","assessed_value":192000},{"address":"3514.0 44A AVENUE NW","assessed_value":358000},{"address":"387.0 HUNTINGTON HILL NW","assessed_value":164000},{"address":"16213.0 55A STREET NW","assessed_value":347500},{"address":"907.0 BLACKETT WYND SW","assessed_value":692000},{"address":"9930.0 BELLAMY HILL NW","assessed_value":132500},{"address":"11321.0 53 STREET NW","assessed_value":251500},{"address":"12403.0 114 AVENUE NW","assessed_value":1500},{"address":"15835.0 74 STREET NW","assessed_value":686500},{"address":"3311.0 58 STREET NW","assessed_value":218000},{"address":"12623.0 72 STREET NW","assessed_value":50000},{"address":"4904.0 13 AVENUE NW","assessed_value":406500},{"address":"8334.0 106 AVENUE NW","assessed_value":500},{"address":"nan nan","assessed_value":8000},{"address":"4337.0 49 STREET NW","assessed_value":624000},{"address":"622.0 JENNER COVE NW","assessed_value":522500},{"address":"11240.0 95 STREET NW","assessed_value":432500},{"address":"123.0 HOLLICK-KENYON WAY NW","assessed_value":438500},{"address":"11247.0 12 AVENUE NW","assessed_value":328500},{"address":"nan nan","assessed_value":11500},{"address":"3035.0 36A AVENUE NW","assessed_value":481500},{"address":"11304.0 178 STREET NW","assessed_value":330000},{"address":"nan nan","assessed_value":11500},{"address":"10125.0 109 STREET NW","assessed_value":109500},{"address":"nan nan","assessed_value":14500},{"address":"nan nan","assessed_value":11500},{"address":"11129.0 101 STREET NW","assessed_value":367500},{"address":"15412.0 67A STREET NW","assessed_value":469000},{"address":"15817.0 69 STREET NW","assessed_value":328000},{"address":"4285.0 95 STREET NW","assessed_value":257500},{"address":"12224.0 90 STREET NW","assessed_value":281000},{"address":"nan nan","assessed_value":11500},{"address":"15507.0 69 STREET NW","assessed_value":392000},{"address":"5125.0 RIVERBEND ROAD NW","assessed_value":137500},{"address":"180.0 CORNELL COURT NW","assessed_value":138000},{"address":"882.0 RYAN PLACE NW","assessed_value":340000},{"address":"11644.0 94 STREET NW","assessed_value":134500},{"address":"9926.0 80 AVENUE NW","assessed_value":203500},{"address":"2204.0 134 AVENUE NW","assessed_value":464500},{"address":"7608.0 154 AVENUE NW","assessed_value":467000},{"address":"13910.0 STONY PLAIN ROAD NW","assessed_value":107500},{"address":"10035.0 164 STREET NW","assessed_value":90500},{"address":"10945.0 21 AVENUE NW","assessed_value":182500},{"address":"11650.0 79 AVENUE NW","assessed_value":362000},{"address":"nan nan","assessed_value":11500},{"address":"5957.0 155 AVENUE NW","assessed_value":514500},{"address":"994.0 BURROWS CRESCENT NW","assessed_value":606500},{"address":"1062.0 CARTER CREST ROAD NW","assessed_value":435500},{"address":"9023.0 105A AVENUE NW","assessed_value":74500},{"address":"248.0 BULYEA ROAD NW","assessed_value":608000},{"address":"501.0 YOUVILLE DRIVE EAST NW","assessed_value":272500},{"address":"11214.0 96 STREET NW","assessed_value":214500},{"address":"5707.0 189 STREET NW","assessed_value":272000},{"address":"216.0 HUNTINGTON HILL NW","assessed_value":158000},{"address":"9520.0 174 STREET NW","assessed_value":231000},{"address":"744.0 BLACKWOOD CRESCENT SW","assessed_value":593000},{"address":"10145.0 109 STREET NW","assessed_value":103500},{"address":"5626.0 162A AVENUE NW","assessed_value":364500},{"address":"9710.0 105 STREET NW","assessed_value":103000},{"address":"6923.0 158A AVENUE NW","assessed_value":327000},{"address":"156.0 KIRKWOOD WAY NW","assessed_value":370500},{"address":"4118.0 30 STREET NW","assessed_value":604000},{"address":"5125.0 RIVERBEND ROAD NW","assessed_value":92500},{"address":"10125.0 109 STREET NW","assessed_value":130500},{"address":"10045.0 118 STREET NW","assessed_value":312500},{"address":"11503.0 100 AVENUE NW","assessed_value":449500},{"address":"17232.0 113 STREET NW","assessed_value":437000},{"address":"1130.0 FALCONER ROAD NW","assessed_value":389000},{"address":"317.0 WEBER WAY NW","assessed_value":715000},{"address":"1398.0 JEFFERYS CRESCENT NW","assessed_value":396000},{"address":"15499.0 CASTLE DOWNS ROAD NW","assessed_value":169500},{"address":"603.0 YOUVILLE DRIVE EAST NW","assessed_value":208500},{"address":"10011.0 116 STREET NW","assessed_value":101000},{"address":"330.0 REEVES WAY NW","assessed_value":547000},{"address":"18836.0 90 AVENUE NW","assessed_value":441500},{"address":"8745.0 165 STREET NW","assessed_value":96000},{"address":"1533.0 80A STREET NW","assessed_value":365000},{"address":"19121.0 118A AVENUE NW","assessed_value":12431500},{"address":"15503.0 74 STREET NW","assessed_value":483500},{"address":"1215.0 LAKEWOOD ROAD NORTH NW","assessed_value":359500},{"address":"nan nan","assessed_value":7500},{"address":"8299.0 29 AVENUE NW","assessed_value":129000},{"address":"256.0 BULYEA ROAD NW","assessed_value":771000},{"address":"14912.0 56 AVENUE NW","assessed_value":155500},{"address":"716.0 WILKIN CLOSE NW","assessed_value":501000},{"address":"9710.0 105 STREET NW","assessed_value":104000},{"address":"10403.0 30 STREET NW","assessed_value":544500},{"address":"15808.0 59 STREET NW","assessed_value":542500},{"address":"1580.0 MILL WOODS ROAD EAST NW","assessed_value":219500},{"address":"9710.0 105 STREET NW","assessed_value":108500},{"address":"11421.0 34 STREET NW","assessed_value":126000},{"address":"17511.0 98A AVENUE NW","assessed_value":165500},{"address":"1704.0 KENSIT PLACE NW","assessed_value":438500},{"address":"15427.0 55 STREET NW","assessed_value":526500},{"address":"nan nan","assessed_value":8000},{"address":"12319.0 JASPER AVENUE NW","assessed_value":407000},{"address":"nan nan","assessed_value":8000},{"address":"11511.0 101 STREET NW","assessed_value":301000},{"address":"11639.0 80 STREET NW","assessed_value":18500},{"address":"4812.0 104A STREET NW","assessed_value":293500},{"address":"5905.0 118 AVENUE NW","assessed_value":1131500},{"address":"3715.0 60A STREET NW","assessed_value":522500},{"address":"18828.0 89 AVENUE NW","assessed_value":435000},{"address":"10333.0 121 STREET NW","assessed_value":102000},{"address":"16111.0 57A STREET NW","assessed_value":579000},{"address":"9028.0 JASPER AVENUE NW","assessed_value":88000},{"address":"1033.0 YOUVILLE DRIVE WEST NW","assessed_value":257500},{"address":"12207.0 97 STREET NW","assessed_value":500},{"address":"231.0 BULYEA ROAD NW","assessed_value":609000},{"address":"13124.0 39 STREET NW","assessed_value":413500},{"address":"8520.0 106A AVENUE NW","assessed_value":1994000},{"address":"1379.0 FALCONER ROAD NW","assessed_value":548500},{"address":"121.0 IRONWOOD PLACE NW","assessed_value":901500},{"address":"17151.0 94A AVENUE NW","assessed_value":170000},{"address":"10085.0 100 STREET NW","assessed_value":984500},{"address":"16236.0 57 STREET NW","assessed_value":313000},{"address":"725.0 HENDRA CRESCENT NW","assessed_value":589000},{"address":"518.0 HEFFERNAN DRIVE NW","assessed_value":1445500},{"address":"153.0 KNOTTWOOD ROAD NORTH NW","assessed_value":289500},{"address":"17411.0 98 STREET NW","assessed_value":463500},{"address":"5612.0 148 STREET NW","assessed_value":201500},{"address":"356.0 BLACKBURN DRIVE EAST SW","assessed_value":459000},{"address":"9738.0 101 STREET NW","assessed_value":467000},{"address":"15704.0 76 STREET NW","assessed_value":760000},{"address":"12295.0 129A STREET NW","assessed_value":84500},{"address":"420.0 REEVES CREST NW","assessed_value":624000},{"address":"13217.0 155 AVENUE NW","assessed_value":276000},{"address":"352.0 TWIN BROOKS DRIVE NW","assessed_value":675000},{"address":"502.0 REID CLOSE NW","assessed_value":667500},{"address":"8745.0 165 STREET NW","assessed_value":93500},{"address":"nan nan","assessed_value":5500},{"address":"10636.0 120 STREET NW","assessed_value":131000},{"address":"18504.0 75 AVENUE NW","assessed_value":394000},{"address":"3632.0 30 STREET NW","assessed_value":460000},{"address":"nan nan","assessed_value":7500},{"address":"353.0 BLACKBURN DRIVE EAST SW","assessed_value":485500},{"address":"16.0 MEADOWLARK VILLAGE NW","assessed_value":181500},{"address":"nan nan","assessed_value":11500},{"address":"512.0 REID CLOSE NW","assessed_value":683000},{"address":"nan nan","assessed_value":7500},{"address":"6103.0 35A AVENUE NW","assessed_value":103000},{"address":"10150.0 117 STREET NW","assessed_value":176000},{"address":"11520.0 93 STREET NW","assessed_value":210000},{"address":"15504.0 62B STREET NW","assessed_value":472000},{"address":"9930.0 BELLAMY HILL NW","assessed_value":94000},{"address":"nan nan","assessed_value":9500},{"address":"15235.0 59B STREET NW","assessed_value":481000},{"address":"10883.0 SASKATCHEWAN DRIVE NW","assessed_value":131000},{"address":"nan nan","assessed_value":7500},{"address":"764.0 WELLS WYND NW","assessed_value":569000},{"address":"4208.0 47 STREET NW","assessed_value":572000},{"address":"10324.0 119 STREET NW","assessed_value":169000},{"address":"17835.0 106A AVENUE NW","assessed_value":2581500},{"address":"3503.0 27 AVENUE NW","assessed_value":397500},{"address":"4811.0 40 AVENUE NW","assessed_value":527500},{"address":"9718.0 176 STREET NW","assessed_value":291500},{"address":"9028.0 JASPER AVENUE NW","assessed_value":63000},{"address":"3368.0 116A AVENUE NW","assessed_value":135500},{"address":"11503.0 100 AVENUE NW","assessed_value":284500},{"address":"9809.0 110 STREET NW","assessed_value":261000},{"address":"11620.0 129 AVENUE NW","assessed_value":289500},{"address":"2911.0 36 STREET NW","assessed_value":260500},{"address":"1103.0 116 STREET NW","assessed_value":537000},{"address":"3520.0 44A AVENUE NW","assessed_value":363000},{"address":"798.0 ABBOTTSFIELD ROAD NW","assessed_value":153500},{"address":"11330.0 173 AVENUE NW","assessed_value":467500},{"address":"350.0 MANNING CROSSING NW","assessed_value":5343500},{"address":"9908.0 114 STREET NW","assessed_value":141000},{"address":"1110.0 KANE WYND NW","assessed_value":434500},{"address":"9007.0 106A AVENUE NW","assessed_value":158500},{"address":"11317.0 93 STREET NW","assessed_value":295500},{"address":"7725.0 108 STREET NW","assessed_value":310500},{"address":"501.0 YOUVILLE DRIVE EAST NW","assessed_value":256000},{"address":"2911.0 36 STREET NW","assessed_value":257500},{"address":"20704.0 18 STREET NW","assessed_value":486000},{"address":"9705.0 118 AVENUE NW","assessed_value":942500},{"address":"nan nan","assessed_value":8000},{"address":"989.0 BURROWS CRESCENT NW","assessed_value":608000},{"address":"1062.0 JONES CRESCENT NW","assessed_value":440500},{"address":"10931.0 83 STREET NW","assessed_value":100000},{"address":"6251.0 187B STREET NW","assessed_value":491500},{"address":"8210.0 182 STREET NW","assessed_value":87000},{"address":"18935.0 90 AVENUE NW","assessed_value":573500},{"address":"nan nan","assessed_value":7500},{"address":"479.0 BURTON ROAD NW","assessed_value":563000},{"address":"9710.0 105 STREET NW","assessed_value":105000},{"address":"11618.0 93 STREET NW","assessed_value":217000},{"address":"nan nan","assessed_value":7500},{"address":"248.0 HUNTINGTON HILL NW","assessed_value":143000},{"address":"3725.0 131A AVENUE NW","assessed_value":403000},{"address":"20604.0 50 STREET NW","assessed_value":25000},{"address":"15623.0 132 STREET NW","assessed_value":433000},{"address":"11215.0 11 AVENUE NW","assessed_value":637500},{"address":"nan nan","assessed_value":11500},{"address":"11630.0 87 AVENUE NW","assessed_value":2783000},{"address":"16135.0 57 STREET NW","assessed_value":469000},{"address":"nan nan","assessed_value":8000},{"address":"1123.0 116 STREET NW","assessed_value":546500},{"address":"11511.0 130 STREET NW","assessed_value":137500},{"address":"15703.0 133 STREET NW","assessed_value":481500},{"address":"1091.0 POTTER GREENS DRIVE NW","assessed_value":476000},{"address":"10333.0 121 STREET NW","assessed_value":106000},{"address":"10101.0 SASKATCHEWAN DRIVE NW","assessed_value":157000},{"address":"916.0 ABBOTTSFIELD ROAD NW","assessed_value":144500},{"address":"11225.0 96 STREET NW","assessed_value":482500},{"address":"120.0 WEAVER DRIVE NW","assessed_value":813000},{"address":"15230.0 ST ALBERT TRAIL NW","assessed_value":140500},{"address":"8819.0 147 AVENUE NW","assessed_value":131500},{"address":"1509.0 WELLWOOD WAY NW","assessed_value":570500},{"address":"11426.0 94 STREET NW","assessed_value":267500},{"address":"nan nan","assessed_value":11500},{"address":"10045.0 118 STREET NW","assessed_value":320000},{"address":"2203.0 134 AVENUE NW","assessed_value":476000},{"address":"11645.0 160 STREET NW","assessed_value":830500},{"address":"1351.0 FALCONER ROAD NW","assessed_value":602500},{"address":"6250.0 122 STREET NW","assessed_value":611000},{"address":"6220.0 FULTON ROAD NW","assessed_value":267000},{"address":"1705.0 KENSIT PLACE NW","assessed_value":455500},{"address":"11430.0 94 STREET NW","assessed_value":244000},{"address":"16704.0 111 AVENUE NW","assessed_value":395500},{"address":"3311.0 58 STREET NW","assessed_value":237000},{"address":"9520.0 174 STREET NW","assessed_value":248000},{"address":"10174.0 92 STREET NW","assessed_value":0},{"address":"6407.0 180 STREET NW","assessed_value":155000},{"address":"1234.0 KAASA ROAD EAST NW","assessed_value":406500},{"address":"13910.0 STONY PLAIN ROAD NW","assessed_value":107500},{"address":"1131.0 116 STREET NW","assessed_value":486000},{"address":"10024.0 93 STREET NW","assessed_value":363000},{"address":"614.0 WOTHERSPOON CLOSE NW","assessed_value":592000},{"address":"10636.0 120 STREET NW","assessed_value":150500},{"address":"5125.0 RIVERBEND ROAD NW","assessed_value":97000},{"address":"12807.0 159 AVENUE NW","assessed_value":418000},{"address":"9578.0 111 AVENUE NW","assessed_value":430500},{"address":"10045.0 118 STREET NW","assessed_value":284500},{"address":"18403.0 77 AVENUE NW","assessed_value":362000},{"address":"11421.0 34 STREET NW","assessed_value":113000},{"address":"16727.0 90 STREET NW","assessed_value":410000},{"address":"15412.0 69 STREET NW","assessed_value":456500},{"address":"3917.0 38 STREET NW","assessed_value":358000},{"address":"215.0 BANCROFT CLOSE NW","assessed_value":426000},{"address":"10333.0 121 STREET NW","assessed_value":110000},{"address":"nan nan","assessed_value":8000},{"address":"15150.0 22 STREET NW","assessed_value":273500},{"address":"522.0 BUCHANAN ROAD NW","assessed_value":653500},{"address":"8907.0 106A AVENUE NW","assessed_value":158500},{"address":"9375.0 172 STREET NW","assessed_value":282500},{"address":"16736.0 90 STREET NW","assessed_value":464000},{"address":"10883.0 SASKATCHEWAN DRIVE NW","assessed_value":160500},{"address":"1566.0 JARVIS CRESCENT NW","assessed_value":379500},{"address":"416.0 HOLLICK-KENYON ROAD NW","assessed_value":504500},{"address":"67.0 JEFFERSON ROAD NW","assessed_value":462500},{"address":"16232.0 55A STREET NW","assessed_value":400500},{"address":"11734.0 95 STREET NW","assessed_value":494000},{"address":"10819.0 19B AVENUE NW","assessed_value":479500},{"address":"11520.0 10 AVENUE NW","assessed_value":648000},{"address":"10138.0 92 STREET NW","assessed_value":577000},{"address":"16718.0 111 AVENUE NW","assessed_value":1003000},{"address":"11161.0 96 STREET NW","assessed_value":252500},{"address":"529.0 BURTON CLOSE NW","assessed_value":856000},{"address":"17903.0 94 STREET NW","assessed_value":410500},{"address":"4416.0 28 STREET NW","assessed_value":592500},{"address":"11303.0 60 AVENUE NW","assessed_value":74000},{"address":"2705.0 44 AVENUE NW","assessed_value":515500},{"address":"10824.0 25 AVENUE NW","assessed_value":330000},{"address":"5852.0 159B AVENUE NW","assessed_value":483000},{"address":"137.0 RIVER POINT NW","assessed_value":307000},{"address":"15424.0 68 STREET NW","assessed_value":412500},{"address":"714.0 ABBOTTSFIELD ROAD NW","assessed_value":156000},{"address":"9434.0 111 AVENUE NW","assessed_value":738500},{"address":"10883.0 SASKATCHEWAN DRIVE NW","assessed_value":142000},{"address":"4320.0 47 STREET NW","assessed_value":676500},{"address":"154.0 WEAVER DRIVE NW","assessed_value":656000},{"address":"11136.0 95A STREET NW","assessed_value":220000},{"address":"8315.0 105 STREET NW","assessed_value":167000},{"address":"10335.0 118 STREET NW","assessed_value":116500},{"address":"89.0 BLACKBURN DRIVE WEST SW","assessed_value":486000},{"address":"17427.0 101 STREET NW","assessed_value":607000},{"address":"9710.0 105 STREET NW","assessed_value":101000},{"address":"11203.0 120 STREET NW","assessed_value":2897000},{"address":"10348.0 70 AVENUE NW","assessed_value":274500},{"address":"11327.0 10 AVENUE NW","assessed_value":616000},{"address":"5809.0 158 AVENUE NW","assessed_value":586000},{"address":"11330.0 96 STREET NW","assessed_value":262500},{"address":"nan nan","assessed_value":11500},{"address":"33.0 JACKSON ROAD NW","assessed_value":286000},{"address":"29.0 CORMACK CRESCENT NW","assessed_value":862000},{"address":"10155.0 116 STREET NW","assessed_value":142500},{"address":"4155.0 28 AVENUE NW","assessed_value":428500},{"address":"11202.0 JASPER AVENUE NW","assessed_value":500},{"address":"121.0 BLACKBURN DRIVE WEST SW","assessed_value":462500},{"address":"4719.0 15A AVENUE NW","assessed_value":455000},{"address":"438.0 REEVES CREST NW","assessed_value":635500},{"address":"7523.0 137A AVENUE NW","assessed_value":325500},{"address":"14408.0 130 STREET NW","assessed_value":422000},{"address":"512.0 BUTCHART DRIVE NW","assessed_value":975000},{"address":"8604.0 GATEWAY BOULEVARD NW","assessed_value":111500},{"address":"9809.0 110 STREET NW","assessed_value":260500},{"address":"8745.0 165 STREET NW","assessed_value":96000},{"address":"3632.0 31A STREET NW","assessed_value":573000},{"address":"9028.0 JASPER AVENUE NW","assessed_value":413000},{"address":"12240.0 60 STREET NW","assessed_value":370000},{"address":"1033.0 YOUVILLE DRIVE WEST NW","assessed_value":235500},{"address":"5005.0 31 AVENUE NW","assessed_value":135000},{"address":"309.0 WILKIN WYND NW","assessed_value":784000},{"address":"11448.0 93 STREET NW","assessed_value":228000},{"address":"4908.0 43 AVENUE NW","assessed_value":569000},{"address":"5005.0 31 AVENUE NW","assessed_value":148000},{"address":"11621.0 92 STREET NW","assessed_value":257000},{"address":"19048.0 70 AVENUE NW","assessed_value":402500},{"address":"9921.0 104 STREET NW","assessed_value":203500},{"address":"13741.0 131A AVENUE NW","assessed_value":392000},{"address":"1433.0 JEFFERYS CRESCENT NW","assessed_value":490500},{"address":"678.0 ABBOTTSFIELD ROAD NW","assessed_value":153500},{"address":"1204.0 CARTER CREST ROAD NW","assessed_value":574000},{"address":"9520.0 174 STREET NW","assessed_value":231000},{"address":"7627.0 185 STREET NW","assessed_value":386000},{"address":"9710.0 105 STREET NW","assessed_value":101000},{"address":"1215.0 JOYCE CRESCENT NW","assessed_value":467000},{"address":"3736.0 25 AVENUE NW","assessed_value":394000},{"address":"1350.0 POTTER GREENS DRIVE NW","assessed_value":486500},{"address":"6932.0 31 AVENUE NW","assessed_value":229000},{"address":"6466.0 178 STREET NW","assessed_value":158500},{"address":"7529.0 138A AVENUE NW","assessed_value":313000},{"address":"347.0 WEBER WAY NW","assessed_value":610000},{"address":"10333.0 121 STREET NW","assessed_value":120000},{"address":"nan nan","assessed_value":8000},{"address":"nan nan","assessed_value":11500},{"address":"126.0 TWIN BROOKS COVE NW","assessed_value":1041000},{"address":"9220.0 114 AVENUE NW","assessed_value":136000},{"address":"13580.0 38 STREET NW","assessed_value":119500},{"address":"10729.0 104 STREET NW","assessed_value":67500},{"address":"10030.0 114 STREET NW","assessed_value":112000},{"address":"915.0 114A STREET NW","assessed_value":446500},{"address":"11207.0 10 AVENUE NW","assessed_value":580500},{"address":"11309.0 97 STREET NW","assessed_value":242500},{"address":"19.0 RUNNING CREEK POINT NW","assessed_value":767500},{"address":"247.0 RIVER POINT NW","assessed_value":376000},{"address":"17703.0 64 AVENUE NW","assessed_value":229500},{"address":"92.0 CORMACK CRESCENT NW","assessed_value":720500},{"address":"18904.0 87 AVENUE NW","assessed_value":5260000},{"address":"11513.0 92 STREET NW","assessed_value":257000},{"address":"931.0 ORMSBY WYND NW","assessed_value":496500},{"address":"nan nan","assessed_value":11500},{"address":"10333.0 121 STREET NW","assessed_value":113500},{"address":"nan nan","assessed_value":14500},{"address":"91.0 CORMACK CRESCENT NW","assessed_value":700000},{"address":"3816.0 23 STREET NW","assessed_value":355500},{"address":"11650.0 95 STREET NW","assessed_value":200000},{"address":"870.0 ABBOTTSFIELD ROAD NW","assessed_value":150000},{"address":"10333.0 121 STREET NW","assessed_value":96500},{"address":"15611.0 62A STREET NW","assessed_value":572000},{"address":"3251.0 37 AVENUE NW","assessed_value":488000},{"address":"11502.0 95 STREET NW","assessed_value":236500},{"address":"14330.0 128A STREET NW","assessed_value":410500},{"address":"11608.0 91 STREET NW","assessed_value":220500},{"address":"1130.0 FALCONER ROAD NW","assessed_value":403500},{"address":"1220.0 HEWGILL PLACE NW","assessed_value":893000},{"address":"16470.0 FORT ROAD NW","assessed_value":668000},{"address":"7904.0 199 STREET NW","assessed_value":183500},{"address":"5005.0 31 AVENUE NW","assessed_value":130000},{"address":"9809.0 110 STREET NW","assessed_value":244500},{"address":"10112.0 89 STREET NW","assessed_value":511500},{"address":"18560.0 122 AVENUE NW","assessed_value":522500},{"address":"11112.0 UNIVERSITY AVENUE NW","assessed_value":642500},{"address":"9921.0 104 STREET NW","assessed_value":199000},{"address":"1008.0 POTTER GREENS DRIVE NW","assessed_value":649500},{"address":"11556.0 95 STREET NW","assessed_value":166500},{"address":"10864.0 25 AVENUE NW","assessed_value":290500},{"address":"7874.0 JASPER AVENUE NW","assessed_value":774000},{"address":"10030.0 114 STREET NW","assessed_value":162000},{"address":"9028.0 190 STREET NW","assessed_value":479500},{"address":"11410.0 92 STREET NW","assessed_value":436000},{"address":"10923.0 93 STREET NW","assessed_value":142000},{"address":"13910.0 STONY PLAIN ROAD NW","assessed_value":117500},{"address":"nan nan","assessed_value":11500},{"address":"5781.0 189 STREET NW","assessed_value":285000},{"address":"2748.0 44A AVENUE NW","assessed_value":494500},{"address":"nan nan","assessed_value":8000},{"address":"1212.0 CARTER CREST ROAD NW","assessed_value":837000},{"address":"nan nan","assessed_value":11500},{"address":"4012.0 30 STREET NW","assessed_value":436500},{"address":"7522.0 186A STREET NW","assessed_value":400000},{"address":"4021.0 44 STREET NW","assessed_value":514500},{"address":"9760.0 176 STREET NW","assessed_value":168000},{"address":"6516.0 154 AVENUE NW","assessed_value":475000},{"address":"306.0 CARMICHAEL WAY NW","assessed_value":666000},{"address":"9916.0 113 STREET NW","assessed_value":143500},{"address":"10145.0 109 STREET NW","assessed_value":139000},{"address":"1032.0 BUCHANAN PLACE NW","assessed_value":611000},{"address":"1033.0 YOUVILLE DRIVE WEST NW","assessed_value":220500},{"address":"10025.0 113 STREET NW","assessed_value":174500},{"address":"316.0 BUCHANAN WAY NW","assessed_value":578500},{"address":"9916.0 113 STREET NW","assessed_value":107500},{"address":"12815.0 144 AVENUE NW","assessed_value":409000},{"address":"979.0 BURROWS CRESCENT NW","assessed_value":561000},{"address":"11650.0 79 AVENUE NW","assessed_value":350500},{"address":"111.0 WEBER CLOSE NW","assessed_value":588500},{"address":"6104.0 156 AVENUE NW","assessed_value":487000},{"address":"9930.0 BELLAMY HILL NW","assessed_value":78000},{"address":"10155.0 116 STREET NW","assessed_value":129500},{"address":"10303.0 154 STREET NW","assessed_value":273000},{"address":"5204.0 25 AVENUE NW","assessed_value":181000},{"address":"14815.0 RIVERBEND ROAD NW","assessed_value":215500},{"address":"18611.0 77 AVENUE NW","assessed_value":416500},{"address":"10101.0 SASKATCHEWAN DRIVE NW","assessed_value":139000},{"address":"13910.0 STONY PLAIN ROAD NW","assessed_value":125000},{"address":"9809.0 110 STREET NW","assessed_value":263000},{"address":"189.0 KIRKWOOD AVENUE NW","assessed_value":369500},{"address":"1469.0 JEFFERYS CRESCENT NW","assessed_value":356500},{"address":"1817.0 36 STREET NW","assessed_value":507500},{"address":"18924.0 90 AVENUE NW","assessed_value":499500},{"address":"14316.0 57 STREET NW","assessed_value":0},{"address":"5031.0 ADA BOULEVARD NW","assessed_value":2500},{"address":"18355.0 76A AVENUE NW","assessed_value":390500},{"address":"903.0 109 STREET NW","assessed_value":343000},{"address":"11527.0 96 STREET NW","assessed_value":204000},{"address":"16708.0 88 STREET NW","assessed_value":517000},{"address":"5848.0 159B AVENUE NW","assessed_value":488000},{"address":"1008.0 110B STREET NW","assessed_value":569000},{"address":"5311.0 156 AVENUE NW","assessed_value":430500},{"address":"11258.0 10A AVENUE NW","assessed_value":652500},{"address":"830.0 112B STREET NW","assessed_value":485000},{"address":"3531.0 ELLERSLIE ROAD SW","assessed_value":927500},{"address":"1574.0 MILL WOODS ROAD EAST NW","assessed_value":204000},{"address":"10883.0 SASKATCHEWAN DRIVE NW","assessed_value":132000},{"address":"5730.0 RIVERBEND ROAD NW","assessed_value":100500},{"address":"3923.0 30 STREET NW","assessed_value":535000},{"address":"11316.0 103 AVENUE NW","assessed_value":246500},{"address":"9809.0 110 STREET NW","assessed_value":254000},{"address":"937.0 BURROWS CRESCENT NW","assessed_value":549000},{"address":"1423.0 JEFFERYS CRESCENT NW","assessed_value":420000},{"address":"6220.0 FULTON ROAD NW","assessed_value":259000},{"address":"10160.0 116 STREET NW","assessed_value":159500},{"address":"11543.0 97 STREET NW","assessed_value":205000},{"address":"15175.0 19 STREET NW","assessed_value":368000},{"address":"17807.0 99 STREET NW","assessed_value":254500},{"address":"10229.0 88 STREET NW","assessed_value":598000},{"address":"4336.0 49 STREET NW","assessed_value":509500},{"address":"5128.0 187 STREET NW","assessed_value":527000},{"address":"12923.0 157 AVENUE NW","assessed_value":504000},{"address":"126.0 BAINBRIDGE CRESCENT NW","assessed_value":561000},{"address":"1.0 MEADOWLARK VILLAGE NW","assessed_value":181500},{"address":"4455.0 29 STREET NW","assessed_value":502000},{"address":"828.0 113A STREET NW","assessed_value":512000},{"address":"9520.0 174 STREET NW","assessed_value":241000},{"address":"10746.0 UNIVERSITY AVENUE NW","assessed_value":477500},{"address":"1111.0 HERMITAGE ROAD NW","assessed_value":441500},{"address":"8807.0 189 STREET NW","assessed_value":582000},{"address":"15532.0 132 STREET NW","assessed_value":427500},{"address":"12908.0 144 AVENUE NW","assessed_value":411500},{"address":"320.0 WEBER WAY NW","assessed_value":589500},{"address":"14932.0 56 AVENUE NW","assessed_value":155500},{"address":"5220.0 187 STREET NW","assessed_value":581000},{"address":"434.0 BUTCHART DRIVE NW","assessed_value":740000},{"address":"10810.0 86 AVENUE NW","assessed_value":263500},{"address":"13910.0 STONY PLAIN ROAD NW","assessed_value":122000},{"address":"10335.0 118 STREET NW","assessed_value":116500},{"address":"13118.0 FORT ROAD NW","assessed_value":252000},{"address":"8728.0 GATEWAY BOULEVARD NW","assessed_value":163000},{"address":"163.0 DUNVEGAN ROAD NW","assessed_value":363000},{"address":"17516.0 99 STREET NW","assessed_value":451500},{"address":"10333.0 121 STREET NW","assessed_value":123000},{"address":"nan nan","assessed_value":5500},{"address":"308.0 JACKSON ROAD NW","assessed_value":247000},{"address":"10333.0 121 STREET NW","assessed_value":174000},{"address":"11548.0 95 STREET NW","assessed_value":221000},{"address":"1047.0 JONES CRESCENT NW","assessed_value":441500},{"address":"16725.0 STONY PLAIN ROAD NW","assessed_value":1035000},{"address":"823.0 REID PLACE NW","assessed_value":630000},{"address":"10030.0 114 STREET NW","assessed_value":174000},{"address":"10915.0 21 AVENUE NW","assessed_value":186500},{"address":"10155.0 116 STREET NW","assessed_value":141000},{"address":"11201.0 101 STREET NW","assessed_value":1500},{"address":"13220.0 159 AVENUE NW","assessed_value":435000},{"address":"14424.0 88A STREET NW","assessed_value":91500},{"address":"112.0 CORNELL COURT NW","assessed_value":139500},{"address":"10025.0 113 STREET NW","assessed_value":239500},{"address":"278.0 KIRKWOOD AVENUE NW","assessed_value":367000},{"address":"779.0 WELLS WYND NW","assessed_value":585500},{"address":"5565.0 138A AVENUE NW","assessed_value":1000},{"address":"6103.0 35A AVENUE NW","assessed_value":103000},{"address":"438.0 TWIN BROOKS CRESCENT NW","assessed_value":1015000},{"address":"11503.0 100 AVENUE NW","assessed_value":704000},{"address":"5219.0 187 STREET NW","assessed_value":500500},{"address":"10324.0 119 STREET NW","assessed_value":138000},{"address":"11348.0 97 STREET NW","assessed_value":960500},{"address":"15332.0 72 STREET NW","assessed_value":420000},{"address":"11503.0 100 AVENUE NW","assessed_value":369000},{"address":"14717.0 34 STREET NW","assessed_value":331500},{"address":"812.0 115A STREET NW","assessed_value":533500},{"address":"5312.0 154A AVENUE NW","assessed_value":398500},{"address":"369.0 HUNTINGTON HILL NW","assessed_value":166000},{"address":"12205.0 111 AVENUE NW","assessed_value":182000},{"address":"15604.0 62A STREET NW","assessed_value":501000},{"address":"1033.0 YOUVILLE DRIVE WEST NW","assessed_value":239000},{"address":"9418.0 109A AVENUE NW","assessed_value":213000},{"address":"7206.0 80 AVENUE NW","assessed_value":349500},{"address":"3520.0 60 STREET NW","assessed_value":228500},{"address":"5316.0 155 AVENUE NW","assessed_value":415000},{"address":"1428.0 49A STREET NW","assessed_value":409000},{"address":"10101.0 SASKATCHEWAN DRIVE NW","assessed_value":110000},{"address":"9131.0 99 STREET NW","assessed_value":292500},{"address":"13024.0 122B AVENUE NW","assessed_value":84500},{"address":"9023.0 105A AVENUE NW","assessed_value":70500},{"address":"2216.0 134 AVENUE NW","assessed_value":362500},{"address":"7336.0 190A STREET NW","assessed_value":481500},{"address":"17011.0 90 STREET NW","assessed_value":430500},{"address":"8330.0 MCINTYRE ROAD NW","assessed_value":5195000},{"address":"559.0 BUCHANAN ROAD NW","assessed_value":570000},{"address":"nan nan","assessed_value":11500},{"address":"499.0 BUCHANAN ROAD NW","assessed_value":742000},{"address":"603.0 YOUVILLE DRIVE EAST NW","assessed_value":205000},{"address":"8604.0 GATEWAY BOULEVARD NW","assessed_value":119000},{"address":"432.0 RIVER POINT NW","assessed_value":324500},{"address":"16310.0 121A AVENUE NW","assessed_value":7310000},{"address":"nan nan","assessed_value":8000},{"address":"14420.0 88A STREET NW","assessed_value":93500},{"address":"799.0 WHEELER ROAD WEST NW","assessed_value":869000},{"address":"1423.0 111 STREET NW","assessed_value":86500},{"address":"3907.0 26A AVENUE NW","assessed_value":412000},{"address":"18339.0 77 AVENUE NW","assessed_value":420000},{"address":"nan nan","assessed_value":11500},{"address":"16115.0 56 STREET NW","assessed_value":534000},{"address":"1569.0 JARVIS CRESCENT NW","assessed_value":383500},{"address":"119.0 WEBER CLOSE NW","assessed_value":567000},{"address":"11710.0 94 STREET NW","assessed_value":279000},{"address":"313.0 SOUTHRIDGE NW","assessed_value":149000},{"address":"444.0 BUCHANAN ROAD NW","assessed_value":640500},{"address":"4370.0 111 STREET NW","assessed_value":584500},{"address":"10125.0 109 STREET NW","assessed_value":106000},{"address":"17105.0 114 STREET NW","assessed_value":460000},{"address":"9230.0 110A AVENUE NW","assessed_value":271000},{"address":"71.0 WILKIN ROAD NW","assessed_value":759500},{"address":"9330.0 108 AVENUE NW","assessed_value":240000},{"address":"9008.0 169 AVENUE NW","assessed_value":403500},{"address":"10883.0 SASKATCHEWAN DRIVE NW","assessed_value":149500},{"address":"330.0 TWIN BROOKS DRIVE NW","assessed_value":648000},{"address":"11503.0 100 AVENUE NW","assessed_value":407000},{"address":"nan nan","assessed_value":11500},{"address":"211.0 RUNNING CREEK LANE NW","assessed_value":547000},{"address":"1512.0 49 STREET NW","assessed_value":476000},{"address":"908.0 BLACKETT WYND SW","assessed_value":672000},{"address":"14803.0 34 STREET NW","assessed_value":204000},{"address":"9940.0 176 AVENUE NW","assessed_value":285000},{"address":"5.0 MEADOWLARK VILLAGE NW","assessed_value":169000},{"address":"10816.0 96 STREET NW","assessed_value":5000},{"address":"5125.0 RIVERBEND ROAD NW","assessed_value":107500},{"address":"10323.0 174 AVENUE NW","assessed_value":483500},{"address":"15812.0 133 STREET NW","assessed_value":427500},{"address":"603.0 YOUVILLE DRIVE EAST NW","assessed_value":215500},{"address":"9848.0 150 STREET NW","assessed_value":457000},{"address":"8261.0 29 AVENUE NW","assessed_value":136500},{"address":"230.0 FERGUSON PLACE NW","assessed_value":599000},{"address":"9216.0 111 AVENUE NW","assessed_value":272500},{"address":"10184.0 90 STREET NW","assessed_value":460000},{"address":"333.0 BLACKBURN DRIVE EAST SW","assessed_value":455500},{"address":"903.0 109 STREET NW","assessed_value":312500},{"address":"10230.0 90 STREET NW","assessed_value":354000},{"address":"9968.0 176 AVENUE NW","assessed_value":300500},{"address":"nan nan","assessed_value":8000},{"address":"619.0 WOTHERSPOON CLOSE NW","assessed_value":564000},{"address":"13590.0 38 STREET NW","assessed_value":104000},{"address":"12988.0 122B AVENUE NW","assessed_value":94500},{"address":"7116.0 153A AVENUE NW","assessed_value":417000},{"address":"4832.0 93 AVENUE NW","assessed_value":300500},{"address":"4911.0 15 AVENUE NW","assessed_value":394500},{"address":"1203.0 115A STREET NW","assessed_value":558500},{"address":"10264.0 92 STREET NW","assessed_value":374500},{"address":"10125.0 109 STREET NW","assessed_value":115500},{"address":"8220.0 JASPER AVENUE NW","assessed_value":145000},{"address":"9023.0 105A AVENUE NW","assessed_value":74500},{"address":"10231.0 88 STREET NW","assessed_value":554000},{"address":"11511.0 130 STREET NW","assessed_value":115500},{"address":"307.0 RIVER POINT NW","assessed_value":298500},{"address":"304.0 BERINGER CRESCENT NW","assessed_value":460000},{"address":"9520.0 174 STREET NW","assessed_value":246000},{"address":"8915.0 147 AVENUE NW","assessed_value":109500},{"address":"8104.0 182 STREET NW","assessed_value":97500},{"address":"13415.0 22 STREET NW","assessed_value":8500},{"address":"15302.0 59 STREET NW","assessed_value":1000},{"address":"10035.0 164 STREET NW","assessed_value":94500},{"address":"5525.0 138A AVENUE NW","assessed_value":392000},{"address":"12740.0 FORT ROAD NW","assessed_value":855000},{"address":"9760.0 176 STREET NW","assessed_value":160500},{"address":"550.0 RIVER POINT NW","assessed_value":306000},{"address":"10101.0 SASKATCHEWAN DRIVE NW","assessed_value":93500},{"address":"nan nan","assessed_value":10500},{"address":"7524.0 138A AVENUE NW","assessed_value":309000},{"address":"10810.0 86 AVENUE NW","assessed_value":277000},{"address":"2407.0 184 STREET NW","assessed_value":564000},{"address":"4924.0 19 AVENUE NW","assessed_value":83500},{"address":"12928.0 122B AVENUE NW","assessed_value":86000},{"address":"11303.0 60 AVENUE NW","assessed_value":85000},{"address":"10333.0 121 STREET NW","assessed_value":126500},{"address":"11241.0 8 AVENUE NW","assessed_value":540000},{"address":"2911.0 36 STREET NW","assessed_value":273500},{"address":"107.0 JEFFERSON ROAD NW","assessed_value":434500},{"address":"3854.0 24 STREET NW","assessed_value":370000},{"address":"11623.0 101 STREET NW","assessed_value":292500},{"address":"1010.0 BUCHANAN PLACE NW","assessed_value":578500},{"address":"13746.0 131 AVENUE NW","assessed_value":414000},{"address":"220.0 RUNNING CREEK LANE NW","assessed_value":624500},{"address":"3520.0 60 STREET NW","assessed_value":230500},{"address":"7708.0 89 STREET NW","assessed_value":295000},{"address":"1383.0 CARTER CREST ROAD NW","assessed_value":674500},{"address":"14424.0 88A STREET NW","assessed_value":114500},{"address":"nan nan","assessed_value":9500},{"address":"7644.0 185 STREET NW","assessed_value":388500},{"address":"11109.0 10A AVENUE NW","assessed_value":650500},{"address":"16143.0 56 STREET NW","assessed_value":431000},{"address":"11421.0 34 STREET NW","assessed_value":111500},{"address":"209.0 HEATH ROAD NW","assessed_value":584500},{"address":"15499.0 CASTLE DOWNS ROAD NW","assessed_value":18500},{"address":"8915.0 147 AVENUE NW","assessed_value":114500},{"address":"1488.0 JEFFERYS CRESCENT NW","assessed_value":353000},{"address":"nan nan","assessed_value":5500},{"address":"11325.0 96 STREET NW","assessed_value":232500},{"address":"11819.0 50 STREET NW","assessed_value":222000},{"address":"10030.0 114 STREET NW","assessed_value":117500},{"address":"16012.0 100 STREET NW","assessed_value":487500},{"address":"9007.0 169 AVENUE NW","assessed_value":392000},{"address":"8220.0 JASPER AVENUE NW","assessed_value":135000},{"address":"8735.0 165 STREET NW","assessed_value":121500},{"address":"3104.0 36B AVENUE NW","assessed_value":532500},{"address":"217.0 RIVER POINT NW","assessed_value":336000},{"address":"42.0 CORMACK CRESCENT NW","assessed_value":576500},{"address":"10118.0 89 STREET NW","assessed_value":965000},{"address":"1016.0 112 STREET NW","assessed_value":521000},{"address":"1411.0 HERRING-COOPER WAY NW","assessed_value":1014500},{"address":"10333.0 121 STREET NW","assessed_value":118000},{"address":"nan nan","assessed_value":11500},{"address":"16143.0 59 STREET NW","assessed_value":488000},{"address":"3904.0 26A AVENUE NW","assessed_value":473000},{"address":"nan nan","assessed_value":5000},{"address":"12348.0 58A STREET NW","assessed_value":417000},{"address":"13711.0 131A AVENUE NW","assessed_value":426500},{"address":"9908.0 80 AVENUE NW","assessed_value":202000},{"address":"11616.0 102 AVENUE NW","assessed_value":515500},{"address":"501.0 YOUVILLE DRIVE EAST NW","assessed_value":268000},{"address":"9703.0 105 AVENUE NW","assessed_value":381000},{"address":"24.0 MEADOWLARK VILLAGE NW","assessed_value":160000},{"address":"10145.0 109 STREET NW","assessed_value":124000},{"address":"16224.0 55A STREET NW","assessed_value":369500},{"address":"nan nan","assessed_value":8000},{"address":"17151.0 94A AVENUE NW","assessed_value":150000},{"address":"11321.0 97 STREET NW","assessed_value":237000},{"address":"12027.0 95 STREET NW","assessed_value":500},{"address":"8745.0 165 STREET NW","assessed_value":121000},{"address":"8016.0 15A AVENUE NW","assessed_value":346500},{"address":"9916.0 113 STREET NW","assessed_value":103500},{"address":"532.0 SOUTHRIDGE NW","assessed_value":141000},{"address":"10945.0 82 STREET NW","assessed_value":385000},{"address":"1222.0 KAASA ROAD EAST NW","assessed_value":479500},{"address":"9375.0 172 STREET NW","assessed_value":294500},{"address":"6536.0 158 AVENUE NW","assessed_value":394500},{"address":"4312.0 49A STREET NW","assessed_value":539500},{"address":"1091.0 FALCONER ROAD NW","assessed_value":567500},{"address":"9010.0 106 AVENUE NW","assessed_value":146500},{"address":"312.0 WILKIN WYND NW","assessed_value":689000},{"address":"1016.0 JONES CRESCENT NW","assessed_value":438000},{"address":"9505.0 176 STREET NW","assessed_value":231000},{"address":"9302.0 109 AVENUE NW","assessed_value":344500},{"address":"13580.0 38 STREET NW","assessed_value":105000},{"address":"3627.0 30 STREET NW","assessed_value":498500},{"address":"11604.0 97 STREET NW","assessed_value":209500},{"address":"1735.0 KENSIT PLACE NW","assessed_value":421500},{"address":"10011.0 116 STREET NW","assessed_value":148000},{"address":"18611.0 53 AVENUE NW","assessed_value":524000},{"address":"9809.0 110 STREET NW","assessed_value":279500},{"address":"1460.0 JEFFERYS CRESCENT NW","assessed_value":345000},{"address":"8745.0 165 STREET NW","assessed_value":95500},{"address":"6108.0 159 AVENUE NW","assessed_value":470000},{"address":"nan nan","assessed_value":11500},{"address":"12003.0 51 STREET NW","assessed_value":249000},{"address":"5939.0 152B AVENUE NW","assessed_value":464000},{"address":"729.0 REVELL CRESCENT NW","assessed_value":578500},{"address":"1656.0 WELBOURN COVE NW","assessed_value":511000},{"address":"128.0 COUNTRY CLUB PLACE NW","assessed_value":720000},{"address":"10333.0 121 STREET NW","assessed_value":125000},{"address":"18020.0 95 AVENUE NW","assessed_value":138500},{"address":"5779.0 189 STREET NW","assessed_value":258500},{"address":"5542.0 138A AVENUE NW","assessed_value":401000},{"address":"503.0 CARSE LANE NW","assessed_value":563500},{"address":"8.0 MEADOWLARK VILLAGE NW","assessed_value":189500},{"address":"11209.0 94 STREET NW","assessed_value":289000},{"address":"10029.0 94 STREET NW","assessed_value":352500},{"address":"4024.0 18 AVENUE NW","assessed_value":415500},{"address":"12319.0 JASPER AVENUE NW","assessed_value":278000},{"address":"703.0 HENDRA CRESCENT NW","assessed_value":584000},{"address":"9950.0 176 AVENUE NW","assessed_value":292500},{"address":"7121.0 178 STREET NW","assessed_value":12763500},{"address":"3520.0 60 STREET NW","assessed_value":230500},{"address":"15431.0 55 STREET NW","assessed_value":415500},{"address":"9809.0 110 STREET NW","assessed_value":251500},{"address":"402.0 REEVES CREST NW","assessed_value":582000},{"address":"8910.0 YELLOWHEAD TRAIL NW","assessed_value":6993500},{"address":"416.0 JENNINGS BAY NW","assessed_value":424500},{"address":"876.0 ABBOTTSFIELD ROAD NW","assessed_value":147000},{"address":"8604.0 GATEWAY BOULEVARD NW","assessed_value":119000},{"address":"805.0 112B STREET NW","assessed_value":445500},{"address":"12924.0 146 AVENUE NW","assessed_value":499000},{"address":"10310.0 61 AVENUE NW","assessed_value":3556000},{"address":"371.0 HUNTINGTON HILL NW","assessed_value":164500},{"address":"3354.0 116A AVENUE NW","assessed_value":139500},{"address":"43.0 JACKSON ROAD NW","assessed_value":296500},{"address":"9010.0 106 AVENUE NW","assessed_value":152500},{"address":"10538.0 78 STREET NW","assessed_value":329500},{"address":"8604.0 GATEWAY BOULEVARD NW","assessed_value":112500},{"address":"15806.0 132 STREET NW","assessed_value":534000},{"address":"11112.0 11A AVENUE NW","assessed_value":472000},{"address":"6907.0 158 AVENUE NW","assessed_value":452500},{"address":"10045.0 118 STREET NW","assessed_value":219000},{"address":"15834.0 69 STREET NW","assessed_value":377000},{"address":"8819.0 147 AVENUE NW","assessed_value":108500},{"address":"107.0 ELSINORE CLOSE NW","assessed_value":522500},{"address":"14820.0 100 AVENUE NW","assessed_value":500},{"address":"11323.0 173 AVENUE NW","assessed_value":446500},{"address":"6.0 CORMACK CRESCENT NW","assessed_value":753000},{"address":"3307.0 116A AVENUE NW","assessed_value":115500},{"address":"203.0 KNOTTWOOD ROAD NORTH NW","assessed_value":295000},{"address":"13910.0 STONY PLAIN ROAD NW","assessed_value":84500},{"address":"527.0 HEFFERNAN DRIVE NW","assessed_value":929000},{"address":"4108.0 29 AVENUE NW","assessed_value":543000},{"address":"720.0 BLACKWOOD CRESCENT SW","assessed_value":567500},{"address":"11619.0 95A STREET NW","assessed_value":198500},{"address":"5752.0 162 AVENUE NW","assessed_value":355000},{"address":"19035.0 73A AVENUE NW","assessed_value":399500},{"address":"9028.0 JASPER AVENUE NW","assessed_value":60500},{"address":"3706.0 131A AVENUE NW","assessed_value":401500},{"address":"21.0 MEADOWLARK VILLAGE NW","assessed_value":160000},{"address":"417.0 BUCHANAN ROAD NW","assessed_value":596500},{"address":"303.0 TWIN BROOKS DRIVE NW","assessed_value":407000},{"address":"18348.0 76A AVENUE NW","assessed_value":450000},{"address":"15170.0 22 STREET NW","assessed_value":238500},{"address":"6103.0 35A AVENUE NW","assessed_value":103000},{"address":"7215.0 153A AVENUE NW","assessed_value":410500},{"address":"10734.0 122 STREET NW","assessed_value":397000},{"address":"11910.0 95 STREET NW","assessed_value":248500},{"address":"201.0 SOUTHRIDGE NW","assessed_value":149000},{"address":"12704.0 133A AVENUE NW","assessed_value":81000},{"address":"8735.0 165 STREET NW","assessed_value":118000},{"address":"nan nan","assessed_value":7500},{"address":"15465.0 MARK MESSIER TRAIL NW","assessed_value":84000},{"address":"1488.0 WELBOURN DRIVE NW","assessed_value":1589000},{"address":"9251.0 110A AVENUE NW","assessed_value":257000},{"address":"17720.0 105 AVENUE NW","assessed_value":4797500},{"address":"211.0 SOUTHRIDGE NW","assessed_value":149000},{"address":"17151.0 94A AVENUE NW","assessed_value":163000},{"address":"11303.0 8 AVENUE NW","assessed_value":467500},{"address":"1225.0 JOYCE CRESCENT NW","assessed_value":470500},{"address":"609.0 SOUTHRIDGE NW","assessed_value":163500},{"address":"10859.0 94 STREET NW","assessed_value":475500},{"address":"11019.0 95 STREET NW","assessed_value":127500},{"address":"10125.0 109 STREET NW","assessed_value":109000},{"address":"7628.0 184 STREET NW","assessed_value":384000},{"address":"5065.0 31 AVENUE NW","assessed_value":140500},{"address":"10883.0 SASKATCHEWAN DRIVE NW","assessed_value":136000},{"address":"739.0 HENDRA CRESCENT NW","assessed_value":595000},{"address":"1435.0 HERRING-COOPER WAY NW","assessed_value":883000},{"address":"318.0 JILLINGS CRESCENT NW","assessed_value":485000},{"address":"4932.0 15 AVENUE NW","assessed_value":397000},{"address":"5912.0 152C AVENUE NW","assessed_value":434500},{"address":"1180.0 KANE WYND NW","assessed_value":507500},{"address":"1554.0 MILL WOODS ROAD EAST NW","assessed_value":223000},{"address":"8104.0 182 STREET NW","assessed_value":104500},{"address":"nan nan","assessed_value":7500},{"address":"8735.0 165 STREET NW","assessed_value":95000},{"address":"527.0 BUCHANAN ROAD NW","assessed_value":659000},{"address":"nan nan","assessed_value":10500},{"address":"9775.0 176 STREET NW","assessed_value":273500},{"address":"nan nan","assessed_value":7500},{"address":"1514.0 JARVIS CRESCENT NW","assessed_value":367000},{"address":"1648.0 JAMHA ROAD NW","assessed_value":273500},{"address":"5015.0 111 STREET NW","assessed_value":584000},{"address":"8210.0 182 STREET NW","assessed_value":106500},{"address":"3645.0 145 AVENUE NW","assessed_value":234000},{"address":"792.0 JOHNS ROAD NW","assessed_value":469500},{"address":"1928.0 152 AVENUE NW","assessed_value":347500},{"address":"12828.0 144 AVENUE NW","assessed_value":459500},{"address":"11641.0 93 STREET NW","assessed_value":251000},{"address":"10584.0 107 STREET NW","assessed_value":1227000},{"address":"8827.0 189 STREET NW","assessed_value":476500},{"address":"787.0 WELLS WYND NW","assessed_value":530000},{"address":"359.0 BLACKBURN DRIVE EAST SW","assessed_value":467000},{"address":"303.0 OSLAND PLACE NW","assessed_value":662000},{"address":"15608.0 59 STREET NW","assessed_value":436500},{"address":"15499.0 CASTLE DOWNS ROAD NW","assessed_value":195000},{"address":"10027.0 93 STREET NW","assessed_value":540500},{"address":"nan nan","assessed_value":5500},{"address":"10035.0 164 STREET NW","assessed_value":92500},{"address":"1371.0 CARTER CREST ROAD NW","assessed_value":586500},{"address":"119.0 DUNVEGAN ROAD NW","assessed_value":352000},{"address":"17207.0 113B STREET NW","assessed_value":423500},{"address":"1516.0 48 STREET NW","assessed_value":415000},{"address":"10636.0 120 STREET NW","assessed_value":159000},{"address":"10636.0 120 STREET NW","assessed_value":172500},{"address":"10320.0 174 AVENUE NW","assessed_value":466500},{"address":"nan nan","assessed_value":7500}]