[{"address":"nan nan","assessed_value":8000},{"address":"3272.0 25 AVENUE NW","assessed_value":729000},{"address":"12214.0 16 AVENUE SW","assessed_value":351000},{"address":"14803.0 MILLER BOULEVARD NW","assessed_value":285000},{"address":"10308.0 114 STREET NW","assessed_value":270500},{"address":"1709.0 37A AVENUE NW","assessed_value":437000},{"address":"1165.0 RUTHERFORD CLOSE SW","assessed_value":605500},{"address":"3236.0 28A AVENUE NW","assessed_value":466500},{"address":"13822.0 158 AVENUE NW","assessed_value":474000},{"address":"1411.0 BRECKENRIDGE DRIVE NW","assessed_value":585500},{"address":"4318.0 TERWILLEGAR LINK NW","assessed_value":338500},{"address":"7023.0 163 AVENUE NW","assessed_value":516000},{"address":"317.0 HILLIARD CLOSE NW","assessed_value":645000},{"address":"1027.0 RUTHERFORD PLACE SW","assessed_value":515500},{"address":"237.0 YOUVILLE DRIVE EAST NW","assessed_value":189000},{"address":"6742.0 75 STREET NW","assessed_value":409500},{"address":"830.0 BARNES LINK SW","assessed_value":432000},{"address":"1728.0 RUTHERFORD POINT SW","assessed_value":1057000},{"address":"2420.0 108 STREET NW","assessed_value":187500},{"address":"14819.0 138A STREET NW","assessed_value":482500},{"address":"429.0 HUNTERS GREEN NW","assessed_value":551500},{"address":"3005.0 KESWICK WAY SW","assessed_value":1160000},{"address":"237.0 YOUVILLE DRIVE EAST NW","assessed_value":193500},{"address":"9811.0 96A STREET NW","assessed_value":331000},{"address":"nan nan","assessed_value":18000},{"address":"9503.0 101 AVENUE NW","assessed_value":274500},{"address":"16228.0 83 STREET NW","assessed_value":488000},{"address":"243.0 HILLIARD GREEN NW","assessed_value":608500},{"address":"nan nan","assessed_value":6000},{"address":"3760.0 20 STREET NW","assessed_value":388500},{"address":"1703.0 YELLOWHEAD TRAIL NW","assessed_value":21000},{"address":"1537.0 PALMER CLOSE NW","assessed_value":566500},{"address":"16823.0 84 STREET NW","assessed_value":232500},{"address":"nan nan","assessed_value":6000},{"address":"9621.0 110 AVENUE NW","assessed_value":234000},{"address":"11612.0 167A AVENUE NW","assessed_value":410000},{"address":"12603.0 152 AVENUE NW","assessed_value":307500},{"address":"11211.0 85 STREET NW","assessed_value":110000},{"address":"962.0 BLACKMUD CREEK CRESCENT SW","assessed_value":549000},{"address":"450.0 GIBB WYND NW","assessed_value":449000},{"address":"8903.0 173 AVENUE NW","assessed_value":408000},{"address":"7448.0 162 AVENUE NW","assessed_value":677000},{"address":"10903.0 8 AVENUE SW","assessed_value":368000},{"address":"nan nan","assessed_value":6000},{"address":"nan nan","assessed_value":4500},{"address":"3105.0 34A AVENUE NW","assessed_value":576500},{"address":"16823.0 84 STREET NW","assessed_value":232500},{"address":"4938.0 152A AVENUE NW","assessed_value":447500},{"address":"500.0 LESSARD DRIVE NW","assessed_value":565500},{"address":"16103.0 95 STREET NW","assessed_value":403000},{"address":"216.0 GALLAND CLOSE NW","assessed_value":597000},{"address":"14012.0 151 AVENUE NW","assessed_value":394000},{"address":"nan nan","assessed_value":6500},{"address":"621.0 DALHOUSIE CRESCENT NW","assessed_value":890000},{"address":"3511.0 20 STREET NW","assessed_value":438500},{"address":"1504.0 WEST VIEW BAY NW","assessed_value":85000},{"address":"nan nan","assessed_value":21000},{"address":"11111.0 82 AVENUE NW","assessed_value":326500},{"address":"225.0 BLACKBURN DRIVE EAST SW","assessed_value":284000},{"address":"9803.0 96A STREET NW","assessed_value":364500},{"address":"264.0 DUNVEGAN ROAD NW","assessed_value":376500},{"address":"138.0 MACEWAN ROAD SW","assessed_value":462500},{"address":"9924.0 144 AVENUE NW","assessed_value":583000},{"address":"11125.0 130 STREET NW","assessed_value":309500},{"address":"556.0 EVERGREEN PARK NW","assessed_value":68000},{"address":"9507.0 101 AVENUE NW","assessed_value":248000},{"address":"11717.0 71A AVENUE NW","assessed_value":899000},{"address":"8041.0 166A AVENUE NW","assessed_value":444500},{"address":"16128.0 74 STREET NW","assessed_value":579000},{"address":"10216.0 CONNAUGHT DRIVE NW","assessed_value":1280500},{"address":"10940.0 23 AVENUE NW","assessed_value":17139500},{"address":"843.0 MCALLISTER CRESCENT SW","assessed_value":365500},{"address":"2210.0 37A AVENUE NW","assessed_value":475000},{"address":"11813.0 173A AVENUE NW","assessed_value":458000},{"address":"6909.0 162A AVENUE NW","assessed_value":711500},{"address":"16506.0 87 STREET NW","assessed_value":513500},{"address":"10301.0 109 STREET NW","assessed_value":293000},{"address":"nan nan","assessed_value":9000},{"address":"3780.0 20 STREET NW","assessed_value":502500},{"address":"1211.0 DECKER WAY NW","assessed_value":728500},{"address":"14976.0 137 STREET NW","assessed_value":441500},{"address":"10200.0 102 AVENUE NW","assessed_value":14796500},{"address":"413.0 CALDERON CRESCENT NW","assessed_value":613500},{"address":"7220.0 144 AVENUE NW","assessed_value":57000},{"address":"16933.0 115 STREET NW","assessed_value":274500},{"address":"1988.0 GARNETT WAY NW","assessed_value":521000},{"address":"2505.0 42 STREET NW","assessed_value":188000},{"address":"312.0 HUDSON BEND NW","assessed_value":649500},{"address":"11111.0 82 AVENUE NW","assessed_value":292500},{"address":"16339.0 87 STREET NW","assessed_value":589000},{"address":"13210.0 68 STREET NW","assessed_value":8000},{"address":"530.0 89 STREET SW","assessed_value":447500},{"address":"9819.0 96A STREET NW","assessed_value":307000},{"address":"418.0 HUDSON COURT NW","assessed_value":339500},{"address":"1226.0 KLARVATTEN COURT NW","assessed_value":472000},{"address":"510.0 HUDSON ROAD NW","assessed_value":476500},{"address":"3513.0 25 STREET NW","assessed_value":440500},{"address":"12740.0 136 STREET NW","assessed_value":425000},{"address":"nan nan","assessed_value":4500},{"address":"10221.0 111 STREET NW","assessed_value":330000},{"address":"2935.0 LAKEWOOD DRIVE NW","assessed_value":80500},{"address":"15412.0 138A STREET NW","assessed_value":430000},{"address":"nan nan","assessed_value":4000},{"address":"3109.0 32 AVENUE NW","assessed_value":411500},{"address":"2741.0 55 STREET NW","assessed_value":115500},{"address":"16303.0 95 STREET NW","assessed_value":151500},{"address":"nan nan","assessed_value":4000},{"address":"8909.0 100 STREET NW","assessed_value":299500},{"address":"nan nan","assessed_value":11500},{"address":"16132.0 128 STREET NW","assessed_value":418500},{"address":"8919.0 8 AVENUE SW","assessed_value":443500},{"address":"nan nan","assessed_value":6500},{"address":"1718.0 RUTHERFORD POINT SW","assessed_value":716500},{"address":"416.0 TORY POINT NW","assessed_value":650000},{"address":"20412.0 118A AVENUE NW","assessed_value":7757000},{"address":"8.0 ROYAL ROAD NW","assessed_value":14166000},{"address":"16632.0 74 STREET NW","assessed_value":423000},{"address":"249.0 EDWARDS DRIVE SW","assessed_value":253500},{"address":"2505.0 42 STREET NW","assessed_value":188000},{"address":"504.0 HUNTERS GREEN NW","assessed_value":527500},{"address":"nan nan","assessed_value":9500},{"address":"3412.0 37 STREET NW","assessed_value":211000},{"address":"9730.0 174 STREET NW","assessed_value":169000},{"address":"11211.0 85 STREET NW","assessed_value":110000},{"address":"2911.0 30 STREET NW","assessed_value":327500},{"address":"10707.0 102 AVENUE NW","assessed_value":173500},{"address":"825.0 TODD COURT NW","assessed_value":1046000},{"address":"14803.0 MILLER BOULEVARD NW","assessed_value":280000},{"address":"887.0 MCALLISTER CRESCENT SW","assessed_value":368500},{"address":"2035.0 BLACKMUD CREEK DRIVE SW","assessed_value":562500},{"address":"3444.0 31 STREET NW","assessed_value":504000},{"address":"nan nan","assessed_value":17500},{"address":"3351.0 25 AVENUE NW","assessed_value":429500},{"address":"10134.0 100 STREET NW","assessed_value":197000},{"address":"nan nan","assessed_value":8500},{"address":"2863.0 LAKESIDE CLOSE NW","assessed_value":85500},{"address":"16933.0 115 STREET NW","assessed_value":263000},{"address":"3524.0 22 STREET NW","assessed_value":422500},{"address":"587.0 BYRNE CRESCENT SW","assessed_value":577000},{"address":"8619.0 111 STREET NW","assessed_value":370500},{"address":"nan nan","assessed_value":18000},{"address":"7605.0 166A AVENUE NW","assessed_value":445000},{"address":"4207.0 TERWILLEGAR VISTA NW","assessed_value":337500},{"address":"1114.0 RUTHERFORD CLOSE SW","assessed_value":510000},{"address":"2903.0 RABBIT HILL ROAD NW","assessed_value":194000},{"address":"10927.0 101 STREET NW","assessed_value":614000},{"address":"2004.0 GRANTHAM COURT NW","assessed_value":296500},{"address":"nan nan","assessed_value":8000},{"address":"16419.0 67 STREET NW","assessed_value":416000},{"address":"11025.0 83 AVENUE NW","assessed_value":319500},{"address":"10011.0 110 STREET NW","assessed_value":269000},{"address":"8942.0 156 STREET NW","assessed_value":6500},{"address":"16336.0 88 STREET NW","assessed_value":582000},{"address":"nan nan","assessed_value":12500},{"address":"3221.0 MCPHADDEN PLACE SW","assessed_value":482500},{"address":"16124.0 129 STREET NW","assessed_value":432000},{"address":"1426.0 THOROGOOD LANE NW","assessed_value":654500},{"address":"2224.0 80 AVENUE NW","assessed_value":548500},{"address":"nan nan","assessed_value":7000},{"address":"nan nan","assessed_value":12500},{"address":"8114.0 77 AVENUE NW","assessed_value":364500},{"address":"14010.0 122 STREET NW","assessed_value":298000},{"address":"2441.0 TEGLER GREEN NW","assessed_value":915500},{"address":"14603.0 MILLER BOULEVARD NW","assessed_value":258500},{"address":"2419.0 35 AVENUE NW","assessed_value":525500},{"address":"378.0 EVERGREEN PARK NW","assessed_value":67500},{"address":"16331.0 88 STREET NW","assessed_value":688000},{"address":"8942.0 156 STREET NW","assessed_value":242500},{"address":"521.0 GEISSINGER LOOP NW","assessed_value":416500},{"address":"10134.0 100 STREET NW","assessed_value":191500},{"address":"557.0 HODGSON ROAD NW","assessed_value":868500},{"address":"10060.0 164 STREET NW","assessed_value":285000},{"address":"21210.0 88A AVENUE NW","assessed_value":529000},{"address":"nan nan","assessed_value":17000},{"address":"4798.0 TERWILLEGAR COMMON NW","assessed_value":381500},{"address":"16823.0 84 STREET NW","assessed_value":232500},{"address":"663.0 SILVER BERRY ROAD NW","assessed_value":10500},{"address":"13911.0 156 AVENUE NW","assessed_value":346000},{"address":"16933.0 115 STREET NW","assessed_value":258500},{"address":"17344.0 90 STREET NW","assessed_value":350500},{"address":"6041.0 105A STREET NW","assessed_value":8500},{"address":"1981.0 GARNETT WAY NW","assessed_value":592000},{"address":"3727.0 162 AVENUE NW","assessed_value":460500},{"address":"843.0 GRAHAM WYND NW","assessed_value":479500},{"address":"3141.0 34A AVENUE NW","assessed_value":632000},{"address":"2420.0 108 STREET NW","assessed_value":219000},{"address":"14603.0 MILLER BOULEVARD NW","assessed_value":254500},{"address":"9804.0 101 STREET NW","assessed_value":323000},{"address":"408.0 86 STREET SW","assessed_value":511500},{"address":"nan nan","assessed_value":8500},{"address":"1610.0 HECTOR ROAD NW","assessed_value":1331000},{"address":"1098.0 BARNES WAY SW","assessed_value":334500},{"address":"876.0 MCALLISTER CRESCENT SW","assessed_value":374500},{"address":"14.0 LAURIER PLACE NW","assessed_value":8500},{"address":"11033.0 127 STREET NW","assessed_value":253000},{"address":"nan nan","assessed_value":6500},{"address":"11211.0 85 STREET NW","assessed_value":119500},{"address":"9113.0 156 AVENUE NW","assessed_value":590500},{"address":"nan nan","assessed_value":6500},{"address":"3005.0 33 AVENUE NW","assessed_value":358500},{"address":"2021.0 GRANTHAM COURT NW","assessed_value":310000},{"address":"nan nan","assessed_value":4500},{"address":"423.0 CALDERON CRESCENT NW","assessed_value":621500},{"address":"14603.0 MILLER BOULEVARD NW","assessed_value":259500},{"address":"8942.0 156 STREET NW","assessed_value":273500},{"address":"16124.0 76 STREET NW","assessed_value":598000},{"address":"427.0 TORY POINT NW","assessed_value":581000},{"address":"671.0 DARTMOUTH POINT NW","assessed_value":1203000},{"address":"16619.0 76 STREET NW","assessed_value":436000},{"address":"592.0 HOOKE ROAD NW","assessed_value":168000},{"address":"6736.0 166 AVENUE NW","assessed_value":423000},{"address":"nan nan","assessed_value":13000},{"address":"nan nan","assessed_value":8000},{"address":"4350.0 23 STREET NW","assessed_value":302000},{"address":"920.0 BLACKMUD CREEK CRESCENT SW","assessed_value":586500},{"address":"237.0 YOUVILLE DRIVE EAST NW","assessed_value":179000},{"address":"17925.0 STONY PLAIN ROAD NW","assessed_value":3182500},{"address":"155.0 CALDWELL WAY NW","assessed_value":658500},{"address":"nan nan","assessed_value":8000},{"address":"15209.0 48A STREET NW","assessed_value":534500},{"address":"10178.0 117 STREET NW","assessed_value":336000},{"address":"nan nan","assessed_value":7000},{"address":"610.0 88A STREET SW","assessed_value":374500},{"address":"1616.0 123 STREET SW","assessed_value":395500},{"address":"249.0 EDWARDS DRIVE SW","assessed_value":260000},{"address":"16356.0 89 STREET NW","assessed_value":487000},{"address":"741.0 GREEN WYND NW","assessed_value":515000},{"address":"2907.0 33 STREET NW","assessed_value":594500},{"address":"6703.0 172 STREET NW","assessed_value":215000},{"address":"1661.0 GLASTONBURY BOULEVARD NW","assessed_value":536000},{"address":"15313.0 138B STREET NW","assessed_value":436000},{"address":"522.0 CALDWELL COURT NW","assessed_value":535000},{"address":"5463.0 111A STREET NW","assessed_value":8500},{"address":"273.0 EVERGREEN PARK NW","assessed_value":57000},{"address":"592.0 HOOKE ROAD NW","assessed_value":159000},{"address":"19024.0 49 AVENUE NW","assessed_value":460500},{"address":"1416.0 GOODSPEED LANE NW","assessed_value":437000},{"address":"15207.0 44 STREET NW","assessed_value":446500},{"address":"2903.0 RABBIT HILL ROAD NW","assessed_value":190500},{"address":"9819.0 96A STREET NW","assessed_value":332500},{"address":"10072.0 164 STREET NW","assessed_value":289000},{"address":"nan nan","assessed_value":4500},{"address":"178.0 QUESNELL CRESCENT NW","assessed_value":7000},{"address":"1225.0 SUMMERSIDE DRIVE SW","assessed_value":879000},{"address":"10703.0 177 AVENUE NW","assessed_value":602000},{"address":"nan nan","assessed_value":17500},{"address":"9120.0 156 STREET NW","assessed_value":169000},{"address":"nan nan","assessed_value":7000},{"address":"13407.0 157 AVENUE NW","assessed_value":573500},{"address":"7803.0 166 AVENUE NW","assessed_value":585000},{"address":"10011.0 110 STREET NW","assessed_value":220500},{"address":"nan nan","assessed_value":8000},{"address":"10309.0 107 STREET NW","assessed_value":332000},{"address":"7122.0 162A AVENUE NW","assessed_value":593500},{"address":"11717.0 173A AVENUE NW","assessed_value":478000},{"address":"185.0 CALDWELL WAY NW","assessed_value":489000},{"address":"4138.0 33A STREET NW","assessed_value":568500},{"address":"nan nan","assessed_value":13000},{"address":"nan nan","assessed_value":6500},{"address":"28.0 WINDERMERE DRIVE SW","assessed_value":4186000},{"address":"nan nan","assessed_value":14500},{"address":"2804.0 33 STREET NW","assessed_value":463500},{"address":"9804.0 101 STREET NW","assessed_value":238500},{"address":"15012.0 136 STREET NW","assessed_value":405000},{"address":"3012.0 30 AVENUE NW","assessed_value":331500},{"address":"12120.0 17 AVENUE SW","assessed_value":421000},{"address":"nan nan","assessed_value":4500},{"address":"9741.0 110 STREET NW","assessed_value":320000},{"address":"3628.0 130 AVENUE NW","assessed_value":420000},{"address":"237.0 YOUVILLE DRIVE EAST NW","assessed_value":152000},{"address":"11315.0 137 AVENUE NW","assessed_value":9000},{"address":"135.0 CALDWELL WAY NW","assessed_value":10000},{"address":"nan nan","assessed_value":12500},{"address":"nan nan","assessed_value":7000},{"address":"nan nan","assessed_value":4000},{"address":"nan nan","assessed_value":12000},{"address":"6439.0 163 AVENUE NW","assessed_value":511500},{"address":"6712.0 164 AVENUE NW","assessed_value":415000},{"address":"1314.0 BARNES CLOSE SW","assessed_value":482500},{"address":"717.0 89 STREET SW","assessed_value":467000},{"address":"3117.0 33 AVENUE NW","assessed_value":421000},{"address":"10116.0 80 AVENUE NW","assessed_value":268000},{"address":"6316.0 162B AVENUE NW","assessed_value":459000},{"address":"1103.0 80 STREET SW","assessed_value":4000},{"address":"4020.0 21 STREET NW","assessed_value":286000},{"address":"10124.0 13 AVENUE NW","assessed_value":8000},{"address":"2511.0 BELL COURT SW","assessed_value":546000},{"address":"13411.0 158 AVENUE NW","assessed_value":571500},{"address":"107.0 CASTLE DRIVE NW","assessed_value":514500},{"address":"11008.0 177 AVENUE NW","assessed_value":550000},{"address":"11211.0 85 STREET NW","assessed_value":97000},{"address":"9741.0 110 STREET NW","assessed_value":325500},{"address":"nan nan","assessed_value":7500},{"address":"8521.0 6 AVENUE SW","assessed_value":491500},{"address":"9304.0 157 AVENUE NW","assessed_value":595500},{"address":"10951.0 124 STREET NW","assessed_value":203500},{"address":"3223.0 13 AVENUE NW","assessed_value":660500},{"address":"3750.0 21 STREET NW","assessed_value":335500},{"address":"210.0 84 STREET SW","assessed_value":396000},{"address":"10855.0 SASKATCHEWAN DRIVE NW","assessed_value":389500},{"address":"15024.0 135 STREET NW","assessed_value":358500},{"address":"9915.0 145 AVENUE NW","assessed_value":341500},{"address":"21365.0 87A AVENUE NW","assessed_value":366500},{"address":"1780.0 GLASTONBURY BOULEVARD NW","assessed_value":270500},{"address":"10046.0 110 STREET NW","assessed_value":258000},{"address":"16119.0 74 STREET NW","assessed_value":484500},{"address":"676.0 GEISSINGER ROAD NW","assessed_value":473500},{"address":"192.0 SASKATCHEWAN DRIVE SOUTH NW","assessed_value":1618500},{"address":"3319.0 27 AVENUE NW","assessed_value":465500},{"address":"9811.0 96A STREET NW","assessed_value":381500},{"address":"nan nan","assessed_value":13000},{"address":"10105.0 109 STREET NW","assessed_value":94000},{"address":"10420.0 93 STREET NW","assessed_value":94500},{"address":"nan nan","assessed_value":6500},{"address":"19016.0 50 AVENUE NW","assessed_value":486500},{"address":"11103.0 84 AVENUE NW","assessed_value":259500},{"address":"14803.0 MILLER BOULEVARD NW","assessed_value":315500},{"address":"4314.0 151A AVENUE NW","assessed_value":448000},{"address":"20008.0 53A AVENUE NW","assessed_value":355500},{"address":"15031.0 136 STREET NW","assessed_value":444500},{"address":"4803.0 152 AVENUE NW","assessed_value":424000},{"address":"1719.0 HASWELL COVE NW","assessed_value":587500},{"address":"3132.0 PARSONS ROAD NW","assessed_value":278000},{"address":"nan nan","assessed_value":7000},{"address":"10116.0 80 AVENUE NW","assessed_value":256500},{"address":"2741.0 55 STREET NW","assessed_value":169500},{"address":"4411.0 94 STREET NW","assessed_value":545000},{"address":"4712.0 151 AVENUE NW","assessed_value":446500},{"address":"14608.0 104 AVENUE NW","assessed_value":301500},{"address":"16236.0 83A STREET NW","assessed_value":446500},{"address":"10904.0 123 STREET NW","assessed_value":345000},{"address":"152.0 HAYWARD CRESCENT NW","assessed_value":601000},{"address":"nan nan","assessed_value":9000},{"address":"3703.0 22A STREET NW","assessed_value":582500},{"address":"17319.0 90 STREET NW","assessed_value":408500},{"address":"3105.0 31 AVENUE NW","assessed_value":346000},{"address":"11025.0 83 AVENUE NW","assessed_value":360500},{"address":"1911.0 37 AVENUE NW","assessed_value":400500},{"address":"12119.0 17 AVENUE SW","assessed_value":415000},{"address":"724.0 DALHOUSIE WAY NW","assessed_value":615500},{"address":"20510.0 33 AVENUE SW","assessed_value":706500},{"address":"2741.0 55 STREET NW","assessed_value":110500},{"address":"nan nan","assessed_value":7000},{"address":"nan nan","assessed_value":6000},{"address":"nan nan","assessed_value":9000},{"address":"18109.0 108 STREET NW","assessed_value":446000},{"address":"639.0 WINDROSS CRESCENT NW","assessed_value":418500},{"address":"1780.0 GLASTONBURY BOULEVARD NW","assessed_value":281500},{"address":"3317.0 LAKEVIEW ROAD NW","assessed_value":166000},{"address":"8404.0 MCINTYRE ROAD NW","assessed_value":10386000},{"address":"262.0 GALLAND CLOSE NW","assessed_value":571000},{"address":"4074.0 33A STREET NW","assessed_value":468000},{"address":"651.0 DALHOUSIE CRESCENT NW","assessed_value":590000},{"address":"11440.0 ELLERSLIE ROAD SW","assessed_value":55025000},{"address":"3769.0 21 STREET NW","assessed_value":336500},{"address":"249.0 EDWARDS DRIVE SW","assessed_value":253500},{"address":"306.0 CUTTS COURT NW","assessed_value":616500},{"address":"nan nan","assessed_value":7500},{"address":"12937.0 105 STREET NW","assessed_value":10500},{"address":"nan nan","assessed_value":8500},{"address":"2233.0 GARNETT COURT NW","assessed_value":437000},{"address":"11705.0 71A AVENUE NW","assessed_value":896500},{"address":"13722.0 37 STREET NW","assessed_value":419500},{"address":"16220.0 93 STREET NW","assessed_value":312000},{"address":"705.0 BARRIE CLOSE SW","assessed_value":461000},{"address":"1829.0 36 AVENUE NW","assessed_value":423000},{"address":"137.0 GRIESBACH ROAD NW","assessed_value":533000},{"address":"3307.0 40B AVENUE NW","assessed_value":525000},{"address":"4350.0 23 STREET NW","assessed_value":290000},{"address":"nan nan","assessed_value":17000},{"address":"8103.0 127 AVENUE NW","assessed_value":237000},{"address":"10221.0 111 STREET NW","assessed_value":359000},{"address":"8909.0 100 STREET NW","assessed_value":309500},{"address":"9828.0 112 STREET NW","assessed_value":271500},{"address":"2021.0 GRANTHAM COURT NW","assessed_value":315500},{"address":"10528.0 77 AVENUE NW","assessed_value":255000},{"address":"813.0 MCALLISTER CRESCENT SW","assessed_value":400500},{"address":"16214.0 70 STREET NW","assessed_value":583500},{"address":"237.0 YOUVILLE DRIVE EAST NW","assessed_value":180000},{"address":"2350.0 TAYLOR CLOSE NW","assessed_value":484500},{"address":"17363.0 90 STREET NW","assessed_value":386000},{"address":"420.0 GIBB WYND NW","assessed_value":385500},{"address":"nan nan","assessed_value":12000},{"address":"1825.0 HASWELL WAY NW","assessed_value":566500},{"address":"9804.0 101 STREET NW","assessed_value":331500},{"address":"13508.0 158 AVENUE NW","assessed_value":637500},{"address":"3720.0 MCLEAN COURT SW","assessed_value":505000},{"address":"10108.0 125 STREET NW","assessed_value":472000},{"address":"6756.0 75 STREET NW","assessed_value":689500},{"address":"nan nan","assessed_value":13000},{"address":"14956.0 138 STREET NW","assessed_value":448500},{"address":"8906.0 7 AVENUE SW","assessed_value":463500},{"address":"2916.0 31 STREET NW","assessed_value":390000},{"address":"nan nan","assessed_value":8500},{"address":"14931.0 137 STREET NW","assessed_value":547500},{"address":"15123.0 43 STREET NW","assessed_value":421500},{"address":"11536.0 167A AVENUE NW","assessed_value":404000},{"address":"11109.0 84 AVENUE NW","assessed_value":251000},{"address":"nan nan","assessed_value":8500},{"address":"12603.0 152 AVENUE NW","assessed_value":322000},{"address":"nan nan","assessed_value":13000},{"address":"10815.0 177 AVENUE NW","assessed_value":684000},{"address":"4020.0 21 STREET NW","assessed_value":288500},{"address":"6567.0 GATEWAY BOULEVARD NW","assessed_value":495500},{"address":"9938.0 104 STREET NW","assessed_value":201500},{"address":"12133.0 16 AVENUE SW","assessed_value":412500},{"address":"3268.0 27 AVENUE NW","assessed_value":458000},{"address":"5120.0 201 STREET NW","assessed_value":486000},{"address":"182.0 HADDOW CLOSE NW","assessed_value":269500},{"address":"10105.0 95 STREET NW","assessed_value":306500},{"address":"16823.0 84 STREET NW","assessed_value":242500},{"address":"727.0 LAUBER CRESCENT NW","assessed_value":500500},{"address":"4568.0 TURNER SQUARE NW","assessed_value":404500},{"address":"2324.0 RUTHERFORD WAY SW","assessed_value":656000},{"address":"1037.0 LEGER BOULEVARD NW","assessed_value":516500},{"address":"13018.0 141B AVENUE NW","assessed_value":462500},{"address":"16211.0 93 STREET NW","assessed_value":312000},{"address":"11260.0 153 AVENUE NW","assessed_value":286000},{"address":"12603.0 152 AVENUE NW","assessed_value":291000},{"address":"3728.0 162 AVENUE NW","assessed_value":431500},{"address":"8512.0 12 AVENUE SW","assessed_value":522000},{"address":"4905.0 72 AVENUE NW","assessed_value":931500},{"address":"3380.0 28A AVENUE NW","assessed_value":262500},{"address":"603.0 SILVER BERRY ROAD NW","assessed_value":537500},{"address":"9125.0 100A AVENUE NW","assessed_value":530500},{"address":"3520.0 25 STREET NW","assessed_value":514000},{"address":"2741.0 55 STREET NW","assessed_value":141500},{"address":"11260.0 153 AVENUE NW","assessed_value":256000},{"address":"16411.0 88 STREET NW","assessed_value":511500},{"address":"nan nan","assessed_value":12500},{"address":"10827.0 8 AVENUE SW","assessed_value":454500},{"address":"nan nan","assessed_value":7500},{"address":"196.0 EVERGREEN PARK NW","assessed_value":60500},{"address":"13403.0 159 AVENUE NW","assessed_value":599000},{"address":"16303.0 95 STREET NW","assessed_value":134000},{"address":"9005.0 121 AVENUE NW","assessed_value":306500},{"address":"nan nan","assessed_value":3000},{"address":"10169.0 104 STREET NW","assessed_value":395000},{"address":"11211.0 85 STREET NW","assessed_value":126500},{"address":"9507.0 101 AVENUE NW","assessed_value":256500},{"address":"1452.0 BRECKENRIDGE DRIVE NW","assessed_value":414000},{"address":"8536.0 173 AVENUE NW","assessed_value":305500},{"address":"634.0 SADDLEBACK ROAD NW","assessed_value":220500},{"address":"nan nan","assessed_value":3000},{"address":"21305.0 87A AVENUE NW","assessed_value":369500},{"address":"11260.0 153 AVENUE NW","assessed_value":246000},{"address":"nan nan","assessed_value":7000},{"address":"5412.0 202 STREET NW","assessed_value":381000},{"address":"605.0 WINDROSS CRESCENT NW","assessed_value":415500},{"address":"551.0 GEISSINGER LOOP NW","assessed_value":533000},{"address":"11111.0 82 AVENUE NW","assessed_value":426000},{"address":"8920.0 213 STREET NW","assessed_value":381500},{"address":"11260.0 153 AVENUE NW","assessed_value":307500},{"address":"10108.0 125 STREET NW","assessed_value":367000},{"address":"5123.0 201 STREET NW","assessed_value":525000},{"address":"2807.0 31 STREET NW","assessed_value":397000},{"address":"228.0 HYNDMAN CRESCENT NW","assessed_value":458000},{"address":"1111.0 KLARVATTEN COVE NW","assessed_value":581000},{"address":"3515.0 21 STREET NW","assessed_value":433000},{"address":"nan nan","assessed_value":6500},{"address":"592.0 HOOKE ROAD NW","assessed_value":114500},{"address":"510.0 89 STREET SW","assessed_value":444000},{"address":"4925.0 DONSDALE DRIVE NW","assessed_value":11000},{"address":"nan nan","assessed_value":3000},{"address":"1519.0 HASWELL CLOSE NW","assessed_value":580500},{"address":"11111.0 82 AVENUE NW","assessed_value":376500},{"address":"1619.0 ROBERTSON CLOSE SW","assessed_value":593000},{"address":"10844.0 124 STREET NW","assessed_value":997000},{"address":"1516.0 88 STREET SW","assessed_value":590500},{"address":"nan nan","assessed_value":7500},{"address":"16352.0 65 STREET NW","assessed_value":517500},{"address":"121.0 CALDWELL WAY NW","assessed_value":554500},{"address":"nan nan","assessed_value":13000},{"address":"nan nan","assessed_value":8500},{"address":"10735.0 8 AVENUE SW","assessed_value":480000},{"address":"185.0 CASTLE DRIVE NW","assessed_value":468000},{"address":"1852.0 ROBERTSON CRESCENT SW","assessed_value":550000},{"address":"1108.0 119 STREET NW","assessed_value":1983500},{"address":"3371.0 25 AVENUE NW","assessed_value":375500},{"address":"8613.0 8 AVENUE SW","assessed_value":477000},{"address":"2505.0 42 STREET NW","assessed_value":188000},{"address":"3218.0 33A STREET NW","assessed_value":455000},{"address":"504.0 CALDWELL COURT NW","assessed_value":450000},{"address":"16303.0 95 STREET NW","assessed_value":129000},{"address":"2505.0 42 STREET NW","assessed_value":188000},{"address":"3734.0 24 STREET NW","assessed_value":343000},{"address":"7509.0 150 AVENUE NW","assessed_value":8500},{"address":"706.0 TODD LANDING NW","assessed_value":1070000},{"address":"175.0 CALDWELL WAY NW","assessed_value":767500},{"address":"14831.0 138A STREET NW","assessed_value":487500},{"address":"1219.0 ORMSBY LANE NW","assessed_value":533000},{"address":"11025.0 JASPER AVENUE NW","assessed_value":92000},{"address":"14610.0 138A STREET NW","assessed_value":516500},{"address":"1110.0 84 STREET SW","assessed_value":503000},{"address":"5531.0 140A AVENUE NW","assessed_value":8500},{"address":"7554.0 165A AVENUE NW","assessed_value":478500},{"address":"350.0 HUDSON BEND NW","assessed_value":896000},{"address":"125.0 127 STREET SW","assessed_value":24000},{"address":"15736.0 141 STREET NW","assessed_value":341500},{"address":"1911.0 35A AVENUE NW","assessed_value":434500},{"address":"nan nan","assessed_value":8500},{"address":"2104.0 35A AVENUE NW","assessed_value":453500},{"address":"704.0 108 STREET SW","assessed_value":652500},{"address":"9329.0 104 AVENUE NW","assessed_value":62000},{"address":"6703.0 172 STREET NW","assessed_value":200000},{"address":"nan nan","assessed_value":12500},{"address":"11830.0 152 STREET NW","assessed_value":142500},{"address":"721.0 BARRIE CLOSE SW","assessed_value":540500},{"address":"9815.0 96A STREET NW","assessed_value":305000},{"address":"nan nan","assessed_value":14500},{"address":"11260.0 153 AVENUE NW","assessed_value":245000},{"address":"3228.0 PARSONS ROAD NW","assessed_value":685500},{"address":"6312.0 50 STREET NW","assessed_value":50301500},{"address":"2111.0 GARNETT CLOSE NW","assessed_value":443000},{"address":"17625.0 109 STREET NW","assessed_value":566000},{"address":"nan nan","assessed_value":13000},{"address":"10951.0 124 STREET NW","assessed_value":211000},{"address":"nan nan","assessed_value":7000},{"address":"nan nan","assessed_value":7500},{"address":"1222.0 87A STREET SW","assessed_value":483500},{"address":"16303.0 95 STREET NW","assessed_value":200500},{"address":"1668.0 TOMLINSON COMMON NW","assessed_value":494500},{"address":"9503.0 101 AVENUE NW","assessed_value":176000},{"address":"21345.0 87A AVENUE NW","assessed_value":377500},{"address":"nan nan","assessed_value":8000},{"address":"592.0 HOOKE ROAD NW","assessed_value":159000},{"address":"9711.0 60 AVENUE NW","assessed_value":363500},{"address":"21375.0 89 AVENUE NW","assessed_value":387500},{"address":"1573.0 HECTOR ROAD NW","assessed_value":677500},{"address":"3403.0 LAKEVIEW POINT NW","assessed_value":127000},{"address":"1154.0 TORY ROAD NW","assessed_value":848500},{"address":"9325.0 104 AVENUE NW","assessed_value":61500},{"address":"132.0 GALLAND CRESCENT NW","assessed_value":555000},{"address":"nan nan","assessed_value":6000},{"address":"9503.0 101 AVENUE NW","assessed_value":226500},{"address":"915.0 BLACKMUD CREEK CRESCENT SW","assessed_value":9500},{"address":"517.0 CALDWELL COURT NW","assessed_value":477000},{"address":"12936.0 162 AVENUE NW","assessed_value":467500},{"address":"11260.0 153 AVENUE NW","assessed_value":192000},{"address":"10153.0 117 STREET NW","assessed_value":157500},{"address":"nan nan","assessed_value":13000},{"address":"3607.0 22 STREET NW","assessed_value":407000},{"address":"2420.0 108 STREET NW","assessed_value":197500},{"address":"11624.0 168 AVENUE NW","assessed_value":409500},{"address":"nan nan","assessed_value":17500},{"address":"nan nan","assessed_value":3500},{"address":"530.0 GEISSINGER LOOP NW","assessed_value":428500},{"address":"16107.0 76 STREET NW","assessed_value":744500},{"address":"nan nan","assessed_value":17500},{"address":"nan nan","assessed_value":4500},{"address":"4350.0 23 STREET NW","assessed_value":281000},{"address":"710.0 TODD LANDING NW","assessed_value":894500},{"address":"nan nan","assessed_value":7000},{"address":"17603.0 99 STREET NW","assessed_value":355000},{"address":"2332.0 TAYLOR CLOSE NW","assessed_value":582000},{"address":"4020.0 21 STREET NW","assessed_value":292000},{"address":"9815.0 96A STREET NW","assessed_value":308500},{"address":"2510.0 BELL COURT SW","assessed_value":457000},{"address":"611.0 BECK CLOSE SW","assessed_value":484500},{"address":"3520.0 21 STREET NW","assessed_value":438500},{"address":"2209.0 GARNETT COURT NW","assessed_value":414000},{"address":"2741.0 55 STREET NW","assessed_value":151000},{"address":"nan nan","assessed_value":4500},{"address":"10116.0 80 AVENUE NW","assessed_value":274500},{"address":"16529.0 67A STREET NW","assessed_value":413500},{"address":"nan nan","assessed_value":13000},{"address":"nan nan","assessed_value":6000},{"address":"20118.0 53 AVENUE NW","assessed_value":407500},{"address":"7205.0 162A AVENUE NW","assessed_value":512000},{"address":"16020.0 90 STREET NW","assessed_value":325000},{"address":"4319.0 151 AVENUE NW","assessed_value":410500},{"address":"10301.0 109 STREET NW","assessed_value":285000},{"address":"3106.0 35A AVENUE NW","assessed_value":508000},{"address":"nan nan","assessed_value":6000},{"address":"5115.0 200 STREET NW","assessed_value":637500},{"address":"4216.0 TERWILLEGAR VISTA NW","assessed_value":342000},{"address":"nan nan","assessed_value":8500},{"address":"4350.0 23 STREET NW","assessed_value":301000},{"address":"4121.0 33A STREET NW","assessed_value":544000},{"address":"nan nan","assessed_value":7000},{"address":"8909.0 100 STREET NW","assessed_value":287000},{"address":"4411.0 151A AVENUE NW","assessed_value":426000},{"address":"618.0 DALHOUSIE CRESCENT NW","assessed_value":693000},{"address":"1932.0 35A AVENUE NW","assessed_value":441500},{"address":"15005.0 135A STREET NW","assessed_value":411000},{"address":"225.0 BLACKBURN DRIVE EAST SW","assessed_value":255500},{"address":"nan nan","assessed_value":7000},{"address":"1526.0 BRECKENRIDGE CLOSE NW","assessed_value":497000},{"address":"2004.0 GRANTHAM COURT NW","assessed_value":283000},{"address":"8956.0 156 STREET NW","assessed_value":264000},{"address":"11033.0 127 STREET NW","assessed_value":234500},{"address":"9938.0 104 STREET NW","assessed_value":234500},{"address":"9008.0 99 AVENUE NW","assessed_value":313500},{"address":"15004.0 135 STREET NW","assessed_value":368500},{"address":"6703.0 172 STREET NW","assessed_value":250000},{"address":"17516.0 107 STREET NW","assessed_value":464000},{"address":"11033.0 127 STREET NW","assessed_value":316500},{"address":"7205.0 ROPER ROAD NW","assessed_value":410000},{"address":"9935.0 145 AVENUE NW","assessed_value":603000},{"address":"11260.0 153 AVENUE NW","assessed_value":223500},{"address":"8205.0 11 AVENUE SW","assessed_value":445500},{"address":"612.0 BECK CLOSE SW","assessed_value":427500},{"address":"nan nan","assessed_value":8500},{"address":"nan nan","assessed_value":4500},{"address":"1907.0 36 AVENUE NW","assessed_value":333000},{"address":"592.0 HOOKE ROAD NW","assessed_value":126000},{"address":"2403.0 104 STREET NW","assessed_value":41616000},{"address":"4350.0 23 STREET NW","assessed_value":300500},{"address":"2741.0 55 STREET NW","assessed_value":106000},{"address":"871.0 MCALLISTER CRESCENT SW","assessed_value":448500},{"address":"1810.0 GARNETT WAY NW","assessed_value":438000},{"address":"2039.0 GARNETT WAY NW","assessed_value":496000},{"address":"10707.0 102 AVENUE NW","assessed_value":267000},{"address":"8714.0 101A AVENUE NW","assessed_value":474500},{"address":"19031.0 49 AVENUE NW","assessed_value":454500},{"address":"660.0 DALHOUSIE CRESCENT NW","assessed_value":708500},{"address":"2311.0 BAILEY COURT SW","assessed_value":612000},{"address":"nan nan","assessed_value":5000},{"address":"7220.0 144 AVENUE NW","assessed_value":83000},{"address":"10723.0 177 AVENUE NW","assessed_value":714500},{"address":"15105.0 43 STREET NW","assessed_value":435500},{"address":"4308.0 MCMULLEN WAY SW","assessed_value":492000},{"address":"2127.0 BRENNAN CRESCENT NW","assessed_value":508000},{"address":"10134.0 100 STREET NW","assessed_value":144500},{"address":"11556.0 167A AVENUE NW","assessed_value":432000},{"address":"13883.0 37 STREET NW","assessed_value":418500},{"address":"1152.0 SUMMERSIDE DRIVE SW","assessed_value":566500},{"address":"nan nan","assessed_value":8500},{"address":"2004.0 GRANTHAM COURT NW","assessed_value":297500},{"address":"9223.0 157 AVENUE NW","assessed_value":529500},{"address":"10221.0 111 STREET NW","assessed_value":296000},{"address":"15806.0 139 STREET NW","assessed_value":376000},{"address":"8815.0 8 AVENUE SW","assessed_value":424500},{"address":"7225.0 161B AVENUE NW","assessed_value":525500},{"address":"14603.0 MILLER BOULEVARD NW","assessed_value":271000},{"address":"5211.0 201 STREET NW","assessed_value":461500},{"address":"15712.0 135 STREET NW","assessed_value":739500},{"address":"16222.0 90 STREET NW","assessed_value":509000},{"address":"4611.0 152 AVENUE NW","assessed_value":449500},{"address":"237.0 YOUVILLE DRIVE EAST NW","assessed_value":178000},{"address":"523.0 89 STREET SW","assessed_value":443500},{"address":"1005.0 82 STREET SW","assessed_value":614500},{"address":"423.0 HUNTERS GREEN NW","assessed_value":474500},{"address":"nan nan","assessed_value":13000},{"address":"16103.0 102 AVENUE NW","assessed_value":1928500},{"address":"8909.0 100 STREET NW","assessed_value":322500},{"address":"nan nan","assessed_value":12500},{"address":"10855.0 SASKATCHEWAN DRIVE NW","assessed_value":384500},{"address":"nan nan","assessed_value":4000},{"address":"10129.0 163 STREET NW","assessed_value":8013500},{"address":"1010.0 82 STREET SW","assessed_value":509000},{"address":"1208.0 87 STREET SW","assessed_value":514000},{"address":"nan nan","assessed_value":3000},{"address":"nan nan","assessed_value":6500},{"address":"1505.0 ROBERTSON WAY SW","assessed_value":590500},{"address":"nan nan","assessed_value":7000},{"address":"12926.0 162A AVENUE NW","assessed_value":461500},{"address":"18214.0 106A STREET NW","assessed_value":473000},{"address":"10108.0 125 STREET NW","assessed_value":302500},{"address":"9804.0 101 STREET NW","assessed_value":238000},{"address":"nan nan","assessed_value":3000},{"address":"nan nan","assessed_value":8500},{"address":"15216.0 49 STREET NW","assessed_value":492000},{"address":"10108.0 125 STREET NW","assessed_value":381000},{"address":"nan nan","assessed_value":7000},{"address":"117.0 GALLAND CRESCENT NW","assessed_value":558500},{"address":"600.0 SADDLEBACK ROAD NW","assessed_value":230500},{"address":"5428.0 203 STREET NW","assessed_value":444500},{"address":"14051.0 151 AVENUE NW","assessed_value":395500},{"address":"3713.0 138A AVENUE NW","assessed_value":404500},{"address":"11104.0 109 AVENUE NW","assessed_value":182500},{"address":"6924.0 166 AVENUE NW","assessed_value":451000},{"address":"nan nan","assessed_value":9000},{"address":"10134.0 100 STREET NW","assessed_value":152000},{"address":"nan nan","assessed_value":18000},{"address":"3711.0 130 AVENUE NW","assessed_value":505500},{"address":"5212.0 201 STREET NW","assessed_value":376000},{"address":"10842.0 107 STREET NW","assessed_value":67000},{"address":"3124.0 34A AVENUE NW","assessed_value":517000},{"address":"2008.0 35A AVENUE NW","assessed_value":473500},{"address":"8505.0 6 AVENUE SW","assessed_value":475500},{"address":"17344.0 119 STREET NW","assessed_value":446000},{"address":"2903.0 RABBIT HILL ROAD NW","assessed_value":186000},{"address":"15719.0 92 STREET NW","assessed_value":485500},{"address":"8840.0 100 AVENUE NW","assessed_value":624000},{"address":"9507.0 101 AVENUE NW","assessed_value":219500},{"address":"16224.0 53 STREET NW","assessed_value":413000},{"address":"3207.0 28A AVENUE NW","assessed_value":428500},{"address":"8908.0 100 AVENUE NW","assessed_value":618500},{"address":"10249.0 104 STREET NW","assessed_value":610500},{"address":"2062.0 BLACKMUD CREEK DRIVE SW","assessed_value":490500},{"address":"428.0 SPARLING COURT SW","assessed_value":641500},{"address":"716.0 GREEN WYND NW","assessed_value":500500},{"address":"nan nan","assessed_value":17000},{"address":"2711.0 33 STREET NW","assessed_value":463500},{"address":"527.0 GEISSINGER LOOP NW","assessed_value":452500},{"address":"221.0 TORY CRESCENT NW","assessed_value":690500},{"address":"10719.0 80 AVENUE NW","assessed_value":216000},{"address":"3019.0 33 AVENUE NW","assessed_value":397500},{"address":"nan nan","assessed_value":14500},{"address":"9704.0 174 STREET NW","assessed_value":176000},{"address":"nan nan","assessed_value":4500},{"address":"1620.0 HASWELL COURT NW","assessed_value":878500},{"address":"nan nan","assessed_value":13000},{"address":"8910.0 8 AVENUE SW","assessed_value":460000},{"address":"8761.0 5 AVENUE SW","assessed_value":485000},{"address":"14603.0 MILLER BOULEVARD NW","assessed_value":271000},{"address":"nan nan","assessed_value":2000},{"address":"730.0 TODD LANDING NW","assessed_value":954000},{"address":"10330.0 113 STREET NW","assessed_value":85500},{"address":"3.0 MEADOW CRESCENT NW","assessed_value":120500},{"address":"nan nan","assessed_value":7000},{"address":"16515.0 68 STREET NW","assessed_value":457500},{"address":"12603.0 152 AVENUE NW","assessed_value":296000},{"address":"11111.0 82 AVENUE NW","assessed_value":714000},{"address":"14631.0 138 STREET NW","assessed_value":460500},{"address":"2133.0 99 STREET NW","assessed_value":1832000},{"address":"3108.0 PARSONS ROAD NW","assessed_value":626000},{"address":"3333.0 32 AVENUE NW","assessed_value":658500},{"address":"592.0 HOOKE ROAD NW","assessed_value":171500},{"address":"nan nan","assessed_value":7000},{"address":"7220.0 144 AVENUE NW","assessed_value":66000},{"address":"345.0 KIRKNESS ROAD NW","assessed_value":247500},{"address":"11304.0 167B AVENUE NW","assessed_value":433000},{"address":"12809.0 161 AVENUE NW","assessed_value":473500},{"address":"12912.0 50 STREET NW","assessed_value":6039500},{"address":"8942.0 156 STREET NW","assessed_value":285500},{"address":"nan nan","assessed_value":7000},{"address":"16231.0 73 STREET NW","assessed_value":520000},{"address":"954.0 HOLLINGSWORTH BEND NW","assessed_value":901500},{"address":"18065.0 66 STREET NW","assessed_value":81500},{"address":"9907.0 144 AVENUE NW","assessed_value":494500},{"address":"638.0 DARTMOUTH POINT NW","assessed_value":500},{"address":"8912.0 175 AVENUE NW","assessed_value":436000},{"address":"nan nan","assessed_value":8500},{"address":"8559.0 88 STREET NW","assessed_value":462000},{"address":"1803.0 37A AVENUE NW","assessed_value":454500},{"address":"255.0 TORY CRESCENT NW","assessed_value":793000},{"address":"7220.0 144 AVENUE NW","assessed_value":55000},{"address":"345.0 KIRKNESS ROAD NW","assessed_value":247500},{"address":"9643.0 81 STREET NW","assessed_value":9500},{"address":"nan nan","assessed_value":17000},{"address":"nan nan","assessed_value":9000},{"address":"4350.0 23 STREET NW","assessed_value":303000},{"address":"11013.0 176A AVENUE NW","assessed_value":615000},{"address":"7020.0 163 AVENUE NW","assessed_value":477500},{"address":"14603.0 MILLER BOULEVARD NW","assessed_value":266500},{"address":"15412.0 137A STREET NW","assessed_value":395500},{"address":"8488.0 111 STREET NW","assessed_value":382000},{"address":"1012.0 MACEWAN CLOSE SW","assessed_value":525500},{"address":"3414.0 118 AVENUE NW","assessed_value":6147500},{"address":"4109.0 TOMPKINS WAY NW","assessed_value":425000},{"address":"97.0 EVERGREEN PARK NW","assessed_value":68500},{"address":"15303.0 137A STREET NW","assessed_value":360500},{"address":"2925.0 30 STREET NW","assessed_value":328500},{"address":"4406.0 150 AVENUE NW","assessed_value":372000},{"address":"3712.0 22A STREET NW","assessed_value":470500},{"address":"10924.0 6 AVENUE SW","assessed_value":689000},{"address":"9815.0 96A STREET NW","assessed_value":320000},{"address":"8707.0 165 AVENUE NW","assessed_value":544500},{"address":"609.0 TODD LINK NW","assessed_value":733000},{"address":"6545.0 111 STREET NW","assessed_value":222500},{"address":"1976.0 GARNETT WAY NW","assessed_value":503500},{"address":"3747.0 20 STREET NW","assessed_value":405000},{"address":"1536.0 PALMER CLOSE NW","assessed_value":571000},{"address":"nan nan","assessed_value":8000},{"address":"nan nan","assessed_value":8000},{"address":"1012.0 GOODWIN COURT NW","assessed_value":601000},{"address":"1511.0 BLACKMORE WAY SW","assessed_value":741500},{"address":"592.0 HOOKE ROAD NW","assessed_value":194000},{"address":"nan nan","assessed_value":8500},{"address":"1692.0 TOMPKINS PLACE NW","assessed_value":450000},{"address":"2505.0 42 STREET NW","assessed_value":230000},{"address":"10221.0 111 STREET NW","assessed_value":340000},{"address":"5204.0 162 AVENUE NW","assessed_value":465500},{"address":"14803.0 MILLER BOULEVARD NW","assessed_value":280000},{"address":"159.0 GALLAND CRESCENT NW","assessed_value":597000},{"address":"1806.0 36 AVENUE NW","assessed_value":449000},{"address":"301.0 OZERNA ROAD NW","assessed_value":467500},{"address":"8910.0 5 AVENUE SW","assessed_value":462500},{"address":"3411.0 MCKAY LANE SW","assessed_value":337000},{"address":"12125.0 17 AVENUE SW","assessed_value":410500},{"address":"115.0 156 STREET NW","assessed_value":814000},{"address":"nan nan","assessed_value":13000},{"address":"10708.0 180 AVENUE NW","assessed_value":473000},{"address":"237.0 YOUVILLE DRIVE EAST NW","assessed_value":186500},{"address":"10249.0 104 STREET NW","assessed_value":372500},{"address":"3215.0 33 STREET NW","assessed_value":538000},{"address":"10033.0 116 STREET NW","assessed_value":215000},{"address":"1803.0 36 AVENUE NW","assessed_value":443000},{"address":"920.0 119 STREET NW","assessed_value":502000},{"address":"nan nan","assessed_value":9000},{"address":"14013.0 156 AVENUE NW","assessed_value":346000},{"address":"1814.0 37C AVENUE NW","assessed_value":561000},{"address":"592.0 HOOKE ROAD NW","assessed_value":175500},{"address":"1820.0 37 AVENUE NW","assessed_value":449500},{"address":"10108.0 125 STREET NW","assessed_value":346500},{"address":"3209.0 33A STREET NW","assessed_value":452000},{"address":"11003.0 JASPER AVENUE NW","assessed_value":511500},{"address":"11830.0 85 STREET NW","assessed_value":52000},{"address":"10105.0 109 STREET NW","assessed_value":388000},{"address":"15230.0 48A STREET NW","assessed_value":509000},{"address":"4618.0 151A AVENUE NW","assessed_value":460500},{"address":"3019.0 32 AVENUE NW","assessed_value":396000},{"address":"10235.0 111 STREET NW","assessed_value":435500},{"address":"10730.0 105 STREET NW","assessed_value":90500},{"address":"nan nan","assessed_value":7000},{"address":"nan nan","assessed_value":12500},{"address":"21372.0 88 AVENUE NW","assessed_value":435000},{"address":"16629.0 75A STREET NW","assessed_value":456000},{"address":"16328.0 65 STREET NW","assessed_value":557500},{"address":"21222.0 88A AVENUE NW","assessed_value":459000},{"address":"10224.0 157 STREET NW","assessed_value":260000},{"address":"14727.0 115 STREET NW","assessed_value":8000},{"address":"1166.0 BARNES WAY SW","assessed_value":336500},{"address":"3351.0 24 AVENUE NW","assessed_value":411000},{"address":"9955.0 114 STREET NW","assessed_value":219000},{"address":"16607.0 76 STREET NW","assessed_value":495000},{"address":"8956.0 156 STREET NW","assessed_value":183500},{"address":"nan nan","assessed_value":8500},{"address":"nan nan","assessed_value":8500},{"address":"10636.0 183 AVENUE NW","assessed_value":461500},{"address":"4350.0 23 STREET NW","assessed_value":287000},{"address":"nan nan","assessed_value":3000},{"address":"nan nan","assessed_value":4500},{"address":"16142.0 128A STREET NW","assessed_value":425000},{"address":"8922.0 156 STREET NW","assessed_value":244000},{"address":"2325.0 BAILEY COURT SW","assessed_value":553000},{"address":"nan nan","assessed_value":9000},{"address":"nan nan","assessed_value":12500},{"address":"17315.0 91 STREET NW","assessed_value":368000},{"address":"3210.0 LAKEWOOD CLOSE NW","assessed_value":128500},{"address":"604.0 DALHOUSIE CRESCENT NW","assessed_value":626500},{"address":"nan nan","assessed_value":9500},{"address":"9811.0 34 AVENUE NW","assessed_value":940000},{"address":"1298.0 RUTHERFORD ROAD SW","assessed_value":173500},{"address":"2505.0 42 STREET NW","assessed_value":188000},{"address":"10265.0 107 STREET NW","assessed_value":348000},{"address":"10106.0 105 STREET NW","assessed_value":132500},{"address":"2505.0 42 STREET NW","assessed_value":188000},{"address":"nan nan","assessed_value":8500},{"address":"3150.0 101 STREET NW","assessed_value":5021500},{"address":"nan nan","assessed_value":6000},{"address":"649.0 WINDROSS CRESCENT NW","assessed_value":357000},{"address":"10134.0 100 STREET NW","assessed_value":8500},{"address":"17320.0 90 STREET NW","assessed_value":395500},{"address":"2903.0 RABBIT HILL ROAD NW","assessed_value":200000},{"address":"244.0 EDWARDS DRIVE SW","assessed_value":27000},{"address":"2903.0 RABBIT HILL ROAD NW","assessed_value":201500},{"address":"922.0 HALIBURTON ROAD NW","assessed_value":533000},{"address":"nan nan","assessed_value":17000},{"address":"2741.0 55 STREET NW","assessed_value":116500},{"address":"5450.0 CALGARY TRAIL NW","assessed_value":422500},{"address":"2021.0 GRANTHAM COURT NW","assessed_value":294000},{"address":"nan nan","assessed_value":8500},{"address":"3587.0 MCLEAN CRESCENT SW","assessed_value":418500},{"address":"15206.0 48A STREET NW","assessed_value":506000},{"address":"1246.0 SUMMERSIDE DRIVE SW","assessed_value":747000},{"address":"10106.0 105 STREET NW","assessed_value":90000},{"address":"2420.0 108 STREET NW","assessed_value":183500},{"address":"10249.0 104 STREET NW","assessed_value":426000},{"address":"4616.0 TURNER SQUARE NW","assessed_value":412500},{"address":"2407.0 RIVERBEND ROAD NW","assessed_value":400000},{"address":"10330.0 113 STREET NW","assessed_value":125000},{"address":"1913.0 37B AVENUE NW","assessed_value":378500},{"address":"9803.0 19 AVENUE NW","assessed_value":4779500},{"address":"5090.0 THIBAULT WAY NW","assessed_value":701000},{"address":"nan nan","assessed_value":7500},{"address":"9126.0 100A AVENUE NW","assessed_value":520500},{"address":"11033.0 127 STREET NW","assessed_value":277000},{"address":"9943.0 89 STREET NW","assessed_value":599000},{"address":"9503.0 101 AVENUE NW","assessed_value":168000},{"address":"nan nan","assessed_value":18000},{"address":"1432.0 BRECKENRIDGE DRIVE NW","assessed_value":476500},{"address":"2124.0 GARNETT PLACE NW","assessed_value":538000},{"address":"4510.0 TURNER SQUARE NW","assessed_value":414500},{"address":"17061.0 ANTHONY HENDAY DRIVE NW","assessed_value":39000},{"address":"3308.0 26 AVENUE NW","assessed_value":395000},{"address":"nan nan","assessed_value":17000},{"address":"5356.0 TERWILLEGAR BOULEVARD NW","assessed_value":450000},{"address":"9741.0 110 STREET NW","assessed_value":334500},{"address":"8514.0 8 AVENUE SW","assessed_value":507500},{"address":"920.0 119 STREET NW","assessed_value":411000},{"address":"1013.0 79 STREET SW","assessed_value":457000},{"address":"305.0 84 STREET SW","assessed_value":403000},{"address":"13023.0 141C AVENUE NW","assessed_value":535500},{"address":"nan nan","assessed_value":9000},{"address":"18112.0 108 STREET NW","assessed_value":434500},{"address":"3523.0 MCLEAN CRESCENT SW","assessed_value":470000},{"address":"748.0 TODD LANDING NW","assessed_value":878000},{"address":"16428.0 88 STREET NW","assessed_value":629500},{"address":"10909.0 106 STREET NW","assessed_value":257500},{"address":"529.0 89 STREET SW","assessed_value":476500},{"address":"14803.0 MILLER BOULEVARD NW","assessed_value":289000},{"address":"440.0 MANNING CROSSING NW","assessed_value":1975000},{"address":"nan nan","assessed_value":6000},{"address":"8914.0 7 AVENUE SW","assessed_value":455000},{"address":"908.0 SUMMERSIDE LINK SW","assessed_value":715500},{"address":"2741.0 55 STREET NW","assessed_value":143000},{"address":"10744.0 180 STREET NW","assessed_value":304000},{"address":"19820.0 62 AVENUE NW","assessed_value":2340500},{"address":"15104.0 45 STREET NW","assessed_value":415000},{"address":"6816.0 166 AVENUE NW","assessed_value":403500},{"address":"8832.0 166 AVENUE NW","assessed_value":558000},{"address":"nan nan","assessed_value":8000},{"address":"2308.0 BAILEY COURT SW","assessed_value":634000},{"address":"3203.0 211 AVENUE NE","assessed_value":576000},{"address":"15120.0 141 STREET NW","assessed_value":421500},{"address":"452.0 HUNTERS GREEN NW","assessed_value":421000},{"address":"11830.0 85 STREET NW","assessed_value":77000},{"address":"nan nan","assessed_value":6500},{"address":"15020.0 MILLER BOULEVARD NW","assessed_value":432500},{"address":"3741.0 137A AVENUE NW","assessed_value":410500},{"address":"604.0 WINDROSS CRESCENT NW","assessed_value":514000},{"address":"17227.0 88 STREET NW","assessed_value":378500},{"address":"9708.0 110 STREET NW","assessed_value":449500},{"address":"3216.0 MCPHADDEN PLACE SW","assessed_value":463000},{"address":"2741.0 55 STREET NW","assessed_value":130000},{"address":"2638.0 33A STREET NW","assessed_value":398500},{"address":"2032.0 GARNETT WAY NW","assessed_value":441500},{"address":"8510.0 8 AVENUE SW","assessed_value":446000},{"address":"11710.0 173A AVENUE NW","assessed_value":417000},{"address":"741.0 LAUBER CRESCENT NW","assessed_value":521000},{"address":"1103.0 82 STREET SW","assessed_value":513500},{"address":"13040.0 34 STREET NW","assessed_value":348500},{"address":"131.0 GRIESBACH ROAD NW","assessed_value":340500},{"address":"11334.0 189 STREET NW","assessed_value":24895500},{"address":"9112.0 100B AVENUE NW","assessed_value":538000},{"address":"11260.0 153 AVENUE NW","assessed_value":304000},{"address":"2741.0 55 STREET NW","assessed_value":148000},{"address":"10308.0 114 STREET NW","assessed_value":268500},{"address":"1012.0 80 STREET SW","assessed_value":426500},{"address":"17431.0 89 STREET NW","assessed_value":488500},{"address":"3030.0 31 AVENUE NW","assessed_value":332000},{"address":"168.0 MACEWAN ROAD SW","assessed_value":523500},{"address":"3318.0 MCPHADDEN CLOSE SW","assessed_value":472500},{"address":"10309.0 107 STREET NW","assessed_value":263500},{"address":"592.0 HOOKE ROAD NW","assessed_value":175500},{"address":"8930.0 149 STREET NW","assessed_value":66500},{"address":"8612.0 6 AVENUE SW","assessed_value":632000},{"address":"16011.0 90 STREET NW","assessed_value":319000},{"address":"1618.0 HECTOR ROAD NW","assessed_value":1173000},{"address":"15409.0 137A STREET NW","assessed_value":332500},{"address":"nan nan","assessed_value":9000},{"address":"9704.0 174 STREET NW","assessed_value":184000},{"address":"1305.0 GEORGE CLOSE NW","assessed_value":381500},{"address":"15112.0 139 STREET NW","assessed_value":390500},{"address":"8922.0 156 STREET NW","assessed_value":188500},{"address":"16403.0 89 STREET NW","assessed_value":498000},{"address":"3835.0 107 STREET NW","assessed_value":82500},{"address":"3329.0 MCPHADDEN CLOSE SW","assessed_value":493500},{"address":"nan nan","assessed_value":6000},{"address":"2704.0 111B STREET NW","assessed_value":17318000},{"address":"11543.0 167A AVENUE NW","assessed_value":422000},{"address":"154.0 MACEWAN ROAD SW","assessed_value":431500},{"address":"9704.0 174 STREET NW","assessed_value":185500},{"address":"520.0 GEISSINGER LOOP NW","assessed_value":385500},{"address":"15704.0 141 STREET NW","assessed_value":301500},{"address":"3219.0 28 AVENUE NW","assessed_value":477500},{"address":"309.0 SUMMERSIDE COVE SW","assessed_value":1004500},{"address":"487.0 HUNTERS GREEN NW","assessed_value":428000},{"address":"14967.0 138 STREET NW","assessed_value":458500},{"address":"2804.0 31 STREET NW","assessed_value":396500},{"address":"9120.0 161 AVENUE NW","assessed_value":546000},{"address":"578.0 SADDLEBACK ROAD NW","assessed_value":231500},{"address":"9828.0 112 STREET NW","assessed_value":237500},{"address":"3540.0 MCLEAN CRESCENT SW","assessed_value":466500},{"address":"214.0 EVERGREEN PARK NW","assessed_value":63000},{"address":"9008.0 99 AVENUE NW","assessed_value":313500},{"address":"15144.0 128 AVENUE NW","assessed_value":672000},{"address":"nan nan","assessed_value":8000},{"address":"328.0 HUDSON BEND NW","assessed_value":1002500},{"address":"8811.0 174 AVENUE NW","assessed_value":442500},{"address":"599.0 STEWART CRESCENT SW","assessed_value":752000},{"address":"16523.0 67 STREET NW","assessed_value":467500},{"address":"9730.0 174 STREET NW","assessed_value":170000},{"address":"711.0 GREEN WYND NW","assessed_value":497000},{"address":"10909.0 106 STREET NW","assessed_value":283500},{"address":"1903.0 37C AVENUE NW","assessed_value":450000},{"address":"9741.0 110 STREET NW","assessed_value":330500},{"address":"10134.0 100 STREET NW","assessed_value":164500},{"address":"3305.0 29 AVENUE NW","assessed_value":407500},{"address":"3355.0 27 AVENUE NW","assessed_value":435000},{"address":"763.0 HALIBURTON CRESCENT NW","assessed_value":832000},{"address":"10634.0 175A AVENUE NW","assessed_value":502500},{"address":"16234.0 52 STREET NW","assessed_value":447000},{"address":"42.0 CRYSTAL CRESCENT NW","assessed_value":133500},{"address":"16303.0 95 STREET NW","assessed_value":159500},{"address":"12151.0 160 STREET NW","assessed_value":9946500},{"address":"1883.0 ROBERTSON CRESCENT SW","assessed_value":543000},{"address":"3111.0 34B AVENUE NW","assessed_value":469000},{"address":"11260.0 153 AVENUE NW","assessed_value":249500},{"address":"1030.0 113 STREET NW","assessed_value":114000},{"address":"1304.0 BARNES CLOSE SW","assessed_value":481000},{"address":"11039.0 83 AVENUE NW","assessed_value":281000},{"address":"1533.0 HASWELL CLOSE NW","assessed_value":782500},{"address":"16128.0 38 STREET NW","assessed_value":367000},{"address":"1906.0 36 AVENUE NW","assessed_value":384000},{"address":"3620.0 22 STREET NW","assessed_value":365000},{"address":"12906.0 162A AVENUE NW","assessed_value":546000}]