[{"address":"nan nan","assessed_value":6500},{"address":"6690.0 CARDINAL ROAD SW","assessed_value":484000},{"address":"2803.0 JAMES MOWATT TRAIL SW","assessed_value":303500},{"address":"920.0 CRYSTALLINA NERA WAY NW","assessed_value":777000},{"address":"14808.0 125 STREET NW","assessed_value":194000},{"address":"21715.0 80 AVENUE NW","assessed_value":516000},{"address":"2323.0 70 STREET SW","assessed_value":513000},{"address":"13212.0 166 AVENUE NW","assessed_value":766500},{"address":"11610.0 126 STREET NW","assessed_value":506000},{"address":"5611.0 GREENOUGH CAPE NW","assessed_value":528500},{"address":"13838.0 166 AVENUE NW","assessed_value":307500},{"address":"5941.0 EDMONDS CRESCENT NW","assessed_value":832500},{"address":"5394.0 SCHONSEE DRIVE NW","assessed_value":632000},{"address":"1019.0 HUCKELL PLACE SW","assessed_value":1069500},{"address":"2336.0 71 STREET SW","assessed_value":471000},{"address":"4218.0 PROWSE WAY SW","assessed_value":381000},{"address":"7284.0 MORGAN ROAD NW","assessed_value":593500},{"address":"16816.0 120 STREET NW","assessed_value":404500},{"address":"1030.0 CHAPPELLE BOULEVARD SW","assessed_value":312000},{"address":"2588.0 ANDERSON WAY SW","assessed_value":186000},{"address":"7142.0 MAY CRESCENT NW","assessed_value":667000},{"address":"17403.0 120 STREET NW","assessed_value":405500},{"address":"12313.0 173A AVENUE NW","assessed_value":396000},{"address":"465.0 HEMINGWAY ROAD NW","assessed_value":296500},{"address":"2430.0 GLENRIDDING BOULEVARD SW","assessed_value":367000},{"address":"nan nan","assessed_value":11000},{"address":"17142.0 49 STREET NW","assessed_value":397000},{"address":"3437.0 ABBOTT WAY SW","assessed_value":508500},{"address":"18931.0 111 AVENUE NW","assessed_value":396500},{"address":"11820.0 22 AVENUE SW","assessed_value":172000},{"address":"nan nan","assessed_value":8000},{"address":"13119.0 205 STREET NW","assessed_value":418500},{"address":"nan nan","assessed_value":2500},{"address":"9612.0 223 STREET NW","assessed_value":577500},{"address":"1125.0 HAINSTOCK GREEN SW","assessed_value":1478500},{"address":"6831.0 42 STREET NW","assessed_value":8405500},{"address":"2221.0 WARE COURT NW","assessed_value":614500},{"address":"10523.0 123 STREET NW","assessed_value":287500},{"address":"nan nan","assessed_value":8500},{"address":"9535.0 217 STREET NW","assessed_value":310000},{"address":"821.0 HOWATT PLACE SW","assessed_value":998500},{"address":"1060.0 MCCONACHIE BOULEVARD NW","assessed_value":167500},{"address":"1196.0 HYNDMAN ROAD NW","assessed_value":147500},{"address":"15128.0 14 STREET NW","assessed_value":482000},{"address":"nan nan","assessed_value":12000},{"address":"718.0 SECORD BOULEVARD NW","assessed_value":442000},{"address":"3357.0 16A AVENUE NW","assessed_value":155000},{"address":"508.0 ALBANY WAY NW","assessed_value":173000},{"address":"nan nan","assessed_value":5000},{"address":"1811.0 ADAMSON POINT SW","assessed_value":213000},{"address":"nan nan","assessed_value":461000},{"address":"nan nan","assessed_value":10000},{"address":"2045.0 GRANTHAM COURT NW","assessed_value":249500},{"address":"12932.0 85 STREET NW","assessed_value":358500},{"address":"3242.0 ALLAN WAY SW","assessed_value":479000},{"address":"1020.0 GRAYDON HILL BOULEVARD SW","assessed_value":386500},{"address":"263.0 EBBERS BOULEVARD NW","assessed_value":472500},{"address":"3958.0 GINSBURG CRESCENT NW","assessed_value":731000},{"address":"8527.0 216 STREET NW","assessed_value":593000},{"address":"859.0 WINDERMERE WYND NW","assessed_value":823000},{"address":"9505.0 105 AVENUE NW","assessed_value":132500},{"address":"5203.0 149 AVENUE NW","assessed_value":258000},{"address":"8628.0 218 STREET NW","assessed_value":679500},{"address":"17613.0 120 STREET NW","assessed_value":421000},{"address":"1230.0 WINDERMERE WAY SW","assessed_value":191000},{"address":"2207.0 44 AVENUE NW","assessed_value":238000},{"address":"6714.0 24 AVENUE SW","assessed_value":402000},{"address":"11410.0 GROAT ROAD NW","assessed_value":12378000},{"address":"445.0 BRINTNELL BOULEVARD NW","assessed_value":302000},{"address":"nan nan","assessed_value":4500},{"address":"726.0 178A STREET SW","assessed_value":683500},{"address":"9535.0 217 STREET NW","assessed_value":310000},{"address":"nan nan","assessed_value":9000},{"address":"3436.0 WEIDLE WAY SW","assessed_value":395000},{"address":"1406.0 27 AVENUE NW","assessed_value":438000},{"address":"16735.0 36 STREET NW","assessed_value":473000},{"address":"1907.0 78 STREET SW","assessed_value":555500},{"address":"7474.0 GETTY WAY NW","assessed_value":574500},{"address":"13719.0 166 AVENUE NW","assessed_value":627000},{"address":"nan nan","assessed_value":7500},{"address":"3640.0 WESTCLIFF WAY SW","assessed_value":1219000},{"address":"nan nan","assessed_value":4500},{"address":"nan nan","assessed_value":8000},{"address":"3236.0 16 AVENUE NW","assessed_value":524500},{"address":"4309.0 PROWSE LINK SW","assessed_value":457000},{"address":"20203.0 43 AVENUE NW","assessed_value":474000},{"address":"7719.0 20 AVENUE SW","assessed_value":607000},{"address":"16015.0 12 AVENUE SW","assessed_value":509000},{"address":"9523.0 160 AVENUE NW","assessed_value":177500},{"address":"1030.0 CHAPPELLE BOULEVARD SW","assessed_value":308500},{"address":"7076.0 ARMOUR BEND SW","assessed_value":580000},{"address":"nan nan","assessed_value":5500},{"address":"7467.0 COLONEL MEWBURN ROAD NW","assessed_value":807500},{"address":"4050.0 SAVARYN DRIVE SW","assessed_value":294000},{"address":"11428.0 126 STREET NW","assessed_value":529000},{"address":"1511.0 52 STREET SW","assessed_value":361500},{"address":"nan nan","assessed_value":8500},{"address":"nan nan","assessed_value":12500},{"address":"3849.0 POWELL WYND SW","assessed_value":389500},{"address":"3935.0 KENNEDY CRESCENT SW","assessed_value":873500},{"address":"655.0 TAMARACK ROAD NW","assessed_value":289500},{"address":"534.0 WATT BOULEVARD SW","assessed_value":209000},{"address":"nan nan","assessed_value":4500},{"address":"6076.0 SCHONSEE WAY NW","assessed_value":208000},{"address":"3717.0 167A AVENUE NW","assessed_value":497000},{"address":"nan nan","assessed_value":12500},{"address":"1721.0 52A STREET SW","assessed_value":583500},{"address":"5503.0 CRABAPPLE LOOP SW","assessed_value":405500},{"address":"5363.0 SCHONSEE DRIVE NW","assessed_value":528000},{"address":"4023.0 97 STREET NW","assessed_value":387000},{"address":"5486.0 CRABAPPLE LOOP SW","assessed_value":470000},{"address":"1414.0 33B STREET NW","assessed_value":454000},{"address":"231.0 EBBERS BOULEVARD NW","assessed_value":420500},{"address":"3438.0 CUTLER CRESCENT SW","assessed_value":473500},{"address":"17555.0 61 STREET NW","assessed_value":542000},{"address":"nan nan","assessed_value":11500},{"address":"11816.0 22 AVENUE SW","assessed_value":149000},{"address":"250.0 ALBANY DRIVE NW","assessed_value":545000},{"address":"nan nan","assessed_value":12000},{"address":"530.0 WATT BOULEVARD SW","assessed_value":175000},{"address":"9505.0 105 AVENUE NW","assessed_value":152500},{"address":"4203.0 GORESKY CLOSE NW","assessed_value":749500},{"address":"2811.0 12 STREET NW","assessed_value":467000},{"address":"548.0 175A STREET SW","assessed_value":392500},{"address":"1729.0 52A STREET SW","assessed_value":649000},{"address":"nan nan","assessed_value":12500},{"address":"12820.0 116A AVENUE NW","assessed_value":531500},{"address":"7352.0 EDGEMONT WAY NW","assessed_value":419500},{"address":"7272.0 MORGAN ROAD NW","assessed_value":586000},{"address":"3513.0 WEIDLE WAY SW","assessed_value":528000},{"address":"12038.0 103 STREET NW","assessed_value":480000},{"address":"9515.0 160 AVENUE NW","assessed_value":302000},{"address":"5906.0 EDMONDS CRESCENT NW","assessed_value":539500},{"address":"2925.0 ANDERSON COURT SW","assessed_value":445000},{"address":"13823.0 143 AVENUE NW","assessed_value":516500},{"address":"2203.0 44 AVENUE NW","assessed_value":199500},{"address":"1196.0 HYNDMAN ROAD NW","assessed_value":192000},{"address":"2345.0 WARE CRESCENT NW","assessed_value":514500},{"address":"nan nan","assessed_value":8500},{"address":"1442.0 33A STREET NW","assessed_value":417500},{"address":"2520.0 AMERONGEN CRES SW","assessed_value":777000},{"address":"2440.0 ASHCRAFT CRESCENT SW","assessed_value":900000},{"address":"10611.0 117 STREET NW","assessed_value":222000},{"address":"708.0 43 AVENUE NW","assessed_value":580500},{"address":"nan nan","assessed_value":5000},{"address":"nan nan","assessed_value":5500},{"address":"2125.0 53 STREET SW","assessed_value":592500},{"address":"21.0 WINDERMERE DRIVE SW","assessed_value":573000},{"address":"nan nan","assessed_value":12500},{"address":"5510.0 15 AVENUE SW","assessed_value":426500},{"address":"13020.0 127 STREET NW","assessed_value":128500},{"address":"2809.0 KIRKLAND BAY SW","assessed_value":703500},{"address":"3762.0 KIDD CRESCENT SW","assessed_value":628500},{"address":"10611.0 117 STREET NW","assessed_value":248000},{"address":"nan nan","assessed_value":4500},{"address":"609.0 42 AVENUE NW","assessed_value":422000},{"address":"7716.0 19 AVENUE SW","assessed_value":650000},{"address":"1412.0 152 AVENUE NW","assessed_value":365000},{"address":"13838.0 166 AVENUE NW","assessed_value":313500},{"address":"10155.0 150 STREET NW","assessed_value":1460000},{"address":"7503.0 GETTY GATE NW","assessed_value":301500},{"address":"nan nan","assessed_value":8000},{"address":"2704.0 KIRKLAND WAY SW","assessed_value":736500},{"address":"nan nan","assessed_value":4500},{"address":"nan nan","assessed_value":8500},{"address":"3117.0 PAISLEY ROAD SW","assessed_value":393000},{"address":"1423.0 33A STREET NW","assessed_value":418000},{"address":"1703.0 152 AVENUE NW","assessed_value":621000},{"address":"507.0 ALBANY WAY NW","assessed_value":202000},{"address":"13011.0 205 STREET NW","assessed_value":419500},{"address":"6079.0 MAYNARD WAY NW","assessed_value":286000},{"address":"1843.0 56 STREET SW","assessed_value":595000},{"address":"524.0 ORCHARDS BOULEVARD SW","assessed_value":469000},{"address":"5133.0 19A AVENUE SW","assessed_value":486000},{"address":"12035.0 22 AVENUE SW","assessed_value":164500},{"address":"1403.0 GRAYDON HILL WAY SW","assessed_value":662500},{"address":"5440.0 20 AVENUE SW","assessed_value":605500},{"address":"10523.0 123 STREET NW","assessed_value":309000},{"address":"2104.0 BLUE JAY POINT NW","assessed_value":543000},{"address":"nan nan","assessed_value":12500},{"address":"nan nan","assessed_value":11000},{"address":"6084.0 STANTON DRIVE SW","assessed_value":205500},{"address":"nan nan","assessed_value":12000},{"address":"14808.0 125 STREET NW","assessed_value":206500},{"address":"5613.0 EDWORTHY COURT NW","assessed_value":634500},{"address":"3520.0 WATSON POINT SW","assessed_value":1213000},{"address":"3411.0 WEIDLE WAY SW","assessed_value":481500},{"address":"5225.0 20 AVENUE SW","assessed_value":408000},{"address":"nan nan","assessed_value":5500},{"address":"5128.0 CORVETTE STREET NW","assessed_value":547000},{"address":"1932.0 ADAMSON TERRACE SW","assessed_value":630500},{"address":"3225.0 WINSPEAR CRESCENT SW","assessed_value":701000},{"address":"13135.0 65 STREET NW","assessed_value":466500},{"address":"16636.0 71 STREET NW","assessed_value":607000},{"address":"12163.0 177 AVENUE NW","assessed_value":608500},{"address":"2826.0 16A AVENUE NW","assessed_value":394500},{"address":"nan nan","assessed_value":8500},{"address":"5225.0 ADMIRAL WALTER HOSE STREET NW","assessed_value":746500},{"address":"1564.0 CHAPMAN WAY SW","assessed_value":616500},{"address":"3650.0 WEIDLE BEND SW","assessed_value":427000},{"address":"21928.0 90 AVENUE NW","assessed_value":478000},{"address":"1230.0 WINDERMERE WAY SW","assessed_value":197500},{"address":"5336.0 20 AVENUE SW","assessed_value":659500},{"address":"9428.0 211 STREET NW","assessed_value":432000},{"address":"1931.0 51 STREET SW","assessed_value":509000},{"address":"11332.0 ST ALBERT TRAIL NW","assessed_value":450500},{"address":"nan nan","assessed_value":8500},{"address":"11820.0 22 AVENUE SW","assessed_value":186500},{"address":"3456.0 CAMERON HEIGHTS COVE NW","assessed_value":559500},{"address":"4220.0 PROWSE WAY SW","assessed_value":392500},{"address":"17673.0 60A STREET NW","assessed_value":407500},{"address":"1150.0 WINDERMERE WAY SW","assessed_value":340000},{"address":"7291.0 MORGAN ROAD NW","assessed_value":485000},{"address":"655.0 TAMARACK ROAD NW","assessed_value":303000},{"address":"2817.0 16A AVENUE NW","assessed_value":418500},{"address":"1326.0 ADAMSON DRIVE SW","assessed_value":903500},{"address":"3453.0 CUTLER CRESCENT SW","assessed_value":455500},{"address":"7995.0 ERASMUS CRESCENT NW","assessed_value":427500},{"address":"nan nan","assessed_value":14500},{"address":"507.0 ALBANY WAY NW","assessed_value":251000},{"address":"nan nan","assessed_value":11500},{"address":"10603.0 155 STREET NW","assessed_value":405000},{"address":"11803.0 22 AVENUE SW","assessed_value":159000},{"address":"17605.0 60A STREET NW","assessed_value":491500},{"address":"7805.0 71 STREET NW","assessed_value":232500},{"address":"4326.0 PROWSE LINK SW","assessed_value":431500},{"address":"2029.0 AINSLIE LINK SW","assessed_value":756000},{"address":"3347.0 CUTLER CRESCENT SW","assessed_value":491000},{"address":"12839.0 205 STREET NW","assessed_value":408500},{"address":"13810.0 166 AVENUE NW","assessed_value":291000},{"address":"7419.0 COLONEL MEWBURN ROAD NW","assessed_value":649000},{"address":"632.0 177 STREET SW","assessed_value":740000},{"address":"1311.0 162 STREET SW","assessed_value":387500},{"address":"nan nan","assessed_value":13000},{"address":"4021.0 6 STREET NW","assessed_value":405000},{"address":"1318.0 162 STREET SW","assessed_value":386000},{"address":"7043.0 173 AVENUE NW","assessed_value":622000},{"address":"218.0 ALBANY DRIVE NW","assessed_value":601500},{"address":"5919.0 EDMONDS CRESCENT NW","assessed_value":567000},{"address":"2008.0 BLUE JAY COURT NW","assessed_value":555000},{"address":"3225.0 CARPENTER LANDING SW","assessed_value":442000},{"address":"1824.0 AINSLIE COURT SW","assessed_value":755000},{"address":"4956.0 ROPER ROAD NW","assessed_value":459500},{"address":"nan nan","assessed_value":12000},{"address":"7137.0 CARDINAL WAY SW","assessed_value":396500},{"address":"3231.0 ALLAN WAY SW","assessed_value":577500},{"address":"nan nan","assessed_value":4500},{"address":"5311.0 14 AVENUE SW","assessed_value":401000},{"address":"7057.0 NEWSON ROAD NW","assessed_value":843500},{"address":"7907.0 ARGYLL ROAD NW","assessed_value":381000},{"address":"1804.0 70 STREET SW","assessed_value":289000},{"address":"nan nan","assessed_value":5500},{"address":"12025.0 83 STREET NW","assessed_value":310500},{"address":"5977.0 103A STREET NW","assessed_value":275500},{"address":"1403.0 AINSLIE WYND SW","assessed_value":685500},{"address":"11820.0 22 AVENUE SW","assessed_value":199000},{"address":"8112.0 224 STREET NW","assessed_value":513000},{"address":"11804.0 22 AVENUE SW","assessed_value":116000},{"address":"3123.0 CAMERON HEIGHTS WAY NW","assessed_value":6000},{"address":"7289.0 SOUTH TERWILLEGAR DRIVE NW","assessed_value":293000},{"address":"508.0 ALBANY WAY NW","assessed_value":183000},{"address":"nan nan","assessed_value":5000},{"address":"nan nan","assessed_value":9000},{"address":"3473.0 GOODRIDGE LINK NW","assessed_value":643000},{"address":"11812.0 22 AVENUE SW","assessed_value":171500},{"address":"5614.0 19A AVENUE SW","assessed_value":572500},{"address":"6712.0 21A AVENUE SW","assessed_value":438000},{"address":"8236.0 217 STREET NW","assessed_value":795000},{"address":"2825.0 16A AVENUE NW","assessed_value":419000},{"address":"553.0 ORCHARDS BOULEVARD SW","assessed_value":233000},{"address":"9903.0 209 STREET NW","assessed_value":212000},{"address":"11619.0 126 STREET NW","assessed_value":665000},{"address":"1319.0 158 STREET SW","assessed_value":576500},{"address":"7503.0 GETTY GATE NW","assessed_value":310000},{"address":"9535.0 217 STREET NW","assessed_value":315000},{"address":"3422.0 CAMERON HEIGHTS COVE NW","assessed_value":458000},{"address":"1404.0 33 STREET NW","assessed_value":587500},{"address":"12025.0 22 AVENUE SW","assessed_value":152500},{"address":"nan nan","assessed_value":5000},{"address":"3919.0 AGAR COURT SW","assessed_value":684500},{"address":"1030.0 CHAPPELLE BOULEVARD SW","assessed_value":289500},{"address":"11816.0 22 AVENUE SW","assessed_value":186500},{"address":"17623.0 7A AVENUE SW","assessed_value":400000},{"address":"13824.0 138A STREET NW","assessed_value":456500},{"address":"4606.0 WESTCLIFF POINT SW","assessed_value":547000},{"address":"13614.0 136A STREET NW","assessed_value":8500},{"address":"7112.0 BANNOCK BAY NW","assessed_value":1479500},{"address":"5507.0 14 AVENUE SW","assessed_value":406500},{"address":"nan nan","assessed_value":3000},{"address":"3409.0 CAMERON HEIGHTS COVE NW","assessed_value":484500},{"address":"nan nan","assessed_value":12500},{"address":"nan nan","assessed_value":11500},{"address":"12133.0 97 STREET NW","assessed_value":2391000},{"address":"nan nan","assessed_value":12500},{"address":"13725.0 162A AVENUE NW","assessed_value":657500},{"address":"7347.0 EDGEMONT WAY NW","assessed_value":388500},{"address":"2875.0 MAPLE WAY NW","assessed_value":582000},{"address":"460.0 HEMINGWAY ROAD NW","assessed_value":290500},{"address":"487.0 ORCHARDS BOULEVARD SW","assessed_value":419500},{"address":"3146.0 CARPENTER LANDING SW","assessed_value":454000},{"address":"nan nan","assessed_value":11000},{"address":"1238.0 WINDERMERE WAY SW","assessed_value":226500},{"address":"nan nan","assessed_value":11000},{"address":"14675.0 121 STREET NW","assessed_value":24500},{"address":"7715.0 181 AVENUE NW","assessed_value":441500},{"address":"3021.0 CARPENTER LANDING SW","assessed_value":526500},{"address":"1209.0 162 STREET SW","assessed_value":403500},{"address":"7454.0 GETTY WAY NW","assessed_value":527000},{"address":"nan nan","assessed_value":5000},{"address":"450.0 MCCONACHIE WAY NW","assessed_value":338500},{"address":"10607.0 127 STREET NW","assessed_value":791000},{"address":"2908.0 ANDERSON COURT SW","assessed_value":380500},{"address":"16540.0 133 STREET NW","assessed_value":774000},{"address":"13811.0 138 AVENUE NW","assessed_value":427000},{"address":"2303.0 91 STREET SW","assessed_value":10528000},{"address":"4549.0 ALWOOD WAY SW","assessed_value":586000},{"address":"6084.0 STANTON DRIVE SW","assessed_value":182500},{"address":"16420.0 136 STREET NW","assessed_value":566000},{"address":"3711.0 168 AVENUE NW","assessed_value":558000},{"address":"450.0 MCCONACHIE WAY NW","assessed_value":288500},{"address":"15828.0 13 AVENUE SW","assessed_value":676000},{"address":"5373.0 SCHONSEE DRIVE NW","assessed_value":636000},{"address":"2588.0 ANDERSON WAY SW","assessed_value":191000},{"address":"7424.0 179 AVENUE NW","assessed_value":521500},{"address":"4333.0 ANNETT COMMON SW","assessed_value":419500},{"address":"3189.0 CAMERON HEIGHTS WAY NW","assessed_value":1725500},{"address":"2003.0 RABBIT HILL ROAD NW","assessed_value":372000},{"address":"16721.0 61 STREET NW","assessed_value":618000},{"address":"nan nan","assessed_value":4500},{"address":"3252.0 ALLAN WAY SW","assessed_value":483500},{"address":"20636.0 131 AVENUE NW","assessed_value":727500},{"address":"2624.0 BLUE JAY CLOSE NW","assessed_value":395000},{"address":"4150.0 6A STREET NW","assessed_value":477000},{"address":"14231.0 138 STREET NW","assessed_value":591000},{"address":"2418.0 WARE CRESCENT NW","assessed_value":654500},{"address":"11804.0 22 AVENUE SW","assessed_value":155000},{"address":"2045.0 GRANTHAM COURT NW","assessed_value":181500},{"address":"329.0 WATT BOULEVARD SW","assessed_value":450500},{"address":"3406.0 ABBOTT WAY SW","assessed_value":509000},{"address":"527.0 ORCHARDS BOULEVARD SW","assessed_value":447000},{"address":"7371.0 GETTY HEATH NW","assessed_value":646000},{"address":"3206.0 WINSPEAR CRESCENT SW","assessed_value":666500},{"address":"3916.0 169 AVENUE NW","assessed_value":552500},{"address":"3805.0 POWELL WYND SW","assessed_value":427500},{"address":"1504.0 33 STREET NW","assessed_value":439000},{"address":"5135.0 GODSON CLOSE NW","assessed_value":450500},{"address":"2003.0 RABBIT HILL ROAD NW","assessed_value":369500},{"address":"6685.0 CARDINAL ROAD SW","assessed_value":479500},{"address":"4119.0 CAMERON HEIGHTS POINT NW","assessed_value":1139000},{"address":"9528.0 211 STREET NW","assessed_value":465000},{"address":"nan nan","assessed_value":9000},{"address":"1030.0 CHAPPELLE BOULEVARD SW","assessed_value":289500},{"address":"1733.0 53 STREET SW","assessed_value":620000},{"address":"1238.0 WINDERMERE WAY SW","assessed_value":360500},{"address":"9663.0 223 STREET NW","assessed_value":543000},{"address":"4223.0 ROPER ROAD NW","assessed_value":891000},{"address":"340.0 WINDERMERE ROAD NW","assessed_value":164500},{"address":"8523.0 216 STREET NW","assessed_value":542500},{"address":"1392.0 WATT DRIVE SW","assessed_value":407500},{"address":"3907.0 GINSBURG CRESCENT NW","assessed_value":821500},{"address":"9505.0 105 AVENUE NW","assessed_value":134500},{"address":"1070.0 MCCONACHIE BOULEVARD NW","assessed_value":172000},{"address":"1114.0 HAINSTOCK GREEN SW","assessed_value":1047000},{"address":"9043.0 24 AVENUE SW","assessed_value":955500},{"address":"21819.0 99 AVENUE NW","assessed_value":440500},{"address":"1339.0 158 STREET SW","assessed_value":600500},{"address":"9217.0 27 AVENUE NW","assessed_value":5322500},{"address":"nan nan","assessed_value":12500},{"address":"3522.0 WEIDLE WAY SW","assessed_value":395500},{"address":"nan nan","assessed_value":11500},{"address":"nan nan","assessed_value":4500},{"address":"13744.0 166 AVENUE NW","assessed_value":600500},{"address":"5545.0 CONESTOGA STREET NW","assessed_value":1000},{"address":"12035.0 22 AVENUE SW","assessed_value":144500},{"address":"17306.0 73 STREET NW","assessed_value":390500},{"address":"271.0 ALBANY DRIVE NW","assessed_value":679000},{"address":"1311.0 SECORD LANDING NW","assessed_value":494500},{"address":"22220.0 96 AVENUE NW","assessed_value":603000},{"address":"nan nan","assessed_value":12500},{"address":"11808.0 22 AVENUE SW","assessed_value":154500},{"address":"2367.0 GLENRIDDING BOULEVARD SW","assessed_value":420000},{"address":"nan nan","assessed_value":11500},{"address":"1350.0 WINDERMERE WAY SW","assessed_value":548000},{"address":"5138.0 GODSON CLOSE NW","assessed_value":453000},{"address":"2719.0 WHEATON DRIVE NW","assessed_value":1783500},{"address":"nan nan","assessed_value":11500},{"address":"7835.0 19 AVENUE SW","assessed_value":660000},{"address":"3925.0 GINSBURG CRESCENT NW","assessed_value":813500},{"address":"1508.0 152 AVENUE NW","assessed_value":343500},{"address":"4322.0 CRABAPPLE CRESCENT SW","assessed_value":632000},{"address":"20511.0 97 AVENUE NW","assessed_value":537500},{"address":"nan nan","assessed_value":9500},{"address":"9535.0 217 STREET NW","assessed_value":316000},{"address":"10030.0 83 AVENUE NW","assessed_value":205000},{"address":"nan nan","assessed_value":5500},{"address":"5409.0 CRABAPPLE LOOP SW","assessed_value":413500},{"address":"12248.0 173 AVENUE NW","assessed_value":415500},{"address":"3316.0 KIDD CLOSE SW","assessed_value":802500},{"address":"17103.0 75 STREET NW","assessed_value":705500},{"address":"2303.0 WARE CRESCENT NW","assessed_value":427000},{"address":"2588.0 ANDERSON WAY SW","assessed_value":216000},{"address":"13025.0 17 STREET NE","assessed_value":223500},{"address":"1296.0 SECORD LANDING NW","assessed_value":704500},{"address":"nan nan","assessed_value":8000},{"address":"1619.0 AINSLIE LANE SW","assessed_value":729500},{"address":"2311.0 WARE CRESCENT NW","assessed_value":399500},{"address":"21715.0 99 AVENUE NW","assessed_value":501500},{"address":"1713.0 52A STREET SW","assessed_value":552000},{"address":"4922.0 ROPER ROAD NW","assessed_value":345000},{"address":"3053.0 KESWICK WAY SW","assessed_value":360500},{"address":"4850.0 TERWILLEGAR COMMON NW","assessed_value":292000},{"address":"2323.0 ASHCRAFT CAPE SW","assessed_value":806500},{"address":"9671.0 223 STREET NW","assessed_value":510000},{"address":"6079.0 MAYNARD WAY NW","assessed_value":313000},{"address":"3391.0 WEIDLE WAY SW","assessed_value":520000},{"address":"8315.0 180 AVENUE NW","assessed_value":320500},{"address":"12016.0 125 STREET NW","assessed_value":400500},{"address":"nan nan","assessed_value":11000},{"address":"nan nan","assessed_value":4500},{"address":"nan nan","assessed_value":9000},{"address":"7315.0 MAY COMMON NW","assessed_value":1606000},{"address":"13811.0 142 AVENUE NW","assessed_value":586000},{"address":"4050.0 SAVARYN DRIVE SW","assessed_value":296500},{"address":"8120.0 223 STREET NW","assessed_value":407500},{"address":"5254.0 20 AVENUE SW","assessed_value":428500},{"address":"16734.0 62 STREET NW","assessed_value":590000},{"address":"5649.0 19A AVENUE SW","assessed_value":425500},{"address":"6934.0 23 AVENUE SW","assessed_value":441500},{"address":"10245.0 158 STREET NW","assessed_value":409000},{"address":"nan nan","assessed_value":7500},{"address":"12035.0 22 AVENUE SW","assessed_value":134000},{"address":"3015.0 WINSPEAR COMMON SW","assessed_value":638000},{"address":"1816.0 RUTHERFORD ROAD SW","assessed_value":323500},{"address":"nan nan","assessed_value":12000},{"address":"3574.0 CHERRY LANDING SW","assessed_value":821500},{"address":"3921.0 167A AVENUE NW","assessed_value":377000},{"address":"12035.0 22 AVENUE SW","assessed_value":156500},{"address":"nan nan","assessed_value":11000},{"address":"7205.0 97 STREET NW","assessed_value":466500},{"address":"16235.0 51 STREET NW","assessed_value":153500},{"address":"10523.0 123 STREET NW","assessed_value":222500},{"address":"nan nan","assessed_value":5500},{"address":"12035.0 22 AVENUE SW","assessed_value":153000},{"address":"21915.0 90 AVENUE NW","assessed_value":467000},{"address":"17827.0 78 STREET NW","assessed_value":724000},{"address":"8315.0 180 AVENUE NW","assessed_value":291000},{"address":"7137.0 ARMOUR LINK SW","assessed_value":408000},{"address":"1216.0 162 STREET SW","assessed_value":386500},{"address":"3714.0 167A AVENUE NW","assessed_value":551000},{"address":"7347.0 MAY COMMON NW","assessed_value":1289000},{"address":"2024.0 90 STREET SW","assessed_value":1330500},{"address":"3203.0 ABBOTT CRESCENT SW","assessed_value":941500},{"address":"6205.0 167A AVENUE NW","assessed_value":684500},{"address":"1382.0 CUNNINGHAM DRIVE SW","assessed_value":707500},{"address":"5373.0 CRABAPPLE LOOP SW","assessed_value":455500},{"address":"nan nan","assessed_value":12000},{"address":"508.0 ALBANY WAY NW","assessed_value":172000},{"address":"3056.0 KESWICK WAY SW","assessed_value":397500},{"address":"3141.0 WINSPEAR CRESCENT SW","assessed_value":733500},{"address":"620.0 42 AVENUE NW","assessed_value":392000},{"address":"7570.0 MAY COMMON NW","assessed_value":1208500},{"address":"2710.0 195 AVENUE NE","assessed_value":27500},{"address":"nan nan","assessed_value":11500},{"address":"1623.0 CUNNINGHAM WAY SW","assessed_value":301000},{"address":"nan nan","assessed_value":4500},{"address":"3340.0 WEIDLE WAY SW","assessed_value":586500},{"address":"21829.0 99A AVENUE NW","assessed_value":448500},{"address":"12025.0 22 AVENUE SW","assessed_value":183000},{"address":"2603.0 SIR ARTHUR CURRIE WAY NW","assessed_value":3565000},{"address":"27.0 WINDERMERE DRIVE SW","assessed_value":2507500},{"address":"nan nan","assessed_value":8000},{"address":"9652.0 223 STREET NW","assessed_value":612500},{"address":"17618.0 8 AVENUE SW","assessed_value":415500},{"address":"17807.0 78 STREET NW","assessed_value":596000},{"address":"3923.0 CHERRY COVE SW","assessed_value":822500},{"address":"18108.0 78 STREET NW","assessed_value":414000},{"address":"17823.0 6 AVENUE SW","assessed_value":436500},{"address":"nan nan","assessed_value":7500},{"address":"nan nan","assessed_value":5500},{"address":"nan nan","assessed_value":11500},{"address":"8803.0 218 STREET NW","assessed_value":614000},{"address":"17056.0 43 STREET NW","assessed_value":529000},{"address":"2154.0 TRUMPETER WAY NW","assessed_value":397500},{"address":"1911.0 78 STREET SW","assessed_value":692000},{"address":"14931.0 ELLERSLIE ROAD SW","assessed_value":3568000},{"address":"4029.0 ORCHARDS DRIVE SW","assessed_value":295000},{"address":"6130.0 175A AVENUE NW","assessed_value":500000},{"address":"5065.0 EDGEMONT BOULEVARD NW","assessed_value":123000},{"address":"3235.0 WINSPEAR CRESCENT SW","assessed_value":619500},{"address":"nan nan","assessed_value":4500},{"address":"nan nan","assessed_value":9000},{"address":"1403.0 CUNNINGHAM DRIVE SW","assessed_value":311500},{"address":"nan nan","assessed_value":9000},{"address":"7570.0 MAY COMMON NW","assessed_value":1145000},{"address":"nan nan","assessed_value":14500},{"address":"3357.0 16A AVENUE NW","assessed_value":183500},{"address":"9350.0 211 STREET NW","assessed_value":371500},{"address":"9056.0 ROSENTHAL LINK NW","assessed_value":393500},{"address":"5415.0 15 AVENUE SW","assessed_value":391500},{"address":"16527.0 133 STREET NW","assessed_value":596500},{"address":"9350.0 211 STREET NW","assessed_value":377500},{"address":"7012.0 173 AVENUE NW","assessed_value":610000},{"address":"3752.0 KIDD CRESCENT SW","assessed_value":914500},{"address":"3065.0 PAISLEY GREEN SW","assessed_value":625000},{"address":"2590.0 ANDERSON WAY SW","assessed_value":148500},{"address":"16803.0 40 STREET NW","assessed_value":383000},{"address":"4319.0 PROWSE LINK SW","assessed_value":384500},{"address":"7759.0 181 AVENUE NW","assessed_value":491500},{"address":"2393.0 GLENRIDDING BOULEVARD SW","assessed_value":382500},{"address":"nan nan","assessed_value":8500},{"address":"nan nan","assessed_value":11000},{"address":"13024.0 205 STREET NW","assessed_value":424000},{"address":"2509.0 COUGHLAN ROAD SW","assessed_value":415500},{"address":"3226.0 HILTON COURT NW","assessed_value":714500},{"address":"633.0 HOWATT DRIVE SW","assessed_value":1653500},{"address":"2233.0 BLUE JAY LANDING NW","assessed_value":610000},{"address":"nan nan","assessed_value":13000},{"address":"nan nan","assessed_value":11000},{"address":"nan nan","assessed_value":12500},{"address":"5305.0 GODSON POINT NW","assessed_value":606000},{"address":"11820.0 22 AVENUE SW","assessed_value":198500},{"address":"8379.0 ELLIS CRESCENT NW","assessed_value":651000},{"address":"2207.0 44 AVENUE NW","assessed_value":204000},{"address":"nan nan","assessed_value":8500},{"address":"631.0 41 AVENUE NW","assessed_value":505000},{"address":"nan nan","assessed_value":8000},{"address":"3625.0 144 AVENUE NW","assessed_value":281000},{"address":"504.0 ALBANY WAY NW","assessed_value":178000},{"address":"647.0 177 STREET SW","assessed_value":554000},{"address":"nan nan","assessed_value":5500},{"address":"3143.0 CARPENTER LANDING SW","assessed_value":437000},{"address":"1060.0 MCCONACHIE BOULEVARD NW","assessed_value":162000},{"address":"nan nan","assessed_value":12500},{"address":"504.0 ALBANY WAY NW","assessed_value":177000},{"address":"1196.0 HYNDMAN ROAD NW","assessed_value":168000},{"address":"nan nan","assessed_value":11000},{"address":"9903.0 209 STREET NW","assessed_value":219000},{"address":"611.0 HOWATT DRIVE SW","assessed_value":1178000},{"address":"7503.0 GETTY GATE NW","assessed_value":310500},{"address":"4613.0 WESTCLIFF POINT SW","assessed_value":531500},{"address":"17525.0 60A STREET NW","assessed_value":520000},{"address":"nan nan","assessed_value":8000},{"address":"1419.0 33B STREET NW","assessed_value":392000},{"address":"nan nan","assessed_value":5000},{"address":"17008.0 43 STREET NW","assessed_value":571500},{"address":"6131.0 97 STREET NW","assessed_value":1987000},{"address":"11820.0 22 AVENUE SW","assessed_value":157000},{"address":"1936.0 77 STREET SW","assessed_value":646500},{"address":"12045.0 22 AVENUE SW","assessed_value":144500},{"address":"3681.0 WESTCLIFF WAY SW","assessed_value":585500},{"address":"5440.0 CRABAPPLE LOOP SW","assessed_value":484000},{"address":"5317.0 3 AVENUE SW","assessed_value":334500},{"address":"15147.0 16 STREET NW","assessed_value":565000},{"address":"1287.0 STARLING DRIVE NW","assessed_value":450000},{"address":"nan nan","assessed_value":9000},{"address":"2884.0 MAPLE WAY NW","assessed_value":418500},{"address":"13307.0 17 STREET NE","assessed_value":2000},{"address":"6910.0 CARDINAL WYND SW","assessed_value":420500},{"address":"9027.0 24 AVENUE SW","assessed_value":820000},{"address":"17090.0 66 STREET NW","assessed_value":3500},{"address":"5329.0 21A AVENUE SW","assessed_value":1016000},{"address":"2004.0 TRUMPETER WAY NW","assessed_value":308000},{"address":"2056.0 WARE ROAD NW","assessed_value":724000},{"address":"9851.0 222 STREET NW","assessed_value":590500},{"address":"3496.0 WEIDLE WAY SW","assessed_value":421000},{"address":"nan nan","assessed_value":8000},{"address":"1611.0 33A STREET NW","assessed_value":492500},{"address":"nan nan","assessed_value":13000},{"address":"1837.0 51 STREET SW","assessed_value":564500},{"address":"1340.0 158 STREET SW","assessed_value":648000},{"address":"nan nan","assessed_value":5000},{"address":"9629.0 84 AVENUE NW","assessed_value":1161000},{"address":"nan nan","assessed_value":12500},{"address":"3941.0 GINSBURG CRESCENT NW","assessed_value":1041000},{"address":"9703.0 223 STREET NW","assessed_value":575000},{"address":"1510.0 GRAYDON HILL POINT SW","assessed_value":432500},{"address":"nan nan","assessed_value":7500},{"address":"4850.0 TERWILLEGAR COMMON NW","assessed_value":287000},{"address":"4850.0 TERWILLEGAR COMMON NW","assessed_value":296000},{"address":"8716.0 179 AVENUE NW","assessed_value":239000},{"address":"4011.0 6 STREET NW","assessed_value":376500},{"address":"12045.0 22 AVENUE SW","assessed_value":149000},{"address":"nan nan","assessed_value":7500},{"address":"7718.0 104 STREET NW","assessed_value":1608500},{"address":"nan nan","assessed_value":12500},{"address":"3672.0 CLAXTON PLACE SW","assessed_value":668500},{"address":"9068.0 ROSENTHAL LINK NW","assessed_value":420000},{"address":"7659.0 181 AVENUE NW","assessed_value":511000},{"address":"3303.0 KIDD CLOSE SW","assessed_value":710500},{"address":"4050.0 SAVARYN DRIVE SW","assessed_value":294000},{"address":"1806.0 ADAMSON POINT SW","assessed_value":770500},{"address":"9505.0 105 AVENUE NW","assessed_value":176500},{"address":"1060.0 MCCONACHIE BOULEVARD NW","assessed_value":157500},{"address":"13815.0 138 STREET NW","assessed_value":410000},{"address":"12110.0 124 STREET NW","assessed_value":401000},{"address":"10114.0 160 STREET NW","assessed_value":334500},{"address":"9332.0 211 STREET NW","assessed_value":364000},{"address":"1247.0 AINSLIE WAY SW","assessed_value":667500},{"address":"2203.0 44 AVENUE NW","assessed_value":149500},{"address":"nan nan","assessed_value":5500},{"address":"nan nan","assessed_value":12500},{"address":"3150.0 ALLAN LANDING SW","assessed_value":719000},{"address":"1080.0 MCCONACHIE BOULEVARD NW","assessed_value":157000},{"address":"6729.0 24 AVENUE SW","assessed_value":428000},{"address":"nan nan","assessed_value":12000},{"address":"1238.0 WINDERMERE WAY SW","assessed_value":213000},{"address":"9251.0 93 STREET NW","assessed_value":961000},{"address":"3808.0 168 AVENUE NW","assessed_value":611500},{"address":"3965.0 GINSBURG CRESCENT NW","assessed_value":1269500},{"address":"1163.0 HAINSTOCK GREEN SW","assessed_value":1321500},{"address":"1303.0 29 AVENUE NW","assessed_value":705500},{"address":"870.0 WINDERMERE WYND NW","assessed_value":979000},{"address":"816.0 179 STREET SW","assessed_value":548000},{"address":"664.0 SECORD BOULEVARD NW","assessed_value":468000},{"address":"1417.0 GRAYDON HILL WAY SW","assessed_value":568000},{"address":"9720.0 205 STREET NW","assessed_value":516500},{"address":"nan nan","assessed_value":11500},{"address":"3196.0 WINSPEAR CRESCENT SW","assessed_value":819000},{"address":"7846.0 ERASMUS WYND NW","assessed_value":571500},{"address":"nan nan","assessed_value":5500},{"address":"7838.0 GETTY WYND NW","assessed_value":743000},{"address":"16745.0 60 STREET NW","assessed_value":410000},{"address":"7724.0 181 AVENUE NW","assessed_value":436000},{"address":"3132.0 WINSPEAR CRESCENT SW","assessed_value":783000},{"address":"5317.0 3 AVENUE SW","assessed_value":340500},{"address":"2207.0 44 AVENUE NW","assessed_value":228000},{"address":"826.0 HOWATT PLACE SW","assessed_value":1215000},{"address":"nan nan","assessed_value":11000},{"address":"7771.0 GETTY WYND NW","assessed_value":618500},{"address":"7816.0 GETTY WYND NW","assessed_value":645500},{"address":"505.0 ALLARD BOULEVARD SW","assessed_value":657500},{"address":"7346.0 MAY COMMON NW","assessed_value":755000},{"address":"3368.0 WEIDLE WAY SW","assessed_value":399000},{"address":"5075.0 DEWOLF ROAD NW","assessed_value":605000},{"address":"8137.0 223 STREET NW","assessed_value":434500},{"address":"3710.0 ALLAN DRIVE SW","assessed_value":295000},{"address":"12027.0 173 AVENUE NW","assessed_value":533000},{"address":"1047.0 GRANTHAM DRIVE NW","assessed_value":829000},{"address":"505.0 HILLCREST POINT NW","assessed_value":2918000},{"address":"4546.0 ALWOOD WAY SW","assessed_value":383000},{"address":"8612.0 217 STREET NW","assessed_value":570500},{"address":"2420.0 CASSIDY WAY SW","assessed_value":414500},{"address":"4825.0 TERWILLEGAR COMMON NW","assessed_value":283500},{"address":"1070.0 MCCONACHIE BOULEVARD NW","assessed_value":200500},{"address":"7612.0 182 AVENUE NW","assessed_value":578000},{"address":"nan nan","assessed_value":5000},{"address":"507.0 ALBANY WAY NW","assessed_value":221500},{"address":"3353.0 16A AVENUE NW","assessed_value":195500},{"address":"21943.0 91 AVENUE NW","assessed_value":466000},{"address":"3680.0 CLAXTON PLACE SW","assessed_value":627000},{"address":"1407.0 30 AVENUE NW","assessed_value":538000},{"address":"808.0 179 STREET SW","assessed_value":488000},{"address":"530.0 WATT BOULEVARD SW","assessed_value":157500},{"address":"5439.0 CRABAPPLE LOOP SW","assessed_value":415500},{"address":"2003.0 RABBIT HILL ROAD NW","assessed_value":385000},{"address":"3929.0 6 STREET NW","assessed_value":417000},{"address":"2803.0 JAMES MOWATT TRAIL SW","assessed_value":314500},{"address":"3353.0 16A AVENUE NW","assessed_value":182000},{"address":"1350.0 WINDERMERE WAY SW","assessed_value":291500},{"address":"1039.0 158 STREET SW","assessed_value":586500},{"address":"9951.0 76 AVENUE NW","assessed_value":432000},{"address":"5627.0 19 AVENUE SW","assessed_value":522500},{"address":"10625.0 71 AVENUE NW","assessed_value":540000},{"address":"9505.0 105 AVENUE NW","assessed_value":159000},{"address":"10949.0 90 AVENUE NW","assessed_value":1332000},{"address":"2223.0 WARE COURT NW","assessed_value":714000},{"address":"5127.0 CORVETTE STREET NW","assessed_value":679000},{"address":"509.0 ALLARD BOULEVARD SW","assessed_value":617000},{"address":"nan nan","assessed_value":8500},{"address":"1080.0 MCCONACHIE BOULEVARD NW","assessed_value":137000},{"address":"599.0 HUDSON ROAD NW","assessed_value":674000},{"address":"3710.0 ALLAN DRIVE SW","assessed_value":302000},{"address":"nan nan","assessed_value":8000},{"address":"nan nan","assessed_value":4500},{"address":"2526.0 COUGHLAN ROAD SW","assessed_value":389000},{"address":"21731.0 80 AVENUE NW","assessed_value":6000},{"address":"7404.0 MAY COMMON NW","assessed_value":1150000},{"address":"8936.0 218 STREET NW","assessed_value":490000},{"address":"5205.0 19 AVENUE SW","assessed_value":589000},{"address":"nan nan","assessed_value":10000},{"address":"nan nan","assessed_value":11500},{"address":"16904.0 62 STREET NW","assessed_value":599000},{"address":"2126.0 53 STREET SW","assessed_value":710500},{"address":"1060.0 MCCONACHIE BOULEVARD NW","assessed_value":161000},{"address":"17132.0 75 STREET NW","assessed_value":745000},{"address":"16517.0 55 STREET NW","assessed_value":20666500},{"address":"nan nan","assessed_value":80000},{"address":"7805.0 71 STREET NW","assessed_value":195000},{"address":"5321.0 SCHONSEE DRIVE NW","assessed_value":540000},{"address":"1804.0 70 STREET SW","assessed_value":289000},{"address":"21916.0 80 AVENUE NW","assessed_value":760500},{"address":"14808.0 125 STREET NW","assessed_value":243500},{"address":"21859.0 80 AVENUE NW","assessed_value":509500},{"address":"nan nan","assessed_value":5000},{"address":"534.0 WATT BOULEVARD SW","assessed_value":202500},{"address":"8538.0 ELLIS LINK NW","assessed_value":466500},{"address":"nan nan","assessed_value":12000},{"address":"1936.0 ADAMSON TERRACE SW","assessed_value":655500},{"address":"1196.0 HYNDMAN ROAD NW","assessed_value":175000},{"address":"14112.0 138 STREET NW","assessed_value":547500},{"address":"21803.0 99 AVENUE NW","assessed_value":451000},{"address":"7609.0 109 STREET NW","assessed_value":583000},{"address":"9903.0 209 STREET NW","assessed_value":219000},{"address":"7539.0 177 AVENUE NW","assessed_value":728500},{"address":"11812.0 22 AVENUE SW","assessed_value":171000},{"address":"2063.0 WARE ROAD NW","assessed_value":703000},{"address":"16544.0 140 STREET NW","assessed_value":607500},{"address":"18139.0 75 STREET NW","assessed_value":449000},{"address":"17646.0 61A STREET NW","assessed_value":469000},{"address":"570.0 ORCHARDS BOULEVARD SW","assessed_value":618000},{"address":"nan nan","assessed_value":13000},{"address":"7206.0 CARDINAL WAY SW","assessed_value":524000},{"address":"nan nan","assessed_value":11000},{"address":"11808.0 22 AVENUE SW","assessed_value":155500},{"address":"7322.0 MORGAN ROAD NW","assessed_value":536500},{"address":"2803.0 JAMES MOWATT TRAIL SW","assessed_value":303500},{"address":"5428.0 CHAPPELLE ROAD SW","assessed_value":484500},{"address":"nan nan","assessed_value":12500},{"address":"nan nan","assessed_value":9000},{"address":"882.0 CY BECKER DRIVE NW","assessed_value":421500},{"address":"7419.0 179 AVENUE NW","assessed_value":476000},{"address":"2005.0 70 STREET SW","assessed_value":303000},{"address":"17208.0 73 STREET NW","assessed_value":533500},{"address":"10135.0 88 STREET NW","assessed_value":775500},{"address":"1417.0 27 AVENUE NW","assessed_value":437000},{"address":"3407.0 ABBOTT WAY SW","assessed_value":532000},{"address":"nan nan","assessed_value":5000},{"address":"5320.0 SCHONSEE DRIVE NW","assessed_value":30000},{"address":"17039.0 70 STREET NW","assessed_value":545000},{"address":"3543.0 WEIDLE WAY SW","assessed_value":504000},{"address":"8329.0 ELLIS CRESCENT NW","assessed_value":474500},{"address":"6664.0 CARDINAL ROAD SW","assessed_value":505000},{"address":"nan nan","assessed_value":5000},{"address":"9505.0 105 AVENUE NW","assessed_value":150500},{"address":"1820.0 RUTHERFORD ROAD SW","assessed_value":217500},{"address":"2413.0 WARE CRESCENT NW","assessed_value":790000},{"address":"5244.0 20 AVENUE SW","assessed_value":408500},{"address":"12045.0 22 AVENUE SW","assessed_value":140000},{"address":"2118.0 WARE ROAD NW","assessed_value":693500},{"address":"12025.0 22 AVENUE SW","assessed_value":143000},{"address":"4918.0 ROPER ROAD NW","assessed_value":515500},{"address":"1362.0 AINSLIE WYND SW","assessed_value":671000},{"address":"nan nan","assessed_value":4500},{"address":"nan nan","assessed_value":6000},{"address":"9707.0 222 STREET NW","assessed_value":597000},{"address":"nan nan","assessed_value":9000},{"address":"10025.0 117 STREET NW","assessed_value":939000},{"address":"7386.0 EDGEMONT WAY NW","assessed_value":396500},{"address":"3101.0 CARPENTER LANDING SW","assessed_value":403500},{"address":"nan nan","assessed_value":12000},{"address":"2876.0 MAPLE WAY NW","assessed_value":397500},{"address":"21704.0 80 AVENUE NW","assessed_value":529000},{"address":"nan nan","assessed_value":12000},{"address":"684.0 180 STREET SW","assessed_value":814500},{"address":"725.0 178A STREET SW","assessed_value":769000},{"address":"340.0 WINDERMERE ROAD NW","assessed_value":186000},{"address":"207.0 ALBANY DRIVE NW","assessed_value":748500},{"address":"nan nan","assessed_value":12000},{"address":"1360.0 GRAYDON HILL WAY SW","assessed_value":269500},{"address":"3696.0 WESTCLIFF WAY SW","assessed_value":757000},{"address":"nan nan","assessed_value":9000},{"address":"6076.0 SCHONSEE WAY NW","assessed_value":206000},{"address":"508.0 ALBANY WAY NW","assessed_value":183000},{"address":"3710.0 ALLAN DRIVE SW","assessed_value":299500},{"address":"9612.0 221 STREET NW","assessed_value":456000},{"address":"nan nan","assessed_value":525500},{"address":"17814.0 5A AVENUE SW","assessed_value":612500},{"address":"5604.0 JUCHLI AVENUE NW","assessed_value":724500},{"address":"11816.0 22 AVENUE SW","assessed_value":186500},{"address":"11820.0 22 AVENUE SW","assessed_value":172000},{"address":"18160.0 75 STREET NW","assessed_value":483500},{"address":"21724.0 80 AVENUE NW","assessed_value":499000},{"address":"12928.0 207 STREET NW","assessed_value":626000},{"address":"1988.0 AINSLIE LINK SW","assessed_value":791500},{"address":"847.0 CRYSTALLINA NERA WAY NW","assessed_value":360500},{"address":"13507.0 164 AVENUE NW","assessed_value":567500},{"address":"nan nan","assessed_value":4500},{"address":"2504.0 COUGHLAN ROAD SW","assessed_value":412000},{"address":"6079.0 MAYNARD WAY NW","assessed_value":311000},{"address":"nan nan","assessed_value":4500},{"address":"13837.0 138 AVENUE NW","assessed_value":432000},{"address":"3627.0 CHERRY LINK SW","assessed_value":667000},{"address":"nan nan","assessed_value":199000},{"address":"12242.0 173A AVENUE NW","assessed_value":412500},{"address":"nan nan","assessed_value":12000},{"address":"7173.0 MAY CRESCENT NW","assessed_value":1784000},{"address":"nan nan","assessed_value":8500},{"address":"7432.0 182 AVENUE NW","assessed_value":591000},{"address":"1425.0 27 AVENUE NW","assessed_value":437000},{"address":"16711.0 60 STREET NW","assessed_value":458000},{"address":"8512.0 218 STREET NW","assessed_value":693000},{"address":"6084.0 STANTON DRIVE SW","assessed_value":174000},{"address":"3512.0 WATSON POINT SW","assessed_value":1792000},{"address":"nan nan","assessed_value":11000},{"address":"nan nan","assessed_value":4500},{"address":"16803.0 120 STREET NW","assessed_value":464500},{"address":"1094.0 WATT PROMENADE SW","assessed_value":414500},{"address":"12025.0 22 AVENUE SW","assessed_value":144500},{"address":"6520.0 2 AVENUE SW","assessed_value":221000},{"address":"nan nan","assessed_value":11000},{"address":"nan nan","assessed_value":7500},{"address":"4029.0 ORCHARDS DRIVE SW","assessed_value":289500},{"address":"10631.0 66 AVENUE NW","assessed_value":551500},{"address":"1116.0 162 STREET SW","assessed_value":396000},{"address":"2696.0 KIRKLAND LINK SW","assessed_value":659500},{"address":"5364.0 CRABAPPLE LOOP SW","assessed_value":491500},{"address":"3084.0 CARPENTER LANDING SW","assessed_value":515500},{"address":"nan nan","assessed_value":9000},{"address":"3834.0 POWELL WYND SW","assessed_value":440000},{"address":"4379.0 ANNETT COMMON SW","assessed_value":389000},{"address":"nan nan","assessed_value":624000},{"address":"nan nan","assessed_value":7500},{"address":"nan nan","assessed_value":9000},{"address":"nan nan","assessed_value":12500},{"address":"733.0 SECORD BOULEVARD NW","assessed_value":407000},{"address":"12237.0 173A AVENUE NW","assessed_value":416000},{"address":"nan nan","assessed_value":5000},{"address":"3610.0 WEIDLE BEND SW","assessed_value":393000},{"address":"nan nan","assessed_value":9000},{"address":"13812.0 138 AVENUE NW","assessed_value":394500},{"address":"504.0 ALBANY WAY NW","assessed_value":150500},{"address":"2031.0 90 STREET SW","assessed_value":872000},{"address":"7018.0 23 AVENUE SW","assessed_value":456000},{"address":"7411.0 COLONEL MEWBURN ROAD NW","assessed_value":538000},{"address":"1814.0 ADAMSON POINT SW","assessed_value":1208500},{"address":"nan nan","assessed_value":8000},{"address":"8123.0 217 STREET NW","assessed_value":622500},{"address":"nan nan","assessed_value":11500},{"address":"6084.0 STANTON DRIVE SW","assessed_value":218500},{"address":"13838.0 166 AVENUE NW","assessed_value":278500},{"address":"7647.0 179 AVENUE NW","assessed_value":783000},{"address":"504.0 ALBANY WAY NW","assessed_value":166000},{"address":"8431.0 ELLIS CRESCENT NW","assessed_value":720000},{"address":"nan nan","assessed_value":11500},{"address":"2045.0 GRANTHAM COURT NW","assessed_value":216500},{"address":"8435.0 216 STREET NW","assessed_value":510500},{"address":"7343.0 SOUTH TERWILLEGAR DRIVE NW","assessed_value":195500},{"address":"18163.0 76 STREET NW","assessed_value":452000},{"address":"3081.0 KESWICK WAY SW","assessed_value":357000},{"address":"17226.0 73 STREET NW","assessed_value":394000},{"address":"2588.0 ANDERSON WAY SW","assessed_value":155000},{"address":"nan nan","assessed_value":8000},{"address":"8111.0 223 STREET NW","assessed_value":405000},{"address":"nan nan","assessed_value":202500},{"address":"11808.0 22 AVENUE SW","assessed_value":117000},{"address":"5420.0 CRABAPPLE LOOP SW","assessed_value":459000},{"address":"10335.0 149 STREET NW","assessed_value":386000},{"address":"16640.0 71 STREET NW","assessed_value":601500},{"address":"5868.0 MULLEN PLACE NW","assessed_value":26429000},{"address":"1128.0 29 AVENUE NW","assessed_value":457000},{"address":"20521.0 98A AVENUE NW","assessed_value":520000},{"address":"3673.0 KESWICK BOULEVARD SW","assessed_value":630500},{"address":"953.0 CRYSTALLINA NERA WAY NW","assessed_value":461500},{"address":"3297.0 ABBOTT CRESCENT SW","assessed_value":780000},{"address":"nan nan","assessed_value":7500},{"address":"13820.0 163 AVENUE NW","assessed_value":630000},{"address":"3317.0 HILTON CRESCENT NW","assessed_value":515500},{"address":"1080.0 MCCONACHIE BOULEVARD NW","assessed_value":161000},{"address":"nan nan","assessed_value":12500},{"address":"1820.0 RUTHERFORD ROAD SW","assessed_value":188000},{"address":"nan nan","assessed_value":14500},{"address":"2803.0 JAMES MOWATT TRAIL SW","assessed_value":332500},{"address":"21904.0 91 AVENUE NW","assessed_value":402500},{"address":"18977.0 111 AVENUE NW","assessed_value":500},{"address":"103.0 23 AVENUE NW","assessed_value":3500},{"address":"4050.0 SAVARYN DRIVE SW","assessed_value":294000},{"address":"3173.0 WINSPEAR CRESCENT SW","assessed_value":726500},{"address":"2315.0 ASHCRAFT CAPE SW","assessed_value":557500},{"address":"7235.0 MAY ROAD NW","assessed_value":678000},{"address":"368.0 CHAPPELLE DRIVE SW","assessed_value":458500},{"address":"629.0 HOWATT DRIVE SW","assessed_value":1388500},{"address":"nan nan","assessed_value":11000},{"address":"2707.0 SPARROW PLACE NW","assessed_value":392500},{"address":"2722.0 SPARROW PLACE NW","assessed_value":439500},{"address":"nan nan","assessed_value":4500},{"address":"3496.0 CAMERON HEIGHTS COVE NW","assessed_value":465500},{"address":"nan nan","assessed_value":11500},{"address":"743.0 177 STREET SW","assessed_value":352500},{"address":"1070.0 MCCONACHIE BOULEVARD NW","assessed_value":179500},{"address":"2203.0 44 AVENUE NW","assessed_value":212500},{"address":"1819.0 ADAMSON POINT SW","assessed_value":1464500},{"address":"5511.0 EDWORTHY WAY NW","assessed_value":611500},{"address":"6084.0 STANTON DRIVE SW","assessed_value":153500},{"address":"16720.0 64 STREET NW","assessed_value":411000},{"address":"8143.0 224 STREET NW","assessed_value":484500},{"address":"nan nan","assessed_value":7500},{"address":"9732.0 222 STREET NW","assessed_value":640500},{"address":"225.0 ALLARD BOULEVARD SW","assessed_value":434000},{"address":"8315.0 180 AVENUE NW","assessed_value":298500},{"address":"5317.0 3 AVENUE SW","assessed_value":373000},{"address":"5607.0 JUCHLI AVENUE NW","assessed_value":570000},{"address":"576.0 178A STREET SW","assessed_value":493000},{"address":"nan nan","assessed_value":9000},{"address":"2376.0 WARE CRESCENT NW","assessed_value":469500},{"address":"5841.0 MULLEN PLACE NW","assessed_value":383000},{"address":"10611.0 117 STREET NW","assessed_value":219000},{"address":"572.0 178A STREET SW","assessed_value":410000},{"address":"7535.0 174 AVENUE NW","assessed_value":577000},{"address":"10223.0 155 STREET NW","assessed_value":411000},{"address":"nan nan","assessed_value":11000},{"address":"nan nan","assessed_value":11000},{"address":"3015.0 KESWICK WAY SW","assessed_value":939000},{"address":"nan nan","assessed_value":9000},{"address":"nan nan","assessed_value":11000},{"address":"nan nan","assessed_value":11500},{"address":"13528.0 164 AVENUE NW","assessed_value":502000},{"address":"12168.0 177 AVENUE NW","assessed_value":475000},{"address":"nan nan","assessed_value":11000},{"address":"nan nan","assessed_value":11500},{"address":"703.0 SECORD BOULEVARD NW","assessed_value":459000},{"address":"nan nan","assessed_value":7500},{"address":"10523.0 123 STREET NW","assessed_value":316500},{"address":"5315.0 20 AVENUE SW","assessed_value":746500},{"address":"16420.0 54 STREET NW","assessed_value":607500},{"address":"nan nan","assessed_value":12000},{"address":"nan nan","assessed_value":4500},{"address":"140.0 YOUVILLE DRIVE EAST NW","assessed_value":293500},{"address":"3413.0 PARKER LOOP SW","assessed_value":649500},{"address":"534.0 WATT BOULEVARD SW","assessed_value":152500},{"address":"3614.0 PARKER CLOSE SW","assessed_value":557500},{"address":"849.0 WINDERMERE WYND NW","assessed_value":851000},{"address":"16528.0 140 STREET NW","assessed_value":613500},{"address":"16415.0 132 STREET NW","assessed_value":699500},{"address":"3116.0 PAISLEY ROAD SW","assessed_value":411000},{"address":"16806.0 40 STREET NW","assessed_value":392000},{"address":"16747.0 64 STREET NW","assessed_value":414000},{"address":"9078.0 ROSENTHAL LINK NW","assessed_value":385000},{"address":"2026.0 AINSLIE LINK SW","assessed_value":756000},{"address":"3625.0 144 AVENUE NW","assessed_value":280500},{"address":"2303.0 68 STREET SW","assessed_value":464000},{"address":"nan nan","assessed_value":12000},{"address":"4050.0 SAVARYN DRIVE SW","assessed_value":304500},{"address":"9435.0 212 STREET NW","assessed_value":436000},{"address":"3074.0 CARPENTER LANDING SW","assessed_value":506500},{"address":"2547.0 AMERONGEN CRESCENT SW","assessed_value":560500},{"address":"2443.0 GLENRIDDING BOULEVARD SW","assessed_value":366000},{"address":"17143.0 47 STREET NW","assessed_value":535500},{"address":"14808.0 125 STREET NW","assessed_value":153500},{"address":"nan nan","assessed_value":12000},{"address":"4850.0 TERWILLEGAR COMMON NW","assessed_value":287000},{"address":"2469.0 WARE CRESCENT NW","assessed_value":616000},{"address":"nan nan","assessed_value":5500},{"address":"13517.0 162A AVENUE NW","assessed_value":520000},{"address":"3353.0 16A AVENUE NW","assessed_value":149000},{"address":"9648.0 106 AVENUE NW","assessed_value":264500},{"address":"7503.0 GETTY GATE NW","assessed_value":307500},{"address":"15804.0 13 AVENUE SW","assessed_value":948000},{"address":"12045.0 22 AVENUE SW","assessed_value":146500},{"address":"5116.0 CORVETTE STREET NW","assessed_value":515500},{"address":"nan nan","assessed_value":11500},{"address":"2590.0 ANDERSON WAY SW","assessed_value":190500},{"address":"13430.0 162A AVENUE NW","assessed_value":537500},{"address":"21903.0 83 AVENUE NW","assessed_value":572000},{"address":"20519.0 98 AVENUE NW","assessed_value":582500},{"address":"nan nan","assessed_value":9500},{"address":"2441.0 CASSIDY WAY SW","assessed_value":433000},{"address":"5465.0 CRABAPPLE LOOP SW","assessed_value":429000},{"address":"6084.0 STANTON DRIVE NW","assessed_value":163000},{"address":"2615.0 WHEATON CLOSE NW","assessed_value":917000},{"address":"604.0 HOWATT DRIVE SW","assessed_value":1249500},{"address":"nan nan","assessed_value":9000},{"address":"1367.0 ADAMSON DRIVE SW","assessed_value":550500},{"address":"445.0 BRINTNELL BOULEVARD NW","assessed_value":301000},{"address":"3186.0 WINSPEAR CRESCENT SW","assessed_value":1047000},{"address":"nan nan","assessed_value":12500},{"address":"7050.0 NEWSON ROAD NW","assessed_value":762000},{"address":"3193.0 WINSPEAR CRESCENT SW","assessed_value":594000},{"address":"10732.0 76 AVENUE NW","assessed_value":434000},{"address":"16715.0 40 STREET NW","assessed_value":371500},{"address":"4723.0 ALWOOD BEND SW","assessed_value":574000},{"address":"5478.0 EDWORTHY WAY NW","assessed_value":669500},{"address":"10523.0 123 STREET NW","assessed_value":293500},{"address":"10611.0 117 STREET NW","assessed_value":187000},{"address":"5208.0 GODSON BAY NW","assessed_value":514000},{"address":"nan nan","assessed_value":14500},{"address":"7104.0 174 AVENUE NW","assessed_value":392000},{"address":"3212.0 ALLAN WAY SW","assessed_value":470500},{"address":"12025.0 22 AVENUE SW","assessed_value":159500},{"address":"2867.0 MAPLE WAY NW","assessed_value":527000},{"address":"2850.0 MAPLE WAY NW","assessed_value":747000},{"address":"5354.0 CRABAPPLE LOOP SW","assessed_value":464000},{"address":"14621.0 121 STREET NW","assessed_value":295500},{"address":"9406.0 96A STREET NW","assessed_value":304000},{"address":"1216.0 30 AVENUE NW","assessed_value":423500},{"address":"3374.0 WEIDLE WAY SW","assessed_value":396500},{"address":"7503.0 GETTY GATE NW","assessed_value":312500},{"address":"nan nan","assessed_value":8500},{"address":"5111.0 GODSON CLOSE NW","assessed_value":411500},{"address":"nan nan","assessed_value":11000},{"address":"6217.0 167A AVENUE NW","assessed_value":563500},{"address":"nan nan","assessed_value":500},{"address":"5495.0 EDWORTHY WAY NW","assessed_value":786500},{"address":"nan nan","assessed_value":11000},{"address":"16531.0 132 STREET NW","assessed_value":789500},{"address":"736.0 SECORD BOULEVARD NW","assessed_value":461500},{"address":"2940.0 16 AVENUE NW","assessed_value":429500},{"address":"9505.0 105 AVENUE NW","assessed_value":134000},{"address":"18941.0 111 AVENUE NW","assessed_value":634000},{"address":"655.0 TAMARACK ROAD NW","assessed_value":297500},{"address":"8315.0 180 AVENUE NW","assessed_value":291000}]