[{"address":"1113.0 LAKEWOOD ROAD NORTH NW","assessed_value":428500},{"address":"8220.0 93A AVENUE NW","assessed_value":421500},{"address":"6724.0 31 AVENUE NW","assessed_value":354500},{"address":"6703.0 40 AVENUE NW","assessed_value":498500},{"address":"3619.0 75 STREET NW","assessed_value":418000},{"address":"10623.0 40 STREET NW","assessed_value":361500},{"address":"10727.0 45 STREET NW","assessed_value":480000},{"address":"1098.0 KNOTTWOOD ROAD EAST NW","assessed_value":173000},{"address":"1811.0 73 STREET NW","assessed_value":438000},{"address":"10524.0 80 STREET NW","assessed_value":372000},{"address":"8930.0 79 AVENUE NW","assessed_value":665000},{"address":"10207.0 84 STREET NW","assessed_value":420000},{"address":"3139.0 67 STREET NW","assessed_value":441000},{"address":"10507.0 FULTON DRIVE NW","assessed_value":530000},{"address":"9265.0 91 STREET NW","assessed_value":460500},{"address":"10315.0 45 STREET NW","assessed_value":402500},{"address":"9435.0 65 AVENUE NW","assessed_value":551000},{"address":"9767.0 66 AVENUE NW","assessed_value":388000},{"address":"6811.0 86 STREET NW","assessed_value":470000},{"address":"7316.0 44 AVENUE NW","assessed_value":367500},{"address":"1196.0 KNOTTWOOD ROAD EAST NW","assessed_value":186000},{"address":"9708.0 76 STREET NW","assessed_value":544000},{"address":"6508.0 108 AVENUE NW","assessed_value":517500},{"address":"6920.0 91 AVENUE NW","assessed_value":430500},{"address":"9847.0 69 AVENUE NW","assessed_value":436000},{"address":"7523.0 80 AVENUE NW","assessed_value":341000},{"address":"6012.0 102A AVENUE NW","assessed_value":406000},{"address":"9545.0 83 STREET NW","assessed_value":423500},{"address":"1037.0 MILLBOURNE ROAD EAST NW","assessed_value":244500},{"address":"1822.0 LAKEWOOD ROAD SOUTH NW","assessed_value":177000},{"address":"8411.0 14 AVENUE NW","assessed_value":405000},{"address":"9332.0 63 AVENUE NW","assessed_value":320000},{"address":"5603.0 102 AVENUE NW","assessed_value":408500},{"address":"1711.0 53 STREET NW","assessed_value":388500},{"address":"9338.0 71 AVENUE NW","assessed_value":414500},{"address":"5810.0 96 STREET NW","assessed_value":1577000},{"address":"9935.0 83 STREET NW","assessed_value":473000},{"address":"10627.0 50 STREET NW","assessed_value":419000},{"address":"1508.0 75 STREET NW","assessed_value":499500},{"address":"3219.0 82 STREET NW","assessed_value":139000},{"address":"9337.0 87 AVENUE NW","assessed_value":731000},{"address":"6803.0 96A AVENUE NW","assessed_value":8500},{"address":"6203.0 WAGNER ROAD NW","assessed_value":4899000},{"address":"7924.0 85 AVENUE NW","assessed_value":344500},{"address":"10111.0 71 STREET NW","assessed_value":334000},{"address":"17.0 TWIN TERRACE NW","assessed_value":180500},{"address":"8740.0 67 AVENUE NW","assessed_value":405000},{"address":"4703.0 103 AVENUE NW","assessed_value":455000},{"address":"595.0 KNOTTWOOD ROAD WEST NW","assessed_value":202000},{"address":"10121.0 74 STREET NW","assessed_value":430000},{"address":"5725.0 99 STREET NW","assessed_value":1900000},{"address":"7519.0 79 AVENUE NW","assessed_value":367500},{"address":"9624.0 75 STREET NW","assessed_value":413500},{"address":"9602.0 72 AVENUE NW","assessed_value":290500},{"address":"3515.0 73 STREET NW","assessed_value":377500},{"address":"8416.0 74 AVENUE NW","assessed_value":389500},{"address":"4210.0 99 STREET NW","assessed_value":7840000},{"address":"5103.0 106 AVENUE NW","assessed_value":388000},{"address":"6816.0 10 AVENUE NW","assessed_value":414000},{"address":"9814.0 75 AVENUE NW","assessed_value":377500},{"address":"156.0 KNOTTWOOD ROAD NORTH NW","assessed_value":168000},{"address":"10335.0 80 STREET NW","assessed_value":397500},{"address":"9511.0 76 AVENUE NW","assessed_value":821500},{"address":"8714.0 78 AVENUE NW","assessed_value":1222000},{"address":"1936.0 LAKEWOOD ROAD SOUTH NW","assessed_value":362500},{"address":"10107.0 82 STREET NW","assessed_value":624500},{"address":"9308.0 80 AVENUE NW","assessed_value":391500},{"address":"7978.0 91 AVENUE NW","assessed_value":504500},{"address":"627.0 LEE RIDGE ROAD NW","assessed_value":369000},{"address":"8608.0 29 AVENUE NW","assessed_value":450500},{"address":"6608.0 86 AVENUE NW","assessed_value":430000},{"address":"8703.0 10 AVENUE NW","assessed_value":407000},{"address":"1315.0 69 STREET NW","assessed_value":353500},{"address":"5312.0 91 AVENUE NW","assessed_value":542500},{"address":"8820.0 41 AVENUE NW","assessed_value":473000},{"address":"3847.0 76 STREET NW","assessed_value":107500},{"address":"10220.0 50 STREET NW","assessed_value":360500},{"address":"8623.0 33 AVENUE NW","assessed_value":421500},{"address":"7735.0 78 AVENUE NW","assessed_value":387000},{"address":"8708.0 62 STREET NW","assessed_value":434000},{"address":"8708.0 73 STREET NW","assessed_value":386500},{"address":"10206.0 73 STREET NW","assessed_value":336500},{"address":"9315.0 69 AVENUE NW","assessed_value":406500},{"address":"10657.0 ROWLAND ROAD NW","assessed_value":619500},{"address":"7203.0 91 AVENUE NW","assessed_value":560000},{"address":"10328.0 46A STREET NW","assessed_value":390000},{"address":"6924.0 21 AVENUE NW","assessed_value":438500},{"address":"3952.0 76 STREET NW","assessed_value":178500},{"address":"7835.0 34A AVENUE NW","assessed_value":457000},{"address":"10712.0 67 STREET NW","assessed_value":414500},{"address":"10644.0 76 STREET NW","assessed_value":468000},{"address":"6212.0 94B AVENUE NW","assessed_value":441500},{"address":"8816.0 38A AVENUE NW","assessed_value":403500},{"address":"7212.0 85 STREET NW","assessed_value":552000},{"address":"6824.0 89 AVENUE NW","assessed_value":386500},{"address":"5203.0 94B AVENUE NW","assessed_value":370500},{"address":"9532.0 64 AVENUE NW","assessed_value":444500},{"address":"7755.0 79 AVENUE NW","assessed_value":342500},{"address":"10228.0 71 STREET NW","assessed_value":549000},{"address":"594.0 LAKEWOOD ROAD NORTH NW","assessed_value":182500},{"address":"9641.0 49 AVENUE NW","assessed_value":3643500},{"address":"10320.0 74 STREET NW","assessed_value":480500},{"address":"7004.0 13 AVENUE NW","assessed_value":391000},{"address":"9515.0 75 STREET NW","assessed_value":382500},{"address":"3207.0 72 STREET NW","assessed_value":381500},{"address":"10648.0 50 STREET NW","assessed_value":436500},{"address":"7208.0 96B AVENUE NW","assessed_value":469500},{"address":"6756.0 31A AVENUE NW","assessed_value":386000},{"address":"7012.0 89 AVENUE NW","assessed_value":398000},{"address":"9113.0 78 AVENUE NW","assessed_value":933500},{"address":"10316.0 47 STREET NW","assessed_value":517000},{"address":"5803.0 92 STREET NW","assessed_value":1640000},{"address":"7415.0 88 AVENUE NW","assessed_value":405000},{"address":"468.0 MILLBOURNE ROAD EAST NW","assessed_value":7000},{"address":"6915.0 83 AVENUE NW","assessed_value":393000},{"address":"3428.0 78 STREET NW","assessed_value":321000},{"address":"8303.0 10 AVENUE NW","assessed_value":437000},{"address":"10649.0 69 STREET NW","assessed_value":445500},{"address":"6904.0 107B AVENUE NW","assessed_value":447000},{"address":"4507.0 109 AVENUE NW","assessed_value":423000},{"address":"9535.0 70 AVENUE NW","assessed_value":559500},{"address":"332.0 RICHFIELD ROAD NW","assessed_value":436000},{"address":"9307.0 90 STREET NW","assessed_value":396500},{"address":"1155.0 LAKEWOOD ROAD NORTH NW","assessed_value":317500},{"address":"1728.0 54 STREET NW","assessed_value":370000},{"address":"9911.0 79 STREET NW","assessed_value":436000},{"address":"1288.0 LAKEWOOD ROAD WEST NW","assessed_value":168000},{"address":"2107.0 52 STREET NW","assessed_value":415500},{"address":"6308.0 94A AVENUE NW","assessed_value":424500},{"address":"5703.0 105 AVENUE NW","assessed_value":612500},{"address":"6704.0 101A AVENUE NW","assessed_value":489500},{"address":"1141.0 LAKEWOOD ROAD NORTH NW","assessed_value":380500},{"address":"6407.0 87 STREET NW","assessed_value":564000},{"address":"9124.0 71 STREET NW","assessed_value":515500},{"address":"5211.0 109A AVENUE NW","assessed_value":730000},{"address":"9631.0 74 AVENUE NW","assessed_value":2500},{"address":"1154.0 KNOTTWOOD ROAD EAST NW","assessed_value":176000},{"address":"9103.0 89 STREET NW","assessed_value":711000},{"address":"1268.0 LAKEWOOD ROAD WEST NW","assessed_value":164000},{"address":"10222.0 77 STREET NW","assessed_value":405500},{"address":"7016.0 44 AVENUE NW","assessed_value":388000},{"address":"9247.0 69A STREET NW","assessed_value":633000},{"address":"6927.0 41A AVENUE NW","assessed_value":431000},{"address":"nan nan","assessed_value":0},{"address":"1142.0 KNOTTWOOD ROAD EAST NW","assessed_value":191000},{"address":"9625.0 76 AVENUE NW","assessed_value":382500},{"address":"7764.0 83 AVENUE NW","assessed_value":572500},{"address":"3422.0 83 STREET NW","assessed_value":434000},{"address":"1750.0 LAKEWOOD ROAD SOUTH NW","assessed_value":177500},{"address":"7308.0 94B AVENUE NW","assessed_value":427500},{"address":"529.0 KNOTTWOOD ROAD WEST NW","assessed_value":186000},{"address":"9218.0 94 STREET NW","assessed_value":397000},{"address":"10115.0 79 STREET NW","assessed_value":1101000},{"address":"9211.0 91 STREET NW","assessed_value":403000},{"address":"1824.0 65 STREET NW","assessed_value":444500},{"address":"7918.0 24 AVENUE NW","assessed_value":471500},{"address":"8951.0 80 AVENUE NW","assessed_value":342000},{"address":"1132.0 MILLBOURNE ROAD EAST NW","assessed_value":206500},{"address":"8604.0 33 AVENUE NW","assessed_value":393500},{"address":"9236.0 75 STREET NW","assessed_value":405000},{"address":"930.0 LEE RIDGE ROAD NW","assessed_value":175500},{"address":"7604.0 86 AVENUE NW","assessed_value":393000},{"address":"9443.0 74 STREET NW","assessed_value":487000},{"address":"7404.0 104A AVENUE NW","assessed_value":437500},{"address":"7222.0 99 STREET NW","assessed_value":49000},{"address":"9404.0 58 STREET NW","assessed_value":402500},{"address":"6307.0 85 AVENUE NW","assessed_value":486000},{"address":"10404.0 67 STREET NW","assessed_value":434500},{"address":"9615.0 74 AVENUE NW","assessed_value":391500},{"address":"10709.0 ST GABRIEL SCHOOL ROAD NW","assessed_value":440500},{"address":"9527.0 74 STREET NW","assessed_value":498000},{"address":"8902.0 80 AVENUE NW","assessed_value":471000},{"address":"3928.0 72 STREET NW","assessed_value":471500},{"address":"658.0 LEE RIDGE ROAD NW","assessed_value":416500},{"address":"2459.0 78 STREET NW","assessed_value":274500},{"address":"6836.0 39 AVENUE NW","assessed_value":408000},{"address":"8107.0 24 AVENUE NW","assessed_value":386500},{"address":"7069.0 32 AVENUE NW","assessed_value":205500},{"address":"4264.0 91A STREET NW","assessed_value":211000},{"address":"9615.0 63 AVENUE NW","assessed_value":1635500},{"address":"1128.0 68 STREET NW","assessed_value":455500},{"address":"8719.0 64 STREET NW","assessed_value":515500},{"address":"8949.0 77 AVENUE NW","assessed_value":356500},{"address":"9654.0 63 AVENUE NW","assessed_value":379000},{"address":"9223.0 60 STREET NW","assessed_value":400500},{"address":"7115.0 12 AVENUE NW","assessed_value":330500},{"address":"8235.0 DAVIES ROAD NW","assessed_value":2322500},{"address":"8527.0 80 AVENUE NW","assessed_value":875000},{"address":"10312.0 42 STREET NW","assessed_value":446500},{"address":"9908.0 65 AVENUE NW","assessed_value":2371500},{"address":"9755.0 64 AVENUE NW","assessed_value":415000},{"address":"9712.0 64 STREET NW","assessed_value":442000},{"address":"8818.0 91 STREET NW","assessed_value":400500},{"address":"9208.0 77 STREET NW","assessed_value":485500},{"address":"4247.0 74 STREET NW","assessed_value":395500},{"address":"9618.0 73 AVENUE NW","assessed_value":449500},{"address":"9224.0 79 STREET NW","assessed_value":447500},{"address":"7947.0 77 AVENUE NW","assessed_value":1314500},{"address":"9825.0 81 STREET NW","assessed_value":612000},{"address":"7836.0 44 AVENUE NW","assessed_value":453000},{"address":"7607.0 95 AVENUE NW","assessed_value":389000},{"address":"7116.0 103 AVENUE NW","assessed_value":513500},{"address":"5915.0 89 AVENUE NW","assessed_value":489500},{"address":"7303.0 89 STREET NW","assessed_value":498500},{"address":"9945.0 79 STREET NW","assessed_value":428500},{"address":"6703.0 88 AVENUE NW","assessed_value":460500},{"address":"6711.0 19 AVENUE NW","assessed_value":476000},{"address":"6927.0 83 STREET NW","assessed_value":2000},{"address":"7208.0 MILL WOODS ROAD SOUTH NW","assessed_value":168500},{"address":"10615.0 83 STREET NW","assessed_value":276500},{"address":"9311.0 67 AVENUE NW","assessed_value":435000},{"address":"10675.0 63 STREET NW","assessed_value":423500},{"address":"4359.0 68 STREET NW","assessed_value":382500},{"address":"7111.0 92B AVENUE NW","assessed_value":466500},{"address":"9703.0 71 AVENUE NW","assessed_value":359500},{"address":"10236.0 48 STREET NW","assessed_value":580000},{"address":"6803.0 10 AVENUE NW","assessed_value":341000},{"address":"6603.0 HARDISTY DRIVE NW","assessed_value":763500},{"address":"3838.0 85 STREET NW","assessed_value":109500},{"address":"3203.0 74 STREET NW","assessed_value":409000},{"address":"8955.0 80 AVENUE NW","assessed_value":1008500},{"address":"5208.0 19 AVENUE NW","assessed_value":427000},{"address":"8808.0 73 STREET NW","assessed_value":516000},{"address":"847.0 KNOTTWOOD ROAD SOUTH NW","assessed_value":367000},{"address":"1012.0 77 STREET NW","assessed_value":368000},{"address":"8411.0 42A AVENUE NW","assessed_value":409000},{"address":"2112.0 MILL WOODS ROAD NW","assessed_value":168000},{"address":"8309.0 93 AVENUE NW","assessed_value":540000},{"address":"9615.0 69 AVENUE NW","assessed_value":386000},{"address":"9624.0 63 AVENUE NW","assessed_value":326000},{"address":"8712.0 42 AVENUE NW","assessed_value":389500},{"address":"10535.0 79 STREET NW","assessed_value":400500},{"address":"6908.0 92A AVENUE NW","assessed_value":400500},{"address":"4319.0 86 STREET NW","assessed_value":428500},{"address":"10432.0 45 STREET NW","assessed_value":396000},{"address":"9605.0 77 STREET NW","assessed_value":500},{"address":"9043.0 52 STREET NW","assessed_value":455000},{"address":"3103.0 92 STREET NW","assessed_value":2341500},{"address":"10411.0 56 STREET NW","assessed_value":425000},{"address":"720.0 KNOTTWOOD ROAD SOUTH NW","assessed_value":399000},{"address":"9311.0 73 AVENUE NW","assessed_value":463000},{"address":"8011.0 73 AVENUE NW","assessed_value":420000},{"address":"10507.0 46 STREET NW","assessed_value":491500},{"address":"10117.0 80 STREET NW","assessed_value":822500},{"address":"8450.0 14 AVENUE NW","assessed_value":385500},{"address":"8528.0 86 AVENUE NW","assessed_value":426500},{"address":"8318.0 29A AVENUE NW","assessed_value":371000},{"address":"7023.0 11 AVENUE NW","assessed_value":382000},{"address":"900.0 LAKEWOOD ROAD NORTH NW","assessed_value":186500},{"address":"8751.0 67 AVENUE NW","assessed_value":452500},{"address":"10132.0 73 STREET NW","assessed_value":294500},{"address":"5534.0 19A AVENUE NW","assessed_value":134500},{"address":"1904.0 68 STREET NW","assessed_value":433000},{"address":"9019.0 79 STREET NW","assessed_value":361500},{"address":"5807.0 89 AVENUE NW","assessed_value":416000},{"address":"6706.0 102A AVENUE NW","assessed_value":500},{"address":"7916.0 82 AVENUE NW","assessed_value":364000},{"address":"2027.0 74 STREET NW","assessed_value":381500},{"address":"2325.0 MILLBOURNE ROAD WEST NW","assessed_value":369500},{"address":"792.0 KNOTTWOOD ROAD SOUTH NW","assessed_value":376000},{"address":"4307.0 105A AVENUE NW","assessed_value":298000},{"address":"9723.0 76 STREET NW","assessed_value":434500},{"address":"4027.0 75 STREET NW","assessed_value":384000},{"address":"8804.0 51 AVENUE NW","assessed_value":6172000},{"address":"9109.0 81 AVENUE NW","assessed_value":345500},{"address":"1352.0 LAKEWOOD ROAD WEST NW","assessed_value":165500},{"address":"8804.0 16 AVENUE NW","assessed_value":416000},{"address":"8915.0 73 STREET NW","assessed_value":425500},{"address":"10631.0 48 STREET NW","assessed_value":518500},{"address":"8648.0 80 STREET NW","assessed_value":422000},{"address":"1436.0 KNOTTWOOD ROAD EAST NW","assessed_value":385000},{"address":"9527.0 71 AVENUE NW","assessed_value":395000},{"address":"9619.0 76 STREET NW","assessed_value":465500},{"address":"7507.0 78 STREET NW","assessed_value":471000},{"address":"7003.0 43 AVENUE NW","assessed_value":435500},{"address":"7143.0 82 STREET NW","assessed_value":400500},{"address":"8727.0 79 AVENUE NW","assessed_value":541500},{"address":"9840.0 69 AVENUE NW","assessed_value":445500},{"address":"9131.0 72 AVENUE NW","assessed_value":458000},{"address":"2423.0 80 STREET NW","assessed_value":465000},{"address":"6608.0 92B AVENUE NW","assessed_value":435000},{"address":"1012.0 87 STREET NW","assessed_value":372000},{"address":"9608.0 81 STREET NW","assessed_value":500},{"address":"9815.0 70 AVENUE NW","assessed_value":498500},{"address":"6405.0 90 AVENUE NW","assessed_value":279500},{"address":"5212.0 94B AVENUE NW","assessed_value":430000},{"address":"6704.0 94B AVENUE NW","assessed_value":485000},{"address":"9407.0 65 AVENUE NW","assessed_value":445500},{"address":"2008.0 89 STREET NW","assessed_value":410500},{"address":"6615.0 CAPILANO CRESCENT NW","assessed_value":749000},{"address":"5507.0 103 AVENUE NW","assessed_value":371500},{"address":"9940.0 81 STREET NW","assessed_value":432500},{"address":"755.0 KNOTTWOOD ROAD SOUTH NW","assessed_value":375000},{"address":"6727.0 39 AVENUE NW","assessed_value":450500},{"address":"6703.0 32 AVENUE NW","assessed_value":344500},{"address":"10524.0 60 STREET NW","assessed_value":474500},{"address":"5311.0 FULTON ROAD NW","assessed_value":384500},{"address":"6816.0 95 AVENUE NW","assessed_value":398500},{"address":"8608.0 44 AVENUE NW","assessed_value":405500},{"address":"6911.0 21 AVENUE NW","assessed_value":426000},{"address":"5504.0 94A AVENUE NW","assessed_value":435500},{"address":"5708.0 106 AVENUE NW","assessed_value":393000},{"address":"7304.0 44 AVENUE NW","assessed_value":359000},{"address":"9403.0 76 STREET NW","assessed_value":654500},{"address":"1036.0 80 STREET NW","assessed_value":367000},{"address":"8439.0 14 AVENUE NW","assessed_value":419000},{"address":"6903.0 94B AVENUE NW","assessed_value":440000},{"address":"7219.0 99 AVENUE NW","assessed_value":447000},{"address":"9565.0 83 STREET NW","assessed_value":390500},{"address":"6803.0 94B AVENUE NW","assessed_value":429500},{"address":"607.0 MILLBOURNE ROAD EAST NW","assessed_value":185000},{"address":"6704.0 74A AVENUE NW","assessed_value":1609500},{"address":"7115.0 39A AVENUE NW","assessed_value":510000},{"address":"10308.0 64 STREET NW","assessed_value":431000},{"address":"7637.0 40 AVENUE NW","assessed_value":188000},{"address":"9424.0 74 STREET NW","assessed_value":396500},{"address":"9316.0 67 AVENUE NW","assessed_value":587000},{"address":"9004.0 92 STREET NW","assessed_value":901500},{"address":"7323.0 76 STREET NW","assessed_value":403000},{"address":"918.0 MILLBOURNE ROAD EAST NW","assessed_value":202500},{"address":"10319.0 45 STREET NW","assessed_value":374000},{"address":"6907.0 94B AVENUE NW","assessed_value":434000},{"address":"10504.0 40 STREET NW","assessed_value":360500},{"address":"9108.0 74 STREET NW","assessed_value":447500},{"address":"6903.0 72 AVENUE NW","assessed_value":2502500},{"address":"8611.0 35A AVENUE NW","assessed_value":362000},{"address":"8323.0 26 AVENUE NW","assessed_value":360000},{"address":"8320.0 19 AVENUE NW","assessed_value":388500},{"address":"10708.0 65 STREET NW","assessed_value":424500},{"address":"2941.0 101 STREET NW","assessed_value":1313000},{"address":"7204.0 90 AVENUE NW","assessed_value":315000},{"address":"1111.0 MILLBOURNE ROAD EAST NW","assessed_value":186000},{"address":"6508.0 107A AVENUE NW","assessed_value":433000},{"address":"7504.0 38 AVENUE NW","assessed_value":107500},{"address":"10438.0 82 STREET NW","assessed_value":353500},{"address":"899.0 LEE RIDGE ROAD NW","assessed_value":413500},{"address":"10803.0 54 STREET NW","assessed_value":482000},{"address":"8025.0 ARGYLL ROAD NW","assessed_value":1479000},{"address":"9132.0 64 AVENUE NW","assessed_value":413000},{"address":"8739.0 76 AVENUE NW","assessed_value":376500},{"address":"1909.0 52 STREET NW","assessed_value":402000},{"address":"6304.0 14 AVENUE NW","assessed_value":404500},{"address":"2416.0 89 STREET NW","assessed_value":360000},{"address":"6314.0 103 AVENUE NW","assessed_value":480000},{"address":"7540.0 76 AVENUE NW","assessed_value":432000},{"address":"3064.0 79 STREET NW","assessed_value":400500},{"address":"9640.0 74 AVENUE NW","assessed_value":444500},{"address":"8632.0 66 AVENUE NW","assessed_value":391500},{"address":"9619.0 85 STREET NW","assessed_value":421500},{"address":"6094.0 MILL WOODS ROAD SOUTH NW","assessed_value":174000},{"address":"5407.0 92C AVENUE NW","assessed_value":333500},{"address":"1724.0 68 STREET NW","assessed_value":381000},{"address":"2024.0 57 STREET NW","assessed_value":215000},{"address":"5110.0 18A AVENUE NW","assessed_value":372500},{"address":"10212.0 79 STREET NW","assessed_value":603500},{"address":"100.0 MORIN MAZE NW","assessed_value":203000},{"address":"4307.0 74 STREET NW","assessed_value":432000},{"address":"7816.0 106A AVENUE NW","assessed_value":493000},{"address":"10244.0 FULTON ROAD NW","assessed_value":468500},{"address":"8417.0 14 AVENUE NW","assessed_value":431000},{"address":"1632.0 LAKEWOOD ROAD WEST NW","assessed_value":167500},{"address":"3046.0 79 STREET NW","assessed_value":1500},{"address":"10690.0 61 STREET NW","assessed_value":423000},{"address":"7123.0 44 AVENUE NW","assessed_value":389000},{"address":"7422.0 ROWLAND ROAD NW","assessed_value":2000},{"address":"3211.0 75 STREET NW","assessed_value":383500},{"address":"1015.0 75 STREET NW","assessed_value":390000},{"address":"5307.0 103A AVENUE NW","assessed_value":400000},{"address":"6503.0 94B AVENUE NW","assessed_value":417500},{"address":"7751.0 81 AVENUE NW","assessed_value":453000},{"address":"8531.0 43 AVENUE NW","assessed_value":500},{"address":"9223.0 76 STREET NW","assessed_value":442500},{"address":"2114.0 MILL WOODS ROAD NW","assessed_value":174500},{"address":"7520.0 76 AVENUE NW","assessed_value":436000},{"address":"4619.0 107 AVENUE NW","assessed_value":436000},{"address":"6410.0 86 AVENUE NW","assessed_value":1000},{"address":"6907.0 15 AVENUE NW","assessed_value":377500},{"address":"10521.0 77 STREET NW","assessed_value":378500},{"address":"2958.0 89 STREET NW","assessed_value":457000},{"address":"6907.0 17 AVENUE NW","assessed_value":367000},{"address":"630.0 LAKEWOOD ROAD NORTH NW","assessed_value":190000},{"address":"8516.0 71 AVENUE NW","assessed_value":500},{"address":"9119.0 82 AVENUE NW","assessed_value":3136000},{"address":"9639.0 75 AVENUE NW","assessed_value":836500},{"address":"10738.0 43 STREET NW","assessed_value":441500},{"address":"10744.0 65 STREET NW","assessed_value":541500},{"address":"7003.0 92B AVENUE NW","assessed_value":465000},{"address":"10735.0 52 STREET NW","assessed_value":492000},{"address":"8403.0 79 STREET NW","assessed_value":412000},{"address":"7511.0 81 STREET NW","assessed_value":422000},{"address":"10631.0 67 STREET NW","assessed_value":444500},{"address":"8432.0 34A AVENUE NW","assessed_value":458000},{"address":"9359.0 52 STREET NW","assessed_value":380000},{"address":"10122.0 83 STREET NW","assessed_value":374000},{"address":"8807.0 54 STREET NW","assessed_value":389500},{"address":"6104.0 92 AVENUE NW","assessed_value":390500},{"address":"9616.0 64 AVENUE NW","assessed_value":398000},{"address":"8511.0 76 AVENUE NW","assessed_value":343000},{"address":"551.0 KNOTTWOOD ROAD WEST NW","assessed_value":186000},{"address":"5611.0 106 AVENUE NW","assessed_value":345000},{"address":"9510.0 73 AVENUE NW","assessed_value":372500},{"address":"10415.0 77 STREET NW","assessed_value":457500},{"address":"6216.0 93 AVENUE NW","assessed_value":533000},{"address":"8736.0 72 STREET NW","assessed_value":444000},{"address":"8322.0 79 AVENUE NW","assessed_value":362000},{"address":"3146.0 72 STREET NW","assessed_value":367000},{"address":"5407.0 102 AVENUE NW","assessed_value":405000},{"address":"8639.0 76 STREET NW","assessed_value":345000},{"address":"8122.0 77 AVENUE NW","assessed_value":429500},{"address":"3905.0 101 STREET NW","assessed_value":4343500},{"address":"1006.0 KNOTTWOOD ROAD EAST NW","assessed_value":414500},{"address":"5404.0 90 AVENUE NW","assessed_value":384000},{"address":"8903.0 83 AVENUE NW","assessed_value":229000},{"address":"9015.0 89 STREET NW","assessed_value":464000},{"address":"5504.0 102 AVENUE NW","assessed_value":391500},{"address":"8742.0 STRATHEARN DRIVE NW","assessed_value":588000},{"address":"1120.0 77 STREET NW","assessed_value":367000},{"address":"6403.0 109B AVENUE NW","assessed_value":482500},{"address":"7408.0 87 STREET NW","assessed_value":430000},{"address":"2015.0 74 STREET NW","assessed_value":364500},{"address":"1750.0 62 STREET NW","assessed_value":1000},{"address":"8451.0 ROPER ROAD NW","assessed_value":500},{"address":"4631.0 104A AVENUE NW","assessed_value":370000},{"address":"9807.0 69 AVENUE NW","assessed_value":449500},{"address":"5304.0 102 AVENUE NW","assessed_value":408000},{"address":"3648.0 73 STREET NW","assessed_value":413500},{"address":"10568.0 48 STREET NW","assessed_value":425000},{"address":"6812.0 33 AVENUE NW","assessed_value":387000},{"address":"1909.0 73 STREET NW","assessed_value":164000},{"address":"184.0 RICHFIELD ROAD NW","assessed_value":344500},{"address":"7039.0 32 AVENUE NW","assessed_value":201000},{"address":"10430.0 80 STREET NW","assessed_value":414500},{"address":"8708.0 68A STREET NW","assessed_value":395500},{"address":"9944.0 82 STREET NW","assessed_value":433000},{"address":"480.0 KNOTTWOOD ROAD WEST NW","assessed_value":362000},{"address":"6827.0 98A AVENUE NW","assessed_value":510500},{"address":"8740.0 89 AVENUE NW","assessed_value":441500},{"address":"9137.0 84 AVENUE NW","assessed_value":1047500},{"address":"3620.0 75 STREET NW","assessed_value":371000},{"address":"9602.0 73 AVENUE NW","assessed_value":812500},{"address":"8201.0 98 AVENUE NW","assessed_value":697000},{"address":"9989.0 29A AVENUE NW","assessed_value":382500},{"address":"10415.0 67 STREET NW","assessed_value":498000},{"address":"4403.0 109 AVENUE NW","assessed_value":478500},{"address":"7548.0 82 AVENUE NW","assessed_value":325500},{"address":"1160.0 MILLBOURNE ROAD EAST NW","assessed_value":198000},{"address":"9416.0 73 STREET NW","assessed_value":495000},{"address":"8112.0 34A AVENUE NW","assessed_value":388000},{"address":"9763.0 65 AVENUE NW","assessed_value":489500},{"address":"1115.0 72 STREET NW","assessed_value":552500},{"address":"8603.0 58 STREET NW","assessed_value":454500},{"address":"9408.0 83 STREET NW","assessed_value":634000},{"address":"584.0 KNOTTWOOD ROAD WEST NW","assessed_value":391000},{"address":"7631.0 92 AVENUE NW","assessed_value":413500},{"address":"9847.0 67 AVENUE NW","assessed_value":397500},{"address":"6606.0 36A AVENUE NW","assessed_value":239500},{"address":"6211.0 94A AVENUE NW","assessed_value":514500},{"address":"10603.0 HARDISTY DRIVE NW","assessed_value":470000},{"address":"6920.0 14 AVENUE NW","assessed_value":371500},{"address":"5408.0 101 AVENUE NW","assessed_value":352000},{"address":"8708.0 38 AVENUE NW","assessed_value":474000},{"address":"4715.0 109A AVENUE NW","assessed_value":470500},{"address":"6807.0 90 AVENUE NW","assessed_value":438000},{"address":"10717.0 65 STREET NW","assessed_value":452500},{"address":"7012.0 83 AVENUE NW","assessed_value":393000},{"address":"9530.0 83 STREET NW","assessed_value":422000},{"address":"10544.0 44 STREET NW","assessed_value":383000},{"address":"8617.0 MILL WOODS ROAD NW","assessed_value":174000},{"address":"7947.0 98 AVENUE NW","assessed_value":364500},{"address":"1044.0 73 STREET NW","assessed_value":396500},{"address":"4620.0 102 AVENUE NW","assessed_value":362000},{"address":"8703.0 26 AVENUE NW","assessed_value":337000},{"address":"5719.0 90 AVENUE NW","assessed_value":372500},{"address":"7755.0 82 AVENUE NW","assessed_value":349500},{"address":"10668.0 69 STREET NW","assessed_value":448500},{"address":"1585.0 LAKEWOOD ROAD WEST NW","assessed_value":355500},{"address":"6212.0 13 AVENUE NW","assessed_value":392500},{"address":"8616.0 64 AVENUE NW","assessed_value":459500},{"address":"921.0 LAKEWOOD ROAD NORTH NW","assessed_value":144500},{"address":"7667.0 89 AVENUE NW","assessed_value":604000},{"address":"8110.0 75 STREET NW","assessed_value":309500},{"address":"9641.0 68A STREET NW","assessed_value":412500},{"address":"82.0 LAKEWOOD VILLAGE NW","assessed_value":182000},{"address":"9651.0 86 STREET NW","assessed_value":437000},{"address":"816.0 KNOTTWOOD ROAD SOUTH NW","assessed_value":376500},{"address":"5904.0 109 AVENUE NW","assessed_value":557000},{"address":"5511.0 102A AVENUE NW","assessed_value":375000},{"address":"4541.0 93 STREET NW","assessed_value":1500},{"address":"nan nan","assessed_value":0},{"address":"2128.0 79 STREET NW","assessed_value":362500},{"address":"9255.0 75 STREET NW","assessed_value":330000},{"address":"988.0 KNOTTWOOD ROAD SOUTH NW","assessed_value":284000},{"address":"8403.0 42 AVENUE NW","assessed_value":428500},{"address":"10216.0 82 STREET NW","assessed_value":659500},{"address":"5523.0 93A AVENUE NW","assessed_value":361000},{"address":"9612.0 75A STREET NW","assessed_value":416500},{"address":"4407.0 104A AVENUE NW","assessed_value":490000},{"address":"5721.0 91 STREET NW","assessed_value":1060000},{"address":"1066.0 KNOTTWOOD ROAD EAST NW","assessed_value":167500},{"address":"9665.0 72 AVENUE NW","assessed_value":1137000},{"address":"9627.0 67A STREET NW","assessed_value":518000},{"address":"9339.0 72 AVENUE NW","assessed_value":394000},{"address":"605.0 KNOTTWOOD ROAD WEST NW","assessed_value":202000},{"address":"6911.0 93 STREET NW","assessed_value":702500},{"address":"10304.0 77 STREET NW","assessed_value":475000},{"address":"7077.0 32 AVENUE NW","assessed_value":213500},{"address":"9240.0 77 STREET NW","assessed_value":402500},{"address":"6715.0 31 AVENUE NW","assessed_value":347000},{"address":"8607.0 34A AVENUE NW","assessed_value":334500},{"address":"7707.0 13 AVENUE NW","assessed_value":391000},{"address":"3449.0 82 STREET NW","assessed_value":411000},{"address":"7204.0 89 AVENUE NW","assessed_value":421500},{"address":"9539.0 64 AVENUE NW","assessed_value":438500},{"address":"9933.0 77 STREET NW","assessed_value":461000},{"address":"9836.0 33 AVENUE NW","assessed_value":1500},{"address":"7612.0 106A AVENUE NW","assessed_value":457000},{"address":"10824.0 47 STREET NW","assessed_value":526000},{"address":"482.0 LEE RIDGE ROAD NW","assessed_value":142500},{"address":"nan nan","assessed_value":0},{"address":"7924.0 93A AVENUE NW","assessed_value":457500},{"address":"7832.0 24 AVENUE NW","assessed_value":504000},{"address":"9715.0 72 AVENUE NW","assessed_value":453500},{"address":"1905.0 LAKEWOOD ROAD SOUTH NW","assessed_value":343500},{"address":"6112.0 102 AVENUE NW","assessed_value":468000},{"address":"3519.0 79 STREET NW","assessed_value":359000},{"address":"7522.0 81 AVENUE NW","assessed_value":944000},{"address":"8411.0 60 STREET NW","assessed_value":431000},{"address":"10304.0 70 STREET NW","assessed_value":482500},{"address":"8113.0 27 AVENUE NW","assessed_value":187500},{"address":"3113.0 89 STREET NW","assessed_value":508500},{"address":"8103.0 75 AVENUE NW","assessed_value":392500},{"address":"4640.0 102 AVENUE NW","assessed_value":360000},{"address":"8711.0 30 AVENUE NW","assessed_value":460500},{"address":"6912.0 15 AVENUE NW","assessed_value":397500},{"address":"7936.0 78 AVENUE NW","assessed_value":488500},{"address":"5911.0 94A AVENUE NW","assessed_value":424500},{"address":"991.0 MILLBOURNE ROAD EAST NW","assessed_value":210000},{"address":"648.0 LAKEWOOD ROAD NORTH NW","assessed_value":192000},{"address":"10508.0 50A STREET NW","assessed_value":369000},{"address":"10532.0 47 STREET NW","assessed_value":481000},{"address":"2448.0 78 STREET NW","assessed_value":546000},{"address":"9707.0 87 STREET NW","assessed_value":779000},{"address":"9510.0 74 AVENUE NW","assessed_value":396000},{"address":"9319.0 70 AVENUE NW","assessed_value":404000},{"address":"8922.0 77 AVENUE NW","assessed_value":701000},{"address":"4335.0 83 STREET NW","assessed_value":431000},{"address":"7559.0 10 AVENUE NW","assessed_value":1000},{"address":"9642.0 75 AVENUE NW","assessed_value":378000},{"address":"8930.0 80 AVENUE NW","assessed_value":281000},{"address":"4310.0 102 AVENUE NW","assessed_value":3008500},{"address":"9608.0 75 STREET NW","assessed_value":383000},{"address":"9519.0 64 AVENUE NW","assessed_value":398000},{"address":"669.0 LEE RIDGE ROAD NW","assessed_value":435000},{"address":"10612.0 74 STREET NW","assessed_value":8000},{"address":"2363.0 85 STREET NW","assessed_value":177000},{"address":"8412.0 52 STREET NW","assessed_value":410000},{"address":"9806.0 74 AVENUE NW","assessed_value":1094000},{"address":"2015.0 72 STREET NW","assessed_value":382000},{"address":"10518.0 67 STREET NW","assessed_value":420000},{"address":"7928.0 81 AVENUE NW","assessed_value":395500},{"address":"9307.0 74 AVENUE NW","assessed_value":523000},{"address":"1412.0 65 STREET NW","assessed_value":385500},{"address":"6612.0 89 AVENUE NW","assessed_value":503500},{"address":"8003.0 99A AVENUE NW","assessed_value":134000},{"address":"7912.0 97 AVENUE NW","assessed_value":446000},{"address":"9321.0 84 AVENUE NW","assessed_value":426000},{"address":"9119.0 73 STREET NW","assessed_value":410000},{"address":"8219.0 93 AVENUE NW","assessed_value":419500},{"address":"2923.0 89 STREET NW","assessed_value":372000},{"address":"7715.0 83 AVENUE NW","assessed_value":369000},{"address":"7019.0 81 STREET NW","assessed_value":429000},{"address":"79.0 LAKEWOOD VILLAGE NW","assessed_value":178500},{"address":"1831.0 75 STREET NW","assessed_value":367000},{"address":"5704.0 94A AVENUE NW","assessed_value":473500},{"address":"9631.0 79 STREET NW","assessed_value":408000},{"address":"9110.0 72 AVENUE NW","assessed_value":397000},{"address":"10640.0 57 STREET NW","assessed_value":541000},{"address":"748.0 KNOTTWOOD ROAD SOUTH NW","assessed_value":378000},{"address":"7560.0 WAGNER ROAD NW","assessed_value":5552500},{"address":"91.0 EKOTA CRESCENT NW","assessed_value":411500},{"address":"7904.0 43A AVENUE NW","assessed_value":394500},{"address":"4311.0 83 STREET NW","assessed_value":395500},{"address":"7407.0 ROWLAND ROAD NW","assessed_value":669500},{"address":"9120.0 89 STREET NW","assessed_value":487000},{"address":"8742.0 79 AVENUE NW","assessed_value":390500},{"address":"1556.0 69 STREET NW","assessed_value":161500},{"address":"60.0 LAKEWOOD VILLAGE NW","assessed_value":187000},{"address":"9710.0 66 AVENUE NW","assessed_value":520500},{"address":"6307.0 92B AVENUE NW","assessed_value":622000},{"address":"7546.0 80 AVENUE NW","assessed_value":338500},{"address":"1783.0 LAKEWOOD ROAD SOUTH NW","assessed_value":181000},{"address":"6816.0 40 AVENUE NW","assessed_value":398000},{"address":"8502.0 79 AVENUE NW","assessed_value":615000},{"address":"5908.0 102 AVENUE NW","assessed_value":433000},{"address":"7355.0 18 AVENUE NW","assessed_value":465500},{"address":"7620.0 MILL WOODS ROAD SOUTH NW","assessed_value":161500},{"address":"10961.0 50 STREET NW","assessed_value":1000},{"address":"10231.0 46 STREET NW","assessed_value":473500},{"address":"8347.0 77 AVENUE NW","assessed_value":386000},{"address":"1650.0 KNOTTWOOD ROAD NORTH NW","assessed_value":12739500},{"address":"6903.0 107B AVENUE NW","assessed_value":555500},{"address":"9526.0 70 AVENUE NW","assessed_value":340500},{"address":"9651.0 85 STREET NW","assessed_value":500},{"address":"3412.0 71 STREET NW","assessed_value":401500},{"address":"8631.0 77 STREET NW","assessed_value":495500},{"address":"1947.0 68 STREET NW","assessed_value":413500},{"address":"1017.0 LAKEWOOD ROAD NORTH NW","assessed_value":359500},{"address":"8704.0 41 AVENUE NW","assessed_value":383500},{"address":"9853.0 76 AVENUE NW","assessed_value":422500},{"address":"1163.0 KNOTTWOOD ROAD EAST NW","assessed_value":180500},{"address":"8751.0 92 AVENUE NW","assessed_value":436000},{"address":"2533.0 89 STREET NW","assessed_value":364500},{"address":"9640.0 83 STREET NW","assessed_value":474500},{"address":"10644.0 67 STREET NW","assessed_value":404000},{"address":"9808.0 42 AVENUE NW","assessed_value":2821000},{"address":"9743.0 60 AVENUE NW","assessed_value":836500},{"address":"5648.0 19A AVENUE NW","assessed_value":149500},{"address":"5403.0 101A AVENUE NW","assessed_value":454000},{"address":"9616.0 52 STREET NW","assessed_value":457000},{"address":"4312.0 70 STREET NW","assessed_value":386500},{"address":"1952.0 68 STREET NW","assessed_value":418500},{"address":"7712.0 13 AVENUE NW","assessed_value":427500},{"address":"6738.0 39 AVENUE NW","assessed_value":446000},{"address":"8224.0 98 AVENUE NW","assessed_value":449000},{"address":"8511.0 42A AVENUE NW","assessed_value":375500},{"address":"5508.0 105 AVENUE NW","assessed_value":392500},{"address":"8411.0 MILL WOODS ROAD NW","assessed_value":268000},{"address":"9649.0 76 AVENUE NW","assessed_value":398500},{"address":"10503.0 50 STREET NW","assessed_value":365000},{"address":"9112.0 64 AVENUE NW","assessed_value":403000},{"address":"9240.0 79 STREET NW","assessed_value":416500},{"address":"4320.0 70 STREET NW","assessed_value":398000},{"address":"1960.0 68 STREET NW","assessed_value":373500},{"address":"4203.0 105A AVENUE NW","assessed_value":435000},{"address":"10339.0 50 STREET NW","assessed_value":345500},{"address":"9740.0 69 AVENUE NW","assessed_value":406000},{"address":"8404.0 17 AVENUE NW","assessed_value":373000},{"address":"613.0 MILLBOURNE ROAD EAST NW","assessed_value":179000},{"address":"10221.0 83 STREET NW","assessed_value":436000},{"address":"nan nan","assessed_value":0},{"address":"6832.0 89 AVENUE NW","assessed_value":437000},{"address":"9220.0 69 STREET NW","assessed_value":604500},{"address":"9459.0 OTTEWELL ROAD NW","assessed_value":412000},{"address":"9632.0 83 STREET NW","assessed_value":467000},{"address":"9252.0 86 STREET NW","assessed_value":367000},{"address":"6728.0 85 STREET NW","assessed_value":429000},{"address":"6834.0 40 AVENUE NW","assessed_value":420500},{"address":"204.0 RICHFIELD ROAD NW","assessed_value":348000},{"address":"10728.0 69 STREET NW","assessed_value":448000},{"address":"10231.0 71 STREET NW","assessed_value":403000},{"address":"8503.0 87 AVENUE NW","assessed_value":598000},{"address":"1035.0 KNOTTWOOD ROAD EAST NW","assessed_value":4948000},{"address":"6811.0 92A AVENUE NW","assessed_value":829500},{"address":"6709.0 92A AVENUE NW","assessed_value":567000},{"address":"236.0 RICHFIELD ROAD NW","assessed_value":146000},{"address":"9043.0 56 STREET NW","assessed_value":526500},{"address":"10433.0 84 STREET NW","assessed_value":346500},{"address":"3839.0 76 STREET NW","assessed_value":114000},{"address":"8004.0 70 AVENUE NW","assessed_value":409500},{"address":"2676.0 89 STREET NW","assessed_value":352500},{"address":"9746.0 47 AVENUE NW","assessed_value":4958000},{"address":"6903.0 94 AVENUE NW","assessed_value":386000},{"address":"9635.0 69 AVENUE NW","assessed_value":425000},{"address":"8617.0 29 AVENUE NW","assessed_value":393500},{"address":"9251.0 91 STREET NW","assessed_value":424000},{"address":"10208.0 71 STREET NW","assessed_value":512000},{"address":"10330.0 79 STREET NW","assessed_value":582000},{"address":"9244.0 OTTEWELL ROAD NW","assessed_value":447500},{"address":"9615.0 56 AVENUE NW","assessed_value":1549000},{"address":"6507.0 97 STREET NW","assessed_value":399000},{"address":"7003.0 40 AVENUE NW","assessed_value":400500},{"address":"7661.0 91 AVENUE NW","assessed_value":403000},{"address":"5223.0 20 AVENUE NW","assessed_value":360500},{"address":"6015.0 93A AVENUE NW","assessed_value":510500},{"address":"8719.0 93 AVENUE NW","assessed_value":448000},{"address":"3908.0 72 STREET NW","assessed_value":383000},{"address":"9336.0 82 STREET NW","assessed_value":502500},{"address":"2049.0 74 STREET NW","assessed_value":491000},{"address":"2057.0 74 STREET NW","assessed_value":372500},{"address":"10319.0 77 STREET NW","assessed_value":250500},{"address":"6816.0 36A AVENUE NW","assessed_value":406500},{"address":"9152.0 71 AVENUE NW","assessed_value":493000},{"address":"9679.0 81 STREET NW","assessed_value":733000},{"address":"2743.0 83 STREET NW","assessed_value":498500},{"address":"7808.0 ARGYLL ROAD NW","assessed_value":358000},{"address":"10229.0 54 STREET NW","assessed_value":415000},{"address":"7013.0 86 AVENUE NW","assessed_value":404000},{"address":"7308.0 98 AVENUE NW","assessed_value":348000},{"address":"9903.0 73 STREET NW","assessed_value":434000},{"address":"7270.0 MILL WOODS ROAD SOUTH NW","assessed_value":193000},{"address":"7777.0 37 AVENUE NW","assessed_value":182500},{"address":"1144.0 72 STREET NW","assessed_value":442500},{"address":"8107.0 83 AVENUE NW","assessed_value":514000},{"address":"6003.0 97A AVENUE NW","assessed_value":461500},{"address":"6907.0 41A AVENUE NW","assessed_value":491500},{"address":"8538.0 76 AVENUE NW","assessed_value":352500},{"address":"768.0 KNOTTWOOD ROAD SOUTH NW","assessed_value":412000},{"address":"7208.0 92B AVENUE NW","assessed_value":470500},{"address":"9063.0 52 STREET NW","assessed_value":404000},{"address":"3939.0 76 STREET NW","assessed_value":484000},{"address":"10639.0 63 STREET NW","assessed_value":492500},{"address":"9806.0 72 AVENUE NW","assessed_value":288000},{"address":"10323.0 48 STREET NW","assessed_value":545000},{"address":"9632.0 76 STREET NW","assessed_value":434500},{"address":"8020.0 ROWLAND ROAD NW","assessed_value":933000},{"address":"9305.0 54 STREET NW","assessed_value":333000},{"address":"7543.0 80 AVENUE NW","assessed_value":448000},{"address":"6708.0 99 AVENUE NW","assessed_value":404500},{"address":"3419.0 82 STREET NW","assessed_value":423000},{"address":"8324.0 26 AVENUE NW","assessed_value":318500},{"address":"7031.0 83 STREET NW","assessed_value":337000},{"address":"8559.0 ROPER ROAD NW","assessed_value":1500},{"address":"5316.0 90 AVENUE NW","assessed_value":405500},{"address":"8651.0 76 STREET NW","assessed_value":346000},{"address":"2116.0 69 STREET NW","assessed_value":485500},{"address":"9704.0 65 AVENUE NW","assessed_value":2000},{"address":"9038.0 58 STREET NW","assessed_value":333000},{"address":"1312.0 LAKEWOOD ROAD WEST NW","assessed_value":167000},{"address":"1316.0 85 STREET NW","assessed_value":457000},{"address":"1026.0 88 STREET NW","assessed_value":388000},{"address":"6815.0 11 AVENUE NW","assessed_value":532000},{"address":"8409.0 29 AVENUE NW","assessed_value":125000},{"address":"4220.0 89 STREET NW","assessed_value":457000},{"address":"8216.0 10 AVENUE NW","assessed_value":383000},{"address":"9411.0 58 STREET NW","assessed_value":377500},{"address":"10216.0 78 STREET NW","assessed_value":438000},{"address":"6804.0 105A AVENUE NW","assessed_value":605500},{"address":"10411.0 77 STREET NW","assessed_value":493500},{"address":"5903.0 87 AVENUE NW","assessed_value":494000},{"address":"8540.0 88 STREET NW","assessed_value":718500},{"address":"7920.0 92 AVENUE NW","assessed_value":397000},{"address":"2919.0 83 STREET NW","assessed_value":393000},{"address":"7732.0 86 AVENUE NW","assessed_value":361000},{"address":"9140.0 81 AVENUE NW","assessed_value":295500},{"address":"827.0 LEE RIDGE ROAD NW","assessed_value":427000},{"address":"9775.0 65 AVENUE NW","assessed_value":466500},{"address":"7004.0 105 AVENUE NW","assessed_value":446500},{"address":"4712.0 106A AVENUE NW","assessed_value":551500},{"address":"372.0 LEE RIDGE ROAD NW","assessed_value":381500},{"address":"7804.0 22 AVENUE NW","assessed_value":450500},{"address":"4008.0 106 AVENUE NW","assessed_value":394000},{"address":"1751.0 65 STREET NW","assessed_value":417500},{"address":"10720.0 43 STREET NW","assessed_value":528500},{"address":"7608.0 ARGYLL ROAD NW","assessed_value":348500},{"address":"8931.0 84 AVENUE NW","assessed_value":658500},{"address":"6836.0 82 AVENUE NW","assessed_value":1409000},{"address":"9807.0 66 AVENUE NW","assessed_value":421500},{"address":"6403.0 95 AVENUE NW","assessed_value":535000},{"address":"9412.0 58 AVENUE NW","assessed_value":1187000},{"address":"8604.0 35 AVENUE NW","assessed_value":363500},{"address":"912.0 KNOTTWOOD ROAD SOUTH NW","assessed_value":339500},{"address":"1933.0 LAKEWOOD ROAD SOUTH NW","assessed_value":375500},{"address":"9574.0 83 STREET NW","assessed_value":9500},{"address":"6811.0 101 AVENUE NW","assessed_value":365500},{"address":"9131.0 71 AVENUE NW","assessed_value":451500},{"address":"7203.0 11 AVENUE NW","assessed_value":458500},{"address":"8127.0 76 AVENUE NW","assessed_value":375000},{"address":"9133.0 81 AVENUE NW","assessed_value":336000},{"address":"9832.0 67 STREET NW","assessed_value":503500},{"address":"7131.0 85 STREET NW","assessed_value":425500},{"address":"2107.0 72 STREET NW","assessed_value":356000},{"address":"5511.0 92C AVENUE NW","assessed_value":328000},{"address":"8715.0 64 AVENUE NW","assessed_value":359500},{"address":"10519.0 84 STREET NW","assessed_value":368000},{"address":"8508.0 71 STREET NW","assessed_value":420500},{"address":"1012.0 73 STREET NW","assessed_value":372000},{"address":"7212.0 98 AVENUE NW","assessed_value":359500},{"address":"7139.0 83 STREET NW","assessed_value":385500},{"address":"6831.0 83 AVENUE NW","assessed_value":476500},{"address":"9857.0 76 STREET NW","assessed_value":469000},{"address":"1034.0 82 STREET NW","assessed_value":382500},{"address":"8704.0 89 AVENUE NW","assessed_value":466000},{"address":"8004.0 44 AVENUE NW","assessed_value":373500},{"address":"7921.0 97 AVENUE NW","assessed_value":421000},{"address":"5704.0 92C AVENUE NW","assessed_value":342500},{"address":"5503.0 105A AVENUE NW","assessed_value":466000},{"address":"8533.0 92 AVENUE NW","assessed_value":851500},{"address":"1107.0 80 STREET NW","assessed_value":374500},{"address":"2707.0 83 STREET NW","assessed_value":406000},{"address":"872.0 KNOTTWOOD ROAD SOUTH NW","assessed_value":384500},{"address":"7612.0 83 STREET NW","assessed_value":278000},{"address":"9559.0 91 STREET NW","assessed_value":475000},{"address":"5908.0 AUSTIN O'BRIEN ROAD NW","assessed_value":401500},{"address":"7727.0 81 AVENUE NW","assessed_value":393000},{"address":"5716.0 105 AVENUE NW","assessed_value":9000},{"address":"8511.0 24 AVENUE NW","assessed_value":370000},{"address":"4319.0 68 STREET NW","assessed_value":361500},{"address":"9831.0 82 STREET NW","assessed_value":540000},{"address":"9611.0 75A STREET NW","assessed_value":628000},{"address":"8212.0 14 AVENUE NW","assessed_value":389000},{"address":"6709.0 36A AVENUE NW","assessed_value":310500},{"address":"7112.0 39 AVENUE NW","assessed_value":385500},{"address":"9347.0 83 STREET NW","assessed_value":431000},{"address":"7907.0 80 AVENUE NW","assessed_value":419000},{"address":"8407.0 75 AVENUE NW","assessed_value":579500},{"address":"5728.0 90 AVENUE NW","assessed_value":437000},{"address":"9762.0 65 AVENUE NW","assessed_value":518500},{"address":"8135.0 76 AVENUE NW","assessed_value":392500},{"address":"5806.0 91 AVENUE NW","assessed_value":331000},{"address":"7611.0 10 AVENUE NW","assessed_value":400000},{"address":"7616.0 73 AVENUE NW","assessed_value":409500},{"address":"10335.0 42 STREET NW","assessed_value":365500},{"address":"7932.0 22 AVENUE NW","assessed_value":504000},{"address":"9508.0 75 AVENUE NW","assessed_value":289000},{"address":"2104.0 72 STREET NW","assessed_value":420000},{"address":"9767.0 65 AVENUE NW","assessed_value":549500},{"address":"8032.0 98 AVENUE NW","assessed_value":482000},{"address":"8116.0 92 AVENUE NW","assessed_value":429000},{"address":"9132.0 73 AVENUE NW","assessed_value":543000},{"address":"10659.0 74 STREET NW","assessed_value":589500},{"address":"3928.0 76 STREET NW","assessed_value":178500},{"address":"1416.0 65 STREET NW","assessed_value":399500},{"address":"9425.0 88 AVENUE NW","assessed_value":563500},{"address":"8603.0 71 STREET NW","assessed_value":448500},{"address":"nan nan","assessed_value":0},{"address":"2172.0 MILL WOODS ROAD NW","assessed_value":180000},{"address":"1153.0 77 STREET NW","assessed_value":405000},{"address":"5503.0 93A AVENUE NW","assessed_value":328500},{"address":"8743.0 77 AVENUE NW","assessed_value":409500},{"address":"1763.0 LAKEWOOD ROAD SOUTH NW","assessed_value":194500},{"address":"7939.0 22 AVENUE NW","assessed_value":383000},{"address":"6825.0 98 AVENUE NW","assessed_value":1000},{"address":"4604.0 106A AVENUE NW","assessed_value":433000},{"address":"4204.0 88 STREET NW","assessed_value":410500},{"address":"7407.0 83 STREET NW","assessed_value":349000},{"address":"512.0 LEE RIDGE ROAD NW","assessed_value":140000},{"address":"5411.0 106 AVENUE NW","assessed_value":428000},{"address":"9026.0 60 STREET NW","assessed_value":297500},{"address":"3.0 TWIN TERRACE NW","assessed_value":180500},{"address":"204.0 LEE RIDGE ROAD NW","assessed_value":212000},{"address":"1715.0 85 STREET NW","assessed_value":428500},{"address":"6520.0 CAPILANO CRESCENT NW","assessed_value":861500},{"address":"4703.0 105 AVENUE NW","assessed_value":527500},{"address":"5207.0 109 AVENUE NW","assessed_value":839000},{"address":"6715.0 20 AVENUE NW","assessed_value":387000},{"address":"9219.0 77 STREET NW","assessed_value":552000},{"address":"9104.0 80 AVENUE NW","assessed_value":934000},{"address":"9608.0 65 AVENUE NW","assessed_value":465000},{"address":"9826.0 79 STREET NW","assessed_value":496000},{"address":"9750.0 62 AVENUE NW","assessed_value":2482000},{"address":"8411.0 69 AVENUE NW","assessed_value":513500},{"address":"10320.0 83 STREET NW","assessed_value":404000},{"address":"9124.0 70 AVENUE NW","assessed_value":471500},{"address":"8407.0 44 AVENUE NW","assessed_value":420000},{"address":"7204.0 96A AVENUE NW","assessed_value":900500},{"address":"6407.0 89 AVENUE NW","assessed_value":468000},{"address":"4215.0 102 AVENUE NW","assessed_value":5121500},{"address":"10215.0 74 STREET NW","assessed_value":403500},{"address":"6811.0 33 AVENUE NW","assessed_value":366000},{"address":"695.0 KNOTTWOOD ROAD WEST NW","assessed_value":375500},{"address":"2104.0 85 STREET NW","assessed_value":304500},{"address":"223.0 MORIN MAZE NW","assessed_value":199000},{"address":"6766.0 39 AVENUE NW","assessed_value":390000},{"address":"7720.0 75 STREET NW","assessed_value":486000},{"address":"10507.0 74 STREET NW","assessed_value":541000},{"address":"10327.0 47 STREET NW","assessed_value":376500},{"address":"1436.0 63 STREET NW","assessed_value":377500},{"address":"4104.0 89 STREET NW","assessed_value":368000},{"address":"3532.0 73 STREET NW","assessed_value":415000},{"address":"4803.0 109A AVENUE NW","assessed_value":770500},{"address":"10630.0 65 STREET NW","assessed_value":451500},{"address":"9432.0 77 STREET NW","assessed_value":466000},{"address":"5611.0 97A AVENUE NW","assessed_value":365000},{"address":"9208.0 72 STREET NW","assessed_value":464000},{"address":"119.0 MORIN MAZE NW","assessed_value":192500},{"address":"7927.0 79 AVENUE NW","assessed_value":349500},{"address":"10304.0 44 STREET NW","assessed_value":367500},{"address":"7504.0 83 STREET NW","assessed_value":364500},{"address":"6608.0 41 AVENUE NW","assessed_value":395000},{"address":"8722.0 79 AVENUE NW","assessed_value":457500},{"address":"7511.0 96 AVENUE NW","assessed_value":592500},{"address":"9611.0 88 AVENUE NW","assessed_value":1720500},{"address":"6015.0 92A AVENUE NW","assessed_value":568500},{"address":"4303.0 79 STREET NW","assessed_value":314000},{"address":"8726.0 88 AVENUE NW","assessed_value":643000},{"address":"nan nan","assessed_value":0},{"address":"3819.0 76 STREET NW","assessed_value":117500},{"address":"9644.0 69A STREET NW","assessed_value":490500},{"address":"649.0 MILLBOURNE ROAD EAST NW","assessed_value":182000},{"address":"8527.0 81 AVENUE NW","assessed_value":701500},{"address":"6510.0 102A AVENUE NW","assessed_value":493000},{"address":"10724.0 48 STREET NW","assessed_value":559500},{"address":"8503.0 70 STREET NW","assessed_value":447000},{"address":"8528.0 74 AVENUE NW","assessed_value":382000},{"address":"8537.0 CONNORS ROAD NW","assessed_value":383500},{"address":"2119.0 85 STREET NW","assessed_value":386500},{"address":"10128.0 74 STREET NW","assessed_value":410500},{"address":"6956.0 21 AVENUE NW","assessed_value":457000},{"address":"9754.0 92 STREET NW","assessed_value":679500},{"address":"6016.0 97A AVENUE NW","assessed_value":541500},{"address":"3075.0 79 STREET NW","assessed_value":352500},{"address":"359.0 KNOTTWOOD ROAD WEST NW","assessed_value":409000},{"address":"10237.0 78 STREET NW","assessed_value":629500},{"address":"8412.0 70 STREET NW","assessed_value":408500},{"address":"8671.0 77 STREET NW","assessed_value":685500},{"address":"8716.0 18 AVENUE NW","assessed_value":366500},{"address":"9350.0 75 AVENUE NW","assessed_value":477000},{"address":"1836.0 51 STREET NW","assessed_value":372000},{"address":"2429.0 89 STREET NW","assessed_value":413000},{"address":"8524.0 10 AVENUE NW","assessed_value":477000},{"address":"779.0 LEE RIDGE ROAD NW","assessed_value":395000},{"address":"10303.0 44 STREET NW","assessed_value":398000},{"address":"10936.0 56 STREET NW","assessed_value":500},{"address":"8115.0 96 AVENUE NW","assessed_value":431500},{"address":"5113.0 17A AVENUE NW","assessed_value":419500},{"address":"10743.0 45 STREET NW","assessed_value":443500},{"address":"4619.0 105 AVENUE NW","assessed_value":535500},{"address":"8546.0 38A AVENUE NW","assessed_value":106500},{"address":"8612.0 64 AVENUE NW","assessed_value":454500},{"address":"6715.0 87 STREET NW","assessed_value":689500},{"address":"7702.0 81 AVENUE NW","assessed_value":351000},{"address":"9248.0 85 STREET NW","assessed_value":379500},{"address":"8927.0 95 AVENUE NW","assessed_value":421500},{"address":"8124.0 96 AVENUE NW","assessed_value":628000},{"address":"9756.0 67 AVENUE NW","assessed_value":469000},{"address":"6931.0 14 AVENUE NW","assessed_value":436500},{"address":"5704.0 19A AVENUE NW","assessed_value":4988000},{"address":"8902.0 90 AVENUE NW","assessed_value":422500},{"address":"10414.0 76 STREET NW","assessed_value":477500},{"address":"10226.0 72 STREET NW","assessed_value":401500},{"address":"7315.0 21 AVENUE NW","assessed_value":411000},{"address":"8612.0 16 AVENUE NW","assessed_value":392500},{"address":"9707.0 64 AVENUE NW","assessed_value":386000},{"address":"9815.0 45 AVENUE NW","assessed_value":4056000},{"address":"10165.0 80 STREET NW","assessed_value":255500},{"address":"6908.0 17 AVENUE NW","assessed_value":511000},{"address":"3891.0 85 STREET NW","assessed_value":285000},{"address":"10211.0 63A STREET NW","assessed_value":553000},{"address":"1537.0 69 STREET NW","assessed_value":411000},{"address":"9284.0 77 STREET NW","assessed_value":404500},{"address":"1207.0 80 STREET NW","assessed_value":365500},{"address":"1804.0 85 STREET NW","assessed_value":403000},{"address":"7503.0 78 AVENUE NW","assessed_value":359500},{"address":"8944.0 83 AVENUE NW","assessed_value":450500},{"address":"5503.0 94A AVENUE NW","assessed_value":445500},{"address":"7716.0 106A AVENUE NW","assessed_value":484500},{"address":"7916.0 43A AVENUE NW","assessed_value":497000},{"address":"7152.0 82 STREET NW","assessed_value":409000},{"address":"10323.0 52 STREET NW","assessed_value":394000},{"address":"4328.0 76 STREET NW","assessed_value":142500},{"address":"8503.0 44 AVENUE NW","assessed_value":436000},{"address":"8712.0 75 AVENUE NW","assessed_value":391500},{"address":"8735.0 78 AVENUE NW","assessed_value":852000},{"address":"9336.0 70 AVENUE NW","assessed_value":403000},{"address":"7416.0 104A AVENUE NW","assessed_value":612000},{"address":"2637.0 83 STREET NW","assessed_value":388500},{"address":"10124.0 80 STREET NW","assessed_value":462000},{"address":"9720.0 69 AVENUE NW","assessed_value":369500},{"address":"9615.0 67A STREET NW","assessed_value":431000},{"address":"10328.0 45 STREET NW","assessed_value":395500},{"address":"3540.0 84 STREET NW","assessed_value":340500},{"address":"7923.0 92 AVENUE NW","assessed_value":803000},{"address":"1109.0 77 STREET NW","assessed_value":436000},{"address":"472.0 LEE RIDGE ROAD NW","assessed_value":140000},{"address":"9546.0 86 STREET NW","assessed_value":448000},{"address":"6219.0 14 AVENUE NW","assessed_value":399500},{"address":"1944.0 65 STREET NW","assessed_value":452000},{"address":"3432.0 79 STREET NW","assessed_value":452000},{"address":"8826.0 92 STREET NW","assessed_value":361500},{"address":"10157.0 75 STREET NW","assessed_value":335500},{"address":"8751.0 81 AVENUE NW","assessed_value":710000},{"address":"7607.0 89 STREET NW","assessed_value":699000},{"address":"10526.0 44 STREET NW","assessed_value":8000},{"address":"8616.0 40 AVENUE NW","assessed_value":422500},{"address":"9759.0 69 AVENUE NW","assessed_value":338000},{"address":"7623.0 94A AVENUE NW","assessed_value":379500},{"address":"8827.0 65 AVENUE NW","assessed_value":412500},{"address":"10307.0 44 STREET NW","assessed_value":357000},{"address":"9829.0 74 AVENUE NW","assessed_value":327500},{"address":"9112.0 74 AVENUE NW","assessed_value":405500},{"address":"1322.0 72 STREET NW","assessed_value":400000},{"address":"10655.0 65 STREET NW","assessed_value":447500},{"address":"10243.0 FULTON ROAD NW","assessed_value":381500},{"address":"7707.0 77 AVENUE NW","assessed_value":762000},{"address":"9212.0 OTTEWELL ROAD NW","assessed_value":417000},{"address":"1716.0 LAKEWOOD ROAD SOUTH NW","assessed_value":168500},{"address":"1234.0 LAKEWOOD ROAD WEST NW","assessed_value":166500},{"address":"8111.0 86 AVENUE NW","assessed_value":378500},{"address":"8907.0 95 AVENUE NW","assessed_value":348000},{"address":"7208.0 100 AVENUE NW","assessed_value":393500},{"address":"8411.0 71 AVENUE NW","assessed_value":427500},{"address":"4032.0 75 STREET NW","assessed_value":370000},{"address":"9557.0 65 AVENUE NW","assessed_value":393500},{"address":"7703.0 105 AVENUE NW","assessed_value":452500},{"address":"798.0 LEE RIDGE ROAD NW","assessed_value":366500},{"address":"5203.0 92A AVENUE NW","assessed_value":439500},{"address":"10219.0 50 STREET NW","assessed_value":348500},{"address":"9304.0 86 STREET NW","assessed_value":432000},{"address":"6303.0 19 AVENUE NW","assessed_value":385000},{"address":"9028.0 56 STREET NW","assessed_value":493000},{"address":"7108.0 92B AVENUE NW","assessed_value":485500},{"address":"3024.0 79 STREET NW","assessed_value":490000},{"address":"4712.0 104 AVENUE NW","assessed_value":387000},{"address":"8904.0 58 AVENUE NW","assessed_value":1785500},{"address":"6408.0 92A AVENUE NW","assessed_value":478000},{"address":"9105.0 OTTEWELL ROAD NW","assessed_value":316000},{"address":"7104.0 76 STREET NW","assessed_value":430000},{"address":"8112.0 76 AVENUE NW","assessed_value":334000},{"address":"9508.0 57 STREET NW","assessed_value":495000},{"address":"7030.0 MILL WOODS ROAD SOUTH NW","assessed_value":176000}]