[{"address":"605.0 SOUTHRIDGE NW","assessed_value":157000},{"address":"14416.0 130 STREET NW","assessed_value":430000},{"address":"1195.0 LAKEWOOD ROAD NORTH NW","assessed_value":389000},{"address":"225.0 CARMICHAEL CLOSE NW","assessed_value":700500},{"address":"17448.0 103 AVENUE NW","assessed_value":1612500},{"address":"11251.0 94 STREET NW","assessed_value":293000},{"address":"10819.0 19A AVENUE NW","assessed_value":465000},{"address":"11744.0 96 STREET NW","assessed_value":323500},{"address":"13910.0 STONY PLAIN ROAD NW","assessed_value":92000},{"address":"11511.0 9 AVENUE NW","assessed_value":550000},{"address":"15811.0 63 STREET NW","assessed_value":478500},{"address":"513.0 SOUTHRIDGE NW","assessed_value":162500},{"address":"828.0 112A STREET NW","assessed_value":491000},{"address":"10636.0 120 STREET NW","assessed_value":168500},{"address":"8745.0 165 STREET NW","assessed_value":100000},{"address":"12915.0 159 AVENUE NW","assessed_value":483500},{"address":"6331.0 159 AVENUE NW","assessed_value":416500},{"address":"172.0 KULAWY DRIVE NORTH NW","assessed_value":550000},{"address":"501.0 YOUVILLE DRIVE EAST NW","assessed_value":255500},{"address":"9916.0 113 STREET NW","assessed_value":195500},{"address":"9010.0 106 AVENUE NW","assessed_value":167500},{"address":"13910.0 STONY PLAIN ROAD NW","assessed_value":90500},{"address":"41.0 CORMACK CRESCENT NW","assessed_value":810000},{"address":"nan nan","assessed_value":11500},{"address":"10021.0 178 STREET NW","assessed_value":1575000},{"address":"15303.0 73A STREET NW","assessed_value":2017500},{"address":"769.0 REVELL CRESCENT NW","assessed_value":556000},{"address":"276.0 BULYEA ROAD NW","assessed_value":565000},{"address":"17511.0 98A AVENUE NW","assessed_value":162000},{"address":"5141.0 186 STREET NW","assessed_value":505500},{"address":"3618.0 31A STREET NW","assessed_value":541000},{"address":"17151.0 94A AVENUE NW","assessed_value":156000},{"address":"nan nan","assessed_value":8000},{"address":"918.0 ORMSBY WYND NW","assessed_value":524000},{"address":"15424.0 74 STREET NW","assessed_value":483000},{"address":"1007.0 YOUVILLE DRIVE WEST NW","assessed_value":352000},{"address":"12835.0 108 STREET NW","assessed_value":303000},{"address":"8819.0 147 AVENUE NW","assessed_value":92000},{"address":"308.0 JACKSON ROAD NW","assessed_value":256500},{"address":"2.0 MAYLIEWAN PLACE NW","assessed_value":441000},{"address":"232.0 HUNTINGTON HILL NW","assessed_value":142000},{"address":"357.0 HOLLICK KENYON ROAD NW","assessed_value":506500},{"address":"13910.0 STONY PLAIN ROAD NW","assessed_value":103000},{"address":"10636.0 149 STREET NW","assessed_value":1500},{"address":"4630.0 17 AVENUE NW","assessed_value":242000},{"address":"8734.0 YELLOWHEAD TRAIL NW","assessed_value":1274000},{"address":"8318.0 120 AVENUE NW","assessed_value":230000},{"address":"15507.0 62B STREET NW","assessed_value":534500},{"address":"422.0 OSBORNE CRESCENT NW","assessed_value":788500},{"address":"204.0 ROY STREET NW","assessed_value":4000},{"address":"11609.0 92 STREET NW","assessed_value":212000},{"address":"9210.0 111 AVENUE NW","assessed_value":107500},{"address":"10101.0 SASKATCHEWAN DRIVE NW","assessed_value":133000},{"address":"4911.0 14 AVENUE NW","assessed_value":401500},{"address":"8315.0 105 STREET NW","assessed_value":175500},{"address":"15499.0 CASTLE DOWNS ROAD NW","assessed_value":224000},{"address":"619.0 SOUTHRIDGE NW","assessed_value":143000},{"address":"10710.0 116 STREET NW","assessed_value":151000},{"address":"154.0 KIRKWOOD WAY NW","assessed_value":340500},{"address":"9914.0 80 AVENUE NW","assessed_value":208500},{"address":"115.0 RIVER POINT NW","assessed_value":433500},{"address":"12740.0 127 STREET NW","assessed_value":161500},{"address":"338.0 HUNTINGTON HILL NW","assessed_value":142000},{"address":"1509.0 JARVIS CRESCENT NW","assessed_value":364000},{"address":"15516.0 69 STREET NW","assessed_value":466500},{"address":"406.0 KLARVATTEN LAKE WYND NW","assessed_value":470000},{"address":"703.0 WELLS WYND NW","assessed_value":529500},{"address":"924.0 110A STREET NW","assessed_value":508500},{"address":"239.0 FERGUSON PLACE NW","assessed_value":564500},{"address":"1012.0 POTTER GREENS DRIVE NW","assessed_value":605500},{"address":"439.0 WILKIN WAY NW","assessed_value":785500},{"address":"11535.0 95A STREET NW","assessed_value":136000},{"address":"nan nan","assessed_value":11500},{"address":"102.0 BLACKBURN DRIVE WEST SW","assessed_value":574000},{"address":"10155.0 116 STREET NW","assessed_value":142500},{"address":"4022.0 37 STREET NW","assessed_value":371000},{"address":"899.0 ABBOTTSFIELD ROAD NW","assessed_value":149500},{"address":"500.0 RONNING STREET NW","assessed_value":946500},{"address":"11217.0 103 AVENUE NW","assessed_value":188000},{"address":"5730.0 RIVERBEND ROAD NW","assessed_value":127500},{"address":"11421.0 34 STREET NW","assessed_value":113000},{"address":"15303.0 59 STREET NW","assessed_value":572500},{"address":"19059.0 70 AVENUE NW","assessed_value":455500},{"address":"9008.0 190 STREET NW","assessed_value":481500},{"address":"10145.0 109 STREET NW","assessed_value":120000},{"address":"14819.0 RIVERBEND ROAD NW","assessed_value":196000},{"address":"10228.0 152 STREET NW","assessed_value":277000},{"address":"1180.0 JOYCE ROAD NW","assessed_value":473000},{"address":"11532.0 82 STREET NW","assessed_value":518500},{"address":"nan nan","assessed_value":8000},{"address":"1115.0 115 STREET NW","assessed_value":536500},{"address":"11037.0 83 STREET NW","assessed_value":1870500},{"address":"nan nan","assessed_value":5000},{"address":"303.0 TWIN BROOKS DRIVE NW","assessed_value":371000},{"address":"1150.0 KANE WYND NW","assessed_value":449500},{"address":"16539.0 100 STREET NW","assessed_value":190500},{"address":"826.0 REID PLACE NW","assessed_value":766000},{"address":"12214.0 129 STREET NW","assessed_value":87000},{"address":"10243.0 149 STREET NW","assessed_value":328500},{"address":"75.0 CORMACK CRESCENT NW","assessed_value":678500},{"address":"518.0 REID CLOSE NW","assessed_value":690000},{"address":"10101.0 SASKATCHEWAN DRIVE NW","assessed_value":155000},{"address":"10150.0 117 STREET NW","assessed_value":120000},{"address":"3664.0 30 STREET NW","assessed_value":496000},{"address":"9994.0 176 AVENUE NW","assessed_value":340000},{"address":"12940.0 143 AVENUE NW","assessed_value":437500},{"address":"13910.0 STONY PLAIN ROAD NW","assessed_value":101500},{"address":"9868.0 41 AVENUE NW","assessed_value":679500},{"address":"nan nan","assessed_value":10500},{"address":"1190.0 KANE WYND NW","assessed_value":477500},{"address":"9745.0 176 STREET NW","assessed_value":264500},{"address":"12324.0 57 STREET NW","assessed_value":50500},{"address":"8915.0 147 AVENUE NW","assessed_value":90500},{"address":"3312.0 GATEWAY BOULEVARD NW","assessed_value":32844000},{"address":"9010.0 106 AVENUE NW","assessed_value":172000},{"address":"7343.0 190A STREET NW","assessed_value":387500},{"address":"9921.0 104 STREET NW","assessed_value":206000},{"address":"207.0 HUNTINGTON HILL NW","assessed_value":150000},{"address":"nan nan","assessed_value":8000},{"address":"1130.0 FALCONER ROAD NW","assessed_value":401000},{"address":"13706.0 131A AVENUE NW","assessed_value":396000},{"address":"3777.0 30 STREET NW","assessed_value":532500},{"address":"8023.0 15A AVENUE NW","assessed_value":337000},{"address":"17519.0 98A AVENUE NW","assessed_value":172500},{"address":"1011.0 YOUVILLE DRIVE WEST NW","assessed_value":288000},{"address":"14424.0 88A STREET NW","assessed_value":111000},{"address":"13910.0 STONY PLAIN ROAD NW","assessed_value":104000},{"address":"11254.0 96 STREET NW","assessed_value":328000},{"address":"675.0 ABBOTTSFIELD ROAD NW","assessed_value":169500},{"address":"10175.0 109 STREET NW","assessed_value":102500},{"address":"3374.0 116A AVENUE NW","assessed_value":133000},{"address":"10333.0 121 STREET NW","assessed_value":129500},{"address":"4630.0 17 AVENUE NW","assessed_value":210000},{"address":"12871.0 143 AVENUE NW","assessed_value":413500},{"address":"9520.0 174 STREET NW","assessed_value":235000},{"address":"277.0 RIVER POINT NW","assessed_value":360000},{"address":"10030.0 114 STREET NW","assessed_value":115500},{"address":"15603.0 132 STREET NW","assessed_value":452000},{"address":"nan nan","assessed_value":11500},{"address":"11.0 MEADOWLARK VILLAGE NW","assessed_value":213500},{"address":"10883.0 SASKATCHEWAN DRIVE NW","assessed_value":158000},{"address":"522.0 RIVER POINT NW","assessed_value":380500},{"address":"1020.0 110B STREET NW","assessed_value":558000},{"address":"442.0 BURTON ROAD NW","assessed_value":642000},{"address":"13726.0 75 STREET NW","assessed_value":318000},{"address":"11236.0 10 AVENUE NW","assessed_value":605000},{"address":"756.0 ABBOTTSFIELD ROAD NW","assessed_value":147000},{"address":"6220.0 FULTON ROAD NW","assessed_value":248500},{"address":"1220.0 WERSHOF ROAD NW","assessed_value":547000},{"address":"10150.0 117 STREET NW","assessed_value":152000},{"address":"1498.0 WELBOURN DRIVE NW","assessed_value":1198500},{"address":"877.0 ABBOTTSFIELD ROAD NW","assessed_value":159000},{"address":"9028.0 JASPER AVENUE NW","assessed_value":60500},{"address":"11710.0 95 STREET NW","assessed_value":169000},{"address":"8805.0 101A AVENUE NW","assessed_value":405000},{"address":"13590.0 38 STREET NW","assessed_value":100000},{"address":"237.0 WOODVALE ROAD WEST NW","assessed_value":103000},{"address":"123.0 ELSINORE CLOSE NW","assessed_value":431500},{"address":"9710.0 105 STREET NW","assessed_value":98000},{"address":"2536.0 35 STREET NW","assessed_value":404500},{"address":"4331.0 28 STREET NW","assessed_value":454500},{"address":"4114.0 30 STREET NW","assessed_value":526000},{"address":"945.0 BLACKETT WYND SW","assessed_value":558500},{"address":"978.0 BURROWS CRESCENT NW","assessed_value":617500},{"address":"18359.0 76A AVENUE NW","assessed_value":379500},{"address":"1146.0 116 STREET NW","assessed_value":544000},{"address":"1266.0 48 STREET NW","assessed_value":241000},{"address":"8220.0 JASPER AVENUE NW","assessed_value":142000},{"address":"nan nan","assessed_value":7500},{"address":"9023.0 105A AVENUE NW","assessed_value":91000},{"address":"9028.0 JASPER AVENUE NW","assessed_value":68500},{"address":"nan nan","assessed_value":8000},{"address":"6230.0 159A AVENUE NW","assessed_value":406500},{"address":"10375.0 51 AVENUE NW","assessed_value":2730000},{"address":"10175.0 109 STREET NW","assessed_value":126500},{"address":"10155.0 116 STREET NW","assessed_value":77000},{"address":"1141.0 FALCONER ROAD NW","assessed_value":829000},{"address":"5125.0 RIVERBEND ROAD NW","assessed_value":95500},{"address":"5312.0 187 STREET NW","assessed_value":614500},{"address":"4281.0 95 STREET NW","assessed_value":268000},{"address":"5323.0 154A AVENUE NW","assessed_value":413000},{"address":"13910.0 STONY PLAIN ROAD NW","assessed_value":92000},{"address":"10142.0 87 STREET NW","assessed_value":435000},{"address":"10636.0 120 STREET NW","assessed_value":156000},{"address":"12110.0 107 AVENUE NW","assessed_value":2531500},{"address":"9923.0 103 STREET NW","assessed_value":272500},{"address":"168.0 KLARVATTEN ROAD NW","assessed_value":399000},{"address":"955.0 BURROWS CRESCENT NW","assessed_value":550500},{"address":"19036.0 72A AVENUE NW","assessed_value":381500},{"address":"7504.0 186 STREET NW","assessed_value":413000},{"address":"10150.0 117 STREET NW","assessed_value":154000},{"address":"11627.0 95A STREET NW","assessed_value":215500},{"address":"nan nan","assessed_value":11500},{"address":"933.0 JORDAN CRESCENT NW","assessed_value":590000},{"address":"11029.0 95 STREET NW","assessed_value":229500},{"address":"13755.0 131B AVENUE NW","assessed_value":447000},{"address":"3310.0 116A AVENUE NW","assessed_value":146000},{"address":"1641.0 WELBOURN COVE NW","assessed_value":476000},{"address":"9930.0 BELLAMY HILL NW","assessed_value":127500},{"address":"3307.0 116A AVENUE NW","assessed_value":113000},{"address":"18007.0 94 STREET NW","assessed_value":504000},{"address":"16132.0 57A STREET NW","assessed_value":541000},{"address":"10883.0 SASKATCHEWAN DRIVE NW","assessed_value":138000},{"address":"11418.0 93 STREET NW","assessed_value":189500},{"address":"18020.0 95 AVENUE NW","assessed_value":182000},{"address":"115.0 WEAVER DRIVE NW","assessed_value":740000},{"address":"9010.0 106 AVENUE NW","assessed_value":141500},{"address":"931.0 BLACKETT WYND SW","assessed_value":757500},{"address":"nan nan","assessed_value":8000},{"address":"8152.0 27 AVENUE NW","assessed_value":253000},{"address":"3911.0 49 STREET NW","assessed_value":572500},{"address":"16216.0 56 STREET NW","assessed_value":371500},{"address":"406.0 RIVER POINT NW","assessed_value":348500},{"address":"1651.0 WELBOURN COVE NW","assessed_value":559500},{"address":"418.0 OSBORNE CRESCENT NW","assessed_value":896500},{"address":"10101.0 SASKATCHEWAN DRIVE NW","assessed_value":205500},{"address":"9729.0 101A STREET NW","assessed_value":488000},{"address":"5204.0 25 AVENUE NW","assessed_value":209000},{"address":"929.0 BURLEY DRIVE NW","assessed_value":568500},{"address":"10636.0 120 STREET NW","assessed_value":175500},{"address":"221.0 FERGUSON PLACE NW","assessed_value":625500},{"address":"131.0 IRONWOOD PLACE NW","assessed_value":504500},{"address":"651.0 ABBOTTSFIELD ROAD NW","assessed_value":157500},{"address":"12819.0 143A AVENUE NW","assessed_value":473500},{"address":"951.0 110A STREET NW","assessed_value":589000},{"address":"173.0 RIVER POINT NW","assessed_value":341000},{"address":"nan nan","assessed_value":11500},{"address":"8819.0 147 AVENUE NW","assessed_value":90500},{"address":"nan nan","assessed_value":8000},{"address":"706.0 REVELL CRESCENT NW","assessed_value":714000},{"address":"3811.0 85 STREET NW","assessed_value":187500},{"address":"330.0 HOLLICK-KENYON ROAD NW","assessed_value":480500},{"address":"10722.0 153 AVENUE NW","assessed_value":348500},{"address":"nan nan","assessed_value":14500},{"address":"9614.0 111 AVENUE NW","assessed_value":480000},{"address":"13065.0 39 STREET NW","assessed_value":395000},{"address":"208.0 FERGUSON PLACE NW","assessed_value":588000},{"address":"9737.0 96 STREET NW","assessed_value":688500},{"address":"2909.0 66 STREET NW","assessed_value":476000},{"address":"942.0 HEACOCK ROAD NW","assessed_value":882000},{"address":"6414.0 178 STREET NW","assessed_value":152000},{"address":"1504.0 WELLWOOD WAY NW","assessed_value":562000},{"address":"13021.0 137A STREET NW","assessed_value":415500},{"address":"19.0 MEADOWLARK VILLAGE NW","assessed_value":189500},{"address":"73.0 ORMSBY ROAD WEST NW","assessed_value":581500},{"address":"230.0 RUNNING CREEK LANE NW","assessed_value":0},{"address":"14711.0 129 STREET NW","assessed_value":436000},{"address":"10164.0 88 STREET NW","assessed_value":374500},{"address":"5912.0 152B AVENUE NW","assessed_value":525500},{"address":"8704.0 102 AVENUE NW","assessed_value":637000},{"address":"4817.0 11A AVENUE NW","assessed_value":423000},{"address":"9760.0 176 STREET NW","assessed_value":205500},{"address":"14424.0 88A STREET NW","assessed_value":110000},{"address":"nan nan","assessed_value":7500},{"address":"18531.0 77 AVENUE NW","assessed_value":410500},{"address":"537.0 CARSE LANE NW","assessed_value":548500},{"address":"5771.0 161 AVENUE NW","assessed_value":539000},{"address":"1216.0 KAASA ROAD EAST NW","assessed_value":521500},{"address":"16143.0 57A STREET NW","assessed_value":416500},{"address":"237.0 WOODVALE ROAD WEST NW","assessed_value":103000},{"address":"11408.0 12 AVENUE NW","assessed_value":989500},{"address":"10160.0 116 STREET NW","assessed_value":150000},{"address":"10975.0 84 STREET NW","assessed_value":2110500},{"address":"11540.0 94 STREET NW","assessed_value":136500},{"address":"11729.0 96 STREET NW","assessed_value":225000},{"address":"10030.0 114 STREET NW","assessed_value":163500},{"address":"10145.0 109 STREET NW","assessed_value":117500},{"address":"10931.0 83 STREET NW","assessed_value":73500},{"address":"10125.0 109 STREET NW","assessed_value":125500},{"address":"6316.0 159 AVENUE NW","assessed_value":478000},{"address":"5753.0 189 STREET NW","assessed_value":316000},{"address":"723.0 WILKIN CLOSE NW","assessed_value":512000},{"address":"6220.0 FULTON ROAD NW","assessed_value":314000},{"address":"4039.0 30 STREET NW","assessed_value":444000},{"address":"5836.0 123A AVENUE NW","assessed_value":452500},{"address":"11503.0 10 AVENUE NW","assessed_value":568500},{"address":"11421.0 34 STREET NW","assessed_value":113500},{"address":"9916.0 113 STREET NW","assessed_value":137000},{"address":"520.0 HORNER ROAD NW","assessed_value":376500},{"address":"11242.0 95A STREET NW","assessed_value":372500},{"address":"10883.0 SASKATCHEWAN DRIVE NW","assessed_value":144500},{"address":"nan nan","assessed_value":10500},{"address":"11421.0 34 STREET NW","assessed_value":113000},{"address":"25.0 MEADOWLARK VILLAGE NW","assessed_value":189500},{"address":"516.0 HEFFERNAN DRIVE NW","assessed_value":2493500},{"address":"5616.0 162A AVENUE NW","assessed_value":363500},{"address":"12704.0 133A AVENUE NW","assessed_value":79000},{"address":"455.0 OSBORNE CRESCENT NW","assessed_value":825000},{"address":"10335.0 118 STREET NW","assessed_value":108500},{"address":"5616.0 152B AVENUE NW","assessed_value":477000},{"address":"13910.0 STONY PLAIN ROAD NW","assessed_value":95000},{"address":"1729.0 KENSIT PLACE NW","assessed_value":482500},{"address":"556.0 BUCHANAN ROAD NW","assessed_value":585000},{"address":"9023.0 105A AVENUE NW","assessed_value":71500},{"address":"8745.0 165 STREET NW","assessed_value":118500},{"address":"3520.0 60 STREET NW","assessed_value":230500},{"address":"11338.0 94 STREET NW","assessed_value":233500},{"address":"7632.0 15 AVENUE NW","assessed_value":482500},{"address":"903.0 109 STREET NW","assessed_value":313500},{"address":"nan nan","assessed_value":5500},{"address":"11405.0 93 STREET NW","assessed_value":220500},{"address":"19811.0 FORT ROAD NE","assessed_value":942500},{"address":"10011.0 116 STREET NW","assessed_value":133500},{"address":"18631.0 77 AVENUE NW","assessed_value":386000},{"address":"223.0 RIVER POINT NW","assessed_value":458000},{"address":"9028.0 JASPER AVENUE NW","assessed_value":69000},{"address":"1916.0 151A AVENUE NW","assessed_value":362000},{"address":"10150.0 117 STREET NW","assessed_value":173500},{"address":"8735.0 165 STREET NW","assessed_value":98000},{"address":"14835.0 RIVERBEND ROAD NW","assessed_value":215500},{"address":"3025.0 36A AVENUE NW","assessed_value":522000},{"address":"4012.0 37 STREET NW","assessed_value":345000},{"address":"1533.0 JARVIS CRESCENT NW","assessed_value":335000},{"address":"200.0 HUNTINGTON HILL NW","assessed_value":163000},{"address":"17416.0 103 STREET NW","assessed_value":557500},{"address":"2520.0 52 STREET NW","assessed_value":231500},{"address":"8811.0 106A AVENUE NW","assessed_value":164000},{"address":"1391.0 JEFFERYS CRESCENT NW","assessed_value":441500},{"address":"234.0 BANCROFT CLOSE NW","assessed_value":449500},{"address":"15612.0 63 STREET NW","assessed_value":483000},{"address":"501.0 YOUVILLE DRIVE EAST NW","assessed_value":264000},{"address":"8293.0 29 AVENUE NW","assessed_value":129000},{"address":"nan nan","assessed_value":8000},{"address":"5943.0 189 STREET NW","assessed_value":304000},{"address":"806.0 BLACKLOCK WAY SW","assessed_value":428500},{"address":"10025.0 113 STREET NW","assessed_value":222500},{"address":"nan nan","assessed_value":11500},{"address":"nan nan","assessed_value":7500},{"address":"10345.0 118 STREET NW","assessed_value":143000},{"address":"nan nan","assessed_value":8000},{"address":"4303.0 49 STREET NW","assessed_value":540000},{"address":"445.0 REEVES CREST NW","assessed_value":612500},{"address":"4924.0 19 AVENUE NW","assessed_value":101000},{"address":"6427.0 157 AVENUE NW","assessed_value":494000},{"address":"3756.0 30 STREET NW","assessed_value":515500},{"address":"603.0 YOUVILLE DRIVE EAST NW","assessed_value":219000},{"address":"10130.0 114 STREET NW","assessed_value":237500},{"address":"13580.0 38 STREET NW","assessed_value":106500},{"address":"15923.0 59 STREET NW","assessed_value":525000},{"address":"136.0 HOLLICK-KENYON WAY NW","assessed_value":418000},{"address":"11108.0 10A AVENUE NW","assessed_value":547000},{"address":"66.0 OZERNA ROAD NW","assessed_value":390500},{"address":"15711.0 76 STREET NW","assessed_value":490500},{"address":"2323.0 39 AVENUE NW","assessed_value":346500},{"address":"1105.0 116 STREET NW","assessed_value":573000},{"address":"10030.0 114 STREET NW","assessed_value":118500},{"address":"10111.0 89 STREET NW","assessed_value":407500},{"address":"19048.0 72B AVENUE NW","assessed_value":405500},{"address":"10032.0 81 AVENUE NW","assessed_value":823500},{"address":"11742.0 91 STREET NW","assessed_value":129500},{"address":"8604.0 GATEWAY BOULEVARD NW","assessed_value":118000},{"address":"17805.0 103 STREET NW","assessed_value":516500},{"address":"9930.0 BELLAMY HILL NW","assessed_value":75500},{"address":"406.0 SOUTHRIDGE NW","assessed_value":154500},{"address":"322.0 HUFFMAN CRESCENT NW","assessed_value":437000},{"address":"2003.0 152 AVENUE NW","assessed_value":440500},{"address":"15419.0 68 STREET NW","assessed_value":478000},{"address":"16223.0 62 STREET NW","assessed_value":471000},{"address":"11451.0 9 AVENUE NW","assessed_value":478000},{"address":"15307.0 131 STREET NW","assessed_value":512000},{"address":"16215.0 62 STREET NW","assessed_value":467500},{"address":"179.0 CORNELL COURT NW","assessed_value":145000},{"address":"1418.0 HERRING-COOPER WAY NW","assessed_value":1576000},{"address":"347.0 KLINE CRESCENT NW","assessed_value":510500},{"address":"5402.0 136 AVENUE NW","assessed_value":487000},{"address":"3308.0 113 AVENUE NW","assessed_value":118000},{"address":"18343.0 77 AVENUE NW","assessed_value":396000},{"address":"5605.0 92 STREET NW","assessed_value":2050500},{"address":"7019.0 190A STREET NW","assessed_value":391500},{"address":"nan nan","assessed_value":11500},{"address":"13303.0 82 STREET NW","assessed_value":307500},{"address":"3506.0 44A AVENUE NW","assessed_value":7500},{"address":"10915.0 21 AVENUE NW","assessed_value":222500},{"address":"189.0 CORNELL COURT NW","assessed_value":148000},{"address":"236.0 HUNTINGTON HILL NW","assessed_value":141500},{"address":"15908.0 59 STREET NW","assessed_value":466000},{"address":"10160.0 116 STREET NW","assessed_value":450500},{"address":"473.0 153 AVENUE NW","assessed_value":8500},{"address":"8728.0 GATEWAY BOULEVARD NW","assessed_value":189000},{"address":"nan nan","assessed_value":11500},{"address":"4029.0 38 STREET NW","assessed_value":289500},{"address":"8908.0 170A AVENUE NW","assessed_value":472000},{"address":"5013.0 130 AVENUE NW","assessed_value":500},{"address":"804.0 ABBOTTSFIELD ROAD NW","assessed_value":147000},{"address":"2911.0 36 STREET NW","assessed_value":255500},{"address":"12903.0 144 AVENUE NW","assessed_value":423000},{"address":"5005.0 31 AVENUE NW","assessed_value":142000},{"address":"9826.0 175 AVENUE NW","assessed_value":500500},{"address":"1428.0 156 STREET NW","assessed_value":4280000},{"address":"16577.0 100 STREET NW","assessed_value":199500},{"address":"9562.0 111 AVENUE NW","assessed_value":421000},{"address":"911.0 110A STREET NW","assessed_value":534000},{"address":"nan nan","assessed_value":9500},{"address":"1126.0 116 STREET NW","assessed_value":567000},{"address":"10150.0 117 STREET NW","assessed_value":150500},{"address":"8745.0 165 STREET NW","assessed_value":105500},{"address":"17332.0 98 STREET NW","assessed_value":448000},{"address":"nan nan","assessed_value":11500},{"address":"10125.0 109 STREET NW","assessed_value":123500},{"address":"10915.0 21 AVENUE NW","assessed_value":182500},{"address":"174.0 RIVER POINT NW","assessed_value":307000},{"address":"8315.0 105 STREET NW","assessed_value":168000},{"address":"10883.0 SASKATCHEWAN DRIVE NW","assessed_value":130000},{"address":"13910.0 STONY PLAIN ROAD NW","assessed_value":109000},{"address":"nan nan","assessed_value":11500},{"address":"9739.0 102 STREET NW","assessed_value":454500},{"address":"15728.0 67A STREET NW","assessed_value":454500},{"address":"3619.0 27 AVENUE NW","assessed_value":395500},{"address":"11609.0 94 STREET NW","assessed_value":265500},{"address":"6020.0 37B AVENUE NW","assessed_value":488500},{"address":"11541.0 96 STREET NW","assessed_value":225500},{"address":"143.0 WEAVER DRIVE NW","assessed_value":1500},{"address":"249.0 RUNNING CREEK LANE NW","assessed_value":782000},{"address":"9930.0 BELLAMY HILL NW","assessed_value":138000},{"address":"nan nan","assessed_value":8000},{"address":"5065.0 31 AVENUE NW","assessed_value":136500},{"address":"nan nan","assessed_value":5500},{"address":"15707.0 133 STREET NW","assessed_value":518000},{"address":"143.0 KLARVATTEN ROAD NW","assessed_value":406500},{"address":"11709.0 97 STREET NW","assessed_value":231500},{"address":"17823.0 103 STREET NW","assessed_value":540500},{"address":"10025.0 113 STREET NW","assessed_value":170500},{"address":"6703.0 154 AVENUE NW","assessed_value":418000},{"address":"325.0 WEBER WAY NW","assessed_value":567000},{"address":"243.0 KNOTTWOOD ROAD NORTH NW","assessed_value":285000},{"address":"10711.0 103 STREET NW","assessed_value":64000},{"address":"7640.0 185 STREET NW","assessed_value":383500},{"address":"4211.0 48 STREET NW","assessed_value":538500},{"address":"13910.0 STONY PLAIN ROAD NW","assessed_value":93000},{"address":"3684.0 33 STREET NW","assessed_value":548000},{"address":"203.0 RIVER POINT NW","assessed_value":333000},{"address":"11643.0 94 STREET NW","assessed_value":413500},{"address":"10816.0 76 AVENUE NW","assessed_value":211000},{"address":"3931.0 30 STREET NW","assessed_value":563000},{"address":"516.0 WILKIN PLACE NW","assessed_value":725000},{"address":"15615.0 132 STREET NW","assessed_value":482000},{"address":"236.0 FERGUSON PLACE NW","assessed_value":594500},{"address":"10915.0 21 AVENUE NW","assessed_value":201000},{"address":"10011.0 116 STREET NW","assessed_value":129000},{"address":"3220.0 36 AVENUE NW","assessed_value":451500},{"address":"2316.0 39 AVENUE NW","assessed_value":340000},{"address":"10112.0 174 AVENUE NW","assessed_value":461500},{"address":"256.0 KIRKWOOD AVENUE NW","assessed_value":388000},{"address":"375.0 JILLINGS CRESCENT NW","assessed_value":471500},{"address":"11338.0 96 STREET NW","assessed_value":356000},{"address":"11503.0 100 AVENUE NW","assessed_value":308500},{"address":"12443.0 54 STREET NW","assessed_value":375500},{"address":"18820.0 89 AVENUE NW","assessed_value":468500},{"address":"9003.0 106A AVENUE NW","assessed_value":158500},{"address":"306.0 SOUTHRIDGE NW","assessed_value":152000},{"address":"13910.0 STONY PLAIN ROAD NW","assessed_value":115000},{"address":"8735.0 165 STREET NW","assessed_value":101500},{"address":"3235.0 37 AVENUE NW","assessed_value":549000},{"address":"10125.0 109 STREET NW","assessed_value":122500},{"address":"152.0 CORNELL COURT NW","assessed_value":140000},{"address":"8104.0 182 STREET NW","assessed_value":97500},{"address":"608.0 BURGESS CLOSE NW","assessed_value":772000},{"address":"10155.0 116 STREET NW","assessed_value":102500},{"address":"12912.0 146 AVENUE NW","assessed_value":462000},{"address":"11638.0 96 STREET NW","assessed_value":253000},{"address":"205.0 KIRKWOOD AVENUE NW","assessed_value":334000},{"address":"10636.0 120 STREET NW","assessed_value":168500},{"address":"nan nan","assessed_value":8000},{"address":"1163.0 CARTER CREST ROAD NW","assessed_value":557500},{"address":"187.0 KNOTTWOOD ROAD NORTH NW","assessed_value":359500},{"address":"11316.0 103 AVENUE NW","assessed_value":210000},{"address":"4004.0 37 STREET NW","assessed_value":355000},{"address":"5505.0 152B AVENUE NW","assessed_value":467000},{"address":"321.0 WEAVER POINT NW","assessed_value":1282000},{"address":"11730.0 94 STREET NW","assessed_value":206500},{"address":"11128.0 97 STREET NW","assessed_value":283500},{"address":"10636.0 120 STREET NW","assessed_value":156000},{"address":"11340.0 92 STREET NW","assessed_value":220500},{"address":"10030.0 114 STREET NW","assessed_value":154000},{"address":"15411.0 62 STREET NW","assessed_value":481000},{"address":"1507.0 49 STREET NW","assessed_value":411500},{"address":"44.0 CORMACK CRESCENT NW","assessed_value":804500},{"address":"15903.0 59 STREET NW","assessed_value":479000},{"address":"882.0 RYAN PLACE NW","assessed_value":340000},{"address":"5948.0 155 AVENUE NW","assessed_value":514000},{"address":"5509.0 152B AVENUE NW","assessed_value":525000},{"address":"10711.0 103 STREET NW","assessed_value":100000},{"address":"2911.0 36 STREET NW","assessed_value":245500},{"address":"11501.0 95 STREET NW","assessed_value":172000},{"address":"309.0 JILLINGS CRESCENT NW","assessed_value":477500},{"address":"736.0 REVELL CRESCENT NW","assessed_value":737000},{"address":"10949.0 82 STREET NW","assessed_value":455000},{"address":"11511.0 130 STREET NW","assessed_value":117000},{"address":"3311.0 58 STREET NW","assessed_value":227000},{"address":"285.0 RIVER POINT NW","assessed_value":298500},{"address":"303.0 TWIN BROOKS DRIVE NW","assessed_value":348500},{"address":"12818.0 157 AVENUE NW","assessed_value":456500},{"address":"11421.0 34 STREET NW","assessed_value":123000},{"address":"16240.0 57 STREET NW","assessed_value":324000},{"address":"325.0 SOUTHRIDGE NW","assessed_value":149000},{"address":"8735.0 165 STREET NW","assessed_value":102500},{"address":"10321.0 34 AVENUE NW","assessed_value":12287500},{"address":"9986.0 176 AVENUE NW","assessed_value":284000},{"address":"10729.0 104 STREET NW","assessed_value":67500},{"address":"8315.0 105 STREET NW","assessed_value":171500},{"address":"8719.0 188 STREET NW","assessed_value":442000},{"address":"12814.0 157 AVENUE NW","assessed_value":512500},{"address":"3311.0 58 STREET NW","assessed_value":207000},{"address":"9219.0 112 AVENUE NW","assessed_value":183500},{"address":"8915.0 147 AVENUE NW","assessed_value":115000},{"address":"15504.0 63 STREET NW","assessed_value":455000},{"address":"8035.0 17A AVENUE NW","assessed_value":389000},{"address":"17228.0 113 STREET NW","assessed_value":465500},{"address":"405.0 SOUTHRIDGE NW","assessed_value":157000},{"address":"13835.0 131A AVENUE NW","assessed_value":370500},{"address":"nan nan","assessed_value":11500},{"address":"nan nan","assessed_value":8000},{"address":"nan nan","assessed_value":11500},{"address":"914.0 BURROWS CRESCENT NW","assessed_value":578500},{"address":"10125.0 109 STREET NW","assessed_value":163000},{"address":"11503.0 100 AVENUE NW","assessed_value":396000},{"address":"nan nan","assessed_value":5500},{"address":"1014.0 HEAVENER BAY NW","assessed_value":919000},{"address":"11337.0 94 STREET NW","assessed_value":266500},{"address":"9725.0 106 STREET NW","assessed_value":111500},{"address":"517.0 TWIN BROOKS BAY NW","assessed_value":886500},{"address":"810.0 RYAN PLACE NW","assessed_value":622500},{"address":"1033.0 YOUVILLE DRIVE WEST NW","assessed_value":226500},{"address":"10125.0 109 STREET NW","assessed_value":125000},{"address":"11240.0 94 STREET NW","assessed_value":173500},{"address":"8220.0 JASPER AVENUE NW","assessed_value":138000},{"address":"2215.0 133 AVENUE NW","assessed_value":361500},{"address":"15620.0 64 STREET NW","assessed_value":514500},{"address":"15932.0 58 STREET NW","assessed_value":454500},{"address":"1131.0 POTTER GREENS DRIVE NW","assessed_value":523000},{"address":"326.0 HOLLICK-KENYON ROAD NW","assessed_value":486500},{"address":"923.0 BURROWS CRESCENT NW","assessed_value":621500},{"address":"10295.0 89 STREET NW","assessed_value":5500},{"address":"1392.0 JEFFERYS CRESCENT NW","assessed_value":402000},{"address":"5828.0 162 AVENUE NW","assessed_value":448000},{"address":"11521.0 9 AVENUE NW","assessed_value":471000},{"address":"1530.0 JARVIS CRESCENT NW","assessed_value":349000},{"address":"7408.0 154 AVENUE NW","assessed_value":407500},{"address":"55.0 JACKSON ROAD NW","assessed_value":287500},{"address":"10915.0 21 AVENUE NW","assessed_value":200000},{"address":"6510.0 158 AVENUE NW","assessed_value":309000},{"address":"11326.0 127 STREET NW","assessed_value":38000},{"address":"11108.0 52 STREET NW","assessed_value":564000},{"address":"18932.0 89 AVENUE NW","assessed_value":422000},{"address":"8305.0 29 AVENUE NW","assessed_value":129000},{"address":"11303.0 95 STREET NW","assessed_value":980000},{"address":"11212.0 95A STREET NW","assessed_value":245500},{"address":"12911.0 146 AVENUE NW","assessed_value":433500},{"address":"248.0 CARMICHAEL CLOSE NW","assessed_value":652500},{"address":"153.0 KULAWY DRIVE NORTH NW","assessed_value":560000},{"address":"6913.0 101 AVENUE NW","assessed_value":249500},{"address":"4331.0 27 STREET NW","assessed_value":571500},{"address":"nan nan","assessed_value":8000},{"address":"219.0 BUCHANAN CLOSE NW","assessed_value":573500},{"address":"10636.0 120 STREET NW","assessed_value":158000},{"address":"939.0 BURLEY DRIVE NW","assessed_value":732000},{"address":"8606.0 106 AVENUE NW","assessed_value":298000},{"address":"115.0 ROCHE CRESCENT NW","assessed_value":728500},{"address":"6915.0 158A AVENUE NW","assessed_value":326000},{"address":"16140.0 56 STREET NW","assessed_value":429000},{"address":"13217.0 155 AVENUE NW","assessed_value":279500},{"address":"17511.0 98A AVENUE NW","assessed_value":110500},{"address":"501.0 YOUVILLE DRIVE EAST NW","assessed_value":270000},{"address":"11522.0 95A STREET NW","assessed_value":299500},{"address":"8132.0 27 AVENUE NW","assessed_value":243000},{"address":"11327.0 94 STREET NW","assessed_value":226000},{"address":"5860.0 159B AVENUE NW","assessed_value":465000},{"address":"1526.0 80A STREET NW","assessed_value":371000},{"address":"9202.0 109A AVENUE NW","assessed_value":194000},{"address":"243.0 RIVER POINT NW","assessed_value":446500},{"address":"11120.0 95A STREET NW","assessed_value":199000},{"address":"8315.0 105 STREET NW","assessed_value":178000},{"address":"11421.0 34 STREET NW","assessed_value":111500},{"address":"18511.0 72 AVENUE NW","assessed_value":444500},{"address":"15604.0 132 STREET NW","assessed_value":483000},{"address":"9520.0 174 STREET NW","assessed_value":234500},{"address":"8745.0 165 STREET NW","assessed_value":115000},{"address":"138.0 CORNELL COURT NW","assessed_value":143500},{"address":"12271.0 129A STREET NW","assessed_value":84500},{"address":"nan nan","assessed_value":11500},{"address":"10023.0 164 STREET NW","assessed_value":81500},{"address":"nan nan","assessed_value":11500},{"address":"339.0 SOUTHRIDGE NW","assessed_value":149000},{"address":"3710.0 39 AVENUE NW","assessed_value":371500},{"address":"15519.0 63 STREET NW","assessed_value":460500},{"address":"5005.0 31 AVENUE NW","assessed_value":153000},{"address":"389.0 HUNTINGTON HILL NW","assessed_value":150500},{"address":"10803.0 95 STREET NW","assessed_value":586500},{"address":"4716.0 42 AVENUE NW","assessed_value":658500},{"address":"905.0 116 STREET NW","assessed_value":451500},{"address":"4630.0 17 AVENUE NW","assessed_value":206000},{"address":"475.0 BURTON ROAD NW","assessed_value":670000},{"address":"12207.0 129A STREET NW","assessed_value":89500},{"address":"10883.0 SASKATCHEWAN DRIVE NW","assessed_value":133000},{"address":"8020.0 SASKATCHEWAN DRIVE NW","assessed_value":15000},{"address":"9203.0 95 STREET NW","assessed_value":500},{"address":"nan nan","assessed_value":11500},{"address":"433.0 OSBORNE CRESCENT NW","assessed_value":1438000},{"address":"1114.0 KANE WYND NW","assessed_value":407500},{"address":"11020.0 19 AVENUE NW","assessed_value":145500},{"address":"10883.0 SASKATCHEWAN DRIVE NW","assessed_value":134000},{"address":"5065.0 31 AVENUE NW","assessed_value":112500},{"address":"15414.0 59 STREET NW","assessed_value":433500},{"address":"10641.0 64 AVENUE NW","assessed_value":406500},{"address":"10023.0 164 STREET NW","assessed_value":103000},{"address":"11503.0 100 AVENUE NW","assessed_value":335000},{"address":"5703.0 189 STREET NW","assessed_value":311000},{"address":"9606.0 99A STREET NW","assessed_value":881000},{"address":"1134.0 KANE WYND NW","assessed_value":436500},{"address":"320.0 WEAVER POINT NW","assessed_value":1028500},{"address":"11425.0 95 STREET NW","assessed_value":849000},{"address":"nan nan","assessed_value":5500},{"address":"909.0 BLACKETT WYND SW","assessed_value":726500},{"address":"1016.0 BURNS CLOSE NW","assessed_value":650500},{"address":"582.0 BUCHANAN ROAD NW","assessed_value":659000},{"address":"6220.0 FULTON ROAD NW","assessed_value":249000},{"address":"10150.0 117 STREET NW","assessed_value":137500},{"address":"232.0 COUNTRY CLUB POINT NW","assessed_value":504000},{"address":"13910.0 STONY PLAIN ROAD NW","assessed_value":103000},{"address":"4459.0 29 STREET NW","assessed_value":507500},{"address":"768.0 JOHNS ROAD NW","assessed_value":449500},{"address":"9921.0 104 STREET NW","assessed_value":203500},{"address":"nan nan","assessed_value":11500},{"address":"11311.0 10 AVENUE NW","assessed_value":572500},{"address":"6828.0 105A STREET NW","assessed_value":367000},{"address":"11615.0 79 STREET NW","assessed_value":18000},{"address":"nan nan","assessed_value":8000},{"address":"8323.0 102 STREET NW","assessed_value":1500},{"address":"12319.0 JASPER AVENUE NW","assessed_value":321000},{"address":"10236.0 152 STREET NW","assessed_value":280500},{"address":"520.0 RIVER POINT NW","assessed_value":376000},{"address":"nan nan","assessed_value":9500},{"address":"10006.0 101 STREET NW","assessed_value":4637500},{"address":"10155.0 116 STREET NW","assessed_value":140000},{"address":"11638.0 91 STREET NW","assessed_value":273000},{"address":"508.0 WILKIN PLACE NW","assessed_value":866000},{"address":"6220.0 FULTON ROAD NW","assessed_value":268000},{"address":"331.0 TWIN BROOKS DRIVE NW","assessed_value":900500},{"address":"332.0 OSLAND PLACE NW","assessed_value":703500},{"address":"985.0 BURROWS CRESCENT NW","assessed_value":602500},{"address":"1031.0 JONES CRESCENT NW","assessed_value":519500},{"address":"13333.0 22 STREET NW","assessed_value":7500},{"address":"227.0 SOUTHRIDGE NW","assessed_value":149000},{"address":"620.0 JENNER COVE NW","assessed_value":412000},{"address":"17007.0 90 STREET NW","assessed_value":411000},{"address":"9921.0 104 STREET NW","assessed_value":192500},{"address":"12920.0 147 AVENUE NW","assessed_value":427500},{"address":"549.0 TWIN BROOKS BAY NW","assessed_value":759000},{"address":"5732.0 152A AVENUE NW","assessed_value":411000},{"address":"13217.0 155 AVENUE NW","assessed_value":289500},{"address":"8122.0 27 AVENUE NW","assessed_value":288500},{"address":"1222.0 WERSHOF ROAD NW","assessed_value":586500},{"address":"16217.0 57 STREET NW","assessed_value":357000},{"address":"10636.0 120 STREET NW","assessed_value":156000},{"address":"11421.0 34 STREET NW","assessed_value":113000},{"address":"9736.0 101A STREET NW","assessed_value":510500},{"address":"17911.0 93A STREET NW","assessed_value":402500},{"address":"3664.0 31A STREET NW","assessed_value":525000},{"address":"1065.0 FALCONER ROAD NW","assessed_value":526500},{"address":"443.0 OSBORNE CRESCENT NW","assessed_value":1232500},{"address":"12808.0 146 AVENUE NW","assessed_value":439000},{"address":"10848.0 93 STREET NW","assessed_value":278000},{"address":"11503.0 100 AVENUE NW","assessed_value":441000},{"address":"10432.0 69 AVENUE NW","assessed_value":350500},{"address":"nan nan","assessed_value":7500},{"address":"16112.0 57 STREET NW","assessed_value":523000},{"address":"14424.0 88A STREET NW","assessed_value":90500},{"address":"147.0 KULAWY DRIVE NORTH NW","assessed_value":546500},{"address":"11127.0 11A AVENUE NW","assessed_value":548000},{"address":"8708.0 101A AVENUE NW","assessed_value":390500},{"address":"11904.0 122 STREET NW","assessed_value":304500},{"address":"nan nan","assessed_value":9500},{"address":"10636.0 120 STREET NW","assessed_value":161500},{"address":"nan nan","assessed_value":10500},{"address":"3378.0 116A AVENUE NW","assessed_value":142500},{"address":"1067.0 POTTER GREENS DRIVE NW","assessed_value":491000},{"address":"5724.0 109A STREET NW","assessed_value":1306500},{"address":"nan nan","assessed_value":5500},{"address":"9710.0 105 STREET NW","assessed_value":105000},{"address":"11143.0 51 STREET NW","assessed_value":295000},{"address":"10816.0 76 AVENUE NW","assessed_value":215000},{"address":"308.0 JACKSON ROAD NW","assessed_value":247000},{"address":"5125.0 RIVERBEND ROAD NW","assessed_value":144000},{"address":"nan nan","assessed_value":11500},{"address":"11345.0 93 STREET NW","assessed_value":220500},{"address":"12319.0 JASPER AVENUE NW","assessed_value":356000},{"address":"14717.0 34 STREET NW","assessed_value":322500},{"address":"9308.0 109A AVENUE NW","assessed_value":387000},{"address":"916.0 BURLEY DRIVE NW","assessed_value":663000},{"address":"11228.0 92 STREET NW","assessed_value":184000},{"address":"1537.0 80A STREET NW","assessed_value":360000},{"address":"729.0 HENDRA CRESCENT NW","assessed_value":604000},{"address":"8745.0 165 STREET NW","assessed_value":94500},{"address":"10130.0 114 STREET NW","assessed_value":235000},{"address":"9238.0 117 STREET NW","assessed_value":972500},{"address":"10150.0 117 STREET NW","assessed_value":147500},{"address":"10018.0 173 AVENUE NW","assessed_value":459000},{"address":"10045.0 118 STREET NW","assessed_value":395500},{"address":"nan nan","assessed_value":7500},{"address":"9520.0 174 STREET NW","assessed_value":235500},{"address":"319.0 BUCHANAN WAY NW","assessed_value":692500},{"address":"5743.0 161 AVENUE NW","assessed_value":519500},{"address":"11425.0 93 STREET NW","assessed_value":303000},{"address":"263.0 KNOTTWOOD ROAD NORTH NW","assessed_value":263500},{"address":"6471.0 180 STREET NW","assessed_value":158500},{"address":"nan nan","assessed_value":1000},{"address":"8210.0 YELLOWHEAD TRAIL NW","assessed_value":3530000},{"address":"nan nan","assessed_value":13500},{"address":"8810.0 189 STREET NW","assessed_value":335000},{"address":"10011.0 116 STREET NW","assessed_value":94000},{"address":"809.0 REID PLACE NW","assessed_value":583500},{"address":"3607.0 110 AVENUE NW","assessed_value":305000},{"address":"9028.0 JASPER AVENUE NW","assessed_value":86000},{"address":"3664.0 33 STREET NW","assessed_value":499500},{"address":"5909.0 189 STREET NW","assessed_value":327500},{"address":"4435.0 29 STREET NW","assessed_value":464000},{"address":"10.0 CORMACK CRESCENT NW","assessed_value":707000},{"address":"1482.0 JEFFERYS CRESCENT NW","assessed_value":381000},{"address":"342.0 HUNTINGTON HILL NW","assessed_value":141500},{"address":"501.0 YOUVILLE DRIVE EAST NW","assessed_value":256000},{"address":"2931.0 66 STREET NW","assessed_value":377500},{"address":"17225.0 113A STREET NW","assessed_value":500500},{"address":"3520.0 60 STREET NW","assessed_value":230500},{"address":"15499.0 CASTLE DOWNS ROAD NW","assessed_value":224000},{"address":"9718.0 176 STREET NW","assessed_value":308000},{"address":"3308.0 113 AVENUE NW","assessed_value":113000},{"address":"933.0 YOUVILLE DRIVE WEST NW","assessed_value":315500},{"address":"19051.0 70 AVENUE NW","assessed_value":427000},{"address":"29.0 MEADOWLARK VILLAGE NW","assessed_value":195000},{"address":"5407.0 138A AVENUE NW","assessed_value":403000},{"address":"5307.0 156 AVENUE NW","assessed_value":408500},{"address":"122.0 FARNELL CLOSE NW","assessed_value":646500},{"address":"4604.0 42 AVENUE NW","assessed_value":566000},{"address":"11636.0 95A STREET NW","assessed_value":277500},{"address":"138.0 WEAVER DRIVE NW","assessed_value":720000},{"address":"15322.0 BEAUMARIS ROAD NW","assessed_value":330500},{"address":"932.0 HEACOCK ROAD NW","assessed_value":875000},{"address":"11503.0 100 AVENUE NW","assessed_value":419500},{"address":"11316.0 10 AVENUE NW","assessed_value":639000},{"address":"6220.0 FULTON ROAD NW","assessed_value":227500},{"address":"12926.0 122B AVENUE NW","assessed_value":84500},{"address":"8805.0 102 AVENUE NW","assessed_value":373500},{"address":"6474.0 178 STREET NW","assessed_value":158500},{"address":"3155.0 36 AVENUE NW","assessed_value":508000},{"address":"341.0 BLACKBURN DRIVE EAST SW","assessed_value":457500},{"address":"15312.0 74 STREET NW","assessed_value":465500},{"address":"101.0 IRONWOOD PLACE NW","assessed_value":481000},{"address":"4023.0 38 STREET NW","assessed_value":293500},{"address":"11515.0 9 AVENUE NW","assessed_value":613000},{"address":"15938.0 58 STREET NW","assessed_value":494000},{"address":"11927.0 106 STREET NW","assessed_value":62500},{"address":"4308.0 49A STREET NW","assessed_value":547000},{"address":"321.0 JILLINGS CRESCENT NW","assessed_value":497500},{"address":"882.0 RYAN PLACE NW","assessed_value":372500},{"address":"8811.0 106A AVENUE NW","assessed_value":170500},{"address":"5987.0 189 STREET NW","assessed_value":316500},{"address":"5943.0 152B AVENUE NW","assessed_value":483500},{"address":"5632.0 152B AVENUE NW","assessed_value":646000},{"address":"8220.0 JASPER AVENUE NW","assessed_value":168000},{"address":"12239.0 91 STREET NW","assessed_value":283000},{"address":"10030.0 114 STREET NW","assessed_value":164500},{"address":"5222.0 154A AVENUE NW","assessed_value":415500},{"address":"9930.0 BELLAMY HILL NW","assessed_value":170500},{"address":"10218.0 88 STREET NW","assessed_value":695500},{"address":"17151.0 94A AVENUE NW","assessed_value":165500},{"address":"11515.0 95A STREET NW","assessed_value":225500},{"address":"1108.0 HENSON CLOSE NW","assessed_value":983500},{"address":"5730.0 RIVERBEND ROAD NW","assessed_value":141000},{"address":"6108.0 154 AVENUE NW","assessed_value":498000},{"address":"15419.0 67A STREET NW","assessed_value":424500},{"address":"nan nan","assessed_value":5000},{"address":"11247.0 101 STREET NW","assessed_value":227000},{"address":"88.0 CORMACK CRESCENT NW","assessed_value":789000},{"address":"nan nan","assessed_value":0},{"address":"5777.0 189 STREET NW","assessed_value":253000},{"address":"nan nan","assessed_value":7500},{"address":"6534.0 158 AVENUE NW","assessed_value":342000},{"address":"806.0 REID PLACE NW","assessed_value":745000},{"address":"13846.0 131 AVENUE NW","assessed_value":383000},{"address":"9505.0 176 STREET NW","assessed_value":271500},{"address":"5125.0 RIVERBEND ROAD NW","assessed_value":95500},{"address":"1658.0 WELBOURN COVE NW","assessed_value":566500},{"address":"1023.0 WANYANDI WAY NW","assessed_value":728000},{"address":"11511.0 130 STREET NW","assessed_value":92000},{"address":"18020.0 95 AVENUE NW","assessed_value":139000},{"address":"3520.0 60 STREET NW","assessed_value":230500},{"address":"9725.0 106 STREET NW","assessed_value":118500},{"address":"5872.0 159B AVENUE NW","assessed_value":524500},{"address":"8915.0 147 AVENUE NW","assessed_value":92000},{"address":"10904.0 57 AVENUE NW","assessed_value":448500},{"address":"1462.0 JEFFERYS CRESCENT NW","assessed_value":336500},{"address":"7620.0 185 STREET NW","assessed_value":409000},{"address":"13740.0 131 AVENUE NW","assessed_value":433000},{"address":"10108.0 174 AVENUE NW","assessed_value":503500},{"address":"13122.0 155 AVENUE NW","assessed_value":501000},{"address":"5704.0 152A AVENUE NW","assessed_value":549000},{"address":"9130.0 JASPER AVENUE NW","assessed_value":1170000},{"address":"18110.0 118 AVENUE NW","assessed_value":5785000},{"address":"5546.0 138A AVENUE NW","assessed_value":434500},{"address":"11631.0 95A STREET NW","assessed_value":337000},{"address":"nan nan","assessed_value":8000},{"address":"10030.0 114 STREET NW","assessed_value":123500},{"address":"nan nan","assessed_value":7500},{"address":"4834.0 104A STREET NW","assessed_value":297500},{"address":"16203.0 55A STREET NW","assessed_value":364500},{"address":"124.0 CORNELL COURT NW","assessed_value":142500},{"address":"2211.0 133 AVENUE NW","assessed_value":361000},{"address":"nan nan","assessed_value":9500},{"address":"9028.0 JASPER AVENUE NW","assessed_value":59500},{"address":"398.0 BLACKBURN DRIVE EAST SW","assessed_value":471000},{"address":"13014.0 122B AVENUE NW","assessed_value":90500},{"address":"8604.0 GATEWAY BOULEVARD NW","assessed_value":115000},{"address":"45.0 JACKSON ROAD NW","assessed_value":284500},{"address":"5003.0 142 AVENUE NW","assessed_value":407500},{"address":"412.0 KULAWY GATE NW","assessed_value":611500},{"address":"8728.0 GATEWAY BOULEVARD NW","assessed_value":211000},{"address":"13217.0 155 AVENUE NW","assessed_value":326000},{"address":"1515.0 JARVIS CRESCENT NW","assessed_value":348500},{"address":"9010.0 106 AVENUE NW","assessed_value":158500},{"address":"10909.0 93 STREET NW","assessed_value":394500},{"address":"1732.0 KENSIT PLACE NW","assessed_value":425000},{"address":"738.0 REVELL CRESCENT NW","assessed_value":790500},{"address":"912.0 BURROWS CRESCENT NW","assessed_value":650500},{"address":"200.0 SOUTHRIDGE NW","assessed_value":152000},{"address":"1107.0 112 STREET NW","assessed_value":644500},{"address":"3645.0 145 AVENUE NW","assessed_value":224500},{"address":"nan nan","assessed_value":8000},{"address":"13056.0 39 STREET NW","assessed_value":476000},{"address":"6242.0 162B AVENUE NW","assessed_value":600000},{"address":"9208.0 109A AVENUE NW","assessed_value":218000},{"address":"8.0 CORMACK CRESCENT NW","assessed_value":997000},{"address":"8727.0 170 AVENUE NW","assessed_value":477500},{"address":"8347.0 29 AVENUE NW","assessed_value":130500},{"address":"9138.0 83 AVENUE NW","assessed_value":227500},{"address":"10125.0 109 STREET NW","assessed_value":135500},{"address":"11723.0 94 STREET NW","assessed_value":209500},{"address":"9010.0 106 AVENUE NW","assessed_value":166500},{"address":"9916.0 113 STREET NW","assessed_value":157000},{"address":"11513.0 10 AVENUE NW","assessed_value":627500},{"address":"10883.0 SASKATCHEWAN DRIVE NW","assessed_value":140000},{"address":"7327.0 118 STREET NW","assessed_value":374500},{"address":"nan nan","assessed_value":5500},{"address":"19064.0 71 AVENUE NW","assessed_value":463000},{"address":"11247.0 10 AVENUE NW","assessed_value":576000},{"address":"10175.0 109 STREET NW","assessed_value":117500},{"address":"nan nan","assessed_value":8000},{"address":"1018.0 BURNS CLOSE NW","assessed_value":695500},{"address":"325.0 CARMICHAEL WYND NW","assessed_value":705500},{"address":"311.0 SOUTHRIDGE NW","assessed_value":152000},{"address":"3111.0 36B AVENUE NW","assessed_value":513500},{"address":"749.0 REVELL CRESCENT NW","assessed_value":593000},{"address":"9921.0 104 STREET NW","assessed_value":197000},{"address":"6003.0 37B AVENUE NW","assessed_value":527000},{"address":"7403.0 190A STREET NW","assessed_value":407000},{"address":"14803.0 34 STREET NW","assessed_value":234000},{"address":"nan nan","assessed_value":7500},{"address":"226.0 RUNNING CREEK LANE NW","assessed_value":535500},{"address":"10215.0 151 STREET NW","assessed_value":334000},{"address":"12319.0 JASPER AVENUE NW","assessed_value":279000},{"address":"nan nan","assessed_value":18500},{"address":"15241.0 54 STREET NW","assessed_value":7000},{"address":"16735.0 90 STREET NW","assessed_value":425000},{"address":"7604.0 154 AVENUE NW","assessed_value":518000},{"address":"7247.0 190A STREET NW","assessed_value":395500},{"address":"1245.0 JOYCE CRESCENT NW","assessed_value":445000},{"address":"623.0 BURGESS CLOSE NW","assessed_value":22500},{"address":"3664.0 31 STREET NW","assessed_value":532500},{"address":"nan nan","assessed_value":5500},{"address":"11733.0 97 STREET NW","assessed_value":381500},{"address":"8724.0 170A AVENUE NW","assessed_value":388500},{"address":"816.0 113A STREET NW","assessed_value":482000},{"address":"109.0 WEAVER DRIVE NW","assessed_value":998000},{"address":"24704.0 50 STREET NW","assessed_value":23500},{"address":"9311.0 112 AVENUE NW","assessed_value":224500},{"address":"8745.0 165 STREET NW","assessed_value":167000},{"address":"8704.0 ROWLAND ROAD NW","assessed_value":521500},{"address":"8735.0 165 STREET NW","assessed_value":118000},{"address":"10192.0 90 STREET NW","assessed_value":536500},{"address":"603.0 YOUVILLE DRIVE EAST NW","assessed_value":235500},{"address":"178.0 RIVER POINT NW","assessed_value":316500},{"address":"731.0 WILKIN CLOSE NW","assessed_value":487000},{"address":"4124.0 30 STREET NW","assessed_value":475000},{"address":"1033.0 YOUVILLE DRIVE WEST NW","assessed_value":243000},{"address":"nan nan","assessed_value":11500},{"address":"310.0 WEAVER POINT NW","assessed_value":890000},{"address":"10729.0 104 STREET NW","assessed_value":73000},{"address":"12720.0 148 AVENUE NW","assessed_value":467000},{"address":"1365.0 CARTER CREST ROAD NW","assessed_value":627500},{"address":"11128.0 10A AVENUE NW","assessed_value":555500},{"address":"8009.0 15A AVENUE NW","assessed_value":334500},{"address":"nan nan","assessed_value":11500},{"address":"10883.0 SASKATCHEWAN DRIVE NW","assessed_value":124000},{"address":"314.0 BUCHANAN WAY NW","assessed_value":566000},{"address":"12810.0 157 AVENUE NW","assessed_value":459000},{"address":"841.0 112B STREET NW","assessed_value":445500},{"address":"3307.0 116A AVENUE NW","assessed_value":118000},{"address":"1428.0 JEFFERYS CRESCENT NW","assessed_value":389500},{"address":"8735.0 165 STREET NW","assessed_value":118000},{"address":"7604.0 15 AVENUE NW","assessed_value":603500},{"address":"3816.0 41 STREET NW","assessed_value":647500},{"address":"11213.0 95A STREET NW","assessed_value":438000},{"address":"11650.0 79 AVENUE NW","assessed_value":383000},{"address":"10945.0 21 AVENUE NW","assessed_value":191000},{"address":"nan nan","assessed_value":11500},{"address":"6209.0 162A AVENUE NW","assessed_value":570000},{"address":"10636.0 120 STREET NW","assessed_value":172500},{"address":"4630.0 17 AVENUE NW","assessed_value":198500},{"address":"10931.0 83 STREET NW","assessed_value":73500},{"address":"nan nan","assessed_value":11500},{"address":"5005.0 31 AVENUE NW","assessed_value":138500},{"address":"1095.0 POTTER GREENS DRIVE NW","assessed_value":427000},{"address":"1482.0 WELBOURN DRIVE NW","assessed_value":900000},{"address":"9710.0 105 STREET NW","assessed_value":97000},{"address":"13580.0 38 STREET NW","assessed_value":118000},{"address":"10124.0 87 STREET NW","assessed_value":527000},{"address":"15230.0 59B STREET NW","assessed_value":497500},{"address":"nan nan","assessed_value":7500},{"address":"8020.0 SASKATCHEWAN DRIVE NW","assessed_value":8500},{"address":"11529.0 95A STREET NW","assessed_value":315500},{"address":"62.0 JEFFERSON ROAD NW","assessed_value":443500},{"address":"9916.0 113 STREET NW","assessed_value":139500},{"address":"381.0 BLACKBURN DRIVE EAST SW","assessed_value":404500},{"address":"3039.0 36A AVENUE NW","assessed_value":491500},{"address":"11624.0 97 STREET NW","assessed_value":205000},{"address":"10324.0 174 AVENUE NW","assessed_value":605000},{"address":"13910.0 STONY PLAIN ROAD NW","assessed_value":132000},{"address":"11611.0 92 STREET NW","assessed_value":192000},{"address":"9004.0 169 AVENUE NW","assessed_value":425500},{"address":"18824.0 89 AVENUE NW","assessed_value":412000},{"address":"3811.0 85 STREET NW","assessed_value":237000},{"address":"9763.0 176 STREET NW","assessed_value":273500},{"address":"nan nan","assessed_value":11500},{"address":"1343.0 CARTER CREST ROAD NW","assessed_value":613500},{"address":"992.0 BURROWS CRESCENT NW","assessed_value":628000},{"address":"1227.0 KAASA ROAD EAST NW","assessed_value":481000},{"address":"10145.0 109 STREET NW","assessed_value":105000},{"address":"nan nan","assessed_value":10500},{"address":"1032.0 CARTER CREST ROAD NW","assessed_value":413000},{"address":"11630.0 94 STREET NW","assessed_value":227000},{"address":"10803.0 19A AVENUE NW","assessed_value":415000},{"address":"1580.0 MILL WOODS ROAD EAST NW","assessed_value":213000},{"address":"10145.0 109 STREET NW","assessed_value":126500},{"address":"10150.0 117 STREET NW","assessed_value":147500},{"address":"15420.0 67A STREET NW","assessed_value":476500},{"address":"nan nan","assessed_value":8000},{"address":"4324.0 27 STREET NW","assessed_value":513000},{"address":"3647.0 31 STREET NW","assessed_value":469500},{"address":"148.0 ORMSBY ROAD EAST NW","assessed_value":477000},{"address":"451.0 OSBORNE CRESCENT NW","assessed_value":1068000},{"address":"11650.0 79 AVENUE NW","assessed_value":306500},{"address":"1028.0 CARTER CREST ROAD NW","assessed_value":364000},{"address":"17404.0 99 STREET NW","assessed_value":514500},{"address":"9111.0 109A AVENUE NW","assessed_value":974500},{"address":"1733.0 KENSIT PLACE NW","assessed_value":465500},{"address":"10030.0 114 STREET NW","assessed_value":119000},{"address":"10938.0 142 STREET NW","assessed_value":23786000},{"address":"8903.0 106A AVENUE NW","assessed_value":158500},{"address":"1400.0 JEFFERYS CRESCENT NW","assessed_value":360500},{"address":"8819.0 147 AVENUE NW","assessed_value":110000},{"address":"321.0 HUNTINGTON HILL NW","assessed_value":145000},{"address":"1221.0 KANE WYND NW","assessed_value":444000},{"address":"10101.0 SASKATCHEWAN DRIVE NW","assessed_value":95000},{"address":"12812.0 146 AVENUE NW","assessed_value":408000},{"address":"6904.0 159 AVENUE NW","assessed_value":372500},{"address":"10415.0 148 STREET NW","assessed_value":504500},{"address":"10045.0 118 STREET NW","assessed_value":293000},{"address":"3370.0 116A AVENUE NW","assessed_value":138000},{"address":"5019.0 130 AVENUE NW","assessed_value":1138000},{"address":"7822.0 JASPER AVENUE NW","assessed_value":536500},{"address":"11503.0 100 AVENUE NW","assessed_value":296500},{"address":"10883.0 SASKATCHEWAN DRIVE NW","assessed_value":153000},{"address":"1387.0 JEFFERYS CRESCENT NW","assessed_value":419000},{"address":"1246.0 48 STREET NW","assessed_value":245000},{"address":"3754.0 131A AVENUE NW","assessed_value":387000},{"address":"13073.0 37 STREET NW","assessed_value":364000},{"address":"1121.0 116 STREET NW","assessed_value":495500},{"address":"11515.0 199 STREET NW","assessed_value":0},{"address":"762.0 WELLS WYND NW","assessed_value":701500},{"address":"13910.0 STONY PLAIN ROAD NW","assessed_value":143000},{"address":"8907.0 169 AVENUE NW","assessed_value":391500},{"address":"14424.0 88A STREET NW","assessed_value":108500},{"address":"nan nan","assessed_value":8000},{"address":"3311.0 58 STREET NW","assessed_value":225000},{"address":"19039.0 72B AVENUE NW","assessed_value":415500},{"address":"nan nan","assessed_value":11500},{"address":"18352.0 77 AVENUE NW","assessed_value":410500},{"address":"323.0 TWIN BROOKS DRIVE NW","assessed_value":910000},{"address":"9908.0 114 STREET NW","assessed_value":244000},{"address":"10155.0 116 STREET NW","assessed_value":101500},{"address":"9710.0 105 STREET NW","assessed_value":103500},{"address":"9010.0 106 AVENUE NW","assessed_value":174500},{"address":"9742.0 101A STREET NW","assessed_value":482500},{"address":"11520.0 100 AVENUE NW","assessed_value":204000},{"address":"15915.0 62 STREET NW","assessed_value":392000},{"address":"10636.0 120 STREET NW","assessed_value":126500},{"address":"10011.0 116 STREET NW","assessed_value":150000},{"address":"303.0 TWIN BROOKS DRIVE NW","assessed_value":408000},{"address":"3645.0 145 AVENUE NW","assessed_value":240500},{"address":"18927.0 90 AVENUE NW","assessed_value":471000},{"address":"1060.0 JONES CRESCENT NW","assessed_value":423500}]