[{"address":"5203.0 149 AVENUE NW","assessed_value":263000},{"address":"nan nan","assessed_value":8000},{"address":"2229.0 44 AVENUE NW","assessed_value":193000},{"address":"nan nan","assessed_value":18000},{"address":"1140.0 CHAPPELLE BOULEVARD SW","assessed_value":291500},{"address":"2029.0 ROCHESTER AVENUE NW","assessed_value":734000},{"address":"1057.0 COOPERS HAWK LINK NW","assessed_value":560000},{"address":"5928.0 174 AVENUE NW","assessed_value":644000},{"address":"422.0 1820 RUTHERFORD ROAD SW","assessed_value":199500},{"address":"2234.0 CALHOUN LINK SW","assessed_value":592500},{"address":"923.0 EBBERS CRESCENT NW","assessed_value":437000},{"address":"3365.0 CHICKADEE DRIVE NW","assessed_value":709500},{"address":"5151.0 WINDERMERE BOULEVARD SW","assessed_value":337500},{"address":"2905.0 141 STREET SW","assessed_value":313000},{"address":"452.0 ORCHARDS BOULEVARD SW","assessed_value":399000},{"address":"16708.0 14 AVENUE SW","assessed_value":451500},{"address":"nan nan","assessed_value":4500},{"address":"10226.0 104 STREET NW","assessed_value":297000},{"address":"4410.0 5A STREET NW","assessed_value":426000},{"address":"5816.0 MULLEN PLACE NW","assessed_value":157000},{"address":"3207.0 JAMES MOWATT TRAIL SW","assessed_value":126000},{"address":"1616.0 168 STREET SW","assessed_value":588500},{"address":"2671.0 SIR ARTHUR CURRIE WAY NW","assessed_value":337500},{"address":"11080.0 ELLERSLIE ROAD SW","assessed_value":205000},{"address":"1317.0 CHAPPELLE BOULEVARD SW","assessed_value":402000},{"address":"8534.0 CUSHING PLACE SW","assessed_value":420500},{"address":"460.0 41 AVENUE NW","assessed_value":650000},{"address":"nan nan","assessed_value":12500},{"address":"9639.0 62 AVENUE NW","assessed_value":195500},{"address":"nan nan","assessed_value":12000},{"address":"2156.0 27 STREET NW","assessed_value":831000},{"address":"nan nan","assessed_value":12000},{"address":"nan nan","assessed_value":9500},{"address":"5029.0 EDGEMONT BOULEVARD NW","assessed_value":349500},{"address":"667.0 WATT BOULEVARD SW","assessed_value":183000},{"address":"415.0 CLAREVIEW ROAD NW","assessed_value":302000},{"address":"2803.0 JAMES MOWATT TRAIL SW","assessed_value":320500},{"address":"5515.0 7 AVENUE SW","assessed_value":167500},{"address":"6086.0 ANDREWS WAY SW","assessed_value":2303500},{"address":"3207.0 JAMES MOWATT TRAIL SW","assessed_value":161500},{"address":"nan nan","assessed_value":6000},{"address":"3315.0 JAMES MOWATT TRAIL SW","assessed_value":194000},{"address":"18126.0 77 STREET NW","assessed_value":174000},{"address":"3756.0 WEIDLE CRESCENT SW","assessed_value":446500},{"address":"320.0 AMBLESIDE LINK SW","assessed_value":199500},{"address":"1781.0 KEENE CRESCENT SW","assessed_value":384500},{"address":"15812.0 15 AVENUE SW","assessed_value":691500},{"address":"nan nan","assessed_value":8500},{"address":"528.0 EBBERS WAY NW","assessed_value":426500},{"address":"1123.0 WAHL PLACE NW","assessed_value":1334000},{"address":"2803.0 JAMES MOWATT TRAIL SW","assessed_value":290000},{"address":"nan nan","assessed_value":9000},{"address":"nan nan","assessed_value":8000},{"address":"21861.0 98A AVENUE NW","assessed_value":548500},{"address":"nan nan","assessed_value":14500},{"address":"17228.0 81 STREET NW","assessed_value":624500},{"address":"nan nan","assessed_value":4500},{"address":"9433.0 67A AVENUE NW","assessed_value":199000},{"address":"20517.0 128 AVENUE NW","assessed_value":424000},{"address":"nan nan","assessed_value":12500},{"address":"nan nan","assessed_value":4500},{"address":"8209.0 217 STREET NW","assessed_value":314000},{"address":"10811.0 72 AVENUE NW","assessed_value":311000},{"address":"3418.0 CHICKADEE DRIVE NW","assessed_value":707500},{"address":"9862.0 207A STREET NW","assessed_value":467000},{"address":"nan nan","assessed_value":12500},{"address":"415.0 CLAREVIEW ROAD NW","assessed_value":302000},{"address":"1307.0 30 STREET NW","assessed_value":631000},{"address":"nan nan","assessed_value":12000},{"address":"nan nan","assessed_value":5500},{"address":"2908.0 151 AVENUE NW","assessed_value":254500},{"address":"nan nan","assessed_value":12500},{"address":"5370.0 CHAPPELLE ROAD SW","assessed_value":161500},{"address":"11506.0 122 STREET NW","assessed_value":401500},{"address":"22732.0 94B AVENUE NW","assessed_value":589000},{"address":"6005.0 168 AVENUE NW","assessed_value":438500},{"address":"1708.0 27 STREET NW","assessed_value":446500},{"address":"1648.0 DAVIDSON GREEN SW","assessed_value":793500},{"address":"20741.0 98A AVENUE NW","assessed_value":576500},{"address":"9138.0 117 STREET NW","assessed_value":1179500},{"address":"nan nan","assessed_value":40500},{"address":"nan nan","assessed_value":5500},{"address":"2247.0 CASEY CRESCENT SW","assessed_value":426000},{"address":"4845.0 172A AVENUE NW","assessed_value":572500},{"address":"1031.0 173 STREET SW","assessed_value":197500},{"address":"1615.0 18 STREET NW","assessed_value":672000},{"address":"7020.0 NEWSON ROAD NW","assessed_value":475000},{"address":"nan nan","assessed_value":12500},{"address":"nan nan","assessed_value":5500},{"address":"3372.0 CHICKADEE DRIVE NW","assessed_value":528500},{"address":"nan nan","assessed_value":9500},{"address":"903.0 CRYSTALLINA NERA WAY NW","assessed_value":270500},{"address":"12660.0 142 AVENUE NW","assessed_value":218500},{"address":"nan nan","assessed_value":5500},{"address":"5605.0 22 AVENUE SW","assessed_value":582500},{"address":"3403.0 CHICKADEE DRIVE NW","assessed_value":816000},{"address":"9828.0 219 STREET NW","assessed_value":161500},{"address":"5804.0 MULLEN PLACE NW","assessed_value":170500},{"address":"812.0 WELSH DRIVE SW","assessed_value":200500},{"address":"5157.0 CRABAPPLE LINK SW","assessed_value":584500},{"address":"10418.0 81 AVENUE NW","assessed_value":200000},{"address":"nan nan","assessed_value":12500},{"address":"22110.0 89 AVENUE NW","assessed_value":399000},{"address":"nan nan","assessed_value":14500},{"address":"320.0 AMBLESIDE LINK SW","assessed_value":203500},{"address":"4008.0 SAVARYN DRIVE SW","assessed_value":218000},{"address":"10126.0 144 STREET NW","assessed_value":271500},{"address":"1510.0 WATT DRIVE SW","assessed_value":161500},{"address":"nan nan","assessed_value":12500},{"address":"2212.0 GLENRIDDING BOULEVARD SW","assessed_value":379500},{"address":"3207.0 11 AVENUE NW","assessed_value":505500},{"address":"17856.0 9 AVENUE SW","assessed_value":601000},{"address":"5510.0 SCHONSEE DRIVE NW","assessed_value":206000},{"address":"nan nan","assessed_value":12000},{"address":"719.0 180 STREET SW","assessed_value":919500},{"address":"11969.0 JASPER AVENUE NW","assessed_value":427500},{"address":"357.0 DESROCHERS BOULEVARD SW","assessed_value":423500},{"address":"10226.0 104 STREET NW","assessed_value":210000},{"address":"1359.0 ADAMSON DRIVE SW","assessed_value":635000},{"address":"2256.0 GLENRIDDING BOULEVARD SW","assessed_value":384000},{"address":"4652.0 CHARLES WAY SW","assessed_value":819000},{"address":"2560.0 PEGASUS BOULEVARD NW","assessed_value":251500},{"address":"1120.0 31 STREET NW","assessed_value":545500},{"address":"4029.0 ORCHARDS DRIVE SW","assessed_value":289500},{"address":"nan nan","assessed_value":9000},{"address":"8605.0 121 AVENUE NW","assessed_value":178000},{"address":"6520.0 2 AVENUE SW","assessed_value":262500},{"address":"nan nan","assessed_value":12500},{"address":"3230.0 CHERNOWSKI WAY SW","assessed_value":525000},{"address":"12815.0 CUMBERLAND ROAD NW","assessed_value":235000},{"address":"5849.0 ANTHONY CRESCENT SW","assessed_value":398000},{"address":"1214.0 WAHL COURT NW","assessed_value":1020500},{"address":"nan nan","assessed_value":12000},{"address":"nan nan","assessed_value":8000},{"address":"5810.0 MULLEN PLACE NW","assessed_value":153500},{"address":"2756.0 COUGHLAN GREEN SW","assessed_value":431000},{"address":"4112.0 KENNEDY GREEN SW","assessed_value":834500},{"address":"5151.0 WINDERMERE BOULEVARD SW","assessed_value":367000},{"address":"nan nan","assessed_value":10500},{"address":"10811.0 72 AVENUE NW","assessed_value":307000},{"address":"nan nan","assessed_value":12000},{"address":"812.0 WELSH DRIVE SW","assessed_value":191500},{"address":"nan nan","assessed_value":9500},{"address":"107.0 WATT COMMON SW","assessed_value":148500},{"address":"nan nan","assessed_value":40500},{"address":"4331.0 126B AVENUE NW","assessed_value":495500},{"address":"3670.0 139 AVENUE NW","assessed_value":216000},{"address":"9519.0 160 AVENUE NW","assessed_value":184000},{"address":"9017.0 217 STREET NW","assessed_value":440000},{"address":"6460.0 ELSTON LOOP NW","assessed_value":571500},{"address":"4140.0 KENNEDY GREEN SW","assessed_value":951500},{"address":"2612.0 11 STREET NW","assessed_value":617000},{"address":"4050.0 SAVARYN DRIVE SW","assessed_value":296500},{"address":"8504.0 24 AVENUE SW","assessed_value":489500},{"address":"nan nan","assessed_value":9000},{"address":"nan nan","assessed_value":10500},{"address":"11318.0 78 AVENUE NW","assessed_value":681500},{"address":"836.0 EAGLESON LINK NW","assessed_value":469500},{"address":"1293.0 DANIELS CRESCENT SW","assessed_value":463000},{"address":"3305.0 ORCHARDS LINK SW","assessed_value":283000},{"address":"4415.0 6 STREET NW","assessed_value":437000},{"address":"2544.0 CASEY WAY SW","assessed_value":397000},{"address":"17032.0 62 STREET NW","assessed_value":683500},{"address":"2878.0 KOSHAL CRESCENT SW","assessed_value":486500},{"address":"2512.0 22 AVENUE NW","assessed_value":514000},{"address":"579.0 ORCHARDS BOULEVARD SW","assessed_value":231500},{"address":"15709.0 139 STREET NW","assessed_value":268000},{"address":"1276.0 PEREGRINE TERRACE NW","assessed_value":615500},{"address":"nan nan","assessed_value":4500},{"address":"5228.0 CRABAPPLE LINK SW","assessed_value":463500},{"address":"8441.0 CUSHING COURT SW","assessed_value":472000},{"address":"nan nan","assessed_value":5500},{"address":"5185.0 CHAPPELLE ROAD SW","assessed_value":386000},{"address":"20712.0 99 AVENUE NW","assessed_value":441000},{"address":"12616.0 44 STREET NW","assessed_value":159500},{"address":"6712.0 106 STREET NW","assessed_value":424000},{"address":"17303.0 78 STREET NW","assessed_value":523000},{"address":"320.0 SECORD BOULEVARD NW","assessed_value":301000},{"address":"9867.0 224 STREET NW","assessed_value":618500},{"address":"5810.0 MULLEN PLACE NW","assessed_value":191500},{"address":"10720.0 69 AVENUE NW","assessed_value":573500},{"address":"2635.0 21 AVENUE NW","assessed_value":511500},{"address":"10226.0 104 STREET NW","assessed_value":295500},{"address":"2621.0 21A AVENUE NW","assessed_value":783000},{"address":"1144.0 ADAMSON DRIVE SW","assessed_value":214500},{"address":"7385.0 EDGEMONT WAY NW","assessed_value":291000},{"address":"348.0 WINDERMERE ROAD NW","assessed_value":196500},{"address":"8003.0 EVANS CRESCENT NW","assessed_value":615500},{"address":"nan nan","assessed_value":12500},{"address":"20920.0 96 AVENUE NW","assessed_value":487500},{"address":"5816.0 MULLEN PLACE NW","assessed_value":176000},{"address":"2311.0 86 STREET SW","assessed_value":507500},{"address":"773.0 EAGLESON CRESCENT NW","assessed_value":405000},{"address":"13124.0 208 STREET NW","assessed_value":553000},{"address":"459.0 ORCHARDS BOULEVARD SW","assessed_value":424500},{"address":"nan nan","assessed_value":8000},{"address":"8598.0 CUSHING PLACE SW","assessed_value":484500},{"address":"316.0 WINDERMERE ROAD NW","assessed_value":352500},{"address":"1231.0 CHAPPELLE BOULEVARD SW","assessed_value":420000},{"address":"104.0 ALLARD LINK SW","assessed_value":452000},{"address":"nan nan","assessed_value":8500},{"address":"111.0 WATT COMMON SW","assessed_value":193500},{"address":"723.0 172 STREET SW","assessed_value":336000},{"address":"5510.0 SCHONSEE DRIVE NW","assessed_value":184000},{"address":"6524.0 ELSTON LOOP NW","assessed_value":575500},{"address":"nan nan","assessed_value":8000},{"address":"nan nan","assessed_value":5500},{"address":"nan nan","assessed_value":6000},{"address":"12616.0 122 AVENUE NW","assessed_value":326000},{"address":"3704.0 WEIDLE CRESCENT SW","assessed_value":413000},{"address":"1238.0 163 STREET SW","assessed_value":433000},{"address":"1587.0 TAMARACK BOULEVARD NW","assessed_value":404000},{"address":"8568.0 CUSHING PLACE SW","assessed_value":405500},{"address":"nan nan","assessed_value":8000},{"address":"8407.0 CUSHING COURT SW","assessed_value":401500},{"address":"8104.0 GOURLAY PLACE NW","assessed_value":638000},{"address":"797.0 WINDERMERE WYND NW","assessed_value":660500},{"address":"3813.0 WEIDLE CRESCENT SW","assessed_value":494500},{"address":"487.0 EBBERS WAY NW","assessed_value":425000},{"address":"1511.0 TAMARACK BOULEVARD NW","assessed_value":407500},{"address":"16537.0 130A STREET NW","assessed_value":325500},{"address":"1712.0 27 STREET NW","assessed_value":404500},{"address":"1144.0 ADAMSON DRIVE NW","assessed_value":269000},{"address":"2803.0 JAMES MOWATT TRAIL SW","assessed_value":306000},{"address":"22820.0 94B AVENUE NW","assessed_value":466000},{"address":"12422.0 89 STREET NW","assessed_value":337000},{"address":"2142.0 KOSHAL WAY SW","assessed_value":621000},{"address":"445.0 BRINTNELL BOULEVARD NW","assessed_value":304000},{"address":"591.0 ORCHARDS BOULEVARD SW","assessed_value":222000},{"address":"5850.0 ANTHONY CRESCENT SW","assessed_value":507000},{"address":"667.0 WATT BOULEVARD SW","assessed_value":179000},{"address":"667.0 WATT BOULEVARD SW","assessed_value":190500},{"address":"655.0 WATT BOULEVARD SW","assessed_value":304000},{"address":"5521.0 7 AVENUE SW","assessed_value":173000},{"address":"3120.0 11 AVENUE NW","assessed_value":608000},{"address":"nan nan","assessed_value":12500},{"address":"315.0 CY BECKER BOULEVARD NW","assessed_value":581000},{"address":"2596.0 COUGHLAN ROAD SW","assessed_value":414500},{"address":"20750.0 98A AVENUE NW","assessed_value":523500},{"address":"21330.0 115 AVENUE NW","assessed_value":23403500},{"address":"nan nan","assessed_value":12000},{"address":"2765.0 COUGHLAN GREEN SW","assessed_value":473000},{"address":"906.0 WOOD PLACE NW","assessed_value":747000},{"address":"318.0 DESROCHERS BOULEVARD SW","assessed_value":394000},{"address":"5151.0 WINDERMERE BOULEVARD SW","assessed_value":227000},{"address":"nan nan","assessed_value":4500},{"address":"1427.0 161 STREET SW","assessed_value":676000},{"address":"nan nan","assessed_value":12000},{"address":"nan nan","assessed_value":10500},{"address":"nan nan","assessed_value":9500},{"address":"18126.0 77 STREET NW","assessed_value":159000},{"address":"957.0 EBBERS CRESCENT NW","assessed_value":423000},{"address":"10238.0 103 STREET NW","assessed_value":308000},{"address":"4008.0 SAVARYN DRIVE SW","assessed_value":232000},{"address":"10508.0 97 STREET NW","assessed_value":4812000},{"address":"3208.0 12 AVENUE NW","assessed_value":630500},{"address":"3210.0 CHERNOWSKI WAY SW","assessed_value":633000},{"address":"4154.0 CHARLES LINK SW","assessed_value":507500},{"address":"1709.0 DUMONT CRESCENT SW","assessed_value":400500},{"address":"9020.0 217 STREET NW","assessed_value":403000},{"address":"4215.0 KENNEDY COURT SW","assessed_value":749000},{"address":"11080.0 ELLERSLIE ROAD SW","assessed_value":270500},{"address":"667.0 WATT BOULEVARD SW","assessed_value":190500},{"address":"nan nan","assessed_value":14500},{"address":"5132.0 CRABAPPLE LINK SW","assessed_value":438000},{"address":"2028.0 88 STREET SW","assessed_value":1115000},{"address":"20503.0 128 AVENUE NW","assessed_value":396500},{"address":"12650.0 142 AVENUE NW","assessed_value":197000},{"address":"6007.0 171 AVENUE NW","assessed_value":639000},{"address":"3624.0 KESWICK BOULEVARD SW","assessed_value":865000},{"address":"1739.0 27 STREET NW","assessed_value":432500},{"address":"7385.0 EDGEMONT WAY NW","assessed_value":311000},{"address":"1707.0 TANAGER CLOSE NW","assessed_value":588500},{"address":"5804.0 MULLEN PLACE NW","assessed_value":174500},{"address":"6043.0 ROSENTHAL WAY NW","assessed_value":566500},{"address":"20746.0 99A AVENUE NW","assessed_value":457000},{"address":"nan nan","assessed_value":12000},{"address":"10537.0 67 AVENUE NW","assessed_value":561500},{"address":"nan nan","assessed_value":9000},{"address":"820.0 177 STREET SW","assessed_value":742500},{"address":"2222.0 CASEY CRESCENT SW","assessed_value":425000},{"address":"2353.0 CASSIDY WAY SW","assessed_value":513000},{"address":"10226.0 104 STREET NW","assessed_value":286500},{"address":"1707.0 158 STREET SW","assessed_value":591500},{"address":"5521.0 7 AVENUE SW","assessed_value":187500},{"address":"2525.0 CASEY WAY SW","assessed_value":466500},{"address":"1416.0 25 AVENUE NW","assessed_value":410500},{"address":"nan nan","assessed_value":12500},{"address":"2003.0 RABBIT HILL ROAD NW","assessed_value":375500},{"address":"1327.0 30 STREET NW","assessed_value":530000},{"address":"nan nan","assessed_value":6000},{"address":"2665.0 SIR ARTHUR CURRIE WAY NW","assessed_value":344500},{"address":"15709.0 139 STREET NW","assessed_value":213500},{"address":"nan nan","assessed_value":12000},{"address":"nan nan","assessed_value":12500},{"address":"2274.0 CASEY CRESCENT SW","assessed_value":422500},{"address":"3627.0 HUMMINGBIRD WAY NW","assessed_value":411000},{"address":"6816.0 EVANS WYND NW","assessed_value":458000},{"address":"4519.0 126 AVENUE NW","assessed_value":130500},{"address":"2229.0 44 AVENUE NW","assessed_value":191500},{"address":"5151.0 WINDERMERE BOULEVARD SW","assessed_value":228500},{"address":"1719.0 163 STREET SW","assessed_value":656500},{"address":"5816.0 MULLEN PLACE NW","assessed_value":168500},{"address":"2614.0 CASEY WAY SW","assessed_value":384500},{"address":"5948.0 174 AVENUE NW","assessed_value":511500},{"address":"2229.0 44 AVENUE NW","assessed_value":186500},{"address":"2841.0 KOSHAL CRESCENT SW","assessed_value":466000},{"address":"3368.0 ORCHARDS LINK SW","assessed_value":461500},{"address":"18126.0 77 STREET NW","assessed_value":154000},{"address":"415.0 CLAREVIEW ROAD NW","assessed_value":287000},{"address":"nan nan","assessed_value":9500},{"address":"270.0 MCCONACHIE DRIVE NW","assessed_value":150000},{"address":"274.0 MCCONACHIE DRIVE NW","assessed_value":155500},{"address":"nan nan","assessed_value":10000},{"address":"1510.0 WATT DRIVE SW","assessed_value":207000},{"address":"nan nan","assessed_value":8500},{"address":"12650.0 142 AVENUE NW","assessed_value":196000},{"address":"16803.0 14 AVENUE SW","assessed_value":432500},{"address":"1636.0 19 STREET NW","assessed_value":731000},{"address":"12323.0 176 AVENUE NW","assessed_value":696500},{"address":"275.0 DESROCHERS BOULEVARD SW","assessed_value":395500},{"address":"270.0 MCCONACHIE DRIVE NW","assessed_value":166000},{"address":"nan nan","assessed_value":10500},{"address":"22123.0 88 AVENUE NW","assessed_value":458000},{"address":"nan nan","assessed_value":12500},{"address":"nan nan","assessed_value":4500},{"address":"421.0 40 AVENUE NW","assessed_value":399000},{"address":"503.0 ALBANY WAY NW","assessed_value":275500},{"address":"2021.0 ROCHESTER AVENUE NW","assessed_value":759500},{"address":"320.0 AMBLESIDE LINK SW","assessed_value":251000},{"address":"nan nan","assessed_value":41000},{"address":"5816.0 MULLEN PLACE NW","assessed_value":139500},{"address":"5904.0 ANTHONY CRESCENT SW","assessed_value":463500},{"address":"1302.0 CLEMENT COURT NW","assessed_value":500},{"address":"nan nan","assessed_value":14500},{"address":"11710.0 87 AVENUE NW","assessed_value":627500},{"address":"6890.0 EVANS WYND NW","assessed_value":402000},{"address":"5810.0 MULLEN PLACE NW","assessed_value":139500},{"address":"1569.0 TAMARACK BOULEVARD NW","assessed_value":494500},{"address":"2415.0 18 AVENUE NW","assessed_value":458000},{"address":"504.0 GRIESBACH PARADE NW","assessed_value":237500},{"address":"3830.0 171A AVENUE NW","assessed_value":454000},{"address":"nan nan","assessed_value":6000},{"address":"236.0 HAWKS RIDGE BOULEVARD NW","assessed_value":426500},{"address":"5540.0 WINDERMERE BOULEVARD NW","assessed_value":326500},{"address":"4847.0 173 AVENUE NW","assessed_value":435500},{"address":"5420.0 136 AVENUE NW","assessed_value":388500},{"address":"5836.0 ANTHONY CRESCENT SW","assessed_value":489000},{"address":"5151.0 WINDERMERE BOULEVARD SW","assessed_value":229000},{"address":"nan nan","assessed_value":8000},{"address":"2570.0 COUGHLAN ROAD SW","assessed_value":419500},{"address":"8106.0 83 AVENUE NW","assessed_value":286000},{"address":"9151.0 COOPER CRESCENT SW","assessed_value":465000},{"address":"1215.0 25 AVENUE NW","assessed_value":544500},{"address":"nan nan","assessed_value":8500},{"address":"nan nan","assessed_value":9000},{"address":"20756.0 99 AVENUE NW","assessed_value":415000},{"address":"9535.0 217 STREET NW","assessed_value":303500},{"address":"nan nan","assessed_value":8000},{"address":"14217.0 101 AVENUE NW","assessed_value":802000},{"address":"2931.0 11 STREET NW","assessed_value":651000},{"address":"nan nan","assessed_value":9500},{"address":"nan nan","assessed_value":40500},{"address":"1813.0 27 STREET NW","assessed_value":426000},{"address":"1103.0 GYRFALCON CRESCENT NW","assessed_value":735000},{"address":"nan nan","assessed_value":40500},{"address":"804.0 WELSH DRIVE SW","assessed_value":373000},{"address":"9178.0 COOPER CRESCENT SW","assessed_value":503000},{"address":"nan nan","assessed_value":4500},{"address":"2905.0 141 STREET SW","assessed_value":306000},{"address":"1071.0 EBY ROAD SW","assessed_value":2004000},{"address":"5808.0 19 AVENUE SW","assessed_value":613000},{"address":"4008.0 SAVARYN DRIVE SW","assessed_value":233000},{"address":"nan nan","assessed_value":41000},{"address":"nan nan","assessed_value":8500},{"address":"3338.0 15A AVENUE NW","assessed_value":321500},{"address":"9460.0 230 STREET NW","assessed_value":412000},{"address":"440.0 42 AVENUE NW","assessed_value":644000},{"address":"nan nan","assessed_value":8000},{"address":"7385.0 EDGEMONT WAY NW","assessed_value":311000},{"address":"nan nan","assessed_value":8000},{"address":"8135.0 225 STREET NW","assessed_value":475500},{"address":"15607.0 128 AVENUE NW","assessed_value":4703500},{"address":"22725.0 94A AVENUE NW","assessed_value":584500},{"address":"11305.0 130 STREET NW","assessed_value":558000},{"address":"nan nan","assessed_value":40500},{"address":"9219.0 156 AVENUE NW","assessed_value":118500},{"address":"nan nan","assessed_value":8000},{"address":"2215.0 24 STREET NW","assessed_value":329500},{"address":"8525.0 91 STREET NW","assessed_value":391000},{"address":"1768.0 BOWNESS WYND SW","assessed_value":962000},{"address":"5151.0 WINDERMERE BOULEVARD SW","assessed_value":223500},{"address":"17035.0 38 STREET NW","assessed_value":416500},{"address":"2134.0 KOSHAL WAY SW","assessed_value":583000},{"address":"nan nan","assessed_value":40500},{"address":"nan nan","assessed_value":350500},{"address":"2306.0 KELLY CIRCLE SW","assessed_value":696000},{"address":"nan nan","assessed_value":9000},{"address":"10606.0 84 AVENUE NW","assessed_value":360000},{"address":"3831.0 170 AVENUE NW","assessed_value":403500},{"address":"nan nan","assessed_value":4500},{"address":"12118.0 85 STREET NW","assessed_value":356500},{"address":"804.0 WELSH DRIVE SW","assessed_value":295500},{"address":"1144.0 ADAMSON DRIVE SW","assessed_value":197000},{"address":"812.0 WELSH DRIVE SW","assessed_value":189500},{"address":"17563.0 122 STREET NW","assessed_value":706000},{"address":"5151.0 WINDERMERE BOULEVARD SW","assessed_value":233000},{"address":"10163.0 109 STREET NW","assessed_value":719500},{"address":"9425.0 230 STREET NW","assessed_value":392500},{"address":"1967.0 ADAMSON TERRACE SW","assessed_value":715000},{"address":"5106.0 22 AVENUE SW","assessed_value":400000},{"address":"1603.0 167 STREET SW","assessed_value":437500},{"address":"2768.0 COUGHLAN GREEN SW","assessed_value":431500},{"address":"nan nan","assessed_value":12500},{"address":"nan nan","assessed_value":8500},{"address":"nan nan","assessed_value":10500},{"address":"nan nan","assessed_value":6000},{"address":"nan nan","assessed_value":4500},{"address":"1207.0 164 STREET SW","assessed_value":581000},{"address":"5510.0 SCHONSEE DRIVE NW","assessed_value":151000},{"address":"3718.0 8 AVENUE SW","assessed_value":463500},{"address":"nan nan","assessed_value":9500},{"address":"10226.0 104 STREET NW","assessed_value":198500},{"address":"10322.0 142 STREET NW","assessed_value":460000},{"address":"3207.0 JAMES MOWATT TRAIL SW","assessed_value":187000},{"address":"4029.0 ORCHARDS DRIVE SW","assessed_value":292000},{"address":"4318.0 KENNEDY BAY SW","assessed_value":614500},{"address":"1021.0 WALKOWSKI PLACE NW","assessed_value":891500},{"address":"2003.0 RABBIT HILL ROAD NW","assessed_value":375500},{"address":"nan nan","assessed_value":336500},{"address":"903.0 CRYSTALLINA NERA WAY NW","assessed_value":324500},{"address":"nan nan","assessed_value":12000},{"address":"3005.0 CHECKNITA WAY SW","assessed_value":429000},{"address":"17719.0 13 AVENUE SW","assessed_value":410000},{"address":"nan nan","assessed_value":12500},{"address":"205.0 GRIESBACH ROAD NW","assessed_value":450000},{"address":"nan nan","assessed_value":12500},{"address":"3527.0 8 STREET NW","assessed_value":627000},{"address":"819.0 176 STREET SW","assessed_value":687000},{"address":"12038.0 67 STREET NW","assessed_value":383000},{"address":"9433.0 67A AVENUE NW","assessed_value":190500},{"address":"3625.0 144 AVENUE NW","assessed_value":283500},{"address":"11437.0 125 STREET NW","assessed_value":507000},{"address":"10942.0 68 AVENUE NW","assessed_value":642000},{"address":"2520.0 19A AVENUE NW","assessed_value":436000},{"address":"4024.0 3 STREET NW","assessed_value":478500},{"address":"nan nan","assessed_value":12500},{"address":"4426.0 6A STREET NW","assessed_value":426000},{"address":"1909.0 15 AVENUE NW","assessed_value":475000},{"address":"12505.0 111 AVENUE NW","assessed_value":2718000},{"address":"nan nan","assessed_value":12000},{"address":"2931.0 KOSTASH DRIVE SW","assessed_value":595500},{"address":"4013.0 171A AVENUE NW","assessed_value":554000},{"address":"215.0 GRIESBACH ROAD NW","assessed_value":450000},{"address":"nan nan","assessed_value":4500},{"address":"11080.0 ELLERSLIE ROAD SW","assessed_value":190500},{"address":"10421.0 82 STREET NW","assessed_value":613000},{"address":"1745.0 TANAGER CLOSE NW","assessed_value":626000},{"address":"nan nan","assessed_value":12500},{"address":"nan nan","assessed_value":8000},{"address":"nan nan","assessed_value":12000},{"address":"nan nan","assessed_value":14500},{"address":"nan nan","assessed_value":10500},{"address":"5370.0 CHAPPELLE ROAD SW","assessed_value":149000},{"address":"1040.0 COOPERS HAWK LINK NW","assessed_value":537500},{"address":"344.0 WINDERMERE ROAD NW","assessed_value":164500},{"address":"5234.0 CRABAPPLE LINK SW","assessed_value":413000},{"address":"903.0 CRYSTALLINA NERA WAY NW","assessed_value":310500},{"address":"11419.0 82 STREET NW","assessed_value":300500},{"address":"1215.0 24 AVENUE NW","assessed_value":743500},{"address":"nan nan","assessed_value":4500},{"address":"5461.0 ALLBRIGHT SQUARE SW","assessed_value":607000},{"address":"5425.0 ALLBRIGHT SQUARE SW","assessed_value":659000},{"address":"4303.0 KENNEDY BAY SW","assessed_value":1069500},{"address":"503.0 ALBANY WAY NW","assessed_value":248500},{"address":"1287.0 DANIELS CRESCENT SW","assessed_value":421500},{"address":"nan nan","assessed_value":40500},{"address":"nan nan","assessed_value":8500},{"address":"3616.0 8 STREET NW","assessed_value":593000},{"address":"8768.0 223 STREET NW","assessed_value":423500},{"address":"1358.0 WATT DRIVE SW","assessed_value":387000},{"address":"nan nan","assessed_value":9000},{"address":"3646.0 HUMMINGBIRD WAY NW","assessed_value":590500},{"address":"3112.0 12 AVENUE NW","assessed_value":554000},{"address":"804.0 WELSH DRIVE SW","assessed_value":293000},{"address":"2778.0 COUGHLAN GREEN SW","assessed_value":420500},{"address":"17805.0 9A AVENUE SW","assessed_value":878000},{"address":"8827.0 223 STREET NW","assessed_value":467000},{"address":"4806.0 172A AVENUE NW","assessed_value":528500},{"address":"11080.0 ELLERSLIE ROAD SW","assessed_value":242500},{"address":"21838.0 98A AVENUE NW","assessed_value":461500},{"address":"17131.0 38 STREET NW","assessed_value":420500},{"address":"nan nan","assessed_value":40500},{"address":"17355.0 49 STREET NW","assessed_value":499000},{"address":"270.0 MCCONACHIE DRIVE NW","assessed_value":160000},{"address":"723.0 172 STREET SW","assessed_value":342500},{"address":"3812.0 WEIDLE CRESCENT SW","assessed_value":405000},{"address":"399.0 ORCHARDS BOULEVARD SW","assessed_value":375000},{"address":"nan nan","assessed_value":9000},{"address":"571.0 MERLIN LANDING NW","assessed_value":811500},{"address":"4315.0 126 AVENUE NW","assessed_value":149000},{"address":"1732.0 KEENE CRESCENT SW","assessed_value":366000},{"address":"5521.0 7 AVENUE SW","assessed_value":145000},{"address":"17704.0 58 STREET NW","assessed_value":451500},{"address":"17216.0 81 STREET NW","assessed_value":571500},{"address":"nan nan","assessed_value":12000},{"address":"nan nan","assessed_value":4500},{"address":"7385.0 EDGEMONT WAY NW","assessed_value":309500},{"address":"2650.0 MAPLE WAY NW","assessed_value":449500},{"address":"2215.0 24 STREET NW","assessed_value":318000},{"address":"1217.0 164A STREET SW","assessed_value":855500},{"address":"9816.0 223 STREET NW","assessed_value":662000},{"address":"3694.0 HUMMINGBIRD WAY NW","assessed_value":684500},{"address":"3625.0 144 AVENUE NW","assessed_value":298500},{"address":"10754.0 76 AVENUE NW","assessed_value":443000},{"address":"nan nan","assessed_value":10500},{"address":"2113.0 57 STREET SW","assessed_value":785000},{"address":"nan nan","assessed_value":12500},{"address":"nan nan","assessed_value":12000},{"address":"14621.0 121 STREET NW","assessed_value":295500},{"address":"nan nan","assessed_value":8500},{"address":"20731.0 99 AVENUE NW","assessed_value":492500},{"address":"8209.0 217 STREET NW","assessed_value":321500},{"address":"nan nan","assessed_value":12000},{"address":"5428.0 ALLBRIGHT SQUARE SW","assessed_value":629000},{"address":"3315.0 JAMES MOWATT TRAIL SW","assessed_value":194000},{"address":"15709.0 139 STREET NW","assessed_value":220500},{"address":"1090.0 SECORD PROMENADE NW","assessed_value":610000},{"address":"1740.0 27 STREET NW","assessed_value":442000},{"address":"604.0 MCALLISTER LOOP SW","assessed_value":579500},{"address":"2229.0 44 AVENUE NW","assessed_value":220000},{"address":"nan nan","assessed_value":6000},{"address":"2219.0 GLENRIDDING BOULEVARD SW","assessed_value":370500},{"address":"816.0 35 AVENUE NW","assessed_value":472000},{"address":"nan nan","assessed_value":12500},{"address":"2435.0 18 AVENUE NW","assessed_value":565500},{"address":"7385.0 EDGEMONT WAY SW","assessed_value":314000},{"address":"8054.0 EVANS CRESCENT NW","assessed_value":455000},{"address":"7503.0 GETTY GATE NW","assessed_value":307000},{"address":"550.0 MERLIN LANDING NW","assessed_value":16500},{"address":"12031.0 77 STREET NW","assessed_value":276000},{"address":"1307.0 CLEMENT COURT NW","assessed_value":1108000},{"address":"2120.0 86 STREET SW","assessed_value":398000},{"address":"8067.0 CHAPPELLE WAY SW","assessed_value":394000},{"address":"nan nan","assessed_value":12000},{"address":"107.0 WATT COMMON SW","assessed_value":231500},{"address":"nan nan","assessed_value":12500},{"address":"2844.0 KOSHAL CRESCENT SW","assessed_value":434500},{"address":"12316.0 177 AVENUE NW","assessed_value":508000},{"address":"904.0 180 STREET SW","assessed_value":888000},{"address":"18126.0 77 STREET NW","assessed_value":166500},{"address":"nan nan","assessed_value":9000},{"address":"8934.0 78 AVENUE NW","assessed_value":563500},{"address":"1435.0 29 STREET NW","assessed_value":828500},{"address":"2215.0 22 STREET NW","assessed_value":856000},{"address":"nan nan","assessed_value":4500},{"address":"212.0 41 AVENUE NW","assessed_value":559500},{"address":"515.0 CRYSTALLINA NERA DRIVE NW","assessed_value":363500},{"address":"7503.0 GETTY GATE NW","assessed_value":307000},{"address":"nan nan","assessed_value":12500},{"address":"2025.0 ROCHESTER AVENUE NW","assessed_value":679500},{"address":"9517.0 160 AVENUE NW","assessed_value":201500},{"address":"nan nan","assessed_value":40500},{"address":"nan nan","assessed_value":12000},{"address":"nan nan","assessed_value":12500},{"address":"14621.0 121 STREET NW","assessed_value":301500},{"address":"12360.0 176 AVENUE NW","assessed_value":575500},{"address":"824.0 179 STREET SW","assessed_value":586000},{"address":"10226.0 104 STREET NW","assessed_value":263500},{"address":"860.0 34 AVENUE NW","assessed_value":436500},{"address":"7385.0 EDGEMONT WAY NW","assessed_value":248000},{"address":"4205.0 KENNEDY COURT SW","assessed_value":741500},{"address":"16339.0 18 AVENUE SW","assessed_value":772500},{"address":"5317.0 22 AVENUE SW","assessed_value":428500},{"address":"4050.0 SAVARYN DRIVE SW","assessed_value":307000},{"address":"nan nan","assessed_value":10000},{"address":"3670.0 139 AVENUE NW","assessed_value":207000},{"address":"161.0 HAYS RIDGE BOULEVARD SW","assessed_value":541000},{"address":"nan nan","assessed_value":10500},{"address":"4020.0 BLACKBIRD LINK NW","assessed_value":377500},{"address":"1510.0 WATT DRIVE SW","assessed_value":175500},{"address":"2110.0 AUXIER COURT SW","assessed_value":795000},{"address":"nan nan","assessed_value":5500},{"address":"1144.0 ADAMSON DRIVE SW","assessed_value":217000},{"address":"3605.0 HUMMINGBIRD WAY NW","assessed_value":404500},{"address":"nan nan","assessed_value":6000},{"address":"nan nan","assessed_value":8000},{"address":"12308.0 177 AVENUE NW","assessed_value":536000},{"address":"2671.0 MAPLE WAY NW","assessed_value":386500},{"address":"nan nan","assessed_value":10500},{"address":"nan nan","assessed_value":12000},{"address":"nan nan","assessed_value":9500},{"address":"4804.0 CHARLES COURT SW","assessed_value":845500},{"address":"nan nan","assessed_value":8000},{"address":"12650.0 142 AVENUE NW","assessed_value":204500},{"address":"17351.0 49 STREET NW","assessed_value":425000},{"address":"nan nan","assessed_value":6000},{"address":"3466.0 KESWICK BOULEVARD SW","assessed_value":2677500},{"address":"9832.0 217 STREET NW","assessed_value":467000},{"address":"3007.0 14 AVENUE NW","assessed_value":435500},{"address":"12650.0 142 AVENUE NW","assessed_value":219500},{"address":"1731.0 158 STREET SW","assessed_value":589000},{"address":"3532.0 9 STREET NW","assessed_value":431500},{"address":"5390.0 CHAPPELLE ROAD SW","assessed_value":205000},{"address":"1707.0 168 STREET SW","assessed_value":609000},{"address":"nan nan","assessed_value":8000},{"address":"3670.0 139 AVENUE NW","assessed_value":148000},{"address":"274.0 MCCONACHIE DRIVE NW","assessed_value":171000},{"address":"nan nan","assessed_value":12000},{"address":"10226.0 104 STREET NW","assessed_value":268000},{"address":"17320.0 9 AVENUE SW","assessed_value":673000},{"address":"15508.0 91 STREET NW","assessed_value":22500},{"address":"3024.0 15 AVENUE NW","assessed_value":379500},{"address":"nan nan","assessed_value":12000},{"address":"3231.0 CHERNOWSKI WAY SW","assessed_value":593000},{"address":"nan nan","assessed_value":9000},{"address":"1203.0 WAHL COURT NW","assessed_value":1026000},{"address":"239.0 42 AVENUE NW","assessed_value":494500},{"address":"5964.0 168 AVENUE NW","assessed_value":449500},{"address":"2229.0 44 AVENUE NW","assessed_value":214500},{"address":"nan nan","assessed_value":8500},{"address":"6919.0 JOHNNIE CAINE WAY NW","assessed_value":626000},{"address":"3315.0 JAMES MOWATT TRAIL SW","assessed_value":131500},{"address":"nan nan","assessed_value":4500},{"address":"2619.0 11 STREET NW","assessed_value":575500},{"address":"12650.0 142 AVENUE NW","assessed_value":201000},{"address":"5151.0 WINDERMERE BOULEVARD SW","assessed_value":303500},{"address":"nan nan","assessed_value":12500},{"address":"nan nan","assessed_value":4500},{"address":"17835.0 61 STREET NW","assessed_value":496500},{"address":"722.0 CHARLESWORTH WAY SW","assessed_value":556500},{"address":"217.0 CY BECKER BOULEVARD NW","assessed_value":463000},{"address":"18126.0 77 STREET NW","assessed_value":161000},{"address":"nan nan","assessed_value":9000},{"address":"5804.0 MULLEN PLACE NW","assessed_value":204000},{"address":"705.0 EBBERS PLACE NW","assessed_value":642500},{"address":"743.0 EAGLESON CRESCENT NW","assessed_value":442000},{"address":"812.0 WELSH DRIVE SW","assessed_value":197500},{"address":"1321.0 32A STREET NW","assessed_value":692500},{"address":"17013.0 62 STREET NW","assessed_value":685000},{"address":"5515.0 7 AVENUE SW","assessed_value":194000},{"address":"8903.0 217 STREET NW","assessed_value":472000},{"address":"934.0 EAST GATE NW","assessed_value":405000},{"address":"2614.0 16 STREET NW","assessed_value":388500},{"address":"nan nan","assessed_value":40500},{"address":"nan nan","assessed_value":8000},{"address":"10112.0 119 STREET NW","assessed_value":1312500},{"address":"2179.0 KOSHAL WAY SW","assessed_value":578000},{"address":"503.0 ALBANY WAY NW","assessed_value":234500},{"address":"nan nan","assessed_value":12000},{"address":"nan nan","assessed_value":12000},{"address":"5913.0 ANTHONY CRESCENT SW","assessed_value":450000},{"address":"4423.0 5 STREET NW","assessed_value":426000},{"address":"nan nan","assessed_value":5000},{"address":"589.0 MERLIN LANDING NW","assessed_value":954000},{"address":"6078.0 ROSENTHAL WAY NW","assessed_value":373500},{"address":"17020.0 62 STREET NW","assessed_value":627500},{"address":"14302.0 ANTHONY HENDAY DRIVE NW","assessed_value":4500},{"address":"nan nan","assessed_value":8000},{"address":"4469.0 ANNETT COMMON SW","assessed_value":434500},{"address":"17811.0 60 STREET NW","assessed_value":478000},{"address":"8119.0 GOURLAY PLACE NW","assessed_value":631500},{"address":"111.0 WATT COMMON SW","assessed_value":197000},{"address":"nan nan","assessed_value":12000},{"address":"5515.0 7 AVENUE SW","assessed_value":171000},{"address":"4052.0 3 STREET NW","assessed_value":540500},{"address":"6727.0 ELSTON LANE NW","assessed_value":434000},{"address":"8727.0 77 AVENUE NW","assessed_value":563000},{"address":"9865.0 217 STREET NW","assessed_value":363000},{"address":"nan nan","assessed_value":5000},{"address":"17604.0 78 STREET NW","assessed_value":682000},{"address":"nan nan","assessed_value":3000},{"address":"18122.0 77 STREET NW","assessed_value":171000},{"address":"9118.0 83 AVENUE NW","assessed_value":965500},{"address":"3211.0 JAMES MOWATT TRAIL SW","assessed_value":142500},{"address":"nan nan","assessed_value":8500},{"address":"2924.0 15 AVENUE NW","assessed_value":583500},{"address":"nan nan","assessed_value":8000},{"address":"12609.0 45 STREET NW","assessed_value":362000},{"address":"nan nan","assessed_value":12000},{"address":"nan nan","assessed_value":10000},{"address":"20508.0 128 AVENUE NW","assessed_value":434000},{"address":"nan nan","assessed_value":3500},{"address":"1618.0 DAVIDSON GREEN SW","assessed_value":704500},{"address":"nan nan","assessed_value":12000},{"address":"nan nan","assessed_value":12500},{"address":"1235.0 25 AVENUE NW","assessed_value":734500},{"address":"nan nan","assessed_value":12000},{"address":"2124.0 27 STREET NW","assessed_value":764500},{"address":"936.0 WOOD PLACE NW","assessed_value":931000},{"address":"3324.0 11 AVENUE NW","assessed_value":719000},{"address":"nan nan","assessed_value":6000},{"address":"3305.0 ORCHARDS LINK SW","assessed_value":316000},{"address":"nan nan","assessed_value":9000},{"address":"2905.0 141 STREET SW","assessed_value":312500},{"address":"3465.0 KESWICK BOULEVARD SW","assessed_value":353000},{"address":"10222.0 88 STREET NW","assessed_value":859500},{"address":"107.0 WATT COMMON SW","assessed_value":197000},{"address":"2516.0 13 STREET NW","assessed_value":671000},{"address":"1339.0 CHAPPELLE BOULEVARD SW","assessed_value":453000},{"address":"12660.0 142 AVENUE NW","assessed_value":201000},{"address":"348.0 WINDERMERE ROAD NW","assessed_value":138000},{"address":"1537.0 GRAYDON HILL POINT SW","assessed_value":463000},{"address":"1230.0 MCCONACHIE BOULEVARD NW","assessed_value":422000},{"address":"1635.0 DAVIDSON GREEN SW","assessed_value":583500},{"address":"1391.0 STARLING DRIVE NW","assessed_value":270500},{"address":"nan nan","assessed_value":5500},{"address":"2535.0 17 AVENUE NW","assessed_value":723500},{"address":"3711.0 WEIDLE CRESCENT SW","assessed_value":453500},{"address":"1245.0 MCCONACHIE BOULEVARD NW","assessed_value":400500},{"address":"1928.0 24 STREET NW","assessed_value":407000},{"address":"6092.0 ROSENTHAL WAY NW","assessed_value":383000},{"address":"nan nan","assessed_value":12500},{"address":"9841.0 217 STREET NW","assessed_value":396000},{"address":"4516.0 SALY PLACE SW","assessed_value":648500},{"address":"2016.0 CAVANAGH DRIVE SW","assessed_value":379500},{"address":"3625.0 144 AVENUE NW","assessed_value":296000},{"address":"10226.0 104 STREET NW","assessed_value":273000},{"address":"10705.0 154 STREET NW","assessed_value":466000},{"address":"439.0 41 AVENUE NW","assessed_value":650000},{"address":"320.0 SECORD BOULEVARD NW","assessed_value":293000},{"address":"5211.0 20 AVENUE SW","assessed_value":412000},{"address":"nan nan","assessed_value":12000},{"address":"3315.0 JAMES MOWATT TRAIL SW","assessed_value":167000},{"address":"6416.0 174 AVENUE NW","assessed_value":673500},{"address":"5151.0 WINDERMERE BOULEVARD SW","assessed_value":248000},{"address":"5810.0 MULLEN PLACE NW","assessed_value":154500},{"address":"2309.0 90B STREET SW","assessed_value":351500},{"address":"2215.0 CALHOUN LINK SW","assessed_value":602500},{"address":"14715.0 125 STREET NW","assessed_value":331500},{"address":"2936.0 15 AVENUE NW","assessed_value":583500},{"address":"nan nan","assessed_value":8500},{"address":"7853.0 170A AVENUE NW","assessed_value":364000},{"address":"1916.0 27 STREET NW","assessed_value":473500},{"address":"nan nan","assessed_value":12500},{"address":"nan nan","assessed_value":12000},{"address":"9151.0 SHAW WAY SW","assessed_value":277000},{"address":"13607.0 102 AVENUE NW","assessed_value":859500},{"address":"nan nan","assessed_value":4500},{"address":"2510.0 CASEY WAY SW","assessed_value":429000},{"address":"5203.0 149 AVENUE NW","assessed_value":271500},{"address":"5810.0 MULLEN PLACE NW","assessed_value":201500},{"address":"nan nan","assessed_value":5500},{"address":"274.0 MCCONACHIE DRIVE NW","assessed_value":151000},{"address":"274.0 MCCONACHIE DRIVE NW","assessed_value":146000},{"address":"13119.0 208 STREET NW","assessed_value":611000},{"address":"344.0 WINDERMERE ROAD NW","assessed_value":196000},{"address":"17514.0 61A STREET NW","assessed_value":641000},{"address":"nan nan","assessed_value":12500},{"address":"11969.0 JASPER AVENUE NW","assessed_value":564000},{"address":"nan nan","assessed_value":12000},{"address":"17107.0 81 STREET NW","assessed_value":578500},{"address":"nan nan","assessed_value":6000},{"address":"nan nan","assessed_value":12000},{"address":"10305.0 108 AVENUE NW","assessed_value":64000},{"address":"1144.0 ADAMSON DRIVE SW","assessed_value":243000},{"address":"17222.0 9 AVENUE SW","assessed_value":611500},{"address":"1507.0 158 STREET SW","assessed_value":738000},{"address":"9151.0 SHAW WAY SW","assessed_value":276500},{"address":"5859.0 ANTHONY CRESCENT SW","assessed_value":385500},{"address":"10829.0 63 AVENUE NW","assessed_value":562500},{"address":"5390.0 CHAPPELLE ROAD SW","assessed_value":163000},{"address":"nan nan","assessed_value":9500},{"address":"nan nan","assessed_value":12000},{"address":"3670.0 139 AVENUE NW","assessed_value":255000},{"address":"15118.0 102 AVENUE NW","assessed_value":304500},{"address":"907.0 177 STREET SW","assessed_value":721000},{"address":"1030.0 WALKOWSKI PLACE NW","assessed_value":914500},{"address":"22208.0 88 AVENUE NW","assessed_value":511000},{"address":"nan nan","assessed_value":12000},{"address":"11513.0 24 AVENUE NW","assessed_value":479000},{"address":"3105.0 11 AVENUE NW","assessed_value":440500},{"address":"nan nan","assessed_value":8000},{"address":"107.0 WATT COMMON SW","assessed_value":217000},{"address":"5804.0 MULLEN PLACE NW","assessed_value":168500},{"address":"1031.0 173 STREET SW","assessed_value":165500},{"address":"nan nan","assessed_value":8500},{"address":"3315.0 JAMES MOWATT TRAIL SW","assessed_value":166500},{"address":"2620.0 12 STREET NW","assessed_value":549500},{"address":"11136.0 127 STREET NW","assessed_value":514000},{"address":"4473.0 5A STREET NW","assessed_value":720000},{"address":"22516.0 82 AVENUE NW","assessed_value":549500},{"address":"11080.0 ELLERSLIE ROAD SW","assessed_value":253000},{"address":"6712.0 ELSTON LANE NW","assessed_value":589000},{"address":"1263.0 163 STREET SW","assessed_value":399500},{"address":"8440.0 CUSHING COURT SW","assessed_value":548500},{"address":"4019.0 PROWSE LANE SW","assessed_value":404000},{"address":"nan nan","assessed_value":40500},{"address":"nan nan","assessed_value":12500},{"address":"903.0 CRYSTALLINA NERA WAY NW","assessed_value":310500},{"address":"nan nan","assessed_value":12000},{"address":"nan nan","assessed_value":8000},{"address":"7503.0 GETTY GATE NW","assessed_value":307000},{"address":"nan nan","assessed_value":5500},{"address":"16537.0 130A STREET NW","assessed_value":320500},{"address":"6109.0 19A AVENUE SW","assessed_value":598000},{"address":"6012.0 19 AVENUE SW","assessed_value":643000},{"address":"9811.0 225 STREET NW","assessed_value":520000},{"address":"5116.0 22 AVENUE SW","assessed_value":370000},{"address":"311.0 EDGEMONT ROAD NW","assessed_value":400500},{"address":"1523.0 164 STREET SW","assessed_value":672000},{"address":"504.0 GRIESBACH PARADE NW","assessed_value":222500},{"address":"nan nan","assessed_value":12500},{"address":"12218.0 176 AVENUE NW","assessed_value":422500},{"address":"17103.0 65 STREET NW","assessed_value":528500},{"address":"5515.0 7 AVENUE SW","assessed_value":209500},{"address":"2003.0 RABBIT HILL ROAD NW","assessed_value":385000},{"address":"9517.0 160 AVENUE NW","assessed_value":197000},{"address":"17624.0 77 STREET NW","assessed_value":596000},{"address":"nan nan","assessed_value":6000},{"address":"804.0 WELSH DRIVE SW","assessed_value":372500},{"address":"503.0 ALBANY WAY NW","assessed_value":277000},{"address":"nan nan","assessed_value":5500},{"address":"667.0 WATT BOULEVARD SW","assessed_value":185000},{"address":"nan nan","assessed_value":9500},{"address":"5521.0 7 AVENUE SW","assessed_value":195500},{"address":"10836.0 63 AVENUE NW","assessed_value":539500},{"address":"nan nan","assessed_value":12000},{"address":"1287.0 PEREGRINE TERRACE NW","assessed_value":921500},{"address":"nan nan","assessed_value":11000},{"address":"3845.0 170A AVENUE NW","assessed_value":369500},{"address":"2431.0 17 AVENUE NW","assessed_value":667000},{"address":"nan nan","assessed_value":10500},{"address":"11080.0 ELLERSLIE ROAD SW","assessed_value":175500},{"address":"1606.0 33A STREET NW","assessed_value":321500},{"address":"2357.0 CASSIDY WAY SW","assessed_value":590500},{"address":"nan nan","assessed_value":8000},{"address":"8450.0 CUSHING COURT SW","assessed_value":512500},{"address":"nan nan","assessed_value":4500},{"address":"1052.0 EAST BEND NW","assessed_value":492500},{"address":"nan nan","assessed_value":3000},{"address":"6847.0 EVANS WYND NW","assessed_value":432500},{"address":"3211.0 JAMES MOWATT TRAIL SW","assessed_value":215000},{"address":"6060.0 ANDREWS WAY SW","assessed_value":3220000},{"address":"4450.0 ANNETT COMMON SW","assessed_value":411000},{"address":"1921.0 24 STREET NW","assessed_value":405500},{"address":"10850.0 155 STREET NW","assessed_value":428500},{"address":"nan nan","assessed_value":5000},{"address":"1108.0 30 AVENUE NW","assessed_value":428500},{"address":"1505.0 24 STREET NW","assessed_value":394500},{"address":"nan nan","assessed_value":8000},{"address":"nan nan","assessed_value":41000},{"address":"508.0 GRIESBACH PARADE NW","assessed_value":214500},{"address":"3090.0 CAMERON HEIGHTS WAY NW","assessed_value":589000},{"address":"1622.0 164A STREET SW","assessed_value":748000},{"address":"18122.0 77 STREET NW","assessed_value":171000},{"address":"nan nan","assessed_value":6000},{"address":"5804.0 MULLEN PLACE NW","assessed_value":178000},{"address":"111.0 WATT COMMON SW","assessed_value":153500},{"address":"220.0 HAWKS RIDGE BOULEVARD NW","assessed_value":382500},{"address":"4010.0 KENNEDY CLOSE SW","assessed_value":673500},{"address":"1510.0 WATT DRIVE SW","assessed_value":164000},{"address":"7503.0 GETTY GATE NW","assessed_value":304000},{"address":"5816.0 MULLEN PLACE NW","assessed_value":197500},{"address":"5151.0 WINDERMERE BOULEVARD SW","assessed_value":235000},{"address":"8209.0 217 STREET NW","assessed_value":333000},{"address":"4050.0 SAVARYN DRIVE SW","assessed_value":304500},{"address":"12220.0 177 AVENUE NW","assessed_value":580500},{"address":"3621.0 KESWICK BOULEVARD SW","assessed_value":655500},{"address":"7879.0 170A AVENUE NW","assessed_value":361500},{"address":"nan nan","assessed_value":40500},{"address":"270.0 MCCONACHIE DRIVE NW","assessed_value":160000},{"address":"5810.0 MULLEN PLACE NW","assessed_value":163500},{"address":"12307.0 176 AVENUE NW","assessed_value":459500},{"address":"111.0 WATT COMMON SW","assessed_value":151000},{"address":"2214.0 85 STREET SW","assessed_value":437000},{"address":"nan nan","assessed_value":8500},{"address":"nan nan","assessed_value":9000},{"address":"5151.0 WINDERMERE BOULEVARD SW","assessed_value":175000},{"address":"2712.0 COUGHLAN GREEN SW","assessed_value":420500},{"address":"270.0 MCCONACHIE DRIVE NW","assessed_value":146000},{"address":"nan nan","assessed_value":14500},{"address":"17450.0 9A AVENUE SW","assessed_value":779500},{"address":"2216.0 CASEY CRESCENT SW","assessed_value":430500},{"address":"428.0 CRYSTALLINA NERA DRIVE NW","assessed_value":407000},{"address":"6958.0 76 AVENUE NW","assessed_value":185000},{"address":"17905.0 9A AVENUE SW","assessed_value":768500},{"address":"11080.0 ELLERSLIE ROAD SW","assessed_value":249500},{"address":"nan nan","assessed_value":14500},{"address":"274.0 MCCONACHIE DRIVE NW","assessed_value":124000},{"address":"5212.0 22 AVENUE SW","assessed_value":405500},{"address":"9012.0 92 AVENUE NW","assessed_value":504500},{"address":"nan nan","assessed_value":14500},{"address":"1532.0 22 STREET NW","assessed_value":518000},{"address":"nan nan","assessed_value":9500},{"address":"nan nan","assessed_value":6000},{"address":"2921.0 KOSTASH DRIVE SW","assessed_value":627500},{"address":"nan nan","assessed_value":10500},{"address":"12611.0 44 STREET NW","assessed_value":511500},{"address":"nan nan","assessed_value":12500},{"address":"4029.0 ORCHARDS DRIVE SW","assessed_value":292000},{"address":"720.0 40 STREET SW","assessed_value":789000},{"address":"503.0 ALBANY WAY NW","assessed_value":208500},{"address":"2319.0 21 AVENUE NW","assessed_value":646500},{"address":"916.0 174 STREET SW","assessed_value":612000},{"address":"5816.0 MULLEN PLACE NW","assessed_value":170500},{"address":"9433.0 67A AVENUE NW","assessed_value":181000},{"address":"1235.0 MCCONACHIE BOULEVARD NW","assessed_value":404000},{"address":"nan nan","assessed_value":9000},{"address":"17620.0 124 STREET NW","assessed_value":502500},{"address":"8625.0 CUSHING PLACE SW","assessed_value":460500},{"address":"843.0 36 AVENUE NW","assessed_value":476500},{"address":"nan nan","assessed_value":4500},{"address":"18126.0 77 STREET NW","assessed_value":152500},{"address":"2803.0 JAMES MOWATT TRAIL SW","assessed_value":296000},{"address":"nan nan","assessed_value":8500},{"address":"5151.0 WINDERMERE BOULEVARD SW","assessed_value":263500},{"address":"12830.0 207 STREET NW","assessed_value":442500},{"address":"933.0 WOOD PLACE NW","assessed_value":1831000},{"address":"3831.0 WEIDLE CRESCENT SW","assessed_value":474500},{"address":"7111.0 SUMMERSIDE GRANDE BOULEVARD SW","assessed_value":572000},{"address":"nan nan","assessed_value":40500},{"address":"nan nan","assessed_value":8500},{"address":"320.0 AMBLESIDE LINK SW","assessed_value":197500},{"address":"2803.0 JAMES MOWATT TRAIL SW","assessed_value":332500},{"address":"17850.0 9A AVENUE SW","assessed_value":589000},{"address":"nan nan","assessed_value":10500},{"address":"nan nan","assessed_value":10500},{"address":"3625.0 144 AVENUE NW","assessed_value":291000},{"address":"22208.0 89 AVENUE NW","assessed_value":456500},{"address":"320.0 AMBLESIDE LINK SW","assessed_value":206000},{"address":"17360.0 49 STREET NW","assessed_value":432500},{"address":"1027.0 EAST BEND NW","assessed_value":429500},{"address":"nan nan","assessed_value":41000},{"address":"15709.0 139 STREET NW","assessed_value":259500},{"address":"2034.0 57 STREET SW","assessed_value":646500},{"address":"2315.0 21 AVENUE NW","assessed_value":600000},{"address":"2536.0 ORCHARDS WAY SW","assessed_value":400000},{"address":"9420.0 230 STREET NW","assessed_value":428500},{"address":"3315.0 JAMES MOWATT TRAIL SW","assessed_value":152500},{"address":"17848.0 61 STREET NW","assessed_value":462000},{"address":"6115.0 175 AVENUE NW","assessed_value":608000},{"address":"3211.0 JAMES MOWATT TRAIL SW","assessed_value":187500},{"address":"nan nan","assessed_value":12000},{"address":"nan nan","assessed_value":500},{"address":"3315.0 JAMES MOWATT TRAIL SW","assessed_value":149000},{"address":"nan nan","assessed_value":12500},{"address":"10811.0 72 AVENUE NW","assessed_value":297500},{"address":"10532.0 83 STREET NW","assessed_value":614000},{"address":"1508.0 21 STREET NW","assessed_value":467500},{"address":"6110.0 171 AVENUE NW","assessed_value":443000},{"address":"10238.0 103 STREET NW","assessed_value":268000},{"address":"1139.0 26 AVENUE NW","assessed_value":526000},{"address":"11969.0 JASPER AVENUE NW","assessed_value":233000},{"address":"7238.0 MORGAN ROAD NW","assessed_value":733000},{"address":"5810.0 MULLEN PLACE NW","assessed_value":204000},{"address":"905.0 WOOD PLACE NW","assessed_value":1163500},{"address":"nan nan","assessed_value":12000},{"address":"2207.0 21 AVENUE NW","assessed_value":7000},{"address":"nan nan","assessed_value":12500},{"address":"10226.0 104 STREET NW","assessed_value":279000},{"address":"nan nan","assessed_value":12000},{"address":"2115.0 KOSHAL WAY SW","assessed_value":644000},{"address":"5923.0 ANTHONY CRESCENT SW","assessed_value":414500},{"address":"10512.0 136 STREET NW","assessed_value":807000},{"address":"nan nan","assessed_value":5500},{"address":"1208.0 MCCONACHIE BOULEVARD NW","assessed_value":430000},{"address":"16644.0 14 AVENUE SW","assessed_value":716000},{"address":"nan nan","assessed_value":12000},{"address":"2511.0 20 AVENUE NW","assessed_value":465500},{"address":"9517.0 160 AVENUE NW","assessed_value":186500},{"address":"811.0 176 STREET SW","assessed_value":600000},{"address":"2366.0 CASSIDY WAY SW","assessed_value":677000},{"address":"17331.0 49 STREET NW","assessed_value":430000},{"address":"22730.0 94A AVENUE NW","assessed_value":559000},{"address":"7038.0 NEWSON ROAD NW","assessed_value":627500},{"address":"9213.0 COOPER CRESCENT SW","assessed_value":497500},{"address":"8804.0 219 STREET NW","assessed_value":778500},{"address":"17208.0 121 STREET NW","assessed_value":588000},{"address":"nan nan","assessed_value":9500},{"address":"10241.0 146 STREET NW","assessed_value":628500},{"address":"8020.0 173 AVENUE NW","assessed_value":656000},{"address":"nan nan","assessed_value":40500},{"address":"nan nan","assessed_value":9500},{"address":"10238.0 103 STREET NW","assessed_value":337500},{"address":"1053.0 WALKOWSKI PLACE NW","assessed_value":883500},{"address":"2851.0 16 AVENUE NW","assessed_value":430500},{"address":"1008.0 EAST BEND NW","assessed_value":441000},{"address":"nan nan","assessed_value":9500},{"address":"17608.0 78 STREET NW","assessed_value":653500},{"address":"11855.0 MERIDIAN STREET NE","assessed_value":981500},{"address":"5540.0 WINDERMERE BOULEVARD NW","assessed_value":427000},{"address":"2685.0 MAPLE WAY NW","assessed_value":377000},{"address":"8044.0 EVANS CRESCENT NW","assessed_value":470500},{"address":"3823.0 WEIDLE CRESCENT SW","assessed_value":463000},{"address":"5211.0 CRABAPPLE LINK SW","assessed_value":432500},{"address":"5029.0 EDGEMONT BOULEVARD NW","assessed_value":371000},{"address":"353.0 CHARLESWORTH DRIVE SW","assessed_value":11000},{"address":"12513.0 120 AVENUE NW","assessed_value":430500},{"address":"nan nan","assessed_value":40500},{"address":"1309.0 29 STREET NW","assessed_value":421500},{"address":"344.0 WINDERMERE ROAD NW","assessed_value":184500},{"address":"10226.0 104 STREET NW","assessed_value":299500},{"address":"4517.0 190A STREET NW","assessed_value":538500},{"address":"5740.0 175B AVENUE NW","assessed_value":594500},{"address":"22434.0 99A AVENUE NW","assessed_value":481000},{"address":"1031.0 173 STREET SW","assessed_value":204500},{"address":"3711.0 HUMMINGBIRD WAY NW","assessed_value":810000},{"address":"17043.0 38 STREET NW","assessed_value":483000},{"address":"nan nan","assessed_value":12000}]