[{"address":"nan nan","assessed_value":15000},{"address":"1110.0 CONNELLY COURT SW","assessed_value":814500},{"address":"9819.0 104 STREET NW","assessed_value":286000},{"address":"nan nan","assessed_value":10000},{"address":"7313.0 ROPER ROAD NW","assessed_value":544500},{"address":"1589.0 GLASTONBURY BOULEVARD NW","assessed_value":249500},{"address":"nan nan","assessed_value":7500},{"address":"7327.0 SOUTH TERWILLEGAR DRIVE NW","assessed_value":138500},{"address":"10720.0 127 STREET NW","assessed_value":136500},{"address":"2627.0 ANDERSON CRESCENT SW","assessed_value":581500},{"address":"7909.0 71 STREET NW","assessed_value":176000},{"address":"2670.0 ANDERSON CRESCENT SW","assessed_value":612000},{"address":"6304.0 SANDIN WAY NW","assessed_value":305500},{"address":"10303.0 111 STREET NW","assessed_value":198500},{"address":"nan nan","assessed_value":4000},{"address":"nan nan","assessed_value":4500},{"address":"12930.0 140 AVENUE NW","assessed_value":280500},{"address":"8732.0 180 AVENUE NW","assessed_value":413500},{"address":"920.0 156 STREET NW","assessed_value":126000},{"address":"6308.0 MANN PLACE NW","assessed_value":769000},{"address":"11639.0 124 STREET NW","assessed_value":69000},{"address":"14827.0 123 AVENUE NW","assessed_value":316000},{"address":"nan nan","assessed_value":15000},{"address":"nan nan","assessed_value":50500},{"address":"612.0 111 STREET SW","assessed_value":168000},{"address":"12207.0 JASPER AVENUE NW","assessed_value":197500},{"address":"6032.0 214 STREET NW","assessed_value":363000},{"address":"9363.0 SIMPSON DRIVE NW","assessed_value":142500},{"address":"9820.0 165 STREET NW","assessed_value":190500},{"address":"nan nan","assessed_value":15000},{"address":"10740.0 107 STREET NW","assessed_value":66000},{"address":"263.0 MACEWAN ROAD SW","assessed_value":156000},{"address":"585.0 WATT BOULEVARD SW","assessed_value":330000},{"address":"9316.0 82 AVENUE NW","assessed_value":271500},{"address":"2157.0 AUSTIN LINK SW","assessed_value":397500},{"address":"977.0 VALOUR WAY NW","assessed_value":496000},{"address":"7308.0 81 AVENUE NW","assessed_value":326000},{"address":"2051.0 TOWNE CENTRE BOULEVARD NW","assessed_value":302500},{"address":"10190.0 115 STREET NW","assessed_value":107000},{"address":"11203.0 103A AVENUE NW","assessed_value":211500},{"address":"10232.0 115 STREET NW","assessed_value":296500},{"address":"9945.0 167 STREET NW","assessed_value":150500},{"address":"6220.0 134 AVENUE NW","assessed_value":123000},{"address":"nan nan","assessed_value":10500},{"address":"nan nan","assessed_value":10500},{"address":"6220.0 134 AVENUE NW","assessed_value":127000},{"address":"nan nan","assessed_value":19000},{"address":"10531.0 117 STREET NW","assessed_value":317500},{"address":"7331.0 SOUTH TERWILLEGAR DRIVE NW","assessed_value":172000},{"address":"3190.0 WHITELAW DRIVE NW","assessed_value":559000},{"address":"nan nan","assessed_value":8000},{"address":"7239.0 21 AVENUE SW","assessed_value":493000},{"address":"nan nan","assessed_value":4000},{"address":"nan nan","assessed_value":4000},{"address":"6511.0 MANN LANE NW","assessed_value":895500},{"address":"11915.0 106 STREET NW","assessed_value":95500},{"address":"3712.0 114 STREET NW","assessed_value":1968500},{"address":"nan nan","assessed_value":7500},{"address":"420.0 OAK WOOD CRESCENT NW","assessed_value":122000},{"address":"1411.0 HERMITAGE ROAD NW","assessed_value":269000},{"address":"nan nan","assessed_value":8000},{"address":"nan nan","assessed_value":19500},{"address":"10408.0 92 STREET NW","assessed_value":89000},{"address":"18117.0 96A AVENUE NW","assessed_value":539500},{"address":"15812.0 95 STREET NW","assessed_value":350500},{"address":"14904.0 96 AVENUE NW","assessed_value":81500},{"address":"nan nan","assessed_value":10500},{"address":"nan nan","assessed_value":4000},{"address":"9999.0 111 STREET NW","assessed_value":89000},{"address":"10240.0 90 STREET NW","assessed_value":429500},{"address":"2109.0 32A STREET NW","assessed_value":485000},{"address":"nan nan","assessed_value":10500},{"address":"9363.0 SIMPSON DRIVE NW","assessed_value":218500},{"address":"nan nan","assessed_value":8000},{"address":"130.0 HYNDMAN CRESCENT NW","assessed_value":228500},{"address":"nan nan","assessed_value":9000},{"address":"466.0 MACEWAN ROAD SW","assessed_value":175500},{"address":"4245.0 139 AVENUE NW","assessed_value":112500},{"address":"7909.0 71 STREET NW","assessed_value":258000},{"address":"nan nan","assessed_value":7500},{"address":"22059.0 95 AVENUE NW","assessed_value":485500},{"address":"12050.0 17 AVENUE SW","assessed_value":243000},{"address":"10531.0 117 STREET NW","assessed_value":229000},{"address":"2125.0 33B STREET NW","assessed_value":494500},{"address":"nan nan","assessed_value":10500},{"address":"nan nan","assessed_value":4500},{"address":"1204.0 156 STREET NW","assessed_value":198500},{"address":"14608.0 125 STREET NW","assessed_value":201500},{"address":"nan nan","assessed_value":7500},{"address":"2031.0 ARMITAGE GREEN SW","assessed_value":720000},{"address":"330.0 CLAREVIEW STATION DRIVE NW","assessed_value":169500},{"address":"1520.0 HAMMOND GATE NW","assessed_value":184500},{"address":"5607.0 118 AVENUE NW","assessed_value":68500},{"address":"2484.0 AUSTIN CRESCENT SW","assessed_value":469000},{"address":"nan nan","assessed_value":8500},{"address":"1204.0 156 STREET NW","assessed_value":135500},{"address":"nan nan","assessed_value":7000},{"address":"3019.0 26 AVENUE NW","assessed_value":443000},{"address":"6921.0 199 STREET NW","assessed_value":133000},{"address":"10235.0 112 STREET NW","assessed_value":227500},{"address":"nan nan","assessed_value":4000},{"address":"2164.0 32 STREET NW","assessed_value":369000},{"address":"4245.0 139 AVENUE NW","assessed_value":125000},{"address":"nan nan","assessed_value":5500},{"address":"612.0 111 STREET SW","assessed_value":275000},{"address":"nan nan","assessed_value":10500},{"address":"263.0 MACEWAN ROAD SW","assessed_value":153500},{"address":"6315.0 135 AVENUE NW","assessed_value":161500},{"address":"2455.0 CAMERON RAVINE DRIVE NW","assessed_value":831500},{"address":"8411.0 119 AVENUE NW","assessed_value":72000},{"address":"10135.0 120 STREET NW","assessed_value":95000},{"address":"9820.0 165 STREET NW","assessed_value":148500},{"address":"9945.0 167 STREET NW","assessed_value":144500},{"address":"2112.0 30 STREET NW","assessed_value":464000},{"address":"6608.0 28 AVENUE NW","assessed_value":254500},{"address":"5951.0 165 AVENUE NW","assessed_value":176000},{"address":"9363.0 SIMPSON DRIVE NW","assessed_value":225000},{"address":"1393.0 HERMITAGE ROAD NW","assessed_value":269000},{"address":"330.0 CLAREVIEW STATION DRIVE NW","assessed_value":136500},{"address":"8618.0 106 AVENUE NW","assessed_value":90000},{"address":"9835.0 82 AVENUE NW","assessed_value":85000},{"address":"10046.0 117 STREET NW","assessed_value":379000},{"address":"nan nan","assessed_value":8000},{"address":"10190.0 115 STREET NW","assessed_value":106500},{"address":"nan nan","assessed_value":8000},{"address":"nan nan","assessed_value":19500},{"address":"600.0 KIRKNESS ROAD NW","assessed_value":94000},{"address":"nan nan","assessed_value":19500},{"address":"1947.0 33A STREET NW","assessed_value":513500},{"address":"nan nan","assessed_value":4500},{"address":"nan nan","assessed_value":8000},{"address":"nan nan","assessed_value":9000},{"address":"9925.0 156 STREET NW","assessed_value":76500},{"address":"nan nan","assessed_value":10500},{"address":"815.0 HODGINS ROAD NW","assessed_value":555500},{"address":"470.0 MACEWAN ROAD SW","assessed_value":130000},{"address":"nan nan","assessed_value":8000},{"address":"nan nan","assessed_value":10000},{"address":"2415.0 WARRY PLACE SW","assessed_value":839000},{"address":"nan nan","assessed_value":7500},{"address":"10118.0 106 AVENUE NW","assessed_value":198000},{"address":"2051.0 TOWNE CENTRE BOULEVARD NW","assessed_value":287500},{"address":"11535.0 124 STREET NW","assessed_value":45000},{"address":"nan nan","assessed_value":10500},{"address":"13625.0 34 STREET NW","assessed_value":155500},{"address":"nan nan","assessed_value":7500},{"address":"865.0 ARMITAGE WYND SW","assessed_value":636500},{"address":"nan nan","assessed_value":3000},{"address":"nan nan","assessed_value":4500},{"address":"7505.0 SPEAKER WAY NW","assessed_value":792000},{"address":"nan nan","assessed_value":7000},{"address":"321.0 EVERGREEN PARK NW","assessed_value":65500},{"address":"nan nan","assessed_value":4500},{"address":"6315.0 135 AVENUE NW","assessed_value":123000},{"address":"4245.0 139 AVENUE NW","assessed_value":167500},{"address":"15349.0 STONY PLAIN ROAD NW","assessed_value":791000},{"address":"nan nan","assessed_value":4000},{"address":"6304.0 SANDIN WAY NW","assessed_value":325000},{"address":"nan nan","assessed_value":7500},{"address":"6921.0 199 STREET NW","assessed_value":184000},{"address":"1618.0 64 STREET SW","assessed_value":386000},{"address":"nan nan","assessed_value":5500},{"address":"nan nan","assessed_value":4500},{"address":"nan nan","assessed_value":4000},{"address":"17109.0 6B AVENUE SW","assessed_value":491500},{"address":"7339.0 SOUTH TERWILLEGAR DRIVE NW","assessed_value":165500},{"address":"11403.0 13 AVENUE SW","assessed_value":393000},{"address":"nan nan","assessed_value":4500},{"address":"1123.0 61 STREET SW","assessed_value":501500},{"address":"2406.0 WARRY PLACE SW","assessed_value":656000},{"address":"10303.0 111 STREET NW","assessed_value":275000},{"address":"4245.0 139 AVENUE NW","assessed_value":155500},{"address":"nan nan","assessed_value":4500},{"address":"4245.0 139 AVENUE NW","assessed_value":142500},{"address":"12408.0 15 AVENUE SW","assessed_value":220500},{"address":"7027.0 106 STREET NW","assessed_value":531000},{"address":"1730.0 LEGER GATE NW","assessed_value":333000},{"address":"920.0 156 STREET NW","assessed_value":120500},{"address":"22014.0 95A AVENUE NW","assessed_value":537500},{"address":"2116.0 AUSTIN LINK SW","assessed_value":435500},{"address":"1320.0 RUTHERFORD ROAD SW","assessed_value":172500},{"address":"5131.0 154 AVENUE NW","assessed_value":625500},{"address":"7327.0 SOUTH TERWILLEGAR DRIVE NW","assessed_value":184000},{"address":"1520.0 HAMMOND GATE NW","assessed_value":198000},{"address":"11025.0 124 STREET NW","assessed_value":61500},{"address":"nan nan","assessed_value":7500},{"address":"235.0 MCCONACHIE DRIVE NW","assessed_value":408000},{"address":"1524.0 TOWNE CENTRE BOULEVARD NW","assessed_value":512500},{"address":"4316.0 139 AVENUE NW","assessed_value":128000},{"address":"nan nan","assessed_value":15000},{"address":"10235.0 112 STREET NW","assessed_value":171500},{"address":"10055.0 118 STREET NW","assessed_value":528000},{"address":"9819.0 104 STREET NW","assessed_value":227500},{"address":"1263.0 CUNNINGHAM DRIVE SW","assessed_value":686500},{"address":"12931.0 64 STREET NW","assessed_value":58500},{"address":"nan nan","assessed_value":7500},{"address":"21925.0 95A AVENUE NW","assessed_value":531000},{"address":"nan nan","assessed_value":15000},{"address":"2504.0 109 STREET NW","assessed_value":333000},{"address":"nan nan","assessed_value":7500},{"address":"7909.0 71 STREET NW","assessed_value":242500},{"address":"nan nan","assessed_value":19000},{"address":"2175.0 32 STREET NW","assessed_value":364000},{"address":"nan nan","assessed_value":19500},{"address":"nan nan","assessed_value":7000},{"address":"nan nan","assessed_value":10000},{"address":"128.0 58 STREET SW","assessed_value":457000},{"address":"1320.0 RUTHERFORD ROAD SW","assessed_value":249500},{"address":"604.0 62 STREET SW","assessed_value":179500},{"address":"nan nan","assessed_value":7000},{"address":"10121.0 80 AVENUE NW","assessed_value":211000},{"address":"nan nan","assessed_value":15000},{"address":"1160.0 74 STREET SW","assessed_value":453000},{"address":"nan nan","assessed_value":4000},{"address":"6415.0 MANN COURT NW","assessed_value":915500},{"address":"2428.0 17 AVENUE NW","assessed_value":494500},{"address":"11603.0 ELLERSLIE ROAD SW","assessed_value":219500},{"address":"2625.0 ANDERSON CRESCENT SW","assessed_value":607000},{"address":"8524.0 126 AVENUE NW","assessed_value":321500},{"address":"nan nan","assessed_value":3000},{"address":"10637.0 105 STREET NW","assessed_value":76500},{"address":"4316.0 139 AVENUE NW","assessed_value":126000},{"address":"nan nan","assessed_value":7500},{"address":"nan nan","assessed_value":4000},{"address":"nan nan","assessed_value":9500},{"address":"236.0 AMBLESIDE DRIVE SW","assessed_value":768500},{"address":"1012.0 HOLLANDS POINT NW","assessed_value":2053000},{"address":"6315.0 135 AVENUE NW","assessed_value":181000},{"address":"171.0 BRINTNELL BOULEVARD NW","assessed_value":263000},{"address":"11923.0 106 STREET NW","assessed_value":63500},{"address":"219.0 54 STREET SW","assessed_value":565000},{"address":"11505.0 107 AVENUE NW","assessed_value":94000},{"address":"10540.0 80 AVENUE NW","assessed_value":160500},{"address":"nan nan","assessed_value":4000},{"address":"6608.0 28 AVENUE NW","assessed_value":535000},{"address":"nan nan","assessed_value":9500},{"address":"nan nan","assessed_value":19500},{"address":"2760.0 20 AVENUE NW","assessed_value":515000},{"address":"nan nan","assessed_value":4500},{"address":"2061.0 89B STREET SW","assessed_value":999000},{"address":"nan nan","assessed_value":4000},{"address":"nan nan","assessed_value":4000},{"address":"1127.0 61 STREET SW","assessed_value":525500},{"address":"nan nan","assessed_value":9500},{"address":"3635.0 13 STREET NW","assessed_value":455500},{"address":"16025.0 137A STREET NW","assessed_value":459500},{"address":"2504.0 109 STREET NW","assessed_value":235000},{"address":"119.0 56 STREET SW","assessed_value":490000},{"address":"5924.0 208 STREET NW","assessed_value":571000},{"address":"10531.0 117 STREET NW","assessed_value":236000},{"address":"11493.0 14A AVENUE SW","assessed_value":638500},{"address":"2675.0 ANDERSON CRESCENT SW","assessed_value":681000},{"address":"113.0 CALLAGHAN DRIVE SW","assessed_value":376000},{"address":"1307.0 114A STREET SW","assessed_value":737000},{"address":"1611.0 65 STREET SW","assessed_value":402500},{"address":"10531.0 117 STREET NW","assessed_value":230000},{"address":"111.0 56 STREET SW","assessed_value":497000},{"address":"nan nan","assessed_value":8000},{"address":"2510.0 109 STREET NW","assessed_value":190000},{"address":"8021.0 115 AVENUE NW","assessed_value":126500},{"address":"11769.0 JASPER AVENUE NW","assessed_value":445500},{"address":"1188.0 HYNDMAN ROAD NW","assessed_value":144500},{"address":"2504.0 109 STREET NW","assessed_value":277000},{"address":"nan nan","assessed_value":4500},{"address":"nan nan","assessed_value":10000},{"address":"466.0 MACEWAN ROAD SW","assessed_value":176000},{"address":"17811.0 116 AVENUE NW","assessed_value":6034500},{"address":"10333.0 112 STREET NW","assessed_value":253000},{"address":"nan nan","assessed_value":7000},{"address":"10142.0 162 STREET NW","assessed_value":84500},{"address":"nan nan","assessed_value":7500},{"address":"171.0 BRINTNELL BOULEVARD NW","assessed_value":265000},{"address":"10333.0 112 STREET NW","assessed_value":192000},{"address":"nan nan","assessed_value":4000},{"address":"550.0 91 STREET SW","assessed_value":5375000},{"address":"9570.0 219A STREET NW","assessed_value":553000},{"address":"7327.0 SOUTH TERWILLEGARD DRIVE NW","assessed_value":170000},{"address":"13825.0 155 AVENUE NW","assessed_value":234000},{"address":"nan nan","assessed_value":4500},{"address":"nan nan","assessed_value":4500},{"address":"603.0 WATT BOULEVARD SW","assessed_value":276000},{"address":"10121.0 80 AVENUE NW","assessed_value":175000},{"address":"nan nan","assessed_value":8000},{"address":"1211.0 37A AVENUE NW","assessed_value":594500},{"address":"330.0 CLAREVIEW STATION DRIVE NW","assessed_value":153500},{"address":"809.0 172 STREET SW","assessed_value":377000},{"address":"10235.0 112 STREET NW","assessed_value":178500},{"address":"nan nan","assessed_value":10500},{"address":"nan nan","assessed_value":15000},{"address":"3740.0 99 STREET NW","assessed_value":1470000},{"address":"728.0 173 STREET SW","assessed_value":518000},{"address":"9820.0 165 STREET NW","assessed_value":154000},{"address":"1204.0 156 STREET NW","assessed_value":173500},{"address":"1943.0 33B STREET NW","assessed_value":516500},{"address":"14829.0 123 AVENUE NW","assessed_value":322000},{"address":"10121.0 80 AVENUE NW","assessed_value":227500},{"address":"7335.0 SOUTH TERWILLEGAR DRIVE NW","assessed_value":165500},{"address":"nan nan","assessed_value":15000},{"address":"nan nan","assessed_value":14500},{"address":"10215.0 115 STREET NW","assessed_value":90500},{"address":"263.0 MACEWAN ROAD SW","assessed_value":159500},{"address":"415.0 WINDERMERE ROAD NW","assessed_value":599500},{"address":"1804.0 70 STREET SW","assessed_value":285000},{"address":"12207.0 JASPER AVENUE NW","assessed_value":236500},{"address":"9357.0 SIMPSON DRIVE NW","assessed_value":161500},{"address":"2503.0 HANNA CRESCENT NW","assessed_value":193500},{"address":"9710.0 105 STREET NW","assessed_value":96500},{"address":"nan nan","assessed_value":7000},{"address":"1520.0 HAMMOND GATE NW","assessed_value":144000},{"address":"4265.0 SAVARYN DRIVE SW","assessed_value":684000},{"address":"10333.0 112 STREET NW","assessed_value":186000},{"address":"1003.0 GAULT BOULEVARD NW","assessed_value":299500},{"address":"10136.0 104 STREET NW","assessed_value":246000},{"address":"380.0 SILVER BERRY ROAD NW","assessed_value":282000},{"address":"2407.0 WARRY PLACE SW","assessed_value":772500},{"address":"1404.0 HERMITAGE ROAD NW","assessed_value":243500},{"address":"6315.0 135 AVENUE NW","assessed_value":128500},{"address":"4367.0 VETERANS WAY NW","assessed_value":402000},{"address":"nan nan","assessed_value":9000},{"address":"nan nan","assessed_value":4000},{"address":"1515.0 67 STREET SW","assessed_value":640500},{"address":"nan nan","assessed_value":4000},{"address":"15136.0 32 STREET NW","assessed_value":546000},{"address":"nan nan","assessed_value":4000},{"address":"nan nan","assessed_value":14500},{"address":"nan nan","assessed_value":4000},{"address":"1003.0 GAULT BOULEVARD NW","assessed_value":299500},{"address":"6608.0 28 AVENUE NW","assessed_value":301500},{"address":"2138.0 33B STREET NW","assessed_value":528500},{"address":"11615.0 ELLERSLIE ROAD SW","assessed_value":177500},{"address":"10235.0 112 STREET NW","assessed_value":218500},{"address":"6103.0 13 AVENUE SW","assessed_value":392500},{"address":"5615.0 118 AVENUE NW","assessed_value":48000},{"address":"nan nan","assessed_value":10500},{"address":"nan nan","assessed_value":10000},{"address":"6925.0 199 STREET NW","assessed_value":190000},{"address":"20715.0 58 AVENUE NW","assessed_value":533000},{"address":"nan nan","assessed_value":7500},{"address":"10531.0 117 STREET NW","assessed_value":206500},{"address":"263.0 MACEWAN ROAD SW","assessed_value":176000},{"address":"nan nan","assessed_value":5500},{"address":"nan nan","assessed_value":15000},{"address":"nan nan","assessed_value":3500},{"address":"7293.0 SOUTH TERWILLEGAR DRIVE NW","assessed_value":334500},{"address":"5621.0 168A AVENUE NW","assessed_value":634500},{"address":"10640.0 108 STREET NW","assessed_value":45500},{"address":"2148.0 AUSTIN LINK SW","assessed_value":438000},{"address":"7331.0 SOUTH TERWILLEGAR DRIVE NW","assessed_value":190000},{"address":"203.0 SECORD DRIVE NW","assessed_value":529500},{"address":"7323.0 SOUTH TERWILLEGAR DRIVE NW","assessed_value":175500},{"address":"604.0 62 STREET SW","assessed_value":188500},{"address":"330.0 CLAREVIEW STATION DRIVE NW","assessed_value":212500},{"address":"1407.0 GLASTONBURY BOULEVARD NW","assessed_value":402000},{"address":"10303.0 111 STREET NW","assessed_value":322500},{"address":"735.0 85 STREET SW","assessed_value":333000},{"address":"nan nan","assessed_value":19500},{"address":"8618.0 106 AVENUE NW","assessed_value":78000},{"address":"nan nan","assessed_value":19000},{"address":"nan nan","assessed_value":10500},{"address":"11025.0 124 STREET NW","assessed_value":114500},{"address":"7339.0 SOUTH TERWILLEGAR DRIVE NW","assessed_value":167500},{"address":"2257.0 AUSTIN WAY SW","assessed_value":372000},{"address":"735.0 85 STREET SW","assessed_value":333000},{"address":"320.0 CLAREVIEW STATION DRIVE NW","assessed_value":166500},{"address":"nan nan","assessed_value":4500},{"address":"13770.0 161A AVENUE NW","assessed_value":602000},{"address":"103.0 AMBLESIDE DRIVE SW","assessed_value":160000},{"address":"920.0 156 STREET NW","assessed_value":124500},{"address":"nan nan","assessed_value":8000},{"address":"1235.0 CHAHLEY LANDING NW","assessed_value":698000},{"address":"6021.0 207A STREET NW","assessed_value":726500},{"address":"103.0 17 STREET NW","assessed_value":9000},{"address":"nan nan","assessed_value":10000},{"address":"11930.0 100 AVENUE NW","assessed_value":2736000},{"address":"429.0 CALLAGHAN COURT SW","assessed_value":752500},{"address":"2627.0 31 STREET NW","assessed_value":450500},{"address":"2503.0 HANNA CRESCENT NW","assessed_value":219500},{"address":"nan nan","assessed_value":7000},{"address":"nan nan","assessed_value":19500},{"address":"7365.0 ARMOUR CRESCENT SW","assessed_value":409000},{"address":"9580.0 221 STREET NW","assessed_value":565000},{"address":"nan nan","assessed_value":19000},{"address":"11603.0 ELLERSLIE ROAD SW","assessed_value":203000},{"address":"4245.0 139 AVENUE NW","assessed_value":162500},{"address":"6925.0 199 STREET NW","assessed_value":131000},{"address":"5005.0 165 AVENUE NW","assessed_value":142500},{"address":"7127.0 SOUTH TERWILLEGAR DRIVE NW","assessed_value":519000},{"address":"22047.0 95 AVENUE NW","assessed_value":515500},{"address":"9357.0 SIMPSON DRIVE NW","assessed_value":156000},{"address":"2021.0 32A STREET NW","assessed_value":500000},{"address":"12843.0 67 STREET NW","assessed_value":288500},{"address":"1003.0 GAULT BOULEVARD NW","assessed_value":319000},{"address":"9086.0 SHAW WAY SW","assessed_value":368500},{"address":"1152.0 35 AVENUE NW","assessed_value":471500},{"address":"nan nan","assessed_value":4000},{"address":"5904.0 208 STREET NW","assessed_value":651000},{"address":"nan nan","assessed_value":7000},{"address":"8931.0 156 STREET NW","assessed_value":161500},{"address":"nan nan","assessed_value":15000},{"address":"5005.0 165 AVENUE NW","assessed_value":139500},{"address":"10118.0 106 AVENUE NW","assessed_value":250000},{"address":"10235.0 116 STREET NW","assessed_value":109500},{"address":"9999.0 111 STREET NW","assessed_value":87000},{"address":"nan nan","assessed_value":4000},{"address":"10531.0 117 STREET NW","assessed_value":240000},{"address":"6220.0 134 AVENUE NW","assessed_value":109500},{"address":"12050.0 17 AVENUE SW","assessed_value":264000},{"address":"10531.0 117 STREET NW","assessed_value":252000},{"address":"1589.0 GLASTONBURY BOULEVARD NW","assessed_value":301500},{"address":"1375.0 113 STREET SW","assessed_value":600500},{"address":"8704.0 180 AVENUE NW","assessed_value":441000},{"address":"9919.0 105 STREET NW","assessed_value":153500},{"address":"17107.0 7A AVENUE SW","assessed_value":398500},{"address":"15115.0 32 STREET NW","assessed_value":445000},{"address":"1640.0 HAMMOND CRESCENT NW","assessed_value":513000},{"address":"1024.0 CONNELLY WAY SW","assessed_value":555000},{"address":"10055.0 118 STREET NW","assessed_value":254000},{"address":"10333.0 112 STREET NW","assessed_value":165000},{"address":"9820.0 165 STREET NW","assessed_value":151000},{"address":"11337.0 13A AVENUE SW","assessed_value":584500},{"address":"nan nan","assessed_value":4500},{"address":"11603.0 ELLERSLIE ROAD SW","assessed_value":221500},{"address":"2045.0 CAMERON RAVINE WAY NW","assessed_value":724500},{"address":"3444.0 WEST LANDING NW","assessed_value":912000},{"address":"nan nan","assessed_value":5500},{"address":"5834.0 1A AVENUE SW","assessed_value":377500},{"address":"5514.0 168A AVENUE NW","assessed_value":508000},{"address":"nan nan","assessed_value":9000},{"address":"nan nan","assessed_value":10500},{"address":"nan nan","assessed_value":15000},{"address":"nan nan","assessed_value":9500},{"address":"nan nan","assessed_value":4000},{"address":"nan nan","assessed_value":4000},{"address":"6925.0 199 STREET NW","assessed_value":179500},{"address":"13215.0 153 AVENUE NW","assessed_value":222500},{"address":"1317.0 CUNNINGHAM DRIVE SW","assessed_value":358000},{"address":"13069.0 156 STREET NW","assessed_value":484500},{"address":"nan nan","assessed_value":15000},{"address":"nan nan","assessed_value":10500},{"address":"128.0 56 STREET SW","assessed_value":514000},{"address":"417.0 HEMINGWAY ROAD NW","assessed_value":394000},{"address":"nan nan","assessed_value":4000},{"address":"11413.0 96 STREET NW","assessed_value":229500},{"address":"10040.0 151 STREET NW","assessed_value":65500},{"address":"nan nan","assessed_value":4500},{"address":"nan nan","assessed_value":4000},{"address":"21339.0 51 AVENUE NW","assessed_value":522000},{"address":"17363.0 7A AVENUE SW","assessed_value":580000},{"address":"320.0 CLAREVIEW STATION DRIVE NW","assessed_value":124000},{"address":"6165.0 STINSON WAY NW","assessed_value":612500},{"address":"20909.0 92A AVENUE NW","assessed_value":483000},{"address":"3720.0 118 AVENUE NW","assessed_value":74500},{"address":"7327.0 SOUTH TERWILLEGAR DRIVE NW","assessed_value":138500},{"address":"nan nan","assessed_value":10000},{"address":"171.0 BRINTNELL BOULEVARD NW","assessed_value":248000},{"address":"10121.0 80 AVENUE NW","assessed_value":205500},{"address":"10003.0 62 STREET NW","assessed_value":100000},{"address":"2247.0 AUSTIN WAY SW","assessed_value":393500},{"address":"7339.0 SOUTH TERWILLEGAR DRIVE NW","assessed_value":135500},{"address":"11323.0 174 STREET NW","assessed_value":778000},{"address":"21352.0 51 AVENUE NW","assessed_value":570000},{"address":"4316.0 139 AVENUE NW","assessed_value":128500},{"address":"nan nan","assessed_value":15000},{"address":"4065.0 WHISPERING RIVER DRIVE NW","assessed_value":1503000},{"address":"14612.0 125 STREET NW","assessed_value":192000},{"address":"nan nan","assessed_value":15000},{"address":"nan nan","assessed_value":10000},{"address":"nan nan","assessed_value":4500},{"address":"12408.0 15 AVENUE SW","assessed_value":162500},{"address":"427.0 HEMINGWAY ROAD NW","assessed_value":392000},{"address":"10558.0 78 AVENUE NW","assessed_value":335000},{"address":"5005.0 165 AVENUE NW","assessed_value":159000},{"address":"nan nan","assessed_value":4000},{"address":"nan nan","assessed_value":4000},{"address":"10142.0 162 STREET NW","assessed_value":86500},{"address":"nan nan","assessed_value":9500},{"address":"nan nan","assessed_value":7500},{"address":"nan nan","assessed_value":128000},{"address":"721.0 CAINE BOULEVARD SW","assessed_value":1244500},{"address":"12408.0 15 AVENUE SW","assessed_value":160500},{"address":"301.0 CLAREVIEW STATION DRIVE NW","assessed_value":177500},{"address":"12415.0 JASPER AVENUE NW","assessed_value":3245000},{"address":"6921.0 199 STREET NW","assessed_value":136000},{"address":"4407.0 26 AVENUE NW","assessed_value":107000},{"address":"1003.0 GAULT BOULEVARD NW","assessed_value":382500},{"address":"3329.0 WEST COURT NW","assessed_value":690500},{"address":"nan nan","assessed_value":4000},{"address":"3010.0 33 AVENUE NW","assessed_value":276500},{"address":"22064.0 95 AVENUE NW","assessed_value":541000},{"address":"150.0 AMBLESIDE DRIVE SW","assessed_value":778500},{"address":"4403.0 23 STREET NW","assessed_value":133500},{"address":"nan nan","assessed_value":6500},{"address":"4019.0 WHISPERING RIVER DRIVE NW","assessed_value":1266000},{"address":"4245.0 139 AVENUE NW","assessed_value":166500},{"address":"103.0 AMBLESIDE DRIVE SW","assessed_value":202000},{"address":"6004.0 10 AVENUE SW","assessed_value":514500},{"address":"16021.0 132 STREET NW","assessed_value":324000},{"address":"103.0 AMBLESIDE DRIVE SW","assessed_value":165500},{"address":"3326.0 21A AVENUE NW","assessed_value":584000},{"address":"nan nan","assessed_value":4000},{"address":"nan nan","assessed_value":7500},{"address":"203.0 58 STREET SW","assessed_value":430500},{"address":"11923.0 106 STREET NW","assessed_value":67000},{"address":"nan nan","assessed_value":8000},{"address":"nan nan","assessed_value":7000},{"address":"nan nan","assessed_value":19000},{"address":"168.0 AMBLESIDE DRIVE SW","assessed_value":808500},{"address":"nan nan","assessed_value":4000},{"address":"11136.0 124 STREET NW","assessed_value":95500},{"address":"986.0 VALOUR WAY NW","assessed_value":491500},{"address":"nan nan","assessed_value":4000},{"address":"nan nan","assessed_value":8000},{"address":"1344.0 70 STREET SW","assessed_value":690500},{"address":"11203.0 103 AVENUE NW","assessed_value":211500},{"address":"450.0 HYNDMAN CRESCENT NW","assessed_value":234500},{"address":"10635.0 80 AVENUE NW","assessed_value":139000},{"address":"10720.0 85 AVENUE NW","assessed_value":120000},{"address":"nan nan","assessed_value":7500},{"address":"4313.0 WHITELAW WAY NW","assessed_value":787500},{"address":"nan nan","assessed_value":10500},{"address":"nan nan","assessed_value":19500},{"address":"3636.0 12 STREET NW","assessed_value":443500},{"address":"301.0 CLAREVIEW STATION DRIVE NW","assessed_value":157000},{"address":"nan nan","assessed_value":4000},{"address":"6925.0 199 STREET NW","assessed_value":181500},{"address":"10118.0 106 AVENUE NW","assessed_value":206500},{"address":"nan nan","assessed_value":10500},{"address":"1413.0 114B STREET SW","assessed_value":472500},{"address":"1204.0 156 STREET NW","assessed_value":189500},{"address":"380.0 SILVER BERRY ROAD NW","assessed_value":275000},{"address":"nan nan","assessed_value":10500},{"address":"11243.0 180 STREET NW","assessed_value":514500},{"address":"nan nan","assessed_value":10500},{"address":"nan nan","assessed_value":4000},{"address":"11734.0 85 STREET NW","assessed_value":102000},{"address":"10055.0 118 STREET NW","assessed_value":465000},{"address":"10121.0 80 AVENUE NW","assessed_value":265000},{"address":"9148.0 23 AVENUE NW","assessed_value":454000},{"address":"12914.0 64 STREET NW","assessed_value":59500},{"address":"2281.0 AUSTIN WAY SW","assessed_value":406000},{"address":"4403.0 23 STREET NW","assessed_value":165000},{"address":"10235.0 112 STREET NW","assessed_value":258500},{"address":"nan nan","assessed_value":4500},{"address":"3720.0 118 AVENUE NW","assessed_value":49000},{"address":"10536.0 110 STREET NW","assessed_value":144000},{"address":"6608.0 28 AVENUE NW","assessed_value":299500},{"address":"2503.0 HANNA CRESCENT NW","assessed_value":212500},{"address":"nan nan","assessed_value":7000},{"address":"6160.0 STINSON WAY NW","assessed_value":476000},{"address":"6608.0 28 AVENUE NW","assessed_value":268000},{"address":"330.0 CLAREVIEW STATION DRIVE NW","assessed_value":152500},{"address":"10303.0 111 STREET NW","assessed_value":269000},{"address":"16911.0 58 STREET NW","assessed_value":437500},{"address":"6939.0 19A AVENUE SW","assessed_value":523500},{"address":"320.0 CLAREVIEW STATION DRIVE NW","assessed_value":162500},{"address":"nan nan","assessed_value":68000},{"address":"922.0 ARMITAGE COURT SW","assessed_value":689000},{"address":"116.0 WEBER CLOSE NW","assessed_value":952000},{"address":"9168.0 23 AVENUE NW","assessed_value":483500},{"address":"1323.0 74 STREET SW","assessed_value":454500},{"address":"nan nan","assessed_value":10000},{"address":"4308.0 WHITELAW WAY NW","assessed_value":849500},{"address":"10620.0 105 STREET NW","assessed_value":95000},{"address":"10106.0 162 STREET NW","assessed_value":86500},{"address":"10404.0 24 AVENUE NW","assessed_value":155500},{"address":"11404.0 14 AVENUE SW","assessed_value":385500},{"address":"nan nan","assessed_value":15000},{"address":"2677.0 ANDERSON CRESCENT SW","assessed_value":648000},{"address":"404.0 WINDERMERE ROAD NW","assessed_value":669000},{"address":"nan nan","assessed_value":8000},{"address":"7335.0 SOUTH TERWILLEGAR DRIVE NW","assessed_value":165500},{"address":"nan nan","assessed_value":4000},{"address":"1804.0 70 STREET SW","assessed_value":285000},{"address":"10715.0 116 STREET NW","assessed_value":70000},{"address":"nan nan","assessed_value":15000},{"address":"nan nan","assessed_value":660000},{"address":"732.0 WELSH DRIVE SW","assessed_value":327000},{"address":"2051.0 TOWNE CENTRE BOULEVARD NW","assessed_value":255500},{"address":"3311.0 21 AVENUE NW","assessed_value":589500},{"address":"16714.0 57A STREET NW","assessed_value":483000},{"address":"1520.0 HAMMOND GATE NW","assessed_value":283000},{"address":"10910.0 110 STREET NW","assessed_value":114500},{"address":"10525.0 83 AVENUE NW","assessed_value":183000},{"address":"nan nan","assessed_value":14500},{"address":"3108.0 WATSON GREEN SW","assessed_value":2481500},{"address":"10121.0 80 AVENUE NW","assessed_value":168500},{"address":"156.0 54 STREET SW","assessed_value":579500},{"address":"907.0 ARMITAGE COURT SW","assessed_value":586500},{"address":"1179.0 36 AVENUE NW","assessed_value":464500},{"address":"9945.0 167 STREET NW","assessed_value":151500},{"address":"2124.0 70 STREET SW","assessed_value":488500},{"address":"nan nan","assessed_value":7000},{"address":"1764.0 HAMMOND CRESCENT NW","assessed_value":589000},{"address":"5112.0 159 AVENUE NW","assessed_value":480500},{"address":"5618.0 168A AVENUE NW","assessed_value":470000},{"address":"14608.0 125 STREET NW","assessed_value":178000},{"address":"6315.0 135 AVENUE NW","assessed_value":197500},{"address":"nan nan","assessed_value":4000},{"address":"609.0 ADAMS WAY SW","assessed_value":637500},{"address":"2432.0 CAMERON RAVINE DRIVE NW","assessed_value":1312000},{"address":"nan nan","assessed_value":500},{"address":"6304.0 SANDIN WAY NW","assessed_value":310500},{"address":"9999.0 111 STREET NW","assessed_value":65500},{"address":"5951.0 165 AVENUE NW","assessed_value":173500},{"address":"5932.0 209 STREET NW","assessed_value":640500},{"address":"11615.0 ELLERSLIE ROAD SW","assessed_value":203000},{"address":"nan nan","assessed_value":7500},{"address":"nan nan","assessed_value":19500},{"address":"10626.0 104 STREET NW","assessed_value":86500},{"address":"nan nan","assessed_value":10500},{"address":"5408.0 162B AVENUE NW","assessed_value":624500},{"address":"13405.0 149 STREET NW","assessed_value":781000},{"address":"nan nan","assessed_value":4000},{"address":"9819.0 104 STREET NW","assessed_value":194500},{"address":"nan nan","assessed_value":14500},{"address":"nan nan","assessed_value":10500},{"address":"nan nan","assessed_value":9000},{"address":"2206.0 WARRY LOOP SW","assessed_value":851500},{"address":"1919.0 HAMMOND PLACE NW","assessed_value":506500},{"address":"21079.0 92B AVENUE NW","assessed_value":517000},{"address":"13825.0 155 AVENUE NW","assessed_value":230500},{"address":"235.0 OAK WOOD DRIVE DRIVE NW","assessed_value":108000},{"address":"10640.0 108 STREET NW","assessed_value":58000},{"address":"9827.0 156 STREET NW","assessed_value":311000},{"address":"12050.0 17 AVENUE SW","assessed_value":261500},{"address":"1026.0 CHAHLEY LANE NW","assessed_value":596000},{"address":"nan nan","assessed_value":8000},{"address":"2805.0 ANDERSON PLACE SW","assessed_value":653000},{"address":"2033.0 HAMMOND CLOSE NW","assessed_value":378000},{"address":"1336.0 72 STREET SW","assessed_value":564500},{"address":"11633.0 105 AVENUE NW","assessed_value":376000},{"address":"nan nan","assessed_value":5500},{"address":"nan nan","assessed_value":10500},{"address":"451.0 WINDERMERE ROAD NW","assessed_value":818000},{"address":"10323.0 78 AVENUE NW","assessed_value":3959500},{"address":"16003.0 132 STREET NW","assessed_value":398000},{"address":"17357.0 8A AVENUE SW","assessed_value":359500},{"address":"3826.0 ALLAN DRIVE SW","assessed_value":367500},{"address":"nan nan","assessed_value":4500},{"address":"3658.0 13 STREET NW","assessed_value":562000},{"address":"nan nan","assessed_value":19000},{"address":"320.0 CLAREVIEW STATION DRIVE NW","assessed_value":150000},{"address":"734.0 CAINE BOULEVARD SW","assessed_value":731000},{"address":"9819.0 104 STREET NW","assessed_value":302500},{"address":"13215.0 153 AVENUE NW","assessed_value":222500},{"address":"1204.0 156 STREET NW","assessed_value":140000},{"address":"6420.0 16 AVENUE SW","assessed_value":419000},{"address":"6608.0 28 AVENUE NW","assessed_value":288500},{"address":"1253.0 CUNNINGHAM DRIVE SW","assessed_value":621500},{"address":"20509.0 92A AVENUE NW","assessed_value":586000},{"address":"764.0 ADAMS WAY SW","assessed_value":778000},{"address":"11705.0 83 STREET NW","assessed_value":78500},{"address":"2215.0 WARRY LOOP SW","assessed_value":801500},{"address":"1718.0 RABBIT HILL ROAD NW","assessed_value":184000},{"address":"9819.0 104 STREET NW","assessed_value":200000},{"address":"nan nan","assessed_value":3000},{"address":"nan nan","assessed_value":4500},{"address":"3912.0 WHITELAW CLOSE NW","assessed_value":739000},{"address":"nan nan","assessed_value":10000},{"address":"4859.0 TERWILLEGAR COMMON NW","assessed_value":373500},{"address":"10135.0 120 STREET NW","assessed_value":89500},{"address":"nan nan","assessed_value":4000},{"address":"1939.0 119 STREET SW","assessed_value":455000},{"address":"920.0 156 STREET NW","assessed_value":124500},{"address":"nan nan","assessed_value":15000},{"address":"4946.0 214 STREET NW","assessed_value":402500},{"address":"1303.0 74 STREET SW","assessed_value":525500},{"address":"603.0 WATT BOULEVARD SW","assessed_value":276000},{"address":"466.0 MACEWAN ROAD SW","assessed_value":193500},{"address":"nan nan","assessed_value":15000},{"address":"nan nan","assessed_value":4000},{"address":"207.0 59 STREET SW","assessed_value":436500},{"address":"6220.0 134 AVENUE NW","assessed_value":105000},{"address":"nan nan","assessed_value":19000},{"address":"nan nan","assessed_value":4000},{"address":"nan nan","assessed_value":4000},{"address":"5604.0 1A AVENUE SW","assessed_value":405000},{"address":"10570.0 102 STREET NW","assessed_value":3157500},{"address":"4245.0 139 AVENUE NW","assessed_value":137000},{"address":"11015.0 83 STREET NW","assessed_value":95500},{"address":"6307.0 MANN PLACE NW","assessed_value":755500},{"address":"10121.0 80 AVENUE NW","assessed_value":236000},{"address":"1441.0 114B STREET SW","assessed_value":535000},{"address":"9750.0 94 STREET NW","assessed_value":252500},{"address":"9087.0 SHAW WAY SW","assessed_value":363500},{"address":"10046.0 117 STREET NW","assessed_value":384500},{"address":"nan nan","assessed_value":5500},{"address":"4403.0 23 STREET NW","assessed_value":125000},{"address":"10404.0 24 AVENUE NW","assessed_value":155500},{"address":"nan nan","assessed_value":10000},{"address":"263.0 MACEWAN ROAD SW","assessed_value":192500},{"address":"803.0 HODGINS ROAD NW","assessed_value":651500},{"address":"3315.0 WATSON BAY SW","assessed_value":1377000},{"address":"20845.0 92A AVENUE NW","assessed_value":599500},{"address":"1589.0 GLASTONBURY BOULEVARD NW","assessed_value":307500},{"address":"2033.0 32A STREET NW","assessed_value":637000},{"address":"4316.0 139 AVENUE NW","assessed_value":151500},{"address":"nan nan","assessed_value":4500},{"address":"10333.0 112 STREET NW","assessed_value":250000},{"address":"10136.0 104 STREET NW","assessed_value":187500},{"address":"470.0 MACEWAN ROAD SW","assessed_value":130000},{"address":"10118.0 106 AVENUE NW","assessed_value":196500},{"address":"5216.0 MULLEN CREST NW","assessed_value":1015500},{"address":"nan nan","assessed_value":19500},{"address":"nan nan","assessed_value":5500},{"address":"nan nan","assessed_value":10000},{"address":"nan nan","assessed_value":8000},{"address":"nan nan","assessed_value":7500},{"address":"638.0 ADAMS WAY SW","assessed_value":602000},{"address":"nan nan","assessed_value":3000},{"address":"nan nan","assessed_value":4000},{"address":"1630.0 65 STREET SW","assessed_value":398000},{"address":"2153.0 28 STREET NW","assessed_value":369500},{"address":"16010.0 137A STREET NW","assessed_value":474500},{"address":"nan nan","assessed_value":8000},{"address":"nan nan","assessed_value":6500},{"address":"10715.0 112 STREET NW","assessed_value":83500},{"address":"5440.0 36 STREET NW","assessed_value":385000},{"address":"nan nan","assessed_value":4000},{"address":"4516.0 190 STREET NW","assessed_value":506500},{"address":"7331.0 SOUTH TERWILLEGAR DRIVE NW","assessed_value":177000},{"address":"nan nan","assessed_value":7500},{"address":"4245.0 139 AVENUE NW","assessed_value":162500},{"address":"3430.0 WEST LANDING NW","assessed_value":868000},{"address":"1082.0 HOPE ROAD NW","assessed_value":742000},{"address":"115.0 57 STREET SW","assessed_value":532500},{"address":"10148.0 162 STREET NW","assessed_value":95000},{"address":"2907.0 PARSONS ROAD NW","assessed_value":603500},{"address":"nan nan","assessed_value":4000},{"address":"6032.0 38 AVENUE NW","assessed_value":244500},{"address":"9611.0 83 AVENUE NW","assessed_value":563500},{"address":"6215.0 SOUTHESK LANDING NW","assessed_value":602500},{"address":"5604.0 199 STREET NW","assessed_value":243000},{"address":"nan nan","assessed_value":19500},{"address":"16003.0 132 STREET NW","assessed_value":339000},{"address":"nan nan","assessed_value":4000},{"address":"nan nan","assessed_value":4000},{"address":"466.0 MACEWAN ROAD SW","assessed_value":170500},{"address":"nan nan","assessed_value":4500},{"address":"nan nan","assessed_value":14500},{"address":"nan nan","assessed_value":7500},{"address":"1520.0 HAMMOND GATE NW","assessed_value":186500},{"address":"nan nan","assessed_value":4000},{"address":"2708.0 32 STREET NW","assessed_value":560500},{"address":"2510.0 109 STREET NW","assessed_value":208000},{"address":"nan nan","assessed_value":10000},{"address":"2504.0 109 STREET NW","assessed_value":185500},{"address":"13825.0 155 AVENUE NW","assessed_value":213500},{"address":"nan nan","assessed_value":14500},{"address":"2503.0 HANNA CRESCENT NW","assessed_value":190000},{"address":"862.0 WILDWOOD CRESCENT NW","assessed_value":883500},{"address":"8931.0 156 STREET NW","assessed_value":213500},{"address":"15525.0 103 AVENUE NW","assessed_value":76500},{"address":"5951.0 165 AVENUE NW","assessed_value":165000},{"address":"nan nan","assessed_value":8000},{"address":"703.0 DECOTEAU WAY NW","assessed_value":716500},{"address":"533.0 MAPLE WOOD CRESCENT NW","assessed_value":118500},{"address":"nan nan","assessed_value":4500},{"address":"11831.0 106 STREET NW","assessed_value":92000},{"address":"nan nan","assessed_value":4000},{"address":"2708.0 ANDERSON CRESCENT SW","assessed_value":628500},{"address":"10609.0 80 AVENUE NW","assessed_value":129500},{"address":"2009.0 HOPE ROAD NW","assessed_value":415000},{"address":"nan nan","assessed_value":4000},{"address":"11403.0 96 STREET NW","assessed_value":228500},{"address":"330.0 CLAREVIEW STATION DRIVE NW","assessed_value":207500},{"address":"3362.0 21A AVENUE NW","assessed_value":787000},{"address":"nan nan","assessed_value":10500},{"address":"1188.0 HYNDMAN ROAD NW","assessed_value":146000},{"address":"5604.0 199 STREET NW","assessed_value":271500},{"address":"11705.0 83 STREET NW","assessed_value":72500},{"address":"nan nan","assessed_value":10500},{"address":"12930.0 140 AVENUE NW","assessed_value":282500},{"address":"9357.0 SIMPSON DRIVE NW","assessed_value":156000},{"address":"1320.0 RUTHERFORD ROAD SW","assessed_value":168500},{"address":"4245.0 139 AVENUE NW","assessed_value":168500},{"address":"5221.0 MULLEN CREST NW","assessed_value":1383500},{"address":"1407.0 GLASTONBURY BOULEVARD NW","assessed_value":396500},{"address":"nan nan","assessed_value":14500},{"address":"nan nan","assessed_value":4000},{"address":"nan nan","assessed_value":10500},{"address":"12408.0 15 AVENUE SW","assessed_value":179500},{"address":"4403.0 23 STREET NW","assessed_value":189500},{"address":"3609.0 WHITELAW BAY NW","assessed_value":439500},{"address":"nan nan","assessed_value":4000},{"address":"11933.0 JASPER AVENUE NW","assessed_value":654500},{"address":"10531.0 117 STREET NW","assessed_value":233000},{"address":"nan nan","assessed_value":6500},{"address":"nan nan","assessed_value":4000},{"address":"301.0 CLAREVIEW STATION DRIVE NW","assessed_value":120000},{"address":"1520.0 HAMMOND GATE NW","assessed_value":192500},{"address":"12921.0 127 STREET NW","assessed_value":40000},{"address":"5951.0 165 AVENUE NW","assessed_value":219000},{"address":"20763.0 58 AVENUE NW","assessed_value":485500},{"address":"7115.0 21 AVENUE SW","assessed_value":363500},{"address":"9363.0 SIMPSON DRIVE NW","assessed_value":131000},{"address":"2827.0 21 AVENUE NW","assessed_value":454500},{"address":"11615.0 ELLERSLIE ROAD SW","assessed_value":202500},{"address":"6951.0 19A AVENUE SW","assessed_value":544000},{"address":"13067.0 156 STREET NW","assessed_value":455000},{"address":"21150.0 92B AVENUE NW","assessed_value":450000},{"address":"2211.0 32A STREET NW","assessed_value":514000},{"address":"nan nan","assessed_value":9000},{"address":"604.0 62 STREET SW","assessed_value":178500},{"address":"3404.0 20 STREET NW","assessed_value":710000},{"address":"5604.0 199 STREET NW","assessed_value":243000},{"address":"10121.0 80 AVENUE NW","assessed_value":214500},{"address":"nan nan","assessed_value":19000},{"address":"11615.0 ELLERSLIE ROAD SW","assessed_value":221500},{"address":"nan nan","assessed_value":4000},{"address":"4008.0 101 STREET NW","assessed_value":1142000},{"address":"nan nan","assessed_value":10000},{"address":"9407.0 98 AVENUE NW","assessed_value":633500},{"address":"nan nan","assessed_value":7500},{"address":"nan nan","assessed_value":8000},{"address":"9919.0 105 STREET NW","assessed_value":135000},{"address":"nan nan","assessed_value":4000},{"address":"9136.0 23 AVENUE NW","assessed_value":2114500},{"address":"nan nan","assessed_value":9000},{"address":"9999.0 111 STREET NW","assessed_value":92000},{"address":"nan nan","assessed_value":19500},{"address":"nan nan","assessed_value":4000},{"address":"10644.0 109 STREET NW","assessed_value":70000},{"address":"6315.0 135 AVENUE NW","assessed_value":105000},{"address":"10404.0 24 AVENUE NW","assessed_value":166000},{"address":"10715.0 116 STREET NW","assessed_value":74000},{"address":"3253.0 WHITELAW DRIVE NW","assessed_value":655000},{"address":"7331.0 SOUTH TERWILLEGAR DRIVE NW","assessed_value":161500},{"address":"nan nan","assessed_value":4000},{"address":"10631.0 102 STREET NW","assessed_value":439500},{"address":"22006.0 94A AVENUE NW","assessed_value":540500},{"address":"nan nan","assessed_value":10000},{"address":"nan nan","assessed_value":14500},{"address":"9342.0 103 AVENUE NW","assessed_value":106000},{"address":"10210.0 122 STREET NW","assessed_value":100500},{"address":"nan nan","assessed_value":8000},{"address":"920.0 156 STREET NW","assessed_value":126000},{"address":"3416.0 19 STREET NW","assessed_value":709500},{"address":"nan nan","assessed_value":4000},{"address":"924.0 ARMITAGE COURT SW","assessed_value":656000},{"address":"7339.0 SOUTH TERWILLEGAR DRIVE NW","assessed_value":162000},{"address":"6925.0 199 STREET NW","assessed_value":137500},{"address":"nan nan","assessed_value":15000},{"address":"nan nan","assessed_value":4000},{"address":"2603.0 29 STREET NW","assessed_value":383500},{"address":"5604.0 199 STREET NW","assessed_value":273500},{"address":"10620.0 105 STREET NW","assessed_value":73500},{"address":"nan nan","assessed_value":3000},{"address":"nan nan","assessed_value":14500},{"address":"11603.0 ELLERSLIE ROAD SW","assessed_value":189500},{"address":"1011.0 ARMITAGE CRESCENT SW","assessed_value":623500},{"address":"nan nan","assessed_value":4000},{"address":"16808.0 57 STREET NW","assessed_value":579000},{"address":"8306.0 JASPER AVENUE NW","assessed_value":58000},{"address":"6422.0 MANN COURT NW","assessed_value":1465000},{"address":"10333.0 112 STREET NW","assessed_value":238000},{"address":"8931.0 156 STREET NW","assessed_value":219500},{"address":"2620.0 29 STREET NW","assessed_value":558000},{"address":"nan nan","assessed_value":10500},{"address":"445.0 WINDERMERE ROAD NW","assessed_value":841500},{"address":"2127.0 32 STREET NW","assessed_value":379500},{"address":"nan nan","assessed_value":4000},{"address":"3655.0 13 STREET NW","assessed_value":434500},{"address":"4367.0 VETERANS WAY NW","assessed_value":387500},{"address":"9357.0 SIMPSON DRIVE NW","assessed_value":125000},{"address":"nan nan","assessed_value":10500},{"address":"3426.0 WEST LANDING NW","assessed_value":964500},{"address":"835.0 WILDWOOD CRESCENT NW","assessed_value":1143000},{"address":"11603.0 ELLERSLIE ROAD SW","assessed_value":165500},{"address":"3295.0 WHITELAW DRIVE NW","assessed_value":912500},{"address":"11615.0 ELLERSLIE ROAD SW","assessed_value":165500},{"address":"6608.0 28 AVENUE NW","assessed_value":292500},{"address":"162.0 AMBLESIDE DRIVE SW","assessed_value":810000},{"address":"2916.0 21 AVENUE NW","assessed_value":462500},{"address":"2627.0 30 STREET NW","assessed_value":664000},{"address":"10531.0 117 STREET NW","assessed_value":178000},{"address":"10121.0 80 AVENUE NW","assessed_value":229500},{"address":"11025.0 124 STREET NW","assessed_value":69000},{"address":"nan nan","assessed_value":4000},{"address":"301.0 CLAREVIEW STATION DRIVE NW","assessed_value":157000},{"address":"21841.0 95A AVENUE NW","assessed_value":659500},{"address":"1936.0 68 STREET SW","assessed_value":574000},{"address":"330.0 CLAREVIEW STATION DRIVE NW","assessed_value":155000},{"address":"3228.0 21 AVENUE NW","assessed_value":504500},{"address":"nan nan","assessed_value":7000},{"address":"nan nan","assessed_value":4000},{"address":"2306.0 CAMERON RAVINE COVE NW","assessed_value":995000},{"address":"120.0 59 STREET SW","assessed_value":423000},{"address":"nan nan","assessed_value":7500},{"address":"127.0 WEBER CLOSE NW","assessed_value":728500},{"address":"6050.0 214 STREET NW","assessed_value":412000},{"address":"5928.0 209 STREET NW","assessed_value":562500},{"address":"470.0 MACEWAN ROAD SW","assessed_value":196000},{"address":"9641.0 54 AVENUE NW","assessed_value":487000},{"address":"465.0 HEMINGWAY ROAD NW","assessed_value":282500},{"address":"9603.0 98 AVENUE NW","assessed_value":223000},{"address":"nan nan","assessed_value":4000},{"address":"2815.0 34 AVENUE NW","assessed_value":434000},{"address":"716.0 CAINE BOULEVARD SW","assessed_value":703000},{"address":"6608.0 28 AVENUE NW","assessed_value":275000},{"address":"nan nan","assessed_value":14500},{"address":"6032.0 38 AVENUE NW","assessed_value":245000},{"address":"6918.0 19A AVENUE SW","assessed_value":426500},{"address":"204.0 55 STREET SW","assessed_value":620000},{"address":"10135.0 120 STREET NW","assessed_value":91500},{"address":"754.0 WELSH DRIVE SW","assessed_value":332500},{"address":"2248.0 WARRY LOOP SW","assessed_value":715000},{"address":"nan nan","assessed_value":5500},{"address":"1718.0 RABBIT HILL ROAD NW","assessed_value":452500},{"address":"470.0 MACEWAN ROAD SW","assessed_value":152000},{"address":"10232.0 115 STREET NW","assessed_value":342500},{"address":"10235.0 112 STREET NW","assessed_value":185500},{"address":"nan nan","assessed_value":7500},{"address":"8931.0 156 STREET NW","assessed_value":169500},{"address":"1619.0 JAMES MOWATT TRAIL SW","assessed_value":179500},{"address":"10632.0 103 STREET NW","assessed_value":72000},{"address":"16003.0 132 STREET NW","assessed_value":400500},{"address":"9999.0 111 STREET NW","assessed_value":81500},{"address":"nan nan","assessed_value":8000},{"address":"1311.0 60 STREET SW","assessed_value":510500},{"address":"nan nan","assessed_value":10000},{"address":"nan nan","assessed_value":10000},{"address":"16831.0 58 STREET NW","assessed_value":419500},{"address":"726.0 ADAMS WAY SW","assessed_value":804500},{"address":"6921.0 199 STREET NW","assessed_value":181000},{"address":"nan nan","assessed_value":10500},{"address":"7293.0 SOUTH TERWILLEGAR DRIVE NW","assessed_value":266000},{"address":"3078.0 WHITELAW DRIVE NW","assessed_value":608500},{"address":"2510.0 109 STREET NW","assessed_value":234500},{"address":"10121.0 80 AVENUE NW","assessed_value":192500},{"address":"11329.0 76 AVENUE NW","assessed_value":529000},{"address":"2126.0 AUSTIN LINK SW","assessed_value":482500},{"address":"nan nan","assessed_value":73500},{"address":"10303.0 111 STREET NW","assessed_value":212000},{"address":"nan nan","assessed_value":71000},{"address":"10020.0 29 AVENUE NW","assessed_value":2908000},{"address":"nan nan","assessed_value":5500},{"address":"20546.0 92A AVENUE NW","assessed_value":589000},{"address":"18334.0 97A AVENUE NW","assessed_value":558500},{"address":"11136.0 124 STREET NW","assessed_value":96500},{"address":"9919.0 105 STREET NW","assessed_value":160500},{"address":"6162.0 STINSON WAY NW","assessed_value":521000},{"address":"nan nan","assessed_value":4000},{"address":"17936.0 85 STREET NW","assessed_value":400500},{"address":"10620.0 105 STREET NW","assessed_value":96500},{"address":"9820.0 165 STREET NW","assessed_value":206500},{"address":"nan nan","assessed_value":86500},{"address":"301.0 CLAREVIEW STATION DRIVE NW","assessed_value":163500},{"address":"nan nan","assessed_value":10500},{"address":"1233.0 CUNNINGHAM DRIVE SW","assessed_value":626000},{"address":"7627.0 75 STREET NW","assessed_value":340000},{"address":"10140.0 151 STREET NW","assessed_value":113500},{"address":"103.0 AMBLESDIE DRIVE SW","assessed_value":193000},{"address":"nan nan","assessed_value":4500},{"address":"10210.0 122 STREET NW","assessed_value":125000},{"address":"9342.0 103 AVENUE NW","assessed_value":100500},{"address":"1204.0 156 STREET NW","assessed_value":131000},{"address":"15143.0 32 STREET NW","assessed_value":516000},{"address":"nan nan","assessed_value":4000},{"address":"10337.0 153 STREET NW","assessed_value":265000},{"address":"10155.0 151 STREET NW","assessed_value":97500},{"address":"22037.0 95B AVENUE NW","assessed_value":531500},{"address":"nan nan","assessed_value":10000},{"address":"1520.0 HAMMOND GATE NW","assessed_value":184500},{"address":"10118.0 106 AVENUE NW","assessed_value":198000},{"address":"7331.0 SOUTH TERWILLEGAR DRIVE NW","assessed_value":127000},{"address":"nan nan","assessed_value":7000},{"address":"6925.0 199 STREET NW","assessed_value":181500},{"address":"nan nan","assessed_value":4000},{"address":"nan nan","assessed_value":4500},{"address":"17350.0 8A AVENUE SW","assessed_value":542500},{"address":"6220.0 134 AVENUE NW","assessed_value":113500},{"address":"470.0 MACEWAN ROAD SW","assessed_value":182000},{"address":"nan nan","assessed_value":4000},{"address":"nan nan","assessed_value":14500},{"address":"9999.0 111 STREET NW","assessed_value":91000},{"address":"nan nan","assessed_value":19500},{"address":"450.0 HYNDMAN CRESCENT NW","assessed_value":237000},{"address":"nan nan","assessed_value":9000},{"address":"nan nan","assessed_value":8000},{"address":"7339.0 SOUTH TERWILLEGAR DRIVE NW","assessed_value":167500},{"address":"nan nan","assessed_value":4000},{"address":"nan nan","assessed_value":10500},{"address":"11318.0 13A AVENUE SW","assessed_value":532500},{"address":"10140.0 151 STREET NW","assessed_value":78500},{"address":"9819.0 104 STREET NW","assessed_value":166500},{"address":"7335.0 SOUTH TERWILLEGAR DRIVE NW","assessed_value":184500},{"address":"3023.0 22 AVENUE NW","assessed_value":393000},{"address":"3906.0 WHITELAW CLOSE NW","assessed_value":869000},{"address":"nan nan","assessed_value":4000},{"address":"nan nan","assessed_value":10500},{"address":"6304.0 SANDIN WAY NW","assessed_value":305500},{"address":"15004.0 45 AVENUE NW","assessed_value":138000},{"address":"nan nan","assessed_value":10000},{"address":"nan nan","assessed_value":19500},{"address":"nan nan","assessed_value":9000},{"address":"4245.0 139 AVENUE NW","assessed_value":121500},{"address":"4321.0 VETERANS WAY NW","assessed_value":387500},{"address":"9363.0 SIMPSON DRIVE NW","assessed_value":162000},{"address":"nan nan","assessed_value":19000}]