[{"address":"nan nan","assessed_value":7500},{"address":"1520.0 HAMMOND GATE NW","assessed_value":217500},{"address":"6220.0 134 AVENUE NW","assessed_value":159500},{"address":"1415.0 114A STREET SW","assessed_value":522500},{"address":"10558.0 78 AVENUE NW","assessed_value":297500},{"address":"6925.0 199 STREET NW","assessed_value":182500},{"address":"5.0 RIDGEWAY DRIVE NW","assessed_value":102000},{"address":"nan nan","assessed_value":10000},{"address":"nan nan","assessed_value":4000},{"address":"604.0 62 STREET SW","assessed_value":176500},{"address":"nan nan","assessed_value":7500},{"address":"7345.0 ROPER ROAD NW","assessed_value":641500},{"address":"nan nan","assessed_value":10500},{"address":"829.0 VALOUR MEWS NW","assessed_value":401000},{"address":"nan nan","assessed_value":99500},{"address":"nan nan","assessed_value":4000},{"address":"3635.0 14 STREET NW","assessed_value":570500},{"address":"6925.0 199 STREET NW","assessed_value":184500},{"address":"6412.0 16 AVENUE SW","assessed_value":370500},{"address":"2139.0 32 STREET NW","assessed_value":349000},{"address":"nan nan","assessed_value":4000},{"address":"10720.0 85 AVENUE NW","assessed_value":154500},{"address":"nan nan","assessed_value":4500},{"address":"nan nan","assessed_value":15000},{"address":"6025.0 214 STREET NW","assessed_value":352500},{"address":"9933.0 85 AVENUE NW","assessed_value":146500},{"address":"nan nan","assessed_value":184000},{"address":"9945.0 167 STREET NW","assessed_value":160500},{"address":"9316.0 82 AVENUE NW","assessed_value":244500},{"address":"nan nan","assessed_value":9500},{"address":"6608.0 28 AVENUE NW","assessed_value":240500},{"address":"nan nan","assessed_value":4000},{"address":"466.0 MACEWAN ROAD SW","assessed_value":180500},{"address":"nan nan","assessed_value":4500},{"address":"2438.0 CAMERON RAVINE DRIVE NW","assessed_value":15000},{"address":"9342.0 103 AVENUE NW","assessed_value":86000},{"address":"nan nan","assessed_value":8000},{"address":"20766.0 58 AVENUE NW","assessed_value":530000},{"address":"3620.0 14 STREET NW","assessed_value":579500},{"address":"6011.0 208 STREET NW","assessed_value":546500},{"address":"612.0 111 STREET SW","assessed_value":260000},{"address":"nan nan","assessed_value":7500},{"address":"nan nan","assessed_value":9000},{"address":"13625.0 34 STREET NW","assessed_value":182500},{"address":"263.0 MACEWAN ROAD SW","assessed_value":185500},{"address":"nan nan","assessed_value":4000},{"address":"nan nan","assessed_value":3000},{"address":"10136.0 104 STREET NW","assessed_value":343500},{"address":"18304.0 100 AVENUE NW","assessed_value":23630500},{"address":"10118.0 106 AVENUE NW","assessed_value":213000},{"address":"3207.0 152 AVENUE NW","assessed_value":533000},{"address":"nan nan","assessed_value":4000},{"address":"12247.0 FORT ROAD NW","assessed_value":464500},{"address":"nan nan","assessed_value":7500},{"address":"nan nan","assessed_value":7500},{"address":"nan nan","assessed_value":10500},{"address":"10318.0 155 STREET NW","assessed_value":412500},{"address":"12035.0 82 STREET NW","assessed_value":89000},{"address":"466.0 MACEWAN ROAD SW","assessed_value":192000},{"address":"7331.0 SOUTH TERWILLEGAR DRIVE NW","assessed_value":132500},{"address":"8731.0 180 AVENUE NW","assessed_value":498000},{"address":"16936.0 76 STREET NW","assessed_value":639500},{"address":"nan nan","assessed_value":15000},{"address":"nan nan","assessed_value":7500},{"address":"8560.0 88 STREET NW","assessed_value":359000},{"address":"nan nan","assessed_value":8000},{"address":"nan nan","assessed_value":3000},{"address":"7909.0 71 STREET NW","assessed_value":300500},{"address":"10135.0 120 STREET NW","assessed_value":95000},{"address":"20815.0 61 AVENUE NW","assessed_value":519500},{"address":"212.0 SECORD DRIVE NW","assessed_value":525000},{"address":"nan nan","assessed_value":500},{"address":"nan nan","assessed_value":4000},{"address":"4245.0 139 AVENUE NW","assessed_value":126500},{"address":"10205.0 120 AVENUE NW","assessed_value":151000},{"address":"1619.0 JAMES MOWATT TRAIL SW","assessed_value":202000},{"address":"20728.0 61 AVENUE NW","assessed_value":526500},{"address":"nan nan","assessed_value":7500},{"address":"10003.0 62 STREET NW","assessed_value":98500},{"address":"nan nan","assessed_value":15000},{"address":"13825.0 155 AVENUE NW","assessed_value":213500},{"address":"2544.0 CAMERON RAVINE LANDING NW","assessed_value":893500},{"address":"10146.0 154 STREET NW","assessed_value":62000},{"address":"nan nan","assessed_value":7500},{"address":"6152.0 STINSON WAY NW","assessed_value":575500},{"address":"16819.0 58 STREET NW","assessed_value":437000},{"address":"5951.0 165 AVENUE NW","assessed_value":176000},{"address":"nan nan","assessed_value":10000},{"address":"15004.0 45 AVENUE NW","assessed_value":117500},{"address":"6524.0 MANN LANE NW","assessed_value":944500},{"address":"nan nan","assessed_value":10000},{"address":"171.0 BRINTNELL BOULEVARD NW","assessed_value":258500},{"address":"6510.0 MANN LANE NW","assessed_value":791500},{"address":"8003.0 SHASKE DRIVE NW","assessed_value":526500},{"address":"nan nan","assessed_value":4000},{"address":"10525.0 80 AVENUE NW","assessed_value":262500},{"address":"7909.0 71 STREET NW","assessed_value":255500},{"address":"17110.0 7A AVENUE SW","assessed_value":353000},{"address":"11633.0 105 AVENUE NW","assessed_value":377000},{"address":"7909.0 71 STREET NW","assessed_value":208000},{"address":"nan nan","assessed_value":10000},{"address":"11203.0 103A AVENUE NW","assessed_value":214500},{"address":"10046.0 117 STREET NW","assessed_value":347500},{"address":"2311.0 WARRY COURT SW","assessed_value":657000},{"address":"10640.0 108 STREET NW","assessed_value":61500},{"address":"426.0 CALLAGHAN COURT SW","assessed_value":672000},{"address":"10121.0 80 AVENUE NW","assessed_value":223500},{"address":"nan nan","assessed_value":4500},{"address":"nan nan","assessed_value":8000},{"address":"nan nan","assessed_value":10500},{"address":"4245.0 139 AVENUE NW","assessed_value":178500},{"address":"nan nan","assessed_value":10000},{"address":"7319.0 21 AVENUE SW","assessed_value":483000},{"address":"9342.0 103 AVENUE NW","assessed_value":100500},{"address":"7331.0 SOUTH TERWILLEGAR DRIVE NW","assessed_value":131500},{"address":"12929.0 127 STREET NW","assessed_value":57500},{"address":"nan nan","assessed_value":4000},{"address":"11025.0 124 STREET NW","assessed_value":68500},{"address":"604.0 62 STREET SW","assessed_value":181500},{"address":"2518.0 ANDERSON WAY SW","assessed_value":373500},{"address":"1922.0 HAMMOND PLACE NW","assessed_value":463000},{"address":"1617.0 65 STREET SW","assessed_value":375000},{"address":"6832.0 SPEAKER VISTA NW","assessed_value":590000},{"address":"1520.0 HAMMOND GATE NW","assessed_value":187000},{"address":"nan nan","assessed_value":10000},{"address":"nan nan","assessed_value":10000},{"address":"nan nan","assessed_value":3500},{"address":"6608.0 28 AVENUE NW","assessed_value":294000},{"address":"nan nan","assessed_value":4000},{"address":"263.0 MACEWAN ROAD SW","assessed_value":177000},{"address":"12308.0 117 AVENUE NW","assessed_value":277000},{"address":"nan nan","assessed_value":8000},{"address":"6315.0 135 AVENUE NW","assessed_value":123000},{"address":"15550.0 131 AVENUE NW","assessed_value":361000},{"address":"247.0 OAK WOOD DRIVE NW","assessed_value":119000},{"address":"nan nan","assessed_value":15000},{"address":"1018.0 HOLLANDS POINT NW","assessed_value":1942000},{"address":"263.0 MACEWAN ROAD SW","assessed_value":174500},{"address":"10531.0 117 STREET NW","assessed_value":224000},{"address":"1119.0 CHAHLEY COURT NW","assessed_value":645500},{"address":"nan nan","assessed_value":4500},{"address":"9148.0 23 AVENUE NW","assessed_value":683500},{"address":"nan nan","assessed_value":10000},{"address":"6032.0 38 AVENUE NW","assessed_value":261500},{"address":"nan nan","assessed_value":10000},{"address":"nan nan","assessed_value":10500},{"address":"nan nan","assessed_value":4500},{"address":"nan nan","assessed_value":4000},{"address":"10408.0 92 STREET NW","assessed_value":84000},{"address":"nan nan","assessed_value":10500},{"address":"732.0 DECOTEAU WAY NW","assessed_value":608000},{"address":"9363.0 SIMPSON DRIVE NW","assessed_value":160000},{"address":"nan nan","assessed_value":15000},{"address":"nan nan","assessed_value":7500},{"address":"11136.0 124 STREET NW","assessed_value":105500},{"address":"11603.0 ELLERSLIE ROAD SW","assessed_value":169500},{"address":"6815.0 SPEAKER VISTA NW","assessed_value":490500},{"address":"nan nan","assessed_value":4500},{"address":"nan nan","assessed_value":7000},{"address":"2150.0 AUSTIN LINK SW","assessed_value":466500},{"address":"11934.0 105 STREET NW","assessed_value":69000},{"address":"nan nan","assessed_value":14500},{"address":"6504.0 129 AVENUE NW","assessed_value":70500},{"address":"6608.0 28 AVENUE NW","assessed_value":274500},{"address":"13045.0 156 STREET NW","assessed_value":665000},{"address":"130.0 HYNDMAN CRESCENT NW","assessed_value":226000},{"address":"10540.0 80 AVENUE NW","assessed_value":133500},{"address":"nan nan","assessed_value":4000},{"address":"3734.0 13 STREET NW","assessed_value":644500},{"address":"nan nan","assessed_value":7500},{"address":"1220.0 74 STREET SW","assessed_value":423500},{"address":"4305.0 WHITELAW WAY NW","assessed_value":815500},{"address":"nan nan","assessed_value":10500},{"address":"12931.0 64 STREET NW","assessed_value":56000},{"address":"2538.0 CAMERON RAVINE LANDING NW","assessed_value":807500},{"address":"1589.0 GLASTONBURY BOULEVARD NW","assessed_value":500},{"address":"177.0 CALLAGHAN DRIVE SW","assessed_value":902500},{"address":"13546.0 111 AVENUE NW","assessed_value":18903000},{"address":"nan nan","assessed_value":9500},{"address":"nan nan","assessed_value":10500},{"address":"7327.0 SOUTH TERWILLEGAR DRIVE NW","assessed_value":170000},{"address":"1004.0 PARSONS ROAD SW","assessed_value":322000},{"address":"470.0 MACEWAN ROAD SW","assessed_value":158500},{"address":"nan nan","assessed_value":8000},{"address":"1232.0 72 STREET SW","assessed_value":587500},{"address":"5803.0 211 STREET NW","assessed_value":483000},{"address":"12249.0 FORT ROAD NW","assessed_value":480500},{"address":"9748.0 81 AVENUE NW","assessed_value":206500},{"address":"nan nan","assessed_value":9500},{"address":"13825.0 155 AVENUE NW","assessed_value":236000},{"address":"4403.0 23 STREET NW","assessed_value":183000},{"address":"10333.0 112 STREET NW","assessed_value":245500},{"address":"nan nan","assessed_value":10500},{"address":"nan nan","assessed_value":2500},{"address":"1520.0 HAMMOND GATE NW","assessed_value":216000},{"address":"864.0 ARMITAGE WYND SW","assessed_value":610000},{"address":"2051.0 TOWNE CENTRE BOULEVARD NW","assessed_value":262500},{"address":"nan nan","assessed_value":8000},{"address":"nan nan","assessed_value":11000},{"address":"4316.0 139 AVENUE NW","assessed_value":141500},{"address":"nan nan","assessed_value":4500},{"address":"nan nan","assessed_value":7500},{"address":"17947.0 87 STREET NW","assessed_value":393000},{"address":"nan nan","assessed_value":4000},{"address":"nan nan","assessed_value":14500},{"address":"1154.0 35A AVENUE NW","assessed_value":452000},{"address":"8931.0 156 STREET NW","assessed_value":209000},{"address":"4245.0 139 AVENUE NW","assessed_value":132000},{"address":"11223.0 180 STREET NW","assessed_value":641000},{"address":"nan nan","assessed_value":5500},{"address":"nan nan","assessed_value":4500},{"address":"nan nan","assessed_value":8000},{"address":"9363.0 SIMPSON DRIVE NW","assessed_value":164000},{"address":"nan nan","assessed_value":19000},{"address":"1938.0 33B STREET NW","assessed_value":555500},{"address":"6720.0 19 AVENUE SW","assessed_value":549000},{"address":"3356.0 19 AVENUE NW","assessed_value":649000},{"address":"6711.0 16 AVENUE SW","assessed_value":863000},{"address":"4407.0 26 AVENUE NW","assessed_value":103000},{"address":"207.0 55 STREET SW","assessed_value":625000},{"address":"nan nan","assessed_value":15000},{"address":"9919.0 105 STREET NW","assessed_value":150500},{"address":"7293.0 SOUTH TERWILLEGAR DRIVE NW","assessed_value":297500},{"address":"6503.0 MANN LANE NW","assessed_value":853500},{"address":"nan nan","assessed_value":10000},{"address":"5474.0 CALGARY TRAIL NW","assessed_value":431500},{"address":"2032.0 32 STREET NW","assessed_value":382500},{"address":"7532.0 SPEAKER WAY NW","assessed_value":485000},{"address":"611.0 ADAMS WAY SW","assessed_value":704500},{"address":"733.0 ADAMS WAY SW","assessed_value":597000},{"address":"11734.0 85 STREET NW","assessed_value":73000},{"address":"425.0 HEMINGWAY ROAD NW","assessed_value":453500},{"address":"nan nan","assessed_value":4000},{"address":"1718.0 RABBIT HILL ROAD NW","assessed_value":205000},{"address":"nan nan","assessed_value":4000},{"address":"nan nan","assessed_value":7500},{"address":"6207.0 SOUTHESK LANDING NW","assessed_value":615500},{"address":"10041.0 152 STREET NW","assessed_value":77000},{"address":"9927.0 79 AVENUE NW","assessed_value":276500},{"address":"9813.0 104 STREET NW","assessed_value":118500},{"address":"nan nan","assessed_value":8500},{"address":"1003.0 GAULT BOULEVARD NW","assessed_value":299500},{"address":"10121.0 80 AVENUE NW","assessed_value":244500},{"address":"921.0 ARMITAGE COURT SW","assessed_value":594500},{"address":"7327.0 SOUTH TERWILLEGAR DRIVE NW","assessed_value":222500},{"address":"nan nan","assessed_value":4000},{"address":"nan nan","assessed_value":8000},{"address":"nan nan","assessed_value":4000},{"address":"1236.0 CHAHLEY LANDING NW","assessed_value":426500},{"address":"7909.0 71 STREET NW","assessed_value":247500},{"address":"nan nan","assessed_value":4000},{"address":"nan nan","assessed_value":10000},{"address":"11831.0 106 STREET NW","assessed_value":108500},{"address":"732.0 173 STREET SW","assessed_value":546500},{"address":"nan nan","assessed_value":4000},{"address":"nan nan","assessed_value":15000},{"address":"10210.0 122 STREET NW","assessed_value":107000},{"address":"7335.0 SOUTH TERWILLEGAR DRIVE NW","assessed_value":162000},{"address":"21913.0 95A AVENUE NW","assessed_value":563000},{"address":"nan nan","assessed_value":10500},{"address":"11633.0 105 AVENUE NW","assessed_value":454000},{"address":"9999.0 111 STREET NW","assessed_value":91500},{"address":"2144.0 33B STREET NW","assessed_value":564500},{"address":"8421.0 101 AVENUE NW","assessed_value":38890500},{"address":"10121.0 80 AVENUE NW","assessed_value":182000},{"address":"13625.0 34 STREET NW","assessed_value":176500},{"address":"10121.0 80 AVENUE NW","assessed_value":233000},{"address":"3365.0 28A AVENUE NW","assessed_value":5888000},{"address":"1638.0 66 AVENUE NW","assessed_value":125000},{"address":"10637.0 105 STREET NW","assessed_value":78000},{"address":"nan nan","assessed_value":7500},{"address":"12835.0 151 STREET NW","assessed_value":386500},{"address":"nan nan","assessed_value":8000},{"address":"nan nan","assessed_value":8000},{"address":"10136.0 104 STREET NW","assessed_value":227000},{"address":"nan nan","assessed_value":9000},{"address":"8931.0 156 STREET NW","assessed_value":165000},{"address":"6504.0 129 AVENUE NW","assessed_value":51500},{"address":"nan nan","assessed_value":7500},{"address":"nan nan","assessed_value":8000},{"address":"263.0 MACEWAN ROAD SW","assessed_value":170000},{"address":"140.0 56 STREET SW","assessed_value":571500},{"address":"9820.0 165 STREET NW","assessed_value":148500},{"address":"nan nan","assessed_value":4000},{"address":"1239.0 72 STREET SW","assessed_value":629500},{"address":"nan nan","assessed_value":7000},{"address":"4316.0 139 AVENUE NW","assessed_value":143000},{"address":"330.0 CLAREVIEW STATION DRIVE NW","assessed_value":212500},{"address":"nan nan","assessed_value":14500},{"address":"nan nan","assessed_value":7500},{"address":"5951.0 165 AVENUE NW","assessed_value":154500},{"address":"9999.0 111 STREET NW","assessed_value":100000},{"address":"10121.0 80 AVENUE NW","assessed_value":181500},{"address":"5604.0 199 STREET NW","assessed_value":266500},{"address":"1804.0 70 STREET SW","assessed_value":278000},{"address":"2421.0 WARRY PLACE SW","assessed_value":830500},{"address":"1730.0 LEGER GATE NW","assessed_value":351500},{"address":"871.0 HODGINS ROAD NW","assessed_value":670000},{"address":"13625.0 34 STREET NW","assessed_value":144000},{"address":"2451.0 AUSTIN CRESCENT SW","assessed_value":514000},{"address":"1404.0 HERMITAGE ROAD NW","assessed_value":238500},{"address":"930.0 ARMITAGE COURT SW","assessed_value":842500},{"address":"6944.0 19A AVENUE SW","assessed_value":441000},{"address":"nan nan","assessed_value":4500},{"address":"nan nan","assessed_value":19500},{"address":"10625.0 83 AVENUE NW","assessed_value":167000},{"address":"6711.0 19 AVENUE SW","assessed_value":562000},{"address":"8021.0 115 AVENUE NW","assessed_value":102000},{"address":"301.0 CLAREVIEW STATION DRIVE NW","assessed_value":152500},{"address":"nan nan","assessed_value":19000},{"address":"20730.0 58 AVENUE NW","assessed_value":618000},{"address":"nan nan","assessed_value":15000},{"address":"2142.0 33A STREET NW","assessed_value":458000},{"address":"1188.0 HYNDMAN ROAD NW","assessed_value":140500},{"address":"11615.0 ELLERSLIE ROAD SW","assessed_value":167500},{"address":"nan nan","assessed_value":4000},{"address":"11827.0 105 STREET NW","assessed_value":144500},{"address":"nan nan","assessed_value":4000},{"address":"2612.0 31 STREET NW","assessed_value":588000},{"address":"1730.0 LEGER GATE NW","assessed_value":349000},{"address":"nan nan","assessed_value":8000},{"address":"nan nan","assessed_value":7500},{"address":"15151.0 43 STREET NW","assessed_value":316500},{"address":"nan nan","assessed_value":41000},{"address":"2510.0 109 STREET NW","assessed_value":187000},{"address":"17928.0 87 STREET NW","assessed_value":434500},{"address":"15704.0 95 STREET NW","assessed_value":333500},{"address":"nan nan","assessed_value":10500},{"address":"612.0 111 STREET SW","assessed_value":220500},{"address":"1320.0 RUTHERFORD ROAD SW","assessed_value":292000},{"address":"nan nan","assessed_value":7500},{"address":"10136.0 104 STREET NW","assessed_value":252000},{"address":"7918.0 106 STREET NW","assessed_value":399000},{"address":"17121.0 7A AVENUE SW","assessed_value":354000},{"address":"nan nan","assessed_value":4000},{"address":"9820.0 165 STREET NW","assessed_value":152000},{"address":"7293.0 SOUTH TERWILLEGAR DRIVE NW","assessed_value":272500},{"address":"1730.0 LEGER GATE NW","assessed_value":326500},{"address":"nan nan","assessed_value":8000},{"address":"15525.0 103 AVENUE NW","assessed_value":99000},{"address":"920.0 156 STREET NW","assessed_value":168500},{"address":"2480.0 AUSTIN CRESCENT SW","assessed_value":413000},{"address":"9080.0 SHAW WAY SW","assessed_value":363000},{"address":"9257.0 208A STREET NW","assessed_value":456500},{"address":"1204.0 156 STREET NW","assessed_value":221500},{"address":"1407.0 GLASTONBURY BOULEVARD NW","assessed_value":442500},{"address":"nan nan","assessed_value":7000},{"address":"15462.0 131 AVENUE NW","assessed_value":1661000},{"address":"3720.0 118 AVENUE NW","assessed_value":59500},{"address":"1031.0 CHAHLEY LANE NW","assessed_value":546500},{"address":"nan nan","assessed_value":8000},{"address":"nan nan","assessed_value":15000},{"address":"nan nan","assessed_value":7500},{"address":"11930.0 100 AVENUE NW","assessed_value":15000},{"address":"9919.0 105 STREET NW","assessed_value":160000},{"address":"10625.0 83 AVENUE NW","assessed_value":173000},{"address":"130.0 HYNDMAN CRESCENT NW","assessed_value":238500},{"address":"10055.0 118 STREET NW","assessed_value":225500},{"address":"704.0 173 STREET SW","assessed_value":485500},{"address":"nan nan","assessed_value":4000},{"address":"6967.0 19A AVENUE SW","assessed_value":481500},{"address":"nan nan","assessed_value":10500},{"address":"4055.0 WHISPERING RIVER DRIVE NW","assessed_value":1036500},{"address":"7215.0 21 AVENUE SW","assessed_value":371500},{"address":"nan nan","assessed_value":10000},{"address":"320.0 CLAREVIEW STATION DRIVE NW","assessed_value":171000},{"address":"nan nan","assessed_value":7500},{"address":"2862.0 ANDERSON PLACE SW","assessed_value":708500},{"address":"2562.0 ANDERSON WAY SW","assessed_value":813000},{"address":"22965.0 112 AVENUE NW","assessed_value":410500},{"address":"1213.0 CHAHLEY LANDING NW","assessed_value":659500},{"address":"466.0 MACEWAN ROAD SW","assessed_value":183500},{"address":"2113.0 33B STREET NW","assessed_value":493500},{"address":"1705.0 65 STREET SW","assessed_value":409000},{"address":"7293.0 SOUTH TERWILLEGAR DRIVE NW","assessed_value":308000},{"address":"11930.0 100 AVENUE NW","assessed_value":3156000},{"address":"10715.0 112 STREET NW","assessed_value":67500},{"address":"301.0 CLAREVIEW STATION DRIVE NW","assessed_value":164500},{"address":"600.0 KIRKNESS ROAD NW","assessed_value":115000},{"address":"1163.0 35 AVENUE NW","assessed_value":13500},{"address":"8021.0 115 AVENUE NW","assessed_value":106000},{"address":"8314.0 81 AVENUE NW","assessed_value":243500},{"address":"11639.0 124 STREET NW","assessed_value":58000},{"address":"4245.0 139 AVENUE NW","assessed_value":159000},{"address":"16723.0 58 STREET NW","assessed_value":460500},{"address":"nan nan","assessed_value":4500},{"address":"10011.0 62 STREET NW","assessed_value":109000},{"address":"9945.0 167 STREET NW","assessed_value":146000},{"address":"12610.0 15 AVENUE SW","assessed_value":428500},{"address":"2503.0 HANNA CRESCENT NW","assessed_value":205500},{"address":"11630.0 119 STREET NW","assessed_value":548500},{"address":"2503.0 HANNA CRESCENT NW","assessed_value":197500},{"address":"2504.0 109 STREET NW","assessed_value":331500},{"address":"nan nan","assessed_value":7500},{"address":"nan nan","assessed_value":5500},{"address":"9730.0 156 STREET NW","assessed_value":81500},{"address":"5923.0 208 STREET NW","assessed_value":499000},{"address":"6026.0 213 STREET NW","assessed_value":352000},{"address":"5416.0 36 STREET NW","assessed_value":389500},{"address":"135.0 54 STREET SW","assessed_value":535000},{"address":"1053.0 GAULT BOULEVARD NW","assessed_value":420000},{"address":"nan nan","assessed_value":4000},{"address":"nan nan","assessed_value":9000},{"address":"450.0 HYNDMAN CRESCENT NW","assessed_value":250000},{"address":"nan nan","assessed_value":7500},{"address":"600.0 KIRKNESS ROAD NW","assessed_value":109000},{"address":"2123.0 AUSTIN LINK SW","assessed_value":409000},{"address":"4245.0 139 AVENUE NW","assessed_value":118000},{"address":"nan nan","assessed_value":10500},{"address":"13825.0 155 AVENUE NW","assessed_value":241000},{"address":"18109.0 96A AVENUE NW","assessed_value":663000},{"address":"11935.0 106 STREET NW","assessed_value":182500},{"address":"1391.0 113 STREET SW","assessed_value":678000},{"address":"6504.0 129 AVENUE NW","assessed_value":55000},{"address":"nan nan","assessed_value":15000},{"address":"1909.0 32A STREET NW","assessed_value":528000},{"address":"466.0 MACEWAN ROAD SW","assessed_value":141500},{"address":"nan nan","assessed_value":7000},{"address":"2112.0 33A STREET NW","assessed_value":616500},{"address":"3407.0 107 AVENUE NW","assessed_value":63500},{"address":"9945.0 167 STREET NW","assessed_value":146500},{"address":"5604.0 199 STREET NW","assessed_value":271000},{"address":"7909.0 71 STREET NW","assessed_value":209000},{"address":"nan nan","assessed_value":4000},{"address":"3249.0 21A AVENUE NW","assessed_value":666500},{"address":"nan nan","assessed_value":3000},{"address":"15450.0 131 AVENUE NW","assessed_value":1342000},{"address":"5916.0 208 STREET NW","assessed_value":563500},{"address":"6315.0 135 AVENUE NW","assessed_value":123000},{"address":"nan nan","assessed_value":4000},{"address":"7512.0 10 AVENUE SW","assessed_value":529500},{"address":"2466.0 CAMERON RAVINE DRIVE NW","assessed_value":990500},{"address":"320.0 CLAREVIEW STATION DRIVE NW","assessed_value":160000},{"address":"nan nan","assessed_value":4000},{"address":"nan nan","assessed_value":10500},{"address":"nan nan","assessed_value":10500},{"address":"10003.0 62 STREET NW","assessed_value":86000},{"address":"9091.0 SHAW WAY SW","assessed_value":368500},{"address":"6926.0 19A AVENUE SW","assessed_value":430000},{"address":"1188.0 HYNDMAN ROAD NW","assessed_value":139500},{"address":"22003.0 115 AVENUE NW","assessed_value":718000},{"address":"nan nan","assessed_value":5500},{"address":"12706.0 123A STREET NW","assessed_value":319000},{"address":"412.0 WINDERMERE ROAD NW","assessed_value":574000},{"address":"1520.0 HAMMOND GATE NW","assessed_value":232000},{"address":"6136.0 10 AVENUE SW","assessed_value":531500},{"address":"6035.0 213 STREET NW","assessed_value":365000},{"address":"470.0 MACEWAN ROAD SW","assessed_value":142500},{"address":"nan nan","assessed_value":15000},{"address":"6175.0 STINSON WAY NW","assessed_value":770500},{"address":"600.0 KIRKNESS ROAD NW","assessed_value":94000},{"address":"nan nan","assessed_value":15000},{"address":"nan nan","assessed_value":10500},{"address":"119.0 CALLAGHAN DRIVE SW","assessed_value":376000},{"address":"809.0 HODGINS ROAD NW","assessed_value":571000},{"address":"nan nan","assessed_value":4000},{"address":"nan nan","assessed_value":4000},{"address":"320.0 CLAREVIEW STATION DRIVE NW","assessed_value":153500},{"address":"nan nan","assessed_value":8000},{"address":"5005.0 165 AVENUE NW","assessed_value":139500},{"address":"637.0 ADAMS WAY SW","assessed_value":609500},{"address":"3650.0 13 STREET NW","assessed_value":510000},{"address":"9819.0 104 STREET NW","assessed_value":286000},{"address":"nan nan","assessed_value":7000},{"address":"5207.0 MULLEN CREST NW","assessed_value":1442500},{"address":"nan nan","assessed_value":7000},{"address":"nan nan","assessed_value":7500},{"address":"nan nan","assessed_value":7500},{"address":"8715.0 53 AVENUE NW","assessed_value":733000},{"address":"9519.0 221 STREET NW","assessed_value":546500},{"address":"1528.0 TOWNE CENTRE BOULEVARD NW","assessed_value":448000},{"address":"2504.0 109 STREET NW","assessed_value":200500},{"address":"6608.0 28 AVENUE NW","assessed_value":206000},{"address":"nan nan","assessed_value":10500},{"address":"13215.0 153 AVENUE NW","assessed_value":222500},{"address":"612.0 111 STREET SW","assessed_value":171500},{"address":"5818.0 168A AVENUE NW","assessed_value":483000},{"address":"2698.0 ANDERSON CRESCENT SW","assessed_value":611500},{"address":"nan nan","assessed_value":7500},{"address":"nan nan","assessed_value":4000},{"address":"7335.0 SOUTH TERWILLEGAR DRIVE NW","assessed_value":162000},{"address":"nan nan","assessed_value":4000},{"address":"103.0 AMBLESIDE DRIVE SW","assessed_value":139500},{"address":"1520.0 HAMMOND GATE NW","assessed_value":184000},{"address":"4245.0 139 AVENUE NW","assessed_value":132000},{"address":"1407.0 GLASTONBURY BOULEVARD NW","assessed_value":385500},{"address":"1901.0 126 STREET SW","assessed_value":443500},{"address":"1003.0 GAULT BOULEVARD NW","assessed_value":254000},{"address":"2608.0 30 STREET NW","assessed_value":545500},{"address":"920.0 156 STREET NW","assessed_value":140500},{"address":"7335.0 SOUTH TERWILLEGAR DRIVE NW","assessed_value":165500},{"address":"nan nan","assessed_value":9000},{"address":"7533.0 SPEAKER WAY NW","assessed_value":654000},{"address":"301.0 CLAREVIEW STATION DRIVE NW","assessed_value":156500},{"address":"nan nan","assessed_value":4000},{"address":"11351.0 174 STREET NW","assessed_value":505000},{"address":"20747.0 58 AVENUE NW","assessed_value":535500},{"address":"726.0 CAINE BOULEVARD SW","assessed_value":729000},{"address":"10565.0 172 STREET NW","assessed_value":236500},{"address":"1589.0 GLASTONBURY BOULEVARD NW","assessed_value":274000},{"address":"nan nan","assessed_value":4000},{"address":"10121.0 80 AVENUE NW","assessed_value":170000},{"address":"nan nan","assessed_value":10000},{"address":"10724.0 105 STREET NW","assessed_value":99500},{"address":"nan nan","assessed_value":4500},{"address":"16733.0 58A STREET NW","assessed_value":510000},{"address":"nan nan","assessed_value":4500},{"address":"9363.0 SIMPSON DRIVE NW","assessed_value":156500},{"address":"nan nan","assessed_value":7500},{"address":"9919.0 105 STREET NW","assessed_value":139500},{"address":"9925.0 156 STREET NW","assessed_value":70500},{"address":"10040.0 151 STREET NW","assessed_value":67000},{"address":"828.0 172 STREET SW","assessed_value":525500},{"address":"2114.0 89B STREET SW","assessed_value":695000},{"address":"10625.0 107 AVENUE NW","assessed_value":62500},{"address":"6220.0 134 AVENUE NW","assessed_value":167000},{"address":"9999.0 111 STREET NW","assessed_value":82500},{"address":"6220.0 134 AVENUE NW","assessed_value":155000},{"address":"nan nan","assessed_value":19500},{"address":"11420.0 14 AVENUE SW","assessed_value":372500},{"address":"2016.0 HAMMOND CLOSE NW","assessed_value":367500},{"address":"301.0 CLAREVIEW STATION DRIVE NW","assessed_value":122000},{"address":"3225.0 CAMERON HEIGHTS WAY NW","assessed_value":1802500},{"address":"7119.0 SOUTH TERWILLEGAR DRIVE NW","assessed_value":528000},{"address":"6317.0 MANN PLACE NW","assessed_value":787500},{"address":"4316.0 139 AVENUE NW","assessed_value":156000},{"address":"1625.0 64 STREET SW","assessed_value":374500},{"address":"2504.0 109 STREET NW","assessed_value":265000},{"address":"nan nan","assessed_value":4000},{"address":"16003.0 132 STREET NW","assessed_value":339000},{"address":"2142.0 32B STREET NW","assessed_value":595000},{"address":"9316.0 82 AVENUE NW","assessed_value":265500},{"address":"10232.0 115 STREET NW","assessed_value":352500},{"address":"8406.0 104 STREET NW","assessed_value":172000},{"address":"10644.0 109 STREET NW","assessed_value":81500},{"address":"nan nan","assessed_value":4000},{"address":"nan nan","assessed_value":4500},{"address":"nan nan","assessed_value":69000},{"address":"10055.0 118 STREET NW","assessed_value":260000},{"address":"1227.0 CHAHLEY LANDING NW","assessed_value":649500},{"address":"330.0 CLAREVIEW STATION DRIVE NW","assessed_value":175500},{"address":"3315.0 21 AVENUE NW","assessed_value":528000},{"address":"nan nan","assessed_value":4000},{"address":"10315.0 115 STREET NW","assessed_value":102000},{"address":"10136.0 104 STREET NW","assessed_value":340000},{"address":"nan nan","assessed_value":19500},{"address":"10011.0 62 STREET NW","assessed_value":89500},{"address":"nan nan","assessed_value":15000},{"address":"403.0 WINDERMERE ROAD NW","assessed_value":701000},{"address":"2504.0 109 STREET NW","assessed_value":194000},{"address":"nan nan","assessed_value":19500},{"address":"nan nan","assessed_value":5500},{"address":"12828.0 126 STREET NW","assessed_value":295000},{"address":"1876.0 33 STREET NW","assessed_value":531500},{"address":"1520.0 HAMMOND GATE NW","assessed_value":192500},{"address":"603.0 WATT BOULEVARD SW","assessed_value":312000},{"address":"1143.0 35 AVENUE NW","assessed_value":429000},{"address":"2684.0 ANDERSON CRESCENT SW","assessed_value":600500},{"address":"11827.0 105 STREET NW","assessed_value":138000},{"address":"nan nan","assessed_value":4000},{"address":"4316.0 139 AVENUE NW","assessed_value":153000},{"address":"nan nan","assessed_value":10000},{"address":"10515.0 74 STREET NW","assessed_value":636500},{"address":"1857.0 RUTHERFORD ROAD SW","assessed_value":569000},{"address":"7111.0 80 AVENUE NW","assessed_value":102500},{"address":"nan nan","assessed_value":4000},{"address":"1619.0 JAMES MOWATT TRAIL SW","assessed_value":151000},{"address":"6111.0 12 AVENUE SW","assessed_value":467500},{"address":"7191.0 SOUTH TERWILLEGAR DRIVE NW","assessed_value":554000},{"address":"nan nan","assessed_value":10000},{"address":"nan nan","assessed_value":7000},{"address":"11025.0 124 STREET NW","assessed_value":59000},{"address":"1730.0 LEGER GATE NW","assessed_value":323000},{"address":"nan nan","assessed_value":4500},{"address":"3010.0 33 AVENUE NW","assessed_value":250500},{"address":"1804.0 70 STREET SW","assessed_value":278000},{"address":"nan nan","assessed_value":14500},{"address":"3193.0 WHITELAW DRIVE NW","assessed_value":376000},{"address":"10625.0 83 AVENUE NW","assessed_value":164500},{"address":"4912.0 214 STREET NW","assessed_value":423500},{"address":"nan nan","assessed_value":76500},{"address":"10106.0 162 STREET NW","assessed_value":93500},{"address":"11025.0 124 STREET NW","assessed_value":70500},{"address":"1730.0 LEGER GATE NW","assessed_value":326500},{"address":"5015.0 212 STREET NW","assessed_value":1303000},{"address":"10118.0 106 AVENUE NW","assessed_value":154500},{"address":"1785.0 HAMMOND CRESCENT NW","assessed_value":453000},{"address":"793.0 DRYSDALE RUN NW","assessed_value":1493000},{"address":"2815.0 34 AVENUE NW","assessed_value":435000},{"address":"11136.0 124 STREET NW","assessed_value":83000},{"address":"9999.0 111 STREET NW","assessed_value":127500},{"address":"9820.0 165 STREET NW","assessed_value":151000},{"address":"1718.0 RABBIT HILL ROAD NW","assessed_value":197000},{"address":"171.0 BRINTNELL BOULEVARD NW","assessed_value":252000},{"address":"nan nan","assessed_value":7500},{"address":"14608.0 125 STREET NW","assessed_value":180000},{"address":"1422.0 114B STREET SW","assessed_value":606000},{"address":"nan nan","assessed_value":6500},{"address":"10640.0 108 STREET NW","assessed_value":50500},{"address":"20752.0 61 AVENUE NW","assessed_value":501000},{"address":"380.0 SILVER BERRY ROAD NW","assessed_value":277500},{"address":"nan nan","assessed_value":10500},{"address":"nan nan","assessed_value":15000},{"address":"nan nan","assessed_value":10500},{"address":"6020.0 214 STREET NW","assessed_value":388500},{"address":"12028.0 88 STREET NW","assessed_value":285000},{"address":"1407.0 GLASTONBURY BOULEVARD NW","assessed_value":399500},{"address":"10931.0 177 STREET NW","assessed_value":21753000},{"address":"7331.0 SOUTH TERWILLEGAR DRIVE NW","assessed_value":167000},{"address":"5120.0 154 AVENUE NW","assessed_value":708000},{"address":"1003.0 GAULT BOULEVARD NW","assessed_value":232500},{"address":"612.0 111 STREET SW","assessed_value":179000},{"address":"12050.0 17 AVENUE SW","assessed_value":243000},{"address":"5005.0 165 AVENUE NW","assessed_value":148500},{"address":"11505.0 107 AVENUE NW","assessed_value":72000},{"address":"3820.0 ALLAN DRIVE SW","assessed_value":385000},{"address":"6608.0 28 AVENUE NW","assessed_value":487000},{"address":"11923.0 106 STREET NW","assessed_value":86500},{"address":"nan nan","assessed_value":7500},{"address":"10315.0 156 STREET NW","assessed_value":77500},{"address":"nan nan","assessed_value":15000},{"address":"7293.0 SOUTH TERWILLEGAR DRIVE NW","assessed_value":297500},{"address":"8021.0 71 STREET NW","assessed_value":5668500},{"address":"3627.0 13 STREET NW","assessed_value":434500},{"address":"nan nan","assessed_value":14500},{"address":"136.0 57 STREET SW","assessed_value":457000},{"address":"nan nan","assessed_value":15000},{"address":"10046.0 117 STREET NW","assessed_value":350500},{"address":"131.0 54 STREET SW","assessed_value":632000},{"address":"nan nan","assessed_value":19000},{"address":"nan nan","assessed_value":7000},{"address":"6013.0 207A STREET NW","assessed_value":666500},{"address":"10945.0 84 STREET NW","assessed_value":65500},{"address":"nan nan","assessed_value":4000},{"address":"10235.0 112 STREET NW","assessed_value":253500},{"address":"nan nan","assessed_value":4500},{"address":"9357.0 SIMPSON DRIVE NW","assessed_value":163000},{"address":"10333.0 112 STREET NW","assessed_value":180500},{"address":"6925.0 199 STREET NW","assessed_value":180500},{"address":"122.0 WEBER CLOSE NW","assessed_value":1182000},{"address":"6510.0 90 AVENUE NW","assessed_value":65000},{"address":"1407.0 GLASTONBURY BOULEVARD NW","assessed_value":425000},{"address":"10531.0 117 STREET NW","assessed_value":201500},{"address":"nan nan","assessed_value":7000},{"address":"301.0 CLAREVIEW STATION DRIVE NW","assessed_value":174500},{"address":"1955.0 33B STREET NW","assessed_value":536000},{"address":"10142.0 162 STREET NW","assessed_value":106500},{"address":"4245.0 139 AVENUE NW","assessed_value":191500},{"address":"1275.0 CUNNINGHAM DRIVE SW","assessed_value":708500},{"address":"263.0 MACEWAN ROAD SW","assessed_value":192500},{"address":"301.0 CLAREVIEW STATION DRIVE NW","assessed_value":114000},{"address":"7339.0 SOUTH TERWILLEGAR DRIVE NW","assessed_value":184500},{"address":"3307.0 23 AVENUE NW","assessed_value":223000},{"address":"nan nan","assessed_value":10500},{"address":"nan nan","assessed_value":4000},{"address":"nan nan","assessed_value":15000},{"address":"204.0 58 STREET SW","assessed_value":402500},{"address":"nan nan","assessed_value":8500},{"address":"3336.0 20 AVENUE NW","assessed_value":582000},{"address":"7327.0 SOUTH TERWILLEGAR DRIVE NW","assessed_value":135500},{"address":"nan nan","assessed_value":7500},{"address":"7293.0 SOUTH TERWILLEGAR DRIVE NW","assessed_value":308000},{"address":"466.0 MACEWAN ROAD SW","assessed_value":174500},{"address":"nan nan","assessed_value":10000},{"address":"10724.0 115 STREET NW","assessed_value":80000},{"address":"nan nan","assessed_value":9000},{"address":"1589.0 GLASTONBURY BOULEVARD NW","assessed_value":233500},{"address":"10121.0 80 AVENUE NW","assessed_value":205000},{"address":"10235.0 112 STREET NW","assessed_value":186500},{"address":"12246.0 91 STREET NW","assessed_value":304500},{"address":"nan nan","assessed_value":15000},{"address":"8618.0 106 AVENUE NW","assessed_value":94500},{"address":"nan nan","assessed_value":7500},{"address":"nan nan","assessed_value":4000},{"address":"7293.0 SOUTH TERWILLEGAR DRIVE NW","assessed_value":296000},{"address":"nan nan","assessed_value":10000},{"address":"7331.0 SOUTH TERWILLEGAR DRIVE NW","assessed_value":177500},{"address":"3317.0 21A AVENUE NW","assessed_value":515000},{"address":"nan nan","assessed_value":7000},{"address":"9363.0 SIMPSON DRIVE NW","assessed_value":178500},{"address":"10155.0 151 STREET NW","assessed_value":87500},{"address":"1331.0 113 STREET SW","assessed_value":547000},{"address":"1909.0 HAMMOND PLACE NW","assessed_value":468500},{"address":"2299.0 AUSTIN WAY SW","assessed_value":399500},{"address":"903.0 VALOUR WAY NW","assessed_value":50500},{"address":"nan nan","assessed_value":4000},{"address":"7924.0 83 AVENUE NW","assessed_value":121500},{"address":"nan nan","assessed_value":4000},{"address":"nan nan","assessed_value":19500},{"address":"11913.0 103 STREET NW","assessed_value":223500},{"address":"6304.0 SANDIN WAY NW","assessed_value":310500},{"address":"9109.0 SHAW WAY SW","assessed_value":368500},{"address":"1320.0 RUTHERFORD ROAD SW","assessed_value":257500},{"address":"1636.0 64 STREET SW","assessed_value":381500},{"address":"1372.0 70 STREET SW","assessed_value":810000},{"address":"6116.0 10 AVENUE SW","assessed_value":516000},{"address":"6925.0 199 STREET NW","assessed_value":219500},{"address":"nan nan","assessed_value":10500},{"address":"nan nan","assessed_value":15000},{"address":"nan nan","assessed_value":7500},{"address":"12930.0 140 AVENUE NW","assessed_value":283500},{"address":"nan nan","assessed_value":10500},{"address":"nan nan","assessed_value":4000},{"address":"5604.0 199 STREET NW","assessed_value":272000},{"address":"nan nan","assessed_value":3000},{"address":"2408.0 AUSTIN CRESCENT SW","assessed_value":458500},{"address":"11417.0 14 AVENUE SW","assessed_value":367000},{"address":"1935.0 33A STREET NW","assessed_value":526000},{"address":"nan nan","assessed_value":4500},{"address":"nan nan","assessed_value":7000},{"address":"15934.0 95 STREET NW","assessed_value":353500},{"address":"nan nan","assessed_value":10500},{"address":"nan nan","assessed_value":8000},{"address":"130.0 HYNDMAN CRESCENT NW","assessed_value":223500},{"address":"12415.0 9 STREET NE","assessed_value":195000},{"address":"1324.0 74 STREET SW","assessed_value":465500},{"address":"20865.0 92A AVENUE NW","assessed_value":577000},{"address":"13625.0 34 STREET NW","assessed_value":150500},{"address":"nan nan","assessed_value":4000},{"address":"nan nan","assessed_value":15000},{"address":"1104.0 CONNELLY COURT SW","assessed_value":724000},{"address":"9927.0 79 AVENUE NW","assessed_value":278000},{"address":"2503.0 HANNA CRESCENT NW","assessed_value":242000},{"address":"12408.0 15 AVENUE SW","assessed_value":283000},{"address":"14608.0 125 STREET NW","assessed_value":174500},{"address":"nan nan","assessed_value":15000},{"address":"9006.0 149 STREET NW","assessed_value":81500},{"address":"nan nan","assessed_value":19500},{"address":"16024.0 138 STREET NW","assessed_value":469000},{"address":"nan nan","assessed_value":3000},{"address":"nan nan","assessed_value":4500},{"address":"nan nan","assessed_value":5500},{"address":"nan nan","assessed_value":4000},{"address":"2503.0 HANNA CRESCENT NW","assessed_value":190000},{"address":"1149.0 35A AVENUE NW","assessed_value":466500},{"address":"nan nan","assessed_value":9000},{"address":"nan nan","assessed_value":10000},{"address":"603.0 WATT BOULEVARD SW","assessed_value":287000},{"address":"7339.0 SOUTH TERWILLEGAR DRIVE NW","assessed_value":173000},{"address":"nan nan","assessed_value":8000},{"address":"1518.0 TOWNE CENTRE BOULEVARD NW","assessed_value":463000},{"address":"4316.0 139 AVENUE NW","assessed_value":143000},{"address":"908.0 ARMITAGE COURT SW","assessed_value":567500},{"address":"10136.0 104 STREET NW","assessed_value":256000},{"address":"nan nan","assessed_value":500},{"address":"nan nan","assessed_value":500},{"address":"4245.0 139 AVENUE NW","assessed_value":121500},{"address":"604.0 62 STREET SW","assessed_value":184000},{"address":"241.0 SECORD DRIVE NW","assessed_value":526500},{"address":"nan nan","assessed_value":10500},{"address":"2510.0 109 STREET NW","assessed_value":226000},{"address":"749.0 DECOTEAU WAY NW","assessed_value":505000},{"address":"3403.0 WEST LANDING NW","assessed_value":712500},{"address":"nan nan","assessed_value":4500},{"address":"1520.0 HAMMOND GATE NW","assessed_value":186500},{"address":"5112.0 156 AVENUE NW","assessed_value":590500},{"address":"1650.0 TOWNE CENTRE BOULEVARD NW","assessed_value":266000},{"address":"12408.0 15 AVENUE SW","assessed_value":220000},{"address":"2265.0 AUSTIN WAY SW","assessed_value":372000},{"address":"5604.0 199 STREET NW","assessed_value":271000},{"address":"380.0 SILVER BERRY ROAD NW","assessed_value":275000},{"address":"9004.0 178 STREET NW","assessed_value":792500},{"address":"10142.0 162 STREET NW","assessed_value":95000},{"address":"9207.0 160 AVENUE NW","assessed_value":557500},{"address":"nan nan","assessed_value":8000},{"address":"11136.0 124 STREET NW","assessed_value":83000},{"address":"1956.0 33B STREET NW","assessed_value":607500},{"address":"2289.0 WARRY LOOP SW","assessed_value":722000},{"address":"20545.0 92A AVENUE NW","assessed_value":595000},{"address":"10136.0 104 STREET NW","assessed_value":283500},{"address":"3238.0 22A AVENUE NW","assessed_value":489000},{"address":"nan nan","assessed_value":19500},{"address":"3720.0 118 AVENUE NW","assessed_value":48000},{"address":"nan nan","assessed_value":4000},{"address":"2015.0 HAMMOND CLOSE NW","assessed_value":351500},{"address":"11917.0 103 STREET NW","assessed_value":166500},{"address":"10190.0 115 STREET NW","assessed_value":75500},{"address":"380.0 SILVER BERRY ROAD NW","assessed_value":283000},{"address":"nan nan","assessed_value":7000},{"address":"nan nan","assessed_value":19500},{"address":"nan nan","assessed_value":15000},{"address":"nan nan","assessed_value":7000},{"address":"14612.0 125 STREET NW","assessed_value":199500},{"address":"4403.0 23 STREET NW","assessed_value":154500},{"address":"2504.0 109 STREET NW","assessed_value":195500},{"address":"10333.0 112 STREET NW","assessed_value":195000},{"address":"3213.0 WATSON COURT SW","assessed_value":1137500},{"address":"12408.0 15 AVENUE SW","assessed_value":213500},{"address":"11923.0 106 STREET NW","assessed_value":65500},{"address":"7327.0 SOUTH TERWILLEGAR DRIVE NW","assessed_value":172500},{"address":"7909.0 71 STREET NW","assessed_value":234500},{"address":"9819.0 104 STREET NW","assessed_value":210500},{"address":"9342.0 103 AVENUE NW","assessed_value":142000},{"address":"7339.0 SOUTH TERWILLEGAR DRIVE NW","assessed_value":165500},{"address":"7211.0 21 AVENUE SW","assessed_value":387500},{"address":"1308.0 60 STREET SW","assessed_value":382500},{"address":"2517.0 WARRY BAY SW","assessed_value":720000},{"address":"2815.0 34 AVENUE NW","assessed_value":428000},{"address":"3184.0 WHITELAW DRIVE NW","assessed_value":578500},{"address":"nan nan","assessed_value":15000},{"address":"nan nan","assessed_value":19000},{"address":"nan nan","assessed_value":19500},{"address":"nan nan","assessed_value":8000},{"address":"10621.0 123 STREET NW","assessed_value":79500},{"address":"16455.0 50 STREET NW","assessed_value":47013000},{"address":"nan nan","assessed_value":6500},{"address":"4316.0 139 AVENUE NW","assessed_value":141000},{"address":"nan nan","assessed_value":19500},{"address":"2503.0 HANNA CRESCENT NW","assessed_value":204000},{"address":"nan nan","assessed_value":4000},{"address":"nan nan","assessed_value":15000},{"address":"7335.0 SOUTH TERWILLEGAR DRIVE NW","assessed_value":167500},{"address":"5620.0 1A AVENUE SW","assessed_value":364000},{"address":"1331.0 74 STREET SW","assessed_value":446500},{"address":"nan nan","assessed_value":4500},{"address":"2544.0 ELLWOOD DRIVE SW","assessed_value":1552500},{"address":"13825.0 155 AVENUE NW","assessed_value":213500},{"address":"9363.0 SIMPSON DRIVE NW","assessed_value":177000},{"address":"7331.0 SOUTH TERWILLEGAR DRIVE NW","assessed_value":169000},{"address":"4316.0 139 AVENUE NW","assessed_value":127000},{"address":"2233.0 AUSTIN WAY SW","assessed_value":408500},{"address":"6140.0 13 AVENUE SW","assessed_value":459500},{"address":"nan nan","assessed_value":7500},{"address":"8931.0 156 STREET NW","assessed_value":162500},{"address":"6608.0 28 AVENUE NW","assessed_value":208500},{"address":"nan nan","assessed_value":4000},{"address":"12914.0 64 STREET NW","assessed_value":52500},{"address":"171.0 BRINTNELL BOULEVARD NW","assessed_value":247000},{"address":"450.0 HYNDMAN CRESCENT NW","assessed_value":242000},{"address":"387.0 GRIESBACH SCHOOL ROAD NW","assessed_value":562500},{"address":"nan nan","assessed_value":10000},{"address":"12408.0 15 AVENUE SW","assessed_value":207000},{"address":"nan nan","assessed_value":4500},{"address":"14612.0 125 STREET NW","assessed_value":177000},{"address":"nan nan","assessed_value":4000},{"address":"nan nan","assessed_value":4000},{"address":"nan nan","assessed_value":10000},{"address":"10408.0 92 STREET NW","assessed_value":80500},{"address":"nan nan","assessed_value":10500},{"address":"nan nan","assessed_value":10500},{"address":"2316.0 WARRY COURT SW","assessed_value":698000},{"address":"2027.0 HAMMOND CLOSE NW","assessed_value":359000},{"address":"nan nan","assessed_value":4000},{"address":"1520.0 HAMMOND GATE NW","assessed_value":188000},{"address":"170.0 CALLAGHAN DRIVE SW","assessed_value":13000},{"address":"nan nan","assessed_value":8000},{"address":"nan nan","assessed_value":4000},{"address":"971.0 VALOUR WAY NW","assessed_value":471000},{"address":"nan nan","assessed_value":10500},{"address":"nan nan","assessed_value":10000},{"address":"nan nan","assessed_value":8000},{"address":"1312.0 CUNNINGHAM DRIVE SW","assessed_value":704000},{"address":"6041.0 213 STREET NW","assessed_value":376000},{"address":"18004.0 85 STREET NW","assessed_value":381000},{"address":"nan nan","assessed_value":4500},{"address":"11015.0 83 STREET NW","assessed_value":80000},{"address":"nan nan","assessed_value":10000},{"address":"6315.0 135 AVENUE NW","assessed_value":159500},{"address":"nan nan","assessed_value":7500},{"address":"nan nan","assessed_value":4000},{"address":"11930.0 100 AVENUE NW","assessed_value":1137500},{"address":"17138.0 6B AVENUE SW","assessed_value":676500},{"address":"nan nan","assessed_value":4500},{"address":"nan nan","assessed_value":7500},{"address":"nan nan","assessed_value":10000},{"address":"9363.0 SIMPSON DRIVE NW","assessed_value":181500},{"address":"3227.0 WHITELAW DRIVE NW","assessed_value":627500},{"address":"nan nan","assessed_value":19000},{"address":"203.0 56 STREET SW","assessed_value":537000},{"address":"13625.0 34 STREET NW","assessed_value":121000},{"address":"10234.0 155 STREET NW","assessed_value":397000},{"address":"12408.0 15 AVENUE SW","assessed_value":227500},{"address":"nan nan","assessed_value":19000},{"address":"1320.0 RUTHERFORD ROAD SW","assessed_value":221000},{"address":"nan nan","assessed_value":8000},{"address":"nan nan","assessed_value":4000},{"address":"9363.0 SIMPSON DRIVE NW","assessed_value":169500},{"address":"2510.0 109 STREET NW","assessed_value":239500},{"address":"nan nan","assessed_value":4000},{"address":"nan nan","assessed_value":10500},{"address":"5411.0 162B AVENUE NW","assessed_value":527000},{"address":"nan nan","assessed_value":15000},{"address":"10333.0 112 STREET NW","assessed_value":188000},{"address":"nan nan","assessed_value":8500},{"address":"10525.0 83 AVENUE NW","assessed_value":141500},{"address":"nan nan","assessed_value":10000},{"address":"12050.0 17 AVENUE SW","assessed_value":243000},{"address":"nan nan","assessed_value":10000},{"address":"nan nan","assessed_value":10500},{"address":"2421.0 AUSTIN CRESCENT SW","assessed_value":467000},{"address":"nan nan","assessed_value":7500},{"address":"735.0 85 STREET SW","assessed_value":345000},{"address":"nan nan","assessed_value":5500},{"address":"15425.0 52A STREET NW","assessed_value":659500},{"address":"1188.0 HYNDMAN ROAD NW","assessed_value":165500},{"address":"2503.0 HANNA CRESCENT NW","assessed_value":196500},{"address":"20517.0 92A AVENUE NW","assessed_value":581500},{"address":"nan nan","assessed_value":19000},{"address":"8931.0 156 STREET NW","assessed_value":224500},{"address":"1520.0 HAMMOND GATE NW","assessed_value":141000},{"address":"nan nan","assessed_value":10500},{"address":"263.0 MACEWAN ROAD SW","assessed_value":137500},{"address":"nan nan","assessed_value":15000},{"address":"nan nan","assessed_value":4000},{"address":"10715.0 116 STREET NW","assessed_value":71500},{"address":"4833.0 TERWILLEGAR COMMON NW","assessed_value":406500},{"address":"nan nan","assessed_value":4000},{"address":"nan nan","assessed_value":7500},{"address":"466.0 MACEWAN ROAD SW","assessed_value":174500},{"address":"nan nan","assessed_value":7000},{"address":"5533.0 168A AVENUE NW","assessed_value":687000},{"address":"nan nan","assessed_value":4000},{"address":"nan nan","assessed_value":4000},{"address":"20687.0 93 AVENUE NW","assessed_value":560500},{"address":"131.0 59 STREET SW","assessed_value":416500},{"address":"6220.0 134 AVENUE NW","assessed_value":117000},{"address":"6815.0 19A AVENUE SW","assessed_value":612500},{"address":"10235.0 112 STREET NW","assessed_value":201500},{"address":"11639.0 124 STREET NW","assessed_value":65000},{"address":"1352.0 70 STREET SW","assessed_value":857500},{"address":"2112.0 AUSTIN LINK SW","assessed_value":437500},{"address":"12604.0 118 AVENUE NW","assessed_value":1216000},{"address":"1589.0 GLASTONBURY BOULEVARD NW","assessed_value":249500},{"address":"7459.0 ELMER ROAD NW","assessed_value":1038500},{"address":"nan nan","assessed_value":10500},{"address":"1435.0 114A STREET SW","assessed_value":568000},{"address":"16806.0 58A STREET NW","assessed_value":540000},{"address":"203.0 34 STREET NW","assessed_value":4000},{"address":"8931.0 156 STREET NW","assessed_value":183000},{"address":"8116.0 123 AVENUE NW","assessed_value":59000},{"address":"603.0 WATT BOULEVARD SW","assessed_value":275000},{"address":"10333.0 112 STREET NW","assessed_value":251000},{"address":"20650.0 93A AVENUE NW","assessed_value":497000},{"address":"7909.0 71 STREET NW","assessed_value":252000},{"address":"171.0 BRINTNELL BOULEVARD NW","assessed_value":252000},{"address":"1144.0 74 STREET SW","assessed_value":467000},{"address":"nan nan","assessed_value":7500},{"address":"470.0 MACEWAN ROAD SW","assessed_value":176500},{"address":"nan nan","assessed_value":5500},{"address":"13625.0 34 STREET NW","assessed_value":153000},{"address":"1188.0 HYNDMAN ROAD NW","assessed_value":156000},{"address":"2051.0 TOWNE CENTRE BOULEVARD NW","assessed_value":262500},{"address":"nan nan","assessed_value":7500},{"address":"14612.0 125 STREET NW","assessed_value":183000},{"address":"6708.0 SPEAKER PLACE NW","assessed_value":580000},{"address":"nan nan","assessed_value":19500},{"address":"20678.0 93A AVENUE NW","assessed_value":469500},{"address":"nan nan","assessed_value":8000},{"address":"13511.0 163 STREET NW","assessed_value":45517000},{"address":"1320.0 RUTHERFORD ROAD SW","assessed_value":241500},{"address":"10121.0 80 AVENUE NW","assessed_value":204000},{"address":"2030.0 HAMMOND CLOSE NW","assessed_value":364500},{"address":"5604.0 199 STREET NW","assessed_value":271000},{"address":"1006.0 CONNELLY WAY SW","assessed_value":593500},{"address":"12408.0 15 AVENUE SW","assessed_value":209500},{"address":"nan nan","assessed_value":4000},{"address":"1523.0 TOWNE CENTRE BOULEVARD NW","assessed_value":526500},{"address":"nan nan","assessed_value":7000},{"address":"2305.0 CAMERON RAVINE COVE NW","assessed_value":841500},{"address":"nan nan","assessed_value":2500},{"address":"6925.0 199 STREET NW","assessed_value":175500},{"address":"9122.0 23 AVENUE NW","assessed_value":515000},{"address":"6105.0 76 AVENUE NW","assessed_value":2496500},{"address":"nan nan","assessed_value":4000},{"address":"9363.0 SIMPSON DRIVE NW","assessed_value":163000},{"address":"6315.0 135 AVENUE NW","assessed_value":156000},{"address":"10632.0 103 STREET NW","assessed_value":72000},{"address":"nan nan","assessed_value":7500},{"address":"224.0 58 STREET SW","assessed_value":485000},{"address":"736.0 FRASER VISTA NW","assessed_value":813500},{"address":"10136.0 104 STREET NW","assessed_value":240500},{"address":"11603.0 ELLERSLIE ROAD SW","assessed_value":177500},{"address":"nan nan","assessed_value":15000},{"address":"22073.0 95B AVENUE NW","assessed_value":524500},{"address":"nan nan","assessed_value":14500},{"address":"nan nan","assessed_value":7500},{"address":"6012.0 10 AVENUE SW","assessed_value":543500},{"address":"9316.0 82 AVENUE NW","assessed_value":304000},{"address":"nan nan","assessed_value":4000},{"address":"435.0 WINDERMERE ROAD NW","assessed_value":791000},{"address":"nan nan","assessed_value":10000},{"address":"nan nan","assessed_value":66500},{"address":"nan nan","assessed_value":15000},{"address":"3720.0 118 AVENUE NW","assessed_value":63500},{"address":"nan nan","assessed_value":4000},{"address":"nan nan","assessed_value":7500},{"address":"nan nan","assessed_value":10500},{"address":"260.0 LEWIS ESTATES BOULEVARD NW","assessed_value":208500},{"address":"18015.0 87 STREET NW","assessed_value":474000},{"address":"nan nan","assessed_value":10500},{"address":"10046.0 117 STREET NW","assessed_value":315000},{"address":"nan nan","assessed_value":8000},{"address":"nan nan","assessed_value":4000},{"address":"9999.0 111 STREET NW","assessed_value":83500},{"address":"1504.0 KINROSS ROAD NW","assessed_value":441500},{"address":"15004.0 45 AVENUE NW","assessed_value":130500},{"address":"nan nan","assessed_value":4000},{"address":"301.0 CLAREVIEW STATION DRIVE NW","assessed_value":153500},{"address":"1003.0 GAULT BOULEVARD NW","assessed_value":242500},{"address":"9927.0 79 AVENUE NW","assessed_value":272500}]