[{"address":"1811.0 ROBERTSON CRESCENT SW","assessed_value":606000},{"address":"5190.0 MULLEN ROAD NW","assessed_value":763500},{"address":"nan nan","assessed_value":18500},{"address":"nan nan","assessed_value":9500},{"address":"4216.0 157 AVENUE NW","assessed_value":511500},{"address":"nan nan","assessed_value":9500},{"address":"7511.0 171 STREET NW","assessed_value":146000},{"address":"nan nan","assessed_value":6500},{"address":"nan nan","assessed_value":8500},{"address":"6932.0 STROM LANE NW","assessed_value":514500},{"address":"13907.0 136 STREET NW","assessed_value":134000},{"address":"16761.0 118 STREET NW","assessed_value":457000},{"address":"903.0 HODGINS ROAD NW","assessed_value":599500},{"address":"nan nan","assessed_value":9500},{"address":"16916.0 76 STREET NW","assessed_value":696000},{"address":"nan nan","assessed_value":6500},{"address":"10555.0 83 AVENUE NW","assessed_value":137000},{"address":"2959.0 26 STREET NW","assessed_value":161000},{"address":"3215.0 20 STREET NW","assessed_value":501000},{"address":"nan nan","assessed_value":5500},{"address":"nan nan","assessed_value":6500},{"address":"1587.0 RUTHERFORD ROAD SW","assessed_value":395500},{"address":"16106.0 48 STREET NW","assessed_value":510500},{"address":"nan nan","assessed_value":9500},{"address":"nan nan","assessed_value":16000},{"address":"9035.0 SCOTT CRESCENT NW","assessed_value":385000},{"address":"12550.0 140 AVENUE NW","assessed_value":145000},{"address":"3610.0 43 AVENUE NW","assessed_value":98000},{"address":"nan nan","assessed_value":4000},{"address":"nan nan","assessed_value":6500},{"address":"3240.0 26 AVENUE NW","assessed_value":454000},{"address":"646.0 MCALLISTER LOOP SW","assessed_value":163500},{"address":"nan nan","assessed_value":9500},{"address":"5531.0 209 STREET NW","assessed_value":541000},{"address":"16777.0 119 STREET NW","assessed_value":467500},{"address":"14259.0 50 STREET NW","assessed_value":156500},{"address":"3207.0 26 AVENUE NW","assessed_value":456500},{"address":"nan nan","assessed_value":4000},{"address":"8924.0 208 STREET NW","assessed_value":782000},{"address":"nan nan","assessed_value":9500},{"address":"nan nan","assessed_value":7500},{"address":"130.0 63 STREET SW","assessed_value":421000},{"address":"20726.0 56A AVENUE NW","assessed_value":617500},{"address":"5616.0 207 STREET NW","assessed_value":554500},{"address":"21614.0 94B AVENUE NW","assessed_value":582000},{"address":"nan nan","assessed_value":9500},{"address":"10164.0 150 STREET NW","assessed_value":67000},{"address":"20411.0 48 AVENUE NW","assessed_value":559000},{"address":"18220.0 103 STREET NW","assessed_value":519500},{"address":"1116.0 118A STREET SW","assessed_value":476500},{"address":"1314.0 114B STREET SW","assessed_value":614000},{"address":"7647.0 SCHMID CRESCENT NW","assessed_value":464000},{"address":"nan nan","assessed_value":6500},{"address":"3010.0 33 AVENUE NW","assessed_value":230500},{"address":"2432.0 BOWEN WYND SW","assessed_value":659500},{"address":"13111.0 140 AVENUE NW","assessed_value":216500},{"address":"14208.0 36 STREET NW","assessed_value":295000},{"address":"16216.0 38 STREET NW","assessed_value":426000},{"address":"nan nan","assessed_value":4500},{"address":"nan nan","assessed_value":7500},{"address":"nan nan","assessed_value":4000},{"address":"3215.0 25 AVENUE NW","assessed_value":492000},{"address":"2424.0 MARTELL CRESCENT NW","assessed_value":1299500},{"address":"nan nan","assessed_value":3000},{"address":"nan nan","assessed_value":18500},{"address":"4007.0 157 AVENUE NW","assessed_value":557000},{"address":"nan nan","assessed_value":6500},{"address":"689.0 LEGER WAY NW","assessed_value":585500},{"address":"6205.0 98 AVENUE NW","assessed_value":62500},{"address":"16405.0 53 STREET NW","assessed_value":374000},{"address":"nan nan","assessed_value":7500},{"address":"10514.0 92 STREET NW","assessed_value":52500},{"address":"11343.0 13 AVENUE SW","assessed_value":548500},{"address":"nan nan","assessed_value":4500},{"address":"14259.0 50 STREET NW","assessed_value":150000},{"address":"2508.0 HANNA CRESCENT NW","assessed_value":250500},{"address":"224.0 61 STREET SW","assessed_value":462000},{"address":"3231.0 21 STREET NW","assessed_value":454500},{"address":"10624.0 123 STREET NW","assessed_value":100000},{"address":"16728.0 113 STREET NW","assessed_value":457000},{"address":"nan nan","assessed_value":7000},{"address":"11415.0 167A AVENUE NW","assessed_value":479500},{"address":"nan nan","assessed_value":4000},{"address":"12928.0 64 STREET NW","assessed_value":57000},{"address":"6026.0 164A AVENUE NW","assessed_value":553000},{"address":"1031.0 118A STREET SW","assessed_value":473500},{"address":"11453.0 ELLERSLIE ROAD SW","assessed_value":134500},{"address":"nan nan","assessed_value":9500},{"address":"2508.0 HANNA CRESCENT NW","assessed_value":277000},{"address":"8320.0 SUMMERSIDE GRANDE BOULEVARD SW","assessed_value":644500},{"address":"nan nan","assessed_value":9500},{"address":"160.0 MAGRATH ROAD NW","assessed_value":213000},{"address":"17904.0 84 STREET NW","assessed_value":429000},{"address":"4530.0 162 AVENUE NW","assessed_value":549000},{"address":"8616.0 177 AVENUE NW","assessed_value":521000},{"address":"6408.0 SANDIN CRESCENT NW","assessed_value":723000},{"address":"9450.0 STEIN WAY NW","assessed_value":368000},{"address":"6113.0 MAYNARD CRESCENT NW","assessed_value":705000},{"address":"5350.0 199 STREET NW","assessed_value":212000},{"address":"3040.0 SPENCE WYND SW","assessed_value":178000},{"address":"6135.0 98 AVENUE NW","assessed_value":74000},{"address":"17923.0 90 STREET NW","assessed_value":423500},{"address":"nan nan","assessed_value":6500},{"address":"11824.0 168 AVENUE NW","assessed_value":440000},{"address":"10815.0 83 AVENUE NW","assessed_value":137500},{"address":"10503.0 98 AVENUE NW","assessed_value":141500},{"address":"8733.0 STEIN LANE NW","assessed_value":395500},{"address":"10945.0 83 STREET NW","assessed_value":88000},{"address":"4306.0 MCCLUNG CRESCENT NW","assessed_value":960000},{"address":"17016.0 73 STREET NW","assessed_value":751000},{"address":"11735.0 124 STREET NW","assessed_value":57000},{"address":"1584.0 37B AVENUE NW","assessed_value":592500},{"address":"nan nan","assessed_value":9500},{"address":"6019.0 4 AVENUE SW","assessed_value":585500},{"address":"nan nan","assessed_value":5500},{"address":"646.0 MCALLISTER LOOP SW","assessed_value":183000},{"address":"7225.0 SOUTH TERWILLEGAR DRIVE NW","assessed_value":468000},{"address":"3050.0 SPENCE WYND SW","assessed_value":513500},{"address":"nan nan","assessed_value":22500},{"address":"13635.0 34 STREET NW","assessed_value":156000},{"address":"160.0 MAGRATH ROAD NW","assessed_value":324500},{"address":"3072.0 MACNEIL WAY NW","assessed_value":43500},{"address":"2713.0 23 STREET NW","assessed_value":340000},{"address":"nan nan","assessed_value":3000},{"address":"160.0 MAGRATH ROAD NW","assessed_value":268500},{"address":"10719.0 110 STREET NW","assessed_value":79500},{"address":"4407.0 23 STREET NW","assessed_value":132000},{"address":"10141.0 144 STREET NW","assessed_value":428000},{"address":"4304.0 139 AVENUE NW","assessed_value":154000},{"address":"5608.0 209 STREET NW","assessed_value":530000},{"address":"3739.0 14 STREET NW","assessed_value":487000},{"address":"nan nan","assessed_value":6500},{"address":"nan nan","assessed_value":4500},{"address":"9939.0 109 STREET NW","assessed_value":226500},{"address":"11820.0 21 AVENUE SW","assessed_value":359000},{"address":"1645.0 RUTHERFORD ROAD SW","assessed_value":417500},{"address":"4210.0 51 AVENUE NW","assessed_value":4327000},{"address":"6418.0 SANDIN CRESCENT NW","assessed_value":613000},{"address":"4607.0 164A AVENUE NW","assessed_value":531000},{"address":"2435.0 SAN FORTUNATO STREET NW","assessed_value":785000},{"address":"21019.0 60 AVENUE NW","assessed_value":360500},{"address":"10131.0 159 STREET NW","assessed_value":122000},{"address":"21160.0 46 AVENUE NW","assessed_value":510000},{"address":"5827.0 166 AVENUE NW","assessed_value":422000},{"address":"nan nan","assessed_value":7500},{"address":"160.0 MAGRATH ROAD NW","assessed_value":280000},{"address":"12915.0 65 STREET NW","assessed_value":96000},{"address":"16784.0 118 STREET NW","assessed_value":472500},{"address":"841.0 156 STREET NW","assessed_value":508000},{"address":"nan nan","assessed_value":9500},{"address":"9020.0 JASPER AVENUE NW","assessed_value":196000},{"address":"671.0 SILVER BERRY ROAD NW","assessed_value":219500},{"address":"10145.0 113 STREET NW","assessed_value":94000},{"address":"8528.0 82 AVENUE NW","assessed_value":135000},{"address":"111.0 EDWARDS DRIVE SW","assessed_value":164000},{"address":"nan nan","assessed_value":3000},{"address":"9484.0 216 STREET NW","assessed_value":504500},{"address":"nan nan","assessed_value":2500},{"address":"16807.0 100 AVENUE NW","assessed_value":159500},{"address":"2820.0 TERWILLEGAR WYND NW","assessed_value":909500},{"address":"4831.0 104A STREET NW","assessed_value":146000},{"address":"20731.0 90 AVENUE NW","assessed_value":571000},{"address":"2708.0 TERWILLEGAR WAY NW","assessed_value":406000},{"address":"10335.0 117 STREET NW","assessed_value":101500},{"address":"10740.0 105 STREET NW","assessed_value":99500},{"address":"nan nan","assessed_value":9500},{"address":"10555.0 93 STREET NW","assessed_value":79500},{"address":"nan nan","assessed_value":7500},{"address":"2436.0 GUARDIAN ROAD NW","assessed_value":166000},{"address":"12550.0 140 AVENUE NW","assessed_value":147500},{"address":"5350.0 199 STREET NW","assessed_value":162500},{"address":"1130.0 TORY ROAD NW","assessed_value":218000},{"address":"6020.0 SOUTH TERWILLEGAR BOULEVARD NW","assessed_value":355500},{"address":"nan nan","assessed_value":9500},{"address":"226.0 MACEWAN ROAD SW","assessed_value":153500},{"address":"4831.0 104A STREET NW","assessed_value":150000},{"address":"323.0 62 STREET SW","assessed_value":561000},{"address":"5607.0 206 STREET NW","assessed_value":535000},{"address":"150.0 EDWARDS DRIVE SW","assessed_value":161000},{"address":"3719.0 140 AVENUE NW","assessed_value":422500},{"address":"12550.0 140 AVENUE NW","assessed_value":158500},{"address":"19904.0 WHITEMUD DRIVE NW","assessed_value":0},{"address":"nan nan","assessed_value":7500},{"address":"16420.0 59 STREET NW","assessed_value":383000},{"address":"624.0 60 STREET SW","assessed_value":572500},{"address":"4827.0 104A STREET NW","assessed_value":146500},{"address":"nan nan","assessed_value":9500},{"address":"12550.0 140 AVENUE NW","assessed_value":151500},{"address":"nan nan","assessed_value":7500},{"address":"nan nan","assessed_value":5500},{"address":"8019.0 SUMMERSIDE GRANDE BOULEVARD SW","assessed_value":540000},{"address":"9525.0 162 AVENUE NW","assessed_value":155500},{"address":"13615.0 34 STREET NW","assessed_value":320500},{"address":"11453.0 ELLERSLIE ROAD SW","assessed_value":174500},{"address":"10255.0 117 STREET NW","assessed_value":130000},{"address":"nan nan","assessed_value":9500},{"address":"10021.0 62 STREET NW","assessed_value":78500},{"address":"2417.0 MARTELL CRESCENT NW","assessed_value":1050000},{"address":"888.0 HODGINS ROAD NW","assessed_value":697500},{"address":"3207.0 18 STREET NW","assessed_value":565000},{"address":"10520.0 80 AVENUE NW","assessed_value":161000},{"address":"3425.0 19 STREET NW","assessed_value":149500},{"address":"4816.0 212 STREET NW","assessed_value":739500},{"address":"1011.0 RUTHERFORD ROAD SW","assessed_value":527500},{"address":"10644.0 113 STREET NW","assessed_value":72000},{"address":"5606.0 MCLUHAN PLACE NW","assessed_value":1188000},{"address":"16815.0 73 STREET NW","assessed_value":617000},{"address":"10004.0 169 STREET NW","assessed_value":5619500},{"address":"5340.0 199 STREET NW","assessed_value":169500},{"address":"16035.0 132 STREET NW","assessed_value":219500},{"address":"9549.0 73 AVENUE NW","assessed_value":439500},{"address":"nan nan","assessed_value":4500},{"address":"11241.0 167A AVENUE NW","assessed_value":456000},{"address":"nan nan","assessed_value":4000},{"address":"nan nan","assessed_value":9500},{"address":"151.0 EDWARDS DRIVE SW","assessed_value":147500},{"address":"2060.0 126 STREET SW","assessed_value":498000},{"address":"8215.0 83 AVENUE NW","assessed_value":130500},{"address":"11445.0 ELLERSLIE ROAD SW","assessed_value":167000},{"address":"5604.0 199 STREET NW","assessed_value":270000},{"address":"10319.0 111 STREET NW","assessed_value":359500},{"address":"nan nan","assessed_value":7000},{"address":"nan nan","assessed_value":3000},{"address":"5839.0 211 STREET NW","assessed_value":395000},{"address":"4203.0 105B AVENUE NW","assessed_value":6500},{"address":"16007.0 49 STREET NW","assessed_value":506500},{"address":"321.0 AMBLESIDE LINK SW","assessed_value":633000},{"address":"nan nan","assessed_value":7500},{"address":"2313.0 FREZENBERG AVENUE NW","assessed_value":798000},{"address":"13005.0 140 AVENUE NW","assessed_value":164500},{"address":"nan nan","assessed_value":9000},{"address":"14763.0 140 STREET NW","assessed_value":426500},{"address":"13908.0 136 STREET NW","assessed_value":163500},{"address":"10624.0 123 STREET NW","assessed_value":82000},{"address":"3425.0 19 STREET NW","assessed_value":236000},{"address":"2565.0 HANNA CRESCENT NW","assessed_value":265000},{"address":"nan nan","assessed_value":7500},{"address":"nan nan","assessed_value":9500},{"address":"nan nan","assessed_value":7000},{"address":"6004.0 1A AVENUE SW","assessed_value":362000},{"address":"150.0 EDWARDS DRIVE SW","assessed_value":243000},{"address":"5107.0 164 AVENUE NW","assessed_value":392000},{"address":"10503.0 98 AVENUE NW","assessed_value":185000},{"address":"nan nan","assessed_value":3000},{"address":"11449.0 ELLERSLIE ROAD SW","assessed_value":169500},{"address":"3610.0 43 AVENUE NW","assessed_value":114000},{"address":"12420.0 82 STREET NW","assessed_value":57500},{"address":"9739.0 92 STREET NW","assessed_value":243000},{"address":"11120.0 68 AVENUE NW","assessed_value":350500},{"address":"226.0 MACEWAN ROAD SW","assessed_value":163500},{"address":"111.0 EDWARDS DRIVE SW","assessed_value":166000},{"address":"6812.0 18 AVENUE SW","assessed_value":828500},{"address":"nan nan","assessed_value":7500},{"address":"nan nan","assessed_value":18500},{"address":"nan nan","assessed_value":7500},{"address":"2351.0 LEMIEUX PLACE NW","assessed_value":448000},{"address":"10131.0 159 STREET NW","assessed_value":126500},{"address":"8718.0 STEIN LANE NW","assessed_value":448000},{"address":"nan nan","assessed_value":9500},{"address":"10155.0 153 STREET NW","assessed_value":92000},{"address":"16748.0 118 STREET NW","assessed_value":469500},{"address":"133.0 62 STREET SW","assessed_value":434000},{"address":"5604.0 199 STREET NW","assessed_value":275500},{"address":"6064.0 STANTON DRIVE SW","assessed_value":437000},{"address":"4304.0 139 AVENUE NW","assessed_value":147000},{"address":"8766.0 STEIN LANE NW","assessed_value":476500},{"address":"8918.0 179A AVENUE NW","assessed_value":485500},{"address":"7116.0 170 AVENUE NW","assessed_value":710000},{"address":"20740.0 90 AVENUE NW","assessed_value":657000},{"address":"8639.0 177 AVENUE NW","assessed_value":470500},{"address":"nan nan","assessed_value":7500},{"address":"3768.0 13 STREET NW","assessed_value":623500},{"address":"150.0 EDWARDS DRIVE SW","assessed_value":238000},{"address":"nan nan","assessed_value":7000},{"address":"3615.0 11 STREET NW","assessed_value":367500},{"address":"4623.0 160 AVENUE NW","assessed_value":410000},{"address":"17407.0 99 AVENUE NW","assessed_value":182000},{"address":"11040.0 129 STREET NW","assessed_value":69000},{"address":"605.0 ADAMS WAY SW","assessed_value":656000},{"address":"3425.0 19 STREET NW","assessed_value":124000},{"address":"nan nan","assessed_value":5500},{"address":"3414.0 21A STREET NW","assessed_value":499500},{"address":"5340.0 199 STREET NW","assessed_value":172000},{"address":"6058.0 MAYNARD WAY NW","assessed_value":802000},{"address":"13907.0 136 STREET NW","assessed_value":133500},{"address":"nan nan","assessed_value":8500},{"address":"11308.0 127 AVENUE NW","assessed_value":59000},{"address":"240.0 MAGRATH BOULEVARD NW","assessed_value":900500},{"address":"nan nan","assessed_value":3000},{"address":"nan nan","assessed_value":14000},{"address":"11224.0 116 STREET NW","assessed_value":89000},{"address":"10255.0 117 STREET NW","assessed_value":108500},{"address":"nan nan","assessed_value":9500},{"address":"1105.0 37A AVENUE NW","assessed_value":514000},{"address":"10555.0 93 STREET NW","assessed_value":76000},{"address":"309.0 CLAREVIEW STATION DRIVE NW","assessed_value":118000},{"address":"6411.0 4 AVENUE SW","assessed_value":611000},{"address":"4831.0 104A STREET NW","assessed_value":152000},{"address":"nan nan","assessed_value":5000},{"address":"6224.0 MAYNARD POINT NW","assessed_value":944500},{"address":"8435.0 SLOANE CRESCENT NW","assessed_value":601500},{"address":"8803.0 101 STREET NW","assessed_value":101500},{"address":"17935.0 85 STREET NW","assessed_value":426500},{"address":"nan nan","assessed_value":14000},{"address":"nan nan","assessed_value":6500},{"address":"6320.0 4 AVENUE SW","assessed_value":598000},{"address":"6608.0 158 AVENUE NW","assessed_value":272000},{"address":"3132.0 SPENCE WYND SW","assessed_value":582500},{"address":"14723.0 141 STREET NW","assessed_value":410500},{"address":"10503.0 98 AVENUE NW","assessed_value":191500},{"address":"4415.0 MCCLUNG COURT NW","assessed_value":683000},{"address":"2816.0 34 AVENUE NW","assessed_value":267500},{"address":"2079.0 126 STREET SW","assessed_value":558000},{"address":"9020.0 JASPER AVENUE NW","assessed_value":267500},{"address":"5604.0 199 STREET NW","assessed_value":243000},{"address":"13908.0 136 STREET NW","assessed_value":178000},{"address":"nan nan","assessed_value":5000},{"address":"6307.0 118 AVENUE NW","assessed_value":87000},{"address":"10620.0 122 STREET NW","assessed_value":109000},{"address":"nan nan","assessed_value":5500},{"address":"7511.0 171 STREET NW","assessed_value":128500},{"address":"7516.0 170 AVENUE NW","assessed_value":560000},{"address":"3040.0 SPENCE WYND SW","assessed_value":180500},{"address":"9089.0 SCOTT CRESCENT NW","assessed_value":349500},{"address":"10350.0 144 STREET NW","assessed_value":273500},{"address":"17516.0 109 STREET NW","assessed_value":703000},{"address":"1520.0 70 STREET SW","assessed_value":482500},{"address":"16212.0 55 STREET NW","assessed_value":407000},{"address":"3610.0 43 AVENUE NW","assessed_value":106000},{"address":"nan nan","assessed_value":7000},{"address":"2459.0 MARTELL CRESCENT NW","assessed_value":1252000},{"address":"nan nan","assessed_value":3000},{"address":"8528.0 82 AVENUE NW","assessed_value":190500},{"address":"16508.0 58 STREET NW","assessed_value":492500},{"address":"nan nan","assessed_value":8500},{"address":"nan nan","assessed_value":9500},{"address":"2107.0 HAMMOND COURT NW","assessed_value":353000},{"address":"7511.0 171 STREET NW","assessed_value":144000},{"address":"10149.0 83 AVENUE NW","assessed_value":155000},{"address":"6103.0 98 AVENUE NW","assessed_value":74500},{"address":"nan nan","assessed_value":14000},{"address":"4821.0 TERWILLEGAR COMMON NW","assessed_value":263500},{"address":"10028.0 119 STREET NW","assessed_value":409000},{"address":"646.0 MCALLISTER LOOP SW","assessed_value":183000},{"address":"nan nan","assessed_value":3000},{"address":"804.0 HARDY PLACE NW","assessed_value":731500},{"address":"1405.0 MALONE GREEN NW","assessed_value":662000},{"address":"309.0 CLAREVIEW STATION DRIVE NW","assessed_value":160500},{"address":"20419.0 48 AVENUE NW","assessed_value":433000},{"address":"nan nan","assessed_value":22500},{"address":"nan nan","assessed_value":6500},{"address":"4008.0 161 AVENUE NW","assessed_value":393000},{"address":"11303.0 103 AVENUE NW","assessed_value":123000},{"address":"21259.0 91 AVENUE NW","assessed_value":455000},{"address":"14208.0 36 STREET NW","assessed_value":292000},{"address":"4520.0 212 STREET NW","assessed_value":489000},{"address":"20760.0 90 AVENUE NW","assessed_value":573500},{"address":"7508.0 170 AVENUE NW","assessed_value":505000},{"address":"nan nan","assessed_value":22500},{"address":"646.0 MCALLISTER LOOP SW","assessed_value":163500},{"address":"nan nan","assessed_value":4000},{"address":"nan nan","assessed_value":7500},{"address":"nan nan","assessed_value":10000},{"address":"nan nan","assessed_value":4000},{"address":"nan nan","assessed_value":7000},{"address":"663.0 EVERGREEN PARK NW","assessed_value":61500},{"address":"9849.0 62 AVENUE NW","assessed_value":2395500},{"address":"nan nan","assessed_value":2500},{"address":"14933.0 103 AVENUE NW","assessed_value":378500},{"address":"6435.0 SANDIN CRESCENT NW","assessed_value":663500},{"address":"1128.0 156 STREET NW","assessed_value":317000},{"address":"nan nan","assessed_value":22500},{"address":"150.0 EDWARDS DRIVE SW","assessed_value":238000},{"address":"nan nan","assessed_value":4500},{"address":"nan nan","assessed_value":7500},{"address":"120.0 MAGRATH ROAD NW","assessed_value":337500},{"address":"nan nan","assessed_value":10000},{"address":"1139.0 36 AVENUE NW","assessed_value":459000},{"address":"160.0 MAGRATH ROAD NW","assessed_value":214500},{"address":"10910.0 53 AVENUE NW","assessed_value":87000},{"address":"11334.0 167A AVENUE NW","assessed_value":495500},{"address":"3532.0 MCLAY CRESCENT NW","assessed_value":684000},{"address":"10021.0 116 STREET NW","assessed_value":121000},{"address":"4831.0 104A STREET NW","assessed_value":153000},{"address":"nan nan","assessed_value":3000},{"address":"6712.0 17 AVENUE SW","assessed_value":784000},{"address":"1512.0 KINROSS ROAD NW","assessed_value":353000},{"address":"nan nan","assessed_value":9500},{"address":"3352.0 LAKEVIEW ROAD NW","assessed_value":97500},{"address":"3311.0 20 STREET NW","assessed_value":455000},{"address":"10725.0 111 STREET NW","assessed_value":84000},{"address":"11453.0 ELLERSLIE ROAD SW","assessed_value":174000},{"address":"17515.0 110 STREET NW","assessed_value":741500},{"address":"211.0 61 STREET SW","assessed_value":467000},{"address":"6481.0 SANDIN CRESCENT NW","assessed_value":626500},{"address":"nan nan","assessed_value":18500},{"address":"nan nan","assessed_value":3000},{"address":"2337.0 27 AVENUE NW","assessed_value":414500},{"address":"5217.0 164 AVENUE NW","assessed_value":370000},{"address":"8120.0 16A AVENUE SW","assessed_value":534500},{"address":"11725.0 167B AVENUE NW","assessed_value":431500},{"address":"646.0 MCALLISTER LOOP SW","assessed_value":164500},{"address":"553.0 EVERGREEN PARK NW","assessed_value":72000},{"address":"16411.0 43 STREET NW","assessed_value":460500},{"address":"451.0 HYNDMAN CRESCENT NW","assessed_value":222500},{"address":"3905.0 MACNEIL BAY NW","assessed_value":825500},{"address":"1522.0 MALONE CLOSE NW","assessed_value":682000},{"address":"nan nan","assessed_value":5500},{"address":"1113.0 36A AVENUE NW","assessed_value":422000},{"address":"4827.0 104A STREET NW","assessed_value":151000},{"address":"328.0 CALLAGHAN CLOSE SW","assessed_value":674000},{"address":"3610.0 43 AVENUE NW","assessed_value":79500},{"address":"10980.0 124 STREET NW","assessed_value":70500},{"address":"3425.0 19 STREET NW","assessed_value":162000},{"address":"21236.0 92 AVENUE NW","assessed_value":433000},{"address":"4304.0 139 AVENUE NW","assessed_value":143000},{"address":"2096.0 BLACKMUD CREEK DRIVE SW","assessed_value":190500},{"address":"10503.0 98 AVENUE NW","assessed_value":167000},{"address":"nan nan","assessed_value":3000},{"address":"4824.0 118 AVENUE NW","assessed_value":1195500},{"address":"3010.0 33 AVENUE NW","assessed_value":235500},{"address":"20027.0 46 AVENUE NW","assessed_value":522500},{"address":"4526.0 210 STREET NW","assessed_value":541500},{"address":"12831.0 66 STREET NW","assessed_value":52500},{"address":"4817.0 159 AVENUE NW","assessed_value":490500},{"address":"2472.0 MARTELL CRESCENT NW","assessed_value":862500},{"address":"8528.0 82 AVENUE NW","assessed_value":140500},{"address":"334.0 CALLAGHAN CLOSE SW","assessed_value":752500},{"address":"1585.0 37C AVENUE NW","assessed_value":576500},{"address":"nan nan","assessed_value":7000},{"address":"nan nan","assessed_value":9500},{"address":"4823.0 104A STREET NW","assessed_value":198500},{"address":"1703.0 90A STREET SW","assessed_value":959000},{"address":"nan nan","assessed_value":14500},{"address":"16035.0 132 STREET NW","assessed_value":216500},{"address":"20415.0 46 AVENUE NW","assessed_value":503000},{"address":"2306.0 LEMIEUX PLACE NW","assessed_value":376500},{"address":"9461.0 219 STREET NW","assessed_value":618500},{"address":"14012.0 38 STREET NW","assessed_value":431500},{"address":"6915.0 STROM LANE NW","assessed_value":556000},{"address":"10813.0 175A AVENUE NW","assessed_value":877000},{"address":"10812.0 115 STREET NW","assessed_value":77500},{"address":"1150.0 37B AVENUE NW","assessed_value":355000},{"address":"173.0 62 STREET SW","assessed_value":417000},{"address":"nan nan","assessed_value":5000},{"address":"10154.0 103 STREET NW","assessed_value":419500},{"address":"7208.0 168 AVENUE NW","assessed_value":550000},{"address":"3425.0 19 STREET NW","assessed_value":143500},{"address":"8407.0 179 AVENUE NW","assessed_value":492000},{"address":"21020.0 60 AVENUE NW","assessed_value":360000},{"address":"471.0 AINSLIE CRESCENT SW","assessed_value":560000},{"address":"10305.0 116 STREET NW","assessed_value":80500},{"address":"20823.0 55 AVENUE NW","assessed_value":531000},{"address":"11909.0 21 AVENUE SW","assessed_value":366500},{"address":"5929.0 8 AVENUE SW","assessed_value":350500},{"address":"503.0 CALLAGHAN POINTE SW","assessed_value":774000},{"address":"14752.0 140 STREET NW","assessed_value":437000},{"address":"20715.0 56 AVENUE NW","assessed_value":534500},{"address":"9148.0 207 STREET NW","assessed_value":562500},{"address":"6207.0 5 AVENUE SW","assessed_value":456500},{"address":"nan nan","assessed_value":6500},{"address":"21205.0 60 AVENUE NW","assessed_value":327000},{"address":"10644.0 113 STREET NW","assessed_value":69000},{"address":"4932.0 207 STREET NW","assessed_value":500000},{"address":"nan nan","assessed_value":7500},{"address":"6608.0 158 AVENUE NW","assessed_value":268500},{"address":"9939.0 109 STREET NW","assessed_value":169500},{"address":"6348.0 SANDIN WAY NW","assessed_value":649000},{"address":"17407.0 99 AVENUE NW","assessed_value":157500},{"address":"10356.0 92 STREET NW","assessed_value":93500},{"address":"8311.0 SUMMERSIDE GRANDE BOULEVARD SW","assessed_value":653500},{"address":"nan nan","assessed_value":7000},{"address":"nan nan","assessed_value":18500},{"address":"2503.0 24 STREET NW","assessed_value":296000},{"address":"1217.0 AINSLIE WAY SW","assessed_value":606500},{"address":"3040.0 SPENCE WYND SW","assessed_value":189000},{"address":"nan nan","assessed_value":22500},{"address":"10415.0 93 STREET NW","assessed_value":95000},{"address":"12036.0 21 AVENUE SW","assessed_value":516000},{"address":"1048.0 117A STREET SW","assessed_value":493000},{"address":"16704.0 114 STREET NW","assessed_value":492500},{"address":"nan nan","assessed_value":16000},{"address":"304.0 LEWIS ESTATES BOULEVARD NW","assessed_value":203000},{"address":"nan nan","assessed_value":7500},{"address":"2529.0 PEGASUS BOULEVARD NW","assessed_value":591500},{"address":"nan nan","assessed_value":9500},{"address":"nan nan","assessed_value":3000},{"address":"120.0 MAGRATH ROAD NW","assessed_value":331000},{"address":"4304.0 139 AVENUE NW","assessed_value":145000},{"address":"8223.0 99 STREET NW","assessed_value":255000},{"address":"8112.0 SHASKE DRIVE NW","assessed_value":520500},{"address":"1649.0 MALONE WAY NW","assessed_value":718000},{"address":"nan nan","assessed_value":9500},{"address":"3236.0 24 AVENUE NW","assessed_value":592500},{"address":"nan nan","assessed_value":3000},{"address":"7510.0 89 STREET NW","assessed_value":288000},{"address":"1509.0 MALONE CLOSE NW","assessed_value":688500},{"address":"160.0 MAGRATH ROAD NW","assessed_value":191500},{"address":"16807.0 100 AVENUE NW","assessed_value":154500},{"address":"nan nan","assessed_value":9500},{"address":"10624.0 123 STREET NW","assessed_value":98000},{"address":"4304.0 139 AVENUE NW","assessed_value":140000},{"address":"8215.0 83 AVENUE NW","assessed_value":137000},{"address":"6011.0 165 AVENUE NW","assessed_value":587500},{"address":"3324.0 18 STREET NW","assessed_value":526000},{"address":"nan nan","assessed_value":9500},{"address":"6005.0 8 AVENUE SW","assessed_value":348500},{"address":"171.0 BRINTNELL BOULEVARD NW","assessed_value":275500},{"address":"150.0 EDWARDS DRIVE SW","assessed_value":238000},{"address":"nan nan","assessed_value":3000},{"address":"nan nan","assessed_value":500},{"address":"646.0 MCALLISTER LOOP SW","assessed_value":172500},{"address":"9044.0 20 AVENUE SW","assessed_value":1252000},{"address":"9525.0 162 AVENUE NW","assessed_value":155500},{"address":"20347.0 46 AVENUE NW","assessed_value":563000},{"address":"nan nan","assessed_value":7500},{"address":"nan nan","assessed_value":7000},{"address":"nan nan","assessed_value":6500},{"address":"nan nan","assessed_value":6500},{"address":"16217.0 55 STREET NW","assessed_value":478000},{"address":"nan nan","assessed_value":5000},{"address":"21309.0 45A AVENUE NW","assessed_value":354000},{"address":"4007.0 MACNEIL PLACE NW","assessed_value":958500},{"address":"3720.0 16 STREET NW","assessed_value":494500},{"address":"5350.0 199 STREET NW","assessed_value":222000},{"address":"9507.0 AUSTIN O'BRIEN ROAD NW","assessed_value":851000},{"address":"3425.0 19 STREET NW","assessed_value":144000},{"address":"8615.0 178 AVENUE NW","assessed_value":579500},{"address":"nan nan","assessed_value":6500},{"address":"13635.0 34 STREET NW","assessed_value":141500},{"address":"2816.0 36 AVENUE NW","assessed_value":579500},{"address":"4707.0 161 AVENUE NW","assessed_value":507000},{"address":"nan nan","assessed_value":7000},{"address":"nan nan","assessed_value":18500},{"address":"nan nan","assessed_value":7500},{"address":"12550.0 140 AVENUE NW","assessed_value":156000},{"address":"12915.0 65 STREET NW","assessed_value":99000},{"address":"5524.0 MCLUHAN BLUFF NW","assessed_value":1880000},{"address":"nan nan","assessed_value":7500},{"address":"11805.0 13A AVENUE SW","assessed_value":572500},{"address":"2319.0 LEMIEUX PLACE NW","assessed_value":430500},{"address":"13615.0 34 STREET NW","assessed_value":318000},{"address":"8463.0 SLOANE CRESCENT NW","assessed_value":551000},{"address":"17419.0 108 STREET NW","assessed_value":1298000},{"address":"2750.0 55 STREET NW","assessed_value":173000},{"address":"150.0 EDWARDS DRIVE SW","assessed_value":231500},{"address":"nan nan","assessed_value":7500},{"address":"1412.0 75 STREET SW","assessed_value":363500},{"address":"9212.0 SCOTT LANE NW","assessed_value":418000},{"address":"4028.0 157 AVENUE NW","assessed_value":440000},{"address":"nan nan","assessed_value":4000},{"address":"10904.0 159 STREET NW","assessed_value":84500},{"address":"11214.0 80 STREET NW","assessed_value":127500},{"address":"4636.0 201 STREET NW","assessed_value":498000},{"address":"311.0 AMBLESIDE LINK SW","assessed_value":691500},{"address":"nan nan","assessed_value":3000},{"address":"1611.0 RUTHERFORD ROAD SW","assessed_value":380500},{"address":"10980.0 124 STREET NW","assessed_value":64000},{"address":"1521.0 37A AVENUE NW","assessed_value":453500},{"address":"10416.0 102 AVENUE NW","assessed_value":7000},{"address":"3127.0 SPENCE WYND SW","assessed_value":578000},{"address":"9020.0 JASPER AVENUE NW","assessed_value":267500},{"address":"14259.0 50 STREET NW","assessed_value":159000},{"address":"4346.0 MCCLUNG CRESCENT NW","assessed_value":916500},{"address":"6028.0 165 AVENUE NW","assessed_value":550500},{"address":"309.0 CLAREVIEW STATION DRIVE NW","assessed_value":157500},{"address":"7823.0 SCHMID PLACE NW","assessed_value":444000},{"address":"11445.0 ELLERSLIE ROAD SW","assessed_value":169500},{"address":"2135.0 32 AVENUE NW","assessed_value":556000},{"address":"8640.0 106 AVENUE NW","assessed_value":58000},{"address":"17823.0 84 STREET NW","assessed_value":505000},{"address":"10136.0 153 STREET NW","assessed_value":83000},{"address":"313.0 MAPLE WOOD DRIVE NW","assessed_value":99500},{"address":"7511.0 171 STREET NW","assessed_value":154500},{"address":"nan nan","assessed_value":9500},{"address":"4375.0 MCCLUNG CRESCENT NW","assessed_value":826500},{"address":"7545.0 80 AVENUE NW","assessed_value":505000},{"address":"155.0 EDWARDS DRIVE SW","assessed_value":147500},{"address":"5340.0 199 STREET NW","assessed_value":159500},{"address":"3010.0 33 AVENUE NW","assessed_value":198500},{"address":"2436.0 GUARDIAN ROAD NW","assessed_value":197500},{"address":"1130.0 TORY ROAD","assessed_value":131000},{"address":"nan nan","assessed_value":14500},{"address":"nan nan","assessed_value":8500},{"address":"160.0 MAGRATH ROAD NW","assessed_value":208500},{"address":"11040.0 82 STREET NW","assessed_value":76000},{"address":"nan nan","assessed_value":8500},{"address":"10230.0 114 STREET NW","assessed_value":98500},{"address":"10719.0 110 STREET NW","assessed_value":49500},{"address":"nan nan","assessed_value":4000},{"address":"5807.0 RIVERBEND ROAD NW","assessed_value":163000},{"address":"10945.0 83 STREET NW","assessed_value":65000},{"address":"10514.0 92 STREET NW","assessed_value":54000},{"address":"13908.0 136 STREET NW","assessed_value":165000},{"address":"5305.0 MULLEN BEND NW","assessed_value":789500},{"address":"7120.0 169 AVENUE NW","assessed_value":752000},{"address":"11911.0 20 AVENUE SW","assessed_value":432500},{"address":"21306.0 48 AVENUE NW","assessed_value":368500},{"address":"4715.0 160 AVENUE NW","assessed_value":411500},{"address":"2031.0 BRENNAN CRESCENT NW","assessed_value":487500},{"address":"6122.0 STINSON WAY NW","assessed_value":494000},{"address":"2565.0 HANNA CRESCENT NW","assessed_value":223500},{"address":"10624.0 123 STREET NW","assessed_value":91000},{"address":"2540.0 GUARDIAN ROAD NW","assessed_value":12754000},{"address":"nan nan","assessed_value":9500},{"address":"16109.0 49 STREET NW","assessed_value":495500},{"address":"160.0 MAGRATH ROAD NW","assessed_value":214500},{"address":"nan nan","assessed_value":4000},{"address":"nan nan","assessed_value":5500},{"address":"20431.0 48 AVENUE NW","assessed_value":431500},{"address":"3533.0 11 STREET NW","assessed_value":367500},{"address":"10939.0 109 STREET NW","assessed_value":116000},{"address":"nan nan","assessed_value":6500},{"address":"1615.0 RUTHERFORD ROAD SW","assessed_value":373500},{"address":"9020.0 JASPER AVENUE NW","assessed_value":189000},{"address":"nan nan","assessed_value":9500},{"address":"1799.0 HAMMOND CRESCENT NW","assessed_value":452500},{"address":"nan nan","assessed_value":8500},{"address":"3303.0 22 STREET NW","assessed_value":542000},{"address":"10910.0 53 AVENUE NW","assessed_value":78500},{"address":"21024.0 46 AVENUE NW","assessed_value":483500},{"address":"5040.0 MCLUHAN ROAD NW","assessed_value":1028000},{"address":"13111.0 140 AVENUE NW","assessed_value":167000},{"address":"nan nan","assessed_value":22500},{"address":"13635.0 34 STREET NW","assessed_value":175500},{"address":"nan nan","assessed_value":7500},{"address":"20520.0 92 AVENUE NW","assessed_value":508500},{"address":"1318.0 77 AVENUE NW","assessed_value":426500},{"address":"1915.0 32 AVENUE NW","assessed_value":564000},{"address":"11834.0 21 AVENUE SW","assessed_value":365500},{"address":"10149.0 83 AVENUE NW","assessed_value":129000},{"address":"13710.0 150 AVENUE NW","assessed_value":133000},{"address":"7510.0 89 STREET NW","assessed_value":376500},{"address":"13710.0 150 AVENUE NW","assessed_value":181000},{"address":"4607.0 205 STREET NW","assessed_value":464500},{"address":"2436.0 GUARDIAN ROAD NW","assessed_value":231500},{"address":"9804.0 69 AVENUE NW","assessed_value":692500},{"address":"nan nan","assessed_value":3000},{"address":"10111.0 160 STREET NW","assessed_value":57000},{"address":"nan nan","assessed_value":2500},{"address":"10319.0 111 STREET NW","assessed_value":184500},{"address":"4827.0 213 STREET NW","assessed_value":540500},{"address":"120.0 MAGRATH ROAD NW","assessed_value":343500},{"address":"16035.0 132 STREET NW","assessed_value":206000},{"address":"10920.0 53 AVENUE NW","assessed_value":83500},{"address":"7251.0 67 STREET NW","assessed_value":385000},{"address":"nan nan","assessed_value":9500},{"address":"8371.0 SHASKE CRESCENT NW","assessed_value":526000},{"address":"10319.0 111 STREET NW","assessed_value":285000},{"address":"nan nan","assessed_value":3000},{"address":"8215.0 83 AVENUE NW","assessed_value":77000},{"address":"1422.0 37A AVENUE NW","assessed_value":501000},{"address":"16923.0 76 STREET NW","assessed_value":550000},{"address":"nan nan","assessed_value":10000},{"address":"615.0 MAGRATH VIEW NW","assessed_value":2332500},{"address":"nan nan","assessed_value":5500},{"address":"2843.0 36 AVENUE NW","assessed_value":559500},{"address":"nan nan","assessed_value":6500},{"address":"16424.0 60 STREET NW","assessed_value":496000},{"address":"4407.0 23 STREET NW","assessed_value":125000},{"address":"1288.0 LATTA CRESCENT NW","assessed_value":522000},{"address":"1128.0 37 AVENUE NW","assessed_value":456500},{"address":"8528.0 82 AVENUE NW","assessed_value":130500},{"address":"5340.0 199 STREET NW","assessed_value":182500},{"address":"11214.0 80 STREET NW","assessed_value":135000},{"address":"646.0 MCALLISTER LOOP SW","assessed_value":166500},{"address":"nan nan","assessed_value":22500},{"address":"nan nan","assessed_value":18500},{"address":"841.0 156 STREET NW","assessed_value":504500},{"address":"12831.0 66 STREET NW","assessed_value":62000},{"address":"nan nan","assessed_value":3000},{"address":"16427.0 60 STREET NW","assessed_value":363500},{"address":"nan nan","assessed_value":7000},{"address":"10503.0 98 AVENUE NW","assessed_value":183500},{"address":"12730.0 118 AVENUE NW","assessed_value":55000},{"address":"15171.0 33 STREET NW","assessed_value":560500},{"address":"8631.0 108 STREET NW","assessed_value":394000},{"address":"11303.0 103 AVENUE NW","assessed_value":109500},{"address":"nan nan","assessed_value":5000},{"address":"16523.0 58 STREET NW","assessed_value":415000},{"address":"17820.0 84 STREET NW","assessed_value":492500},{"address":"nan nan","assessed_value":22500},{"address":"1633.0 68 AVENUE NW","assessed_value":116500},{"address":"16035.0 132 STREET NW","assessed_value":232500},{"address":"3319.0 22 STREET NW","assessed_value":551500},{"address":"5340.0 199 STREET NW","assessed_value":165000},{"address":"6908.0 18 AVENUE SW","assessed_value":822000},{"address":"3503.0 11 STREET NW","assessed_value":342500},{"address":"10434.0 125 STREET NW","assessed_value":115500},{"address":"nan nan","assessed_value":18500},{"address":"nan nan","assessed_value":7000},{"address":"nan nan","assessed_value":4000},{"address":"9141.0 SCOTT CRESCENT NW","assessed_value":372000},{"address":"10719.0 110 STREET NW","assessed_value":75000},{"address":"nan nan","assessed_value":7500},{"address":"150.0 EDWARDS DRIVE SW","assessed_value":165500},{"address":"10640.0 123 STREET NW","assessed_value":94500},{"address":"10021.0 116 STREET NW","assessed_value":85000},{"address":"nan nan","assessed_value":7000},{"address":"10319.0 111 STREET NW","assessed_value":155500},{"address":"11815.0 167A AVENUE NW","assessed_value":477000},{"address":"449.0 AINSLIE CRESCENT SW","assessed_value":625000},{"address":"nan nan","assessed_value":10000},{"address":"6345.0 SANDIN WAY NW","assessed_value":628500},{"address":"nan nan","assessed_value":6500},{"address":"14259.0 50 STREET NW","assessed_value":151500},{"address":"7010.0 16 AVENUE SW","assessed_value":343000},{"address":"1371.0 118A STREET SW","assessed_value":572000},{"address":"nan nan","assessed_value":9000},{"address":"8498.0 SLOANE CRESCENT NW","assessed_value":517000},{"address":"nan nan","assessed_value":7000},{"address":"16417.0 45 STREET NW","assessed_value":399500},{"address":"21014.0 60 AVENUE NW","assessed_value":354500},{"address":"nan nan","assessed_value":4000},{"address":"3075.0 TRELLE CRESCENT NW","assessed_value":252000},{"address":"11140.0 68 AVENUE NW","assessed_value":326000},{"address":"2816.0 34 AVENUE NW","assessed_value":261500},{"address":"7510.0 89 STREET NW","assessed_value":377000},{"address":"nan nan","assessed_value":9500},{"address":"106.0 61 STREET SW","assessed_value":368500},{"address":"3610.0 43 AVENUE NW","assessed_value":117500},{"address":"10520.0 80 AVENUE NW","assessed_value":187500},{"address":"16231.0 54B STREET NW","assessed_value":509000},{"address":"nan nan","assessed_value":4500},{"address":"672.0 LEGER WAY NW","assessed_value":507000},{"address":"5977.0 164 AVENUE NW","assessed_value":376000},{"address":"6010.0 1A AVENUE SW","assessed_value":343500},{"address":"13907.0 136 STREET NW","assessed_value":128000},{"address":"4823.0 104A STREET NW","assessed_value":197500},{"address":"10620.0 122 STREET NW","assessed_value":74500},{"address":"nan nan","assessed_value":3000},{"address":"nan nan","assessed_value":14000},{"address":"16823.0 72 STREET NW","assessed_value":717500},{"address":"8528.0 82 AVENUE NW","assessed_value":134500},{"address":"nan nan","assessed_value":7500},{"address":"12027.0 21 AVENUE SW","assessed_value":551000},{"address":"1912.0 70 STREET SW","assessed_value":469500},{"address":"nan nan","assessed_value":5000},{"address":"9235.0 SCOTT LANE NW","assessed_value":432500},{"address":"nan nan","assessed_value":18500},{"address":"nan nan","assessed_value":7000},{"address":"nan nan","assessed_value":9500},{"address":"4520.0 162 AVENUE NW","assessed_value":555000},{"address":"5970.0 164 AVENUE NW","assessed_value":363500},{"address":"nan nan","assessed_value":4000},{"address":"10503.0 98 AVENUE NW","assessed_value":172500},{"address":"12928.0 64 STREET NW","assessed_value":60000},{"address":"5280.0 TERWILLEGAR BOULEVARD NW","assessed_value":147500},{"address":"nan nan","assessed_value":9500},{"address":"nan nan","assessed_value":8500},{"address":"nan nan","assessed_value":18500},{"address":"7013.0 STROM LANE NW","assessed_value":638500},{"address":"354.0 GRIESBACH SCHOOL ROAD NW","assessed_value":392000},{"address":"7511.0 171 STREET NW","assessed_value":119000},{"address":"nan nan","assessed_value":7500},{"address":"4826.0 213 STREET NW","assessed_value":422000},{"address":"9725.0 106 STREET NW","assessed_value":181500},{"address":"397.0 BRINTNELL BOULEVARD NW","assessed_value":476000},{"address":"21329.0 48 AVENUE NW","assessed_value":365000},{"address":"11708.0 124 STREET NW","assessed_value":81000},{"address":"3703.0 12 STREET NW","assessed_value":507500},{"address":"12726.0 118 AVENUE NW","assessed_value":41500},{"address":"2750.0 55 STREET NW","assessed_value":165500},{"address":"113.0 62 STREET SW","assessed_value":451000},{"address":"10319.0 111 STREET NW","assessed_value":274500},{"address":"2481.0 MARTELL CRESCENT NW","assessed_value":1396000},{"address":"17911.0 87 STREET NW","assessed_value":398500},{"address":"6303.0 2 AVENUE SW","assessed_value":615000},{"address":"516.0 ADAMS WAY SW","assessed_value":647500},{"address":"2565.0 HANNA CRESCENT NW","assessed_value":230500},{"address":"11819.0 21 AVENUE SW","assessed_value":393000},{"address":"nan nan","assessed_value":7500},{"address":"4710.0 160 AVENUE NW","assessed_value":475500},{"address":"11218.0 80 STREET NW","assessed_value":136500},{"address":"nan nan","assessed_value":22500},{"address":"11120.0 68 AVENUE NW","assessed_value":290000},{"address":"10309.0 107 STREET NW","assessed_value":268000},{"address":"nan nan","assessed_value":6500},{"address":"13907.0 136 STREET NW","assessed_value":159500},{"address":"10730.0 84 AVENUE NW","assessed_value":140000},{"address":"11214.0 80 STREET NW","assessed_value":146500},{"address":"2707.0 24 STREET NW","assessed_value":400000},{"address":"856.0 CHAHLEY WAY NW","assessed_value":522000},{"address":"160.0 MAGRATH ROAD NW","assessed_value":272000},{"address":"9423.0 STEIN WAY NW","assessed_value":415000},{"address":"1448.0 37B AVENUE NW","assessed_value":548000},{"address":"3111.0 SPENCE WYND SW","assessed_value":603500},{"address":"2019.0 125 STREET SW","assessed_value":611500},{"address":"11224.0 116 STREET NW","assessed_value":105000},{"address":"10139.0 155 STREET NW","assessed_value":89000},{"address":"2436.0 GUARDIAN ROAD NW","assessed_value":200500},{"address":"531.0 CALLAGHAN POINTE SW","assessed_value":883500},{"address":"nan nan","assessed_value":5000},{"address":"nan nan","assessed_value":6500},{"address":"nan nan","assessed_value":7500},{"address":"12550.0 140 AVENUE NW","assessed_value":165000},{"address":"nan nan","assessed_value":4500},{"address":"11218.0 80 STREET NW","assessed_value":171500},{"address":"14035.0 37 STREET NW","assessed_value":547000},{"address":"111.0 EDWARDS DRIVE SW","assessed_value":125000},{"address":"8528.0 82 AVENUE NW","assessed_value":158500},{"address":"17005.0 78A STREET NW","assessed_value":534500},{"address":"nan nan","assessed_value":22500},{"address":"9032.0 16 AVENUE SW","assessed_value":966000},{"address":"6461.0 SANDIN CRESCENT NW","assessed_value":597500},{"address":"512.0 59 STREET SW","assessed_value":506000},{"address":"2924.0 24 AVENUE NW","assessed_value":418500},{"address":"10136.0 153 STREET NW","assessed_value":81000},{"address":"6975.0 STROM LANE NW","assessed_value":586500},{"address":"3324.0 21 STREET NW","assessed_value":488000},{"address":"9020.0 JASPER AVENUE NW","assessed_value":263000},{"address":"17927.0 84 STREET NW","assessed_value":455000},{"address":"5816.0 165 AVENUE NW","assessed_value":472000},{"address":"nan nan","assessed_value":22500},{"address":"3114.0 MACNEIL WAY NW","assessed_value":930500},{"address":"2565.0 HANNA CRESCENT NW","assessed_value":223500},{"address":"1908.0 125 STREET SW","assessed_value":639500},{"address":"3085.0 MACNEIL WAY NW","assessed_value":908500},{"address":"14739.0 140 STREET NW","assessed_value":408000},{"address":"17303.0 114 AVENUE NW","assessed_value":3537500},{"address":"nan nan","assessed_value":9500},{"address":"1933.0 119A STREET SW","assessed_value":419000},{"address":"8712.0 178 AVENUE NW","assessed_value":468000},{"address":"5864.0 166 AVENUE NW","assessed_value":476000},{"address":"17039.0 74 STREET NW","assessed_value":485000},{"address":"3610.0 43 AVENUE NW","assessed_value":118500},{"address":"11107.0 108 AVENUE NW","assessed_value":221000},{"address":"9939.0 109 STREET NW","assessed_value":165500},{"address":"6032.0 SOUTH TERWILLEGAR BOULEVARD NW","assessed_value":379000},{"address":"2037.0 ROCHESTER AVENUE NW","assessed_value":669500},{"address":"11441.0 ELLERSLIE ROAD SW","assessed_value":170500},{"address":"17620.0 87 STREET NW","assessed_value":558500},{"address":"2452.0 MARTELL CRESCENT NW","assessed_value":1328000},{"address":"10225.0 117 STREET NW","assessed_value":164000},{"address":"120.0 MAGRATH ROAD NW","assessed_value":358000},{"address":"16807.0 100 AVENUE NW","assessed_value":152500},{"address":"11709.0 13A AVENUE SW","assessed_value":574500},{"address":"nan nan","assessed_value":18500},{"address":"1642.0 MALONE WAY NW","assessed_value":717500},{"address":"7510.0 89 STREET NW","assessed_value":267500},{"address":"15811.0 91 STREET NW","assessed_value":512000},{"address":"nan nan","assessed_value":7500},{"address":"nan nan","assessed_value":4000},{"address":"nan nan","assessed_value":4500},{"address":"3425.0 19 STREET NW","assessed_value":225000},{"address":"531.0 60 STREET SW","assessed_value":499000},{"address":"9206.0 SCOTT LANE NW","assessed_value":421500},{"address":"9340.0 JASPER AVENUE NW","assessed_value":280500},{"address":"16035.0 132 STREET NW","assessed_value":220500},{"address":"16035.0 132 STREET NW","assessed_value":212500},{"address":"2545.0 116 STREET NW","assessed_value":106000},{"address":"1439.0 72 STREET SW","assessed_value":430500},{"address":"7314.0 19A AVENUE SW","assessed_value":359000},{"address":"nan nan","assessed_value":22500},{"address":"1522.0 37A AVENUE NW","assessed_value":497500},{"address":"726.0 WILDWOOD POINT NW","assessed_value":565000},{"address":"13908.0 136 STREET NW","assessed_value":158500},{"address":"10035.0 155 STREET NW","assessed_value":64500},{"address":"7423.0 169 AVENUE NW","assessed_value":588000},{"address":"10980.0 124 STREET NW","assessed_value":75000},{"address":"nan nan","assessed_value":9500},{"address":"4203.0 161 AVENUE NW","assessed_value":392000},{"address":"5280.0 TERWILLEGAR BOULEVARD NW","assessed_value":213500},{"address":"4630.0 113 AVENUE NW","assessed_value":363000},{"address":"717.0 HARDY POINT NW","assessed_value":648000},{"address":"7510.0 89 STREET NW","assessed_value":339500},{"address":"nan nan","assessed_value":8500},{"address":"2096.0 BLACKMUD CREEK DRIVE SW","assessed_value":159000},{"address":"4479.0 MCCRAE AVENUE NW","assessed_value":387000},{"address":"5992.0 SOUTH TERWILLEGAR BOULEVARD NW","assessed_value":369500},{"address":"nan nan","assessed_value":9500},{"address":"14208.0 36 STREET NW","assessed_value":292000},{"address":"5524.0 209 STREET NW","assessed_value":489500},{"address":"3756.0 12 STREET NW","assessed_value":465000},{"address":"7269.0 SOUTH TERWILLEGAR DRIVE NW","assessed_value":410000},{"address":"16115.0 134 STREET NW","assessed_value":697000},{"address":"529.0 STEWART CRESCENT SW","assessed_value":728500},{"address":"nan nan","assessed_value":6500},{"address":"5433.0 MCLUHAN END NW","assessed_value":7000},{"address":"451.0 HYNDMAN CRESCENT NW","assessed_value":220500},{"address":"nan nan","assessed_value":3000},{"address":"10434.0 125 STREET NW","assessed_value":108500},{"address":"10111.0 ELLERSLIE ROAD SW","assessed_value":6121000},{"address":"12110.0 119 AVENUE NW","assessed_value":115000},{"address":"226.0 MACEWAN ROAD SW","assessed_value":131500},{"address":"410.0 AINSLIE CRESCENT SW","assessed_value":693000},{"address":"21359.0 91A AVENUE NW","assessed_value":426000},{"address":"1424.0 72 STREET SW","assessed_value":459000},{"address":"nan nan","assessed_value":18500},{"address":"4923.0 210 STREET NW","assessed_value":713000},{"address":"nan nan","assessed_value":7500},{"address":"311.0 62 STREET SW","assessed_value":507000},{"address":"659.0 61 STREET SW","assessed_value":585000},{"address":"13635.0 34 STREET NW","assessed_value":170000},{"address":"nan nan","assessed_value":7500},{"address":"3425.0 19 STREET NW","assessed_value":125000},{"address":"4210.0 156A AVENUE NW","assessed_value":483500},{"address":"5821.0 8 AVENUE SW","assessed_value":345000},{"address":"21207.0 92 AVENUE NW","assessed_value":500000},{"address":"nan nan","assessed_value":8500},{"address":"nan nan","assessed_value":9500},{"address":"5280.0 TERWILLEGAR BOULEVARD NW","assessed_value":183500},{"address":"10825.0 175A AVENUE NW","assessed_value":784500},{"address":"13908.0 136 STREET NW","assessed_value":127500},{"address":"10125.0 83 AVENUE NW","assessed_value":139500},{"address":"4061.0 MACTAGGART DRIVE NW","assessed_value":2500},{"address":"603.0 61 STREET SW","assessed_value":554500},{"address":"3526.0 MCLAY CRESCENT NW","assessed_value":697500},{"address":"120.0 MAGRATH ROAD NW","assessed_value":330500},{"address":"1328.0 118A STREET SW","assessed_value":546000},{"address":"21312.0 59 AVENUE NW","assessed_value":395000},{"address":"9750.0 62 STREET NW","assessed_value":55000},{"address":"5604.0 199 STREET NW","assessed_value":270000},{"address":"14208.0 36 STREET NW","assessed_value":291500},{"address":"2719.0 23 STREET NW","assessed_value":340000},{"address":"1004.0 118A STREET SW","assessed_value":479500},{"address":"7303.0 15A AVENUE SW","assessed_value":481000},{"address":"5604.0 199 STREET NW","assessed_value":265500},{"address":"8775.0 STEIN LANE NW","assessed_value":358000},{"address":"nan nan","assessed_value":9500},{"address":"nan nan","assessed_value":9500},{"address":"4755.0 TERWILLEGAR COMMON NW","assessed_value":319500},{"address":"7510.0 89 STREET NW","assessed_value":392000},{"address":"nan nan","assessed_value":7500},{"address":"9108.0 205 STREET NW","assessed_value":475500},{"address":"160.0 MAGRATH ROAD NW","assessed_value":202000},{"address":"21224.0 92 AVENUE NW","assessed_value":401000},{"address":"12925.0 65 STREET NW","assessed_value":79000},{"address":"nan nan","assessed_value":4000},{"address":"9020.0 JASPER AVENUE NW","assessed_value":268500},{"address":"3075.0 TRELLE CRESCENT NW","assessed_value":252000},{"address":"3127.0 24 AVENUE NW","assessed_value":493000},{"address":"10125.0 83 AVENUE NW","assessed_value":118000},{"address":"309.0 CLAREVIEW STATION DRIVE NW","assessed_value":168000},{"address":"4208.0 162 AVENUE NW","assessed_value":518500},{"address":"3635.0 12 STREET NW","assessed_value":425000},{"address":"nan nan","assessed_value":9000},{"address":"16107.0 48 STREET NW","assessed_value":533000},{"address":"2434.0 MARTELL CRESCENT NW","assessed_value":1215500},{"address":"20835.0 55 AVENUE NW","assessed_value":570000},{"address":"1808.0 90A STREET SW","assessed_value":907000},{"address":"10520.0 80 AVENUE NW","assessed_value":157500},{"address":"4805.0 164A AVENUE NW","assessed_value":444500},{"address":"11453.0 ELLERSLIE ROAD SW","assessed_value":178000},{"address":"9525.0 162 AVENUE NW","assessed_value":149500},{"address":"3328.0 22 STREET NW","assessed_value":541000},{"address":"8528.0 82 AVENUE NW","assessed_value":141500},{"address":"9020.0 JASPER AVENUE NW","assessed_value":376500},{"address":"6608.0 158 AVENUE NW","assessed_value":300500},{"address":"12831.0 66 STREET NW","assessed_value":51000},{"address":"nan nan","assessed_value":9500},{"address":"10719.0 110 STREET NW","assessed_value":96000},{"address":"9707.0 106 STREET NW","assessed_value":278500},{"address":"6911.0 14 AVENUE SW","assessed_value":729500},{"address":"15211.0 139 STREET NW","assessed_value":150000},{"address":"nan nan","assessed_value":9500},{"address":"5919.0 3 AVENUE SW","assessed_value":394500},{"address":"8338.0 SHASKE CRESCENT NW","assessed_value":513000},{"address":"11312.0 13 AVENUE SW","assessed_value":566500},{"address":"160.0 MAGRATH ROAD NW","assessed_value":272000},{"address":"7511.0 171 STREET NW","assessed_value":153000},{"address":"10345.0 123 STREET NW","assessed_value":145000},{"address":"10165.0 113 STREET NW","assessed_value":162500},{"address":"3040.0 SPENCE WYND SW","assessed_value":187000},{"address":"nan nan","assessed_value":18500},{"address":"6411.0 3 AVENUE SW","assessed_value":523000},{"address":"7008.0 STROM LANE NW","assessed_value":519500},{"address":"10555.0 93 STREET NW","assessed_value":81500},{"address":"10028.0 119 STREET NW","assessed_value":229500},{"address":"10165.0 113 STREET NW","assessed_value":154000},{"address":"17704.0 118 AVENUE NW","assessed_value":1193000},{"address":"6608.0 158 AVENUE NW","assessed_value":266000},{"address":"1507.0 69 STREET SW","assessed_value":727500},{"address":"150.0 EDWARDS DRIVE SW","assessed_value":163500},{"address":"3040.0 SPENCE WYND SW","assessed_value":180500},{"address":"21124.0 48 AVENUE NW","assessed_value":716000},{"address":"151.0 EDWARDS DRIVE SW","assessed_value":121000},{"address":"10164.0 150 STREET NW","assessed_value":70000},{"address":"1562.0 37C AVENUE NW","assessed_value":506500},{"address":"5808.0 166 AVENUE NW","assessed_value":484000},{"address":"nan nan","assessed_value":8500},{"address":"nan nan","assessed_value":7500},{"address":"nan nan","assessed_value":3000},{"address":"2750.0 55 STREET NW","assessed_value":189500},{"address":"16711.0 113 STREET NW","assessed_value":637500},{"address":"nan nan","assessed_value":7500},{"address":"523.0 59 STREET SW","assessed_value":569000},{"address":"4835.0 104A STREET NW","assessed_value":196000},{"address":"9008.0 205 STREET NW","assessed_value":493000},{"address":"550.0 ADAMS WAY SW","assessed_value":635500},{"address":"3075.0 TRELLE CRESCENT NW","assessed_value":266500},{"address":"10702.0 174 AVENUE NW","assessed_value":219500},{"address":"4357.0 MCCLUNG CRESCENT NW","assessed_value":885500},{"address":"2816.0 34 AVENUE NW","assessed_value":264000},{"address":"21036.0 59 AVENUE NW","assessed_value":389500},{"address":"160.0 MAGRATH ROAD NW","assessed_value":305000},{"address":"309.0 CLAREVIEW STATION DRIVE NW","assessed_value":160000},{"address":"9740.0 62 STREET NW","assessed_value":69500},{"address":"2327.0 MARTELL LANE NW","assessed_value":1516500},{"address":"16244.0 54B STREET NW","assessed_value":465000}]