[{"address":"11907.0 141 AVENUE NW","assessed_value":403500},{"address":"9916.0 170 AVENUE NW","assessed_value":339500},{"address":"11816.0 152 AVENUE NW","assessed_value":350500},{"address":"15208.0 94 STREET NW","assessed_value":340000},{"address":"12711.0 74 STREET NW","assessed_value":274000},{"address":"71.0 NORTHWOODS VILLAGE NW","assessed_value":147500},{"address":"13858.0 27 STREET NW","assessed_value":116500},{"address":"14208.0 114 STREET NW","assessed_value":331000},{"address":"14111.0 96 STREET NW","assessed_value":354000},{"address":"2408.0 145A AVENUE NW","assessed_value":326500},{"address":"8611.0 142 AVENUE NW","assessed_value":347500},{"address":"6019.0 141 AVENUE NW","assessed_value":302000},{"address":"13020.0 75 STREET NW","assessed_value":300500},{"address":"13350.0 96 STREET NW","assessed_value":3000},{"address":"8029.0 141 AVENUE NW","assessed_value":242000},{"address":"16340.0 109 STREET NW","assessed_value":165000},{"address":"13036.0 101 STREET NW","assessed_value":228500},{"address":"10748.0 131A AVENUE NW","assessed_value":352000},{"address":"12138.0 92 STREET NW","assessed_value":364000},{"address":"12250.0 143 AVENUE NW","assessed_value":391000},{"address":"12733.0 73 STREET NW","assessed_value":150500},{"address":"5804.0 133 AVENUE NW","assessed_value":309500},{"address":"141.0 DUNLUCE ROAD NW","assessed_value":368000},{"address":"7019.0 141 AVENUE NW","assessed_value":354500},{"address":"8911.0 138 AVENUE NW","assessed_value":342000},{"address":"11488.0 139 AVENUE NW","assessed_value":180000},{"address":"10616.0 168 AVENUE NW","assessed_value":336500},{"address":"14303.0 71 STREET NW","assessed_value":346000},{"address":"8407.0 152A AVENUE NW","assessed_value":319000},{"address":"12122.0 95 STREET NW","assessed_value":243500},{"address":"6407.0 133 AVENUE NW","assessed_value":309500},{"address":"7128.0 DELWOOD ROAD NW","assessed_value":303000},{"address":"12309.0 93 STREET NW","assessed_value":205000},{"address":"13850.0 24 STREET NW","assessed_value":150500},{"address":"8828.0 135A AVENUE NW","assessed_value":350000},{"address":"103.0 WOODBOROUGH WAY NW","assessed_value":160500},{"address":"11815.0 141 AVENUE NW","assessed_value":490000},{"address":"12710.0 93 STREET NW","assessed_value":462500},{"address":"8215.0 137 AVENUE NW","assessed_value":321000},{"address":"14703.0 95 STREET NW","assessed_value":371000},{"address":"7011.0 139 AVENUE NW","assessed_value":330000},{"address":"10520.0 LAUDERDALE ROAD NW","assessed_value":313000},{"address":"13207.0 77 STREET NW","assessed_value":312000},{"address":"11840.0 105 STREET NW","assessed_value":1376500},{"address":"10102.0 166 AVENUE NW","assessed_value":1500},{"address":"13815.0 62 STREET NW","assessed_value":306500},{"address":"14807.0 73A STREET NW","assessed_value":363500},{"address":"14555.0 19 STREET NW","assessed_value":278500},{"address":"14403.0 117 STREET NW","assessed_value":369000},{"address":"14522.0 19 STREET NW","assessed_value":338500},{"address":"5727.0 143 AVENUE NW","assessed_value":329500},{"address":"8512.0 143 AVENUE NW","assessed_value":349500},{"address":"8532.0 134A AVENUE NW","assessed_value":332000},{"address":"12729.0 73 STREET NW","assessed_value":235500},{"address":"14337.0 23 STREET NW","assessed_value":192000},{"address":"17023.0 95 STREET NW","assessed_value":323000},{"address":"220.0 WARWICK ROAD NW","assessed_value":369000},{"address":"176.0 DUNLUCE ROAD NW","assessed_value":418500},{"address":"17017.0 108 STREET NW","assessed_value":329000},{"address":"7008.0 139 AVENUE NW","assessed_value":317500},{"address":"14523.0 87 STREET NW","assessed_value":500},{"address":"11715.0 166 AVENUE NW","assessed_value":393500},{"address":"6440.0 133A AVENUE NW","assessed_value":335500},{"address":"14423.0 87 STREET NW","assessed_value":394000},{"address":"12150.0 93 STREET NW","assessed_value":202000},{"address":"15212.0 93 STREET NW","assessed_value":360000},{"address":"12045.0 106 STREET NW","assessed_value":261000},{"address":"15112.0 61 STREET NW","assessed_value":343500},{"address":"12705.0 87 STREET NW","assessed_value":237500},{"address":"8.0 MCLEOD PLACE NW","assessed_value":165500},{"address":"13519.0 65 STREET NW","assessed_value":380000},{"address":"8010.0 141 AVENUE NW","assessed_value":124500},{"address":"13436.0 82 STREET NW","assessed_value":280000},{"address":"12906.0 71 STREET NW","assessed_value":216000},{"address":"14621.0 21 STREET NW","assessed_value":236000},{"address":"5370.0 130 AVENUE NW","assessed_value":14500},{"address":"14711.0 59A STREET NW","assessed_value":338500},{"address":"14310.0 80 STREET NW","assessed_value":124500},{"address":"5423.0 143 AVENUE NW","assessed_value":302500},{"address":"10603.0 172 AVENUE NW","assessed_value":2495000},{"address":"7919.0 128 AVENUE NW","assessed_value":423000},{"address":"15105.0 121 STREET NW","assessed_value":91000},{"address":"14604.0 118 STREET NW","assessed_value":151500},{"address":"8504.0 127 AVENUE NW","assessed_value":452000},{"address":"13304.0 67 STREET NW","assessed_value":274500},{"address":"15028.0 80 STREET NW","assessed_value":345000},{"address":"2513.0 149 AVENUE NW","assessed_value":232000},{"address":"12109.0 93 STREET NW","assessed_value":256000},{"address":"7715.0 144 AVENUE NW","assessed_value":392000},{"address":"13415.0 91 STREET NW","assessed_value":348500},{"address":"17107.0 100 STREET NW","assessed_value":334000},{"address":"6204.0 148 AVENUE NW","assessed_value":347000},{"address":"15012.0 65 STREET NW","assessed_value":343500},{"address":"8811.0 137 AVENUE NW","assessed_value":248500},{"address":"17106.0 91 STREET NW","assessed_value":350000},{"address":"10958.0 168A AVENUE NW","assessed_value":353500},{"address":"1931.0 145 AVENUE NW","assessed_value":355000},{"address":"14931.0 83 STREET NW","assessed_value":354000},{"address":"15235.0 117 STREET NW","assessed_value":372500},{"address":"nan nan","assessed_value":9500},{"address":"61.0 LORELEI CLOSE NW","assessed_value":243500},{"address":"6016.0 131A AVENUE NW","assessed_value":301500},{"address":"13866.0 27 STREET NW","assessed_value":113500},{"address":"13896.0 24 STREET NW","assessed_value":165000},{"address":"10937.0 167A AVENUE NW","assessed_value":348000},{"address":"7347.0 149A AVENUE NW","assessed_value":350000},{"address":"8012.0 130A AVENUE NW","assessed_value":338500},{"address":"14227.0 74 STREET NW","assessed_value":371000},{"address":"13116.0 83 STREET NW","assessed_value":304500},{"address":"14916.0 94 STREET NW","assessed_value":412500},{"address":"12828.0 89 STREET NW","assessed_value":345000},{"address":"12028.0 96 STREET NW","assessed_value":176500},{"address":"79.0 AMBERLY COURT NW","assessed_value":150500},{"address":"14916.0 95A STREET NW","assessed_value":346000},{"address":"6905.0 136 AVENUE NW","assessed_value":277000},{"address":"12028.0 103 STREET NW","assessed_value":355500},{"address":"12016.0 157 AVENUE NW","assessed_value":243000},{"address":"15112.0 64 STREET NW","assessed_value":337500},{"address":"3129.0 138 AVENUE NW","assessed_value":167000},{"address":"11020.0 166 AVENUE NW","assessed_value":362500},{"address":"6507.0 149 AVENUE NW","assessed_value":428000},{"address":"9011.0 135 AVENUE NW","assessed_value":308500},{"address":"8013.0 130A AVENUE NW","assessed_value":4000},{"address":"7204.0 149A AVENUE NW","assessed_value":346500},{"address":"13220.0 79 STREET NW","assessed_value":326000},{"address":"9965.0 171 AVENUE NW","assessed_value":159000},{"address":"16403.0 100 STREET NW","assessed_value":391500},{"address":"12925.0 101 STREET NW","assessed_value":3723500},{"address":"15608.0 123 STREET NW","assessed_value":369500},{"address":"14003.0 72 STREET NW","assessed_value":339000},{"address":"77.0 AMBERLY COURT NW","assessed_value":147500},{"address":"10025.0 173 AVENUE NW","assessed_value":243000},{"address":"2215.0 146 AVENUE NW","assessed_value":310500},{"address":"707.0 VILLAGE ON THE GREEN NW","assessed_value":155000},{"address":"12245.0 97 STREET NW","assessed_value":819500},{"address":"15103.0 75A STREET NW","assessed_value":371000},{"address":"5904.0 132 AVENUE NW","assessed_value":269500},{"address":"6715.0 132 AVENUE NW","assessed_value":504500},{"address":"12912.0 77 STREET NW","assessed_value":336500},{"address":"13532.0 104A STREET NW","assessed_value":287000},{"address":"5528.0 139 AVENUE NW","assessed_value":313500},{"address":"13016.0 90 STREET NW","assessed_value":286500},{"address":"228.0 WARWICK ROAD NW","assessed_value":356000},{"address":"13308.0 94 STREET NW","assessed_value":326000},{"address":"16732.0 110 STREET NW","assessed_value":556000},{"address":"13223.0 94 STREET NW","assessed_value":316000},{"address":"17159.0 109 STREET NW","assessed_value":158000},{"address":"13319.0 105 STREET NW","assessed_value":432500},{"address":"11926.0 91 STREET NW","assessed_value":368000},{"address":"10323.0 LAUDER AVENUE NW","assessed_value":280500},{"address":"13435.0 58 STREET NW","assessed_value":329500},{"address":"7020.0 132A AVENUE NW","assessed_value":309500},{"address":"14120.0 62 STREET NW","assessed_value":348500},{"address":"7904.0 132 AVENUE NW","assessed_value":318500},{"address":"13215.0 78 STREET NW","assessed_value":319500},{"address":"13238.0 82 STREET NW","assessed_value":195000},{"address":"15019.0 116 STREET NW","assessed_value":353500},{"address":"14267.0 23 STREET NW","assessed_value":177500},{"address":"12103.0 152A AVENUE NW","assessed_value":337000},{"address":"11427.0 165 AVENUE NW","assessed_value":291000},{"address":"10217.0 132 AVENUE NW","assessed_value":201000},{"address":"14236.0 83 STREET NW","assessed_value":384500},{"address":"12635.0 161 AVENUE NW","assessed_value":401500},{"address":"17209.0 96 STREET NW","assessed_value":319000},{"address":"13017.0 101 STREET NW","assessed_value":336000},{"address":"12128.0 152A AVENUE NW","assessed_value":372000},{"address":"14216.0 22 STREET NW","assessed_value":374000},{"address":"6912.0 152A AVENUE NW","assessed_value":409500},{"address":"7307.0 130 AVENUE NW","assessed_value":288500},{"address":"14208.0 76 STREET NW","assessed_value":333500},{"address":"14208.0 114A STREET NW","assessed_value":375000},{"address":"12720.0 82 STREET NW","assessed_value":2806000},{"address":"11752.0 139 AVENUE NW","assessed_value":350000},{"address":"12932.0 63 STREET NW","assessed_value":267000},{"address":"16804.0 111 STREET NW","assessed_value":435000},{"address":"7816.0 135A AVENUE NW","assessed_value":326000},{"address":"12703.0 109 STREET NW","assessed_value":294500},{"address":"7304.0 150 AVENUE NW","assessed_value":346500},{"address":"13230.0 90 STREET NW","assessed_value":207000},{"address":"16323.0 98 STREET NW","assessed_value":411000},{"address":"11308.0 136 AVENUE NW","assessed_value":333500},{"address":"13320.0 71 STREET NW","assessed_value":405000},{"address":"5920.0 137 AVENUE NW","assessed_value":304000},{"address":"9307.0 132A AVENUE NW","assessed_value":395500},{"address":"123.0 LANCASTER TERRACE NW","assessed_value":139000},{"address":"14130.0 80 STREET NW","assessed_value":124500},{"address":"7815.0 132 AVENUE NW","assessed_value":354000},{"address":"5524.0 139 AVENUE NW","assessed_value":331500},{"address":"16214.0 114A STREET NW","assessed_value":439500},{"address":"13927.0 70 STREET NW","assessed_value":328000},{"address":"14023.0 118 STREET NW","assessed_value":338000},{"address":"7027.0 134 AVENUE NW","assessed_value":332500},{"address":"13827.0 25 STREET NW","assessed_value":338000},{"address":"44.0 LANCASTER TERRACE NW","assessed_value":131500},{"address":"5928.0 137 AVENUE NW","assessed_value":306000},{"address":"8012.0 128A AVENUE NW","assessed_value":334000},{"address":"2904.0 139 AVENUE NW","assessed_value":109500},{"address":"12903.0 91 STREET NW","assessed_value":334500},{"address":"14015.0 95 STREET NW","assessed_value":330500},{"address":"12211.0 143 AVENUE NW","assessed_value":410500},{"address":"10523.0 132 AVENUE NW","assessed_value":392500},{"address":"8903.0 140 AVENUE NW","assessed_value":376000},{"address":"12211.0 156 AVENUE NW","assessed_value":387000},{"address":"14131.0 59 STREET NW","assessed_value":316000},{"address":"13412.0 58 STREET NW","assessed_value":328000},{"address":"11079.0 165 AVENUE NW","assessed_value":448000},{"address":"13919.0 58 STREET NW","assessed_value":301500},{"address":"13519.0 113 STREET NW","assessed_value":375500},{"address":"13515.0 108 STREET NW","assessed_value":313500},{"address":"12124.0 146 AVENUE NW","assessed_value":389500},{"address":"119.0 VILLAGE ON THE GREEN NW","assessed_value":156500},{"address":"7308.0 128 AVENUE NW","assessed_value":297000},{"address":"9835.0 163 AVENUE NW","assessed_value":437000},{"address":"15020.0 55 STREET NW","assessed_value":371000},{"address":"15104.0 80 STREET NW","assessed_value":345500},{"address":"12218.0 103 STREET NW","assessed_value":770500},{"address":"11407.0 164 AVENUE NW","assessed_value":388000},{"address":"15203.0 88 STREET NW","assessed_value":365500},{"address":"2516.0 149 AVENUE NW","assessed_value":280500},{"address":"50.0 MCLEOD PLACE NW","assessed_value":163000},{"address":"14607.0 87 STREET NW","assessed_value":338000},{"address":"11916.0 92 STREET NW","assessed_value":306500},{"address":"6113.0 138 AVENUE NW","assessed_value":8500},{"address":"9827.0 163 AVENUE NW","assessed_value":360000},{"address":"559.0 DUNLUCE ROAD NW","assessed_value":148500},{"address":"12819.0 105 STREET NW","assessed_value":300000},{"address":"14703.0 81 STREET NW","assessed_value":351500},{"address":"9835.0 169 AVENUE NW","assessed_value":396500},{"address":"5715.0 133 AVENUE NW","assessed_value":57500},{"address":"14716.0 117A STREET NW","assessed_value":340000},{"address":"12902.0 88 STREET NW","assessed_value":0},{"address":"13150.0 64 STREET NW","assessed_value":288500},{"address":"12120.0 152C AVENUE NW","assessed_value":354000},{"address":"14311.0 116 STREET NW","assessed_value":332000},{"address":"36.0 MCLEOD PLACE NW","assessed_value":166000},{"address":"8924.0 135 AVENUE NW","assessed_value":500},{"address":"12224.0 141 AVENUE NW","assessed_value":458000},{"address":"15003.0 74 STREET NW","assessed_value":354500},{"address":"8608.0 148 AVENUE NW","assessed_value":360000},{"address":"11933.0 138 AVENUE NW","assessed_value":336000},{"address":"608.0 VILLAGE ON THE GREEN NW","assessed_value":179000},{"address":"8508.0 152A AVENUE NW","assessed_value":406000},{"address":"14703.0 115 STREET NW","assessed_value":352000},{"address":"14924.0 83 STREET NW","assessed_value":339500},{"address":"12808.0 107 STREET NW","assessed_value":301500},{"address":"9220.0 128A AVENUE NW","assessed_value":2522000},{"address":"14415.0 92 STREET NW","assessed_value":111500},{"address":"14527.0 19 STREET NW","assessed_value":347500},{"address":"14104.0 21 STREET NW","assessed_value":334500},{"address":"9420.0 144 AVENUE NW","assessed_value":354000},{"address":"13710.0 64 STREET NW","assessed_value":2206000},{"address":"11413.0 117 STREET NW","assessed_value":500},{"address":"12314.0 106 STREET NW","assessed_value":472000},{"address":"9012.0 150 AVENUE NW","assessed_value":339500},{"address":"3155.0 138 AVENUE NW","assessed_value":179500},{"address":"240.0 WARWICK ROAD NW","assessed_value":397000},{"address":"12923.0 71 STREET NW","assessed_value":276500},{"address":"15012.0 115 STREET NW","assessed_value":348500},{"address":"10807.0 173 AVENUE NW","assessed_value":271000},{"address":"5753.0 144 AVENUE NW","assessed_value":172000},{"address":"33.0 DUNLUCE ROAD NW","assessed_value":342500},{"address":"11814.0 91 STREET NW","assessed_value":229000},{"address":"10516.0 128 AVENUE NW","assessed_value":222000},{"address":"12820.0 101 STREET NW","assessed_value":500500},{"address":"15003.0 21 STREET NW","assessed_value":311500},{"address":"8912.0 138 AVENUE NW","assessed_value":344000},{"address":"8409.0 134 AVENUE NW","assessed_value":232500},{"address":"13231.0 67 STREET NW","assessed_value":314500},{"address":"2939.0 145 AVENUE NW","assessed_value":1000},{"address":"16332.0 119 STREET NW","assessed_value":389500},{"address":"2127.0 140 AVENUE NW","assessed_value":324500},{"address":"16515.0 98 STREET NW","assessed_value":353500},{"address":"16230.0 103 STREET NW","assessed_value":2774000},{"address":"9540.0 145 AVENUE NW","assessed_value":368500},{"address":"16515.0 115 STREET NW","assessed_value":312500},{"address":"12317.0 95A STREET NW","assessed_value":266500},{"address":"6120.0 137 AVENUE NW","assessed_value":305000},{"address":"12120.0 150 AVENUE NW","assessed_value":337500},{"address":"13435.0 103 STREET NW","assessed_value":354500},{"address":"11403.0 160 AVENUE NW","assessed_value":394500},{"address":"10835.0 169 AVENUE NW","assessed_value":302000},{"address":"14043.0 118 STREET NW","assessed_value":361000},{"address":"12911.0 94 STREET NW","assessed_value":310500},{"address":"12146.0 91 STREET NW","assessed_value":292000},{"address":"6407.0 134 AVENUE NW","assessed_value":333000},{"address":"14229.0 114 STREET NW","assessed_value":314500},{"address":"10706.0 129 AVENUE NW","assessed_value":363500},{"address":"13007.0 102 STREET NW","assessed_value":376000},{"address":"14509.0 31A STREET NW","assessed_value":249000},{"address":"12811.0 102 STREET NW","assessed_value":456000},{"address":"7203.0 144 AVENUE NW","assessed_value":320500},{"address":"14535.0 19 STREET NW","assessed_value":324000},{"address":"10411.0 134 AVENUE NW","assessed_value":375000},{"address":"8924.0 151 AVENUE NW","assessed_value":366000},{"address":"8.0 CASTLE TERRACE NW","assessed_value":180000},{"address":"14904.0 75 STREET NW","assessed_value":348500},{"address":"12311.0 104 STREET NW","assessed_value":342000},{"address":"14540.0 56 STREET NW","assessed_value":175500},{"address":"9504.0 134 AVENUE NW","assessed_value":316000},{"address":"7719.0 141 AVENUE NW","assessed_value":333000},{"address":"12941.0 69 STREET NW","assessed_value":278500},{"address":"12410.0 92 STREET NW","assessed_value":251000},{"address":"5724.0 143 AVENUE NW","assessed_value":167500},{"address":"195.0 LANCASTER TERRACE NW","assessed_value":127500},{"address":"15103.0 60 STREET NW","assessed_value":344000},{"address":"87.0 LORELEI CLOSE NW","assessed_value":250000},{"address":"15011.0 88 STREET NW","assessed_value":351500},{"address":"15617.0 121 STREET NW","assessed_value":182000},{"address":"10922.0 134 AVENUE NW","assessed_value":0},{"address":"11807.0 140 AVENUE NW","assessed_value":390000},{"address":"5520.0 142A AVENUE NW","assessed_value":340500},{"address":"9923.0 170 AVENUE NW","assessed_value":318000},{"address":"8926.0 144 AVENUE NW","assessed_value":116000},{"address":"8910.0 144 AVENUE NW","assessed_value":125500},{"address":"14119.0 78 STREET NW","assessed_value":332500},{"address":"402.0 VILLAGE ON THE GREEN NW","assessed_value":145500},{"address":"6315.0 152 AVENUE NW","assessed_value":341500},{"address":"2405.0 149 AVENUE NW","assessed_value":358500},{"address":"13227.0 63 STREET NW","assessed_value":327500},{"address":"9404.0 145 AVENUE NW","assessed_value":342500},{"address":"12309.0 101 STREET NW","assessed_value":147500},{"address":"10207.0 161 AVENUE NW","assessed_value":346500},{"address":"7904.0 152A AVENUE NW","assessed_value":358500},{"address":"2311.0 139 AVENUE NW","assessed_value":162000},{"address":"16920.0 109 STREET NW","assessed_value":218500},{"address":"15239.0 94 STREET NW","assessed_value":500},{"address":"16407.0 101 STREET NW","assessed_value":355500},{"address":"9511.0 133 AVENUE NW","assessed_value":329000},{"address":"212.0 LANCASTER TERRACE NW","assessed_value":131500},{"address":"14236.0 115 STREET NW","assessed_value":1000},{"address":"15211.0 58 STREET NW","assessed_value":391000},{"address":"13911.0 84 STREET NW","assessed_value":371000},{"address":"40.0 STEELE CRESCENT NW","assessed_value":328000},{"address":"5711.0 143 AVENUE NW","assessed_value":318500},{"address":"15104.0 20 STREET NW","assessed_value":332500},{"address":"13828.0 25 STREET NW","assessed_value":319000},{"address":"12404.0 161 AVENUE NW","assessed_value":103000},{"address":"8307.0 145 AVENUE NW","assessed_value":345500},{"address":"12.0 CASTLE TERRACE NW","assessed_value":163500},{"address":"15207.0 93 STREET NW","assessed_value":364000},{"address":"13128.0 68 STREET NW","assessed_value":225500},{"address":"6912.0 136 AVENUE NW","assessed_value":314000},{"address":"14207.0 74 STREET NW","assessed_value":326000},{"address":"7904.0 129A AVENUE NW","assessed_value":313000},{"address":"13908.0 92 STREET NW","assessed_value":368000},{"address":"15124.0 95 STREET NW","assessed_value":345000},{"address":"13850.0 27 STREET NW","assessed_value":113500},{"address":"513.0 VILLAGE ON THE GREEN NW","assessed_value":162000},{"address":"3.0 CASTLE TERRACE NW","assessed_value":185500},{"address":"11015.0 165 AVENUE NW","assessed_value":378000},{"address":"9524.0 124A AVENUE NW","assessed_value":229000},{"address":"16741.0 110 STREET NW","assessed_value":493500},{"address":"82.0 MCLEOD PLACE NW","assessed_value":222500},{"address":"10122.0 167A AVENUE NW","assessed_value":313000},{"address":"14116.0 120A STREET NW","assessed_value":355000},{"address":"13008.0 FORT ROAD NW","assessed_value":249500},{"address":"6212.0 144 AVENUE NW","assessed_value":311500},{"address":"14220.0 58 STREET NW","assessed_value":318000},{"address":"16207.0 101 STREET NW","assessed_value":426000},{"address":"11720.0 144 AVENUE NW","assessed_value":437000},{"address":"14808.0 61A STREET NW","assessed_value":337000},{"address":"12828.0 93 STREET NW","assessed_value":332500},{"address":"12311.0 94 STREET NW","assessed_value":289500},{"address":"14723.0 73 STREET NW","assessed_value":355500},{"address":"13535.0 112 STREET NW","assessed_value":318500},{"address":"3143.0 138 AVENUE NW","assessed_value":167000},{"address":"728.0 WARWICK ROAD NW","assessed_value":397000},{"address":"11830.0 101 STREET NW","assessed_value":1432500},{"address":"11847.0 95 STREET NW","assessed_value":217000},{"address":"17127.0 109 STREET NW","assessed_value":157000},{"address":"16340.0 109 STREET NW","assessed_value":135500},{"address":"7204.0 127 AVENUE NW","assessed_value":256500},{"address":"13515.0 74 STREET NW","assessed_value":313000},{"address":"2128.0 143 AVENUE NW","assessed_value":385500},{"address":"10327.0 132 AVENUE NW","assessed_value":191000},{"address":"16519.0 103 STREET NW","assessed_value":402000},{"address":"12836.0 88 STREET NW","assessed_value":406000},{"address":"11918.0 145 AVENUE NW","assessed_value":185000},{"address":"11825.0 145 AVENUE NW","assessed_value":217500},{"address":"7605.0 144 AVENUE NW","assessed_value":238000},{"address":"13804.0 120 STREET NW","assessed_value":374500},{"address":"13208.0 81 STREET NW","assessed_value":260500},{"address":"17115.0 94 STREET NW","assessed_value":536000},{"address":"16524.0 106 STREET NW","assessed_value":407000},{"address":"12919.0 108 STREET NW","assessed_value":287000},{"address":"11338.0 139 AVENUE NW","assessed_value":173000},{"address":"10607.0 165 AVENUE NW","assessed_value":366500},{"address":"10723.0 129 AVENUE NW","assessed_value":275000},{"address":"5504.0 152 AVENUE NW","assessed_value":336500},{"address":"199.0 WARWICK ROAD NW","assessed_value":369500},{"address":"7703.0 141 AVENUE NW","assessed_value":320000},{"address":"249.0 LANCASTER TERRACE NW","assessed_value":148500},{"address":"8903.0 152A AVENUE NW","assessed_value":358000},{"address":"136.0 MAYFAIR MEWS NW","assessed_value":157000},{"address":"9208.0 132A AVENUE NW","assessed_value":321500},{"address":"11867.0 145 AVENUE NW","assessed_value":216500},{"address":"475.0 DUNLUCE ROAD NW","assessed_value":191500},{"address":"13450.0 FORT ROAD NW","assessed_value":112500},{"address":"14112.0 94 STREET NW","assessed_value":372500},{"address":"11958.0 145 AVENUE NW","assessed_value":193500},{"address":"14664.0 121 STREET NW","assessed_value":128000},{"address":"16040.0 123 STREET NW","assessed_value":347500},{"address":"11423.0 141 AVENUE NW","assessed_value":323500},{"address":"13540.0 86 STREET NW","assessed_value":345500},{"address":"9822.0 171A AVENUE NW","assessed_value":382500},{"address":"6404.0 150 AVENUE NW","assessed_value":347000},{"address":"14120.0 80 STREET NW","assessed_value":112000},{"address":"3315.0 153 AVENUE NW","assessed_value":49500},{"address":"11.0 LORELEI CLOSE NW","assessed_value":259000},{"address":"5687.0 137 AVENUE NW","assessed_value":158000},{"address":"9108.0 137 AVENUE NW","assessed_value":354000},{"address":"16507.0 104 STREET NW","assessed_value":417000},{"address":"13427.0 113 STREET NW","assessed_value":408500},{"address":"12825.0 90 STREET NW","assessed_value":301000},{"address":"12955.0 105 STREET NW","assessed_value":301000},{"address":"9319.0 128A AVENUE NW","assessed_value":345000},{"address":"8407.0 149A AVENUE NW","assessed_value":328000},{"address":"5330.0 146 AVENUE NW","assessed_value":225500},{"address":"5911.0 142 AVENUE NW","assessed_value":315500},{"address":"7115.0 DELWOOD ROAD NW","assessed_value":304000},{"address":"9507.0 139 AVENUE NW","assessed_value":372000},{"address":"13213.0 83 STREET NW","assessed_value":222500},{"address":"11811.0 145 AVENUE NW","assessed_value":224500},{"address":"3.0 CASTLE TERRACE NW","assessed_value":168500},{"address":"16011.0 123 STREET NW","assessed_value":391000},{"address":"13436.0 107 STREET NW","assessed_value":325000},{"address":"10925.0 167A AVENUE NW","assessed_value":381000},{"address":"16812.0 91 STREET NW","assessed_value":332500},{"address":"12049.0 93 STREET NW","assessed_value":173500},{"address":"6604.0 132A AVENUE NW","assessed_value":312500},{"address":"12212.0 91 STREET NW","assessed_value":340000},{"address":"5906.0 132 AVENUE NW","assessed_value":236500},{"address":"1820.0 151 AVENUE NW","assessed_value":309500},{"address":"13432.0 58 STREET NW","assessed_value":305000},{"address":"14615.0 29 STREET NW","assessed_value":382500},{"address":"7332.0 147 AVENUE NW","assessed_value":365500},{"address":"13020.0 102 STREET NW","assessed_value":463000},{"address":"7916.0 136 AVENUE NW","assessed_value":310500},{"address":"12912.0 95A STREET NW","assessed_value":336500},{"address":"17420.0 96 STREET NW","assessed_value":278000},{"address":"5553.0 137 AVENUE NW","assessed_value":349500},{"address":"6004.0 140 AVENUE NW","assessed_value":303000},{"address":"14912.0 77 STREET NW","assessed_value":347000},{"address":"13218.0 102 STREET NW","assessed_value":237000},{"address":"5525.0 145A AVENUE NW","assessed_value":390000},{"address":"7915.0 128A AVENUE NW","assessed_value":313000},{"address":"10539.0 128 AVENUE NW","assessed_value":203000},{"address":"10806.0 173 AVENUE NW","assessed_value":238500},{"address":"14230.0 80 STREET NW","assessed_value":112000},{"address":"13916.0 86 STREET NW","assessed_value":329500},{"address":"12224.0 142 AVENUE NW","assessed_value":404000},{"address":"14722.0 121 STREET NW","assessed_value":144500},{"address":"13150.0 97 STREET NW","assessed_value":1469500},{"address":"13316.0 62 STREET NW","assessed_value":373000},{"address":"6204.0 136 AVENUE NW","assessed_value":299500},{"address":"7315.0 131A AVENUE NW","assessed_value":305500},{"address":"67.0 MCLEOD PLACE NW","assessed_value":173500},{"address":"12227.0 103 STREET NW","assessed_value":188000},{"address":"17308.0 101 STREET NW","assessed_value":364500},{"address":"8920.0 150 AVENUE NW","assessed_value":359500},{"address":"6116.0 149 AVENUE NW","assessed_value":396500},{"address":"16411.0 100 STREET NW","assessed_value":395000},{"address":"10828.0 136 AVENUE NW","assessed_value":321000},{"address":"5212.0 146 AVENUE NW","assessed_value":239500},{"address":"6424.0 152A AVENUE NW","assessed_value":350500},{"address":"11524.0 148 AVENUE NW","assessed_value":377500},{"address":"7915.0 129 AVENUE NW","assessed_value":303000},{"address":"14531.0 27 STREET NW","assessed_value":323000},{"address":"13221.0 85 STREET NW","assessed_value":218500},{"address":"14235.0 82 STREET NW","assessed_value":124500},{"address":"11728.0 152A AVENUE NW","assessed_value":346000},{"address":"8812.0 139 AVENUE NW","assessed_value":389000},{"address":"10306.0 173A AVENUE NW","assessed_value":350500},{"address":"12724.0 95 STREET NW","assessed_value":304500},{"address":"6823.0 DELWOOD ROAD NW","assessed_value":320000},{"address":"5616.0 134 AVENUE NW","assessed_value":306000},{"address":"10312.0 131A AVENUE NW","assessed_value":211500},{"address":"13319.0 59 STREET NW","assessed_value":336000},{"address":"505.0 VILLAGE ON THE GREEN NW","assessed_value":147000},{"address":"12021.0 94 STREET NW","assessed_value":311500},{"address":"14017.0 121 STREET NW","assessed_value":182000},{"address":"15208.0 96 STREET NW","assessed_value":338500},{"address":"9502.0 118 AVENUE NW","assessed_value":599500},{"address":"6714.0 149 AVENUE NW","assessed_value":267500},{"address":"2932.0 146 AVENUE NW","assessed_value":335000},{"address":"12108.0 150 AVENUE NW","assessed_value":376500},{"address":"7507.0 137 AVENUE NW","assessed_value":323000},{"address":"14512.0 77 STREET NW","assessed_value":338500},{"address":"14547.0 121 STREET NW","assessed_value":189000},{"address":"10512.0 135A AVENUE NW","assessed_value":319000},{"address":"14520.0 55 STREET NW","assessed_value":13000},{"address":"13224.0 59 STREET NW","assessed_value":266000},{"address":"14207.0 96 STREET NW","assessed_value":418000},{"address":"11919.0 102 STREET NW","assessed_value":1818000},{"address":"16956.0 111 STREET NW","assessed_value":354000},{"address":"15807.0 114 STREET NW","assessed_value":375500},{"address":"5903.0 138 AVENUE NW","assessed_value":324000},{"address":"12027.0 140 AVENUE NW","assessed_value":340000},{"address":"13516.0 110 STREET NW","assessed_value":310000},{"address":"5919.0 149 AVENUE NW","assessed_value":361000},{"address":"13515.0 86 STREET NW","assessed_value":317500},{"address":"10214.0 161 AVENUE NW","assessed_value":254000},{"address":"7207.0 137 AVENUE NW","assessed_value":304500},{"address":"9304.0 124 AVENUE NW","assessed_value":247500},{"address":"6208.0 152A AVENUE NW","assessed_value":342500},{"address":"5436.0 144B AVENUE NW","assessed_value":189500},{"address":"12212.0 152C AVENUE NW","assessed_value":418000},{"address":"13107.0 85 STREET NW","assessed_value":310500},{"address":"11503.0 159 AVENUE NW","assessed_value":381500},{"address":"9519.0 151 AVENUE NW","assessed_value":353000},{"address":"13456.0 103 STREET NW","assessed_value":441500},{"address":"10611.0 134A AVENUE NW","assessed_value":297500},{"address":"448.0 DUNLUCE ROAD NW","assessed_value":352500},{"address":"121.0 VILLAGE ON THE GREEN NW","assessed_value":186000},{"address":"12143.0 94 STREET NW","assessed_value":272000},{"address":"24.0 LANCASTER TERRACE NW","assessed_value":129500},{"address":"16344.0 109 STREET NW","assessed_value":139000},{"address":"15224.0 123 STREET NW","assessed_value":358000},{"address":"12046.0 94 STREET NW","assessed_value":172500},{"address":"16807.0 109 STREET NW","assessed_value":352500},{"address":"12907.0 82 STREET NW","assessed_value":210500},{"address":"12243.0 101 STREET NW","assessed_value":235000},{"address":"8020.0 133 AVENUE NW","assessed_value":352000},{"address":"7007.0 135A AVENUE NW","assessed_value":320500},{"address":"13539.0 82 STREET NW","assessed_value":287500},{"address":"13318.0 108 STREET NW","assessed_value":213500},{"address":"9140.0 144 AVENUE NW","assessed_value":132000},{"address":"16931.0 111 STREET NW","assessed_value":371500},{"address":"13520.0 60 STREET NW","assessed_value":345500},{"address":"11004.0 170 AVENUE NW","assessed_value":368000},{"address":"10004.0 173 AVENUE NW","assessed_value":351500},{"address":"66.0 LANCASTER TERRACE NW","assessed_value":134500},{"address":"12152.0 92 STREET NW","assessed_value":409000},{"address":"15019.0 114 STREET NW","assessed_value":369500},{"address":"6207.0 152 AVENUE NW","assessed_value":337500},{"address":"15119.0 115 STREET NW","assessed_value":244000},{"address":"11909.0 91 STREET NW","assessed_value":136500},{"address":"13504.0 113 STREET NW","assessed_value":276500},{"address":"2904.0 148 AVENUE NW","assessed_value":432500},{"address":"14320.0 80 STREET NW","assessed_value":125500},{"address":"11313.0 164 AVENUE NW","assessed_value":451500},{"address":"14908.0 122 STREET NW","assessed_value":394500},{"address":"16.0 LORELEI CLOSE NW","assessed_value":242000},{"address":"10739.0 128 AVENUE NW","assessed_value":231000},{"address":"16925.0 108 STREET NW","assessed_value":443000},{"address":"10715.0 130 AVENUE NW","assessed_value":386000},{"address":"12228.0 104 STREET NW","assessed_value":278500},{"address":"15016.0 59A STREET NW","assessed_value":342000},{"address":"11933.0 92 STREET NW","assessed_value":286000},{"address":"12918.0 107 STREET NW","assessed_value":347000},{"address":"7335.0 127 AVENUE NW","assessed_value":1793500},{"address":"12127.0 93 STREET NW","assessed_value":475500},{"address":"14250.0 80 STREET NW","assessed_value":124500},{"address":"8303.0 145 AVENUE NW","assessed_value":400500},{"address":"14507.0 65 STREET NW","assessed_value":344000},{"address":"11219.0 137 AVENUE NW","assessed_value":369500},{"address":"15023.0 67 STREET NW","assessed_value":338000},{"address":"5715.0 133 AVENUE NW","assessed_value":69000},{"address":"14205.0 82 STREET NW","assessed_value":130500},{"address":"8508.0 142A AVENUE NW","assessed_value":388500},{"address":"5119.0 144 AVENUE NW","assessed_value":363500},{"address":"15612.0 125 STREET NW","assessed_value":340000},{"address":"11447.0 142 AVENUE NW","assessed_value":355000},{"address":"15219.0 94 STREET NW","assessed_value":342500},{"address":"13304.0 104 STREET NW","assessed_value":332500},{"address":"11422.0 138 AVENUE NW","assessed_value":391500},{"address":"7616.0 136 AVENUE NW","assessed_value":309500},{"address":"13825.0 114 STREET NW","assessed_value":193500},{"address":"5524.0 145 AVENUE NW","assessed_value":185000},{"address":"nan nan","assessed_value":0},{"address":"7207.0 130 AVENUE NW","assessed_value":320500},{"address":"13219.0 95 STREET NW","assessed_value":313500},{"address":"12703.0 107 STREET NW","assessed_value":273500},{"address":"65.0 WARWICK ROAD NW","assessed_value":3000},{"address":"13862.0 27 STREET NW","assessed_value":112000},{"address":"14904.0 75A STREET NW","assessed_value":360000},{"address":"17318.0 107A STREET NW","assessed_value":386000},{"address":"92.0 DUNLUCE ROAD NW","assessed_value":199000},{"address":"17206.0 110 STREET NW","assessed_value":242500},{"address":"14112.0 70 STREET NW","assessed_value":346500},{"address":"7408.0 130 AVENUE NW","assessed_value":293500},{"address":"13207.0 104 STREET NW","assessed_value":637500},{"address":"5715.0 133 AVENUE NW","assessed_value":48000},{"address":"13507.0 110 STREET NW","assessed_value":346500},{"address":"16915.0 110 STREET NW","assessed_value":356500},{"address":"199.0 LANCASTER TERRACE NW","assessed_value":135500},{"address":"11810.0 158 AVENUE NW","assessed_value":397000},{"address":"12915.0 73 STREET NW","assessed_value":368500},{"address":"13524.0 62 STREET NW","assessed_value":327000},{"address":"16720.0 98 STREET NW","assessed_value":371000},{"address":"8912.0 133 AVENUE NW","assessed_value":160000},{"address":"13828.0 87 STREET NW","assessed_value":353500},{"address":"8922.0 144 AVENUE NW","assessed_value":116000},{"address":"13143.0 63 STREET NW","assessed_value":290000},{"address":"12827.0 78 STREET NW","assessed_value":340000},{"address":"7207.0 138 AVENUE NW","assessed_value":335000},{"address":"8911.0 132 AVENUE NW","assessed_value":315500},{"address":"5677.0 137 AVENUE NW","assessed_value":160500},{"address":"240.0 DUNLUCE ROAD NW","assessed_value":418000},{"address":"13523.0 66 STREET NW","assessed_value":313000},{"address":"13124.0 81 STREET NW","assessed_value":358000},{"address":"14232.0 116 STREET NW","assessed_value":366500},{"address":"9004.0 151 AVENUE NW","assessed_value":370000},{"address":"17228.0 93 STREET NW","assessed_value":433000},{"address":"14612.0 86 STREET NW","assessed_value":356500},{"address":"16509.0 115 STREET NW","assessed_value":329500},{"address":"2309.0 139 AVENUE NW","assessed_value":165500},{"address":"6828.0 DELWOOD ROAD NW","assessed_value":301000},{"address":"7924.0 152A AVENUE NW","assessed_value":360500},{"address":"55.0 MCLEOD PLACE NW","assessed_value":173500},{"address":"2919.0 145 AVENUE NW","assessed_value":310500},{"address":"12026.0 96 STREET NW","assessed_value":333500},{"address":"15015.0 69 STREET NW","assessed_value":353500},{"address":"9936.0 173 AVENUE NW","assessed_value":379000},{"address":"13104.0 FORT ROAD NW","assessed_value":500},{"address":"9515.0 133 AVENUE NW","assessed_value":304500},{"address":"14752.0 33 STREET NW","assessed_value":404500},{"address":"12425.0 95 STREET NW","assessed_value":269000},{"address":"8027.0 132 AVENUE NW","assessed_value":290500},{"address":"13419.0 72 STREET NW","assessed_value":338500},{"address":"8915.0 152 AVENUE NW","assessed_value":406000},{"address":"7611.0 132 AVENUE NW","assessed_value":296500},{"address":"7312.0 130A AVENUE NW","assessed_value":315500},{"address":"13237.0 82 STREET NW","assessed_value":238000},{"address":"423.0 DUNLUCE ROAD NW","assessed_value":176000},{"address":"17327.0 108 STREET NW","assessed_value":349000},{"address":"11019.0 166 AVENUE NW","assessed_value":361500},{"address":"14016.0 21 STREET NW","assessed_value":308000},{"address":"15207.0 73A STREET NW","assessed_value":389000},{"address":"15012.0 96 STREET NW","assessed_value":358000},{"address":"13516.0 108 STREET NW","assessed_value":333500},{"address":"12735.0 83 STREET NW","assessed_value":219000},{"address":"16604.0 100 STREET NW","assessed_value":341000},{"address":"2904.0 139 AVENUE NW","assessed_value":122500},{"address":"16941.0 108 STREET NW","assessed_value":406000},{"address":"12279.0 143 AVENUE NW","assessed_value":347000},{"address":"39.0 LANCASTER TERRACE NW","assessed_value":120000},{"address":"14104.0 20 STREET NW","assessed_value":582000},{"address":"13415.0 62 STREET NW","assessed_value":317500},{"address":"12131.0 96 STREET NW","assessed_value":227000},{"address":"7210.0 144 AVENUE NW","assessed_value":2001000},{"address":"11619.0 150 AVENUE NW","assessed_value":387500},{"address":"7411.0 137 AVENUE NW","assessed_value":303500},{"address":"14932.0 69 STREET NW","assessed_value":337500},{"address":"5915.0 142 AVENUE NW","assessed_value":332000},{"address":"8115.0 144 AVENUE NW","assessed_value":127000},{"address":"5304.0 MCLEOD ROAD NW","assessed_value":177500},{"address":"8504.0 148 AVENUE NW","assessed_value":360500},{"address":"12054.0 96 STREET NW","assessed_value":238000},{"address":"8412.0 134 AVENUE NW","assessed_value":378000},{"address":"15011.0 59A STREET NW","assessed_value":334000},{"address":"14703.0 117 STREET NW","assessed_value":360500},{"address":"10819.0 132 AVENUE NW","assessed_value":300000},{"address":"672.0 WARWICK ROAD NW","assessed_value":346000},{"address":"14019.0 95A STREET NW","assessed_value":500},{"address":"13024.0 78 STREET NW","assessed_value":307000},{"address":"15210.0 83 STREET NW","assessed_value":0},{"address":"13415.0 92 STREET NW","assessed_value":379000},{"address":"5608.0 MCLEOD ROAD NW","assessed_value":453500},{"address":"12828.0 87 STREET NW","assessed_value":383500},{"address":"13003.0 63 STREET NW","assessed_value":258000},{"address":"12009.0 95 STREET NW","assessed_value":248500},{"address":"6604.0 132 AVENUE NW","assessed_value":1219500},{"address":"13804.0 118 STREET NW","assessed_value":277000},{"address":"16348.0 109 STREET NW","assessed_value":139000},{"address":"7012.0 152A AVENUE NW","assessed_value":372500},{"address":"11404.0 144 AVENUE NW","assessed_value":366500},{"address":"15604.0 121 STREET NW","assessed_value":268500},{"address":"14225.0 82 STREET NW","assessed_value":124500},{"address":"8912.0 136 AVENUE NW","assessed_value":320500},{"address":"7216.0 139 AVENUE NW","assessed_value":322500},{"address":"6008.0 145 AVENUE NW","assessed_value":344000},{"address":"13337.0 89A STREET NW","assessed_value":171500},{"address":"7607.0 128 AVENUE NW","assessed_value":286000},{"address":"64.0 NORTHWOODS VILLAGE NW","assessed_value":167000},{"address":"14904.0 54 STREET NW","assessed_value":329500},{"address":"14317.0 23 STREET NW","assessed_value":161000},{"address":"12032.0 93 STREET NW","assessed_value":315000},{"address":"14023.0 120 STREET NW","assessed_value":410500},{"address":"11915.0 93 STREET NW","assessed_value":289000},{"address":"12123.0 91 STREET NW","assessed_value":213500},{"address":"16729.0 109A STREET NW","assessed_value":386000},{"address":"8008.0 130 AVENUE NW","assessed_value":318500},{"address":"16508.0 115 STREET NW","assessed_value":280000},{"address":"14011.0 58 STREET NW","assessed_value":317000},{"address":"12210.0 105 STREET NW","assessed_value":469000},{"address":"11411.0 145 AVENUE NW","assessed_value":345500},{"address":"10919.0 165 AVENUE NW","assessed_value":384500},{"address":"12303.0 104 STREET NW","assessed_value":262500},{"address":"12027.0 93 STREET NW","assessed_value":173500},{"address":"5712.0 137 AVENUE NW","assessed_value":310500},{"address":"9806.0 173 AVENUE NW","assessed_value":1500},{"address":"13903.0 54 STREET NW","assessed_value":340500},{"address":"13872.0 24 STREET NW","assessed_value":165000},{"address":"14211.0 23 STREET NW","assessed_value":152500},{"address":"13520.0 85A STREET NW","assessed_value":370000},{"address":"15004.0 95 STREET NW","assessed_value":335500},{"address":"10678.0 BEAUMARIS ROAD NW","assessed_value":189000},{"address":"17115.0 98 STREET NW","assessed_value":379000},{"address":"14507.0 32 STREET NW","assessed_value":394500},{"address":"15603.0 124 STREET NW","assessed_value":397000},{"address":"13235.0 83 STREET NW","assessed_value":263000},{"address":"205.0 DUNLUCE ROAD NW","assessed_value":192500},{"address":"14646.0 121 STREET NW","assessed_value":126000},{"address":"9416.0 138 AVENUE NW","assessed_value":356000},{"address":"11352.0 139 AVENUE NW","assessed_value":173500},{"address":"16731.0 110 STREET NW","assessed_value":473500},{"address":"13412.0 105 STREET NW","assessed_value":327500},{"address":"7807.0 143 AVENUE NW","assessed_value":335000},{"address":"11906.0 94 STREET NW","assessed_value":228500},{"address":"7828.0 147 AVENUE NW","assessed_value":345000},{"address":"6212.0 132 AVENUE NW","assessed_value":351500},{"address":"13612.0 64 STREET NW","assessed_value":337500},{"address":"295.0 LANCASTER TERRACE NW","assessed_value":135500},{"address":"12942.0 65 STREET NW","assessed_value":248500},{"address":"8303.0 138 AVENUE NW","assessed_value":561000},{"address":"6015.0 131A AVENUE NW","assessed_value":294500},{"address":"15018.0 65 STREET NW","assessed_value":4000},{"address":"13211.0 95 STREET NW","assessed_value":227000},{"address":"12204.0 150 AVENUE NW","assessed_value":378000},{"address":"13431.0 71 STREET NW","assessed_value":304000},{"address":"8911.0 151 AVENUE NW","assessed_value":353500},{"address":"14703.0 94 STREET NW","assessed_value":43500},{"address":"12114.0 101 STREET NW","assessed_value":261000},{"address":"8912.0 130 AVENUE NW","assessed_value":240500},{"address":"14215.0 78 STREET NW","assessed_value":335500},{"address":"14115.0 82 STREET NW","assessed_value":124500},{"address":"11835.0 145 AVENUE NW","assessed_value":217500},{"address":"14220.0 80 STREET NW","assessed_value":124500},{"address":"12157.0 145A AVENUE NW","assessed_value":413000},{"address":"14119.0 70 STREET NW","assessed_value":362000},{"address":"10511.0 133 AVENUE NW","assessed_value":378500},{"address":"14581.0 121 STREET NW","assessed_value":173000},{"address":"8803.0 139 AVENUE NW","assessed_value":339500},{"address":"13230.0 FORT ROAD NW","assessed_value":46500},{"address":"297.0 LANCASTER TERRACE NW","assessed_value":135500},{"address":"7215.0 129 AVENUE NW","assessed_value":279000},{"address":"9519.0 174 AVENUE NW","assessed_value":385000},{"address":"13518.0 107 STREET NW","assessed_value":316000},{"address":"12819.0 94 STREET NW","assessed_value":307000},{"address":"151.0 LANCASTER TERRACE NW","assessed_value":137500},{"address":"14611.0 96 STREET NW","assessed_value":349000},{"address":"5408.0 144B AVENUE NW","assessed_value":168000},{"address":"13407.0 105 STREET NW","assessed_value":317000},{"address":"11619.0 138 AVENUE NW","assessed_value":329500},{"address":"5607.0 134 AVENUE NW","assessed_value":500},{"address":"10511.0 LAUDER AVENUE NW","assessed_value":299500},{"address":"14003.0 120 STREET NW","assessed_value":353000},{"address":"14110.0 80 STREET NW","assessed_value":147500},{"address":"9524.0 139 AVENUE NW","assessed_value":351500},{"address":"14250.0 80 STREET NW","assessed_value":139000},{"address":"6404.0 131 AVENUE NW","assessed_value":334000},{"address":"17218.0 111A STREET NW","assessed_value":431000},{"address":"13527.0 65 STREET NW","assessed_value":296500},{"address":"15.0 STEELE CRESCENT NW","assessed_value":325000},{"address":"14511.0 86 STREET NW","assessed_value":368000},{"address":"11512.0 152A AVENUE NW","assessed_value":399500},{"address":"12727.0 74 STREET NW","assessed_value":316500},{"address":"10536.0 LAUDERDALE ROAD NW","assessed_value":304000},{"address":"12630.0 68 STREET NW","assessed_value":288000},{"address":"15235.0 123 STREET NW","assessed_value":351500},{"address":"12941.0 63 STREET NW","assessed_value":270500},{"address":"8539.0 134A AVENUE NW","assessed_value":315000},{"address":"13322.0 90 STREET NW","assessed_value":230500},{"address":"8415.0 147 AVENUE NW","assessed_value":352000},{"address":"16344.0 109 STREET NW","assessed_value":148000},{"address":"7607.0 137 AVENUE NW","assessed_value":310500},{"address":"305.0 VILLAGE ON THE GREEN NW","assessed_value":156000},{"address":"146.0 MAYFAIR MEWS NW","assessed_value":154000},{"address":"16608.0 109 STREET NW","assessed_value":370000},{"address":"6308.0 152 AVENUE NW","assessed_value":328000},{"address":"15107.0 83 STREET NW","assessed_value":331000},{"address":"10107.0 130 AVENUE NW","assessed_value":520000},{"address":"10848.0 173 AVENUE NW","assessed_value":232500},{"address":"13888.0 24 STREET NW","assessed_value":155000},{"address":"14711.0 117A STREET NW","assessed_value":361000},{"address":"15716.0 125 STREET NW","assessed_value":339000},{"address":"12841.0 54 STREET NW","assessed_value":176000},{"address":"17014.0 91 STREET NW","assessed_value":354000},{"address":"5611.0 140A AVENUE NW","assessed_value":333500},{"address":"7815.0 144 AVENUE NW","assessed_value":329500},{"address":"10634.0 BEAUMARIS ROAD NW","assessed_value":176000},{"address":"14607.0 81 STREET NW","assessed_value":392500},{"address":"9425.0 132 AVENUE NW","assessed_value":11626500},{"address":"17235.0 104 STREET NW","assessed_value":352000},{"address":"9856.0 164 AVENUE NW","assessed_value":399000},{"address":"9520.0 148 AVENUE NW","assessed_value":348000},{"address":"14220.0 80 STREET NW","assessed_value":124500},{"address":"12724.0 69 STREET NW","assessed_value":264000},{"address":"13527.0 109 STREET NW","assessed_value":356000},{"address":"13204.0 104 STREET NW","assessed_value":287500},{"address":"8408.0 149A AVENUE NW","assessed_value":337000},{"address":"5425.0 144B AVENUE NW","assessed_value":134000},{"address":"13332.0 105 STREET NW","assessed_value":350500},{"address":"12216.0 144 AVENUE NW","assessed_value":391000},{"address":"10835.0 168 AVENUE NW","assessed_value":344000},{"address":"13720.0 20 STREET NW","assessed_value":478500},{"address":"11008.0 170 AVENUE NW","assessed_value":365000},{"address":"10616.0 172 AVENUE NW","assessed_value":342000},{"address":"16512.0 102 STREET NW","assessed_value":362000},{"address":"12220.0 146 AVENUE NW","assessed_value":322000},{"address":"11915.0 140 AVENUE NW","assessed_value":336500},{"address":"5607.0 142 AVENUE NW","assessed_value":431000},{"address":"56.0 WARWICK ROAD NW","assessed_value":336000},{"address":"7108.0 132 AVENUE NW","assessed_value":329500},{"address":"13619.0 61 STREET NW","assessed_value":447000},{"address":"14552.0 123 STREET NW","assessed_value":469500},{"address":"2127.0 145 AVENUE NW","assessed_value":393000},{"address":"nan nan","assessed_value":2000},{"address":"8015.0 130 AVENUE NW","assessed_value":292000},{"address":"11716.0 164 AVENUE NW","assessed_value":328000},{"address":"10112.0 134 AVENUE NW","assessed_value":229000},{"address":"12320.0 95A STREET NW","assessed_value":269500},{"address":"6208.0 135 AVENUE NW","assessed_value":317000},{"address":"14016.0 58 STREET NW","assessed_value":380000},{"address":"10211.0 136 AVENUE NW","assessed_value":316000},{"address":"12804.0 107 STREET NW","assessed_value":263000},{"address":"13408.0 90 STREET NW","assessed_value":335000},{"address":"10320.0 164 AVENUE NW","assessed_value":355000},{"address":"5911.0 134A AVENUE NW","assessed_value":328500},{"address":"12120.0 94 STREET NW","assessed_value":231500},{"address":"12250.0 95 STREET NW","assessed_value":238500},{"address":"136.0 DUNLUCE ROAD NW","assessed_value":421000},{"address":"13033.0 65 STREET NW","assessed_value":231000},{"address":"12920.0 101 STREET NW","assessed_value":326000},{"address":"11436.0 145 AVENUE NW","assessed_value":336500},{"address":"5430.0 144B AVENUE NW","assessed_value":168000},{"address":"12146.0 90 STREET NW","assessed_value":235500},{"address":"10807.0 137 AVENUE NW","assessed_value":300500},{"address":"210.0 VILLAGE ON THE GREEN NW","assessed_value":151000},{"address":"12727.0 92 STREET NW","assessed_value":317000},{"address":"8407.0 148 AVENUE NW","assessed_value":347000},{"address":"139.0 WARWICK ROAD NW","assessed_value":348000},{"address":"7808.0 130 AVENUE NW","assessed_value":277000},{"address":"12840.0 85 STREET NW","assessed_value":297000},{"address":"13131.0 86 STREET NW","assessed_value":2998000},{"address":"7708.0 DELWOOD ROAD NW","assessed_value":339500},{"address":"7411.0 150 AVENUE NW","assessed_value":385000},{"address":"8820.0 135 AVENUE NW","assessed_value":351000},{"address":"5659.0 137 AVENUE NW","assessed_value":166000},{"address":"16830.0 109 STREET NW","assessed_value":141500},{"address":"12908.0 101 STREET NW","assessed_value":334500},{"address":"10324.0 166 AVENUE NW","assessed_value":368000},{"address":"13107.0 102 STREET NW","assessed_value":352000},{"address":"12407.0 91 STREET NW","assessed_value":160000},{"address":"11836.0 96 STREET NW","assessed_value":333500},{"address":"12003.0 104 STREET NW","assessed_value":330000},{"address":"11604.0 142 AVENUE NW","assessed_value":323500},{"address":"9411.0 144 AVENUE NW","assessed_value":351500},{"address":"8527.0 137 AVENUE NW","assessed_value":290000},{"address":"14516.0 32 STREET NW","assessed_value":344000},{"address":"13416.0 72 STREET NW","assessed_value":333000},{"address":"15108.0 54 STREET NW","assessed_value":353500},{"address":"12001.0 152A AVENUE NW","assessed_value":1000},{"address":"13007.0 86 STREET NW","assessed_value":330500},{"address":"7604.0 149 AVENUE NW","assessed_value":422000},{"address":"12629.0 70 STREET NW","assessed_value":193500},{"address":"10112.0 133 AVENUE NW","assessed_value":379000},{"address":"11715.0 152 AVENUE NW","assessed_value":294500},{"address":"7519.0 141 AVENUE NW","assessed_value":331000},{"address":"14466.0 56 STREET NW","assessed_value":177500},{"address":"9815.0 170 AVENUE NW","assessed_value":296500},{"address":"7204.0 137 AVENUE NW","assessed_value":327500},{"address":"6115.0 142 AVENUE NW","assessed_value":308500},{"address":"12409.0 95 STREET NW","assessed_value":249000},{"address":"13445.0 113A STREET NW","assessed_value":0},{"address":"14003.0 95 STREET NW","assessed_value":357500},{"address":"9811.0 170 AVENUE NW","assessed_value":326500},{"address":"12214.0 143 AVENUE NW","assessed_value":454500},{"address":"13608.0 111 STREET NW","assessed_value":314500},{"address":"11619.0 140 AVENUE NW","assessed_value":332000},{"address":"8416.0 137 AVENUE NW","assessed_value":341000},{"address":"15105.0 121 STREET NW","assessed_value":77000},{"address":"14132.0 70 STREET NW","assessed_value":366500},{"address":"12141.0 95A STREET NW","assessed_value":408500},{"address":"12139.0 146 AVENUE NW","assessed_value":357500},{"address":"2918.0 150 AVENUE NW","assessed_value":319000},{"address":"14719.0 33 STREET NW","assessed_value":376500},{"address":"6303.0 147 AVENUE NW","assessed_value":314500},{"address":"16112.0 100 STREET NW","assessed_value":346000},{"address":"16927.0 92 STREET NW","assessed_value":351000},{"address":"8005.0 144 AVENUE NW","assessed_value":112000},{"address":"2155.0 141 AVENUE NW","assessed_value":173500},{"address":"13523.0 68 STREET NW","assessed_value":348000},{"address":"12210.0 103 STREET NW","assessed_value":403000},{"address":"14632.0 60 STREET NW","assessed_value":448500},{"address":"12040.0 93 STREET NW","assessed_value":228500},{"address":"12025.0 103 STREET NW","assessed_value":299000},{"address":"15111.0 122 STREET NW","assessed_value":429500},{"address":"11913.0 105 STREET NW","assessed_value":352500},{"address":"14707.0 118 STREET NW","assessed_value":347500},{"address":"13432.0 113 STREET NW","assessed_value":245000},{"address":"16712.0 104 STREET NW","assessed_value":20500},{"address":"2012.0 139 AVENUE NW","assessed_value":352500},{"address":"5408.0 141 AVENUE NW","assessed_value":311500},{"address":"13855.0 114 STREET NW","assessed_value":200500},{"address":"12909.0 55 STREET NW","assessed_value":198000},{"address":"12202.0 104 STREET NW","assessed_value":358500},{"address":"6320.0 135A AVENUE NW","assessed_value":324500},{"address":"12121.0 101 STREET NW","assessed_value":287500},{"address":"13351.0 96 STREET NW","assessed_value":354000},{"address":"2427.0 145 AVENUE NW","assessed_value":408500},{"address":"13012.0 79 STREET NW","assessed_value":301000},{"address":"17312.0 108 STREET NW","assessed_value":235500},{"address":"13828.0 21 STREET NW","assessed_value":379000},{"address":"17217.0 111A STREET NW","assessed_value":380000},{"address":"10712.0 172 AVENUE NW","assessed_value":266000},{"address":"16502.0 104 STREET NW","assessed_value":1000},{"address":"6811.0 DELWOOD ROAD NW","assessed_value":360000},{"address":"33.0 LORELEI CLOSE NW","assessed_value":254000},{"address":"8828.0 150 AVENUE NW","assessed_value":338000},{"address":"8824.0 135 AVENUE NW","assessed_value":382500},{"address":"11604.0 145 AVENUE NW","assessed_value":360500},{"address":"14218.0 21A STREET NW","assessed_value":341000},{"address":"7808.0 144 AVENUE NW","assessed_value":394000},{"address":"12227.0 144 AVENUE NW","assessed_value":405000},{"address":"1817.0 151 AVENUE NW","assessed_value":255500},{"address":"6704.0 149 AVENUE NW","assessed_value":262000},{"address":"13144.0 62 STREET NW","assessed_value":301000},{"address":"7815.0 136 AVENUE NW","assessed_value":372000},{"address":"12063.0 94 STREET NW","assessed_value":300500},{"address":"14013.0 121 STREET NW","assessed_value":170000},{"address":"8020.0 134A AVENUE NW","assessed_value":321000},{"address":"9224.0 128 AVENUE NW","assessed_value":221500},{"address":"13136.0 62 STREET NW","assessed_value":254000},{"address":"1821.0 151 AVENUE NW","assessed_value":293500},{"address":"14604.0 122 STREET NW","assessed_value":369000},{"address":"11914.0 138 AVENUE NW","assessed_value":334000},{"address":"12819.0 82 STREET NW","assessed_value":130000},{"address":"17219.0 102 STREET NW","assessed_value":332000},{"address":"7246.0 149A AVENUE NW","assessed_value":8500},{"address":"12242.0 143 AVENUE NW","assessed_value":351000},{"address":"16547.0 103 STREET NW","assessed_value":348000},{"address":"2373.0 139 AVENUE NW","assessed_value":153500},{"address":"13452.0 FORT ROAD NW","assessed_value":83000},{"address":"10227.0 169 AVENUE NW","assessed_value":337500},{"address":"11423.0 162 AVENUE NW","assessed_value":340000},{"address":"44.0 LORELEI CLOSE NW","assessed_value":265000},{"address":"13131.0 109 STREET NW","assessed_value":322000},{"address":"16812.0 93 STREET NW","assessed_value":445000},{"address":"8507.0 151 AVENUE NW","assessed_value":377000},{"address":"11407.0 159 AVENUE NW","assessed_value":348500},{"address":"6915.0 137 AVENUE NW","assessed_value":224500},{"address":"12412.0 161 AVENUE NW","assessed_value":106500},{"address":"9431.0 144 AVENUE NW","assessed_value":344500},{"address":"14919.0 59 STREET NW","assessed_value":334500},{"address":"6208.0 139 AVENUE NW","assessed_value":307000},{"address":"5723.0 144 AVENUE NW","assessed_value":160000},{"address":"71.0 WARWICK ROAD NW","assessed_value":299500},{"address":"9931.0 171 AVENUE NW","assessed_value":159500},{"address":"10435.0 137 AVENUE NW","assessed_value":310000},{"address":"14207.0 120A STREET NW","assessed_value":327500},{"address":"13819.0 25 STREET NW","assessed_value":294000},{"address":"12824.0 67 STREET NW","assessed_value":247000},{"address":"12719.0 88 STREET NW","assessed_value":283500},{"address":"14532.0 56 STREET NW","assessed_value":172000},{"address":"11364.0 139 AVENUE NW","assessed_value":175000},{"address":"17043.0 98 STREET NW","assessed_value":319500},{"address":"5539.0 144A AVENUE NW","assessed_value":167000},{"address":"12824.0 86 STREET NW","assessed_value":361000},{"address":"10309.0 164 AVENUE NW","assessed_value":255000},{"address":"8508.0 144 AVENUE NW","assessed_value":346500},{"address":"11124.0 171 AVENUE NW","assessed_value":349500},{"address":"5708.0 137 AVENUE NW","assessed_value":303500},{"address":"13547.0 105 STREET NW","assessed_value":249500},{"address":"13028.0 72 STREET NW","assessed_value":340000},{"address":"14320.0 80 STREET NW","assessed_value":112000},{"address":"11804.0 158 AVENUE NW","assessed_value":354000},{"address":"7212.0 138 AVENUE NW","assessed_value":330000},{"address":"12208.0 159 AVENUE NW","assessed_value":362000},{"address":"9212.0 132 AVENUE NW","assessed_value":312500},{"address":"5203.0 MCLEOD ROAD NW","assessed_value":179500},{"address":"14241.0 23 STREET NW","assessed_value":148000},{"address":"15003.0 93 STREET NW","assessed_value":331000},{"address":"14624.0 19 STREET NW","assessed_value":306500},{"address":"14246.0 22A STREET NW","assessed_value":348500},{"address":"257.0 DUNLUCE ROAD NW","assessed_value":198000},{"address":"11952.0 145 AVENUE NW","assessed_value":236000},{"address":"7003.0 DELWOOD ROAD NW","assessed_value":375500},{"address":"15715.0 116 STREET NW","assessed_value":359000},{"address":"15105.0 121 STREET NW","assessed_value":77500},{"address":"15012.0 79 STREET NW","assessed_value":425500},{"address":"16917.0 93 STREET NW","assessed_value":502500},{"address":"5671.0 137 AVENUE NW","assessed_value":150000},{"address":"11601.0 150 AVENUE NW","assessed_value":1000},{"address":"12912.0 53 STREET NW","assessed_value":288000},{"address":"8215.0 133A AVENUE NW","assessed_value":226500},{"address":"16508.0 114 STREET NW","assessed_value":363500},{"address":"15104.0 59 STREET NW","assessed_value":340000},{"address":"6112.0 142 AVENUE NW","assessed_value":334500},{"address":"14415.0 92 STREET NW","assessed_value":93000},{"address":"11716.0 152 AVENUE NW","assessed_value":273500},{"address":"6705.0 137 AVENUE NW","assessed_value":327000},{"address":"15733.0 121 STREET NW","assessed_value":245000},{"address":"13529.0 67 STREET NW","assessed_value":6500},{"address":"15105.0 121 STREET NW","assessed_value":106000},{"address":"17125.0 100 STREET NW","assessed_value":341000},{"address":"10523.0 173 AVENUE NW","assessed_value":355500},{"address":"14508.0 64 STREET NW","assessed_value":435000},{"address":"119.0 MAYFAIR MEWS NW","assessed_value":151500}]