[{"address":"4405.0 117 AVENUE NW","assessed_value":575000},{"address":"11446.0 83 STREET NW","assessed_value":277000},{"address":"11811.0 71 STREET NW","assessed_value":199500},{"address":"2629.0 129A AVENUE NW","assessed_value":354500},{"address":"5211.0 124A AVENUE NW","assessed_value":436500},{"address":"13503.0 40 STREET NW","assessed_value":2900500},{"address":"11334.0 89 STREET NW","assessed_value":291000},{"address":"11506.0 67 STREET NW","assessed_value":425000},{"address":"3210.0 132A AVENUE NW","assessed_value":41500},{"address":"9918.0 101 STREET NW","assessed_value":126000},{"address":"12219.0 42 STREET NW","assessed_value":313000},{"address":"16425.0 109 STREET NW","assessed_value":101000},{"address":"11503.0 13 AVENUE NW","assessed_value":1017000},{"address":"137.0 WEST VIEW CRESCENT NW","assessed_value":47000},{"address":"13231.0 39 STREET NW","assessed_value":348500},{"address":"11322.0 55 STREET NW","assessed_value":420000},{"address":"3611.0 110 AVENUE NW","assessed_value":307500},{"address":"3512.0 109 AVENUE NW","assessed_value":320000},{"address":"8504.0 121 AVENUE NW","assessed_value":503500},{"address":"11911.0 FORT ROAD NW","assessed_value":238000},{"address":"11238.0 70 STREET NW","assessed_value":681500},{"address":"nan nan","assessed_value":484000},{"address":"11949.0 63 STREET NW","assessed_value":200500},{"address":"11935.0 51 STREET NW","assessed_value":323500},{"address":"13816.0 34 STREET NW","assessed_value":352000},{"address":"11242.0 65 STREET NW","assessed_value":314500},{"address":"4435.0 ADA BOULEVARD NW","assessed_value":5500},{"address":"573.0 EVERGREEN PARK NW","assessed_value":65000},{"address":"12227.0 58 STREET NW","assessed_value":301500},{"address":"6720.0 158 AVENUE NW","assessed_value":115000},{"address":"12232.0 57 STREET NW","assessed_value":307000},{"address":"4222.0 113 AVENUE NW","assessed_value":264500},{"address":"532.0 BUTTERWORTH WAY NW","assessed_value":620000},{"address":"11826.0 54 STREET NW","assessed_value":338500},{"address":"10508.0 119 STREET NW","assessed_value":172500},{"address":"17467.0 98A AVENUE NW","assessed_value":154000},{"address":"75.0 HAMILTON CRESCENT NW","assessed_value":343500},{"address":"12208.0 82 STREET NW","assessed_value":1313000},{"address":"12040.0 50 STREET NW","assessed_value":311500},{"address":"4817.0 117 AVENUE NW","assessed_value":252000},{"address":"11424.0 90 STREET NW","assessed_value":244000},{"address":"11561.0 136 STREET NW","assessed_value":274000},{"address":"10827.0 85 AVENUE NW","assessed_value":280000},{"address":"111.0 EAGLE RIDGE PLACE NW","assessed_value":525500},{"address":"28.0 RIM ROAD NW","assessed_value":38500},{"address":"6826.0 162A AVENUE NW","assessed_value":486500},{"address":"3108.0 110 AVENUE NW","assessed_value":361000},{"address":"13006.0 50 STREET NW","assessed_value":1571000},{"address":"72.0 HOWSON CRESCENT NW","assessed_value":407500},{"address":"6521.0 118 AVENUE NW","assessed_value":1095500},{"address":"13003.0 30 STREET NW","assessed_value":307000},{"address":"11311.0 58 STREET NW","assessed_value":376000},{"address":"718.0 CLAREVIEW ROAD NW","assessed_value":162500},{"address":"3304.0 130A AVENUE NW","assessed_value":212000},{"address":"12219.0 52 STREET NW","assessed_value":302000},{"address":"9918.0 101 STREET NW","assessed_value":136000},{"address":"255.0 WILSON LANE NW","assessed_value":1772500},{"address":"12041.0 90 STREET NW","assessed_value":223500},{"address":"3016.0 130 AVENUE NW","assessed_value":352000},{"address":"949.0 JORDAN CRESCENT NW","assessed_value":438000},{"address":"10610.0 76 STREET NW","assessed_value":204000},{"address":"1927.0 WEST ROYAL WAY NW","assessed_value":36000},{"address":"11447.0 68 STREET NW","assessed_value":314500},{"address":"12321.0 81 STREET NW","assessed_value":372000},{"address":"11425.0 41 AVENUE NW","assessed_value":106500},{"address":"8016.0 95A STREET NW","assessed_value":436500},{"address":"11933.0 50 STREET NW","assessed_value":270500},{"address":"1283.0 CARTER CREST ROAD NW","assessed_value":392500},{"address":"12604.0 153 AVENUE NW","assessed_value":94500},{"address":"936.0 114A STREET NW","assessed_value":533000},{"address":"15128.0 22 STREET NW","assessed_value":240000},{"address":"3818.0 112 AVENUE NW","assessed_value":285000},{"address":"710.0 ORMSBY ROAD WEST NW","assessed_value":460500},{"address":"5519.0 118 AVENUE NW","assessed_value":351500},{"address":"7701.0 112S AVENUE NW","assessed_value":658500},{"address":"2516.0 WEST PORT ROAD NW","assessed_value":44000},{"address":"11502.0 85 STREET NW","assessed_value":161500},{"address":"11424.0 66 STREET NW","assessed_value":408500},{"address":"13228.0 37 STREET NW","assessed_value":344500},{"address":"3212.0 138 AVENUE NW","assessed_value":314000},{"address":"1456.0 WEST STRAIT PLACE NW","assessed_value":25000},{"address":"12206.0 49 STREET NW","assessed_value":300500},{"address":"11816.0 64 STREET NW","assessed_value":225000},{"address":"10620.0 104 STREET NW","assessed_value":72000},{"address":"11716.0 100 AVENUE NW","assessed_value":320000},{"address":"7124.0 113 AVENUE NW","assessed_value":500},{"address":"6912.0 162 AVENUE NW","assessed_value":485500},{"address":"14234.0 31 STREET NW","assessed_value":149000},{"address":"15443.0 133 STREET NW","assessed_value":418500},{"address":"3307.0 107 AVENUE NW","assessed_value":127000},{"address":"3434.0 136A AVENUE NW","assessed_value":360000},{"address":"4711.0 127A AVENUE NW","assessed_value":326000},{"address":"10331.0 106 STREET NW","assessed_value":14500},{"address":"4532.0 124 AVENUE NW","assessed_value":524500},{"address":"11934.0 69 STREET NW","assessed_value":287000},{"address":"nan nan","assessed_value":9000},{"address":"11215.0 79 STREET NW","assessed_value":270500},{"address":"14215.0 25 STREET NW","assessed_value":323500},{"address":"11642.0 86 STREET NW","assessed_value":259500},{"address":"11716.0 100 AVENUE NW","assessed_value":332500},{"address":"11834.0 56 STREET NW","assessed_value":163500},{"address":"11516.0 67 STREET NW","assessed_value":250500},{"address":"11424.0 86 STREET NW","assessed_value":304500},{"address":"11465.0 41 AVENUE NW","assessed_value":144000},{"address":"8.0 HENRY AVENUE NW","assessed_value":373500},{"address":"11415.0 100 AVENUE NW","assessed_value":294000},{"address":"12421.0 79 STREET NW","assessed_value":254000},{"address":"11922.0 78 STREET NW","assessed_value":172000},{"address":"11406.0 87 STREET NW","assessed_value":233000},{"address":"5308.0 124 AVENUE NW","assessed_value":471500},{"address":"16233.0 58 STREET NW","assessed_value":410500},{"address":"12090.0 58 STREET NW","assessed_value":228500},{"address":"2925.0 130 AVENUE NW","assessed_value":190000},{"address":"11417.0 91 STREET NW","assessed_value":279000},{"address":"39.0 CLAREVIEW ROAD NW","assessed_value":333000},{"address":"nan nan","assessed_value":7500},{"address":"326.0 EVERGREEN PARK NW","assessed_value":33500},{"address":"11115.0 9 AVENUE NW","assessed_value":288500},{"address":"16425.0 109 STREET NW","assessed_value":81500},{"address":"16123.0 67 STREET NW","assessed_value":436500},{"address":"10910.0 98 AVENUE NW","assessed_value":2000},{"address":"4202.0 118 AVENUE NW","assessed_value":204500},{"address":"11303.0 90 STREET NW","assessed_value":248500},{"address":"10923.0 82 AVENUE NW","assessed_value":89000},{"address":"13847.0 27 STREET NW","assessed_value":334000},{"address":"12.0 HOWSON CRESCENT NW","assessed_value":352500},{"address":"11718.0 97 STREET NW","assessed_value":285500},{"address":"34.0 HARROW CIRCLE NW","assessed_value":1000},{"address":"13355.0 47 STREET NW","assessed_value":119500},{"address":"20.0 HOMESTEAD CRESCENT NW","assessed_value":287000},{"address":"4622.0 114 AVENUE NW","assessed_value":285500},{"address":"11635.0 8 AVENUE NW","assessed_value":421000},{"address":"201.0 HOMESTEAD CRESCENT NW","assessed_value":157000},{"address":"113.0 WILLIAM HUSTLER CRESCENT NW","assessed_value":348000},{"address":"11430.0 40 AVENUE NW","assessed_value":126500},{"address":"11930.0 82 STREET NW","assessed_value":1515000},{"address":"521.0 BUTTERWORTH WAY NW","assessed_value":623000},{"address":"106.0 TWIN BROOKS COVE NW","assessed_value":871500},{"address":"54.0 RIM ROAD NW","assessed_value":51000},{"address":"10159.0 155 STREET NW","assessed_value":117500},{"address":"40.0 HARROW CIRCLE NW","assessed_value":317000},{"address":"11644.0 89 STREET NW","assessed_value":217500},{"address":"2572.0 138A AVENUE NW","assessed_value":154000},{"address":"1904.0 MILL WOODS ROAD NW","assessed_value":301000},{"address":"11714.0 10A AVENUE NW","assessed_value":483000},{"address":"1083.0 CARTER CREST ROAD NW","assessed_value":509000},{"address":"11561.0 136 STREET NW","assessed_value":284500},{"address":"nan nan","assessed_value":9000},{"address":"12129.0 47 STREET NW","assessed_value":295000},{"address":"2039.0 61 STREET NW","assessed_value":506000},{"address":"10803.0 31 STREET NW","assessed_value":345500},{"address":"43.0 HARVEST ROAD NW","assessed_value":342500},{"address":"15499.0 CASTLE DOWNS ROAD NW","assessed_value":171500},{"address":"11330.0 67 STREET NW","assessed_value":311500},{"address":"13140.0 26 STREET NW","assessed_value":377000},{"address":"5833.0 162A AVENUE NW","assessed_value":334000},{"address":"4205.0 113 AVENUE NW","assessed_value":273500},{"address":"5532.0 ADA BOULEVARD NW","assessed_value":652500},{"address":"186.0 EVERGREEN PARK NW","assessed_value":25500},{"address":"13135.0 26 STREET NW","assessed_value":382500},{"address":"11932.0 64 STREET NW","assessed_value":370500},{"address":"11523.0 91 STREET NW","assessed_value":232000},{"address":"970.0 HOOKE ROAD NW","assessed_value":8000},{"address":"11839.0 68 STREET NW","assessed_value":375500},{"address":"11603.0 68 STREET NW","assessed_value":337500},{"address":"471.0 HUFFMAN CRESCENT NW","assessed_value":349500},{"address":"10911.0 36 STREET NW","assessed_value":287500},{"address":"3203.0 130 AVENUE NW","assessed_value":199500},{"address":"2508.0 50 STREET NW","assessed_value":124000},{"address":"11219.0 70 STREET NW","assessed_value":484000},{"address":"11922.0 67 STREET NW","assessed_value":207000},{"address":"16425.0 109 STREET NW","assessed_value":102000},{"address":"9248.0 34 AVENUE NW","assessed_value":437500},{"address":"12322.0 83 STREET NW","assessed_value":177000},{"address":"12804.0 46 STREET NW","assessed_value":348500},{"address":"808.0 114 STREET NW","assessed_value":682000},{"address":"13040.0 32 STREET NW","assessed_value":405500},{"address":"5104.0 121 AVENUE NW","assessed_value":310000},{"address":"3417.0 135A AVENUE NW","assessed_value":345500},{"address":"11227.0 63 STREET NW","assessed_value":610500},{"address":"1.0 RIM ROAD NW","assessed_value":37000},{"address":"11445.0 41 AVENUE NW","assessed_value":127500},{"address":"7920.0 120 AVENUE NW","assessed_value":537000},{"address":"5107.0 122 AVENUE NW","assessed_value":301000},{"address":"10898.0 75 STREET NW","assessed_value":887500},{"address":"11141.0 57 STREET NW","assessed_value":431500},{"address":"405.0 BRECKENRIDGE LANE NW","assessed_value":394500},{"address":"3733.0 136A AVENUE NW","assessed_value":459500},{"address":"148.0 CLAREVIEW ROAD NW","assessed_value":335500},{"address":"822.0 118A STREET NW","assessed_value":447000},{"address":"3410.0 120 AVENUE NW","assessed_value":359000},{"address":"12121.0 40 STREET NW","assessed_value":283500},{"address":"14087.0 30 STREET NW","assessed_value":173000},{"address":"12218.0 39 STREET NW","assessed_value":323500},{"address":"13228.0 39 STREET NW","assessed_value":378000},{"address":"3628.0 113 AVENUE NW","assessed_value":11000},{"address":"3406.0 135A AVENUE NW","assessed_value":352500},{"address":"12337.0 82 STREET NW","assessed_value":325000},{"address":"582.0 ABBOTTSFIELD ROAD NW","assessed_value":146500},{"address":"12912.0 22 STREET NW","assessed_value":447500},{"address":"4210.0 139 AVENUE NW","assessed_value":133500},{"address":"10319.0 121 STREET NW","assessed_value":249000},{"address":"11321.0 92 STREET NW","assessed_value":315500},{"address":"11611.0 68 STREET NW","assessed_value":193500},{"address":"13115.0 42 STREET NW","assessed_value":411500},{"address":"4.0 MAPLE RIDGE DRIVE NW","assessed_value":55500},{"address":"10408.0 34 STREET NW","assessed_value":327000},{"address":"4643.0 126 AVENUE NW","assessed_value":238500},{"address":"nan nan","assessed_value":4000},{"address":"7576.0 110 AVENUE NW","assessed_value":300000},{"address":"9615.0 109 STREET NW","assessed_value":5000},{"address":"219.0 39 AVENUE NW","assessed_value":451000},{"address":"43.0 MAPLE RIDGE DRIVE NW","assessed_value":43500},{"address":"11812.0 10 AVENUE NW","assessed_value":527000},{"address":"10520.0 120 STREET NW","assessed_value":151000},{"address":"11740.0 89 STREET NW","assessed_value":1561500},{"address":"11251.0 92 STREET NW","assessed_value":224500},{"address":"1700.0 WEST OAK CLOSE NW","assessed_value":44500},{"address":"11929.0 64 STREET NW","assessed_value":205000},{"address":"12309.0 81 STREET NW","assessed_value":325000},{"address":"8730.0 118 AVENUE NW","assessed_value":874500},{"address":"1438.0 WEST STRAIT PLACE NW","assessed_value":84500},{"address":"16425.0 109 STREET NW","assessed_value":99000},{"address":"7326.0 111 AVENUE NW","assessed_value":544000},{"address":"520.0 WEST WOOD PLACE NW","assessed_value":29000},{"address":"3104.0 138 AVENUE NW","assessed_value":342000},{"address":"12629.0 71 STREET NW","assessed_value":120000},{"address":"61.0 HARRISON DRIVE NW","assessed_value":1000},{"address":"3614.0 110 AVENUE NW","assessed_value":273000},{"address":"12420.0 52 STREET NW","assessed_value":445000},{"address":"12604.0 153 AVENUE NW","assessed_value":67500},{"address":"3945.0 118 AVENUE NW","assessed_value":1278500},{"address":"12038.0 54 STREET NW","assessed_value":301500},{"address":"4810.0 127B AVENUE NW","assessed_value":324500},{"address":"12150.0 60 STREET NW","assessed_value":164000},{"address":"837.0 WEST COAST BAY NW","assessed_value":34000},{"address":"11217.0 65 STREET NW","assessed_value":392500},{"address":"198.0 CLAREVIEW ROAD NW","assessed_value":347000},{"address":"4.0 HOOPER CRESCENT NW","assessed_value":16017000},{"address":"18832.0 72A AVENUE NW","assessed_value":441500},{"address":"10331.0 106 STREET NW","assessed_value":243500},{"address":"13.0 WOODLAND CRESCENT NW","assessed_value":39500},{"address":"229.0 ABBOTTSFIELD ROAD NW","assessed_value":145000},{"address":"11417.0 92 STREET NW","assessed_value":179000},{"address":"13103.0 30 STREET NW","assessed_value":281500},{"address":"11561.0 136 STREET NW","assessed_value":247000},{"address":"112.0 EVERGREEN PARK NW","assessed_value":63000},{"address":"4601.0 131 AVENUE NW","assessed_value":118500},{"address":"9704.0 39 AVENUE NW","assessed_value":245500},{"address":"nan nan","assessed_value":10500},{"address":"7923.0 154 AVENUE NW","assessed_value":385000},{"address":"3818.0 ADA BOULEVARD NW","assessed_value":691500},{"address":"11155.0 66 STREET NW","assessed_value":413000},{"address":"nan nan","assessed_value":9000},{"address":"3625.0 107 AVENUE NW","assessed_value":295000},{"address":"11455.0 41 AVENUE NW","assessed_value":127500},{"address":"9620.0 174 STREET NW","assessed_value":128500},{"address":"14520.0 52 STREET NW","assessed_value":130500},{"address":"12230.0 85 STREET NW","assessed_value":474500},{"address":"10620.0 104 STREET NW","assessed_value":78500},{"address":"10923.0 82 AVENUE NW","assessed_value":76000},{"address":"719.0 EVERGREEN PARK NW","assessed_value":26500},{"address":"279.0 HARRISON DRIVE NW","assessed_value":167500},{"address":"3829.0 24 STREET NW","assessed_value":400500},{"address":"843.0 YOUVILLE DRIVE WEST NW","assessed_value":270000},{"address":"10809.0 SASKATCHEWAN DRIVE NW","assessed_value":361000},{"address":"740.0 WHISTON COURT NW","assessed_value":531500},{"address":"27.0 HUGHES ROAD NW","assessed_value":346500},{"address":"4522.0 128A AVENUE NW","assessed_value":330500},{"address":"5933.0 162B AVENUE NW","assessed_value":437000},{"address":"7611.0 MILL WOODS ROAD SOUTH NW","assessed_value":287000},{"address":"9619.0 174 STREET NW","assessed_value":124500},{"address":"14013.0 30 STREET NW","assessed_value":168500},{"address":"12033.0 62 STREET NW","assessed_value":262000},{"address":"12007.0 67 STREET NW","assessed_value":192000},{"address":"17069.0 113 STREET NW","assessed_value":232000},{"address":"17718.0 96 AVENUE NW","assessed_value":264000},{"address":"2503.0 153 AVENUE NE","assessed_value":69500},{"address":"10904.0 75 STREET NW","assessed_value":614000},{"address":"11831.0 60 STREET NW","assessed_value":313000},{"address":"12127.0 86 STREET NW","assessed_value":306500},{"address":"10910.0 100 AVENUE NW","assessed_value":500},{"address":"nan nan","assessed_value":9000},{"address":"nan nan","assessed_value":8000},{"address":"164.0 EVERGREEN PARK NW","assessed_value":21500},{"address":"3643.0 115 AVENUE NW","assessed_value":2087500},{"address":"12439.0 50 STREET NW","assessed_value":62500},{"address":"10520.0 120 STREET NW","assessed_value":161000},{"address":"12410.0 80 STREET NW","assessed_value":225000},{"address":"1161.0 HOOKE ROAD NW","assessed_value":176500},{"address":"12014.0 47 STREET NW","assessed_value":283000},{"address":"132.0 HABITAT CRESCENT NW","assessed_value":149500},{"address":"14935.0 128 STREET NW","assessed_value":389000},{"address":"17.0 QUARRY CRESCENT NW","assessed_value":63500},{"address":"15402.0 78 STREET NW","assessed_value":395000},{"address":"11309.0 38 STREET NW","assessed_value":310500},{"address":"3211.0 139 AVENUE NW","assessed_value":184500},{"address":"12940.0 28 STREET NW","assessed_value":299500},{"address":"11845.0 65 STREET NW","assessed_value":205500},{"address":"11906.0 36 STREET NW","assessed_value":287000},{"address":"6602.0 ADA BOULEVARD NW","assessed_value":718000},{"address":"nan nan","assessed_value":1000},{"address":"nan nan","assessed_value":7500},{"address":"4803.0 116 AVENUE NW","assessed_value":267000},{"address":"18330.0 105 AVENUE NW","assessed_value":929000},{"address":"5830.0 162A AVENUE NW","assessed_value":364000},{"address":"11541.0 91 STREET NW","assessed_value":373000},{"address":"14219.0 34 STREET NW","assessed_value":435000},{"address":"9824.0 95 STREET NW","assessed_value":6000},{"address":"11923.0 46 STREET NW","assessed_value":286500},{"address":"13317.0 47 STREET NW","assessed_value":180000},{"address":"nan nan","assessed_value":9000},{"address":"204.0 OZERNA ROAD NW","assessed_value":414500},{"address":"4836.0 117 AVENUE NW","assessed_value":217000},{"address":"12110.0 37 STREET NW","assessed_value":254000},{"address":"1295.0 CARTER CREST ROAD NW","assessed_value":360000},{"address":"18.0 PARK RIDGE CRESCENT NW","assessed_value":36500},{"address":"4.0 KEYHOLE CRESCENT NW","assessed_value":53000},{"address":"4727.0 133 AVENUE NW","assessed_value":377000},{"address":"3310.0 107 AVENUE NW","assessed_value":1229500},{"address":"11521.0 81 STREET NW","assessed_value":291500},{"address":"9224.0 34 AVENUE NW","assessed_value":440500},{"address":"11906.0 63 STREET NW","assessed_value":171500},{"address":"12209.0 54 STREET NW","assessed_value":274500},{"address":"3804.0 123 AVENUE NW","assessed_value":360000},{"address":"449.0 KLARVATTEN LAKE WYND NW","assessed_value":407000},{"address":"220.0 ABBOTTSFIELD ROAD NW","assessed_value":149500},{"address":"3203.0 112 AVENUE NW","assessed_value":328500},{"address":"5323.0 190 STREET NW","assessed_value":76500},{"address":"3443.0 143 AVENUE NW","assessed_value":374000},{"address":"10331.0 106 STREET NW","assessed_value":275000},{"address":"4413.0 ADA BOULEVARD NW","assessed_value":7000},{"address":"10872.0 73 STREET NW","assessed_value":548000},{"address":"11946.0 55 STREET NW","assessed_value":273000},{"address":"11319.0 65 STREET NW","assessed_value":474500},{"address":"9359.0 104 AVENUE NW","assessed_value":1768000},{"address":"2704.0 136A AVENUE NW","assessed_value":246000},{"address":"262.0 EVERGREEN PARK NW","assessed_value":25000},{"address":"9620.0 174 STREET NW","assessed_value":169500},{"address":"10330.0 104 STREET NW","assessed_value":582500},{"address":"2011.0 WEST VIEW GREEN NW","assessed_value":60000},{"address":"12238.0 38 STREET NW","assessed_value":407000},{"address":"12308.0 50 STREET NW","assessed_value":249000},{"address":"11502.0 89 STREET NW","assessed_value":288500},{"address":"2806.0 135 AVENUE NW","assessed_value":272500},{"address":"45.0 HABITAT CRESCENT NW","assessed_value":157000},{"address":"6702.0 ADA BOULEVARD NW","assessed_value":510500},{"address":"11446.0 66 STREET NW","assessed_value":297000},{"address":"11549.0 82 STREET NW","assessed_value":261000},{"address":"4242.0 115 AVENUE NW","assessed_value":318000},{"address":"3835.0 115 AVENUE NW","assessed_value":314000},{"address":"nan nan","assessed_value":9500},{"address":"5412.0 118 AVENUE NW","assessed_value":383500},{"address":"12317.0 80 STREET NW","assessed_value":333500},{"address":"8016.0 132 AVENUE NW","assessed_value":161000},{"address":"10721.0 SASKATCHEWAN DRIVE NW","assessed_value":453000},{"address":"2332.0 WEST PORT CLOSE NW","assessed_value":50500},{"address":"45.0 THE PARKWAY NW","assessed_value":39500},{"address":"11716.0 100 AVENUE NW","assessed_value":284500},{"address":"11115.0 9 AVENUE NW","assessed_value":309000},{"address":"2846.0 135 AVENUE NW","assessed_value":248000},{"address":"306.0 HEATH ROAD NW","assessed_value":55500},{"address":"11238.0 56 STREET NW","assessed_value":399500},{"address":"12137.0 43 STREET NW","assessed_value":256500},{"address":"8705.0 92A AVENUE NW","assessed_value":619000},{"address":"356.0 HUFFMAN CRESCENT NW","assessed_value":344000},{"address":"6831.0 163 AVENUE NW","assessed_value":419000},{"address":"705.0 WEST RIDGE PLACE NW","assessed_value":28000},{"address":"11124.0 61 STREET NW","assessed_value":563500},{"address":"12033.0 96 STREET NW","assessed_value":0},{"address":"843.0 YOUVILLE DRIVE WEST NW","assessed_value":275000},{"address":"11824.0 62 STREET NW","assessed_value":362000},{"address":"11527.0 86 STREET NW","assessed_value":214000},{"address":"15048.0 128 STREET NW","assessed_value":377500},{"address":"11716.0 100 AVENUE NW","assessed_value":274000},{"address":"4226.0 116 AVENUE NW","assessed_value":352500},{"address":"11914.0 38 STREET NW","assessed_value":300000},{"address":"9703.0 174 STREET NW","assessed_value":280500},{"address":"1295.0 HOOKE ROAD NW","assessed_value":177000},{"address":"4003.0 98 STREET NW","assessed_value":255000},{"address":"802.0 WEST COAST BAY NW","assessed_value":39000},{"address":"376.0 HUFFMAN CRESCENT NW","assessed_value":331500},{"address":"14165.0 26 STREET NW","assessed_value":184000},{"address":"4442.0 115 AVENUE NW","assessed_value":313500},{"address":"175.0 HYNDMAN CRESCENT NW","assessed_value":291000},{"address":"11122.0 62 STREET NW","assessed_value":579500},{"address":"12238.0 47 STREET NW","assessed_value":288000},{"address":"518.0 EVERGREEN PARK NW","assessed_value":39500},{"address":"703.0 EVERGREEN PARK NW","assessed_value":45000},{"address":"130.0 WEST VIEW CRESCENT NW","assessed_value":94500},{"address":"3518.0 121 AVENUE NW","assessed_value":279500},{"address":"11118.0 69 STREET NW","assessed_value":421500},{"address":"12327.0 89 STREET NW","assessed_value":201000},{"address":"11525.0 9A AVENUE NW","assessed_value":558500},{"address":"602.0 ABBOTTSFIELD ROAD NW","assessed_value":148500},{"address":"8764.0 189 STREET NW","assessed_value":326000},{"address":"9918.0 101 STREET NW","assessed_value":120000},{"address":"6117.0 120 AVENUE NW","assessed_value":146500},{"address":"11716.0 100 AVENUE NW","assessed_value":318000},{"address":"11714.0 82 STREET NW","assessed_value":397500},{"address":"11706.0 85 STREET NW","assessed_value":309500},{"address":"11736.0 88 STREET NW","assessed_value":394000},{"address":"1904.0 MILL WOODS ROAD NW","assessed_value":228000},{"address":"4021.0 117 AVENUE NW","assessed_value":308000},{"address":"11606.0 90 STREET NW","assessed_value":212500},{"address":"14.0 EVERGREEN PARK NW","assessed_value":36000},{"address":"10751.0 29 AVENUE NW","assessed_value":116500},{"address":"12220.0 61 STREET NW","assessed_value":436000},{"address":"4002.0 ADA BOULEVARD NW","assessed_value":438000},{"address":"7903.0 154 AVENUE NW","assessed_value":368500},{"address":"8409.0 118 AVENUE NW","assessed_value":561000},{"address":"11815.0 49 STREET NW","assessed_value":618500},{"address":"12008.0 64 STREET NW","assessed_value":242000},{"address":"11508.0 170 AVENUE NW","assessed_value":425000},{"address":"13620.0 26 STREET NW","assessed_value":322500},{"address":"11918.0 56 STREET NW","assessed_value":245500},{"address":"11632.0 170 AVENUE NW","assessed_value":452000},{"address":"nan nan","assessed_value":12500},{"address":"104.0 WEST VIEW CRESCENT NW","assessed_value":39000},{"address":"12222.0 FORT ROAD NW","assessed_value":3000},{"address":"12048.0 64 STREET NW","assessed_value":201000},{"address":"86.0 EVERGREEN PARK NW","assessed_value":52500},{"address":"11340.0 10 AVENUE NW","assessed_value":569000},{"address":"6710.0 158 AVENUE NW","assessed_value":112500},{"address":"11133.0 51 STREET NW","assessed_value":459000},{"address":"9620.0 174 STREET NW","assessed_value":120000},{"address":"11119.0 56 STREET NW","assessed_value":504500},{"address":"93.0 WILLIAM HUSTLER CRESCENT NW","assessed_value":353500},{"address":"3322.0 106 AVENUE NW","assessed_value":138000},{"address":"3221.0 138 AVENUE NW","assessed_value":267500},{"address":"9449.0 156 STREET NW","assessed_value":237000},{"address":"2908.0 132A AVENUE NW","assessed_value":269500},{"address":"15499.0 CASTLE DOWNS ROAD NW","assessed_value":195000},{"address":"17818.0 107 AVENUE NW","assessed_value":322500},{"address":"10813.0 38 STREET NW","assessed_value":261000},{"address":"54.0 OAK RIDGE DRIVE NW","assessed_value":29500},{"address":"4029.0 117 AVENUE NW","assessed_value":359500},{"address":"16425.0 109 STREET NW","assessed_value":121500},{"address":"2514.0 WEST PORT ROAD NW","assessed_value":49500},{"address":"2639.0 135 AVENUE NW","assessed_value":193500},{"address":"318.0 EVERGREEN PARK NW","assessed_value":28500},{"address":"416.0 HUFFMAN CRESCENT NW","assessed_value":345000},{"address":"269.0 WILSON LANE NW","assessed_value":987500},{"address":"11130.0 68 STREET NW","assessed_value":523000},{"address":"nan nan","assessed_value":9000},{"address":"10.0 WEST VIEW BOULEVARD NW","assessed_value":45500},{"address":"11414.0 86 STREET NW","assessed_value":247500},{"address":"10806.0 75 STREET NW","assessed_value":2000},{"address":"3027.0 142 AVENUE NW","assessed_value":424500},{"address":"40.0 MAPLE TERRACE NW","assessed_value":27500},{"address":"3011.0 113 AVENUE NW","assessed_value":417000},{"address":"11141.0 63 STREET NW","assessed_value":740000},{"address":"3317.0 107 AVENUE NW","assessed_value":146000},{"address":"824.0 113B STREET NW","assessed_value":473000},{"address":"nan nan","assessed_value":10500},{"address":"11423.0 85 STREET NW","assessed_value":215000},{"address":"12815.0 150 AVENUE NW","assessed_value":393500},{"address":"12125.0 63 STREET NW","assessed_value":275500},{"address":"5212.0 25 AVENUE NW","assessed_value":188000},{"address":"3617.0 113 AVENUE NW","assessed_value":321500},{"address":"11908.0 54 STREET NW","assessed_value":265000},{"address":"13235.0 38 STREET NW","assessed_value":247500},{"address":"12816.0 48 STREET NW","assessed_value":301000},{"address":"7704.0 125 AVENUE NW","assessed_value":289500},{"address":"3104.0 102 AVENUE NW","assessed_value":434000},{"address":"3247.0 139 AVENUE NW","assessed_value":171000},{"address":"11720.0 139 AVENUE NW","assessed_value":163500},{"address":"8620.0 126 AVENUE NW","assessed_value":800000},{"address":"9132.0 149 STREET NW","assessed_value":5500},{"address":"6820.0 162 AVENUE NW","assessed_value":465500},{"address":"11631.0 87 STREET NW","assessed_value":222000},{"address":"11820.0 65 STREET NW","assessed_value":240500},{"address":"1033.0 CARTER CREST ROAD NW","assessed_value":624000},{"address":"538.0 ABBOTTSFIELD ROAD NW","assessed_value":144000},{"address":"13240.0 37 STREET NW","assessed_value":345500},{"address":"11420.0 40 AVENUE NW","assessed_value":121500},{"address":"11131.0 52 STREET NW","assessed_value":578000},{"address":"11808.0 64 STREET NW","assessed_value":303000},{"address":"9.0 MEADOW CRESCENT NW","assessed_value":28500},{"address":"9703.0 89 AVENUE NW","assessed_value":590500},{"address":"1255.0 HOOKE ROAD NW","assessed_value":171500},{"address":"11408.0 32 STREET NW","assessed_value":239000},{"address":"8703.0 158A AVENUE NW","assessed_value":429500},{"address":"396.0 CLAREVIEW ROAD NW","assessed_value":170000},{"address":"2508.0 50 STREET NW","assessed_value":134000},{"address":"11125.0 65 STREET NW","assessed_value":388000},{"address":"7814.0 118 AVENUE NW","assessed_value":218500},{"address":"11161.0 66 STREET NW","assessed_value":288500},{"address":"4210.0 139 AVENUE NW","assessed_value":153500},{"address":"6005.0 120 AVENUE NW","assessed_value":488000},{"address":"11308.0 66 STREET NW","assessed_value":287000},{"address":"11631.0 81 STREET NW","assessed_value":273000},{"address":"8023.0 154 AVENUE NW","assessed_value":361500},{"address":"2407.0 133A AVENUE NW","assessed_value":358000},{"address":"12344.0 50 STREET NW","assessed_value":418000},{"address":"12044.0 87 STREET NW","assessed_value":265500},{"address":"8003.0 102 STREET NW","assessed_value":1206500},{"address":"3112.0 133 AVENUE NW","assessed_value":342000},{"address":"132.0 ABBOTTSFIELD ROAD NW","assessed_value":152500},{"address":"11909.0 48 STREET NW","assessed_value":271500},{"address":"12320.0 77 STREET NW","assessed_value":267000},{"address":"10809.0 SASKATCHEWAN DRIVE NW","assessed_value":252500},{"address":"11406.0 38 STREET NW","assessed_value":297000},{"address":"11511.0 89 STREET NW","assessed_value":237000},{"address":"3422.0 119A AVENUE NW","assessed_value":271000},{"address":"11517.0 84 STREET NW","assessed_value":273500},{"address":"1904.0 MILL WOODS ROAD NW","assessed_value":272500},{"address":"11312.0 40 STREET NW","assessed_value":322500},{"address":"10311.0 31 STREET NW","assessed_value":371500},{"address":"63.0 RIDGEWAY DRIVE NW","assessed_value":36500},{"address":"8623.0 106A STREET NW","assessed_value":3000},{"address":"11147.0 70 STREET NW","assessed_value":368000},{"address":"13504.0 34 STREET NW","assessed_value":254000},{"address":"12110.0 87 STREET NW","assessed_value":201500},{"address":"10508.0 119 STREET NW","assessed_value":251000},{"address":"11240.0 84 STREET NW","assessed_value":185500},{"address":"11724.0 88 STREET NW","assessed_value":267500},{"address":"3261.0 142 AVENUE NW","assessed_value":189000},{"address":"13427.0 25 STREET NW","assessed_value":342500},{"address":"13859.0 27 STREET NW","assessed_value":293000},{"address":"12120.0 82 STREET NW","assessed_value":1913000},{"address":"8406.0 118 AVENUE NW","assessed_value":1472000},{"address":"3514.0 121A AVENUE NW","assessed_value":281500},{"address":"3125.0 130 AVENUE NW","assessed_value":221500},{"address":"14135.0 26 STREET NW","assessed_value":210000},{"address":"13308.0 32 STREET NW","assessed_value":305500},{"address":"2512.0 131 AVENUE NW","assessed_value":341000},{"address":"11911.0 56 STREET NW","assessed_value":244500},{"address":"nan nan","assessed_value":6500},{"address":"11226.0 89 STREET NW","assessed_value":266000},{"address":"11440.0 84 STREET NW","assessed_value":307500},{"address":"3218.0 116A AVENUE NW","assessed_value":5000},{"address":"38.0 MAPLE TERRACE NW","assessed_value":41500},{"address":"11408.0 81 STREET NW","assessed_value":218000},{"address":"11718.0 90 STREET NW","assessed_value":658500},{"address":"8.0 MEADOW DRIVE NW","assessed_value":29500},{"address":"4219.0 131 AVENUE NW","assessed_value":362000},{"address":"10933.0 82 AVENUE NW","assessed_value":370000},{"address":"3835.0 118 AVENUE NW","assessed_value":166500},{"address":"11935.0 59 STREET NW","assessed_value":250500},{"address":"9103.0 113 AVENUE NW","assessed_value":709000},{"address":"10910.0 73 AVENUE NW","assessed_value":411000},{"address":"11150.0 66 STREET NW","assessed_value":376500},{"address":"6710.0 158 AVENUE NW","assessed_value":117500},{"address":"3634.0 108 AVENUE NW","assessed_value":278000},{"address":"452.0 CLAREVIEW ROAD NW","assessed_value":165000},{"address":"6614.0 ADA BOULEVARD NW","assessed_value":544500},{"address":"3210.0 130A AVENUE NW","assessed_value":337500},{"address":"3831.0 109 AVENUE NW","assessed_value":256500},{"address":"15822.0 67B STREET NW","assessed_value":396000},{"address":"12108.0 85 STREET NW","assessed_value":239500},{"address":"3717.0 135A AVENUE NW","assessed_value":400000},{"address":"8733.0 118 AVENUE NW","assessed_value":503500},{"address":"2114.0 WEST OAK BAY NW","assessed_value":30500},{"address":"5504.0 111 AVENUE NW","assessed_value":551000},{"address":"4046.0 117 AVENUE NW","assessed_value":298000},{"address":"11535.0 68 STREET NW","assessed_value":601000},{"address":"843.0 YOUVILLE DRIVE WEST NW","assessed_value":289500},{"address":"5608.0 122 AVENUE NW","assessed_value":304500},{"address":"187.0 BLACKBURN DRIVE WEST SW","assessed_value":42000},{"address":"9550.0 108 AVENUE NW","assessed_value":1163500},{"address":"nan nan","assessed_value":10500},{"address":"20.0 OAK RIDGE DRIVE NW","assessed_value":36500},{"address":"13024.0 33 STREET NW","assessed_value":327000},{"address":"9918.0 101 STREET NW","assessed_value":98000},{"address":"12109.0 45 STREET NW","assessed_value":298000},{"address":"11710.0 86 STREET NW","assessed_value":203000},{"address":"2011.0 137 AVENUE NW","assessed_value":217000},{"address":"336.0 WHISTON CLOSE NW","assessed_value":928500},{"address":"12419.0 52 STREET NW","assessed_value":331000},{"address":"8705.0 120 AVENUE NW","assessed_value":261500},{"address":"3440.0 143 AVENUE NW","assessed_value":321500},{"address":"534.0 WHISTON PLACE NW","assessed_value":829500},{"address":"12028.0 103 AVENUE NW","assessed_value":235500},{"address":"12029.0 58 STREET NW","assessed_value":236500},{"address":"3619.0 122A AVENUE NW","assessed_value":323000},{"address":"12217.0 39 STREET NW","assessed_value":395500},{"address":"10804.0 75 STREET NW","assessed_value":2000},{"address":"12225.0 89 STREET NW","assessed_value":273500},{"address":"nan nan","assessed_value":9000},{"address":"4426.0 116 AVENUE NW","assessed_value":301000},{"address":"3610.0 110 AVENUE NW","assessed_value":260500},{"address":"278.0 CLAREVIEW ROAD NW","assessed_value":317000},{"address":"12130.0 42 STREET NW","assessed_value":300000},{"address":"12035.0 52 STREET NW","assessed_value":280500},{"address":"10604.0 34 STREET NW","assessed_value":77500},{"address":"6710.0 158 AVENUE NW","assessed_value":94000},{"address":"9630.0 176 STREET NW","assessed_value":260500},{"address":"1022.0 WEST MOUNT CRESCENT NW","assessed_value":31500},{"address":"9741.0 110 STREET NW","assessed_value":1000},{"address":"7515.0 112 AVENUE NW","assessed_value":295000},{"address":"9918.0 101 STREET NW","assessed_value":126000},{"address":"13807.0 131B AVENUE NW","assessed_value":390500},{"address":"12.0 CLAREVIEW ROAD NW","assessed_value":315000},{"address":"16425.0 109 STREET NW","assessed_value":125500},{"address":"11.0 THE PARKWAY NW","assessed_value":42500},{"address":"3620.0 117 AVENUE NW","assessed_value":203000},{"address":"11455.0 41 AVENUE NW","assessed_value":132000},{"address":"11313.0 68 STREET NW","assessed_value":326000},{"address":"3814.0 111 AVENUE NW","assessed_value":330500},{"address":"9620.0 174 STREET NW","assessed_value":112000},{"address":"9630.0 176 STREET NW","assessed_value":260500},{"address":"11923.0 28 AVENUE NW","assessed_value":703500},{"address":"12122.0 45 STREET NW","assessed_value":160500},{"address":"15499.0 CASTLE DOWNS ROAD NW","assessed_value":175500},{"address":"12127.0 37 STREET NW","assessed_value":287500},{"address":"11430.0 40 AVENUE NW","assessed_value":100500},{"address":"15224.0 52 STREET NW","assessed_value":407000},{"address":"8528.0 158A AVENUE NW","assessed_value":487000},{"address":"2635.0 135 AVENUE NW","assessed_value":173500},{"address":"10731.0 31 STREET NW","assessed_value":355000},{"address":"12115.0 60 STREET NW","assessed_value":244000},{"address":"3235.0 139 AVENUE NW","assessed_value":179500},{"address":"412.0 HERMITAGE ROAD NW","assessed_value":162000},{"address":"14236.0 30 STREET NW","assessed_value":372000},{"address":"107.0 BULYEA ROAD NW","assessed_value":293500},{"address":"11409.0 87 STREET NW","assessed_value":268500},{"address":"8605.0 158A AVENUE NW","assessed_value":459500},{"address":"6903.0 162 AVENUE NW","assessed_value":440500},{"address":"2910.0 132A AVENUE NW","assessed_value":281500},{"address":"nan nan","assessed_value":10500},{"address":"11408.0 83 STREET NW","assessed_value":177500},{"address":"3111.0 133 AVENUE NW","assessed_value":313500},{"address":"14261.0 30 STREET NW","assessed_value":303500},{"address":"2927.0 130 AVENUE NW","assessed_value":237500},{"address":"8123.0 132A AVENUE NW","assessed_value":168500},{"address":"12137.0 48 STREET NW","assessed_value":235500},{"address":"11812.0 8 AVENUE NW","assessed_value":423000},{"address":"5815.0 119 AVENUE NW","assessed_value":353000},{"address":"12402.0 49 STREET NW","assessed_value":18000},{"address":"3736.0 136 AVENUE NW","assessed_value":352000},{"address":"115.0 ABBOTTSFIELD ROAD NW","assessed_value":148500},{"address":"11903.0 71 STREET NW","assessed_value":263000},{"address":"11311.0 51 STREET NW","assessed_value":382500},{"address":"23.0 EVERGREEN PARK NW","assessed_value":37000},{"address":"nan nan","assessed_value":10500},{"address":"11844.0 89 STREET NW","assessed_value":276000},{"address":"11212.0 66 STREET NW","assessed_value":350000},{"address":"12132.0 86 STREET NW","assessed_value":258500},{"address":"1031.0 WEST MOUNT CRESCENT NW","assessed_value":44000},{"address":"17467.0 98A AVENUE NW","assessed_value":120500},{"address":"4401.0 114 AVENUE NW","assessed_value":331500},{"address":"12004.0 57 STREET NW","assessed_value":265500},{"address":"5104.0 122 AVENUE NW","assessed_value":291500},{"address":"11725.0 81 STREET NW","assessed_value":252500},{"address":"12028.0 55 STREET NW","assessed_value":274000},{"address":"12231.0 90 STREET NW","assessed_value":293000},{"address":"12002.0 49 STREET NW","assessed_value":284000},{"address":"3003.0 131 AVENUE NW","assessed_value":254000},{"address":"3407.0 103 AVENUE NW","assessed_value":368500},{"address":"2571.0 135 AVENUE NW","assessed_value":177000},{"address":"143.0 CLAREVIEW ROAD NW","assessed_value":520000},{"address":"11418.0 38 STREET NW","assessed_value":314500},{"address":"9265.0 50 STREET NW","assessed_value":659000},{"address":"507.0 WEST WOOD PLACE NW","assessed_value":47000},{"address":"19.0 RIDGEWAY DRIVE NW","assessed_value":35000},{"address":"2508.0 50 STREET NW","assessed_value":163500},{"address":"12013.0 66 STREET NW","assessed_value":270500},{"address":"11907.0 81 STREET NW","assessed_value":59000},{"address":"3846.0 111 AVENUE NW","assessed_value":286000},{"address":"3640.0 116 AVENUE NW","assessed_value":302500},{"address":"12144.0 59 STREET NW","assessed_value":244000},{"address":"nan nan","assessed_value":10500},{"address":"nan nan","assessed_value":15000},{"address":"nan nan","assessed_value":6500},{"address":"13610.0 28 STREET NW","assessed_value":270000},{"address":"8623.0 106A STREET NW","assessed_value":3000},{"address":"nan nan","assessed_value":9000},{"address":"11105.0 9 AVENUE NW","assessed_value":256500},{"address":"4033.0 115 AVENUE NW","assessed_value":241000},{"address":"12442.0 52 STREET NW","assessed_value":380000},{"address":"4116.0 135 AVENUE NW","assessed_value":331500},{"address":"28.0 THE PARKWAY NW","assessed_value":52000},{"address":"13221.0 47 STREET NW","assessed_value":180000},{"address":"11149.0 65 STREET NW","assessed_value":342500},{"address":"12212.0 52 STREET NW","assessed_value":304500},{"address":"11908.0 71 STREET NW","assessed_value":255500},{"address":"14520.0 52 STREET NW","assessed_value":121500},{"address":"13227.0 41 STREET NW","assessed_value":343000},{"address":"12230.0 48 STREET NW","assessed_value":302000},{"address":"4012.0 111 AVENUE NW","assessed_value":285000},{"address":"9228.0 92 STREET NW","assessed_value":485500},{"address":"9058.0 102A AVENUE NW","assessed_value":2000},{"address":"11005.0 38 STREET NW","assessed_value":234500},{"address":"nan nan","assessed_value":9000},{"address":"2419.0 133 AVENUE NW","assessed_value":282000},{"address":"10301.0 82 AVENUE NW","assessed_value":1602500},{"address":"4654.0 126 AVENUE NW","assessed_value":277500},{"address":"8813.0 120 AVENUE NW","assessed_value":523000},{"address":"1115.0 HOOKE ROAD NW","assessed_value":187500},{"address":"2356.0 139 AVENUE NW","assessed_value":167000},{"address":"12604.0 153 AVENUE NW","assessed_value":90000},{"address":"4238.0 115 AVENUE NW","assessed_value":271500},{"address":"4610.0 114 AVENUE NW","assessed_value":210000},{"address":"1612.0 MILL WOODS ROAD EAST NW","assessed_value":203000},{"address":"nan nan","assessed_value":9000},{"address":"3291.0 132A AVENUE NW","assessed_value":212500},{"address":"12028.0 103 AVENUE NW","assessed_value":250500},{"address":"11506.0 89 STREET NW","assessed_value":225500},{"address":"11320.0 32 STREET NW","assessed_value":251000},{"address":"3806.0 ADA BOULEVARD NW","assessed_value":430500},{"address":"4821.0 117 AVENUE NW","assessed_value":291500},{"address":"150.0 DECHENE ROAD NW","assessed_value":523000},{"address":"228.0 HOMESTEAD CRESCENT NW","assessed_value":344000},{"address":"3907.0 98 STREET NW","assessed_value":265000},{"address":"11419.0 83 STREET NW","assessed_value":173000},{"address":"8918.0 112 AVENUE NW","assessed_value":195000},{"address":"19795.0 17 STREET NE","assessed_value":730500},{"address":"4630.0 ADA BOULEVARD NW","assessed_value":469000},{"address":"11418.0 63 STREET NW","assessed_value":461000},{"address":"5212.0 25 AVENUE NW","assessed_value":178500},{"address":"1295.0 CARTER CREST ROAD NW","assessed_value":300000},{"address":"nan nan","assessed_value":9000},{"address":"6836.0 163 AVENUE NW","assessed_value":434500},{"address":"4707.0 126 AVENUE NW","assessed_value":175500},{"address":"12316.0 85 STREET NW","assessed_value":477000},{"address":"3225.0 132A AVENUE NW","assessed_value":208000},{"address":"9918.0 101 STREET NW","assessed_value":146500},{"address":"12059.0 69 STREET NW","assessed_value":212000},{"address":"11918.0 46 STREET NW","assessed_value":261500},{"address":"10731.0 86 AVENUE NW","assessed_value":198000},{"address":"12604.0 153 AVENUE NW","assessed_value":55500},{"address":"11430.0 70 STREET NW","assessed_value":361500},{"address":"11331.0 87 STREET NW","assessed_value":242000},{"address":"13153.0 34 STREET NW","assessed_value":252000},{"address":"10620.0 104 STREET NW","assessed_value":67000},{"address":"442.0 EVERGREEN PARK NW","assessed_value":15000},{"address":"11542.0 87 STREET NW","assessed_value":216500},{"address":"11522.0 90 STREET NW","assessed_value":335000},{"address":"843.0 YOUVILLE DRIVE WEST NW","assessed_value":269500},{"address":"nan nan","assessed_value":14500},{"address":"12605.0 66 STREET NW","assessed_value":881500},{"address":"10908.0 30 STREET NW","assessed_value":356500},{"address":"11715.0 90 STREET NW","assessed_value":213000},{"address":"11702.0 34 STREET NW","assessed_value":5557500},{"address":"12237.0 87 STREET NW","assessed_value":579000},{"address":"12735.0 47 STREET NW","assessed_value":362000},{"address":"6710.0 158 AVENUE NW","assessed_value":117000},{"address":"431.0 WEST VIEW CLOSE NW","assessed_value":32500},{"address":"15499.0 CASTLE DOWNS ROAD NW","assessed_value":211500},{"address":"nan nan","assessed_value":9000},{"address":"12444.0 82 STREET NW","assessed_value":1063000},{"address":"9640.0 105 STREET NW","assessed_value":233500},{"address":"11214.0 67 STREET NW","assessed_value":350000},{"address":"604.0 CHERITON CRESCENT NW","assessed_value":873000},{"address":"11830.0 77 STREET NW","assessed_value":173000},{"address":"4221.0 112 AVENUE NW","assessed_value":316500},{"address":"16257.0 67 STREET NW","assessed_value":565500},{"address":"41.0 HENRY AVENUE NW","assessed_value":332000},{"address":"11946.0 65 STREET NW","assessed_value":245500},{"address":"12231.0 81 STREET NW","assessed_value":305000},{"address":"12612.0 71 STREET NW","assessed_value":135500},{"address":"19.0 ELSINORE PLACE NW","assessed_value":521000},{"address":"12117.0 38 STREET NW","assessed_value":272000},{"address":"13016.0 32 STREET NW","assessed_value":405000},{"address":"12130.0 40 STREET NW","assessed_value":292000},{"address":"8503.0 118 AVENUE NW","assessed_value":614500},{"address":"2731.0 138 AVENUE NW","assessed_value":332500},{"address":"3610.0 111 AVENUE NW","assessed_value":324000},{"address":"16018.0 67A STREET NW","assessed_value":395500},{"address":"3312.0 130 AVENUE NW","assessed_value":434000},{"address":"10903.0 21 AVENUE NW","assessed_value":235500},{"address":"23.0 WILLOWDALE DRIVE NW","assessed_value":37500},{"address":"9620.0 174 STREET NW","assessed_value":138000},{"address":"10330.0 104 STREET NW","assessed_value":513000},{"address":"11712.0 88 STREET NW","assessed_value":269000},{"address":"10741.0 29 AVENUE NW","assessed_value":96500},{"address":"11224.0 84 STREET NW","assessed_value":302500},{"address":"13022.0 FORT ROAD NW","assessed_value":270500},{"address":"1546.0 49A STREET NW","assessed_value":371500},{"address":"7346.0 111 AVENUE NW","assessed_value":322000},{"address":"5341.0 112 AVENUE NW","assessed_value":314500},{"address":"227.0 HUMBERSTONE ROAD NW","assessed_value":340000},{"address":"2624.0 LAKEVIEW PLACE NW","assessed_value":29500},{"address":"11226.0 51 STREET NW","assessed_value":452500},{"address":"11724.0 79 STREET NW","assessed_value":290500},{"address":"12049.0 66 STREET NW","assessed_value":307500},{"address":"11445.0 64 STREET NW","assessed_value":493000},{"address":"581.0 ABBOTTSFIELD ROAD NW","assessed_value":149500},{"address":"11305.0 80 STREET NW","assessed_value":0},{"address":"3411.0 108 AVENUE NW","assessed_value":317500},{"address":"11906.0 35 STREET NW","assessed_value":256000},{"address":"4686.0 126 AVENUE NW","assessed_value":248000},{"address":"931.0 114 STREET NW","assessed_value":604000},{"address":"12034.0 83 STREET NW","assessed_value":297000},{"address":"8629.0 126 AVENUE NW","assessed_value":1818500},{"address":"4707.0 126 AVENUE NW","assessed_value":159000},{"address":"12628.0 70 STREET NW","assessed_value":204000},{"address":"196.0 BLACKBURN DRIVE WEST SW","assessed_value":563000},{"address":"11946.0 58 STREET NW","assessed_value":240000},{"address":"11715.0 84 STREET NW","assessed_value":342000},{"address":"4122.0 134A AVENUE NW","assessed_value":356500},{"address":"11134.0 55 STREET NW","assessed_value":424000},{"address":"4841.0 117 AVENUE NW","assessed_value":313000},{"address":"2338.0 WEST PORT CLOSE NW","assessed_value":73000},{"address":"nan nan","assessed_value":9000},{"address":"11339.0 70 STREET NW","assessed_value":348500},{"address":"3308.0 111 AVENUE NW","assessed_value":302000},{"address":"11435.0 90 STREET NW","assessed_value":361500},{"address":"3508.0 102 AVENUE NW","assessed_value":367000},{"address":"13163.0 34 STREET NW","assessed_value":205500},{"address":"11740.0 86 STREET NW","assessed_value":226500},{"address":"4907.0 123 AVENUE NW","assessed_value":236500},{"address":"11926.0 41 STREET NW","assessed_value":228000},{"address":"11723.0 80 STREET NW","assessed_value":200000},{"address":"3617.0 117 AVENUE NW","assessed_value":344000},{"address":"11336.0 83 STREET NW","assessed_value":235000},{"address":"11944.0 66 STREET NW","assessed_value":291500},{"address":"4615.0 126 AVENUE NW","assessed_value":237500},{"address":"3642.0 107 AVENUE NW","assessed_value":287000},{"address":"9704.0 39 AVENUE NW","assessed_value":245500},{"address":"6720.0 158 AVENUE NW","assessed_value":114500},{"address":"12214.0 58 STREET NW","assessed_value":247000},{"address":"12415.0 76 STREET NW","assessed_value":315000},{"address":"8608.0 121 AVENUE NW","assessed_value":346000},{"address":"3219.0 105 AVENUE NW","assessed_value":8500},{"address":"13524.0 26 STREET NW","assessed_value":375500},{"address":"12904.0 135 STREET NW","assessed_value":308500},{"address":"12240.0 43 STREET NW","assessed_value":317500},{"address":"4029.0 114 AVENUE NW","assessed_value":302000},{"address":"6331.0 111 AVENUE NW","assessed_value":572500},{"address":"12439.0 52 STREET NW","assessed_value":339500},{"address":"3219.0 132A AVENUE NW","assessed_value":208000},{"address":"110.0 HENRY AVENUE NW","assessed_value":328500},{"address":"5.0 RIM ROAD NW","assessed_value":87000},{"address":"17051.0 113 STREET NW","assessed_value":253000},{"address":"11711.0 10 AVENUE NW","assessed_value":504000},{"address":"4115.0 132A AVENUE NW","assessed_value":328500},{"address":"10610.0 76 STREET NW","assessed_value":239000},{"address":"12215.0 47 STREET NW","assessed_value":303000},{"address":"11512.0 83 STREET NW","assessed_value":190000},{"address":"10880.0 75 STREET NW","assessed_value":686500},{"address":"11310.0 83 STREET NW","assessed_value":251500},{"address":"10731.0 SASKATCHEWAN DRIVE NW","assessed_value":461000},{"address":"10531.0 90 STREET NW","assessed_value":79019500},{"address":"6806.0 111 AVENUE NW","assessed_value":414000},{"address":"5003.0 113 AVENUE NW","assessed_value":331500},{"address":"368.0 EVERGREEN PARK NW","assessed_value":25000},{"address":"nan nan","assessed_value":5500},{"address":"3208.0 131 AVENUE NW","assessed_value":377500},{"address":"11824.0 53 STREET NW","assessed_value":192500},{"address":"825.0 116A STREET NW","assessed_value":463000},{"address":"68.0 WILLIAM HUSTLER CRESCENT NW","assessed_value":319500},{"address":"12010.0 53 STREET NW","assessed_value":242000},{"address":"11445.0 63 STREET NW","assessed_value":473500},{"address":"4205.0 118 AVENUE NW","assessed_value":554000},{"address":"1939.0 WEST ROYAL WAY NW","assessed_value":81500},{"address":"1271.0 HOOKE ROAD NW","assessed_value":175500},{"address":"11561.0 136 STREET NW","assessed_value":197500},{"address":"348.0 CLAREVIEW ROAD NW","assessed_value":166500},{"address":"11511.0 87 STREET NW","assessed_value":181500},{"address":"190.0 HARRISON DRIVE NW","assessed_value":327000},{"address":"11230.0 85 STREET NW","assessed_value":262500},{"address":"nan nan","assessed_value":5500},{"address":"11821.0 65 STREET NW","assessed_value":380500},{"address":"12131.0 89 STREET NW","assessed_value":231500},{"address":"9227.0 95 STREET NW","assessed_value":500},{"address":"nan nan","assessed_value":500},{"address":"12815.0 48 STREET NW","assessed_value":327500},{"address":"2419.0 133 AVENUE NW","assessed_value":288000},{"address":"10075.0 166 STREET NW","assessed_value":264000},{"address":"12159.0 64 STREET NW","assessed_value":1166500},{"address":"11708.0 139 AVENUE NW","assessed_value":163500},{"address":"12407.0 88 STREET NW","assessed_value":276000},{"address":"11217.0 68 STREET NW","assessed_value":255500},{"address":"860.0 RYAN PLACE NW","assessed_value":619500},{"address":"3204.0 102 AVENUE NW","assessed_value":823500},{"address":"3427.0 142 AVENUE NW","assessed_value":374000},{"address":"76.0 HOWSON CRESCENT NW","assessed_value":253000},{"address":"10.0 BLACKBURN DRIVE WEST SW","assessed_value":470500},{"address":"424.0 HUFFMAN CRESCENT NW","assessed_value":381500},{"address":"3522.0 122 AVENUE NW","assessed_value":291000},{"address":"36.0 WILLIAM HUSTLER CRESCENT NW","assessed_value":355500},{"address":"5939.0 162A AVENUE NW","assessed_value":502500},{"address":"12425.0 89 STREET NW","assessed_value":288000},{"address":"169.0 DECHENE ROAD NW","assessed_value":486500},{"address":"11845.0 WAYNE GRETZKY DRIVE SOUTHBOUND NW","assessed_value":5424000},{"address":"11314.0 58 STREET NW","assessed_value":336500},{"address":"nan nan","assessed_value":14500},{"address":"12120.0 83 STREET NW","assessed_value":505000},{"address":"422.0 CLAREVIEW ROAD NW","assessed_value":168000},{"address":"316.0 HERMITAGE ROAD NW","assessed_value":144500},{"address":"11415.0 67 STREET NW","assessed_value":323500},{"address":"2981.0 130 AVENUE NW","assessed_value":207500},{"address":"3253.0 139 AVENUE NW","assessed_value":172000},{"address":"11225.0 69 STREET NW","assessed_value":256500},{"address":"819.0 114 STREET NW","assessed_value":494500},{"address":"189.0 BLACKBURN DRIVE WEST SW","assessed_value":603000},{"address":"3524.0 103 AVENUE NW","assessed_value":358000},{"address":"nan nan","assessed_value":10500},{"address":"712.0 EVERGREEN PARK NW","assessed_value":32500},{"address":"11238.0 87 STREET NW","assessed_value":207500},{"address":"12323.0 87 STREET NW","assessed_value":304000},{"address":"10003.0 166 STREET NW","assessed_value":229000},{"address":"12147.0 65 STREET NW","assessed_value":144500},{"address":"11643.0 71 STREET NW","assessed_value":340000},{"address":"10939.0 82 AVENUE NW","assessed_value":327500},{"address":"843.0 YOUVILLE DRIVE WEST NW","assessed_value":265500},{"address":"27.0 MAPLE RIDGE DRIVE NW","assessed_value":47000},{"address":"838.0 RYAN PLACE NW","assessed_value":560000},{"address":"11120.0 69 STREET NW","assessed_value":717000},{"address":"3115.0 144 AVENUE NW","assessed_value":130500},{"address":"11214.0 56 STREET NW","assessed_value":375500},{"address":"14239.0 25 STREET NW","assessed_value":326500},{"address":"12009.0 53 STREET NW","assessed_value":296500},{"address":"3419.0 111 AVENUE NW","assessed_value":316500},{"address":"39.0 HARRISON DRIVE NW","assessed_value":335000},{"address":"6710.0 158 AVENUE NW","assessed_value":118500},{"address":"16948.0 116 STREET NW","assessed_value":414500},{"address":"3273.0 139 AVENUE NW","assessed_value":175500},{"address":"68.0 RIM ROAD NW","assessed_value":64000},{"address":"4830.0 92 AVENUE NW","assessed_value":652000},{"address":"11428.0 90 STREET NW","assessed_value":225500},{"address":"743.0 ORMSBY ROAD WEST NW","assessed_value":481500},{"address":"208.0 OZERNA ROAD NW","assessed_value":399500},{"address":"11918.0 40 STREET NW","assessed_value":297500},{"address":"11.0 CLAREVIEW VILLAGE NW","assessed_value":151000},{"address":"7819.0 154 AVENUE NW","assessed_value":361500},{"address":"3301.0 139 AVENUE NW","assessed_value":171000},{"address":"12015.0 90 STREET NW","assessed_value":213000},{"address":"9918.0 101 STREET NW","assessed_value":125000},{"address":"15240.0 52 STREET NW","assessed_value":398500},{"address":"3718.0 135A AVENUE NW","assessed_value":344500},{"address":"1125.0 CARTER CREST ROAD NW","assessed_value":528500},{"address":"12166.0 FORT ROAD NW","assessed_value":205000},{"address":"11345.0 65 STREET NW","assessed_value":357500},{"address":"843.0 YOUVILLE DRIVE WEST NW","assessed_value":274000},{"address":"10010.0 179A STREET NW","assessed_value":6759500},{"address":"4724.0 132 AVENUE NW","assessed_value":372000},{"address":"223.0 WILSON LANE NW","assessed_value":1171500},{"address":"8203.0 160 AVENUE NW","assessed_value":298000},{"address":"11716.0 100 AVENUE NW","assessed_value":282000},{"address":"128.0 HOMESTEAD CRESCENT NW","assessed_value":363000},{"address":"15128.0 22 STREET NW","assessed_value":235500},{"address":"11727.0 9 AVENUE NW","assessed_value":417500},{"address":"4204.0 119 AVENUE NW","assessed_value":404500},{"address":"3203.0 138 AVENUE NW","assessed_value":246500},{"address":"16425.0 109 STREET NW","assessed_value":107000},{"address":"10520.0 120 STREET NW","assessed_value":171500},{"address":"141.0 HABITAT CRESCENT NW","assessed_value":170000},{"address":"5006.0 ADA BOULEVARD NW","assessed_value":587000},{"address":"nan nan","assessed_value":500},{"address":"65.0 HENRY AVENUE NW","assessed_value":328000},{"address":"11138.0 69 STREET NW","assessed_value":361500},{"address":"17604.0 96 AVENUE NW","assessed_value":329000},{"address":"11910.0 48 STREET NW","assessed_value":251500},{"address":"11338.0 84 STREET NW","assessed_value":301000},{"address":"12433.0 67 STREET NW","assessed_value":158000},{"address":"11.0 HAMILTON CRESCENT NW","assessed_value":359500},{"address":"357.0 EVERGREEN PARK NW","assessed_value":38000},{"address":"3204.0 111 AVENUE NW","assessed_value":312500},{"address":"4833.0 114 AVENUE NW","assessed_value":241500},{"address":"12604.0 153 AVENUE NW","assessed_value":63500},{"address":"9905.0 112 STREET NW","assessed_value":226000},{"address":"10553.0 84 STREET NW","assessed_value":168000},{"address":"9640.0 105 STREET NW","assessed_value":243500},{"address":"12210.0 38 STREET NW","assessed_value":324000},{"address":"14255.0 26 STREET NW","assessed_value":320000},{"address":"11112.0 30 STREET NW","assessed_value":326000},{"address":"3112.0 104 AVENUE NW","assessed_value":307000},{"address":"11529.0 82 STREET NW","assessed_value":283000},{"address":"11309.0 91 STREET NW","assessed_value":266000},{"address":"12113.0 42 STREET NW","assessed_value":303500},{"address":"nan nan","assessed_value":3500},{"address":"3831.0 24 STREET NW","assessed_value":395500},{"address":"11505.0 65 STREET NW","assessed_value":505500},{"address":"12312.0 50 STREET NW","assessed_value":348500},{"address":"31.0 HENRY AVENUE NW","assessed_value":384000},{"address":"12423.0 87 STREET NW","assessed_value":229000},{"address":"10815.0 32 STREET NW","assessed_value":329000},{"address":"3316.0 138 AVENUE NW","assessed_value":368500},{"address":"177.0 WEST VIEW CRESCENT NW","assessed_value":30500},{"address":"11716.0 100 AVENUE NW","assessed_value":309000},{"address":"11835.0 45 STREET NW","assessed_value":246000},{"address":"11245.0 84 STREET NW","assessed_value":283500},{"address":"923.0 115 STREET NW","assessed_value":468500},{"address":"843.0 YOUVILLE DRIVE WEST NW","assessed_value":272500},{"address":"13207.0 26 STREET NW","assessed_value":515000},{"address":"2508.0 50 STREET NW","assessed_value":132500},{"address":"13229.0 81 STREET NW","assessed_value":163500},{"address":"3407.0 135 AVENUE NW","assessed_value":261500},{"address":"12213.0 87 STREET NW","assessed_value":214000},{"address":"12427.0 90 STREET NW","assessed_value":259000},{"address":"544.0 BUTTERWORTH WAY NW","assessed_value":606000},{"address":"5215.0 124 AVENUE NW","assessed_value":318500},{"address":"2204.0 39 AVENUE NW","assessed_value":452000},{"address":"508.0 ABBOTTSFIELD ROAD NW","assessed_value":161500},{"address":"12140.0 38 STREET NW","assessed_value":296500},{"address":"3165.0 139 AVENUE NW","assessed_value":166000},{"address":"10011.0 166 STREET NW","assessed_value":221500},{"address":"12108.0 82 STREET NW","assessed_value":1439000},{"address":"8612.0 122 AVENUE NW","assessed_value":435000},{"address":"11903.0 65 STREET NW","assessed_value":250500},{"address":"10731.0 SASKATCHEWAN DRIVE NW","assessed_value":390500},{"address":"12004.0 56 STREET NW","assessed_value":217500},{"address":"3147.0 139 AVENUE NW","assessed_value":178000},{"address":"11435.0 41 AVENUE NW","assessed_value":118000},{"address":"11929.0 49 STREET NW","assessed_value":241000},{"address":"1824.0 KRAMER PLACE NW","assessed_value":370000},{"address":"9525.0 87 AVENUE NW","assessed_value":407500}]