[{"address":"80.0 RIDGEWAY DRIVE NW","assessed_value":29500},{"address":"12131.0 49 STREET NW","assessed_value":301000},{"address":"42.0 HOMESTEAD CRESCENT NW","assessed_value":279500},{"address":"11822.0 37 STREET NW","assessed_value":217500},{"address":"835.0 WEST COAST BAY NW","assessed_value":22500},{"address":"12525.0 89 STREET NW","assessed_value":686500},{"address":"120.0 DECHENE ROAD NW","assessed_value":492500},{"address":"61.0 WEST VIEW BOULEVARD NW","assessed_value":42500},{"address":"6716.0 162 AVENUE NW","assessed_value":488000},{"address":"3634.0 113 AVENUE NW","assessed_value":281500},{"address":"2624.0 131 AVENUE NW","assessed_value":357500},{"address":"2508.0 50 STREET NW","assessed_value":126500},{"address":"11919.0 45 STREET NW","assessed_value":320000},{"address":"12915.0 28 STREET NW","assessed_value":391500},{"address":"11550.0 67 STREET NW","assessed_value":332000},{"address":"904.0 114 STREET NW","assessed_value":448500},{"address":"12039.0 83 STREET NW","assessed_value":291500},{"address":"13026.0 32A STREET NW","assessed_value":335500},{"address":"5109.0 124 AVENUE NW","assessed_value":8500},{"address":"11243.0 56 STREET NW","assessed_value":417500},{"address":"11431.0 68 STREET NW","assessed_value":356500},{"address":"12604.0 153 AVENUE NW","assessed_value":67500},{"address":"3709.0 134 AVENUE NW","assessed_value":234500},{"address":"11219.0 69 STREET NW","assessed_value":212500},{"address":"12313.0 89 STREET NW","assessed_value":464500},{"address":"11465.0 41 AVENUE NW","assessed_value":124000},{"address":"9918.0 101 STREET NW","assessed_value":157500},{"address":"224.0 ABBOTTSFIELD ROAD NW","assessed_value":142500},{"address":"12114.0 59 STREET NW","assessed_value":225000},{"address":"10809.0 SASKATCHEWAN DRIVE NW","assessed_value":299000},{"address":"3631.0 108 AVENUE NW","assessed_value":328500},{"address":"12214.0 44 STREET NW","assessed_value":354000},{"address":"3120.0 103 AVENUE NW","assessed_value":320000},{"address":"1023.0 BRECKENRIDGE DRIVE NW","assessed_value":468000},{"address":"13311.0 30 STREET NW","assessed_value":311000},{"address":"6140.0 125A AVENUE NW","assessed_value":111000},{"address":"15828.0 67B STREET NW","assessed_value":503000},{"address":"4732.0 133 AVENUE NW","assessed_value":328000},{"address":"10910.0 100 AVENUE NW","assessed_value":4500},{"address":"12029.0 62 STREET NW","assessed_value":181500},{"address":"5120.0 123 AVENUE NW","assessed_value":292000},{"address":"13204.0 26 STREET NW","assessed_value":363000},{"address":"12233.0 47 STREET NW","assessed_value":264000},{"address":"9620.0 174 STREET NW","assessed_value":115000},{"address":"8740.0 189 STREET NW","assessed_value":318500},{"address":"5825.0 162A AVENUE NW","assessed_value":369500},{"address":"11907.0 81 STREET NW","assessed_value":59000},{"address":"5108.0 121 AVENUE NW","assessed_value":281500},{"address":"11830.0 10A AVENUE NW","assessed_value":530000},{"address":"44.0 OAK RIDGE DRIVE NW","assessed_value":34500},{"address":"3316.0 130A AVENUE NW","assessed_value":214500},{"address":"752.0 CLAREVIEW ROAD NW","assessed_value":155000},{"address":"3106.0 130A AVENUE NW","assessed_value":336500},{"address":"10751.0 29 AVENUE NW","assessed_value":127000},{"address":"9918.0 101 STREET NW","assessed_value":140000},{"address":"4025.0 37B AVENUE NW","assessed_value":462500},{"address":"8815.0 121 AVENUE NW","assessed_value":473500},{"address":"11835.0 87 STREET NW","assessed_value":193500},{"address":"12415.0 54 STREET NW","assessed_value":414000},{"address":"11805.0 69 STREET NW","assessed_value":258500},{"address":"11251.0 85 STREET NW","assessed_value":216000},{"address":"2419.0 133 AVENUE NW","assessed_value":297500},{"address":"9918.0 101 STREET NW","assessed_value":141000},{"address":"nan nan","assessed_value":15000},{"address":"13203.0 81 STREET NW","assessed_value":165000},{"address":"10520.0 120 STREET NW","assessed_value":159500},{"address":"3606.0 115 AVENUE NW","assessed_value":298000},{"address":"11136.0 61 STREET NW","assessed_value":580500},{"address":"3826.0 114 AVENUE NW","assessed_value":325000},{"address":"15128.0 22 STREET NW","assessed_value":238000},{"address":"11332.0 83 STREET NW","assessed_value":177500},{"address":"2522.0 WEST PORT ROAD NW","assessed_value":44500},{"address":"74.0 RIDGEWAY DRIVE NW","assessed_value":41000},{"address":"3915.0 123 AVENUE NW","assessed_value":373500},{"address":"12327.0 80 STREET NW","assessed_value":379500},{"address":"11917.0 38 STREET NW","assessed_value":325500},{"address":"12326.0 88 STREET NW","assessed_value":427000},{"address":"2706.0 135 AVENUE NW","assessed_value":257000},{"address":"12211.0 63 STREET NW","assessed_value":346500},{"address":"91.0 DECHENE ROAD NW","assessed_value":511000},{"address":"nan nan","assessed_value":8000},{"address":"3834.0 112 AVENUE NW","assessed_value":247000},{"address":"11115.0 9 AVENUE NW","assessed_value":268000},{"address":"101.0 WILLIAM HUSTLER CRESCENT NW","assessed_value":322500},{"address":"3907.0 98 STREET NW","assessed_value":259000},{"address":"nan nan","assessed_value":9500},{"address":"33.0 RIDGEWAY DRIVE NW","assessed_value":41000},{"address":"11542.0 82 STREET NW","assessed_value":205500},{"address":"12009.0 46 STREET NW","assessed_value":282000},{"address":"4918.0 118 AVENUE NW","assessed_value":145000},{"address":"4715.0 127A AVENUE NW","assessed_value":329000},{"address":"814.0 116A STREET NW","assessed_value":401500},{"address":"11905.0 57 STREET NW","assessed_value":499000},{"address":"4618.0 114 AVENUE NW","assessed_value":278500},{"address":"7817.0 112S AVENUE NW","assessed_value":395500},{"address":"13020.0 FORT ROAD NW","assessed_value":270500},{"address":"11816.0 62 STREET NW","assessed_value":254000},{"address":"921.0 116 STREET NW","assessed_value":616000},{"address":"15499.0 CASTLE DOWNS ROAD NW","assessed_value":177000},{"address":"11906.0 38 STREET NW","assessed_value":281500},{"address":"11437.0 85 STREET NW","assessed_value":228500},{"address":"4530.0 128A AVENUE NW","assessed_value":300500},{"address":"11465.0 41 AVENUE NW","assessed_value":125000},{"address":"2736.0 136A AVENUE NW","assessed_value":256000},{"address":"12304.0 86 STREET NW","assessed_value":304500},{"address":"10721.0 SASKATCHEWAN DRIVE NW","assessed_value":568500},{"address":"11816.0 61 STREET NW","assessed_value":227500},{"address":"2712.0 131 AVENUE NW","assessed_value":371000},{"address":"8116.0 154 AVENUE NW","assessed_value":388500},{"address":"9132.0 149 STREET NW","assessed_value":5500},{"address":"594.0 ABBOTTSFIELD ROAD NW","assessed_value":144500},{"address":"18.0 WILKIN ROAD NW","assessed_value":1022000},{"address":"6710.0 158 AVENUE NW","assessed_value":120000},{"address":"10809.0 SASKATCHEWAN DRIVE NW","assessed_value":334000},{"address":"11311.0 84 STREET NW","assessed_value":283500},{"address":"3604.0 120 AVENUE NW","assessed_value":284000},{"address":"12129.0 43 STREET NW","assessed_value":236500},{"address":"867.0 RYAN PLACE NW","assessed_value":487500},{"address":"10508.0 119 STREET NW","assessed_value":221000},{"address":"1741.0 ELLERSLIE ROAD SW","assessed_value":1146500},{"address":"705.0 CLAREVIEW ROAD NW","assessed_value":170000},{"address":"12210.0 MOUNT LAWN ROAD NW","assessed_value":4365500},{"address":"nan nan","assessed_value":500},{"address":"10508.0 119 STREET NW","assessed_value":216000},{"address":"5314.0 ADA BOULEVARD NW","assessed_value":701000},{"address":"12040.0 64 STREET NW","assessed_value":336500},{"address":"10910.0 100 AVENUE NW","assessed_value":1000},{"address":"11946.0 86 STREET NW","assessed_value":2066000},{"address":"11115.0 31 STREET NW","assessed_value":307500},{"address":"59.0 HARRISON DRIVE NW","assessed_value":338000},{"address":"4009.0 117 AVENUE NW","assessed_value":296000},{"address":"6212.0 118 AVENUE NW","assessed_value":337500},{"address":"720.0 CLAREVIEW ROAD NW","assessed_value":162500},{"address":"8727.0 156 AVENUE NW","assessed_value":425000},{"address":"16915.0 116 STREET NW","assessed_value":403000},{"address":"10751.0 29 AVENUE NW","assessed_value":93500},{"address":"11425.0 41 AVENUE NW","assessed_value":124000},{"address":"16026.0 67A STREET NW","assessed_value":412500},{"address":"12410.0 82 STREET NW","assessed_value":181500},{"address":"11419.0 87 STREET NW","assessed_value":231500},{"address":"3008.0 142 AVENUE NW","assessed_value":364000},{"address":"3117.0 130A AVENUE NW","assessed_value":323000},{"address":"10.0 CLAREVIEW VILLAGE NW","assessed_value":167000},{"address":"12509.0 80 STREET NW","assessed_value":226500},{"address":"11534.0 71 STREET NW","assessed_value":269500},{"address":"8707.0 156 AVENUE NW","assessed_value":537000},{"address":"11507.0 13 AVENUE NW","assessed_value":820000},{"address":"1804.0 KRAMER PLACE NW","assessed_value":424000},{"address":"9918.0 101 STREET NW","assessed_value":157500},{"address":"14233.0 24A STREET NW","assessed_value":310500},{"address":"2428.0 143 AVENUE NW","assessed_value":345000},{"address":"2416.0 WEST OAK WAY NW","assessed_value":37000},{"address":"4669.0 126 AVENUE NW","assessed_value":240500},{"address":"8.0 PARK RIDGE CRESCENT NW","assessed_value":33500},{"address":"136.0 ABBOTTSFIELD ROAD NW","assessed_value":152500},{"address":"11824.0 56 STREET NW","assessed_value":397500},{"address":"12135.0 61 STREET NW","assessed_value":260500},{"address":"4223.0 123 AVENUE NW","assessed_value":326500},{"address":"4238.0 117 AVENUE NW","assessed_value":281500},{"address":"7.0 HENRY AVENUE NW","assessed_value":333500},{"address":"12135.0 63 STREET NW","assessed_value":251000},{"address":"12128.0 88 STREET NW","assessed_value":477000},{"address":"11523.0 66 STREET NW","assessed_value":246500},{"address":"175.0 DECHENE ROAD NW","assessed_value":491500},{"address":"15499.0 CASTLE DOWNS ROAD NW","assessed_value":203000},{"address":"11808.0 56 STREET NW","assessed_value":242000},{"address":"551.0 CLAREVIEW ROAD NW","assessed_value":307000},{"address":"12058.0 56 STREET NW","assessed_value":277500},{"address":"6707.0 111 AVENUE NW","assessed_value":637500},{"address":"172.0 HUMBERSTONE ROAD NW","assessed_value":332500},{"address":"9918.0 101 STREET NW","assessed_value":140500},{"address":"14011.0 30 STREET NW","assessed_value":168500},{"address":"2419.0 133 AVENUE NW","assessed_value":228000},{"address":"14250.0 24A STREET NW","assessed_value":321000},{"address":"11336.0 10 AVENUE NW","assessed_value":614500},{"address":"127.0 RIDGEWAY DRIVE NW","assessed_value":44500},{"address":"13326.0 154 AVENUE NW","assessed_value":428500},{"address":"11226.0 56 STREET NW","assessed_value":562500},{"address":"8014.0 132 AVENUE NW","assessed_value":182000},{"address":"5106.0 146 AVENUE NW","assessed_value":296500},{"address":"10923.0 82 AVENUE NW","assessed_value":97000},{"address":"1035.0 CARTER CREST ROAD NW","assessed_value":644000},{"address":"14155.0 26 STREET NW","assessed_value":205000},{"address":"33.0 HABITAT CRESCENT NW","assessed_value":168000},{"address":"17638.0 96 AVENUE NW","assessed_value":274000},{"address":"8503.0 120 AVENUE NW","assessed_value":697000},{"address":"9535.0 176 STREET NW","assessed_value":244500},{"address":"1518.0 HEFFERNAN CLOSE NW","assessed_value":604000},{"address":"4003.0 98 STREET NW","assessed_value":265000},{"address":"12034.0 62 STREET NW","assessed_value":176000},{"address":"12026.0 46 STREET NW","assessed_value":410500},{"address":"2711.0 129 AVENUE NW","assessed_value":390500},{"address":"11643.0 81 STREET NW","assessed_value":408500},{"address":"12415.0 48 STREET NW","assessed_value":42000},{"address":"731.0 CLAREVIEW ROAD NW","assessed_value":163500},{"address":"12220.0 54 STREET NW","assessed_value":312000},{"address":"6723.0 162 AVENUE NW","assessed_value":464500},{"address":"3216.0 138 AVENUE NW","assessed_value":356000},{"address":"3020.0 143 AVENUE NW","assessed_value":405000},{"address":"4425.0 115 AVENUE NW","assessed_value":343000},{"address":"15628.0 88 STREET NW","assessed_value":720500},{"address":"12030.0 95A STREET NW","assessed_value":0},{"address":"10317.0 121 STREET NW","assessed_value":102000},{"address":"5.0 CLAREVIEW VILLAGE NW","assessed_value":151000},{"address":"12050.0 66 STREET NW","assessed_value":287500},{"address":"3502.0 122 AVENUE NW","assessed_value":299000},{"address":"2508.0 50 STREET NW","assessed_value":110000},{"address":"11344.0 65 STREET NW","assessed_value":358000},{"address":"12504.0 79 STREET NW","assessed_value":339000},{"address":"14256.0 26 STREET NW","assessed_value":343000},{"address":"2011.0 137 AVENUE NW","assessed_value":255000},{"address":"4009.0 114 AVENUE NW","assessed_value":324500},{"address":"3321.0 107 AVENUE NW","assessed_value":138000},{"address":"11943.0 63 STREET NW","assessed_value":162000},{"address":"nan nan","assessed_value":500},{"address":"131.0 DECHENE ROAD NW","assessed_value":595000},{"address":"2044.0 61 STREET NW","assessed_value":494500},{"address":"2704.0 131 AVENUE NW","assessed_value":355500},{"address":"nan nan","assessed_value":10500},{"address":"10820.0 30 STREET NW","assessed_value":347500},{"address":"3108.0 133A AVENUE NW","assessed_value":380500},{"address":"9246.0 34 AVENUE NW","assessed_value":437500},{"address":"11231.0 91 STREET NW","assessed_value":194500},{"address":"11716.0 139 AVENUE NW","assessed_value":164500},{"address":"11417.0 87 STREET NW","assessed_value":235500},{"address":"11811.0 70 STREET NW","assessed_value":263000},{"address":"13532.0 27 STREET NW","assessed_value":331500},{"address":"94.0 HARRISON DRIVE NW","assessed_value":358500},{"address":"10331.0 106 STREET NW","assessed_value":280500},{"address":"163.0 ABBOTTSFIELD ROAD NW","assessed_value":156500},{"address":"11231.0 88 STREET NW","assessed_value":213000},{"address":"3121.0 130 AVENUE NW","assessed_value":204000},{"address":"32.0 HARROW CIRCLE NW","assessed_value":340000},{"address":"12224.0 61 STREET NW","assessed_value":358000},{"address":"12419.0 75 STREET NW","assessed_value":279500},{"address":"3414.0 119A AVENUE NW","assessed_value":257000},{"address":"11708.0 84 STREET NW","assessed_value":222500},{"address":"7531.0 112 AVENUE NW","assessed_value":248000},{"address":"3.0 EVERGREEN PARK NW","assessed_value":20000},{"address":"nan nan","assessed_value":8000},{"address":"3639.0 110 AVENUE NW","assessed_value":247000},{"address":"2508.0 50 STREET NW","assessed_value":187500},{"address":"11434.0 70 STREET NW","assessed_value":344500},{"address":"11135.0 63 STREET NW","assessed_value":696500},{"address":"11820.0 46 STREET NW","assessed_value":596000},{"address":"2722.0 138A AVENUE NW","assessed_value":299000},{"address":"nan nan","assessed_value":8000},{"address":"12.0 MAPLE TERRACE NW","assessed_value":40500},{"address":"9005.0 CONNORS ROAD NW","assessed_value":324500},{"address":"11925.0 64 STREET NW","assessed_value":219500},{"address":"2208.0 WEST OAK PLACE NW","assessed_value":44000},{"address":"208.0 HUMBERSTONE ROAD NW","assessed_value":330000},{"address":"1295.0 CARTER CREST ROAD NW","assessed_value":289000},{"address":"448.0 CLAREVIEW ROAD NW","assessed_value":168500},{"address":"4610.0 121 AVENUE NW","assessed_value":1441500},{"address":"3197.0 139 AVENUE NW","assessed_value":166000},{"address":"11902.0 68 STREET NW","assessed_value":221500},{"address":"11212.0 34 STREET NW","assessed_value":308000},{"address":"2011.0 137 AVENUE NW","assessed_value":194000},{"address":"11830.0 49 STREET NW","assessed_value":253500},{"address":"11741.0 84 STREET NW","assessed_value":170000},{"address":"2559.0 135 AVENUE NW","assessed_value":195500},{"address":"11542.0 83 STREET NW","assessed_value":351500},{"address":"nan nan","assessed_value":7500},{"address":"3609.0 114 AVENUE NW","assessed_value":267000},{"address":"8606.0 158A AVENUE NW","assessed_value":634000},{"address":"11418.0 65 STREET NW","assessed_value":331500},{"address":"431.0 HUFFMAN CRESCENT NW","assessed_value":366500},{"address":"8812.0 118 AVENUE NW","assessed_value":431000},{"address":"10330.0 104 STREET NW","assessed_value":351500},{"address":"nan nan","assessed_value":10500},{"address":"13119.0 41 STREET NW","assessed_value":332500},{"address":"16.0 CLAREVIEW ROAD NW","assessed_value":320000},{"address":"62.0 MAPLE RIDGE DRIVE NW","assessed_value":31500},{"address":"11440.0 40 AVENUE NW","assessed_value":99000},{"address":"3833.0 113 AVENUE NW","assessed_value":315000},{"address":"1106.0 WEST VIEW HILL NW","assessed_value":35500},{"address":"10907.0 32 STREET NW","assessed_value":322000},{"address":"11332.0 89 STREET NW","assessed_value":376500},{"address":"2508.0 50 STREET NW","assessed_value":102500},{"address":"176.0 EVERGREEN PARK NW","assessed_value":29500},{"address":"2836.0 135 AVENUE NW","assessed_value":245500},{"address":"4418.0 116 AVENUE NW","assessed_value":305000},{"address":"14211.0 32 STREET NW","assessed_value":126000},{"address":"13114.0 27 STREET NW","assessed_value":377000},{"address":"11203.0 57 STREET NW","assessed_value":454500},{"address":"3807.0 116 AVENUE NW","assessed_value":489000},{"address":"5104.0 120 AVENUE NW","assessed_value":315500},{"address":"22.0 CLIFF CRESCENT NW","assessed_value":28500},{"address":"10508.0 119 STREET NW","assessed_value":234000},{"address":"5938.0 162B AVENUE NW","assessed_value":415500},{"address":"11220.0 34 STREET NW","assessed_value":314000},{"address":"8.0 RIDGEWAY DRIVE NW","assessed_value":49000},{"address":"10611.0 31 STREET NW","assessed_value":310500},{"address":"3616.0 117 AVENUE NW","assessed_value":316500},{"address":"4002.0 111 AVENUE NW","assessed_value":330500},{"address":"12147.0 82 STREET NW","assessed_value":2104500},{"address":"2620.0 135 AVENUE NW","assessed_value":375500},{"address":"nan nan","assessed_value":5500},{"address":"10923.0 82 AVENUE NW","assessed_value":82500},{"address":"2923.0 130 AVENUE NW","assessed_value":181000},{"address":"11218.0 90 STREET NW","assessed_value":254500},{"address":"12904.0 28 STREET NW","assessed_value":322500},{"address":"12110.0 57 STREET NW","assessed_value":0},{"address":"2977.0 130 AVENUE NW","assessed_value":198000},{"address":"12824.0 48 STREET NW","assessed_value":1000},{"address":"11532.0 67 STREET NW","assessed_value":286500},{"address":"11944.0 61 STREET NW","assessed_value":251000},{"address":"11826.0 41 STREET NW","assessed_value":173500},{"address":"12134.0 50 STREET NW","assessed_value":294500},{"address":"4045.0 113 AVENUE NW","assessed_value":212000},{"address":"12432.0 86 STREET NW","assessed_value":302500},{"address":"11814.0 40 STREET NW","assessed_value":564000},{"address":"10508.0 119 STREET NW","assessed_value":286000},{"address":"6606.0 ADA BOULEVARD NW","assessed_value":598000},{"address":"327.0 HUFFMAN CRESCENT NW","assessed_value":343000},{"address":"12209.0 39 STREET NW","assessed_value":274500},{"address":"11336.0 9 AVENUE NW","assessed_value":462000},{"address":"11509.0 89 STREET NW","assessed_value":296500},{"address":"11403.0 85 STREET NW","assessed_value":339000},{"address":"12240.0 50 STREET NW","assessed_value":297000},{"address":"nan nan","assessed_value":9000},{"address":"170.0 HYNDMAN CRESCENT NW","assessed_value":3162500},{"address":"11409.0 64 STREET NW","assessed_value":467000},{"address":"3529.0 121A AVENUE NW","assessed_value":336500},{"address":"22.0 OAK RIDGE DRIVE NW","assessed_value":29500},{"address":"418.0 CLAREVIEW ROAD NW","assessed_value":163000},{"address":"nan nan","assessed_value":5500},{"address":"11334.0 67 STREET NW","assessed_value":318500},{"address":"3810.0 114 AVENUE NW","assessed_value":339500},{"address":"12217.0 88 STREET NW","assessed_value":314000},{"address":"2508.0 50 STREET NW","assessed_value":127000},{"address":"11909.0 71 STREET NW","assessed_value":261500},{"address":"12727.0 47 STREET NW","assessed_value":353500},{"address":"4816.0 117 AVENUE NW","assessed_value":304500},{"address":"4632.0 126 AVENUE NW","assessed_value":484500},{"address":"11827.0 8 AVENUE NW","assessed_value":450500},{"address":"3604.0 135 AVENUE NW","assessed_value":261000},{"address":"nan nan","assessed_value":0},{"address":"64.0 BLACKBURN DRIVE WEST SW","assessed_value":369000},{"address":"11925.0 59 STREET NW","assessed_value":249500},{"address":"4115.0 134 AVENUE NW","assessed_value":232000},{"address":"12223.0 90 STREET NW","assessed_value":245000},{"address":"4007.0 123 AVENUE NW","assessed_value":354500},{"address":"4707.0 126 AVENUE NW","assessed_value":196000},{"address":"11342.0 87 STREET NW","assessed_value":249000},{"address":"11514.0 90 STREET NW","assessed_value":280500},{"address":"3816.0 123 AVENUE NW","assessed_value":361000},{"address":"12446.0 48 STREET NW","assessed_value":84000},{"address":"1549.0 49A STREET NW","assessed_value":372500},{"address":"12134.0 39 STREET NW","assessed_value":285000},{"address":"3907.0 98 STREET NW","assessed_value":241000},{"address":"11450.0 40 AVENUE NW","assessed_value":133500},{"address":"10808.0 34 STREET NW","assessed_value":386500},{"address":"nan nan","assessed_value":9000},{"address":"11526.0 87 STREET NW","assessed_value":458000},{"address":"11330.0 88 STREET NW","assessed_value":224000},{"address":"11010.0 38 STREET NW","assessed_value":315000},{"address":"12207.0 53 STREET NW","assessed_value":345000},{"address":"11539.0 88 STREET NW","assessed_value":261500},{"address":"3004.0 143 AVENUE NW","assessed_value":367000},{"address":"4812.0 128 AVENUE NW","assessed_value":1500},{"address":"5903.0 121 AVENUE NW","assessed_value":264500},{"address":"1815.0 KRAMER PLACE NW","assessed_value":415000},{"address":"12014.0 63 STREET NW","assessed_value":291500},{"address":"3307.0 103 AVENUE NW","assessed_value":332000},{"address":"11510.0 84 STREET NW","assessed_value":278500},{"address":"1837.0 WEST OAK COURT NW","assessed_value":61500},{"address":"419.0 KLARVATTEN LAKE WYND NW","assessed_value":507500},{"address":"11324.0 64 STREET NW","assessed_value":956000},{"address":"10923.0 82 AVENUE NW","assessed_value":81000},{"address":"12009.0 83 STREET NW","assessed_value":458500},{"address":"10.0 BLACKBURN DRIVE WEST SW","assessed_value":523000},{"address":"11320.0 79 STREET NW","assessed_value":0},{"address":"4404.0 120 AVENUE NW","assessed_value":296000},{"address":"14124.0 26 STREET NW","assessed_value":290000},{"address":"3628.0 116 AVENUE NW","assessed_value":324500},{"address":"5212.0 25 AVENUE NW","assessed_value":195500},{"address":"3832.0 111 AVENUE NW","assessed_value":318000},{"address":"11814.0 10A AVENUE NW","assessed_value":546500},{"address":"11319.0 66 STREET NW","assessed_value":376500},{"address":"10809.0 SASKATCHEWAN DRIVE NW","assessed_value":332500},{"address":"5430.0 118 AVENUE NW","assessed_value":251000},{"address":"413.0 KLARVATTEN LAKE WYND NW","assessed_value":430000},{"address":"2408.0 133A AVENUE NW","assessed_value":333000},{"address":"300.0 HOOPER CRESCENT NW","assessed_value":263500},{"address":"13548.0 25 STREET NW","assessed_value":352000},{"address":"nan nan","assessed_value":9000},{"address":"605.0 ABBOTTSFIELD ROAD NW","assessed_value":169000},{"address":"1071.0 CARTER CREST ROAD NW","assessed_value":535500},{"address":"12223.0 57 STREET NW","assessed_value":295000},{"address":"11828.0 44 STREET NW","assessed_value":439500},{"address":"762.0 WHISTON COURT NW","assessed_value":577000},{"address":"11910.0 36 STREET NW","assessed_value":298500},{"address":"1023.0 WEST MOUNT CRESCENT NW","assessed_value":31000},{"address":"12054.0 75 STREET NW","assessed_value":1368000},{"address":"764.0 ORMSBY ROAD WEST NW","assessed_value":497000},{"address":"13235.0 41 STREET NW","assessed_value":391500},{"address":"12238.0 48 STREET NW","assessed_value":303500},{"address":"11324.0 32 STREET NW","assessed_value":229000},{"address":"4.0 POST ROAD NW","assessed_value":29500},{"address":"7528.0 111 AVENUE NW","assessed_value":369500},{"address":"11215.0 67 STREET NW","assessed_value":308500},{"address":"11925.0 53 STREET NW","assessed_value":387000},{"address":"12014.0 79 STREET NW","assessed_value":269000},{"address":"2419.0 133 AVENUE NW","assessed_value":282000},{"address":"12105.0 79 STREET NW","assessed_value":283500},{"address":"14228.0 26 STREET NW","assessed_value":282500},{"address":"2334.0 139 AVENUE NW","assessed_value":156000},{"address":"11911.0 87 STREET NW","assessed_value":525500},{"address":"11939.0 89 STREET NW","assessed_value":234500},{"address":"300.0 HOOPER CRESCENT NW","assessed_value":280000},{"address":"nan nan","assessed_value":10500},{"address":"14530.0 52 STREET NW","assessed_value":119000},{"address":"11826.0 69 STREET NW","assessed_value":266000},{"address":"13133.0 34 STREET NW","assessed_value":228000},{"address":"13856.0 30 STREET NW","assessed_value":424000},{"address":"642.0 CHERITON CRESCENT NW","assessed_value":652000},{"address":"12114.0 37 STREET NW","assessed_value":272000},{"address":"3007.0 131 AVENUE NW","assessed_value":262000},{"address":"12018.0 38 STREET NW","assessed_value":281500},{"address":"11134.0 51 STREET NW","assessed_value":356500},{"address":"13422.0 25 STREET NW","assessed_value":335500},{"address":"3412.0 142 AVENUE NW","assessed_value":394500},{"address":"509.0 WEST WOOD PLACE NW","assessed_value":34000},{"address":"11415.0 89 STREET NW","assessed_value":208000},{"address":"11912.0 77 STREET NW","assessed_value":214000},{"address":"12445.0 80 STREET NW","assessed_value":285500},{"address":"136.0 WILLIAM HUSTLER CRESCENT NW","assessed_value":332500},{"address":"12117.0 45 STREET NW","assessed_value":363000},{"address":"11444.0 9A AVENUE NW","assessed_value":24000},{"address":"6520.0 120 AVENUE NW","assessed_value":90000},{"address":"12227.0 87 STREET NW","assessed_value":321500},{"address":"3631.0 130A AVENUE NW","assessed_value":424500},{"address":"11513.0 87 STREET NW","assessed_value":251500},{"address":"11202.0 57 STREET NW","assessed_value":455500},{"address":"11004.0 34 STREET NW","assessed_value":313500},{"address":"7338.0 111 AVENUE NW","assessed_value":422500},{"address":"11023.0 64 STREET NW","assessed_value":473500},{"address":"11206.0 67 STREET NW","assessed_value":376500},{"address":"12024.0 58 STREET NW","assessed_value":261000},{"address":"12302.0 85 STREET NW","assessed_value":199000},{"address":"7410.0 187 STREET NW","assessed_value":402500},{"address":"2513.0 WEST PORT ROAD NW","assessed_value":56500},{"address":"6812.0 161 AVENUE NW","assessed_value":450000},{"address":"11105.0 38 STREET NW","assessed_value":261000},{"address":"11211.0 58 STREET NW","assessed_value":498000},{"address":"2541.0 135 AVENUE NW","assessed_value":168000},{"address":"12045.0 69 STREET NW","assessed_value":218000},{"address":"4602.0 113 AVENUE NW","assessed_value":304500},{"address":"9918.0 101 STREET NW","assessed_value":148000},{"address":"11126.0 67 STREET NW","assessed_value":450500},{"address":"17714.0 96 AVENUE NW","assessed_value":282500},{"address":"3140.0 138 AVENUE NW","assessed_value":413500},{"address":"12028.0 103 AVENUE NW","assessed_value":275500},{"address":"12115.0 82 STREET NW","assessed_value":78000},{"address":"8623.0 106A STREET NW","assessed_value":1500},{"address":"14144.0 26 STREET NW","assessed_value":319000},{"address":"4127.0 134 AVENUE NW","assessed_value":288000},{"address":"11114.0 68 STREET NW","assessed_value":347500},{"address":"12555.0 50 STREET NW","assessed_value":62000},{"address":"142.0 EVERGREEN PARK NW","assessed_value":58000},{"address":"12120.0 86 STREET NW","assessed_value":248500},{"address":"3016.0 109 AVENUE NW","assessed_value":349000},{"address":"4114.0 134 AVENUE NW","assessed_value":180500},{"address":"854.0 118A STREET NW","assessed_value":442500},{"address":"6710.0 158 AVENUE NW","assessed_value":125500},{"address":"10310.0 G A MACDONALD AVENUE NW","assessed_value":5894500},{"address":"3625.0 117 AVENUE NW","assessed_value":297000},{"address":"3107.0 104 AVENUE NW","assessed_value":500},{"address":"11311.0 80 STREET NW","assessed_value":0},{"address":"10731.0 86 AVENUE NW","assessed_value":184000},{"address":"11515.0 65 STREET NW","assessed_value":365000},{"address":"3414.0 120A AVENUE NW","assessed_value":244000},{"address":"9918.0 101 STREET NW","assessed_value":128000},{"address":"11129.0 66 STREET NW","assessed_value":357000},{"address":"12110.0 58 STREET NW","assessed_value":253000},{"address":"1193.0 HOOKE ROAD NW","assessed_value":179500},{"address":"12148.0 61 STREET NW","assessed_value":247000},{"address":"nan nan","assessed_value":9500},{"address":"6608.0 111 AVENUE NW","assessed_value":437000},{"address":"4904.0 97 STREET NW","assessed_value":4163000},{"address":"13039.0 30 STREET NW","assessed_value":336500},{"address":"9620.0 174 STREET NW","assessed_value":129500},{"address":"11323.0 52 STREET NW","assessed_value":443000},{"address":"3630.0 ADA BOULEVARD NW","assessed_value":387500},{"address":"11337.0 86 STREET NW","assessed_value":212500},{"address":"10721.0 SASKATCHEWAN DRIVE NW","assessed_value":387000},{"address":"27.0 WILLOWDALE DRIVE NW","assessed_value":47000},{"address":"nan nan","assessed_value":6500},{"address":"8707.0 157 AVENUE NW","assessed_value":527000},{"address":"11121.0 66 STREET NW","assessed_value":327000},{"address":"11045.0 123 STREET NW","assessed_value":129000},{"address":"1554.0 49A STREET NW","assessed_value":369000},{"address":"10939.0 82 AVENUE NW","assessed_value":366500},{"address":"12126.0 45 STREET NW","assessed_value":225500},{"address":"2011.0 137 AVENUE NW","assessed_value":217000},{"address":"235.0 HUMBERSTONE ROAD NW","assessed_value":382500},{"address":"11535.0 89 STREET NW","assessed_value":229000},{"address":"15131.0 19 STREET NW","assessed_value":515500},{"address":"6809.0 162A AVENUE NW","assessed_value":431500},{"address":"80.0 EVERGREEN PARK NW","assessed_value":75500},{"address":"17467.0 98A AVENUE NW","assessed_value":165000},{"address":"12332.0 83 STREET NW","assessed_value":402500},{"address":"5204.0 122 AVENUE NW","assessed_value":339500},{"address":"4682.0 126 AVENUE NW","assessed_value":248500},{"address":"6417.0 112 AVENUE NW","assessed_value":236500},{"address":"11946.0 79 STREET NW","assessed_value":291000},{"address":"6502.0 111 AVENUE NW","assessed_value":661000},{"address":"10415.0 30 STREET NW","assessed_value":369500},{"address":"3638.0 112 AVENUE NW","assessed_value":370500},{"address":"11635.0 71 STREET NW","assessed_value":365500},{"address":"417.0 BRECKENRIDGE LANE NW","assessed_value":375500},{"address":"4707.0 126 AVENUE NW","assessed_value":159000},{"address":"10903.0 21 AVENUE NW","assessed_value":235500},{"address":"11322.0 86 STREET NW","assessed_value":187000},{"address":"1073.0 CARTER CREST ROAD NW","assessed_value":595500},{"address":"11129.0 61 STREET NW","assessed_value":633000},{"address":"11601.0 48 STREET NW","assessed_value":304000},{"address":"591.0 ABBOTTSFIELD ROAD NW","assessed_value":145500},{"address":"6002.0 122 AVENUE NW","assessed_value":646000},{"address":"3612.0 122 AVENUE NW","assessed_value":328500},{"address":"8623.0 106A STREET NW","assessed_value":500},{"address":"11911.0 67 STREET NW","assessed_value":243000},{"address":"12604.0 153 AVENUE NW","assessed_value":148000},{"address":"9321.0 103A AVENUE NW","assessed_value":1200000},{"address":"4213.0 112 AVENUE NW","assessed_value":310500},{"address":"15047.0 128 STREET NW","assessed_value":373500},{"address":"129.0 HYNDMAN CRESCENT NW","assessed_value":308000},{"address":"12125.0 38 STREET NW","assessed_value":374000},{"address":"11911.0 77 STREET NW","assessed_value":166500},{"address":"10620.0 104 STREET NW","assessed_value":67000},{"address":"116.0 HARRISON DRIVE NW","assessed_value":353000},{"address":"12129.0 44 STREET NW","assessed_value":259500},{"address":"8704.0 YELLOWHEAD TRAIL NW","assessed_value":1758500},{"address":"210.0 HOMESTEAD CRESCENT NW","assessed_value":349000},{"address":"137.0 HARROW CIRCLE NW","assessed_value":358500},{"address":"1941.0 WEST ROYAL WAY NW","assessed_value":37500},{"address":"11125.0 55 STREET NW","assessed_value":428500},{"address":"2418.0 WEST OAK WAY NW","assessed_value":46000},{"address":"11937.0 67 STREET NW","assessed_value":236000},{"address":"11923.0 71 STREET NW","assessed_value":185500},{"address":"418.0 HUFFMAN CRESCENT NW","assessed_value":1000},{"address":"3419.0 142 AVENUE NW","assessed_value":346500},{"address":"12111.0 50 STREET NW","assessed_value":221000},{"address":"12012.0 57 STREET NW","assessed_value":272000},{"address":"12028.0 103 AVENUE NW","assessed_value":212000},{"address":"3004.0 111 AVENUE NW","assessed_value":348500},{"address":"10809.0 38 STREET NW","assessed_value":289500},{"address":"10731.0 SASKATCHEWAN DRIVE NW","assessed_value":409000},{"address":"3219.0 106 AVENUE NW","assessed_value":313000},{"address":"8112.0 132 AVENUE NW","assessed_value":166000},{"address":"3223.0 112 AVENUE NW","assessed_value":327500},{"address":"13116.0 41 STREET NW","assessed_value":341500},{"address":"40.0 THE PARKWAY NW","assessed_value":41000},{"address":"521.0 ABBOTTSFIELD ROAD NW","assessed_value":149500},{"address":"374.0 CLAREVIEW ROAD NW","assessed_value":175000},{"address":"18620.0 74 AVENUE NW","assessed_value":366000},{"address":"3613.0 112 AVENUE NW","assessed_value":316000},{"address":"14248.0 30 STREET NW","assessed_value":415500},{"address":"11223.0 68 STREET NW","assessed_value":308500},{"address":"12028.0 103 AVENUE NW","assessed_value":265000},{"address":"4505.0 HILLSIDE CRESCENT NW","assessed_value":31500},{"address":"3216.0 130 AVENUE NW","assessed_value":368000},{"address":"336.0 HERMITAGE ROAD NW","assessed_value":137500},{"address":"7103.0 81 AVENUE NW","assessed_value":94000},{"address":"1025.0 116A STREET NW","assessed_value":531500},{"address":"5208.0 124 AVENUE NW","assessed_value":394500},{"address":"2618.0 135A AVENUE NW","assessed_value":297000},{"address":"5130.0 ADA BOULEVARD NW","assessed_value":1053500},{"address":"nan nan","assessed_value":9000},{"address":"8411.0 160 AVENUE NW","assessed_value":730500},{"address":"352.0 CLAREVIEW ROAD NW","assessed_value":178500},{"address":"1275.0 HOOKE ROAD NW","assessed_value":183000},{"address":"10524.0 101 STREET NW","assessed_value":1017500},{"address":"13431.0 25 STREET NW","assessed_value":349500},{"address":"16425.0 109 STREET NW","assessed_value":100500},{"address":"11606.0 88 STREET NW","assessed_value":202500},{"address":"11816.0 59 STREET NW","assessed_value":184000},{"address":"12235.0 43 STREET NW","assessed_value":383000},{"address":"11436.0 90 STREET NW","assessed_value":214500},{"address":"3647.0 130A AVENUE NW","assessed_value":409500},{"address":"nan nan","assessed_value":9000},{"address":"935.0 BLACKETT WYND SW","assessed_value":771500},{"address":"11409.0 67 STREET NW","assessed_value":351500},{"address":"43.0 HOWSON CRESCENT NW","assessed_value":335000},{"address":"9620.0 174 STREET NW","assessed_value":132500},{"address":"nan nan","assessed_value":15000},{"address":"12234.0 49 STREET NW","assessed_value":323000},{"address":"11617.0 85 STREET NW","assessed_value":197500},{"address":"4448.0 ADA BOULEVARD NW","assessed_value":477500},{"address":"817.0 116A STREET NW","assessed_value":422500},{"address":"12211.0 107 AVENUE NW","assessed_value":485000},{"address":"12344.0 86 STREET NW","assessed_value":270500},{"address":"nan nan","assessed_value":9000},{"address":"843.0 YOUVILLE DRIVE WEST NW","assessed_value":295500},{"address":"11841.0 51 STREET NW","assessed_value":266500},{"address":"14244.0 25 STREET NW","assessed_value":364000},{"address":"10520.0 120 STREET NW","assessed_value":156000},{"address":"103.0 RIDGEWAY DRIVE NW","assessed_value":29500},{"address":"8.0 ELSINORE PLACE NW","assessed_value":547000},{"address":"745.0 CLAREVIEW ROAD NW","assessed_value":168000},{"address":"420.0 HERMITAGE ROAD NW","assessed_value":154500},{"address":"1221.0 127 STREET SW","assessed_value":1434000},{"address":"16209.0 58 STREET NW","assessed_value":358500},{"address":"11403.0 90 STREET NW","assessed_value":235000},{"address":"10910.0 97 AVENUE NW","assessed_value":2000},{"address":"nan nan","assessed_value":6500},{"address":"3425.0 118 AVENUE NW","assessed_value":6755000},{"address":"9620.0 174 STREET NW","assessed_value":188000},{"address":"4204.0 139 AVENUE NW","assessed_value":29822000},{"address":"11832.0 60 STREET NW","assessed_value":269500},{"address":"6116.0 ADA BOULEVARD NW","assessed_value":655000},{"address":"12919.0 122 STREET NW","assessed_value":326500},{"address":"5931.0 162A AVENUE NW","assessed_value":445500},{"address":"3421.0 120A AVENUE NW","assessed_value":272500},{"address":"11126.0 69 STREET NW","assessed_value":500000},{"address":"12443.0 89 STREET NW","assessed_value":274500},{"address":"10326.0 77 STREET NW","assessed_value":400500},{"address":"12136.0 83 STREET NW","assessed_value":400000},{"address":"11833.0 44 STREET NW","assessed_value":314500},{"address":"11432.0 85 STREET NW","assessed_value":347500},{"address":"16233.0 67 STREET NW","assessed_value":428000},{"address":"101.0 EAGLE RIDGE PLACE NW","assessed_value":447500},{"address":"11045.0 123 STREET NW","assessed_value":137000},{"address":"17906.0 107 AVENUE NW","assessed_value":512500},{"address":"13820.0 28 STREET NW","assessed_value":277000},{"address":"11916.0 80 STREET NW","assessed_value":279500},{"address":"13.0 QUARRY CRESCENT NW","assessed_value":33000},{"address":"1175.0 HOOKE ROAD NW","assessed_value":176000},{"address":"3265.0 139 AVENUE NW","assessed_value":172000},{"address":"11208.0 52 STREET NW","assessed_value":438500},{"address":"12808.0 47 STREET NW","assessed_value":344500},{"address":"11229.0 69 STREET NW","assessed_value":682000},{"address":"17608.0 96 AVENUE NW","assessed_value":285500},{"address":"211.0 HARRISON DRIVE NW","assessed_value":179500},{"address":"16.0 CLIFF CRESCENT NW","assessed_value":47500},{"address":"4416.0 124 AVENUE NW","assessed_value":337000},{"address":"12033.0 39 STREET NW","assessed_value":305000},{"address":"4821.0 114 AVENUE NW","assessed_value":246000},{"address":"11431.0 65 STREET NW","assessed_value":343000},{"address":"11135.0 70 STREET NW","assessed_value":652500},{"address":"3019.0 139 AVENUE NW","assessed_value":271500},{"address":"4732.0 132 AVENUE NW","assessed_value":372500},{"address":"11708.0 88 STREET NW","assessed_value":432000},{"address":"9918.0 101 STREET NW","assessed_value":136500},{"address":"11708.0 87 STREET NW","assessed_value":273000},{"address":"12225.0 37 STREET NW","assessed_value":386000},{"address":"803.0 WEST COAST BAY NW","assessed_value":30500},{"address":"259.0 WILSON LANE NW","assessed_value":976000},{"address":"11304.0 62 STREET NW","assessed_value":364500},{"address":"12820.0 151 AVENUE NW","assessed_value":359500},{"address":"10282.0 87 STREET NW","assessed_value":491500},{"address":"6724.0 163 AVENUE NW","assessed_value":419500},{"address":"12103.0 43 STREET NW","assessed_value":270000},{"address":"2610.0 129A AVENUE NW","assessed_value":329000},{"address":"613.0 EVERGREEN PARK NW","assessed_value":22000},{"address":"7551.0 112 AVENUE NW","assessed_value":287000},{"address":"11814.0 50 STREET NW","assessed_value":200500},{"address":"3807.0 42 STREET NW","assessed_value":511000},{"address":"6421.0 158 AVENUE NW","assessed_value":174000},{"address":"217.0 WEST BROOK ROAD NW","assessed_value":55500},{"address":"10923.0 82 AVENUE NW","assessed_value":80000},{"address":"6027.0 125A AVENUE NW","assessed_value":102000},{"address":"1155.0 HOOKE ROAD NW","assessed_value":184500},{"address":"10332.0 29 STREET NW","assessed_value":379500},{"address":"7003.0 71 STREET NW","assessed_value":3526500},{"address":"11634.0 83 STREET NW","assessed_value":260000},{"address":"14304.0 23 STREET NW","assessed_value":328500},{"address":"10331.0 106 STREET NW","assessed_value":191500},{"address":"304.0 DECHENE WAY NW","assessed_value":468000},{"address":"11430.0 40 AVENUE NW","assessed_value":136500},{"address":"11303.0 69 STREET NW","assessed_value":346000},{"address":"13615.0 28 STREET NW","assessed_value":271500},{"address":"360.0 HERMITAGE ROAD NW","assessed_value":147000},{"address":"12216.0 62 STREET NW","assessed_value":376500},{"address":"12022.0 62 STREET NW","assessed_value":269500},{"address":"304.0 EVERGREEN PARK NW","assessed_value":39000},{"address":"nan nan","assessed_value":15000},{"address":"11632.0 84 STREET NW","assessed_value":258000},{"address":"11343.0 54 STREET NW","assessed_value":353500},{"address":"57.0 EVERGREEN PARK NW","assessed_value":56500},{"address":"11223.0 57 STREET NW","assessed_value":397000},{"address":"3106.0 106 AVENUE NW","assessed_value":4000},{"address":"12604.0 153 AVENUE NW","assessed_value":59000},{"address":"845.0 RYAN PLACE NW","assessed_value":543000},{"address":"15836.0 88 STREET NW","assessed_value":549500},{"address":"4210.0 139 AVENUE NW","assessed_value":154500},{"address":"11719.0 10 AVENUE NW","assessed_value":423500},{"address":"4448.0 114 AVENUE NW","assessed_value":313000},{"address":"7717.0 111 STREET NW","assessed_value":738000},{"address":"29.0 QUARRY CRESCENT NW","assessed_value":43500},{"address":"2108.0 WEST OAK BAY NW","assessed_value":36500},{"address":"2520.0 132 AVENUE NW","assessed_value":361000},{"address":"10551.0 84 STREET NW","assessed_value":165500},{"address":"3411.0 105 AVENUE NW","assessed_value":300500},{"address":"15499.0 CASTLE DOWNS ROAD NW","assessed_value":189000},{"address":"410.0 BRECKENRIDGE LANE NW","assessed_value":395500},{"address":"11234.0 86 STREET NW","assessed_value":189500},{"address":"3215.0 113 AVENUE NW","assessed_value":236000},{"address":"2508.0 50 STREET NW","assessed_value":142000},{"address":"7228.0 190 STREET NW","assessed_value":400000},{"address":"11322.0 84 STREET NW","assessed_value":262500},{"address":"3837.0 111 AVENUE NW","assessed_value":335000},{"address":"143.0 HOMESTEAD CRESCENT NW","assessed_value":350000},{"address":"12524.0 75 STREET NW","assessed_value":172500},{"address":"3248.0 130A AVENUE NW","assessed_value":205000},{"address":"13527.0 24 STREET NW","assessed_value":320500},{"address":"7904.0 122 AVENUE NW","assessed_value":547500},{"address":"4804.0 119 AVENUE NW","assessed_value":349000},{"address":"12013.0 44 STREET NW","assessed_value":245500},{"address":"11561.0 136 STREET NW","assessed_value":272500},{"address":"35.0 HAMILTON CRESCENT NW","assessed_value":345000},{"address":"8612.0 158A AVENUE NW","assessed_value":508500},{"address":"8648.0 118 AVENUE NW","assessed_value":238000},{"address":"12320.0 79 STREET NW","assessed_value":372000},{"address":"10903.0 21 AVENUE NW","assessed_value":230500},{"address":"1207.0 50 STREET NW","assessed_value":253000},{"address":"2419.0 133 AVENUE NW","assessed_value":282000},{"address":"11926.0 54 STREET NW","assessed_value":306000},{"address":"11307.0 61 STREET NW","assessed_value":462500},{"address":"13226.0 38 STREET NW","assessed_value":247500},{"address":"3502.0 118 AVENUE NW","assessed_value":2101000},{"address":"12314.0 88 STREET NW","assessed_value":309500},{"address":"11303.0 79 STREET NW","assessed_value":183500},{"address":"11435.0 41 AVENUE NW","assessed_value":131000},{"address":"11906.0 65 STREET NW","assessed_value":259500},{"address":"4401.0 116 AVENUE NW","assessed_value":259500},{"address":"nan nan","assessed_value":8000},{"address":"7640.0 YELLOWHEAD TRAIL NW","assessed_value":1791500},{"address":"11844.0 69 STREET NW","assessed_value":282000},{"address":"3731.0 131 AVENUE NW","assessed_value":422500},{"address":"15703.0 85 STREET NW","assessed_value":485000},{"address":"9554.0 108 AVENUE NW","assessed_value":22500},{"address":"3224.0 111 AVENUE NW","assessed_value":383000},{"address":"10610.0 76 STREET NW","assessed_value":221000},{"address":"10903.0 21 AVENUE NW","assessed_value":227000},{"address":"13519.0 26 STREET NW","assessed_value":381000},{"address":"12102.0 65 STREET NW","assessed_value":233000},{"address":"201.0 HABITAT CRESCENT NW","assessed_value":164500},{"address":"11558.0 13 AVENUE NW","assessed_value":582000},{"address":"12007.0 59 STREET NW","assessed_value":278000},{"address":"12316.0 45 STREET NW","assessed_value":382000},{"address":"12239.0 77 STREET NW","assessed_value":323000},{"address":"3907.0 98 STREET NW","assessed_value":241000},{"address":"11240.0 60 STREET NW","assessed_value":462000},{"address":"139.0 DECHENE ROAD NW","assessed_value":487500},{"address":"12336.0 76 STREET NW","assessed_value":322000},{"address":"4033.0 113 AVENUE NW","assessed_value":261000},{"address":"12108.0 87 STREET NW","assessed_value":235500},{"address":"12324.0 83 STREET NW","assessed_value":274000},{"address":"3205.0 132A AVENUE NW","assessed_value":199000},{"address":"11260.0 78 STREET NW","assessed_value":310000},{"address":"7501.0 112 AVENUE NW","assessed_value":293500},{"address":"11229.0 70 STREET NW","assessed_value":352000},{"address":"16229.0 58 STREET NW","assessed_value":385500},{"address":"12419.0 90 STREET NW","assessed_value":306000},{"address":"21.0 WILKIN ROAD NW","assessed_value":500},{"address":"251.0 HARRISON DRIVE NW","assessed_value":179500},{"address":"14244.0 23 STREET NW","assessed_value":370000},{"address":"nan nan","assessed_value":3500},{"address":"12823.0 47 STREET NW","assessed_value":339500},{"address":"14253.0 30 STREET NW","assessed_value":295000},{"address":"12228.0 53 STREET NW","assessed_value":312500},{"address":"11420.0 83 STREET NW","assessed_value":201000},{"address":"21.0 WEST VIEW BOULEVARD NW","assessed_value":25500},{"address":"241.0 HARRISON DRIVE NW","assessed_value":179500},{"address":"6909.0 159A AVENUE NW","assessed_value":484500},{"address":"11911.0 55 STREET NW","assessed_value":298500},{"address":"10904.0 74 STREET NW","assessed_value":400000},{"address":"14645.0 52 STREET NW","assessed_value":235000},{"address":"88.0 CLAREVIEW ROAD NW","assessed_value":365000},{"address":"13906.0 117 STREET NW","assessed_value":163500},{"address":"12808.0 45 STREET NW","assessed_value":343500},{"address":"11716.0 100 AVENUE NW","assessed_value":309500},{"address":"12202.0 43 STREET NW","assessed_value":325000},{"address":"11825.0 52 STREET NW","assessed_value":281500},{"address":"12107.0 37 STREET NW","assessed_value":291500},{"address":"11465.0 41 AVENUE NW","assessed_value":121500},{"address":"3207.0 138 AVENUE NW","assessed_value":274000},{"address":"11726.0 10A AVENUE NW","assessed_value":500500},{"address":"11407.0 89 STREET NW","assessed_value":294500},{"address":"12414.0 86 STREET NW","assessed_value":283000},{"address":"1117.0 HOOKE ROAD NW","assessed_value":180000},{"address":"12120.0 64 STREET NW","assessed_value":225000},{"address":"10604.0 34 STREET NW","assessed_value":75500},{"address":"10311.0 117 STREET NW","assessed_value":503000},{"address":"10607.0 114 STREET NW","assessed_value":84000},{"address":"243.0 WILSON LANE NW","assessed_value":1287500},{"address":"13840.0 26 STREET NW","assessed_value":280500},{"address":"151.0 HYNDMAN CRESCENT NW","assessed_value":367500},{"address":"9918.0 101 STREET NW","assessed_value":137000},{"address":"12002.0 40 STREET NW","assessed_value":281500},{"address":"136.0 HOMESTEAD CRESCENT NW","assessed_value":337000},{"address":"14.0 RIDGEWAY DRIVE NW","assessed_value":31000},{"address":"4425.0 114 AVENUE NW","assessed_value":263000},{"address":"9620.0 174 STREET NW","assessed_value":115500},{"address":"11823.0 57 STREET NW","assessed_value":277500},{"address":"11420.0 40 AVENUE NW","assessed_value":124000},{"address":"11415.0 9 AVENUE NW","assessed_value":532000},{"address":"5008.0 122 AVENUE NW","assessed_value":240000},{"address":"12033.0 86 STREET NW","assessed_value":357500},{"address":"604.0 WEST MOUNT PLACE NW","assessed_value":42000},{"address":"14637.0 52 STREET NW","assessed_value":256000},{"address":"11249.0 84 STREET NW","assessed_value":510000},{"address":"12144.0 61 STREET NW","assessed_value":233000},{"address":"9918.0 101 STREET NW","assessed_value":139000},{"address":"12005.0 40 STREET NW","assessed_value":240500},{"address":"3813.0 110 AVENUE NW","assessed_value":292000},{"address":"11621.0 36 STREET NW","assessed_value":500},{"address":"11825.0 38 STREET NW","assessed_value":690500},{"address":"3503.0 113 AVENUE NW","assessed_value":348000},{"address":"4415.0 124 AVENUE NW","assessed_value":421500},{"address":"11402.0 84 STREET NW","assessed_value":190000},{"address":"3570.0 93 STREET NW","assessed_value":338500},{"address":"2525.0 135 AVENUE NW","assessed_value":182500},{"address":"11825.0 87 STREET NW","assessed_value":239000},{"address":"756.0 ORMSBY ROAD WEST NW","assessed_value":428000},{"address":"6720.0 158 AVENUE NW","assessed_value":117000},{"address":"11850.0 70 STREET NW","assessed_value":168000},{"address":"2733.0 136 AVENUE NW","assessed_value":274000},{"address":"11323.0 86 STREET NW","assessed_value":198500},{"address":"1904.0 MILL WOODS ROAD NW","assessed_value":252000},{"address":"11413.0 63 STREET NW","assessed_value":443000},{"address":"11610.0 38 STREET NW","assessed_value":1500},{"address":"15811.0 67B STREET NW","assessed_value":425000},{"address":"11856.0 58 STREET NW","assessed_value":232500},{"address":"16425.0 109 STREET NW","assessed_value":81500},{"address":"4.0 OAK RIDGE DRIVE NW","assessed_value":32000},{"address":"12218.0 48 STREET NW","assessed_value":377500},{"address":"14627.0 52 STREET NW","assessed_value":245000},{"address":"11214.0 84 STREET NW","assessed_value":122500},{"address":"nan nan","assessed_value":9000},{"address":"11455.0 41 AVENUE NW","assessed_value":126500},{"address":"12137.0 50 STREET NW","assessed_value":363000},{"address":"635.0 EVERGREEN PARK NW","assessed_value":47000},{"address":"9503.0 98 AVENUE NW","assessed_value":670000},{"address":"11917.0 90 STREET NW","assessed_value":268000},{"address":"10508.0 119 STREET NW","assessed_value":214500},{"address":"nan nan","assessed_value":3500},{"address":"12409.0 82 STREET NW","assessed_value":62500},{"address":"1.0 CLAREVIEW VILLAGE NW","assessed_value":152500},{"address":"9704.0 39 AVENUE NW","assessed_value":241000},{"address":"13231.0 41A STREET NW","assessed_value":355000},{"address":"5212.0 25 AVENUE NW","assessed_value":184500},{"address":"13303.0 155 AVENUE NW","assessed_value":434500},{"address":"9640.0 105 STREET NW","assessed_value":299500},{"address":"12207.0 45 STREET NW","assessed_value":313000},{"address":"11841.0 53 STREET NW","assessed_value":446500},{"address":"10520.0 120 STREET NW","assessed_value":157000},{"address":"11121.0 57 STREET NW","assessed_value":531500},{"address":"2530.0 131 AVENUE NW","assessed_value":356000},{"address":"7508.0 111 AVENUE NW","assessed_value":382500},{"address":"4214.0 114 AVENUE NW","assessed_value":306000},{"address":"205.0 HOMESTEAD CRESCENT NW","assessed_value":168000},{"address":"9918.0 101 STREET NW","assessed_value":136500},{"address":"3103.0 139 AVENUE NW","assessed_value":174000},{"address":"12345.0 81 STREET NW","assessed_value":253000},{"address":"2715.0 136 AVENUE NW","assessed_value":254500},{"address":"139.0 CLAREVIEW ROAD NW","assessed_value":578500},{"address":"3619.0 112 AVENUE NW","assessed_value":329000},{"address":"3012.0 105 AVENUE NW","assessed_value":326500},{"address":"8.0 MAPLE TERRACE NW","assessed_value":56000},{"address":"5815.0 162B AVENUE NW","assessed_value":364500},{"address":"6720.0 158 AVENUE NW","assessed_value":118000},{"address":"11804.0 45 STREET NW","assessed_value":900000},{"address":"nan nan","assessed_value":10500},{"address":"5307.0 119 AVENUE NW","assessed_value":306000},{"address":"3605.0 107 AVENUE NW","assessed_value":318500},{"address":"11349.0 67 STREET NW","assessed_value":283000},{"address":"685.0 EVERGREEN PARK NW","assessed_value":43500},{"address":"12025.0 80 STREET NW","assessed_value":199500},{"address":"50.0 ROUND ROAD NW","assessed_value":49000},{"address":"12134.0 79 STREET NW","assessed_value":210500},{"address":"3429.0 136A AVENUE NW","assessed_value":339500},{"address":"4003.0 98 STREET NW","assessed_value":342500},{"address":"300.0 HOOPER CRESCENT NW","assessed_value":240000},{"address":"11516.0 66 STREET NW","assessed_value":343500},{"address":"8805.0 118 AVENUE NW","assessed_value":436500},{"address":"3511.0 103 AVENUE NW","assessed_value":331000},{"address":"11240.0 88 STREET NW","assessed_value":212000},{"address":"103.0 HARRISON DRIVE NW","assessed_value":365000},{"address":"322.0 CLAREVIEW ROAD NW","assessed_value":344000},{"address":"113.0 ABBOTTSFIELD ROAD NW","assessed_value":156000},{"address":"184.0 EVERGREEN PARK NW","assessed_value":15000},{"address":"12604.0 153 AVENUE NW","assessed_value":63500},{"address":"13812.0 34 STREET NW","assessed_value":394500},{"address":"4149.0 134A AVENUE NW","assessed_value":336000},{"address":"43.0 RIDGEWAY DRIVE NW","assessed_value":36500},{"address":"8911.0 120 AVENUE NW","assessed_value":272000},{"address":"117.0 WEST VIEW CRESCENT NW","assessed_value":58000},{"address":"11545.0 87 STREET NW","assessed_value":307500},{"address":"3227.0 130 AVENUE NW","assessed_value":362000},{"address":"11823.0 48 STREET NW","assessed_value":217000},{"address":"3271.0 132A AVENUE NW","assessed_value":199000},{"address":"11241.0 66 STREET NW","assessed_value":300500},{"address":"4210.0 139 AVENUE NW","assessed_value":115500},{"address":"11830.0 40 STREET NW","assessed_value":398000},{"address":"127.0 EVERGREEN PARK NW","assessed_value":40500},{"address":"11421.0 92 STREET NW","assessed_value":195000},{"address":"15.0 HARVEST ROAD NW","assessed_value":347000},{"address":"13427.0 40 STREET NW","assessed_value":206500},{"address":"12245.0 79 STREET NW","assessed_value":273000},{"address":"11329.0 69 STREET NW","assessed_value":301000},{"address":"11321.0 89 STREET NW","assessed_value":217000},{"address":"4140.0 134 AVENUE NW","assessed_value":183500},{"address":"11235.0 88 STREET NW","assessed_value":225500},{"address":"4210.0 139 AVENUE NW","assessed_value":125000},{"address":"8631.0 107 STREET NW","assessed_value":2000},{"address":"12207.0 50 STREET NW","assessed_value":274000},{"address":"12028.0 103 AVENUE NW","assessed_value":238000},{"address":"9918.0 101 STREET NW","assessed_value":120000},{"address":"10520.0 120 STREET NW","assessed_value":156000},{"address":"nan nan","assessed_value":14500},{"address":"88.0 HOWSON CRESCENT NW","assessed_value":512000},{"address":"12055.0 52 STREET NW","assessed_value":224000},{"address":"13518.0 38 STREET NW","assessed_value":253500},{"address":"334.0 EVERGREEN PARK NW","assessed_value":57000},{"address":"10520.0 120 STREET NW","assessed_value":156000},{"address":"11936.0 77 STREET NW","assessed_value":190000},{"address":"12440.0 50 STREET NW","assessed_value":328500},{"address":"11915.0 66 STREET NW","assessed_value":289500},{"address":"15067.0 128 STREET NW","assessed_value":401000},{"address":"3514.0 135 AVENUE NW","assessed_value":11000},{"address":"10860.0 74 STREET NW","assessed_value":293000},{"address":"10751.0 29 AVENUE NW","assessed_value":95500},{"address":"11445.0 41 AVENUE NW","assessed_value":118000},{"address":"3504.0 102 AVENUE NW","assessed_value":391000},{"address":"12033.0 38 STREET NW","assessed_value":194000},{"address":"4216.0 124 AVENUE NW","assessed_value":345000},{"address":"1800.0 WEST OAK WAY NW","assessed_value":40500},{"address":"11442.0 9A AVENUE NW","assessed_value":473500},{"address":"12029.0 63 STREET NW","assessed_value":186000},{"address":"12017.0 50 STREET NW","assessed_value":292500},{"address":"13409.0 43 STREET NW","assessed_value":201000},{"address":"11820.0 68 STREET NW","assessed_value":188000},{"address":"10721.0 SASKATCHEWAN DRIVE NW","assessed_value":418000},{"address":"12208.0 42 STREET NW","assessed_value":353500},{"address":"9630.0 176 STREET NW","assessed_value":265500},{"address":"10511.0 30 STREET NW","assessed_value":336500},{"address":"2902.0 102 AVENUE NW","assessed_value":9000},{"address":"5207.0 122 AVENUE NW","assessed_value":353000},{"address":"2011.0 137 AVENUE NW","assessed_value":288500},{"address":"10923.0 82 AVENUE NW","assessed_value":79500},{"address":"12231.0 56 STREET NW","assessed_value":352500},{"address":"4221.0 114 AVENUE NW","assessed_value":258000},{"address":"499.0 EVERGREEN PARK NW","assessed_value":29500},{"address":"12218.0 38 STREET NW","assessed_value":291500},{"address":"872.0 WEST COAST BAY NW","assessed_value":31000},{"address":"12029.0 37 STREET NW","assessed_value":315000},{"address":"12131.0 66 STREET NW","assessed_value":275500},{"address":"13359.0 154 AVENUE NW","assessed_value":466000},{"address":"18625.0 74 AVENUE NW","assessed_value":446000},{"address":"10910.0 97 AVENUE NW","assessed_value":2000},{"address":"4215.0 123 AVENUE NW","assessed_value":320500},{"address":"11308.0 62 STREET NW","assessed_value":489000},{"address":"12140.0 51 STREET NW","assessed_value":293000},{"address":"11132.0 65 STREET NW","assessed_value":550500},{"address":"11957.0 54 STREET NW","assessed_value":235000},{"address":"482.0 EVERGREEN PARK NW","assessed_value":31500},{"address":"4022.0 117 AVENUE NW","assessed_value":271000},{"address":"135.0 HUMBERSTONE ROAD NW","assessed_value":386000},{"address":"3919.0 132 AVENUE NW","assessed_value":347500},{"address":"11346.0 79 STREET NW","assessed_value":0},{"address":"7.0 WILLOWDALE DRIVE NW","assessed_value":39500},{"address":"11913.0 58 STREET NW","assessed_value":331500},{"address":"12006.0 41 STREET NW","assessed_value":295000},{"address":"11554.0 80 STREET NW","assessed_value":235500},{"address":"11931.0 43 STREET NW","assessed_value":228000},{"address":"3110.0 MERIDIAN STREET SW","assessed_value":768000},{"address":"4210.0 111 AVENUE NW","assessed_value":336500},{"address":"2634.0 LAKEVIEW PLACE NW","assessed_value":35500},{"address":"201.0 DECHENE ROAD NW","assessed_value":523000},{"address":"1408.0 115 STREET NW","assessed_value":720000},{"address":"12721.0 102 STREET NW","assessed_value":53500},{"address":"14123.0 30 STREET NW","assessed_value":253000},{"address":"4707.0 126 AVENUE NW","assessed_value":208000},{"address":"347.0 WEST BROOK WAY NW","assessed_value":28500},{"address":"8508.0 157 AVENUE NW","assessed_value":682000},{"address":"4707.0 127A AVENUE NW","assessed_value":334500},{"address":"14656.0 50 STREET NW","assessed_value":288500},{"address":"16019.0 67 STREET NW","assessed_value":405500},{"address":"526.0 EVERGREEN PARK NW","assessed_value":28000},{"address":"14152.0 26 STREET NW","assessed_value":368000},{"address":"12349.0 67 STREET NW","assessed_value":152500},{"address":"4707.0 131 AVENUE NW","assessed_value":341000},{"address":"3028.0 142 AVENUE NW","assessed_value":339500},{"address":"2528.0 138A AVENUE NW","assessed_value":152500},{"address":"nan nan","assessed_value":8500},{"address":"15499.0 CASTLE DOWNS ROAD NW","assessed_value":186500},{"address":"11338.0 53 STREET NW","assessed_value":279000},{"address":"12201.0 49 STREET NW","assessed_value":314000},{"address":"11425.0 41 AVENUE NW","assessed_value":137000},{"address":"10049.0 166 STREET NW","assessed_value":221500},{"address":"10320.0 29 STREET NW","assessed_value":376500},{"address":"1241.0 HOOKE ROAD NW","assessed_value":180000},{"address":"139.0 HARRISON DRIVE NW","assessed_value":384000},{"address":"8205.0 115 AVENUE NW","assessed_value":183000},{"address":"12211.0 48 STREET NW","assessed_value":362500},{"address":"2419.0 133 AVENUE NW","assessed_value":282000}]