[{"address":"1713.0 ROBERTSON PLACE SW","assessed_value":481500},{"address":"9741.0 110 STREET NW","assessed_value":318000},{"address":"nan nan","assessed_value":8500},{"address":"1739.0 HASWELL COVE NW","assessed_value":665500},{"address":"14016.0 152 AVENUE NW","assessed_value":344500},{"address":"2406.0 33A STREET NW","assessed_value":472000},{"address":"10403.0 98 AVENUE NW","assessed_value":236000},{"address":"20115.0 54 AVENUE NW","assessed_value":433000},{"address":"12949.0 162A AVENUE NW","assessed_value":458000},{"address":"9503.0 101 AVENUE NW","assessed_value":272000},{"address":"20048.0 54A AVENUE NW","assessed_value":341500},{"address":"nan nan","assessed_value":6500},{"address":"14023.0 MANNING DRIVE NW","assessed_value":21000},{"address":"nan nan","assessed_value":9500},{"address":"1311.0 THOMPSON COURT NW","assessed_value":624500},{"address":"1544.0 BLACKMORE WAY SW","assessed_value":816500},{"address":"3562.0 MCLEAN CRESCENT SW","assessed_value":468000},{"address":"nan nan","assessed_value":8500},{"address":"7516.0 162 AVENUE NW","assessed_value":477000},{"address":"706.0 88A STREET SW","assessed_value":382000},{"address":"1307.0 BARNES CLOSE SW","assessed_value":558500},{"address":"4350.0 23 STREET NW","assessed_value":288500},{"address":"1827.0 35 AVENUE NW","assessed_value":422500},{"address":"12919.0 162 AVENUE NW","assessed_value":447500},{"address":"1659.0 JAMHA ROAD NW","assessed_value":336000},{"address":"12827.0 56 STREET NW","assessed_value":1232500},{"address":"1114.0 80 STREET SW","assessed_value":593500},{"address":"312.0 GIBB CLOSE NW","assessed_value":459000},{"address":"362.0 HUDSON BEND NW","assessed_value":514500},{"address":"nan nan","assessed_value":12500},{"address":"13438.0 122 STREET NW","assessed_value":6500},{"address":"nan nan","assessed_value":14500},{"address":"510.0 GEISSINGER LOOP NW","assessed_value":452000},{"address":"2903.0 RABBIT HILL ROAD NW","assessed_value":213500},{"address":"9015.0 157 AVENUE NW","assessed_value":519500},{"address":"1903.0 35A AVENUE NW","assessed_value":466500},{"address":"3239.0 28 AVENUE NW","assessed_value":450500},{"address":"623.0 BECK CLOSE SW","assessed_value":515500},{"address":"144.0 MACEWAN ROAD SW","assessed_value":450500},{"address":"13706.0 38 STREET NW","assessed_value":310500},{"address":"1235.0 ORMSBY LANE NW","assessed_value":501000},{"address":"847.0 BARNES LINK SW","assessed_value":473000},{"address":"1121.0 KLARVATTEN COVE NW","assessed_value":598000},{"address":"9804.0 101 STREET NW","assessed_value":247500},{"address":"2180.0 37B AVENUE NW","assessed_value":466500},{"address":"706.0 90 STREET SW","assessed_value":416500},{"address":"nan nan","assessed_value":6000},{"address":"18242.0 107A STREET NW","assessed_value":440000},{"address":"2021.0 GRANTHAM COURT NW","assessed_value":294000},{"address":"9804.0 101 STREET NW","assessed_value":244500},{"address":"17409.0 94 AVENUE NW","assessed_value":8871500},{"address":"9730.0 174 STREET NW","assessed_value":181000},{"address":"13867.0 37 STREET NW","assessed_value":393500},{"address":"3510.0 24 STREET NW","assessed_value":440500},{"address":"865.0 MCALLISTER CRESCENT SW","assessed_value":403000},{"address":"9828.0 112 STREET NW","assessed_value":280500},{"address":"15215.0 49 STREET NW","assessed_value":511000},{"address":"7505.0 165A AVENUE NW","assessed_value":1000},{"address":"3209.0 LAKEWOOD CLOSE NW","assessed_value":83500},{"address":"11025.0 JASPER AVENUE NW","assessed_value":86000},{"address":"3317.0 32 AVENUE NW","assessed_value":763500},{"address":"863.0 DRYSDALE RUN NW","assessed_value":1054500},{"address":"6751.0 164 AVENUE NW","assessed_value":425000},{"address":"nan nan","assessed_value":8500},{"address":"5068.0 THIBAULT WAY NW","assessed_value":522500},{"address":"10935.0 6 AVENUE SW","assessed_value":55000},{"address":"2121.0 GARNETT PLACE NW","assessed_value":489500},{"address":"5008.0 DONSDALE DRIVE NW","assessed_value":1157000},{"address":"11025.0 JASPER AVENUE NW","assessed_value":124000},{"address":"204.0 SHEPPARD COURT SW","assessed_value":604500},{"address":"1904.0 HOLMAN PLACE NW","assessed_value":599000},{"address":"nan nan","assessed_value":17500},{"address":"1913.0 36 AVENUE NW","assessed_value":393500},{"address":"8743.0 166 AVENUE NW","assessed_value":588500},{"address":"10221.0 111 STREET NW","assessed_value":278000},{"address":"8922.0 156 STREET NW","assessed_value":220000},{"address":"630.0 88A STREET SW","assessed_value":410500},{"address":"11033.0 127 STREET NW","assessed_value":150000},{"address":"417.0 86 STREET SW","assessed_value":494500},{"address":"nan nan","assessed_value":13000},{"address":"5227.0 201 STREET NW","assessed_value":429000},{"address":"908.0 THOMPSON PLACE NW","assessed_value":713500},{"address":"1908.0 37 AVENUE NW","assessed_value":399000},{"address":"2420.0 108 STREET NW","assessed_value":145500},{"address":"570.0 SADDLEBACK ROAD NW","assessed_value":231500},{"address":"12208.0 17 AVENUE SW","assessed_value":387000},{"address":"719.0 DALHOUSIE WAY NW","assessed_value":713000},{"address":"nan nan","assessed_value":9500},{"address":"3512.0 25 STREET NW","assessed_value":537500},{"address":"nan nan","assessed_value":9000},{"address":"592.0 HOOKE ROAD NW","assessed_value":191500},{"address":"8942.0 156 STREET NW","assessed_value":6500},{"address":"677.0 EVERGREEN PARK NW","assessed_value":76000},{"address":"12206.0 17 AVENUE SW","assessed_value":421500},{"address":"10951.0 124 STREET NW","assessed_value":211000},{"address":"15118.0 45 STREET NW","assessed_value":458500},{"address":"3224.0 28 AVENUE NW","assessed_value":437000},{"address":"1017.0 MACEWAN CLOSE SW","assessed_value":451500},{"address":"16823.0 84 STREET NW","assessed_value":232500},{"address":"15205.0 49A STREET NW","assessed_value":478000},{"address":"2708.0 195 AVENUE NW","assessed_value":1442500},{"address":"405.0 HUDSON COURT NW","assessed_value":341500},{"address":"nan nan","assessed_value":4500},{"address":"4544.0 TURNER SQUARE NW","assessed_value":434500},{"address":"16516.0 69 STREET NW","assessed_value":528000},{"address":"9741.0 110 STREET NW","assessed_value":309500},{"address":"10309.0 107 STREET NW","assessed_value":382500},{"address":"1265.0 ORMSBY LANE NW","assessed_value":524000},{"address":"535.0 101 STREET SW","assessed_value":1004000},{"address":"10185.0 115 STREET NW","assessed_value":14138500},{"address":"4350.0 23 STREET NW","assessed_value":317500},{"address":"8942.0 156 STREET NW","assessed_value":253500},{"address":"539.0 BYRNE CRESCENT SW","assessed_value":782500},{"address":"8009.0 166A AVENUE NW","assessed_value":501500},{"address":"729.0 88A STREET SW","assessed_value":422000},{"address":"1913.0 HOLMAN PLACE NW","assessed_value":606000},{"address":"16823.0 84 STREET NW","assessed_value":229500},{"address":"622.0 SILVER BERRY ROAD NW","assessed_value":500500},{"address":"nan nan","assessed_value":8500},{"address":"4405.0 151 AVENUE NW","assessed_value":436000},{"address":"1726.0 HASWELL COVE NW","assessed_value":724500},{"address":"6511.0 177 STREET NW","assessed_value":8974000},{"address":"14036.0 152 AVENUE NW","assessed_value":372500},{"address":"9325.0 104 AVENUE NW","assessed_value":60000},{"address":"3122.0 35A AVENUE NW","assessed_value":539000},{"address":"12714.0 102 STREET NW","assessed_value":248000},{"address":"nan nan","assessed_value":8500},{"address":"nan nan","assessed_value":9500},{"address":"nan nan","assessed_value":6000},{"address":"nan nan","assessed_value":6000},{"address":"2060.0 BRENNAN CRESCENT NW","assessed_value":523000},{"address":"4410.0 151 AVENUE NW","assessed_value":423500},{"address":"2021.0 GRANTHAM COURT NW","assessed_value":294000},{"address":"657.0 GEISSINGER ROAD NW","assessed_value":526000},{"address":"5054.0 THIBAULT WAY NW","assessed_value":465500},{"address":"nan nan","assessed_value":7000},{"address":"1160.0 SUMMERSIDE DRIVE SW","assessed_value":497000},{"address":"nan nan","assessed_value":13000},{"address":"8513.0 6 AVENUE SW","assessed_value":546000},{"address":"10153.0 117 STREET NW","assessed_value":243500},{"address":"nan nan","assessed_value":7000},{"address":"6716.0 75 STREET NW","assessed_value":513500},{"address":"8735.0 101 AVENUE NW","assessed_value":737500},{"address":"nan nan","assessed_value":3000},{"address":"9938.0 104 STREET NW","assessed_value":219000},{"address":"nan nan","assessed_value":9000},{"address":"210.0 SASKATCHEWAN DRIVE SOUTH NW","assessed_value":1272000},{"address":"17496.0 107 STREET NW","assessed_value":494000},{"address":"nan nan","assessed_value":9000},{"address":"1114.0 KLARVATTEN COVE NW","assessed_value":429500},{"address":"2209.0 BAKER CLOSE SW","assessed_value":488000},{"address":"13904.0 157 AVENUE NW","assessed_value":371500},{"address":"10808.0 6 AVENUE SW","assessed_value":717000},{"address":"7115.0 163 AVENUE NW","assessed_value":501000},{"address":"3518.0 22 STREET NW","assessed_value":427000},{"address":"409.0 HUNTERS GREEN NW","assessed_value":561000},{"address":"nan nan","assessed_value":6000},{"address":"3509.0 21 STREET NW","assessed_value":447000},{"address":"3746.0 21 STREET NW","assessed_value":337000},{"address":"860.0 DRYSDALE RUN NW","assessed_value":770000},{"address":"12219.0 17 AVENUE SW","assessed_value":408500},{"address":"1038.0 RUTHERFORD PLACE SW","assessed_value":531500},{"address":"10009.0 101A AVENUE NW","assessed_value":866500},{"address":"2311.0 RUTHERFORD WAY SW","assessed_value":526500},{"address":"15003.0 135 STREET NW","assessed_value":376000},{"address":"237.0 YOUVILLE DRIVE EAST NW","assessed_value":207500},{"address":"nan nan","assessed_value":3000},{"address":"715.0 107A STREET SW","assessed_value":606500},{"address":"4414.0 150 AVENUE NW","assessed_value":391000},{"address":"2631.0 33 STREET NW","assessed_value":396500},{"address":"732.0 88 STREET SW","assessed_value":413000},{"address":"4700.0 104 AVENUE NW","assessed_value":4000},{"address":"9008.0 99 AVENUE NW","assessed_value":312000},{"address":"10918.0 184 STREET NW","assessed_value":10238500},{"address":"9704.0 174 STREET NW","assessed_value":184000},{"address":"617.0 TODD LINK NW","assessed_value":766500},{"address":"14651.0 137 STREET NW","assessed_value":607500},{"address":"628.0 88 STREET SW","assessed_value":364500},{"address":"6545.0 111 STREET NW","assessed_value":179500},{"address":"12223.0 17 AVENUE SW","assessed_value":420500},{"address":"1034.0 RUTHERFORD PLACE SW","assessed_value":533500},{"address":"3787.0 21 STREET NW","assessed_value":465500},{"address":"2932.0 MCPHADDEN WAY SW","assessed_value":514500},{"address":"2325.0 TAYLOR CLOSE NW","assessed_value":566500},{"address":"215.0 GALLAND CLOSE NW","assessed_value":702000},{"address":"nan nan","assessed_value":8500},{"address":"nan nan","assessed_value":7500},{"address":"nan nan","assessed_value":8500},{"address":"15133.0 43 STREET NW","assessed_value":437500},{"address":"nan nan","assessed_value":8500},{"address":"nan nan","assessed_value":12500},{"address":"nan nan","assessed_value":12500},{"address":"12911.0 GRAND VIEW DRIVE NW","assessed_value":8500},{"address":"592.0 SADDLEBACK ROAD NW","assessed_value":221000},{"address":"10221.0 111 STREET NW","assessed_value":287500},{"address":"1837.0 99 STREET NW","assessed_value":5458500},{"address":"7807.0 12 AVENUE SW","assessed_value":449000},{"address":"nan nan","assessed_value":9000},{"address":"6908.0 166 AVENUE NW","assessed_value":428000},{"address":"8928.0 175 AVENUE NW","assessed_value":382500},{"address":"2147.0 BRENNAN CRESCENT NW","assessed_value":422500},{"address":"16208.0 53 STREET NW","assessed_value":398500},{"address":"17235.0 91 STREET NW","assessed_value":379000},{"address":"10330.0 113 STREET NW","assessed_value":89500},{"address":"nan nan","assessed_value":6000},{"address":"9938.0 104 STREET NW","assessed_value":237500},{"address":"887.0 GRAHAM WYND NW","assessed_value":452500},{"address":"8942.0 156 STREET NW","assessed_value":6500},{"address":"412.0 EVERGREEN PARK NW","assessed_value":61500},{"address":"nan nan","assessed_value":3000},{"address":"8612.0 8 AVENUE SW","assessed_value":472000},{"address":"2021.0 GRANTHAM COURT NW","assessed_value":304000},{"address":"13007.0 101 STREET NW","assessed_value":317000},{"address":"3120.0 32 AVENUE NW","assessed_value":413500},{"address":"150.0 KARL CLARK ROAD NW","assessed_value":5844000},{"address":"nan nan","assessed_value":7500},{"address":"16823.0 84 STREET NW","assessed_value":228500},{"address":"nan nan","assessed_value":9500},{"address":"420.0 HUNTERS GREEN NW","assessed_value":332000},{"address":"nan nan","assessed_value":7500},{"address":"9947.0 SASKATCHEWAN DRIVE NW","assessed_value":13589000},{"address":"nan nan","assessed_value":14500},{"address":"9741.0 110 STREET NW","assessed_value":318000},{"address":"10829.0 181 STREET NW","assessed_value":3687000},{"address":"11109.0 84 AVENUE NW","assessed_value":325500},{"address":"8745.0 5 AVENUE SW","assessed_value":476000},{"address":"8721.0 12 AVENUE SW","assessed_value":552000},{"address":"10909.0 106 STREET NW","assessed_value":248000},{"address":"103.0 CALDWELL WAY NW","assessed_value":810000},{"address":"2420.0 108 STREET NW","assessed_value":182000},{"address":"10106.0 105 STREET NW","assessed_value":67500},{"address":"9741.0 110 STREET NW","assessed_value":307500},{"address":"10836.0 8 AVENUE SW","assessed_value":542000},{"address":"11409.0 167B AVENUE NW","assessed_value":436000},{"address":"nan nan","assessed_value":13000},{"address":"707.0 GREEN WYND NW","assessed_value":501000},{"address":"15406.0 138 STREET NW","assessed_value":418000},{"address":"nan nan","assessed_value":4500},{"address":"8108.0 109 STREET NW","assessed_value":240000},{"address":"3615.0 130 AVENUE NW","assessed_value":468500},{"address":"nan nan","assessed_value":9000},{"address":"9704.0 174 STREET NW","assessed_value":181500},{"address":"2405.0 TEGLER GREEN NW","assessed_value":1343500},{"address":"10842.0 107 STREET NW","assessed_value":67000},{"address":"13729.0 37 STREET NW","assessed_value":401000},{"address":"1217.0 HALIBURTON CLOSE NW","assessed_value":632000},{"address":"2120.0 GARNETT CLOSE NW","assessed_value":465500},{"address":"1155.0 BARNES WAY SW","assessed_value":490500},{"address":"10106.0 105 STREET NW","assessed_value":102000},{"address":"3223.0 28A AVENUE NW","assessed_value":454500},{"address":"2224.0 BAKER CLOSE SW","assessed_value":570000},{"address":"11111.0 82 AVENUE NW","assessed_value":364500},{"address":"9320.0 162 AVENUE NW","assessed_value":394000},{"address":"15204.0 45 STREET NW","assessed_value":551500},{"address":"436.0 SPARLING COURT SW","assessed_value":702000},{"address":"3231.0 LAKEWOOD CLOSE NW","assessed_value":139500},{"address":"462.0 HODGSON BOULEVARD NW","assessed_value":49000},{"address":"2335.0 TAYLOR CLOSE NW","assessed_value":699500},{"address":"8924.0 100 AVENUE NW","assessed_value":613500},{"address":"1156.0 BARNES WAY SW","assessed_value":330000},{"address":"3380.0 28A AVENUE NW","assessed_value":257000},{"address":"9741.0 110 STREET NW","assessed_value":301000},{"address":"14803.0 MILLER BOULEVARD NW","assessed_value":289000},{"address":"nan nan","assessed_value":17500},{"address":"13055.0 35 STREET NW","assessed_value":401000},{"address":"7220.0 144 AVENUE NW","assessed_value":82500},{"address":"nan nan","assessed_value":8000},{"address":"nan nan","assessed_value":9000},{"address":"7426.0 162 AVENUE NW","assessed_value":568000},{"address":"16611.0 79 STREET NW","assessed_value":454000},{"address":"7310.0 130 AVENUE NW","assessed_value":8500},{"address":"nan nan","assessed_value":8500},{"address":"4208.0 TERWILLEGAR VISTA NW","assessed_value":376500},{"address":"nan nan","assessed_value":6000},{"address":"10153.0 117 STREET NW","assessed_value":182500},{"address":"345.0 KIRKNESS ROAD NW","assessed_value":247500},{"address":"11837.0 88 STREET NW","assessed_value":1930000},{"address":"4607.0 TURNER SQUARE NW","assessed_value":430500},{"address":"1920.0 99 STREET NW","assessed_value":24688000},{"address":"10403.0 98 AVENUE NW","assessed_value":206000},{"address":"9120.0 156 STREET NW","assessed_value":119500},{"address":"nan nan","assessed_value":8000},{"address":"4316.0 MCMULLEN WAY SW","assessed_value":442500},{"address":"1144.0 BARNES WAY SW","assessed_value":336500},{"address":"2021.0 GRANTHAM COURT NW","assessed_value":291500},{"address":"1812.0 ROBERTSON CRESCENT SW","assessed_value":509000},{"address":"10618.0 175A AVENUE NW","assessed_value":477000},{"address":"1621.0 GLASTONBURY BOULEVARD NW","assessed_value":501000},{"address":"657.0 DALHOUSIE CRESCENT NW","assessed_value":649000},{"address":"nan nan","assessed_value":4500},{"address":"2741.0 55 STREET NW","assessed_value":171500},{"address":"10134.0 100 STREET NW","assessed_value":154000},{"address":"2422.0 32B STREET NW","assessed_value":448500},{"address":"6527.0 GATEWAY BOULEVARD NW","assessed_value":543000},{"address":"nan nan","assessed_value":12500},{"address":"3108.0 34B AVENUE NW","assessed_value":519500},{"address":"1852.0 GARNETT WAY NW","assessed_value":438000},{"address":"7814.0 166A AVENUE NW","assessed_value":415000},{"address":"1614.0 BLACKMORE COURT SW","assessed_value":642000},{"address":"11260.0 153 AVENUE NW","assessed_value":320000},{"address":"8942.0 156 STREET NW","assessed_value":220500},{"address":"13516.0 159 AVENUE NW","assessed_value":539500},{"address":"11025.0 JASPER AVENUE NW","assessed_value":116500},{"address":"4715.0 151 AVENUE NW","assessed_value":431000},{"address":"nan nan","assessed_value":8000},{"address":"15303.0 138 STREET NW","assessed_value":383500},{"address":"16028.0 90 STREET NW","assessed_value":323500},{"address":"3310.0 MCPHADDEN CLOSE SW","assessed_value":466000},{"address":"9014.0 156A AVENUE NW","assessed_value":557500},{"address":"1435.0 BISHOP POINT SW","assessed_value":963000},{"address":"20129.0 53 AVENUE NW","assessed_value":410500},{"address":"1561.0 HECTOR ROAD NW","assessed_value":830500},{"address":"3225.0 33A STREET NW","assessed_value":468500},{"address":"317.0 CALDERON CRESCENT NW","assessed_value":456500},{"address":"nan nan","assessed_value":7000},{"address":"3446.0 LAKEVIEW POINT NW","assessed_value":92500},{"address":"nan nan","assessed_value":8500},{"address":"609.0 GEISSINGER ROAD NW","assessed_value":505500},{"address":"8782.0 5 AVENUE SW","assessed_value":550500},{"address":"9815.0 96A STREET NW","assessed_value":314500},{"address":"174.0 MACEWAN ROAD SW","assessed_value":421000},{"address":"592.0 HOOKE ROAD NW","assessed_value":171500},{"address":"365.0 CALDERON CRESCENT NW","assessed_value":532000},{"address":"712.0 PORTER COURT NW","assessed_value":634500},{"address":"345.0 KIRKNESS ROAD NW","assessed_value":258500},{"address":"nan nan","assessed_value":12500},{"address":"9008.0 99 AVENUE NW","assessed_value":290500},{"address":"1684.0 TOMPKINS PLACE NW","assessed_value":426500},{"address":"1118.0 84 STREET SW","assessed_value":511500},{"address":"nan nan","assessed_value":7000},{"address":"451.0 GIBB WYND NW","assessed_value":410500},{"address":"2741.0 55 STREET NW","assessed_value":152000},{"address":"4020.0 21 STREET NW","assessed_value":273000},{"address":"nan nan","assessed_value":6500},{"address":"10707.0 102 AVENUE NW","assessed_value":187500},{"address":"2410.0 BOWEN WYND SW","assessed_value":554000},{"address":"201.0 142 STREET SW","assessed_value":1500},{"address":"163.0 HAYWARD CRESCENT NW","assessed_value":509000},{"address":"4606.0 TURNER SQUARE NW","assessed_value":416500},{"address":"5023.0 201 STREET NW","assessed_value":559000},{"address":"171.0 GALLAND CRESCENT NW","assessed_value":534500},{"address":"1815.0 37A AVENUE NW","assessed_value":438000},{"address":"17304.0 90 STREET NW","assessed_value":414000},{"address":"7606.0 166A AVENUE NW","assessed_value":411000},{"address":"2075.0 BLACKMUD CREEK DRIVE SW","assessed_value":672500},{"address":"1504.0 PALMER CLOSE NW","assessed_value":607000},{"address":"137.0 HAYWARD CRESCENT NW","assessed_value":634000},{"address":"743.0 TODD LANDING NW","assessed_value":848000},{"address":"1027.0 MACEWAN CLOSE SW","assessed_value":477000},{"address":"10308.0 114 STREET NW","assessed_value":255500},{"address":"650.0 DALHOUSIE CRESCENT NW","assessed_value":723500},{"address":"8516.0 173 AVENUE NW","assessed_value":342500},{"address":"8103.0 29 AVENUE NW","assessed_value":11439500},{"address":"9513.0 98 AVENUE NW","assessed_value":482000},{"address":"12216.0 17 AVENUE SW","assessed_value":404000},{"address":"9621.0 143A STREET NW","assessed_value":6500},{"address":"6760.0 166 AVENUE NW","assessed_value":406000},{"address":"18735.0 127 STREET NW","assessed_value":785500},{"address":"1315.0 GEORGE CLOSE NW","assessed_value":430000},{"address":"8813.0 88 AVENUE NW","assessed_value":447000},{"address":"2903.0 RABBIT HILL ROAD NW","assessed_value":182500},{"address":"182.0 HADDOW CLOSE NW","assessed_value":224500},{"address":"16012.0 38 STREET NW","assessed_value":380500},{"address":"9819.0 96A STREET NW","assessed_value":412500},{"address":"nan nan","assessed_value":4500},{"address":"16222.0 84 STREET NW","assessed_value":552500},{"address":"738.0 DALHOUSIE WAY NW","assessed_value":698500},{"address":"3786.0 21 STREET NW","assessed_value":448000},{"address":"2505.0 42 STREET NW","assessed_value":188000},{"address":"1875.0 HOLMAN CRESCENT NW","assessed_value":556500},{"address":"21342.0 87A AVENUE NW","assessed_value":421500},{"address":"2622.0 33A STREET NW","assessed_value":420000},{"address":"14852.0 139 STREET NW","assessed_value":440000},{"address":"9927.0 89 STREET NW","assessed_value":656500},{"address":"918.0 THOMPSON PLACE NW","assessed_value":675000},{"address":"10225.0 114 STREET NW","assessed_value":110500},{"address":"nan nan","assessed_value":6500},{"address":"9008.0 99 AVENUE NW","assessed_value":289000},{"address":"16415.0 77 STREET NW","assessed_value":384000},{"address":"1522.0 BLACKMORE WAY SW","assessed_value":1059500},{"address":"1611.0 BLACKMORE COURT SW","assessed_value":645000},{"address":"9008.0 99 AVENUE NW","assessed_value":314500},{"address":"7220.0 144 AVENUE NW","assessed_value":62000},{"address":"10048.0 90 STREET NW","assessed_value":744500},{"address":"2108.0 GARNETT PLACE NW","assessed_value":488000},{"address":"203.0 WESTRIDGE ROAD NW","assessed_value":9000},{"address":"9003.0 88 AVENUE NW","assessed_value":3062000},{"address":"11025.0 JASPER AVENUE NW","assessed_value":117500},{"address":"11845.0 71 STREET NW","assessed_value":329000},{"address":"nan nan","assessed_value":6500},{"address":"3753.0 20 STREET NW","assessed_value":357000},{"address":"17332.0 115 STREET NW","assessed_value":496500},{"address":"324.0 CALDWELL CLOSE NW","assessed_value":1231500},{"address":"3522.0 24 STREET NW","assessed_value":461000},{"address":"312.0 85 STREET SW","assessed_value":380500},{"address":"1675.0 TOMLINSON COMMON NW","assessed_value":668000},{"address":"535.0 HUNTERS GREEN NW","assessed_value":531000},{"address":"2305.0 BAILEY COURT SW","assessed_value":520500},{"address":"4524.0 TURNER SQUARE NW","assessed_value":417500},{"address":"12604.0 153 AVENUE NW","assessed_value":178000},{"address":"3123.0 32 AVENUE NW","assessed_value":402000},{"address":"11819.0 173 AVENUE NW","assessed_value":495500},{"address":"9024.0 161 AVENUE NW","assessed_value":504000},{"address":"8419.0 6 AVENUE SW","assessed_value":449000},{"address":"1281.0 91 STREET SW","assessed_value":3584000},{"address":"5103.0 200 STREET NW","assessed_value":659000},{"address":"1890.0 GARNETT WAY NW","assessed_value":456500},{"address":"10141.0 95 STREET NW","assessed_value":273000},{"address":"942.0 PROCTOR WYND NW","assessed_value":604000},{"address":"1724.0 HASWELL COVE NW","assessed_value":718500},{"address":"nan nan","assessed_value":6500},{"address":"1131.0 KLARVATTEN COVE NW","assessed_value":468000},{"address":"nan nan","assessed_value":12000},{"address":"2909.0 33A STREET NW","assessed_value":482500},{"address":"592.0 HOOKE ROAD NW","assessed_value":240500},{"address":"8819.0 99 AVENUE NW","assessed_value":970500},{"address":"2420.0 108 STREET NW","assessed_value":194000},{"address":"16126.0 128A STREET NW","assessed_value":462000},{"address":"nan nan","assessed_value":6000},{"address":"nan nan","assessed_value":7500},{"address":"16235.0 53 STREET NW","assessed_value":430000},{"address":"nan nan","assessed_value":8500},{"address":"3752.0 24 STREET NW","assessed_value":349500},{"address":"225.0 BLACKBURN DRIVE EAST SW","assessed_value":256000},{"address":"3101.0 LAKEWOOD CRESCENT NW","assessed_value":104500},{"address":"205.0 SHEPPARD COURT SW","assessed_value":639500},{"address":"7017.0 141 AVENUE NW","assessed_value":8500},{"address":"661.0 DALHOUSIE CRESCENT NW","assessed_value":617000},{"address":"2903.0 RABBIT HILL ROAD NW","assessed_value":216500},{"address":"9327.0 35 AVENUE NW","assessed_value":478000},{"address":"10265.0 107 STREET NW","assessed_value":240000},{"address":"nan nan","assessed_value":17000},{"address":"18503.0 127 STREET NW","assessed_value":1595500},{"address":"10014.0 164 STREET NW","assessed_value":285500},{"address":"nan nan","assessed_value":7000},{"address":"623.0 DARTMOUTH POINT NW","assessed_value":886500},{"address":"nan nan","assessed_value":8500},{"address":"656.0 WINDROSS CRESCENT NW","assessed_value":440000},{"address":"66.0 THE PARKWAY NW","assessed_value":86000},{"address":"3704.0 161 AVENUE NW","assessed_value":482500},{"address":"20219.0 54 AVENUE NW","assessed_value":401500},{"address":"2135.0 BRENNAN CRESCENT NW","assessed_value":465000},{"address":"nan nan","assessed_value":6500},{"address":"3104.0 31 AVENUE NW","assessed_value":343000},{"address":"9815.0 96A STREET NW","assessed_value":395000},{"address":"1652.0 GLASTONBURY BOULEVARD NW","assessed_value":863500},{"address":"7803.0 11 AVENUE SW","assessed_value":409000},{"address":"20004.0 54A AVENUE NW","assessed_value":345000},{"address":"5069.0 THIBAULT WAY NW","assessed_value":544000},{"address":"438.0 HODGSON BOULEVARD NW","assessed_value":640500},{"address":"116.0 EVERGREEN PARK NW","assessed_value":67500},{"address":"10309.0 107 STREET NW","assessed_value":263500},{"address":"592.0 HOOKE ROAD NW","assessed_value":175500},{"address":"592.0 HOOKE ROAD NW","assessed_value":189500},{"address":"1715.0 ROBERTSON PLACE SW","assessed_value":463500},{"address":"10707.0 102 AVENUE NW","assessed_value":180500},{"address":"13823.0 150 AVENUE NW","assessed_value":510500},{"address":"11408.0 108 AVENUE NW","assessed_value":175000},{"address":"15417.0 137A STREET NW","assessed_value":343500},{"address":"1807.0 37C AVENUE NW","assessed_value":479000},{"address":"nan nan","assessed_value":13000},{"address":"10909.0 106 STREET NW","assessed_value":251500},{"address":"3267.0 28 AVENUE NW","assessed_value":443000},{"address":"480.0 OZERNA ROAD NW","assessed_value":493000},{"address":"11527.0 167A AVENUE NW","assessed_value":397500},{"address":"8956.0 156 STREET NW","assessed_value":257000},{"address":"11103.0 84 AVENUE NW","assessed_value":324500},{"address":"6310.0 147 STREET NW","assessed_value":4000},{"address":"10403.0 132 AVENUE NW","assessed_value":5146000},{"address":"12806.0 123A STREET NW","assessed_value":323000},{"address":"4521.0 TURNER SQUARE NW","assessed_value":441500},{"address":"11133.0 101 STREET NW","assessed_value":247500},{"address":"13840.0 147 AVENUE NW","assessed_value":504500},{"address":"3434.0 MCKAY LANE SW","assessed_value":344500},{"address":"15219.0 45 STREET NW","assessed_value":530500},{"address":"9704.0 174 STREET NW","assessed_value":186000},{"address":"16535.0 75 STREET NW","assessed_value":497500},{"address":"11211.0 85 STREET NW","assessed_value":104500},{"address":"3127.0 33 AVENUE NW","assessed_value":421000},{"address":"16060.0 95 STREET NW","assessed_value":418500},{"address":"14904.0 138 STREET NW","assessed_value":625000},{"address":"850.0 BARNES LINK SW","assessed_value":472000},{"address":"nan nan","assessed_value":18000},{"address":"827.0 BARNES LINK SW","assessed_value":463500},{"address":"9730.0 174 STREET NW","assessed_value":170000},{"address":"12847.0 58 STREET NW","assessed_value":1476000},{"address":"9938.0 104 STREET NW","assessed_value":197000},{"address":"4705.0 151A AVENUE NW","assessed_value":474500},{"address":"2132.0 HADDOW DRIVE NW","assessed_value":669500},{"address":"249.0 GALLAND CLOSE NW","assessed_value":1224000},{"address":"582.0 STEWART CRESCENT SW","assessed_value":797500},{"address":"2025.0 GARNETT WAY NW","assessed_value":451500},{"address":"9863.0 103 AVENUE NW","assessed_value":500},{"address":"10403.0 98 AVENUE NW","assessed_value":242000},{"address":"591.0 STEWART CRESCENT SW","assessed_value":728500},{"address":"9325.0 104 AVENUE NW","assessed_value":60000},{"address":"1955.0 GARNETT WAY NW","assessed_value":419000},{"address":"8942.0 156 STREET NW","assessed_value":6500},{"address":"312.0 EVERGREEN PARK NW","assessed_value":57000},{"address":"9008.0 99 AVENUE NW","assessed_value":295500},{"address":"2142.0 HADDOW DRIVE NW","assessed_value":562000},{"address":"1508.0 HASWELL CLOSE NW","assessed_value":876500},{"address":"1634.0 HECTOR ROAD NW","assessed_value":634500},{"address":"13803.0 158 AVENUE NW","assessed_value":433000},{"address":"3104.0 116A AVENUE NW","assessed_value":20521500},{"address":"nan nan","assessed_value":7500},{"address":"nan nan","assessed_value":6500},{"address":"nan nan","assessed_value":9000},{"address":"1583.0 HECTOR ROAD NW","assessed_value":1012000},{"address":"315.0 84 STREET SW","assessed_value":382000},{"address":"611.0 88 STREET SW","assessed_value":420000},{"address":"11010.0 124 STREET NW","assessed_value":76500},{"address":"nan nan","assessed_value":4500},{"address":"15012.0 137 STREET NW","assessed_value":378000},{"address":"1818.0 35 AVENUE NW","assessed_value":441000},{"address":"706.0 HOOKE PLACE NW","assessed_value":381000},{"address":"15615.0 135 STREET NW","assessed_value":563000},{"address":"12759.0 136 STREET NW","assessed_value":380000},{"address":"nan nan","assessed_value":4000},{"address":"1217.0 SUMMERSIDE DRIVE SW","assessed_value":658000},{"address":"nan nan","assessed_value":9000},{"address":"7220.0 144 AVENUE NW","assessed_value":65000},{"address":"2515.0 WEST PORT ROAD NW","assessed_value":78000},{"address":"7917.0 12 AVENUE SW","assessed_value":445000},{"address":"nan nan","assessed_value":9000},{"address":"707.0 EVERGREEN PARK NW","assessed_value":53500},{"address":"nan nan","assessed_value":500},{"address":"11109.0 84 AVENUE NW","assessed_value":322000},{"address":"nan nan","assessed_value":7000},{"address":"nan nan","assessed_value":17000},{"address":"1090.0 TORY ROAD NW","assessed_value":521000},{"address":"9828.0 112 STREET NW","assessed_value":309500},{"address":"16363.0 87 STREET NW","assessed_value":506500},{"address":"nan nan","assessed_value":12000},{"address":"8611.0 7 AVENUE SW","assessed_value":455000},{"address":"2021.0 GRANTHAM COURT NW","assessed_value":292500},{"address":"11260.0 153 AVENUE NW","assessed_value":292000},{"address":"13636.0 128 AVENUE NW","assessed_value":438000},{"address":"15212.0 47 STREET NW","assessed_value":439500},{"address":"11211.0 85 STREET NW","assessed_value":103500},{"address":"nan nan","assessed_value":13000},{"address":"3116.0 35B AVENUE NW","assessed_value":530000},{"address":"nan nan","assessed_value":7000},{"address":"1910.0 ROBERTSON CRESCENT SW","assessed_value":562500},{"address":"592.0 HOOKE ROAD NW","assessed_value":154000},{"address":"nan nan","assessed_value":9000},{"address":"12206.0 16 AVENUE SW","assessed_value":355500},{"address":"10169.0 104 STREET NW","assessed_value":477000},{"address":"10413.0 182A AVENUE NW","assessed_value":515000},{"address":"814.0 MCALLISTER CRESCENT SW","assessed_value":403000},{"address":"16228.0 77 STREET NW","assessed_value":474000},{"address":"11008.0 124 STREET NW","assessed_value":78000},{"address":"1831.0 GARNETT WAY NW","assessed_value":451500},{"address":"2505.0 42 STREET NW","assessed_value":188000},{"address":"6904.0 75 STREET NW","assessed_value":11500},{"address":"10046.0 110 STREET NW","assessed_value":251500},{"address":"nan nan","assessed_value":6000},{"address":"6703.0 172 STREET NW","assessed_value":200000},{"address":"4936.0 201 STREET NW","assessed_value":534500},{"address":"4613.0 TURNER SQUARE NW","assessed_value":412000},{"address":"8942.0 156 STREET NW","assessed_value":277000},{"address":"nan nan","assessed_value":8000},{"address":"592.0 HOOKE ROAD NW","assessed_value":163500},{"address":"9830.0 32 AVENUE NW","assessed_value":7272000},{"address":"1534.0 BLACKMORE WAY SW","assessed_value":790000},{"address":"10909.0 106 STREET NW","assessed_value":307000},{"address":"10309.0 107 STREET NW","assessed_value":262000},{"address":"21312.0 88 AVENUE NW","assessed_value":415000},{"address":"11260.0 153 AVENUE NW","assessed_value":314500},{"address":"10153.0 117 STREET NW","assessed_value":214500},{"address":"16104.0 129 STREET NW","assessed_value":440000},{"address":"15216.0 45 STREET NW","assessed_value":479500},{"address":"18208.0 107 STREET NW","assessed_value":457000},{"address":"nan nan","assessed_value":8500},{"address":"9507.0 101 AVENUE NW","assessed_value":241500},{"address":"nan nan","assessed_value":4000},{"address":"nan nan","assessed_value":8500},{"address":"16933.0 115 STREET NW","assessed_value":263000},{"address":"4794.0 TERWILLEGAR COMMON NW","assessed_value":332500},{"address":"10221.0 111 STREET NW","assessed_value":330500},{"address":"142.0 LAURIER DRIVE NW","assessed_value":10000},{"address":"9828.0 112 STREET NW","assessed_value":283500},{"address":"5347.0 TERWILLEGAR BOULEVARD NW","assessed_value":440500},{"address":"2903.0 RABBIT HILL ROAD NW","assessed_value":209000},{"address":"nan nan","assessed_value":7500},{"address":"14912.0 137 STREET NW","assessed_value":437000},{"address":"10848.0 8 AVENUE SW","assessed_value":434500},{"address":"nan nan","assessed_value":7000},{"address":"17220.0 88 STREET NW","assessed_value":454000},{"address":"8619.0 111 STREET NW","assessed_value":330000},{"address":"nan nan","assessed_value":8500},{"address":"951.0 HOLLINGSWORTH BEND NW","assessed_value":1445500},{"address":"12134.0 17 AVENUE SW","assessed_value":386500},{"address":"nan nan","assessed_value":8500},{"address":"554.0 EVERGREEN PARK NW","assessed_value":61500},{"address":"10620.0 183 AVENUE NW","assessed_value":459500},{"address":"74.0 WINDERMERE DRIVE SW","assessed_value":3069500},{"address":"nan nan","assessed_value":6000},{"address":"898.0 MCALLISTER CRESCENT SW","assessed_value":436000},{"address":"nan nan","assessed_value":9500},{"address":"2903.0 RABBIT HILL ROAD NW","assessed_value":192000},{"address":"10909.0 106 STREET NW","assessed_value":276000},{"address":"844.0 GRAHAM WYND NW","assessed_value":454500},{"address":"1726.0 BOWNESS WYND SW","assessed_value":890000},{"address":"258.0 HILLIARD GREEN NW","assessed_value":609500},{"address":"1804.0 37 AVENUE NW","assessed_value":469500},{"address":"9938.0 104 STREET NW","assessed_value":234500},{"address":"1896.0 ROBERTSON CRESCENT SW","assessed_value":598000},{"address":"11560.0 167A AVENUE NW","assessed_value":428000},{"address":"663.0 MCALLISTER LOOP SW","assessed_value":355500},{"address":"3518.0 20 STREET NW","assessed_value":454000},{"address":"3438.0 LAKEVIEW POINT NW","assessed_value":73000},{"address":"2004.0 GRANTHAM COURT NW","assessed_value":285500},{"address":"nan nan","assessed_value":9000},{"address":"234.0 TORY CRESCENT NW","assessed_value":743500},{"address":"1914.0 HOLMAN PLACE NW","assessed_value":548500},{"address":"2082.0 HADDOW DRIVE NW","assessed_value":659000},{"address":"10711.0 102 STREET NW","assessed_value":528500},{"address":"1853.0 GARNETT WAY NW","assessed_value":436000},{"address":"731.0 88 STREET SW","assessed_value":399500},{"address":"nan nan","assessed_value":9000},{"address":"10134.0 100 STREET NW","assessed_value":161500},{"address":"nan nan","assessed_value":12500},{"address":"3433.0 MCKAY LANE SW","assessed_value":345000},{"address":"3532.0 MCLEAN CRESCENT SW","assessed_value":510500},{"address":"1409.0 RUTHERFORD COURT SW","assessed_value":584000},{"address":"9503.0 101 AVENUE NW","assessed_value":170000},{"address":"2004.0 GRANTHAM COURT NW","assessed_value":284500},{"address":"409.0 HUNTERS GREEN NW","assessed_value":588500},{"address":"2106.0 HADDOW DRIVE NW","assessed_value":743000},{"address":"15316.0 137A STREET NW","assessed_value":356500},{"address":"8010.0 166A AVENUE NW","assessed_value":437500},{"address":"8956.0 156 STREET NW","assessed_value":242000},{"address":"225.0 GALLAND CLOSE NW","assessed_value":622000},{"address":"13403.0 CUMBERLAND ROAD NW","assessed_value":295500},{"address":"nan nan","assessed_value":4000},{"address":"nan nan","assessed_value":6500},{"address":"12924.0 55 STREET NW","assessed_value":533500},{"address":"8913.0 7 AVENUE SW","assessed_value":440500},{"address":"nan nan","assessed_value":13000},{"address":"15317.0 138A STREET NW","assessed_value":354500},{"address":"2009.0 37A AVENUE NW","assessed_value":583000},{"address":"3228.0 27 AVENUE NW","assessed_value":478000},{"address":"1916.0 GARNETT WAY NW","assessed_value":464500},{"address":"115.0 HAYWARD CRESCENT NW","assessed_value":578000},{"address":"9329.0 104 AVENUE NW","assessed_value":64500},{"address":"9704.0 174 STREET NW","assessed_value":180500},{"address":"2121.0 GARNETT CLOSE NW","assessed_value":510000},{"address":"14707.0 77 STREET NW","assessed_value":18449500},{"address":"11025.0 83 AVENUE NW","assessed_value":293000},{"address":"nan nan","assessed_value":8000},{"address":"2921.0 MCPHADDEN WAY SW","assessed_value":458000},{"address":"3048.0 LAKEVIEW DRIVE NW","assessed_value":95000},{"address":"1215.0 87 STREET SW","assessed_value":538500},{"address":"1659.0 JAMHA ROAD NW","assessed_value":316500},{"address":"nan nan","assessed_value":13000},{"address":"11025.0 83 AVENUE NW","assessed_value":328500},{"address":"nan nan","assessed_value":3000},{"address":"nan nan","assessed_value":6000},{"address":"12917.0 161A AVENUE NW","assessed_value":476500},{"address":"nan nan","assessed_value":6000},{"address":"11435.0 169 AVENUE NW","assessed_value":397000},{"address":"8488.0 111 STREET NW","assessed_value":300500},{"address":"15107.0 MILLER BOULEVARD NW","assessed_value":399000},{"address":"420.0 HUNTERS GREEN NW","assessed_value":335500},{"address":"nan nan","assessed_value":6000},{"address":"nan nan","assessed_value":500},{"address":"5314.0 TERWILLEGAR BOULEVARD NW","assessed_value":506500},{"address":"2410.0 TEGLER GREEN NW","assessed_value":964000},{"address":"8710.0 138 STREET NW","assessed_value":8500},{"address":"21011.0 89A AVENUE NW","assessed_value":452000},{"address":"10909.0 106 STREET NW","assessed_value":293500},{"address":"3333.0 LAKEVIEW ROAD NW","assessed_value":111000},{"address":"9108.0 156 AVENUE NW","assessed_value":518500},{"address":"974.0 HOLLINGSWORTH BEND NW","assessed_value":766000},{"address":"3445.0 MCKAY LANE SW","assessed_value":333000},{"address":"2420.0 108 STREET NW","assessed_value":198500},{"address":"nan nan","assessed_value":12500},{"address":"nan nan","assessed_value":13000},{"address":"16524.0 87 STREET NW","assessed_value":505500},{"address":"nan nan","assessed_value":7500},{"address":"1862.0 TOWNE CENTRE BOULEVARD NW","assessed_value":436500},{"address":"4123.0 TOMPKINS WAY NW","assessed_value":452500},{"address":"4350.0 23 STREET NW","assessed_value":307000},{"address":"7220.0 144 AVENUE NW","assessed_value":83000},{"address":"10432.0 76 AVENUE NW","assessed_value":162000},{"address":"559.0 KLARVATTEN LAKE WYND NW","assessed_value":418500},{"address":"911.0 HOLLINGSWORTH BEND NW","assessed_value":2056000},{"address":"9019.0 156A AVENUE NW","assessed_value":534500},{"address":"nan nan","assessed_value":9500},{"address":"nan nan","assessed_value":7000},{"address":"3025.0 33 AVENUE NW","assessed_value":346000},{"address":"15312.0 138 STREET NW","assessed_value":328500},{"address":"3521.0 31A STREET NW","assessed_value":542000},{"address":"9823.0 75 STREET NW","assessed_value":1974500},{"address":"10145.0 114 STREET NW","assessed_value":227000},{"address":"9704.0 174 STREET NW","assessed_value":192000},{"address":"1713.0 HECTOR PLACE NW","assessed_value":931500},{"address":"nan nan","assessed_value":9500},{"address":"nan nan","assessed_value":9500},{"address":"3126.0 31 AVENUE NW","assessed_value":355000},{"address":"12819.0 133 STREET NW","assessed_value":9000},{"address":"9503.0 101 AVENUE NW","assessed_value":209500},{"address":"2806.0 30 STREET NW","assessed_value":332000},{"address":"13424.0 159 AVENUE NW","assessed_value":561000},{"address":"16303.0 95 STREET NW","assessed_value":168500},{"address":"nan nan","assessed_value":13000},{"address":"8412.0 173 AVENUE NW","assessed_value":771000},{"address":"3208.0 MCPHADDEN PLACE SW","assessed_value":448000},{"address":"803.0 BARNES LINK SW","assessed_value":507500},{"address":"4723.0 151 AVENUE NW","assessed_value":440500},{"address":"8009.0 145 AVENUE NW","assessed_value":8500},{"address":"11025.0 JASPER AVENUE NW","assessed_value":79000},{"address":"715.0 PORTER COURT NW","assessed_value":632000},{"address":"nan nan","assessed_value":8000},{"address":"16340.0 87 STREET NW","assessed_value":498500},{"address":"10308.0 114 STREET NW","assessed_value":325500},{"address":"nan nan","assessed_value":12500},{"address":"11830.0 152 STREET NW","assessed_value":142000},{"address":"165.0 CALDWELL WAY NW","assessed_value":636000},{"address":"16232.0 83B STREET NW","assessed_value":555000},{"address":"808.0 HALIBURTON COURT NW","assessed_value":739500},{"address":"421.0 HUDSON COURT NW","assessed_value":335000},{"address":"239.0 GALLAND CLOSE NW","assessed_value":737500},{"address":"3114.0 31 AVENUE NW","assessed_value":341500},{"address":"3835.0 107 STREET NW","assessed_value":109000},{"address":"592.0 HOOKE ROAD NW","assessed_value":233000},{"address":"1704.0 199 STREET SW","assessed_value":2168500},{"address":"9105.0 98 AVENUE NW","assessed_value":398000},{"address":"2907.0 MCPHADDEN WAY SW","assessed_value":418000},{"address":"2824.0 33 STREET NW","assessed_value":428500},{"address":"2910.0 33 STREET NW","assessed_value":503000},{"address":"623.0 EVERGREEN PARK NW","assessed_value":69500},{"address":"11436.0 169 AVENUE NW","assessed_value":333000},{"address":"1010.0 79 STREET SW","assessed_value":404500},{"address":"9016.0 157 AVENUE NW","assessed_value":595000},{"address":"9741.0 110 STREET NW","assessed_value":282000},{"address":"11104.0 109 AVENUE NW","assessed_value":185000},{"address":"16823.0 84 STREET NW","assessed_value":228000},{"address":"4130.0 TOMPKINS WAY NW","assessed_value":433500},{"address":"2305.0 TAYLOR CLOSE NW","assessed_value":549000},{"address":"11619.0 168 AVENUE NW","assessed_value":407500},{"address":"13819.0 148 AVENUE NW","assessed_value":581500},{"address":"nan nan","assessed_value":9000},{"address":"15935.0 132 STREET NW","assessed_value":572000},{"address":"1033.0 HOOKE ROAD NW","assessed_value":29984000},{"address":"3208.0 30 AVENUE NW","assessed_value":489500},{"address":"15304.0 138B STREET NW","assessed_value":473000},{"address":"258.0 KLARVATTEN ROAD NW","assessed_value":484000},{"address":"3451.0 MCKAY LANE SW","assessed_value":333500},{"address":"2340.0 TAYLOR CLOSE NW","assessed_value":604500},{"address":"nan nan","assessed_value":18000},{"address":"11260.0 153 AVENUE NW","assessed_value":214500},{"address":"12422.0 50 STREET NW","assessed_value":4500},{"address":"nan nan","assessed_value":15000},{"address":"2613.0 HANNA CRESCENT NW","assessed_value":522000},{"address":"15808.0 91 STREET NW","assessed_value":527500},{"address":"9828.0 112 STREET NW","assessed_value":239500},{"address":"16211.0 70 STREET NW","assessed_value":547500},{"address":"129.0 GALLAND CRESCENT NW","assessed_value":578500},{"address":"3612.0 22 STREET NW","assessed_value":352000},{"address":"nan nan","assessed_value":8500},{"address":"416.0 SPARLING COURT SW","assessed_value":610500},{"address":"907.0 THOMPSON PLACE NW","assessed_value":720500},{"address":"16415.0 77 STREET NW","assessed_value":377500},{"address":"nan nan","assessed_value":7000},{"address":"12905.0 160A AVENUE NW","assessed_value":456500},{"address":"325.0 GRIESBACH SCHOOL ROAD NW","assessed_value":542500},{"address":"315.0 85 STREET SW","assessed_value":410500},{"address":"nan nan","assessed_value":6500},{"address":"16211.0 92 STREET NW","assessed_value":553500},{"address":"10211.0 150 STREET NW","assessed_value":265000},{"address":"1438.0 HASWELL PLACE NW","assessed_value":855000},{"address":"14628.0 138 STREET NW","assessed_value":534000},{"address":"2736.0 LAKESIDE DRIVE NW","assessed_value":85500},{"address":"2223.0 BAKER CLOSE SW","assessed_value":518000},{"address":"nan nan","assessed_value":7500},{"address":"nan nan","assessed_value":13000},{"address":"11940.0 89 STREET NW","assessed_value":256000},{"address":"1886.0 ROBERTSON CRESCENT SW","assessed_value":532000},{"address":"220.0 84 STREET SW","assessed_value":403000},{"address":"9726.0 110 STREET NW","assessed_value":1350000},{"address":"386.0 CALDERON CRESCENT NW","assessed_value":487000},{"address":"3242.0 LAKEWOOD CLOSE NW","assessed_value":96500},{"address":"nan nan","assessed_value":8500},{"address":"16356.0 88 STREET NW","assessed_value":543500},{"address":"8762.0 5 AVENUE SW","assessed_value":546000},{"address":"2903.0 RABBIT HILL ROAD NW","assessed_value":232000},{"address":"8619.0 111 STREET NW","assessed_value":489000},{"address":"2716.0 33 STREET NW","assessed_value":420000},{"address":"603.0 88 STREET SW","assessed_value":447500},{"address":"5058.0 THIBAULT WAY NW","assessed_value":516500},{"address":"8942.0 156 STREET NW","assessed_value":6500},{"address":"2916.0 30 STREET NW","assessed_value":332000},{"address":"11417.0 145 AVENUE NW","assessed_value":5500},{"address":"nan nan","assessed_value":7000},{"address":"3208.0 LAKEWOOD CLOSE NW","assessed_value":156000},{"address":"17460.0 89 STREET NW","assessed_value":428500},{"address":"9828.0 112 STREET NW","assessed_value":223500},{"address":"8523.0 6 AVENUE SW","assessed_value":460500},{"address":"1933.0 GARNETT WAY NW","assessed_value":423500},{"address":"10011.0 110 STREET NW","assessed_value":205500},{"address":"4605.0 151A AVENUE NW","assessed_value":489000},{"address":"8619.0 111 STREET NW","assessed_value":350500},{"address":"nan nan","assessed_value":6000},{"address":"1693.0 TOMPKINS PLACE NW","assessed_value":431000},{"address":"7628.0 166 AVENUE NW","assessed_value":535500},{"address":"8313.0 11 AVENUE SW","assessed_value":431000},{"address":"15210.0 83 STREET NW","assessed_value":9500},{"address":"nan nan","assessed_value":8500},{"address":"nan nan","assessed_value":12500},{"address":"351.0 SUMMERSIDE COVE SW","assessed_value":1053500},{"address":"109.0 TEGLER GATE NW","assessed_value":838000},{"address":"324.0 TORY VIEW NW","assessed_value":595000},{"address":"11439.0 169 AVENUE NW","assessed_value":417500},{"address":"1659.0 JAMHA ROAD NW","assessed_value":316500},{"address":"891.0 GRAHAM WYND NW","assessed_value":522500},{"address":"4903.0 190A STREET NW","assessed_value":484500},{"address":"1007.0 RUTHERFORD PLACE SW","assessed_value":503000},{"address":"1876.0 HOLMAN CRESCENT NW","assessed_value":499500},{"address":"1873.0 GARNETT WAY NW","assessed_value":463500},{"address":"18012.0 108 STREET NW","assessed_value":443500},{"address":"2236.0 GARNETT COURT NW","assessed_value":621500},{"address":"6838.0 159A AVENUE NW","assessed_value":310500},{"address":"8945.0 143 STREET NW","assessed_value":8000},{"address":"9503.0 101 AVENUE NW","assessed_value":206500},{"address":"2451.0 TEGLER GREEN NW","assessed_value":720000},{"address":"1812.0 37 AVENUE NW","assessed_value":432000},{"address":"3018.0 31 AVENUE NW","assessed_value":339500},{"address":"1032.0 MACEWAN CLOSE SW","assessed_value":547000},{"address":"2903.0 RABBIT HILL ROAD NW","assessed_value":237000},{"address":"3406.0 MCKAY LANE SW","assessed_value":347000},{"address":"3592.0 MCLEAN CRESCENT SW","assessed_value":414500},{"address":"2741.0 55 STREET NW","assessed_value":105000},{"address":"8744.0 166 AVENUE NW","assessed_value":483500},{"address":"11039.0 83 AVENUE NW","assessed_value":302500},{"address":"14631.0 137 STREET NW","assessed_value":465000},{"address":"1215.0 KLARVATTEN COURT NW","assessed_value":426500},{"address":"nan nan","assessed_value":12500},{"address":"10703.0 6 AVENUE SW","assessed_value":613000},{"address":"nan nan","assessed_value":9000},{"address":"11340.0 124 STREET NW","assessed_value":85500},{"address":"3228.0 30 AVENUE NW","assessed_value":550500},{"address":"15940.0 109 AVENUE NW","assessed_value":102000},{"address":"2167.0 BRENNAN CRESCENT NW","assessed_value":486000},{"address":"10046.0 110 STREET NW","assessed_value":217000},{"address":"13864.0 37 STREET NW","assessed_value":314000},{"address":"4919.0 152 AVENUE NW","assessed_value":534000},{"address":"13012.0 35 STREET NW","assessed_value":427000},{"address":"16431.0 89 STREET NW","assessed_value":526000},{"address":"9741.0 110 STREET NW","assessed_value":303500},{"address":"434.0 HUNTERS GREEN NW","assessed_value":446000},{"address":"nan nan","assessed_value":9000},{"address":"712.0 88 STREET SW","assessed_value":425000},{"address":"1922.0 37B AVENUE NW","assessed_value":469000},{"address":"nan nan","assessed_value":9000},{"address":"119.0 GRIESBACH ROAD NW","assessed_value":354000},{"address":"9623.0 105A AVENUE NW","assessed_value":222000},{"address":"6732.0 164 AVENUE NW","assessed_value":417500},{"address":"8108.0 109 STREET NW","assessed_value":261500},{"address":"248.0 HILLIARD GREEN NW","assessed_value":873500},{"address":"519.0 BYRNE CRESCENT SW","assessed_value":660000},{"address":"649.0 SILVER BERRY ROAD NW","assessed_value":601500},{"address":"6301.0 20 STREET NW","assessed_value":56500},{"address":"9741.0 110 STREET NW","assessed_value":295500},{"address":"1708.0 RUTHERFORD POINT SW","assessed_value":757500},{"address":"11314.0 136 AVENUE NW","assessed_value":9000},{"address":"13833.0 149 AVENUE NW","assessed_value":468500},{"address":"10842.0 107 STREET NW","assessed_value":71500},{"address":"nan nan","assessed_value":6000},{"address":"16133.0 128A STREET NW","assessed_value":440000},{"address":"1515.0 ROBERTSON WAY SW","assessed_value":511500},{"address":"1107.0 HYNDMAN ROAD NW","assessed_value":331500},{"address":"7512.0 161A AVENUE NW","assessed_value":605500},{"address":"1780.0 GLASTONBURY BOULEVARD NW","assessed_value":276000},{"address":"12923.0 162 AVENUE NW","assessed_value":440500},{"address":"709.0 HOOKE PLACE NW","assessed_value":444000},{"address":"1517.0 BLACKMORE WAY SW","assessed_value":671500},{"address":"865.0 PROCTOR WYND NW","assessed_value":638000},{"address":"13904.0 156 AVENUE NW","assessed_value":393000},{"address":"21322.0 87A AVENUE NW","assessed_value":397000},{"address":"nan nan","assessed_value":7000},{"address":"6512.0 106 AVENUE NW","assessed_value":10000},{"address":"6760.0 75 STREET NW","assessed_value":654000},{"address":"6708.0 166 AVENUE NW","assessed_value":418000},{"address":"nan nan","assessed_value":8500},{"address":"13330.0 113A STREET NW","assessed_value":148000},{"address":"11703.0 95A STREET NW","assessed_value":1097500},{"address":"167.0 EASTON ROAD SW","assessed_value":455000},{"address":"5326.0 TERWILLEGAR BOULEVARD NW","assessed_value":437500},{"address":"983.0 HOLLINGSWORTH BEND NW","assessed_value":864000},{"address":"1276.0 RUTHERFORD ROAD SW","assessed_value":626000},{"address":"18107.0 108 STREET NW","assessed_value":431000},{"address":"14428.0 MILLER BOULEVARD NW","assessed_value":304000},{"address":"nan nan","assessed_value":3000},{"address":"nan nan","assessed_value":4500},{"address":"2409.0 32B STREET NW","assessed_value":429000},{"address":"2903.0 RABBIT HILL ROAD NW","assessed_value":200500},{"address":"357.0 WILD ROSE WAY NW","assessed_value":460000},{"address":"1304.0 GEORGE CLOSE NW","assessed_value":438000},{"address":"14603.0 MILLER BOULEVARD NW","assessed_value":258500},{"address":"8918.0 8 AVENUE SW","assessed_value":436000},{"address":"592.0 HOOKE ROAD NW","assessed_value":203500},{"address":"2593.0 HANNA CRESCENT NW","assessed_value":492000},{"address":"2119.0 BRENNAN CRESCENT NW","assessed_value":471000},{"address":"16131.0 76 STREET NW","assessed_value":550500},{"address":"843.0 WEST COAST BAY NW","assessed_value":33500},{"address":"4952.0 191 STREET NW","assessed_value":476000},{"address":"10403.0 98 AVENUE NW","assessed_value":201000},{"address":"17252.0 88 STREET NW","assessed_value":422500},{"address":"13831.0 37 STREET NW","assessed_value":402000},{"address":"2334.0 35A AVENUE NW","assessed_value":491000},{"address":"1151.0 HYNDMAN ROAD NW","assessed_value":282000},{"address":"1704.0 HASWELL COVE NW","assessed_value":31000},{"address":"16528.0 68 STREET NW","assessed_value":423500},{"address":"10134.0 100 STREET NW","assessed_value":159000},{"address":"15622.0 141 STREET NW","assessed_value":313000},{"address":"nan nan","assessed_value":500},{"address":"411.0 SPARLING COURT SW","assessed_value":697000},{"address":"14603.0 MILLER BOULEVARD NW","assessed_value":266500},{"address":"8616.0 173 AVENUE NW","assessed_value":364000},{"address":"896.0 GRAHAM WYND NW","assessed_value":471000},{"address":"10612.0 175 AVENUE NW","assessed_value":495500},{"address":"3208.0 27 AVENUE NW","assessed_value":448500},{"address":"425.0 EVERGREEN PARK NW","assessed_value":62000},{"address":"10105.0 95 STREET NW","assessed_value":372000},{"address":"nan nan","assessed_value":1500},{"address":"16303.0 95 STREET NW","assessed_value":165000},{"address":"10105.0 109 STREET NW","assessed_value":129500},{"address":"nan nan","assessed_value":6000},{"address":"11260.0 153 AVENUE NW","assessed_value":256000},{"address":"3718.0 138A AVENUE NW","assessed_value":314500},{"address":"nan nan","assessed_value":6500},{"address":"13407.0 159 AVENUE NW","assessed_value":578500},{"address":"1135.0 RUTHERFORD CLOSE SW","assessed_value":554000},{"address":"4020.0 21 STREET NW","assessed_value":281500},{"address":"nan nan","assessed_value":17500},{"address":"nan nan","assessed_value":12500},{"address":"426.0 GIBB WYND NW","assessed_value":431000},{"address":"9730.0 174 STREET NW","assessed_value":173500},{"address":"108.0 WEST VIEW CRESCENT NW","assessed_value":67500},{"address":"nan nan","assessed_value":9000},{"address":"15406.0 138B STREET NW","assessed_value":463500},{"address":"14610.0 115 AVENUE NW","assessed_value":812500},{"address":"518.0 90 STREET SW","assessed_value":419000},{"address":"4566.0 TURNER SQUARE NW","assessed_value":386500},{"address":"1007.0 MACEWAN CLOSE SW","assessed_value":514500},{"address":"8536.0 106A STREET NW","assessed_value":246500},{"address":"11211.0 85 STREET NW","assessed_value":131500},{"address":"10909.0 106 STREET NW","assessed_value":285000},{"address":"16303.0 95 STREET NW","assessed_value":175500},{"address":"505.0 90 STREET SW","assessed_value":463500},{"address":"1600.0 HECTOR ROAD NW","assessed_value":1291000},{"address":"460.0 OZERNA ROAD NW","assessed_value":524500},{"address":"21368.0 89 AVENUE NW","assessed_value":386500},{"address":"714.0 88A STREET SW","assessed_value":417000},{"address":"15716.0 141 STREET NW","assessed_value":333000},{"address":"5128.0 200 STREET NW","assessed_value":556000},{"address":"4033.0 120 STREET NW","assessed_value":6000},{"address":"249.0 EDWARDS DRIVE SW","assessed_value":253500},{"address":"10134.0 100 STREET NW","assessed_value":139000},{"address":"11104.0 109 AVENUE NW","assessed_value":187000},{"address":"536.0 HUNTERS GREEN NW","assessed_value":532000},{"address":"10640.0 150 STREET NW","assessed_value":339500},{"address":"8942.0 156 STREET NW","assessed_value":242500},{"address":"328.0 CUTTS COURT NW","assessed_value":622500},{"address":"21360.0 89 AVENUE NW","assessed_value":410000},{"address":"8119.0 112 AVENUE NW","assessed_value":124500},{"address":"nan nan","assessed_value":9000},{"address":"10751.0 181 STREET NW","assessed_value":304500},{"address":"4350.0 23 STREET NW","assessed_value":288500},{"address":"17217.0 88 STREET NW","assessed_value":382000},{"address":"423.0 SPARLING COURT SW","assessed_value":651000},{"address":"5218.0 68 AVENUE NW","assessed_value":7038000},{"address":"8956.0 156 STREET NW","assessed_value":239000},{"address":"nan nan","assessed_value":18000},{"address":"16127.0 90 STREET NW","assessed_value":414500},{"address":"3147.0 LAKEWOOD CRESCENT NW","assessed_value":91000},{"address":"3517.0 22 STREET NW","assessed_value":438500},{"address":"9730.0 174 STREET NW","assessed_value":187000},{"address":"1061.0 LEGER BOULEVARD NW","assessed_value":556000},{"address":"659.0 EVERGREEN PARK NW","assessed_value":67500},{"address":"2021.0 GRANTHAM COURT NW","assessed_value":295500},{"address":"10730.0 105 STREET NW","assessed_value":77000},{"address":"859.0 DRYSDALE RUN NW","assessed_value":1000000},{"address":"nan nan","assessed_value":4000},{"address":"nan nan","assessed_value":6000},{"address":"7605.0 165A AVENUE NW","assessed_value":442000},{"address":"590.0 STEWART CRESCENT SW","assessed_value":704000},{"address":"3104.0 LAKEWOOD CRESCENT NW","assessed_value":91000},{"address":"2109.0 37 AVENUE NW","assessed_value":380000},{"address":"3364.0 24 AVENUE NW","assessed_value":442500},{"address":"16242.0 83A STREET NW","assessed_value":424000},{"address":"4746.0 TERWILLEGAR COMMON NW","assessed_value":355000},{"address":"4831.0 152 AVENUE NW","assessed_value":483500},{"address":"1522.0 THOROGOOD CLOSE NW","assessed_value":848500},{"address":"3301.0 LAKEVIEW ROAD NW","assessed_value":91000},{"address":"nan nan","assessed_value":8000},{"address":"2420.0 TEGLER GREEN NW","assessed_value":837000},{"address":"12138.0 16 AVENUE SW","assessed_value":335500}]