[{"address":"14847.0 141 STREET NW","assessed_value":390500},{"address":"1186.0 HOLLANDS WAY NW","assessed_value":1088500},{"address":"nan nan","assessed_value":7000},{"address":"nan nan","assessed_value":7000},{"address":"12036.0 19 AVENUE SW","assessed_value":404500},{"address":"12110.0 106 AVENUE NW","assessed_value":195500},{"address":"2640.0 MARION PLACE SW","assessed_value":468500},{"address":"1072.0 MCKINNEY GREEN NW","assessed_value":597500},{"address":"nan nan","assessed_value":4500},{"address":"278.0 SUDER GREENS DRIVE NW","assessed_value":234000},{"address":"nan nan","assessed_value":4500},{"address":"4643.0 156 AVENUE NW","assessed_value":472000},{"address":"11011.0 178 AVENUE NW","assessed_value":509000},{"address":"124.0 163 AVENUE NE","assessed_value":866500},{"address":"nan nan","assessed_value":14000},{"address":"16134.0 131A STREET NW","assessed_value":337000},{"address":"20423.0 56 AVENUE NW","assessed_value":462000},{"address":"10407.0 122 STREET NW","assessed_value":254500},{"address":"3212.0 26 STREET NW","assessed_value":474000},{"address":"10311.0 111 STREET NW","assessed_value":250500},{"address":"nan nan","assessed_value":7000},{"address":"1243.0 TREDGER COURT NW","assessed_value":803000},{"address":"nan nan","assessed_value":7000},{"address":"1718.0 RABBIT HILL ROAD NW","assessed_value":196000},{"address":"278.0 SUDER GREENS DRIVE NW","assessed_value":253500},{"address":"261.0 YOUVILLE DRIVE EAST NW","assessed_value":130000},{"address":"13608.0 140 AVENUE NW","assessed_value":338500},{"address":"nan nan","assessed_value":3500},{"address":"3138.0 TRELLE LOOP NW","assessed_value":494500},{"address":"nan nan","assessed_value":7000},{"address":"nan nan","assessed_value":18000},{"address":"nan nan","assessed_value":9000},{"address":"nan nan","assessed_value":8000},{"address":"8644.0 173 AVENUE NW","assessed_value":353500},{"address":"10407.0 122 STREET NW","assessed_value":253000},{"address":"16409.0 57 STREET NW","assessed_value":341000},{"address":"245.0 EDWARDS DRIVE SW","assessed_value":120500},{"address":"nan nan","assessed_value":17500},{"address":"2712.0 MILES PLACE SW","assessed_value":461500},{"address":"10535.0 122 STREET NW","assessed_value":142000},{"address":"9140.0 WINTERBURN ROAD NW","assessed_value":827000},{"address":"nan nan","assessed_value":10000},{"address":"1428.0 HODGSON WAY NW","assessed_value":319000},{"address":"1225.0 WANYANDI ROAD NW","assessed_value":640500},{"address":"1437.0 CYPRUS WAY NW","assessed_value":609500},{"address":"1851.0 LEMIEUX CLOSE NW","assessed_value":726500},{"address":"11325.0 83 STREET NW","assessed_value":100500},{"address":"16311.0 95 STREET NW","assessed_value":171000},{"address":"2750.0 55 STREET NW","assessed_value":167500},{"address":"10909.0 103 AVENUE NW","assessed_value":296000},{"address":"479.0 MACEWAN ROAD SW","assessed_value":552000},{"address":"nan nan","assessed_value":13000},{"address":"3468.0 30 STREET NW","assessed_value":567000},{"address":"2319.0 WEST PORT CLOSE NW","assessed_value":35500},{"address":"8207.0 SHASKE PLACE NW","assessed_value":575000},{"address":"20415.0 60 AVENUE NW","assessed_value":511500},{"address":"5604.0 202 STREET NW","assessed_value":343000},{"address":"5514.0 STEVENS CRESCENT NW","assessed_value":416000},{"address":"155.0 BRINTNELL BOULEVARD NW","assessed_value":371000},{"address":"nan nan","assessed_value":9500},{"address":"9254.0 34 AVENUE NW","assessed_value":361500},{"address":"nan nan","assessed_value":8000},{"address":"4731.0 TERWILLEGAR COMMON NW","assessed_value":303500},{"address":"13808.0 155 AVENUE NW","assessed_value":535000},{"address":"nan nan","assessed_value":4500},{"address":"nan nan","assessed_value":3000},{"address":"630.0 MCALLISTER LOOP SW","assessed_value":165500},{"address":"3036.0 MACNEIL WAY NW","assessed_value":783000},{"address":"17404.0 64 AVENUE NW","assessed_value":147500},{"address":"16224.0 73 STREET NW","assessed_value":329500},{"address":"7815.0 8 AVENUE SW","assessed_value":337500},{"address":"16728.0 115 STREET NW","assessed_value":263500},{"address":"10180.0 104 STREET NW","assessed_value":226500},{"address":"7303.0 SINGER WAY NW","assessed_value":519500},{"address":"1205.0 HOLLANDS CLOSE NW","assessed_value":832500},{"address":"17404.0 64 AVENUE NW","assessed_value":123000},{"address":"nan nan","assessed_value":9000},{"address":"11648.0 167A AVENUE NW","assessed_value":380000},{"address":"16221.0 48 STREET NW","assessed_value":462000},{"address":"nan nan","assessed_value":18000},{"address":"7607.0 11 AVENUE SW","assessed_value":449000},{"address":"1179.0 SUMMERSIDE DRIVE SW","assessed_value":199000},{"address":"11446.0 40 AVENUE NW","assessed_value":115000},{"address":"2419.0 28B AVENUE NW","assessed_value":370500},{"address":"10180.0 104 STREET NW","assessed_value":214000},{"address":"10616.0 156 STREET NW","assessed_value":54500},{"address":"1819.0 119 STREET SW","assessed_value":357500},{"address":"9707.0 105 STREET NW","assessed_value":178500},{"address":"20155.0 48 AVENUE NW","assessed_value":445000},{"address":"2430.0 GUARDIAN ROAD NW","assessed_value":192000},{"address":"9707.0 105 STREET NW","assessed_value":157500},{"address":"9910.0 111 STREET NW","assessed_value":236500},{"address":"17011.0 67 AVENUE NW","assessed_value":137500},{"address":"15640.0 114 AVENUE NW","assessed_value":2326500},{"address":"2305.0 35A AVENUE NW","assessed_value":157000},{"address":"nan nan","assessed_value":5000},{"address":"278.0 SUDER GREENS DRIVE NW","assessed_value":232500},{"address":"nan nan","assessed_value":9500},{"address":"1217.0 MCKINNEY COURT NW","assessed_value":636000},{"address":"17719.0 89 STREET NW","assessed_value":501500},{"address":"2098.0 BLACKMUD CREEK DRIVE SW","assessed_value":188000},{"address":"905.0 BLACKLOCK WAY SW","assessed_value":191000},{"address":"nan nan","assessed_value":3000},{"address":"13508.0 141 AVENUE NW","assessed_value":417000},{"address":"8303.0 2 AVENUE SW","assessed_value":504500},{"address":"10535.0 122 STREET NW","assessed_value":167000},{"address":"15408.0 44 STREET NW","assessed_value":441000},{"address":"20236.0 57 AVENUE NW","assessed_value":356500},{"address":"21323.0 90 AVENUE NW","assessed_value":428500},{"address":"530.0 HOOKE ROAD NW","assessed_value":250500},{"address":"10656.0 180 AVENUE NW","assessed_value":493500},{"address":"279.0 SUDER GREENS DRIVE NW","assessed_value":160000},{"address":"3380.0 28A AVENUE NW","assessed_value":273500},{"address":"15515.0 42 STREET NW","assessed_value":217000},{"address":"721.0 PARSONS ROAD SW","assessed_value":7171500},{"address":"6210.0 101 AVENUE NW","assessed_value":162000},{"address":"16423.0 61 STREET NW","assessed_value":596500},{"address":"1413.0 88A STREET SW","assessed_value":709000},{"address":"451.0 HYNDMAN CRESCENT NW","assessed_value":220500},{"address":"17808.0 89 STREET NW","assessed_value":419000},{"address":"10303.0 105 STREET NW","assessed_value":170000},{"address":"10008.0 151 STREET NW","assessed_value":139000},{"address":"1829.0 BOWMAN POINT SW","assessed_value":661000},{"address":"8304.0 11 AVENUE SW","assessed_value":271000},{"address":"17003.0 67 AVENUE NW","assessed_value":163000},{"address":"1213.0 COLONEL STONE AVENUE NW","assessed_value":321500},{"address":"1216.0 82 STREET SW","assessed_value":485500},{"address":"4312.0 139 AVENUE NW","assessed_value":146500},{"address":"312.0 SILVER BERRY ROAD NW","assessed_value":438000},{"address":"15838.0 141 STREET NW","assessed_value":442500},{"address":"10606.0 102 AVENUE NW","assessed_value":175000},{"address":"nan nan","assessed_value":4000},{"address":"115.0 BRINTNELL BOULEVARD NW","assessed_value":370500},{"address":"1068.0 LEGER BOULEVARD NW","assessed_value":450500},{"address":"530.0 HOOKE ROAD NW","assessed_value":202000},{"address":"9641.0 82 AVENUE NW","assessed_value":2039500},{"address":"15556.0 48 STREET NW","assessed_value":477500},{"address":"nan nan","assessed_value":500},{"address":"16240.0 48 STREET NW","assessed_value":430500},{"address":"1179.0 SUMMERSIDE DRIVE SW","assessed_value":188500},{"address":"4219.0 156 AVENUE NW","assessed_value":417500},{"address":"336.0 OZERNA ROAD NW","assessed_value":801000},{"address":"4021.0 158 AVENUE NW","assessed_value":432000},{"address":"279.0 SUDER GREENS DRIVE NW","assessed_value":202000},{"address":"12044.0 18 AVENUE SW","assessed_value":429500},{"address":"612.0 111 STREET SW","assessed_value":206500},{"address":"1828.0 LEMIEUX CLOSE NW","assessed_value":549000},{"address":"18120.0 105 STREET NW","assessed_value":605000},{"address":"1406.0 HODGSON WAY NW","assessed_value":234000},{"address":"4927.0 206 STREET NW","assessed_value":463500},{"address":"1127.0 112 STREET SW","assessed_value":883000},{"address":"808.0 MASSEY LANDING NW","assessed_value":773000},{"address":"nan nan","assessed_value":24000},{"address":"11029.0 84 STREET NW","assessed_value":77000},{"address":"4615.0 155 AVENUE NW","assessed_value":434000},{"address":"10024.0 JASPER AVENUE NW","assessed_value":93500},{"address":"817.0 CHAHLEY WAY NW","assessed_value":708500},{"address":"1209.0 84 STREET SW","assessed_value":527000},{"address":"11103.0 84 AVENUE NW","assessed_value":513500},{"address":"279.0 SUDER GREENS DRIVE NW","assessed_value":228000},{"address":"10407.0 122 STREET NW","assessed_value":204000},{"address":"1343.0 KAPYONG AVENUE NW","assessed_value":785000},{"address":"8635.0 175 AVENUE NW","assessed_value":490000},{"address":"12623.0 16 AVENUE SW","assessed_value":542000},{"address":"2574.0 HANNA CRESCENT NW","assessed_value":493000},{"address":"12838.0 65 STREET NW","assessed_value":90000},{"address":"3412.0 24 STREET NW","assessed_value":543500},{"address":"11712.0 174 AVENUE NW","assessed_value":481500},{"address":"1718.0 RABBIT HILL ROAD NW","assessed_value":109000},{"address":"1085.0 GOODWIN CIRCLE NW","assessed_value":678000},{"address":"12111.0 51 AVENUE NW","assessed_value":236000},{"address":"4633.0 201A STREET NW","assessed_value":485000},{"address":"9715.0 110 STREET NW","assessed_value":145000},{"address":"230.0 EDWARDS DRIVE SW","assessed_value":262500},{"address":"nan nan","assessed_value":7000},{"address":"nan nan","assessed_value":7000},{"address":"nan nan","assessed_value":9500},{"address":"10504.0 99 AVENUE NW","assessed_value":368000},{"address":"8017.0 SHASKE DRIVE NW","assessed_value":526500},{"address":"14054.0 159A AVENUE NW","assessed_value":476000},{"address":"2098.0 BLACKMUD CREEK DRIVE SW","assessed_value":159000},{"address":"nan nan","assessed_value":9500},{"address":"8712.0 207 STREET NW","assessed_value":595500},{"address":"4243.0 93 STREET NW","assessed_value":6619000},{"address":"6435.0 164 AVENUE NW","assessed_value":478500},{"address":"11704.0 174 AVENUE NW","assessed_value":482000},{"address":"18604.0 111 AVENUE NW","assessed_value":65692000},{"address":"10707.0 96 STREET NW","assessed_value":210000},{"address":"20111.0 46 AVENUE NW","assessed_value":476000},{"address":"901.0 HOLLINGSWORTH BEND NW","assessed_value":34500},{"address":"7028.0 SOUTH TERWILLEGAR DRIVE NW","assessed_value":414000},{"address":"10303.0 105 STREET NW","assessed_value":150500},{"address":"nan nan","assessed_value":7000},{"address":"542.0 HUDSON ROAD NW","assessed_value":543500},{"address":"7932.0 2 AVENUE SW","assessed_value":329500},{"address":"10180.0 104 STREET NW","assessed_value":236000},{"address":"14039.0 146 AVENUE NW","assessed_value":517000},{"address":"10307.0 108 STREET NW","assessed_value":1075500},{"address":"10535.0 122 STREET NW","assessed_value":131000},{"address":"nan nan","assessed_value":3000},{"address":"2305.0 35A AVENUE NW","assessed_value":143000},{"address":"12104.0 16 AVENUE SW","assessed_value":304500},{"address":"12352.0 20 AVENUE SW","assessed_value":551500},{"address":"11326.0 11 AVENUE SW","assessed_value":568500},{"address":"11223.0 11 AVENUE SW","assessed_value":458000},{"address":"nan nan","assessed_value":9500},{"address":"5115.0 206 STREET NW","assessed_value":555000},{"address":"6715.0 11 AVENUE SW","assessed_value":853500},{"address":"nan nan","assessed_value":5000},{"address":"10180.0 104 STREET NW","assessed_value":217000},{"address":"1195.0 GOODWIN CIRCLE NW","assessed_value":690000},{"address":"278.0 SUDER GREENS DRIVE NW","assessed_value":281500},{"address":"nan nan","assessed_value":9500},{"address":"14708.0 50 STREET NW","assessed_value":94000},{"address":"261.0 YOUVILLE DRIVE EAST NW","assessed_value":255500},{"address":"16815.0 117 STREET NW","assessed_value":460000},{"address":"nan nan","assessed_value":4500},{"address":"12024.0 18 AVENUE SW","assessed_value":390000},{"address":"nan nan","assessed_value":9000},{"address":"14012.0 149 AVENUE NW","assessed_value":431000},{"address":"17404.0 64 AVENUE NW","assessed_value":170000},{"address":"16815.0 78 STREET NW","assessed_value":566000},{"address":"10179.0 105 STREET NW","assessed_value":253500},{"address":"16728.0 115 STREET NW","assessed_value":256500},{"address":"nan nan","assessed_value":5000},{"address":"17404.0 64 AVENUE NW","assessed_value":153000},{"address":"11933.0 106 AVENUE NW","assessed_value":208500},{"address":"5607.0 202 STREET NW","assessed_value":347000},{"address":"1205.0 MCALLISTER WAY SW","assessed_value":450500},{"address":"2430.0 GUARDIAN ROAD NW","assessed_value":197000},{"address":"1250.0 MCKINNEY COURT NW","assessed_value":694500},{"address":"12111.0 51 AVENUE NW","assessed_value":248500},{"address":"14259.0 50 STREET NW","assessed_value":147500},{"address":"20335.0 56 AVENUE NW","assessed_value":328000},{"address":"16208.0 2 STREET NE","assessed_value":720500},{"address":"3908.0 159 AVENUE NW","assessed_value":437500},{"address":"nan nan","assessed_value":7000},{"address":"12110.0 106 AVENUE NW","assessed_value":253000},{"address":"nan nan","assessed_value":9500},{"address":"9715.0 110 STREET NW","assessed_value":214500},{"address":"451.0 HYNDMAN CRESCENT NW","assessed_value":220500},{"address":"950.0 RUTHERFORD ROAD SW","assessed_value":442500},{"address":"11103.0 84 AVENUE NW","assessed_value":263500},{"address":"91.0 HOMESTEAD CRESCENT NW","assessed_value":2000},{"address":"230.0 EDWARDS DRIVE SW","assessed_value":245500},{"address":"8304.0 11 AVENUE SW","assessed_value":269500},{"address":"7924.0 3 AVENUE SW","assessed_value":464000},{"address":"2623.0 MARION PLACE SW","assessed_value":475500},{"address":"nan nan","assessed_value":7000},{"address":"1120.0 TORY ROAD NW","assessed_value":210000},{"address":"10606.0 102 AVENUE NW","assessed_value":204000},{"address":"4713.0 190A STREET NW","assessed_value":483500},{"address":"12039.0 19 AVENUE SW","assessed_value":416000},{"address":"17011.0 67 AVENUE NW","assessed_value":154000},{"address":"16715.0 100 AVENUE NW","assessed_value":156000},{"address":"5220.0 GATEWAY BOULEVARD NW","assessed_value":5387500},{"address":"5560.0 STEVENS CRESCENT NW","assessed_value":400000},{"address":"1242.0 TREDGER COURT NW","assessed_value":868500},{"address":"10303.0 105 STREET NW","assessed_value":164000},{"address":"10123.0 112 STREET NW","assessed_value":318500},{"address":"10303.0 105 STREET NW","assessed_value":177500},{"address":"16413.0 57 STREET NW","assessed_value":422500},{"address":"707.0 78 STREET SW","assessed_value":506500},{"address":"17807.0 108 STREET NW","assessed_value":563000},{"address":"13425.0 159A AVENUE NW","assessed_value":451000},{"address":"8055.0 SHASKE DRIVE NW","assessed_value":508000},{"address":"16224.0 73 STREET NW","assessed_value":359500},{"address":"5431.0 204 STREET NW","assessed_value":369500},{"address":"630.0 MCALLISTER LOOP SW","assessed_value":160500},{"address":"10679.0 181 AVENUE NW","assessed_value":501500},{"address":"12111.0 51 AVENUE NW","assessed_value":240000},{"address":"nan nan","assessed_value":9500},{"address":"13808.0 155 AVENUE NW","assessed_value":555000},{"address":"nan nan","assessed_value":7000},{"address":"16432.0 64 STREET NW","assessed_value":503500},{"address":"12110.0 106 AVENUE NW","assessed_value":247500},{"address":"9008.0 99 AVENUE NW","assessed_value":314500},{"address":"5911.0 SOUTH TERWILLEGAR BOULEVARD NW","assessed_value":356000},{"address":"245.0 EDWARDS DRIVE SW","assessed_value":157500},{"address":"405.0 OZERNA ROAD NW","assessed_value":574500},{"address":"nan nan","assessed_value":9000},{"address":"406.0 HEFFERNAN DRIVE NW","assessed_value":1047000},{"address":"10616.0 156 STREET NW","assessed_value":60500},{"address":"16317.0 64 STREET NW","assessed_value":294500},{"address":"446.0 MACEWAN ROAD SW","assessed_value":478500},{"address":"409.0 85 STREET SW","assessed_value":490000},{"address":"3380.0 28A AVENUE NW","assessed_value":311500},{"address":"10504.0 99 AVENUE NW","assessed_value":181000},{"address":"1667.0 HECTOR ROAD NW","assessed_value":578500},{"address":"16311.0 95 STREET NW","assessed_value":139500},{"address":"nan nan","assessed_value":3500},{"address":"151.0 BRINTNELL BOULEVARD NW","assessed_value":433500},{"address":"4312.0 139 AVENUE NW","assessed_value":143000},{"address":"nan nan","assessed_value":5000},{"address":"4015.0 184 STREET NW","assessed_value":46500},{"address":"2438.0 34A AVENUE NW","assessed_value":539000},{"address":"10606.0 102 AVENUE NW","assessed_value":216000},{"address":"nan nan","assessed_value":500},{"address":"nan nan","assessed_value":9000},{"address":"4637.0 154 AVENUE NW","assessed_value":463000},{"address":"1429.0 LATTA COURT NW","assessed_value":512500},{"address":"530.0 HOOKE ROAD NW","assessed_value":179000},{"address":"nan nan","assessed_value":9500},{"address":"nan nan","assessed_value":9000},{"address":"4115.0 157A AVENUE NW","assessed_value":536500},{"address":"5407.0 205 STREET NW","assessed_value":459000},{"address":"1449.0 WOODWARD CRESCENT NW","assessed_value":1450000},{"address":"10024.0 JASPER AVENUE NW","assessed_value":93000},{"address":"8212.0 2 AVENUE SW","assessed_value":324000},{"address":"261.0 YOUVILLE DRIVE EAST NW","assessed_value":194000},{"address":"10146.0 160 STREET NW","assessed_value":310000},{"address":"1203.0 TREDGER COURT NW","assessed_value":666500},{"address":"nan nan","assessed_value":10000},{"address":"1203.0 113 STREET SW","assessed_value":450500},{"address":"261.0 YOUVILLE DRIVE EAST NW","assessed_value":168000},{"address":"230.0 EDWARDS DRIVE SW","assessed_value":245500},{"address":"10303.0 105 STREET NW","assessed_value":186500},{"address":"413.0 OZERNA ROAD NW","assessed_value":511000},{"address":"230.0 EDWARDS DRIVE SW","assessed_value":245500},{"address":"628.0 HODGSON ROAD NW","assessed_value":587000},{"address":"146.0 HEMINGWAY ROAD NW","assessed_value":348500},{"address":"9910.0 111 STREET NW","assessed_value":230000},{"address":"8215.0 8 AVENUE SW","assessed_value":349500},{"address":"17408.0 86 STREET NW","assessed_value":602000},{"address":"11325.0 83 STREET NW","assessed_value":114000},{"address":"17404.0 64 AVENUE NW","assessed_value":118500},{"address":"8306.0 SHASKE CRESCENT NW","assessed_value":486500},{"address":"7358.0 SINGER WAY NW","assessed_value":585500},{"address":"3921.0 160 AVENUE NW","assessed_value":387000},{"address":"2530.0 33A AVENUE NW","assessed_value":605000},{"address":"11325.0 83 STREET NW","assessed_value":114000},{"address":"17812.0 110 STREET NW","assessed_value":569500},{"address":"15415.0 45A STREET NW","assessed_value":464500},{"address":"14259.0 50 STREET NW","assessed_value":141500},{"address":"nan nan","assessed_value":9500},{"address":"17715.0 96 AVENUE NW","assessed_value":334500},{"address":"11704.0 175 AVENUE NW","assessed_value":481500},{"address":"1428.0 HODGSON WAY NW","assessed_value":305000},{"address":"16715.0 100 AVENUE NW","assessed_value":147500},{"address":"4659.0 156 AVENUE NW","assessed_value":528500},{"address":"1155.0 115 STREET SW","assessed_value":532500},{"address":"5865.0 SUTTER PLACE NW","assessed_value":412000},{"address":"8026.0 3 AVENUE SW","assessed_value":568000},{"address":"811.0 GREEN CLOSE NW","assessed_value":530000},{"address":"1212.0 76 STREET SW","assessed_value":350000},{"address":"14708.0 50 STREET NW","assessed_value":137500},{"address":"nan nan","assessed_value":7000},{"address":"10504.0 99 AVENUE NW","assessed_value":231000},{"address":"15216.0 63 STREET NW","assessed_value":465000},{"address":"5711.0 163 AVENUE NW","assessed_value":331500},{"address":"8304.0 11 AVENUE SW","assessed_value":267000},{"address":"10909.0 103 AVENUE NW","assessed_value":279000},{"address":"4604.0 164 AVENUE NW","assessed_value":462500},{"address":"5908.0 202 STREET NW","assessed_value":424500},{"address":"nan nan","assessed_value":18000},{"address":"16221.0 95 STREET NW","assessed_value":161500},{"address":"12215.0 18 AVENUE SW","assessed_value":394500},{"address":"13005.0 140 AVENUE NW","assessed_value":161000},{"address":"1523.0 LAMBERT COURT NW","assessed_value":814500},{"address":"nan nan","assessed_value":9000},{"address":"nan nan","assessed_value":6500},{"address":"14127.0 134 STREET NW","assessed_value":505500},{"address":"10905.0 109 STREET NW","assessed_value":153000},{"address":"4312.0 139 AVENUE NW","assessed_value":138000},{"address":"nan nan","assessed_value":7000},{"address":"nan nan","assessed_value":3500},{"address":"12838.0 65 STREET NW","assessed_value":100500},{"address":"9120.0 106 AVENUE NW","assessed_value":53500},{"address":"3312.0 26 STREET NW","assessed_value":482500},{"address":"245.0 EDWARDS DRIVE SW","assessed_value":159500},{"address":"21235.0 90 AVENUE NW","assessed_value":361000},{"address":"13553.0 141A AVENUE NW","assessed_value":490500},{"address":"nan nan","assessed_value":13500},{"address":"nan nan","assessed_value":18000},{"address":"14048.0 149 AVENUE NW","assessed_value":423500},{"address":"nan nan","assessed_value":24000},{"address":"nan nan","assessed_value":10000},{"address":"5521.0 STEVENS CRESCENT NW","assessed_value":358000},{"address":"16416.0 56 STREET NW","assessed_value":325000},{"address":"761.0 GREEN WYND NW","assessed_value":504000},{"address":"822.0 DRYSDALE RUN NW","assessed_value":1042500},{"address":"324.0 79 STREET SW","assessed_value":556000},{"address":"9747.0 106 STREET NW","assessed_value":110000},{"address":"12111.0 51 AVENUE NW","assessed_value":233500},{"address":"7215.0 164 AVENUE NW","assessed_value":517500},{"address":"11629.0 123 STREET NW","assessed_value":316000},{"address":"20728.0 51 AVENUE NW","assessed_value":601500},{"address":"nan nan","assessed_value":18000},{"address":"14144.0 134 STREET NW","assessed_value":620500},{"address":"nan nan","assessed_value":9000},{"address":"14732.0 139 STREET NW","assessed_value":431000},{"address":"2711.0 TERWILLEGAR WAY NW","assessed_value":609500},{"address":"70.0 WIZE COURT NW","assessed_value":1348500},{"address":"21359.0 91 AVENUE NW","assessed_value":422000},{"address":"10504.0 99 AVENUE NW","assessed_value":234000},{"address":"16403.0 62 STREET NW","assessed_value":585500},{"address":"530.0 HOOKE ROAD NW","assessed_value":156500},{"address":"5209.0 205 STREET NW","assessed_value":504000},{"address":"9747.0 106 STREET NW","assessed_value":99000},{"address":"nan nan","assessed_value":7000},{"address":"nan nan","assessed_value":18000},{"address":"1311.0 WOODWARD PLACE NW","assessed_value":3565000},{"address":"10535.0 122 STREET NW","assessed_value":131000},{"address":"1313.0 82 STREET SW","assessed_value":564500},{"address":"9116.0 106 AVENUE NW","assessed_value":49500},{"address":"1609.0 MELROSE PLACE SW","assessed_value":435500},{"address":"2717.0 HANNA COURT NW","assessed_value":528000},{"address":"138.0 FRASER WAY NW","assessed_value":521500},{"address":"1103.0 114 STREET SW","assessed_value":564000},{"address":"16233.0 131A STREET NW","assessed_value":461000},{"address":"16235.0 45 STREET NW","assessed_value":461500},{"address":"1412.0 69 STREET SW","assessed_value":725000},{"address":"230.0 EDWARDS DRIVE SW","assessed_value":250500},{"address":"nan nan","assessed_value":9500},{"address":"2384.0 30 AVENUE NW","assessed_value":431500},{"address":"nan nan","assessed_value":7000},{"address":"13066.0 162A AVENUE NW","assessed_value":357500},{"address":"nan nan","assessed_value":9500},{"address":"351.0 SILVER BERRY ROAD NW","assessed_value":427500},{"address":"7743.0 7A AVENUE SW","assessed_value":443500},{"address":"15620.0 49 STREET NW","assessed_value":445500},{"address":"1617.0 LACOMBE COURT NW","assessed_value":588000},{"address":"17823.0 90 STREET NW","assessed_value":433000},{"address":"1817.0 LATTA PLACE NW","assessed_value":509500},{"address":"10649.0 SASKATCHEWAN DRIVE NW","assessed_value":288500},{"address":"9008.0 99 AVENUE NW","assessed_value":419500},{"address":"2360.0 30 AVENUE NW","assessed_value":397500},{"address":"2305.0 35A AVENUE NW","assessed_value":164000},{"address":"11325.0 83 STREET NW","assessed_value":128000},{"address":"10130.0 154 STREET NW","assessed_value":88000},{"address":"1050.0 MCKINNEY GREEN NW","assessed_value":565000},{"address":"nan nan","assessed_value":9000},{"address":"nan nan","assessed_value":4000},{"address":"16807.0 74 STREET NW","assessed_value":576500},{"address":"1249.0 MCALLISTER WAY SW","assessed_value":508500},{"address":"2508.0 HANNA CRESCENT NW","assessed_value":192000},{"address":"1243.0 MCALLISTER WAY SW","assessed_value":494500},{"address":"nan nan","assessed_value":9000},{"address":"nan nan","assessed_value":9500},{"address":"16232.0 51 STREET NW","assessed_value":501500},{"address":"612.0 111 STREET SW","assessed_value":254500},{"address":"3928.0 160 AVENUE NW","assessed_value":411500},{"address":"nan nan","assessed_value":7000},{"address":"2545.0 HANNA CRESCENT NW","assessed_value":458500},{"address":"nan nan","assessed_value":9500},{"address":"15403.0 47 STREET NW","assessed_value":504500},{"address":"2098.0 BLACKMUD CREEK DRIVE SW","assessed_value":162500},{"address":"nan nan","assessed_value":18000},{"address":"13830.0 150 AVENUE NW","assessed_value":164500},{"address":"nan nan","assessed_value":9500},{"address":"16715.0 100 AVENUE NW","assessed_value":167500},{"address":"5970.0 SOUTH TERWILLEGAR BOULEVARD NW","assessed_value":391500},{"address":"2518.0 TAYLOR COVE NW","assessed_value":143500},{"address":"nan nan","assessed_value":3000},{"address":"3216.0 MCCALL PLACE NW","assessed_value":778500},{"address":"10635.0 115 STREET NW","assessed_value":47500},{"address":"5212.0 205 STREET NW","assessed_value":531000},{"address":"16519.0 61A STREET NW","assessed_value":488000},{"address":"934.0 HOPE WAY NW","assessed_value":669500},{"address":"6410.0 134 AVENUE NW","assessed_value":304000},{"address":"17003.0 67 AVENUE NW","assessed_value":152500},{"address":"nan nan","assessed_value":9500},{"address":"20403.0 56 AVENUE NW","assessed_value":496000},{"address":"20319.0 54 AVENUE NW","assessed_value":429000},{"address":"11511.0 75 AVENUE NW","assessed_value":752000},{"address":"4708.0 201 STREET NW","assessed_value":495500},{"address":"10608.0 113 STREET NW","assessed_value":102000},{"address":"2564.0 HANNA CRESCENT NW","assessed_value":557500},{"address":"17804.0 111 STREET NW","assessed_value":534000},{"address":"3207.0 MCCALL PLACE NW","assessed_value":743500},{"address":"1304.0 80 STREET SW","assessed_value":694000},{"address":"1428.0 HODGSON WAY NW","assessed_value":309500},{"address":"1120.0 TORY ROAD NW","assessed_value":197500},{"address":"16116.0 130 STREET NW","assessed_value":438500},{"address":"nan nan","assessed_value":1267500},{"address":"nan nan","assessed_value":9000},{"address":"13444.0 62 STREET NW","assessed_value":340500},{"address":"760.0 MCALLISTER LOOP SW","assessed_value":485000},{"address":"12110.0 106 AVENUE NW","assessed_value":239500},{"address":"10024.0 JASPER AVENUE NW","assessed_value":106000},{"address":"8316.0 SHASKE CRESCENT NW","assessed_value":479000},{"address":"12221.0 MERIDIAN STREET NE","assessed_value":0},{"address":"8306.0 6 AVENUE SW","assessed_value":602500},{"address":"3007.0 TRELLE CRESCENT NW","assessed_value":401000},{"address":"nan nan","assessed_value":9500},{"address":"8704.0 10 AVENUE SW","assessed_value":484000},{"address":"2034.0 HILLIARD PLACE NW","assessed_value":635500},{"address":"569.0 STEWART CRESCENT SW","assessed_value":683000},{"address":"16615.0 70 STREET NW","assessed_value":615000},{"address":"14259.0 50 STREET NW","assessed_value":151000},{"address":"12039.0 20 AVENUE SW","assessed_value":530500},{"address":"12616.0 17 AVENUE SW","assessed_value":552500},{"address":"11808.0 175 AVENUE NW","assessed_value":557000},{"address":"nan nan","assessed_value":12500},{"address":"nan nan","assessed_value":4500},{"address":"nan nan","assessed_value":7000},{"address":"13911.0 149 AVENUE NW","assessed_value":447500},{"address":"1120.0 TORY ROAD NW","assessed_value":187000},{"address":"10835.0 114 STREET NW","assessed_value":66500},{"address":"11708.0 169 AVENUE NW","assessed_value":413000},{"address":"4932.0 205 STREET NW","assessed_value":505000},{"address":"9008.0 99 AVENUE NW","assessed_value":327000},{"address":"nan nan","assessed_value":7000},{"address":"20220.0 60 AVENUE NW","assessed_value":495500},{"address":"10180.0 104 STREET NW","assessed_value":217500},{"address":"16404.0 49 STREET NW","assessed_value":463500},{"address":"nan nan","assessed_value":18000},{"address":"1365.0 RUTHERFORD ROAD SW","assessed_value":345000},{"address":"211.0 79 STREET SW","assessed_value":500},{"address":"279.0 SUDER GREENS DRIVE NW","assessed_value":191500},{"address":"7810.0 168A AVENUE NW","assessed_value":778000},{"address":"6220.0 164 AVENUE NW","assessed_value":477500},{"address":"nan nan","assessed_value":17500},{"address":"10625.0 115 STREET NW","assessed_value":70500},{"address":"nan nan","assessed_value":13500},{"address":"14117.0 148A AVENUE NW","assessed_value":465000},{"address":"nan nan","assessed_value":4000},{"address":"1729.0 MELROSE CRESCENT SW","assessed_value":509500},{"address":"nan nan","assessed_value":7000},{"address":"10303.0 105 STREET NW","assessed_value":186000},{"address":"10684.0 181 AVENUE NW","assessed_value":466500},{"address":"nan nan","assessed_value":9500},{"address":"2312.0 28B AVENUE NW","assessed_value":361500},{"address":"2516.0 TAYLOR COVE NW","assessed_value":590000},{"address":"905.0 BLACKLOCK WAY SW","assessed_value":188000},{"address":"16221.0 95 STREET NW","assessed_value":153000},{"address":"4011.0 158 AVENUE NW","assessed_value":440000},{"address":"nan nan","assessed_value":13500},{"address":"6708.0 90 AVENUE NW","assessed_value":111500},{"address":"1929.0 120A STREET SW","assessed_value":558500},{"address":"nan nan","assessed_value":4000},{"address":"nan nan","assessed_value":500},{"address":"1815.0 TOWNE CENTRE BOULEVARD NW","assessed_value":476000},{"address":"5423.0 THIBAULT WYND NW","assessed_value":594000},{"address":"10407.0 122 STREET NW","assessed_value":215500},{"address":"4312.0 139 AVENUE NW","assessed_value":143500},{"address":"nan nan","assessed_value":10000},{"address":"530.0 HOOKE ROAD NW","assessed_value":158500},{"address":"4731.0 TERWILLEGAR COMMON NW","assessed_value":295500},{"address":"nan nan","assessed_value":14000},{"address":"4817.0 155A AVENUE NW","assessed_value":515000},{"address":"nan nan","assessed_value":18000},{"address":"11037.0 84 STREET NW","assessed_value":70500},{"address":"104.0 163 AVENUE NE","assessed_value":753000},{"address":"nan nan","assessed_value":7000},{"address":"5524.0 165 AVENUE NW","assessed_value":470000},{"address":"5907.0 203 STREET NW","assessed_value":399500},{"address":"11715.0 124 STREET NW","assessed_value":91000},{"address":"10147.0 112 STREET NW","assessed_value":236000},{"address":"1834.0 BOWMAN POINT SW","assessed_value":831000},{"address":"14416.0 98 STREET NW","assessed_value":374500},{"address":"1811.0 HOLMAN CRESCENT NW","assessed_value":511500},{"address":"7216.0 164 AVENUE NW","assessed_value":1029500},{"address":"nan nan","assessed_value":24000},{"address":"nan nan","assessed_value":4500},{"address":"11933.0 106 AVENUE NW","assessed_value":170500},{"address":"10625.0 115 STREET NW","assessed_value":63500},{"address":"12434.0 18A AVENUE SW","assessed_value":629500},{"address":"17816.0 90 STREET NW","assessed_value":460000},{"address":"nan nan","assessed_value":18000},{"address":"13976.0 137 STREET NW","assessed_value":338000},{"address":"982.0 CHAHLEY CRESCENT NW","assessed_value":525500},{"address":"1251.0 RUTHERFORD ROAD SW","assessed_value":489500},{"address":"13506.0 141A AVENUE NW","assessed_value":456500},{"address":"nan nan","assessed_value":9500},{"address":"16409.0 58 STREET NW","assessed_value":378500},{"address":"14624.0 STONY PLAIN ROAD NW","assessed_value":311500},{"address":"9707.0 105 STREET NW","assessed_value":187000},{"address":"nan nan","assessed_value":6500},{"address":"nan nan","assessed_value":18000},{"address":"1511.0 78 STREET SW","assessed_value":455000},{"address":"2019.0 124 STREET SW","assessed_value":621500},{"address":"10619.0 181 AVENUE NW","assessed_value":489500},{"address":"nan nan","assessed_value":7000},{"address":"1421.0 WOODWARD CRESCENT NW","assessed_value":2341500},{"address":"231.0 MACEWAN ROAD SW","assessed_value":469000},{"address":"nan nan","assessed_value":7000},{"address":"20128.0 48 AVENUE NW","assessed_value":489500},{"address":"7323.0 SINGER WAY NW","assessed_value":476000},{"address":"nan nan","assessed_value":9500},{"address":"1258.0 MCALLISTER WAY SW","assessed_value":542000},{"address":"2924.0 25 STREET NW","assessed_value":378000},{"address":"530.0 HOOKE ROAD NW","assessed_value":209000},{"address":"13107.0 153 AVENUE NW","assessed_value":14275500},{"address":"13955.0 137 STREET NW","assessed_value":317500},{"address":"nan nan","assessed_value":18000},{"address":"7222.0 166A AVENUE NW","assessed_value":466000},{"address":"1636.0 MELROSE PLACE SW","assessed_value":408500},{"address":"17011.0 67 AVENUE NW","assessed_value":130000},{"address":"6210.0 101 AVENUE NW","assessed_value":172000},{"address":"nan nan","assessed_value":10000},{"address":"3056.0 MACNEIL WAY NW","assessed_value":737000},{"address":"nan nan","assessed_value":7000},{"address":"20204.0 48 AVENUE NW","assessed_value":511500},{"address":"1138.0 GOODWIN CIRCLE NW","assessed_value":538500},{"address":"10180.0 104 STREET NW","assessed_value":218000},{"address":"10616.0 156 STREET NW","assessed_value":63500},{"address":"1780.0 GLASTONBURY BOULEVARD NW","assessed_value":356000},{"address":"1611.0 HODGSON COURT NW","assessed_value":550500},{"address":"nan nan","assessed_value":10000},{"address":"10411.0 122 STREET NW","assessed_value":183000},{"address":"12111.0 51 AVENUE NW","assessed_value":214500},{"address":"278.0 SUDER GREENS DRIVE NW","assessed_value":246000},{"address":"3931.0 38 STREET NW","assessed_value":243500},{"address":"10535.0 122 STREET NW","assessed_value":165000},{"address":"nan nan","assessed_value":9000},{"address":"16840.0 79 STREET NW","assessed_value":533000},{"address":"552.0 HUDSON ROAD NW","assessed_value":447000},{"address":"1428.0 HODGSON WAY NW","assessed_value":309500},{"address":"4014.0 158 AVENUE NW","assessed_value":408500},{"address":"nan nan","assessed_value":7000},{"address":"10411.0 122 STREET NW","assessed_value":186500},{"address":"nan nan","assessed_value":6500},{"address":"1412.0 WOODWARD CRESCENT NW","assessed_value":1452500},{"address":"2908.0 TRELLE WAY NW","assessed_value":480000},{"address":"1225.0 WANYANDI ROAD NW","assessed_value":624000},{"address":"752.0 MCALLISTER LOOP SW","assessed_value":446000},{"address":"3507.0 29 STREET NW","assessed_value":568500},{"address":"12504.0 15 AVENUE SW","assessed_value":444000},{"address":"nan nan","assessed_value":18000},{"address":"12421.0 18A AVENUE SW","assessed_value":754500},{"address":"1406.0 HODGSON WAY NW","assessed_value":231000},{"address":"nan nan","assessed_value":14000},{"address":"905.0 BLACKLOCK WAY SW","assessed_value":183500},{"address":"nan nan","assessed_value":24000},{"address":"nan nan","assessed_value":8000},{"address":"9715.0 110 STREET NW","assessed_value":223000},{"address":"nan nan","assessed_value":9000},{"address":"1608.0 LACOMBE COURT NW","assessed_value":556000},{"address":"7221.0 166A AVENUE NW","assessed_value":566000},{"address":"nan nan","assessed_value":3000},{"address":"3380.0 28A AVENUE NW","assessed_value":303500},{"address":"5020.0 206 STREET NW","assessed_value":464500},{"address":"11534.0 11 AVENUE SW","assessed_value":327500},{"address":"3930.0 160 AVENUE NW","assessed_value":401500},{"address":"4823.0 154 AVENUE NW","assessed_value":469500},{"address":"10008.0 151 STREET NW","assessed_value":147500},{"address":"16212.0 132 STREET NW","assessed_value":472000},{"address":"nan nan","assessed_value":9500},{"address":"240.0 OZERNA ROAD NW","assessed_value":498500},{"address":"287.0 MACEWAN ROAD SW","assessed_value":323000},{"address":"2388.0 28B AVENUE NW","assessed_value":354500},{"address":"19051.0 47 AVENUE NW","assessed_value":447500},{"address":"nan nan","assessed_value":9500},{"address":"261.0 YOUVILLE DRIVE EAST NW","assessed_value":196000},{"address":"nan nan","assessed_value":9000},{"address":"2412.0 HAGEN WAY NW","assessed_value":502000},{"address":"7912.0 2 AVENUE SW","assessed_value":334000},{"address":"230.0 EDWARDS DRIVE SW","assessed_value":246500},{"address":"903.0 RUTHERFORD ROAD SW","assessed_value":331000},{"address":"1251.0 RUTHERFORD ROAD SW","assessed_value":533500},{"address":"1225.0 WANYANDI ROAD NW","assessed_value":692500},{"address":"nan nan","assessed_value":9500},{"address":"17404.0 64 AVENUE NW","assessed_value":180000},{"address":"1531.0 RUTHERFORD ROAD SW","assessed_value":342000},{"address":"563.0 HUDSON ROAD NW","assessed_value":626000},{"address":"20715.0 89 AVENUE NW","assessed_value":595500},{"address":"2984.0 MCPHADDEN WAY SW","assessed_value":513000},{"address":"905.0 BLACKLOCK WAY SW","assessed_value":167000},{"address":"2430.0 GUARDIAN ROAD NW","assessed_value":179000},{"address":"15635.0 45 STREET NW","assessed_value":400000},{"address":"5948.0 SOUTH TERWILLEGAR BOULEVARD NW","assessed_value":373500},{"address":"3925.0 159 AVENUE NW","assessed_value":387500},{"address":"10403.0 122 STREET NW","assessed_value":191000},{"address":"924.0 CHAHLEY CRESCENT NW","assessed_value":653000},{"address":"230.0 EDWARDS DRIVE SW","assessed_value":245500},{"address":"10411.0 122 STREET NW","assessed_value":233000},{"address":"4611.0 164 AVENUE NW","assessed_value":467000},{"address":"3017.0 MACNEIL WAY NW","assessed_value":716000},{"address":"2927.0 26 STREET NW","assessed_value":339000},{"address":"3003.0 34 AVENUE NW","assessed_value":412500},{"address":"2098.0 BLACKMUD CREEK DRIVE SW","assessed_value":152000},{"address":"9312.0 104 AVENUE NW","assessed_value":59000},{"address":"2376.0 28B AVENUE NW","assessed_value":421000},{"address":"nan nan","assessed_value":18000},{"address":"3842.0 MCLEAN CLOSE SW","assessed_value":543500},{"address":"1410.0 CYPRUS WAY NW","assessed_value":567000},{"address":"3020.0 MACNEIL WAY NW","assessed_value":780000},{"address":"nan nan","assessed_value":9500},{"address":"5514.0 165 AVENUE NW","assessed_value":466500},{"address":"431.0 84 STREET SW","assessed_value":474500},{"address":"nan nan","assessed_value":7000},{"address":"7704.0 15 AVENUE SW","assessed_value":449500},{"address":"18253.0 104A STREET NW","assessed_value":341500},{"address":"5320.0 68 AVENUE NW","assessed_value":942000},{"address":"832.0 DRYSDALE RUN NW","assessed_value":856500},{"address":"nan nan","assessed_value":18000},{"address":"10179.0 105 STREET NW","assessed_value":210500},{"address":"nan nan","assessed_value":9000},{"address":"616.0 MCALLISTER LOOP SW","assessed_value":123500},{"address":"120.0 WOLF RIDGE PLACE NW","assessed_value":694000},{"address":"16208.0 131 STREET NW","assessed_value":339500},{"address":"4312.0 139 AVENUE NW","assessed_value":144000},{"address":"12111.0 51 AVENUE NW","assessed_value":236000},{"address":"nan nan","assessed_value":4500},{"address":"17404.0 64 AVENUE NW","assessed_value":123000},{"address":"12710.0 127 STREET NW","assessed_value":92500},{"address":"10909.0 103 AVENUE NW","assessed_value":261500},{"address":"6931.0 164 AVENUE NW","assessed_value":479500},{"address":"17413.0 88 STREET NW","assessed_value":399500},{"address":"2343.0 32 AVENUE NW","assessed_value":463000},{"address":"1851.0 102 STREET NW","assessed_value":1076500},{"address":"2750.0 55 STREET NW","assessed_value":142000},{"address":"10024.0 JASPER AVENUE NW","assessed_value":97000},{"address":"17011.0 67 AVENUE NW","assessed_value":157500},{"address":"9910.0 111 STREET NW","assessed_value":226000},{"address":"nan nan","assessed_value":5000},{"address":"nan nan","assessed_value":7000},{"address":"2427.0 32 AVENUE NW","assessed_value":478500},{"address":"17604.0 90 STREET NW","assessed_value":511500},{"address":"10620.0 112 STREET NW","assessed_value":60500},{"address":"nan nan","assessed_value":7000},{"address":"12205.0 66 STREET NW","assessed_value":382000},{"address":"880.0 HOLLANDS LANDING NW","assessed_value":1078000},{"address":"230.0 EDWARDS DRIVE SW","assessed_value":250500},{"address":"630.0 MCALLISTER LOOP SW","assessed_value":140500},{"address":"1242.0 MCALLISTER WAY SW","assessed_value":505500},{"address":"10535.0 122 STREET NW","assessed_value":134500},{"address":"10303.0 105 STREET NW","assessed_value":184000},{"address":"nan nan","assessed_value":24000},{"address":"21137.0 92A AVENUE NW","assessed_value":525500},{"address":"17011.0 67 AVENUE NW","assessed_value":158000},{"address":"350.0 MACEWAN ROAD SW","assessed_value":476000},{"address":"nan nan","assessed_value":110000},{"address":"15426.0 46A STREET NW","assessed_value":444500},{"address":"10024.0 JASPER AVENUE NW","assessed_value":130500},{"address":"1236.0 115 STREET SW","assessed_value":535500},{"address":"622.0 MCALLISTER LOOP SW","assessed_value":167500},{"address":"5828.0 203 STREET NW","assessed_value":399000},{"address":"5875.0 SUTTER PLACE NW","assessed_value":435000},{"address":"1807.0 BOWMAN POINT SW","assessed_value":741500},{"address":"16715.0 100 AVENUE NW","assessed_value":117000},{"address":"12933.0 161A AVENUE NW","assessed_value":426500},{"address":"nan nan","assessed_value":9000},{"address":"nan nan","assessed_value":18000},{"address":"296.0 OZERNA ROAD NW","assessed_value":833500},{"address":"1666.0 MELROSE PLACE SW","assessed_value":410000},{"address":"11933.0 106 AVENUE NW","assessed_value":220000},{"address":"nan nan","assessed_value":500},{"address":"1308.0 82 STREET SW","assessed_value":514500},{"address":"20420.0 50 AVENUE NW","assessed_value":473000},{"address":"279.0 SUDER GREENS DRIVE NW","assessed_value":160500},{"address":"4819.0 209 STREET NW","assessed_value":620000},{"address":"1771.0 MELROSE CRESCENT SW","assessed_value":444500},{"address":"nan nan","assessed_value":7000},{"address":"1230.0 TREDGER COURT NW","assessed_value":860000},{"address":"1816.0 LATTA PLACE NW","assessed_value":484000},{"address":"11325.0 83 STREET NW","assessed_value":128000},{"address":"2430.0 GUARDIAN ROAD NW","assessed_value":176000},{"address":"nan nan","assessed_value":5000},{"address":"16221.0 95 STREET NW","assessed_value":175000},{"address":"1811.0 LATTA PLACE NW","assessed_value":483500},{"address":"nan nan","assessed_value":7000},{"address":"10179.0 105 STREET NW","assessed_value":276500},{"address":"4755.0 156 AVENUE NW","assessed_value":353000},{"address":"1293.0 MCALLISTER WAY SW","assessed_value":456500},{"address":"1657.0 MELROSE PLACE SW","assessed_value":345000},{"address":"1017.0 70 STREET SW","assessed_value":837500},{"address":"5941.0 SOUTH TERWILLEGAR BOULEVARD NW","assessed_value":360500},{"address":"3921.0 MCMULLEN GREEN SW","assessed_value":74500},{"address":"2305.0 35A AVENUE NW","assessed_value":146500},{"address":"nan nan","assessed_value":6000},{"address":"7603.0 16 AVENUE SW","assessed_value":520000},{"address":"4606.0 163A AVENUE NW","assessed_value":478500},{"address":"nan nan","assessed_value":9500},{"address":"14807.0 141 STREET NW","assessed_value":440000},{"address":"6011.0 STANTON DRIVE SW","assessed_value":342500},{"address":"nan nan","assessed_value":9500},{"address":"21106.0 92A AVENUE NW","assessed_value":455500},{"address":"2098.0 BLACKMUD CREEK DRIVE SW","assessed_value":179000},{"address":"1406.0 HODGSON WAY NW","assessed_value":260500},{"address":"5810.0 SUTTER PLACE NW","assessed_value":414000},{"address":"279.0 SUDER GREENS DRIVE NW","assessed_value":180000},{"address":"2204.0 LEGER COURT NW","assessed_value":503500},{"address":"nan nan","assessed_value":24000},{"address":"5636.0 203 STREET NW","assessed_value":344500},{"address":"16450.0 65 STREET NW","assessed_value":453000},{"address":"16408.0 58 STREET NW","assessed_value":377000},{"address":"3167.0 TRELLE LOOP NW","assessed_value":496000},{"address":"14259.0 50 STREET NW","assessed_value":162000},{"address":"530.0 HOOKE ROAD NW","assessed_value":215500},{"address":"2807.0 25 STREET NW","assessed_value":428500},{"address":"8932.0 176 AVENUE NW","assessed_value":413500},{"address":"2750.0 55 STREET NW","assessed_value":224500},{"address":"430.0 84 STREET SW","assessed_value":467000},{"address":"18204.0 103 STREET NW","assessed_value":514000},{"address":"10024.0 JASPER AVENUE NW","assessed_value":105000},{"address":"3507.0 60 STREET NW","assessed_value":70500},{"address":"nan nan","assessed_value":8000},{"address":"630.0 MCALLISTER LOOP SW","assessed_value":131500},{"address":"3219.0 23 STREET NW","assessed_value":457500},{"address":"9312.0 104 AVENUE NW","assessed_value":58000},{"address":"3974.0 MCMULLEN GREEN SW","assessed_value":450500},{"address":"10024.0 JASPER AVENUE NW","assessed_value":105500},{"address":"nan nan","assessed_value":13500},{"address":"1505.0 RUTHERFORD ROAD SW","assessed_value":362500},{"address":"15404.0 131 AVENUE NW","assessed_value":1538000},{"address":"5411.0 164 AVENUE NW","assessed_value":435500},{"address":"nan nan","assessed_value":5000},{"address":"315.0 79 STREET SW","assessed_value":472500},{"address":"2430.0 GUARDIAN ROAD NW","assessed_value":185500},{"address":"15219.0 99 AVENUE NW","assessed_value":563000},{"address":"10403.0 122 STREET NW","assessed_value":161000},{"address":"13005.0 140 AVENUE NW","assessed_value":161000},{"address":"13117.0 162A AVENUE NW","assessed_value":430000},{"address":"3035.0 SPENCE WYND SW","assessed_value":511500},{"address":"1011.0 87 STREET SW","assessed_value":536000},{"address":"12442.0 17A AVENUE SW","assessed_value":657000},{"address":"nan nan","assessed_value":9500},{"address":"2630.0 TAYLOR GREEN NW","assessed_value":490500},{"address":"1406.0 HODGSON WAY NW","assessed_value":281500},{"address":"1822.0 121 STREET SW","assessed_value":464500},{"address":"1406.0 HODGSON WAY NW","assessed_value":375500},{"address":"4312.0 139 AVENUE NW","assessed_value":135500},{"address":"13830.0 150 AVENUE NW","assessed_value":183500},{"address":"7920.0 7 AVENUE SW","assessed_value":574000},{"address":"1403.0 MCMILLIAN WAY SW","assessed_value":344000},{"address":"815.0 HOLLANDS LANDING NW","assessed_value":790000},{"address":"16784.0 117 STREET NW","assessed_value":470000},{"address":"nan nan","assessed_value":7000},{"address":"20708.0 51 AVENUE NW","assessed_value":776000},{"address":"4744.0 156 AVENUE NW","assessed_value":392500},{"address":"nan nan","assessed_value":9500},{"address":"4804.0 154 AVENUE NW","assessed_value":494500},{"address":"nan nan","assessed_value":18000},{"address":"4621.0 190A STREET NW","assessed_value":509500},{"address":"8304.0 11 AVENUE SW","assessed_value":268500},{"address":"13416.0 62 STREET NW","assessed_value":326500},{"address":"10246.0 104 STREET NW","assessed_value":1169000},{"address":"nan nan","assessed_value":9500},{"address":"12111.0 51 AVENUE NW","assessed_value":213000},{"address":"3312.0 MCCALL COURT NW","assessed_value":692000},{"address":"1225.0 76 STREET SW","assessed_value":351500},{"address":"15830.0 141 STREET NW","assessed_value":387000},{"address":"2012.0 HILLIARD PLACE NW","assessed_value":717500},{"address":"710.0 17 STREET NW","assessed_value":424500},{"address":"nan nan","assessed_value":18000},{"address":"1422.0 88A STREET SW","assessed_value":989500},{"address":"1123.0 117 STREET SW","assessed_value":488000},{"address":"707.0 83 STREET SW","assessed_value":414500},{"address":"18278.0 104A STREET NW","assessed_value":342000},{"address":"7984.0 2 AVENUE SW","assessed_value":329000},{"address":"nan nan","assessed_value":9000},{"address":"3451.0 28 STREET NW","assessed_value":525000},{"address":"nan nan","assessed_value":18000},{"address":"278.0 SUDER GREENS DRIVE NW","assessed_value":186000},{"address":"630.0 MCALLISTER LOOP SW","assessed_value":162000},{"address":"10648.0 181 AVENUE NW","assessed_value":456500},{"address":"nan nan","assessed_value":8000},{"address":"230.0 EDWARDS DRIVE SW","assessed_value":250500},{"address":"nan nan","assessed_value":5000},{"address":"1437.0 MCMILLIAN WAY SW","assessed_value":346000},{"address":"3219.0 25 STREET NW","assessed_value":443500},{"address":"nan nan","assessed_value":9500},{"address":"nan nan","assessed_value":9500},{"address":"3356.0 26 STREET NW","assessed_value":462000},{"address":"10535.0 122 STREET NW","assessed_value":161500},{"address":"10235.0 150 STREET NW","assessed_value":296500},{"address":"nan nan","assessed_value":5000},{"address":"713.0 MASSEY WAY NW","assessed_value":877500},{"address":"nan nan","assessed_value":17500},{"address":"14140.0 136 STREET NW","assessed_value":422500},{"address":"7516.0 168 AVENUE NW","assessed_value":564500},{"address":"1020.0 HOPE ROAD NW","assessed_value":621500},{"address":"1305.0 KAPYONG AVENUE NW","assessed_value":763000},{"address":"2449.0 HAGEN WAY NW","assessed_value":421500},{"address":"1735.0 BOWNESS WYND SW","assessed_value":731500},{"address":"7212.0 164 AVENUE NW","assessed_value":1008000},{"address":"10535.0 122 STREET NW","assessed_value":136000},{"address":"8811.0 87 STREET NW","assessed_value":412000},{"address":"8600.0 175 AVENUE NW","assessed_value":18500},{"address":"13005.0 140 AVENUE NW","assessed_value":175000},{"address":"nan nan","assessed_value":9500},{"address":"20431.0 57 AVENUE NW","assessed_value":583500},{"address":"20120.0 47 AVENUE NW","assessed_value":549000},{"address":"16221.0 95 STREET NW","assessed_value":155500},{"address":"230.0 EDWARDS DRIVE SW","assessed_value":245500},{"address":"16252.0 51 STREET NW","assessed_value":456000},{"address":"10504.0 99 AVENUE NW","assessed_value":216500},{"address":"13464.0 140 AVENUE NW","assessed_value":628500},{"address":"17404.0 64 AVENUE NW","assessed_value":190000},{"address":"720.0 78 STREET SW","assessed_value":477500},{"address":"3442.0 28 STREET NW","assessed_value":479500},{"address":"17011.0 67 AVENUE NW","assessed_value":158000},{"address":"5809.0 137 AVENUE NW","assessed_value":500},{"address":"12104.0 16 AVENUE SW","assessed_value":313000},{"address":"4004.0 158 AVENUE NW","assessed_value":467500},{"address":"3412.0 23 STREET NW","assessed_value":587000},{"address":"20427.0 51 AVENUE NW","assessed_value":488000},{"address":"287.0 MACEWAN ROAD SW","assessed_value":294500},{"address":"nan nan","assessed_value":5000},{"address":"nan nan","assessed_value":18000},{"address":"10616.0 156 STREET NW","assessed_value":69500},{"address":"10303.0 105 STREET NW","assessed_value":174000},{"address":"7828.0 5 AVENUE SW","assessed_value":564000},{"address":"nan nan","assessed_value":13500},{"address":"16221.0 95 STREET NW","assessed_value":120000},{"address":"2929.0 23 STREET NW","assessed_value":343000},{"address":"10303.0 105 STREET NW","assessed_value":187000},{"address":"2507.0 28B AVENUE NW","assessed_value":388000},{"address":"10819.0 178 AVENUE NW","assessed_value":570500},{"address":"3043.0 TRELLE CRESCENT NW","assessed_value":461500},{"address":"230.0 EDWARDS DRIVE SW","assessed_value":245500},{"address":"16406.0 61A STREET NW","assessed_value":679000},{"address":"2098.0 BLACKMUD CREEK DRIVE SW","assessed_value":182500},{"address":"9008.0 99 AVENUE NW","assessed_value":410500},{"address":"12927.0 82 STREET NW","assessed_value":236000},{"address":"nan nan","assessed_value":9500},{"address":"4615.0 156 AVENUE NW","assessed_value":468500},{"address":"nan nan","assessed_value":3000},{"address":"nan nan","assessed_value":9500},{"address":"nan nan","assessed_value":5000},{"address":"17011.0 67 AVENUE NW","assessed_value":152500},{"address":"736.0 MCALLISTER LOOP SW","assessed_value":530500},{"address":"16823.0 117 STREET NW","assessed_value":459500},{"address":"3142.0 TRELLE LOOP NW","assessed_value":487000},{"address":"nan nan","assessed_value":9500},{"address":"16236.0 49 STREET NW","assessed_value":454500},{"address":"14047.0 136 STREET NW","assessed_value":432000},{"address":"10411.0 122 STREET NW","assessed_value":231000},{"address":"6140.0 165 AVENUE NW","assessed_value":454000},{"address":"nan nan","assessed_value":10000},{"address":"11325.0 83 STREET NW","assessed_value":134500},{"address":"451.0 HYNDMAN CRESCENT NW","assessed_value":225500},{"address":"nan nan","assessed_value":9500},{"address":"636.0 MCALLISTER LOOP SW","assessed_value":126000},{"address":"nan nan","assessed_value":9500},{"address":"1251.0 RUTHERFORD ROAD SW","assessed_value":427000},{"address":"20219.0 56 AVENUE NW","assessed_value":363000},{"address":"nan nan","assessed_value":9500},{"address":"4822.0 TERWILLEGAR COMMON NW","assessed_value":358000},{"address":"10123.0 112 STREET NW","assessed_value":283000},{"address":"8808.0 208 STREET NW","assessed_value":658500},{"address":"10118.0 95 STREET NW","assessed_value":157000},{"address":"nan nan","assessed_value":3500},{"address":"2940.0 26 STREET NW","assessed_value":331000},{"address":"3015.0 SPENCE WYND SW","assessed_value":583500},{"address":"6310.0 101 AVENUE NW","assessed_value":172000},{"address":"13044.0 162 AVENUE NW","assessed_value":439000},{"address":"12916.0 156 STREET NW","assessed_value":192000},{"address":"9119.0 210 STREET NW","assessed_value":473000},{"address":"10118.0 95 STREET NW","assessed_value":237000},{"address":"5914.0 SOUTH TERWILLEGAR BOULEVARD NW","assessed_value":371000},{"address":"16428.0 62 STREET NW","assessed_value":510000},{"address":"5103.0 162 AVENUE NW","assessed_value":537000},{"address":"3003.0 34 AVENUE NW","assessed_value":395000},{"address":"11723.0 169 AVENUE NW","assessed_value":433500},{"address":"1131.0 114 STREET SW","assessed_value":463000},{"address":"15432.0 49 STREET NW","assessed_value":482500},{"address":"261.0 YOUVILLE DRIVE EAST NW","assessed_value":212000},{"address":"16312.0 56 STREET NW","assessed_value":329500},{"address":"15555.0 49 STREET NW","assessed_value":490500},{"address":"13915.0 159 AVENUE NW","assessed_value":435500},{"address":"1644.0 MELROSE PLACE SW","assessed_value":416000},{"address":"9715.0 110 STREET NW","assessed_value":200500},{"address":"13005.0 140 AVENUE NW","assessed_value":163000},{"address":"nan nan","assessed_value":7000},{"address":"16256.0 132 STREET NW","assessed_value":440000},{"address":"230.0 EDWARDS DRIVE SW","assessed_value":245500},{"address":"616.0 MCALLISTER LOOP SW","assessed_value":161000},{"address":"nan nan","assessed_value":7000},{"address":"10535.0 122 STREET NW","assessed_value":134500},{"address":"nan nan","assessed_value":4000},{"address":"5533.0 165 AVENUE NW","assessed_value":425500},{"address":"3313.0 25 STREET NW","assessed_value":548500},{"address":"nan nan","assessed_value":10000},{"address":"9707.0 105 STREET NW","assessed_value":149500},{"address":"nan nan","assessed_value":18000},{"address":"16311.0 95 STREET NW","assessed_value":205500},{"address":"2426.0 HAGEN WAY NW","assessed_value":502000},{"address":"nan nan","assessed_value":7000},{"address":"nan nan","assessed_value":9000},{"address":"4808.0 209 STREET NW","assessed_value":637500},{"address":"230.0 EDWARDS DRIVE SW","assessed_value":245500},{"address":"1145.0 MCALLISTER COURT SW","assessed_value":534000},{"address":"5831.0 204 STREET NW","assessed_value":434000},{"address":"nan nan","assessed_value":5000},{"address":"nan nan","assessed_value":7000},{"address":"11325.0 83 STREET NW","assessed_value":137000},{"address":"16411.0 61 STREET NW","assessed_value":509000},{"address":"16518.0 63A STREET NW","assessed_value":645000},{"address":"7363.0 SINGER WAY NW","assessed_value":681000},{"address":"14128.0 148 AVENUE NW","assessed_value":445000},{"address":"3432.0 28 STREET NW","assessed_value":507000},{"address":"11707.0 124 STREET NW","assessed_value":82500},{"address":"7731.0 7A AVENUE SW","assessed_value":501500},{"address":"nan nan","assessed_value":9500},{"address":"21328.0 90 AVENUE NW","assessed_value":383000},{"address":"17439.0 119 STREET NW","assessed_value":503000},{"address":"1340.0 KAPYONG AVENUE NW","assessed_value":519500},{"address":"3356.0 25 STREET NW","assessed_value":497000},{"address":"469.0 MACEWAN ROAD SW","assessed_value":490000},{"address":"nan nan","assessed_value":4500},{"address":"nan nan","assessed_value":7000},{"address":"20724.0 89 AVENUE NW","assessed_value":586500},{"address":"nan nan","assessed_value":9000},{"address":"nan nan","assessed_value":7000},{"address":"3324.0 26 STREET NW","assessed_value":432500},{"address":"8308.0 6 AVENUE SW","assessed_value":592000},{"address":"2221.0 LEGER COURT NW","assessed_value":516500}]