[{"address":"3120.0 16 AVENUE NW","assessed_value":399500},{"address":"5924.0 MULLEN WAY NW","assessed_value":327000},{"address":"11517.0 18A AVENUE SW","assessed_value":402500},{"address":"nan nan","assessed_value":4500},{"address":"17131.0 121 STREET NW","assessed_value":423000},{"address":"4755.0 ELLERSLIE ROAD SW","assessed_value":5928500},{"address":"1613.0 63A STREET SW","assessed_value":587500},{"address":"10152.0 104 STREET NW","assessed_value":339000},{"address":"nan nan","assessed_value":11000},{"address":"14604.0 125 STREET NW","assessed_value":205000},{"address":"16143.0 141 STREET NW","assessed_value":534500},{"address":"752.0 DECOTEAU WAY NW","assessed_value":562000},{"address":"nan nan","assessed_value":7500},{"address":"nan nan","assessed_value":11500},{"address":"6835.0 SPEAKER VISTA NW","assessed_value":350500},{"address":"111.0 AMBLESIDE DRIVE SW","assessed_value":211000},{"address":"706.0 ALBANY PLACE NW","assessed_value":669000},{"address":"2134.0 GLENRIDDING WAY SW","assessed_value":501500},{"address":"9351.0 SIMPSON DRIVE NW","assessed_value":211500},{"address":"37.0 WINDERMERE DRIVE SW","assessed_value":2222500},{"address":"2510.0 SPARROW COURT NW","assessed_value":541000},{"address":"1137.0 CHAPPELLE BOULEVARD SW","assessed_value":109000},{"address":"4205.0 ALEXANDER BAY SW","assessed_value":409500},{"address":"20215.0 130 AVENUE NW","assessed_value":581500},{"address":"4109.0 WHISPERING RIVER DRIVE NW","assessed_value":1310000},{"address":"4039.0 ALEXANDER WAY SW","assessed_value":629500},{"address":"655.0 TAMARACK ROAD NW","assessed_value":294000},{"address":"1180.0 HYNDMAN ROAD NW","assessed_value":156000},{"address":"5621.0 175A AVENUE NW","assessed_value":581500},{"address":"1227.0 177 STREET SW","assessed_value":380000},{"address":"3010.0 16A AVENUE NW","assessed_value":399500},{"address":"2606.0 109 STREET NW","assessed_value":248000},{"address":"2915.0 19 AVENUE NW","assessed_value":376000},{"address":"2584.0 ANDERSON WAY SW","assessed_value":143000},{"address":"nan nan","assessed_value":11000},{"address":"632.0 CHAPPELLE DRIVE SW","assessed_value":391000},{"address":"1830.0 32A STREET NW","assessed_value":629000},{"address":"3335.0 CAMERON HEIGHTS LANDING NW","assessed_value":973500},{"address":"16507.0 37 STREET NW","assessed_value":532500},{"address":"2116.0 90 STREET SW","assessed_value":885000},{"address":"16004.0 54 STREET NW","assessed_value":313000},{"address":"nan nan","assessed_value":7500},{"address":"2107.0 GLENRIDDING WAY SW","assessed_value":196000},{"address":"1518.0 60 STREET SW","assessed_value":391000},{"address":"3021.0 WATSON LANDING SW","assessed_value":2293500},{"address":"nan nan","assessed_value":11500},{"address":"nan nan","assessed_value":11000},{"address":"10388.0 105 STREET NW","assessed_value":258000},{"address":"3211.0 17B AVENUE NW","assessed_value":644000},{"address":"1477.0 HAYS WAY NW","assessed_value":488000},{"address":"nan nan","assessed_value":10500},{"address":"20960.0 96 AVENUE NW","assessed_value":490500},{"address":"2035.0 GRANTHAM COURT NW","assessed_value":234000},{"address":"721.0 WELSH DRIVE SW","assessed_value":333000},{"address":"7019.0 CARDINAL WAY SW","assessed_value":413000},{"address":"1877.0 32A STREET NW","assessed_value":549500},{"address":"1136.0 177 STREET SW","assessed_value":443500},{"address":"3731.0 ALEXANDER CRESCENT SW","assessed_value":585500},{"address":"10735.0 81 AVENUE NW","assessed_value":142500},{"address":"5120.0 164 AVENUE NW","assessed_value":312500},{"address":"6003.0 175 AVENUE NW","assessed_value":612500},{"address":"4935.0 55 AVENUE NW","assessed_value":216500},{"address":"3623.0 ATKINSON LOOP SW","assessed_value":386000},{"address":"nan nan","assessed_value":8000},{"address":"1804.0 70 STREET SW","assessed_value":286000},{"address":"2208.0 44 AVENUE NW","assessed_value":193000},{"address":"4040.0 MORRISON WAY NW","assessed_value":516000},{"address":"nan nan","assessed_value":14500},{"address":"5134.0 MULLEN ROAD NW","assessed_value":324500},{"address":"nan nan","assessed_value":7500},{"address":"17484.0 107 STREET NW","assessed_value":656500},{"address":"2204.0 YELLOWHEAD TRAIL NE","assessed_value":12500},{"address":"133.0 51 STREET SW","assessed_value":355500},{"address":"2051.0 TOWNE CENTRE BOULEVARD NW","assessed_value":298000},{"address":"2110.0 REDTAIL COMMON NW","assessed_value":535500},{"address":"11611.0 18 AVENUE SW","assessed_value":534500},{"address":"3881.0 GALLINGER LOOP NW","assessed_value":445500},{"address":"12920.0 201 STREET NW","assessed_value":497500},{"address":"11611.0 16 AVENUE SW","assessed_value":555000},{"address":"3516.0 GOODRIDGE BAY NW","assessed_value":676500},{"address":"nan nan","assessed_value":4500},{"address":"7904.0 18 AVENUE SW","assessed_value":635000},{"address":"6083.0 MAYNARD WAY NW","assessed_value":286500},{"address":"18230.0 104A STREET NW","assessed_value":325000},{"address":"1857.0 32A STREET NW","assessed_value":544500},{"address":"1127.0 59 STREET SW","assessed_value":478000},{"address":"3521.0 CLAXTON CRESCENT SW","assessed_value":730000},{"address":"10550.0 ELLERSLIE ROAD SW","assessed_value":850500},{"address":"3425.0 GOODRIDGE LINK NW","assessed_value":522500},{"address":"4711.0 MACTAGGART PLACE NW","assessed_value":706500},{"address":"16028.0 10 AVENUE SW","assessed_value":375500},{"address":"4019.0 CHARLES PLACE SW","assessed_value":672000},{"address":"20123.0 128 AVENUE NW","assessed_value":1080500},{"address":"17427.0 5 AVENUE SW","assessed_value":693500},{"address":"17527.0 56 STREET NW","assessed_value":590500},{"address":"8117.0 114 AVENUE NW","assessed_value":131000},{"address":"12604.0 153 AVENUE NW","assessed_value":195500},{"address":"3504.0 GOODRIDGE BAY NW","assessed_value":538500},{"address":"5520.0 CRABAPPLE LOOP SW","assessed_value":469000},{"address":"243.0 MCCONACHIE DRIVE NW","assessed_value":445000},{"address":"1746.0 ADAMSON CRESCENT SW","assessed_value":1035500},{"address":"8738.0 180A AVENUE NW","assessed_value":553500},{"address":"9019.0 24 AVENUE SW","assessed_value":820500},{"address":"nan nan","assessed_value":5500},{"address":"1416.0 60 STREET SW","assessed_value":391000},{"address":"nan nan","assessed_value":9500},{"address":"465.0 HEMINGWAY ROAD NW","assessed_value":288000},{"address":"16907.0 55 STREET NW","assessed_value":389000},{"address":"2606.0 109 STREET NW","assessed_value":247500},{"address":"728.0 176 STREET SW","assessed_value":352500},{"address":"12409.0 171A AVENUE NW","assessed_value":551500},{"address":"2107.0 REDTAIL COMMON NW","assessed_value":521500},{"address":"7624.0 GETTY LINK NW","assessed_value":567000},{"address":"17134.0 126 STREET NW","assessed_value":386500},{"address":"13815.0 166 AVENUE NW","assessed_value":471000},{"address":"3374.0 18B AVENUE NW","assessed_value":604000},{"address":"10518.0 113 STREET NW","assessed_value":207000},{"address":"4180.0 SAVARYN DRIVE SW","assessed_value":21500},{"address":"nan nan","assessed_value":15500},{"address":"373.0 SECORD BOULEVARD NW","assessed_value":359000},{"address":"1031.0 59 STREET SW","assessed_value":751000},{"address":"nan nan","assessed_value":15500},{"address":"1735.0 56 STREET SW","assessed_value":470500},{"address":"2051.0 TOWNE CENTRE BOULEVARD NW","assessed_value":302500},{"address":"245.0 SECORD DRIVE NW","assessed_value":489000},{"address":"21239.0 96 AVENUE NW","assessed_value":433000},{"address":"17114.0 120 STREET NW","assessed_value":404000},{"address":"17627.0 6 AVENUE SW","assessed_value":453500},{"address":"12809.0 WOODBEND PLACE NW","assessed_value":1320000},{"address":"nan nan","assessed_value":11000},{"address":"nan nan","assessed_value":10500},{"address":"8833.0 180A AVENUE NW","assessed_value":448000},{"address":"nan nan","assessed_value":11000},{"address":"9431.0 213 STREET NW","assessed_value":443000},{"address":"246.0 SECORD DRIVE NW","assessed_value":621000},{"address":"337.0 WOODVALE ROAD WEST NW","assessed_value":945000},{"address":"308.0 AMBLESIDE LINK SW","assessed_value":197000},{"address":"7727.0 127 AVENUE NW","assessed_value":10328500},{"address":"5176.0 4 AVENUE SW","assessed_value":552500},{"address":"21913.0 97A AVENUE NW","assessed_value":546000},{"address":"5604.0 53 AVENUE NW","assessed_value":305500},{"address":"1859.0 32 STREET NW","assessed_value":468500},{"address":"4698.0 CRABAPPLE RUN SW","assessed_value":351500},{"address":"13035.0 164 AVENUE NW","assessed_value":692000},{"address":"5618.0 175A AVENUE NW","assessed_value":620500},{"address":"1870.0 32A STREET NW","assessed_value":612000},{"address":"5109.0 WOOLSEY LINK NW","assessed_value":34000},{"address":"9650.0 SIMPSON PLACE NW","assessed_value":386000},{"address":"7313.0 22 AVENUE SW","assessed_value":397000},{"address":"1727.0 63 STREET SW","assessed_value":454500},{"address":"6647.0 CARDINAL ROAD SW","assessed_value":438500},{"address":"2765.0 WHEATON DRIVE NW","assessed_value":1439000},{"address":"18333.0 LESSARD ROAD NW","assessed_value":129000},{"address":"580.0 TAMARACK ROAD NW","assessed_value":423000},{"address":"nan nan","assessed_value":11000},{"address":"2016.0 74 STREET SW","assessed_value":475500},{"address":"1804.0 70 STREET SW","assessed_value":283500},{"address":"nan nan","assessed_value":7500},{"address":"3734.0 WHITELAW LANE NW","assessed_value":412000},{"address":"522.0 174A STREET SW","assessed_value":592000},{"address":"nan nan","assessed_value":11000},{"address":"3712.0 GOODRIDGE CLOSE NW","assessed_value":623500},{"address":"3019.0 ARTHURS CRESCENT SW","assessed_value":422000},{"address":"4395.0 CRABAPPLE CRESCENT SW","assessed_value":619500},{"address":"822.0 37A AVENUE NW","assessed_value":357500},{"address":"nan nan","assessed_value":7500},{"address":"1019.0 CONNELLY WAY SW","assessed_value":643000},{"address":"4004.0 164 AVENUE NW","assessed_value":567000},{"address":"5409.0 167A AVENUE NW","assessed_value":494500},{"address":"8031.0 22 AVENUE SW","assessed_value":409500},{"address":"1943.0 67 STREET SW","assessed_value":501500},{"address":"3716.0 166 AVENUE NW","assessed_value":485500},{"address":"nan nan","assessed_value":15500},{"address":"10408.0 152 STREET NW","assessed_value":237000},{"address":"2712.0 WATCHER WAY SW","assessed_value":664000},{"address":"2012.0 CHALMERS WAY SW","assessed_value":561500},{"address":"2588.0 COLE CRESCENT SW","assessed_value":486000},{"address":"20717.0 96A AVENUE NW","assessed_value":521000},{"address":"17207.0 5 AVENUE SW","assessed_value":6000},{"address":"4743.0 CRABAPPLE RUN SW","assessed_value":707000},{"address":"nan nan","assessed_value":14500},{"address":"2920.0 CALGARY TRAIL NW","assessed_value":520000},{"address":"nan nan","assessed_value":4000},{"address":"2343.0 CASSELMAN CRESCENT SW","assessed_value":392500},{"address":"11505.0 ELLERSLIE ROAD SW","assessed_value":193000},{"address":"8117.0 114 AVENUE NW","assessed_value":112500},{"address":"9520.0 SIMPSON COURT NW","assessed_value":382000},{"address":"9743.0 221 STREET NW","assessed_value":421000},{"address":"1408.0 56 STREET SW","assessed_value":631000},{"address":"17434.0 107A STREET NW","assessed_value":904000},{"address":"3049.0 HARVEY CRESCENT NW","assessed_value":394500},{"address":"5725.0 175A AVENUE NW","assessed_value":566500},{"address":"4140.0 ORCHARDS DRIVE SW","assessed_value":566000},{"address":"2551.0 COLE CRESCENT SW","assessed_value":514500},{"address":"603.0 WATT BOULEVARD SW","assessed_value":282500},{"address":"11518.0 76 AVENUE NW","assessed_value":446500},{"address":"2606.0 109 STREET NW","assessed_value":287500},{"address":"465.0 HEMINGWAY ROAD NW","assessed_value":285500},{"address":"1878.0 32A STREET NW","assessed_value":570500},{"address":"16516.0 136 STREET NW","assessed_value":628000},{"address":"1804.0 70 STREET SW","assessed_value":286000},{"address":"nan nan","assessed_value":14500},{"address":"16552.0 131 STREET NW","assessed_value":637500},{"address":"1830.0 YELLOWHEAD TRAIL NE","assessed_value":16000},{"address":"20019.0 131 AVENUE NW","assessed_value":408500},{"address":"440.0 CHAPPELLE DRIVE SW","assessed_value":363500},{"address":"3053.0 ARTHURS CRESCENT SW","assessed_value":499000},{"address":"nan nan","assessed_value":15500},{"address":"10711.0 122 STREET NW","assessed_value":519000},{"address":"20539.0 93 AVENUE NW","assessed_value":763000},{"address":"13157.0 156 STREET NW","assessed_value":490500},{"address":"8730.0 82 AVENUE NW","assessed_value":247500},{"address":"3615.0 15A STREET NW","assessed_value":601000},{"address":"2007.0 74 STREET SW","assessed_value":483500},{"address":"17617.0 7A AVENUE SW","assessed_value":403500},{"address":"16030.0 118 AVENUE NW","assessed_value":2250000},{"address":"12026.0 167B AVENUE NW","assessed_value":365500},{"address":"1836.0 CARRUTHERS LANE SW","assessed_value":448500},{"address":"nan nan","assessed_value":3000},{"address":"123.0 HAWKS RIDGE BOULEVARD NW","assessed_value":3000},{"address":"460.0 CHAPPELLE DRIVE SW","assessed_value":393500},{"address":"nan nan","assessed_value":4500},{"address":"3117.0 16A AVENUE NW","assessed_value":390000},{"address":"4115.0 123 AVENUE NW","assessed_value":193000},{"address":"6070.0 SCHONSEE WAY NW","assessed_value":173000},{"address":"2204.0 44 AVENUE NW","assessed_value":202000},{"address":"1615.0 63 STREET SW","assessed_value":447500},{"address":"2606.0 109 STREET NW","assessed_value":200500},{"address":"2761.0 WHEATON DRIVE NW","assessed_value":1335000},{"address":"11604.0 18 AVENUE SW","assessed_value":540500},{"address":"nan nan","assessed_value":11000},{"address":"17712.0 10 AVENUE SW","assessed_value":390000},{"address":"1623.0 TOWNE CENTRE BOULEVARD NW","assessed_value":286500},{"address":"3237.0 18A AVENUE NW","assessed_value":598000},{"address":"6083.0 MAYNARD WAY NW","assessed_value":268000},{"address":"nan nan","assessed_value":11500},{"address":"3374.0 HILTON CRESCENT NW","assessed_value":675000},{"address":"6115.0 GATEWAY BOULEVARD NW","assessed_value":518000},{"address":"14604.0 125 STREET NW","assessed_value":189000},{"address":"1720.0 55 STREET SW","assessed_value":512000},{"address":"3517.0 CLAXTON CRESCENT SW","assessed_value":599500},{"address":"840.0 156 STREET NW","assessed_value":186500},{"address":"9736.0 220 STREET NW","assessed_value":439500},{"address":"2415.0 CASSELMAN CRESCENT SW","assessed_value":394500},{"address":"376.0 SECORD BOULEVARD NW","assessed_value":362500},{"address":"1863.0 33 STREET NW","assessed_value":520500},{"address":"9519.0 SIMPSON COURT NW","assessed_value":387500},{"address":"610.0 MCDONOUGH LINK NW","assessed_value":412000},{"address":"1804.0 70 STREET SW","assessed_value":280500},{"address":"nan nan","assessed_value":9000},{"address":"nan nan","assessed_value":3000},{"address":"13808.0 155 AVENUE NW","assessed_value":555000},{"address":"nan nan","assessed_value":34000},{"address":"1804.0 70 STREET SW","assessed_value":283500},{"address":"17580.0 58 STREET NW","assessed_value":423000},{"address":"12812.0 202 STREET NW","assessed_value":795000},{"address":"16738.0 122A STREET NW","assessed_value":558500},{"address":"3013.0 16A AVENUE NW","assessed_value":391000},{"address":"9120.0 181 AVENUE NW","assessed_value":631500},{"address":"6937.0 21A AVENUE SW","assessed_value":379500},{"address":"2025.0 CHALMERS WAY SW","assessed_value":649500},{"address":"nan nan","assessed_value":500},{"address":"263.0 MCCONACHIE DRIVE NW","assessed_value":431500},{"address":"18343.0 LESSARD ROAD NW","assessed_value":665500},{"address":"4448.0 CRABAPPLE LANDING SW","assessed_value":579000},{"address":"3715.0 WHITELAW LANE NW","assessed_value":179000},{"address":"11808.0 71 AVENUE NW","assessed_value":214000},{"address":"10530.0 56 AVENUE NW","assessed_value":238500},{"address":"604.0 62 STREET SW","assessed_value":198500},{"address":"5183.0 TERWILLEGAR BOULEVARD NW","assessed_value":293500},{"address":"15735.0 97 STREET NW","assessed_value":2869500},{"address":"9351.0 SIMPSON DRIVE NW","assessed_value":183500},{"address":"13825.0 155 AVENUE NW","assessed_value":245500},{"address":"12203.0 171 AVENUE NW","assessed_value":515500},{"address":"10520.0 56 AVENUE NW","assessed_value":268500},{"address":"208.0 53 STREET SW","assessed_value":544500},{"address":"304.0 AMBLESIDE LINK SW","assessed_value":199500},{"address":"1432.0 CAREY WAY SW","assessed_value":602500},{"address":"18004.0 89 STREET NW","assessed_value":261500},{"address":"2903.0 17 AVENUE NW","assessed_value":401500},{"address":"5606.0 CRABAPPLE WAY SW","assessed_value":457000},{"address":"11351.0 79 AVENUE NW","assessed_value":400500},{"address":"2019.0 CAMERON RAVINE WAY NW","assessed_value":819000},{"address":"1504.0 ADAMSON VIEW SW","assessed_value":691500},{"address":"1537.0 WATES PLACE SW","assessed_value":649000},{"address":"20032.0 131 AVENUE NW","assessed_value":440500},{"address":"1820.0 34 AVENUE NW","assessed_value":274500},{"address":"nan nan","assessed_value":9500},{"address":"6924.0 22 AVENUE SW","assessed_value":495000},{"address":"16818.0 52 STREET NW","assessed_value":395000},{"address":"20336.0 44 AVENUE NW","assessed_value":506500},{"address":"5418.0 5 AVENUE SW","assessed_value":401500},{"address":"2504.0 YELLOWHEAD TRAIL NE","assessed_value":12000},{"address":"3407.0 WATSON PLACE SW","assessed_value":1143500},{"address":"3111.0 ARTHURS CRESCENT SW","assessed_value":476500},{"address":"nan nan","assessed_value":11000},{"address":"nan nan","assessed_value":500},{"address":"nan nan","assessed_value":7500},{"address":"16539.0 134 STREET NW","assessed_value":386500},{"address":"1207.0 91 STREET NW","assessed_value":552000},{"address":"nan nan","assessed_value":7500},{"address":"1689.0 CUNNINGHAM WAY SW","assessed_value":388000},{"address":"nan nan","assessed_value":15500},{"address":"165.0 HAWKS RIDGE BOULEVARD NW","assessed_value":402000},{"address":"105.0 AMBLESIDE DRIVE SW","assessed_value":173500},{"address":"13420.0 166 AVENUE NW","assessed_value":377000},{"address":"nan nan","assessed_value":5000},{"address":"11341.0 12 AVENUE NW","assessed_value":189500},{"address":"6340.0 16 AVENUE SW","assessed_value":549500},{"address":"10520.0 56 AVENUE NW","assessed_value":274500},{"address":"nan nan","assessed_value":11000},{"address":"3113.0 17A AVENUE NW","assessed_value":475000},{"address":"nan nan","assessed_value":7500},{"address":"1275.0 SECORD LANDING NW","assessed_value":549000},{"address":"nan nan","assessed_value":11000},{"address":"3685.0 ALLAN DRIVE SW","assessed_value":761500},{"address":"6143.0 17 AVENUE SW","assessed_value":505000},{"address":"1194.0 HAYS DRIVE NW","assessed_value":482000},{"address":"14604.0 125 STREET NW","assessed_value":181500},{"address":"21417.0 94A AVENUE NW","assessed_value":452500},{"address":"5230.0 1B AVENUE SW","assessed_value":522500},{"address":"14058.0 161A AVENUE NW","assessed_value":569500},{"address":"304.0 AMBLESIDE LINK SW","assessed_value":206500},{"address":"3755.0 ALEXANDER CRESCENT SW","assessed_value":600000},{"address":"1526.0 34A AVENUE NW","assessed_value":468000},{"address":"1190.0 ADAMSON DRIVE SW","assessed_value":958000},{"address":"3019.0 HARVEY CRESCENT NW","assessed_value":456500},{"address":"443.0 WATT BOULEVARD SW","assessed_value":454500},{"address":"7016.0 22 AVENUE SW","assessed_value":465000},{"address":"17516.0 12 AVENUE SW","assessed_value":455500},{"address":"383.0 SECORD BOULEVARD NW","assessed_value":364000},{"address":"11505.0 ELLERSLIE ROAD SW","assessed_value":187500},{"address":"nan nan","assessed_value":4500},{"address":"1541.0 CHAPMAN WAY SW","assessed_value":605000},{"address":"1524.0 35 AVENUE NW","assessed_value":450000},{"address":"nan nan","assessed_value":10500},{"address":"4111.0 ORCHARDS DRIVE SW","assessed_value":360000},{"address":"nan nan","assessed_value":4000},{"address":"4514.0 118 AVENUE NW","assessed_value":560000},{"address":"12404.0 171 AVENUE NW","assessed_value":483500},{"address":"5643.0 18 AVENUE SW","assessed_value":509000},{"address":"486.0 HEMINGWAY ROAD NW","assessed_value":289000},{"address":"1544.0 35 AVENUE NW","assessed_value":424500},{"address":"16703.0 59 STREET NW","assessed_value":539500},{"address":"2612.0 109 STREET NW","assessed_value":222000},{"address":"11415.0 15 AVENUE SW","assessed_value":593500},{"address":"620.0 ALBANY WAY NW","assessed_value":684000},{"address":"2235.0 78 STREET SW","assessed_value":463500},{"address":"2581.0 COLE CRESCENT SW","assessed_value":467000},{"address":"6135.0 17 AVENUE SW","assessed_value":533000},{"address":"4030.0 ALEXANDER WAY SW","assessed_value":498500},{"address":"2035.0 GRANTHAM COURT NW","assessed_value":166000},{"address":"5936.0 10 AVENUE SW","assessed_value":522000},{"address":"4950.0 TERWILLEGAR COMMON NW","assessed_value":294500},{"address":"10518.0 113 STREET NW","assessed_value":259500},{"address":"16504.0 41 STREET NW","assessed_value":437500},{"address":"18061.0 89 STREET NW","assessed_value":499000},{"address":"11719.0 17 AVENUE SW","assessed_value":412500},{"address":"3719.0 WHITELAW LANE NW","assessed_value":169000},{"address":"nan nan","assessed_value":7500},{"address":"7027.0 22 AVENUE SW","assessed_value":496000},{"address":"nan nan","assessed_value":19500},{"address":"nan nan","assessed_value":109500},{"address":"1413.0 CHAHLEY PLACE NW","assessed_value":646000},{"address":"16535.0 130 STREET NW","assessed_value":180000},{"address":"10388.0 105 STREET NW","assessed_value":367000},{"address":"nan nan","assessed_value":10500},{"address":"1727.0 55 STREET SW","assessed_value":626500},{"address":"16515.0 42 STREET NW","assessed_value":449500},{"address":"5120.0 164 AVENUE NW","assessed_value":305000},{"address":"14604.0 125 STREET NW","assessed_value":186500},{"address":"429.0 WATT BOULEVARD SW","assessed_value":472000},{"address":"6075.0 SCHONSEE WAY NW","assessed_value":276000},{"address":"10388.0 105 STREET NW","assessed_value":204000},{"address":"543.0 MCDONOUGH WAY NW","assessed_value":598000},{"address":"2388.0 SPARROW CRESCENT NW","assessed_value":386000},{"address":"16731.0 59 STREET NW","assessed_value":490000},{"address":"nan nan","assessed_value":8500},{"address":"13430.0 166 AVENUE NW","assessed_value":391500},{"address":"2042.0 69A STREET SW","assessed_value":433500},{"address":"934.0 WILDWOOD WAY NW","assessed_value":1075000},{"address":"425.0 PARSONS ROAD SW","assessed_value":502500},{"address":"1796.0 28 STREET NW","assessed_value":451500},{"address":"nan nan","assessed_value":7500},{"address":"14604.0 125 STREET NW","assessed_value":189000},{"address":"280.0 GRIESBACH ROAD NW","assessed_value":525000},{"address":"2208.0 44 AVENUE NW","assessed_value":177500},{"address":"2005.0 70 STREET SW","assessed_value":305500},{"address":"nan nan","assessed_value":14500},{"address":"4524.0 MEAD COURT NW","assessed_value":1081500},{"address":"8730.0 82 AVENUE NW","assessed_value":245000},{"address":"10388.0 105 STREET NW","assessed_value":254000},{"address":"392.0 SILVER BERRY ROAD NW","assessed_value":184500},{"address":"3640.0 ATKINSON LOOP SW","assessed_value":567000},{"address":"2920.0 CALGARY TRAIL NW","assessed_value":560000},{"address":"6720.0 112 STREET NW","assessed_value":195500},{"address":"nan nan","assessed_value":11000},{"address":"7825.0 71 STREET NW","assessed_value":211500},{"address":"nan nan","assessed_value":8500},{"address":"10152.0 104 STREET NW","assessed_value":195500},{"address":"4114.0 WHISPERING RIVER DRIVE NW","assessed_value":1371000},{"address":"1727.0 ADAMSON CRESCENT SW","assessed_value":809000},{"address":"nan nan","assessed_value":10500},{"address":"1065.0 MCCONACHIE BOULEVARD NW","assessed_value":411500},{"address":"nan nan","assessed_value":9000},{"address":"nan nan","assessed_value":4500},{"address":"6835.0 SPEAKER VISTA NW","assessed_value":364000},{"address":"nan nan","assessed_value":15500},{"address":"3712.0 56 AVENUE NW","assessed_value":1388000},{"address":"2584.0 ANDERSON WAY SW","assessed_value":155000},{"address":"3719.0 WHITELAW LANE NW","assessed_value":180000},{"address":"8838.0 180A AVENUE NW","assessed_value":547000},{"address":"12317.0 171A AVENUE NW","assessed_value":568500},{"address":"1804.0 70 STREET SW","assessed_value":286000},{"address":"nan nan","assessed_value":10500},{"address":"nan nan","assessed_value":4500},{"address":"2606.0 109 STREET NW","assessed_value":222000},{"address":"308.0 AMBLESIDE LINK SW","assessed_value":216000},{"address":"6070.0 SCHONSEE WAY NW","assessed_value":176000},{"address":"3523.0 CLAXTON CRESCENT SW","assessed_value":642000},{"address":"4764.0 CRABAPPLE RUN SW","assessed_value":362000},{"address":"3503.0 CLAXTON CRESCENT SW","assessed_value":889000},{"address":"5944.0 10 AVENUE SW","assessed_value":605000},{"address":"14750.0 ST ALBERT TRAIL NW","assessed_value":4114500},{"address":"1047.0 174 STREET SW","assessed_value":569500},{"address":"1928.0 CHAPMAN ROAD SW","assessed_value":536000},{"address":"625.0 CANTOR LANDING SW","assessed_value":607000},{"address":"2606.0 109 STREET NW","assessed_value":267000},{"address":"10615.0 174B AVENUE NW","assessed_value":771500},{"address":"1060.0 GAULT BOULEVARD NW","assessed_value":407000},{"address":"10142.0 111 STREET NW","assessed_value":283000},{"address":"5322.0 111 AVENUE NW","assessed_value":1030500},{"address":"7031.0 106 STREET NW","assessed_value":649000},{"address":"nan nan","assessed_value":7500},{"address":"1415.0 HAYS WAY NW","assessed_value":525500},{"address":"7904.0 173 AVENUE NW","assessed_value":521500},{"address":"nan nan","assessed_value":11000},{"address":"16235.0 137 STREET NW","assessed_value":642500},{"address":"2049.0 REDTAIL COMMON NW","assessed_value":517500},{"address":"11026.0 174A AVENUE NW","assessed_value":604500},{"address":"625.0 PARSONS ROAD SW","assessed_value":991000},{"address":"1163.0 MCCONACHIE BOULEVARD NW","assessed_value":461500},{"address":"nan nan","assessed_value":5500},{"address":"11617.0 18A AVENUE SW","assessed_value":590000},{"address":"7216.0 22 AVENUE SW","assessed_value":420000},{"address":"16512.0 41 STREET NW","assessed_value":480500},{"address":"11616.0 16 AVENUE SW","assessed_value":582000},{"address":"164.0 52 STREET SW","assessed_value":618500},{"address":"392.0 SILVER BERRY ROAD NW","assessed_value":189500},{"address":"nan nan","assessed_value":11000},{"address":"2612.0 109 STREET NW","assessed_value":336500},{"address":"nan nan","assessed_value":14500},{"address":"12402.0 115 AVENUE NW","assessed_value":68000},{"address":"3114.0 16A AVENUE NW","assessed_value":387000},{"address":"2208.0 44 AVENUE NW","assessed_value":233000},{"address":"nan nan","assessed_value":11000},{"address":"16528.0 131 STREET NW","assessed_value":618000},{"address":"1938.0 118 STREET SW","assessed_value":386500},{"address":"11924.0 64 STREET NW","assessed_value":371000},{"address":"7039.0 CARDINAL WAY SW","assessed_value":386000},{"address":"1011.0 WILDWOOD COURT NW","assessed_value":189500},{"address":"12858.0 204 STREET NW","assessed_value":614000},{"address":"1204.0 SECORD LANDING NW","assessed_value":673000},{"address":"nan nan","assessed_value":9500},{"address":"7804.0 105 AVENUE NW","assessed_value":526000},{"address":"1242.0 ADAMSON DRIVE SW","assessed_value":840500},{"address":"15897.0 13 AVENUE SW","assessed_value":589000},{"address":"20027.0 130 AVENUE NW","assessed_value":556500},{"address":"2816.0 WATCHER COURT SW","assessed_value":868000},{"address":"nan nan","assessed_value":10500},{"address":"705.0 175A STREET SW","assessed_value":566000},{"address":"4058.0 ALEXANDER WAY SW","assessed_value":497000},{"address":"5032.0 DEWOLF ROAD NW","assessed_value":714000},{"address":"3437.0 WEST LANDING NW","assessed_value":847500},{"address":"2660.0 WATCHER WAY SW","assessed_value":931500},{"address":"931.0 166 AVENUE NE","assessed_value":2085000},{"address":"7619.0 111 STREET NW","assessed_value":683500},{"address":"4103.0 123 AVENUE NW","assessed_value":193000},{"address":"1850.0 32A STREET NW","assessed_value":653500},{"address":"5606.0 175A AVENUE NW","assessed_value":619500},{"address":"714.0 37A AVENUE NW","assessed_value":608000},{"address":"4628.0 CRABAPPLE RUN SW","assessed_value":474000},{"address":"nan nan","assessed_value":10500},{"address":"7715.0 22 AVENUE SW","assessed_value":474500},{"address":"1585.0 GLASTONBURY BOULEVARD NW","assessed_value":270500},{"address":"nan nan","assessed_value":5500},{"address":"3918.0 CLAXTON LOOP SW","assessed_value":613000},{"address":"18019.0 83 STREET NW","assessed_value":504000},{"address":"1030.0 59A STREET SW","assessed_value":536500},{"address":"2832.0 19 AVENUE NW","assessed_value":475500},{"address":"1720.0 32 STREET NW","assessed_value":664000},{"address":"11518.0 76 AVENUE NW","assessed_value":443000},{"address":"11616.0 17 AVENUE SW","assessed_value":376000},{"address":"214.0 51A STREET SW","assessed_value":694000},{"address":"4111.0 ALLAN CRESCENT SW","assessed_value":389500},{"address":"16815.0 123 STREET NW","assessed_value":235500},{"address":"3730.0 WHITELAW LANE NW","assessed_value":389000},{"address":"1728.0 53 STREET SW","assessed_value":616000},{"address":"1650.0 HAMMOND CRESCENT NW","assessed_value":548500},{"address":"416.0 SECORD BOULEVARD NW","assessed_value":341500},{"address":"5123.0 1A AVENUE SW","assessed_value":563500},{"address":"4364.0 VETERANS WAY NW","assessed_value":434000},{"address":"308.0 AMBLESIDE LINK SW","assessed_value":167000},{"address":"9518.0 54 AVENUE NW","assessed_value":1715000},{"address":"16738.0 58B STREET NW","assessed_value":569500},{"address":"13531.0 165 AVENUE NW","assessed_value":447500},{"address":"17120.0 120 STREET NW","assessed_value":395000},{"address":"709.0 176 STREET SW","assessed_value":373500},{"address":"11518.0 76 AVENUE NW","assessed_value":414500},{"address":"835.0 166 AVENUE NE","assessed_value":145000},{"address":"10740.0 110 STREET NW","assessed_value":72500},{"address":"nan nan","assessed_value":11500},{"address":"nan nan","assessed_value":11000},{"address":"1839.0 32 STREET NW","assessed_value":492500},{"address":"nan nan","assessed_value":5000},{"address":"840.0 156 STREET NW","assessed_value":181000},{"address":"11526.0 16A AVENUE SW","assessed_value":562500},{"address":"396.0 SILVER BERRY ROAD NW","assessed_value":188500},{"address":"643.0 171 STREET SW","assessed_value":544500},{"address":"453.0 PARSONS ROAD SW","assessed_value":507000},{"address":"3438.0 GOODRIDGE LINK NW","assessed_value":686500},{"address":"5917.0 168A AVENUE NW","assessed_value":477500},{"address":"17017.0 120 STREET NW","assessed_value":382000},{"address":"3005.0 17A AVENUE NW","assessed_value":434000},{"address":"5522.0 CONESTOGA STREET NW","assessed_value":638500},{"address":"12257.0 167A AVENUE NW","assessed_value":351500},{"address":"11134.0 174A AVENUE NW","assessed_value":598000},{"address":"11731.0 93 STREET NW","assessed_value":123500},{"address":"1623.0 JAMES MOWATT TRAIL SW","assessed_value":274500},{"address":"6083.0 MAYNARD WAY NW","assessed_value":293000},{"address":"5158.0 1B AVENUE SW","assessed_value":510500},{"address":"1157.0 MCCONACHIE BOULEVARD NW","assessed_value":473000},{"address":"1623.0 TOWNE CENTRE BOULEVARD NW","assessed_value":299500},{"address":"2021.0 REDTAIL COMMON NW","assessed_value":476500},{"address":"1451.0 WATES LINK SW","assessed_value":591000},{"address":"465.0 HEMINGWAY ROAD NW","assessed_value":295000},{"address":"nan nan","assessed_value":10500},{"address":"1205.0 ADAMSON DRIVE SW","assessed_value":720500},{"address":"nan nan","assessed_value":4500},{"address":"1673.0 HAMMOND CRESCENT NW","assessed_value":401500},{"address":"2624.0 WATCHER WAY SW","assessed_value":793500},{"address":"10388.0 105 STREET NW","assessed_value":251500},{"address":"4087.0 WHISPERING RIVER DRIVE NW","assessed_value":1273000},{"address":"3715.0 WHITELAW LANE NW","assessed_value":180500},{"address":"655.0 TAMARACK ROAD NW","assessed_value":289000},{"address":"16803.0 54 STREET NW","assessed_value":633500},{"address":"nan nan","assessed_value":3000},{"address":"2316.0 CASSELMAN CRESCENT SW","assessed_value":374500},{"address":"1028.0 177 STREET SW","assessed_value":435000},{"address":"803.0 ALBANY COVE NW","assessed_value":640000},{"address":"nan nan","assessed_value":14500},{"address":"nan nan","assessed_value":11000},{"address":"nan nan","assessed_value":5500},{"address":"520.0 56 STREET SW","assessed_value":748000},{"address":"3528.0 16 STREET NW","assessed_value":380000},{"address":"2606.0 109 STREET NW","assessed_value":235000},{"address":"4461.0 CRABAPPLE LANDING SW","assessed_value":701000},{"address":"445.0 PARSONS ROAD SW","assessed_value":507000},{"address":"18064.0 89 STREET NW","assessed_value":413500},{"address":"nan nan","assessed_value":14500},{"address":"3255.0 CAMERON HEIGHTS WAY NW","assessed_value":171500},{"address":"1804.0 70 STREET SW","assessed_value":286000},{"address":"3305.0 16A AVENUE NW","assessed_value":550500},{"address":"3757.0 ALEXANDER CRESCENT SW","assessed_value":561500},{"address":"nan nan","assessed_value":11000},{"address":"4190.0 ORCHARDS DRIVE SW","assessed_value":484000},{"address":"nan nan","assessed_value":11500},{"address":"11912.0 127 AVENUE NW","assessed_value":300000},{"address":"9419.0 213 STREET NW","assessed_value":435000},{"address":"9772.0 220 STREET NW","assessed_value":425500},{"address":"18333.0 LESSARD ROAD NW","assessed_value":174500},{"address":"2584.0 ANDERSON WAY SW","assessed_value":220500},{"address":"16331.0 134 STREET NW","assessed_value":419000},{"address":"5310.0 14 AVENUE SW","assessed_value":388000},{"address":"14604.0 125 STREET NW","assessed_value":189000},{"address":"1603.0 63 STREET SW","assessed_value":468500},{"address":"3217.0 16A AVENUE NW","assessed_value":557500},{"address":"3377.0 18A AVENUE NW","assessed_value":531500},{"address":"20926.0 96A AVENUE NW","assessed_value":461000},{"address":"836.0 37 AVENUE NW","assessed_value":452500},{"address":"nan nan","assessed_value":14500},{"address":"2108.0 TRUMPETER WAY NW","assessed_value":651000},{"address":"8525.0 107 STREET NW","assessed_value":127000},{"address":"2035.0 GRANTHAM COURT NW","assessed_value":238000},{"address":"4415.0 204 STREET NW","assessed_value":484500},{"address":"nan nan","assessed_value":10500},{"address":"979.0 175 STREET SW","assessed_value":666500},{"address":"3341.0 18A AVENUE NW","assessed_value":508000},{"address":"6816.0 CARDINAL LINK SW","assessed_value":518500},{"address":"3099.0 WHITELAW DRIVE NW","assessed_value":362500},{"address":"10738.0 85 AVENUE NW","assessed_value":184000},{"address":"1815.0 80 STREET SW","assessed_value":600500},{"address":"1801.0 28 STREET NW","assessed_value":392000},{"address":"16130.0 10 AVENUE SW","assessed_value":450500},{"address":"590.0 TAMARACK ROAD NW","assessed_value":448000},{"address":"nan nan","assessed_value":7500},{"address":"2920.0 19 AVENUE NW","assessed_value":466500},{"address":"1027.0 COOPERS HAWK LINK NW","assessed_value":608000},{"address":"10518.0 113 STREET NW","assessed_value":194500},{"address":"nan nan","assessed_value":10500},{"address":"3509.0 ABBOTT CLOSE SW","assessed_value":605000},{"address":"3967.0 CLAXTON LOOP SW","assessed_value":541500},{"address":"nan nan","assessed_value":11000},{"address":"13055.0 164 AVENUE NW","assessed_value":768500},{"address":"9468.0 51 AVENUE NW","assessed_value":432000},{"address":"13825.0 155 AVENUE NW","assessed_value":245500},{"address":"12512.0 172 AVENUE NW","assessed_value":382000},{"address":"636.0 MCDONOUGH LINK NW","assessed_value":445500},{"address":"10740.0 110 STREET NW","assessed_value":96500},{"address":"2229.0 CAMERON RAVINE COURT NW","assessed_value":612000},{"address":"2204.0 44 AVENUE NW","assessed_value":157500},{"address":"1756.0 33B STREET NW","assessed_value":531000},{"address":"16303.0 134 STREET NW","assessed_value":564500},{"address":"21323.0 94 AVENUE NW","assessed_value":376000},{"address":"3065.0 ARTHURS CRESCENT SW","assessed_value":461000},{"address":"5151.0 1A AVENUE SW","assessed_value":456000},{"address":"6644.0 CARDINAL ROAD SW","assessed_value":381500},{"address":"5224.0 4 AVENUE SW","assessed_value":434500},{"address":"18343.0 LESSARD ROAD NW","assessed_value":951500},{"address":"nan nan","assessed_value":11000},{"address":"1731.0 28 STREET NW","assessed_value":475500},{"address":"4450.0 MCCRAE AVENUE NW","assessed_value":270000},{"address":"1829.0 RUTHERFORD ROAD SW","assessed_value":456000},{"address":"10301.0 109 STREET NW","assessed_value":283500},{"address":"7724.0 18 AVENUE SW","assessed_value":578000},{"address":"17522.0 13 AVENUE SW","assessed_value":402000},{"address":"2612.0 109 STREET NW","assessed_value":276500},{"address":"2011.0 72 STREET SW","assessed_value":441500},{"address":"nan nan","assessed_value":5500},{"address":"3672.0 GOODRIDGE CRESCENT NW","assessed_value":677000},{"address":"2503.0 ELLWOOD DRIVE SW","assessed_value":5174500},{"address":"14604.0 125 STREET NW","assessed_value":198000},{"address":"603.0 WATT BOULEVARD SW","assessed_value":294000},{"address":"340.0 MAGRATH BOULEVARD NW","assessed_value":976000},{"address":"1662.0 RUTHERFORD ROAD SW","assessed_value":388000},{"address":"4133.0 WHISPERING RIVER DRIVE NW","assessed_value":1896500},{"address":"5120.0 164 AVENUE NW","assessed_value":304500},{"address":"nan nan","assessed_value":20000},{"address":"1822.0 CARRUTHERS LANE SW","assessed_value":450000},{"address":"6520.0 104 STREET NW","assessed_value":360500},{"address":"9244.0 181 AVENUE NW","assessed_value":699000},{"address":"20812.0 96 AVENUE NW","assessed_value":535500},{"address":"9231.0 213 STREET NW","assessed_value":351500},{"address":"1704.0 62 STREET SW","assessed_value":442000},{"address":"10518.0 113 STREET NW","assessed_value":213500},{"address":"304.0 AMBLESIDE LINK SW","assessed_value":211000},{"address":"1069.0 MCCONACHIE BOULEVARD NW","assessed_value":438000},{"address":"2644.0 WATCHER WAY SW","assessed_value":854500},{"address":"10818.0 127 STREET NW","assessed_value":459500},{"address":"9820.0 165 STREET NW","assessed_value":194000},{"address":"308.0 AMBLESIDE LINK SW","assessed_value":210000},{"address":"nan nan","assessed_value":10500},{"address":"3715.0 WHITELAW LANE NW","assessed_value":178000},{"address":"nan nan","assessed_value":11000},{"address":"4117.0 CHARLES LINK SW","assessed_value":525000},{"address":"266.0 GRIESBACH ROAD NW","assessed_value":593500},{"address":"1843.0 32 STREET NW","assessed_value":460000},{"address":"10520.0 56 AVENUE NW","assessed_value":279500},{"address":"nan nan","assessed_value":11000},{"address":"4244.0 VETERANS WAY NW","assessed_value":970500},{"address":"7333.0 GETTY HEATH NW","assessed_value":592500},{"address":"21330.0 94A AVENUE NW","assessed_value":438500},{"address":"17155.0 123 STREET NW","assessed_value":639500},{"address":"nan nan","assessed_value":11000},{"address":"1732.0 55 STREET SW","assessed_value":561500},{"address":"9660.0 SIMPSON PLACE NW","assessed_value":421000},{"address":"603.0 WATT BOULEVARD SW","assessed_value":269500},{"address":"5423.0 5 AVENUE SW","assessed_value":508000},{"address":"3751.0 12 STREET NW","assessed_value":255500},{"address":"465.0 HEMINGWAY ROAD NW","assessed_value":285500},{"address":"1548.0 CUNNINGHAM CAPE SW","assessed_value":625500},{"address":"1687.0 HAMMOND CRESCENT NW","assessed_value":394000},{"address":"2208.0 44 AVENUE NW","assessed_value":181500},{"address":"5217.0 2A AVENUE SW","assessed_value":454000},{"address":"603.0 WATT BOULEVARD SW","assessed_value":313000},{"address":"nan nan","assessed_value":12000},{"address":"17035.0 71 STREET NW","assessed_value":678000},{"address":"21333.0 94A AVENUE NW","assessed_value":455500},{"address":"2035.0 GRANTHAM COURT NW","assessed_value":185500},{"address":"1195.0 MCCONACHIE BOULEVARD NW","assessed_value":489000},{"address":"nan nan","assessed_value":15500},{"address":"10388.0 105 STREET NW","assessed_value":241500},{"address":"5343.0 CRABAPPLE LOOP SW","assessed_value":490000},{"address":"2025.0 69A STREET SW","assessed_value":417500},{"address":"1519.0 CUNNINGHAM CAPE SW","assessed_value":943500},{"address":"1804.0 70 STREET SW","assessed_value":283500},{"address":"nan nan","assessed_value":4500},{"address":"3506.0 16 STREET NW","assessed_value":434000},{"address":"nan nan","assessed_value":3000},{"address":"nan nan","assessed_value":3000},{"address":"nan nan","assessed_value":10500},{"address":"6140.0 18 AVENUE SW","assessed_value":488000},{"address":"3128.0 17 AVENUE NW","assessed_value":403500},{"address":"1663.0 RUTHERFORD ROAD SW","assessed_value":662500},{"address":"308.0 AMBLESIDE LINK SW","assessed_value":177000},{"address":"3638.0 GOODRIDGE CRESCENT NW","assessed_value":505000},{"address":"nan nan","assessed_value":4500},{"address":"10518.0 113 STREET NW","assessed_value":213500},{"address":"603.0 WATT BOULEVARD SW","assessed_value":269000},{"address":"nan nan","assessed_value":10500},{"address":"4065.0 MORRISON WAY NW","assessed_value":471000},{"address":"2391.0 SPARROW CRESCENT NW","assessed_value":405500},{"address":"1882.0 32A STREET NW","assessed_value":665000},{"address":"8516.0 19 AVENUE SW","assessed_value":592500},{"address":"2228.0 78 STREET SW","assessed_value":502000},{"address":"7448.0 MAY COMMON NW","assessed_value":475500},{"address":"4823.0 WOOLSEY LANE NW","assessed_value":1290000},{"address":"10142.0 111 STREET NW","assessed_value":305000},{"address":"1690.0 CUNNINGHAM WAY SW","assessed_value":383000},{"address":"1712.0 CHAPMAN WAY SW","assessed_value":421500},{"address":"nan nan","assessed_value":29302000},{"address":"nan nan","assessed_value":8500},{"address":"392.0 SILVER BERRY ROAD NW","assessed_value":185000},{"address":"5227.0 167A AVENUE NW","assessed_value":362500},{"address":"304.0 AMBLESIDE LINK SW","assessed_value":214000},{"address":"20024.0 130 AVENUE NW","assessed_value":576500},{"address":"10510.0 56 AVENUE NW","assessed_value":317000},{"address":"nan nan","assessed_value":5000},{"address":"2046.0 REDTAIL COMMON NW","assessed_value":489000},{"address":"4630.0 CRABAPPLE RUN SW","assessed_value":464500},{"address":"400.0 SILVER BERRY ROAD NW","assessed_value":166000},{"address":"7924.0 SUMMERSIDE GRANDE BOULEVARD SW","assessed_value":568500},{"address":"16116.0 140 STREET NW","assessed_value":152000},{"address":"12235.0 171 AVENUE NW","assessed_value":492500},{"address":"4354.0 VETERANS WAY NW","assessed_value":488000},{"address":"1537.0 CHAPMAN WAY SW","assessed_value":684500},{"address":"465.0 HEMINGWAY ROAD NW","assessed_value":285500},{"address":"4116.0 CHARLES LINK SW","assessed_value":656000},{"address":"1920.0 74 STREET SW","assessed_value":381000},{"address":"nan nan","assessed_value":10500},{"address":"3263.0 WINSPEAR CRESCENT SW","assessed_value":618500},{"address":"3744.0 8 STREET NW","assessed_value":518000},{"address":"4024.0 ALEXANDER WAY SW","assessed_value":460500},{"address":"11622.0 16A AVENUE SW","assessed_value":586000},{"address":"5520.0 6 AVENUE SW","assessed_value":553000},{"address":"12111.0 167A AVENUE NW","assessed_value":371500},{"address":"7619.0 111 STREET NW","assessed_value":678500},{"address":"21332.0 94 AVENUE NW","assessed_value":472000},{"address":"16604.0 9 STREET NE","assessed_value":983500},{"address":"8051.0 18 AVENUE SW","assessed_value":658000},{"address":"17015.0 121 STREET NW","assessed_value":486000},{"address":"1104.0 CHAPPELLE BOULEVARD SW","assessed_value":410000},{"address":"13016.0 164 AVENUE NW","assessed_value":563500},{"address":"7722.0 GETTY WYND NW","assessed_value":562000},{"address":"609.0 ALBANY WAY NW","assessed_value":538500},{"address":"1180.0 HYNDMAN ROAD NW","assessed_value":153000},{"address":"nan nan","assessed_value":11000},{"address":"8220.0 180 AVENUE NW","assessed_value":508000},{"address":"nan nan","assessed_value":9000},{"address":"400.0 SILVER BERRY ROAD NW","assessed_value":198000},{"address":"2340.0 SPARROW CRESCENT NW","assessed_value":525500},{"address":"18230.0 104A STREET NW","assessed_value":374500},{"address":"10808.0 71 AVENUE NW","assessed_value":208500},{"address":"400.0 SILVER BERRY ROAD NW","assessed_value":192000},{"address":"15151.0 43 STREET NW","assessed_value":300000},{"address":"2208.0 44 AVENUE NW","assessed_value":189500},{"address":"964.0 173 STREET SW","assessed_value":629500},{"address":"16412.0 131 STREET NW","assessed_value":619500},{"address":"1695.0 33B STREET NW","assessed_value":578500},{"address":"2124.0 74 STREET SW","assessed_value":450000},{"address":"4789.0 CRABAPPLE RUN SW","assessed_value":382500},{"address":"400.0 SILVER BERRY ROAD NW","assessed_value":213000},{"address":"5161.0 TERWILLEGAR BOULEVARD NW","assessed_value":286500},{"address":"2612.0 109 STREET NW","assessed_value":243500},{"address":"3240.0 17B AVENUE NW","assessed_value":501000},{"address":"4450.0 MCCRAE AVENUE NW","assessed_value":325500},{"address":"5135.0 2 AVENUE SW","assessed_value":584500},{"address":"920.0 VALOUR WAY NW","assessed_value":390000},{"address":"2919.0 20 AVENUE NW","assessed_value":420000},{"address":"3859.0 GALLINGER LOOP NW","assessed_value":431500},{"address":"3075.0 ARTHURS CRESCENT SW","assessed_value":457000},{"address":"nan nan","assessed_value":9500},{"address":"18011.0 84 STREET NW","assessed_value":495000},{"address":"15504.0 102 AVENUE NW","assessed_value":334000},{"address":"16509.0 134 STREET NW","assessed_value":398500},{"address":"10142.0 111 STREET NW","assessed_value":254500},{"address":"nan nan","assessed_value":5500},{"address":"2806.0 18A AVENUE NW","assessed_value":415500},{"address":"1150.0 WINDERMERE WAY SW","assessed_value":296000},{"address":"6075.0 SCHONSEE WAY NW","assessed_value":273000},{"address":"3695.0 8 STREET NW","assessed_value":704000},{"address":"249.0 MCCONACHIE DRIVE NW","assessed_value":459500},{"address":"3653.0 ATKINSON LOOP SW","assessed_value":570000},{"address":"4518.0 118 AVENUE NW","assessed_value":96000},{"address":"14603.0 125 STREET NW","assessed_value":572500},{"address":"2150.0 71 STREET SW","assessed_value":412500},{"address":"2740.0 WATCHER WAY SW","assessed_value":756000},{"address":"9840.0 221 STREET NW","assessed_value":435500},{"address":"10152.0 104 STREET NW","assessed_value":363000},{"address":"nan nan","assessed_value":10500},{"address":"nan nan","assessed_value":5500},{"address":"521.0 CHAPPELLE DRIVE SW","assessed_value":365500},{"address":"10617.0 107 STREET NW","assessed_value":83000},{"address":"1720.0 63 STREET SW","assessed_value":467500},{"address":"10518.0 113 STREET NW","assessed_value":194500},{"address":"2799.0 WHEATON DRIVE NW","assessed_value":1581500},{"address":"3448.0 16 STREET NW","assessed_value":576500},{"address":"12215.0 167B AVENUE NW","assessed_value":482500},{"address":"nan nan","assessed_value":11000},{"address":"4523.0 94 STREET NW","assessed_value":2832000},{"address":"3108.0 152 AVENUE NW","assessed_value":402000},{"address":"nan nan","assessed_value":10500},{"address":"7410.0 GETTY WAY NW","assessed_value":501500},{"address":"11439.0 15 AVENUE SW","assessed_value":551500},{"address":"8730.0 82 AVENUE NW","assessed_value":206500},{"address":"493.0 WATT BOULEVARD SW","assessed_value":392500},{"address":"563.0 ALLARD BOULEVARD SW","assessed_value":443000},{"address":"216.0 52 STREET SW","assessed_value":603500},{"address":"18333.0 LESSARD ROAD NW","assessed_value":134000},{"address":"nan nan","assessed_value":12000},{"address":"1681.0 CUNNINGHAM WAY SW","assessed_value":424500},{"address":"nan nan","assessed_value":5500},{"address":"nan nan","assessed_value":10500},{"address":"2039.0 69 STREET SW","assessed_value":511000},{"address":"nan nan","assessed_value":11000},{"address":"5329.0 CRABAPPLE LOOP SW","assessed_value":433000},{"address":"nan nan","assessed_value":11000},{"address":"8344.0 77 AVENUE NW","assessed_value":763000},{"address":"nan nan","assessed_value":5000},{"address":"10744.0 174 AVENUE NW","assessed_value":1010000},{"address":"5504.0 165 AVENUE NW","assessed_value":505000},{"address":"1623.0 TOWNE CENTRE BOULEVARD NW","assessed_value":289500},{"address":"4025.0 ALLAN CRESCENT SW","assessed_value":533000},{"address":"655.0 TAMARACK ROAD NW","assessed_value":285000},{"address":"nan nan","assessed_value":11500},{"address":"nan nan","assessed_value":11000},{"address":"14602.0 94 STREET NW","assessed_value":9500},{"address":"nan nan","assessed_value":4000},{"address":"655.0 WATT BOULEVARD SW","assessed_value":300000},{"address":"2523.0 COLE CRESCENT SW","assessed_value":527000},{"address":"3719.0 WHITELAW LANE NW","assessed_value":199500},{"address":"1647.0 28 STREET NW","assessed_value":504000},{"address":"1427.0 CAREY WAY SW","assessed_value":588500},{"address":"9488.0 51 AVENUE NW","assessed_value":444500},{"address":"1748.0 61 STREET SW","assessed_value":499000},{"address":"111.0 AMBLESIDE DRIVE SW","assessed_value":218500},{"address":"1839.0 28 STREET NW","assessed_value":372500},{"address":"2911.0 20 AVENUE NW","assessed_value":385000},{"address":"8419.0 18 AVENUE SW","assessed_value":666500},{"address":"304.0 AMBLESIDE LINK SW","assessed_value":211500},{"address":"6075.0 SCHONSEE WAY NW","assessed_value":281000},{"address":"21404.0 95 AVENUE NW","assessed_value":463000},{"address":"11550.0 18A AVENUE SW","assessed_value":386500},{"address":"nan nan","assessed_value":11500},{"address":"5260.0 TERWILLEGAR BOULEVARD NW","assessed_value":296500},{"address":"9351.0 SIMPSON DRIVE NW","assessed_value":172500},{"address":"2035.0 GRANTHAM COURT NW","assessed_value":188500},{"address":"6070.0 SCHONSEE WAY NW","assessed_value":211500},{"address":"nan nan","assessed_value":7500},{"address":"10530.0 56 AVENUE NW","assessed_value":259000},{"address":"2211.0 HAMMOND BAY NW","assessed_value":546500},{"address":"3306.0 18A AVENUE NW","assessed_value":576500},{"address":"6015.0 18 AVENUE SW","assessed_value":543500},{"address":"4031.0 MORRISON WAY NW","assessed_value":463000},{"address":"3249.0 WINSPEAR CRESCENT SW","assessed_value":558000},{"address":"17116.0 125 STREET NW","assessed_value":387500},{"address":"nan nan","assessed_value":11000},{"address":"13331.0 82 STREET NW","assessed_value":227000},{"address":"11517.0 ELLERSLIE ROAD SW","assessed_value":191500},{"address":"11515.0 82 STREET NW","assessed_value":2384000},{"address":"2095.0 TRUMPETER WAY NW","assessed_value":361000},{"address":"10182.0 143 STREET NW","assessed_value":581000},{"address":"11425.0 105 AVENUE NW","assessed_value":169500},{"address":"10388.0 105 STREET NW","assessed_value":251000},{"address":"7825.0 71 STREET NW","assessed_value":191500},{"address":"9820.0 165 STREET NW","assessed_value":224000},{"address":"2309.0 CASSELMAN CRESCENT SW","assessed_value":359000},{"address":"1538.0 35B AVENUE NW","assessed_value":446000},{"address":"1692.0 CHAPMAN WAY SW","assessed_value":404500},{"address":"7021.0 21A AVENUE SW","assessed_value":379000},{"address":"4041.0 ALLAN CRESCENT SW","assessed_value":432000},{"address":"9512.0 205 STREET NW","assessed_value":804500},{"address":"21347.0 96 AVENUE NW","assessed_value":572000},{"address":"9351.0 SIMPSON DRIVE NW","assessed_value":182000},{"address":"nan nan","assessed_value":5500},{"address":"7819.0 18 AVENUE SW","assessed_value":616500},{"address":"2532.0 COLE CRESCENT SW","assessed_value":528500},{"address":"10174.0 143 STREET NW","assessed_value":569500},{"address":"619.0 ALLARD BOULEVARD SW","assessed_value":509000},{"address":"12712.0 126 AVENUE NW","assessed_value":2666000},{"address":"2827.0 20 AVENUE NW","assessed_value":423000},{"address":"105.0 AMBLESIDE DRIVE SW","assessed_value":209500},{"address":"465.0 HEMINGWAY ROAD NW","assessed_value":285500},{"address":"3715.0 WHITELAW LANE NW","assessed_value":141000},{"address":"17341.0 6A AVENUE SW","assessed_value":375500},{"address":"1025.0 WATT PROMENADE SW","assessed_value":452500},{"address":"283.0 MCCONACHIE DRIVE NW","assessed_value":423500},{"address":"21223.0 94 AVENUE NW","assessed_value":385500},{"address":"4028.0 166 AVENUE NW","assessed_value":642000},{"address":"10140.0 150 STREET NW","assessed_value":147500},{"address":"1703.0 28 STREET NW","assessed_value":554000},{"address":"2988.0 ELLWOOD DRIVE SW","assessed_value":344000},{"address":"3817.0 CLAXTON CLOSE SW","assessed_value":604000},{"address":"1069.0 CONNELLY WAY SW","assessed_value":758000},{"address":"631.0 176 STREET SW","assessed_value":819000},{"address":"2584.0 ANDERSON WAY SW","assessed_value":206500},{"address":"105.0 AMBLESIDE DRIVE SW","assessed_value":141500},{"address":"2319.0 76 STREET SW","assessed_value":437000},{"address":"8528.0 18 AVENUE SW","assessed_value":640500},{"address":"8528.0 19 AVENUE SW","assessed_value":562500},{"address":"16411.0 134 STREET NW","assessed_value":408000},{"address":"546.0 CHAPPELLE DRIVE SW","assessed_value":412000},{"address":"1720.0 GARNETT POINT NW","assessed_value":348500},{"address":"12916.0 202 STREET NW","assessed_value":653000},{"address":"2584.0 ANDERSON WAY SW","assessed_value":148500},{"address":"nan nan","assessed_value":9000},{"address":"8730.0 82 AVENUE NW","assessed_value":193500},{"address":"1623.0 TOWN CENTER BOULEVARD NW","assessed_value":286500},{"address":"nan nan","assessed_value":7500},{"address":"nan nan","assessed_value":14500},{"address":"465.0 MCCONACHIE WAY NW","assessed_value":462000},{"address":"5108.0 1A AVENUE SW","assessed_value":392000},{"address":"9507.0 SIMPSON COURT NW","assessed_value":412500},{"address":"nan nan","assessed_value":34000},{"address":"4697.0 CRABAPPLE RUN SW","assessed_value":400500},{"address":"304.0 AMBLESIDE LINK SW","assessed_value":223500},{"address":"4081.0 ALLAN CRESCENT SW","assessed_value":459500},{"address":"22047.0 97 AVENUE NW","assessed_value":443500},{"address":"3319.0 17B AVENUE NW","assessed_value":658000},{"address":"nan nan","assessed_value":7500},{"address":"8531.0 76 AVENUE NW","assessed_value":771500},{"address":"18230.0 104A STREET NW","assessed_value":326000},{"address":"3243.0 WINSPEAR CRESCENT SW","assessed_value":630500},{"address":"3675.0 GOODRIDGE CRESCENT NW","assessed_value":602000},{"address":"12918.0 205 STREET NW","assessed_value":396000},{"address":"2023.0 69 STREET SW","assessed_value":693500},{"address":"840.0 156 STREET NW","assessed_value":220500},{"address":"839.0 37 AVENUE NW","assessed_value":481000},{"address":"nan nan","assessed_value":10500},{"address":"2204.0 44 AVENUE NW","assessed_value":161000},{"address":"6083.0 MAYNARD WAY NW","assessed_value":308000},{"address":"5864.0 168 AVENUE NW","assessed_value":517500},{"address":"1619.0 61 STREET SW","assessed_value":515500},{"address":"2209.0 90 STREET SW","assessed_value":655500},{"address":"675.0 ALBANY WAY NW","assessed_value":298500},{"address":"1048.0 CONNELLY WAY SW","assessed_value":796500},{"address":"10152.0 104 STREET NW","assessed_value":236000},{"address":"1174.0 HAYS DRIVE NW","assessed_value":492000},{"address":"10806.0 67 AVENUE NW","assessed_value":759000},{"address":"638.0 CANTOR LANDING SW","assessed_value":620000},{"address":"12517.0 171 AVENUE NW","assessed_value":376500},{"address":"5523.0 6 AVENUE SW","assessed_value":666500},{"address":"396.0 SILVER BERRY ROAD NW","assessed_value":164000},{"address":"4144.0 WHISPERING RIVER DRIVE NW","assessed_value":2048000},{"address":"11517.0 ELLERSLIE ROAD SW","assessed_value":189500},{"address":"685.0 ALBANY WAY NW","assessed_value":319000},{"address":"396.0 SILVER BERRY ROAD NW","assessed_value":211000},{"address":"4314.0 VETERANS WAY NW","assessed_value":736000},{"address":"12803.0 200 STREET NW","assessed_value":785000},{"address":"12232.0 171 AVENUE NW","assessed_value":615000},{"address":"5038.0 ORCHARDS GATE SW","assessed_value":491000},{"address":"nan nan","assessed_value":4500},{"address":"1180.0 HYNDMAN ROAD NW","assessed_value":132500},{"address":"1863.0 32 STREET NW","assessed_value":493000},{"address":"15316.0 105 AVENUE NW","assessed_value":412000},{"address":"nan nan","assessed_value":7500},{"address":"13427.0 57 STREET NW","assessed_value":3594500},{"address":"382.0 SECORD BOULEVARD NW","assessed_value":349000},{"address":"9755.0 221 STREET NW","assessed_value":450000},{"address":"5178.0 1B AVENUE SW","assessed_value":465500},{"address":"10146.0 104 STREET NW","assessed_value":1237000},{"address":"7049.0 CARDINAL WAY SW","assessed_value":422000},{"address":"nan nan","assessed_value":15500},{"address":"16860.0 107 AVENUE NW","assessed_value":4604500},{"address":"nan nan","assessed_value":4000},{"address":"2606.0 109 STREET NW","assessed_value":308500},{"address":"4103.0 ROPER ROAD NW","assessed_value":13494500},{"address":"2612.0 109 STREET NW","assessed_value":215500},{"address":"10518.0 113 STREET NW","assessed_value":202000},{"address":"nan nan","assessed_value":7500},{"address":"7832.0 SUMMERSIDE GRANDE BOULEVARD SW","assessed_value":633000},{"address":"636.0 CANTOR LANDING SW","assessed_value":637500},{"address":"nan nan","assessed_value":10500},{"address":"11668.0 154 STREET NW","assessed_value":676000},{"address":"7825.0 71 STREET","assessed_value":202500},{"address":"nan nan","assessed_value":9500},{"address":"612.0 FRASER VISTA NW","assessed_value":708500},{"address":"3361.0 18B AVENUE NW","assessed_value":506000},{"address":"9519.0 206 STREET NW","assessed_value":670500},{"address":"1033.0 COOPERS HAWK LINK NW","assessed_value":538000},{"address":"5431.0 BONAVENTURE AVENUE NW","assessed_value":790000},{"address":"9523.0 205 STREET NW","assessed_value":873500},{"address":"1165.0 HAYS DRIVE NW","assessed_value":654500},{"address":"3273.0 WINSPEAR CRESCENT SW","assessed_value":673500},{"address":"nan nan","assessed_value":15500},{"address":"11505.0 ELLERSLIE ROAD SW","assessed_value":227500},{"address":"21335.0 95 AVENUE NW","assessed_value":414500},{"address":"16008.0 139 STREET NW","assessed_value":682000},{"address":"465.0 HEMINGWAY ROAD NW","assessed_value":285500},{"address":"5169.0 1B AVENUE SW","assessed_value":498000},{"address":"7209.0 22 AVENUE SW","assessed_value":358500},{"address":"245.0 CALLAGHAN DRIVE SW","assessed_value":580500},{"address":"2612.0 109 STREET NW","assessed_value":269000},{"address":"1432.0 CHAHLEY PLACE NW","assessed_value":900500},{"address":"11311.0 79 AVENUE NW","assessed_value":890500},{"address":"18027.0 87 STREET NW","assessed_value":551500},{"address":"10518.0 113 STREET NW","assessed_value":259500},{"address":"640.0 FRASER VISTA NW","assessed_value":807500},{"address":"3687.0 ATKINSON LOOP SW","assessed_value":544000},{"address":"760.0 LEWIS GREENS DRIVE NW","assessed_value":572500}]