[{"address":"9548.0 145 AVENUE NW","assessed_value":379000},{"address":"12283.0 143 AVENUE NW","assessed_value":407500},{"address":"13908.0 86 STREET NW","assessed_value":359500},{"address":"16340.0 119 STREET NW","assessed_value":401000},{"address":"6.0 LORELEI CLOSE NW","assessed_value":254000},{"address":"3226.0 145 AVENUE NW","assessed_value":537000},{"address":"14630.0 118 STREET NW","assessed_value":151000},{"address":"14112.0 62 STREET NW","assessed_value":356000},{"address":"14239.0 77 STREET NW","assessed_value":345500},{"address":"9804.0 164 AVENUE NW","assessed_value":544000},{"address":"14107.0 74 STREET NW","assessed_value":336000},{"address":"11358.0 139 AVENUE NW","assessed_value":168500},{"address":"6016.0 137 AVENUE NW","assessed_value":352500},{"address":"12820.0 95 STREET NW","assessed_value":326000},{"address":"13407.0 103 STREET NW","assessed_value":500},{"address":"13023.0 90 STREET NW","assessed_value":246000},{"address":"13403.0 92 STREET NW","assessed_value":307000},{"address":"10526.0 173A AVENUE NW","assessed_value":451000},{"address":"8611.0 143 AVENUE NW","assessed_value":336000},{"address":"14612.0 117A STREET NW","assessed_value":348000},{"address":"14543.0 19 STREET NW","assessed_value":326000},{"address":"14327.0 53 STREET NW","assessed_value":500},{"address":"14415.0 92 STREET NW","assessed_value":131000},{"address":"13911.0 86 STREET NW","assessed_value":373000},{"address":"14112.0 63 STREET NW","assessed_value":257500},{"address":"6912.0 DELWOOD ROAD NW","assessed_value":327000},{"address":"11103.0 170 AVENUE NW","assessed_value":479500},{"address":"14712.0 55 STREET NW","assessed_value":446500},{"address":"11440.0 161 AVENUE NW","assessed_value":338500},{"address":"11611.0 142 AVENUE NW","assessed_value":326000},{"address":"6119.0 138 AVENUE NW","assessed_value":314500},{"address":"9408.0 129A AVENUE NW","assessed_value":319000},{"address":"12806.0 71 STREET NW","assessed_value":176000},{"address":"15216.0 119 STREET NW","assessed_value":335500},{"address":"13423.0 58 STREET NW","assessed_value":299000},{"address":"11520.0 146 AVENUE NW","assessed_value":351000},{"address":"14205.0 82 STREET NW","assessed_value":137500},{"address":"10107.0 169 AVENUE NW","assessed_value":358500},{"address":"5920.0 148 AVENUE NW","assessed_value":372000},{"address":"9309.0 124 AVENUE NW","assessed_value":354500},{"address":"16908.0 110 STREET NW","assessed_value":403500},{"address":"14548.0 27 STREET NW","assessed_value":350500},{"address":"13431.0 82 STREET NW","assessed_value":277000},{"address":"9515.0 173 AVENUE NW","assessed_value":301000},{"address":"14711.0 115 STREET NW","assessed_value":354000},{"address":"8916.0 144 AVENUE NW","assessed_value":132500},{"address":"2325.0 139 AVENUE NW","assessed_value":165500},{"address":"13851.0 25 STREET NW","assessed_value":336000},{"address":"9512.0 134 AVENUE NW","assessed_value":318500},{"address":"14305.0 121 STREET NW","assessed_value":7790000},{"address":"8532.0 136 AVENUE NW","assessed_value":347500},{"address":"6008.0 149 AVENUE NW","assessed_value":333000},{"address":"7924.0 131A AVENUE NW","assessed_value":312000},{"address":"13004.0 105 STREET NW","assessed_value":310500},{"address":"12707.0 90 STREET NW","assessed_value":218000},{"address":"15224.0 88A STREET NW","assessed_value":395000},{"address":"7908.0 128A AVENUE NW","assessed_value":298000},{"address":"13230.0 FORT ROAD NW","assessed_value":46500},{"address":"11004.0 134 AVENUE NW","assessed_value":235500},{"address":"12827.0 87 STREET NW","assessed_value":342500},{"address":"15003.0 73 STREET NW","assessed_value":361500},{"address":"16428.0 100 STREET NW","assessed_value":355000},{"address":"2108.0 151 AVENUE NW","assessed_value":309000},{"address":"15123.0 88 STREET NW","assessed_value":358000},{"address":"2403.0 149 AVENUE NW","assessed_value":380000},{"address":"10640.0 BEAUMARIS ROAD NW","assessed_value":172500},{"address":"11907.0 152B AVENUE NW","assessed_value":341000},{"address":"13428.0 109A STREET NW","assessed_value":389500},{"address":"12334.0 103 STREET NW","assessed_value":295500},{"address":"7220.0 DELWOOD ROAD NW","assessed_value":370000},{"address":"5304.0 142A AVENUE NW","assessed_value":333500},{"address":"11303.0 136 AVENUE NW","assessed_value":316000},{"address":"16508.0 113 STREET NW","assessed_value":375000},{"address":"8103.0 149A AVENUE NW","assessed_value":351500},{"address":"14225.0 23 STREET NW","assessed_value":170000},{"address":"7715.0 134B AVENUE NW","assessed_value":354000},{"address":"6004.0 148 AVENUE NW","assessed_value":342500},{"address":"15203.0 59 STREET NW","assessed_value":340000},{"address":"13015.0 102 STREET NW","assessed_value":257000},{"address":"15108.0 114A STREET NW","assessed_value":216000},{"address":"14209.0 114 STREET NW","assessed_value":295000},{"address":"14332.0 122 STREET NW","assessed_value":402500},{"address":"77.0 LANCASTER TERRACE NW","assessed_value":139500},{"address":"13407.0 70 STREET NW","assessed_value":339500},{"address":"13303.0 63 STREET NW","assessed_value":325500},{"address":"13328.0 96 STREET NW","assessed_value":348500},{"address":"5204.0 144 AVENUE NW","assessed_value":0},{"address":"8803.0 135A AVENUE NW","assessed_value":328500},{"address":"13227.0 70A STREET NW","assessed_value":363500},{"address":"16410.0 114A STREET NW","assessed_value":338500},{"address":"14225.0 22A STREET NW","assessed_value":350000},{"address":"6107.0 131 AVENUE NW","assessed_value":312500},{"address":"13812.0 86 STREET NW","assessed_value":372500},{"address":"7707.0 130 AVENUE NW","assessed_value":290000},{"address":"13306.0 82 STREET NW","assessed_value":200500},{"address":"11820.0 139 AVENUE NW","assessed_value":390500},{"address":"3159.0 138 AVENUE NW","assessed_value":164500},{"address":"15629.0 121 STREET NW","assessed_value":171500},{"address":"12935.0 64 STREET NW","assessed_value":242000},{"address":"8012.0 131A AVENUE NW","assessed_value":276500},{"address":"16527.0 102 STREET NW","assessed_value":355000},{"address":"12015.0 104 STREET NW","assessed_value":379500},{"address":"11728.0 144 AVENUE NW","assessed_value":360500},{"address":"12303.0 94 STREET NW","assessed_value":258000},{"address":"12842.0 86 STREET NW","assessed_value":326000},{"address":"12820.0 93 STREET NW","assessed_value":279500},{"address":"14732.0 61A STREET NW","assessed_value":331500},{"address":"12229.0 92 STREET NW","assessed_value":225500},{"address":"10820.0 136 AVENUE NW","assessed_value":326000},{"address":"13015.0 62 STREET NW","assessed_value":281000},{"address":"13208.0 68 STREET NW","assessed_value":330000},{"address":"736.0 WARWICK ROAD NW","assessed_value":355000},{"address":"11416.0 148 AVENUE NW","assessed_value":331000},{"address":"12120.0 148 AVENUE NW","assessed_value":367500},{"address":"5358.0 MCLEOD ROAD NW","assessed_value":167000},{"address":"13816.0 114 STREET NW","assessed_value":263000},{"address":"16025.0 123A STREET NW","assessed_value":382500},{"address":"12903.0 113A STREET NW","assessed_value":229000},{"address":"14224.0 116 STREET NW","assessed_value":342500},{"address":"13523.0 104A STREET NW","assessed_value":336500},{"address":"15821.0 34 STREET NW","assessed_value":3173500},{"address":"12927.0 88 STREET NW","assessed_value":310000},{"address":"5807.0 138 AVENUE NW","assessed_value":297500},{"address":"17009.0 95 STREET NW","assessed_value":331000},{"address":"13424.0 82 STREET NW","assessed_value":326000},{"address":"13523.0 86 STREET NW","assessed_value":308500},{"address":"17041.0 100 STREET NW","assessed_value":174500},{"address":"13204.0 82 STREET NW","assessed_value":1466000},{"address":"13210.0 25 STREET NW","assessed_value":18000},{"address":"11106.0 173A AVENUE NW","assessed_value":471000},{"address":"7711.0 141 AVENUE NW","assessed_value":347000},{"address":"11436.0 139 AVENUE NW","assessed_value":189500},{"address":"12224.0 92 STREET NW","assessed_value":232500},{"address":"13012.0 108 STREET NW","assessed_value":357500},{"address":"8527.0 134A AVENUE NW","assessed_value":359500},{"address":"12926.0 68 STREET NW","assessed_value":562000},{"address":"14543.0 121 STREET NW","assessed_value":162000},{"address":"11714.0 148 AVENUE NW","assessed_value":1000},{"address":"6820.0 135A AVENUE NW","assessed_value":324000},{"address":"11335.0 164 AVENUE NW","assessed_value":364000},{"address":"113.0 VILLAGE ON THE GREEN NW","assessed_value":155500},{"address":"5446.0 144B AVENUE NW","assessed_value":168000},{"address":"7303.0 144 AVENUE NW","assessed_value":321500},{"address":"15107.0 64 STREET NW","assessed_value":343000},{"address":"13535.0 67 STREET NW","assessed_value":329000},{"address":"7603.0 141 AVENUE NW","assessed_value":357000},{"address":"7608.0 129A AVENUE NW","assessed_value":424500},{"address":"9530.0 121 AVENUE NW","assessed_value":304500},{"address":"16516.0 106 STREET NW","assessed_value":323000},{"address":"7920.0 147 AVENUE NW","assessed_value":373500},{"address":"11807.0 145 AVENUE NW","assessed_value":227000},{"address":"14211.0 57 STREET NW","assessed_value":53500},{"address":"14311.0 87 STREET NW","assessed_value":384500},{"address":"12909.0 55 STREET NW","assessed_value":198000},{"address":"12839.0 108 STREET NW","assessed_value":207000},{"address":"164.0 WARWICK ROAD NW","assessed_value":355500},{"address":"14503.0 64 STREET NW","assessed_value":327000},{"address":"14008.0 95 STREET NW","assessed_value":366500},{"address":"8311.0 133A AVENUE NW","assessed_value":217000},{"address":"10910.0 173A AVENUE NW","assessed_value":337500},{"address":"5320.0 MCLEOD ROAD NW","assessed_value":160500},{"address":"12904.0 80 STREET NW","assessed_value":383000},{"address":"14203.0 78 STREET NW","assessed_value":342000},{"address":"647.0 KIRKNESS ROAD NW","assessed_value":391500},{"address":"11871.0 145 AVENUE NW","assessed_value":213500},{"address":"11902.0 145 AVENUE NW","assessed_value":44500},{"address":"14208.0 120A STREET NW","assessed_value":334500},{"address":"3135.0 138 AVENUE NW","assessed_value":167000},{"address":"8912.0 150 AVENUE NW","assessed_value":342500},{"address":"14104.0 94 STREET NW","assessed_value":373500},{"address":"16527.0 114 STREET NW","assessed_value":364000},{"address":"13212.0 81 STREET NW","assessed_value":284500},{"address":"8916.0 129B AVENUE NW","assessed_value":313000},{"address":"9424.0 144 AVENUE NW","assessed_value":361500},{"address":"17131.0 109 STREET NW","assessed_value":147000},{"address":"16520.0 99 STREET NW","assessed_value":344500},{"address":"14604.0 31 STREET NW","assessed_value":321500},{"address":"5503.0 142A AVENUE NW","assessed_value":401000},{"address":"12114.0 102 STREET NW","assessed_value":301500},{"address":"17428.0 96 STREET NW","assessed_value":318500},{"address":"16563.0 113 STREET NW","assessed_value":421000},{"address":"11408.0 146 AVENUE NW","assessed_value":362000},{"address":"12960.0 103 STREET NW","assessed_value":500},{"address":"13228.0 102 STREET NW","assessed_value":460000},{"address":"510.0 VILLAGE ON THE GREEN NW","assessed_value":153000},{"address":"9140.0 144 AVENUE NW","assessed_value":107000},{"address":"12416.0 161 AVENUE NW","assessed_value":131000},{"address":"9607.0 144 AVENUE NW","assessed_value":371500},{"address":"7411.0 141 AVENUE NW","assessed_value":297000},{"address":"5641.0 137 AVENUE NW","assessed_value":150000},{"address":"16744.0 110 STREET NW","assessed_value":358000},{"address":"128.0 MAYFAIR MEWS NW","assessed_value":151500},{"address":"14308.0 20 STREET NW","assessed_value":457000},{"address":"13223.0 67 STREET NW","assessed_value":344500},{"address":"6104.0 141 AVENUE NW","assessed_value":320000},{"address":"10308.0 164 AVENUE NW","assessed_value":370000},{"address":"8012.0 144 AVENUE NW","assessed_value":352500},{"address":"14716.0 96 STREET NW","assessed_value":330000},{"address":"6220.0 144 AVENUE NW","assessed_value":313000},{"address":"13511.0 112 STREET NW","assessed_value":361500},{"address":"11411.0 146 AVENUE NW","assessed_value":352500},{"address":"7515.0 137 AVENUE NW","assessed_value":293000},{"address":"12311.0 96 STREET NW","assessed_value":299000},{"address":"11319.0 153 AVENUE NW","assessed_value":3000},{"address":"7223.0 150 AVENUE NW","assessed_value":359000},{"address":"8411.0 139 AVENUE NW","assessed_value":398000},{"address":"13804.0 96 STREET NW","assessed_value":443000},{"address":"5517.0 145A AVENUE NW","assessed_value":367000},{"address":"13225.0 59 STREET NW","assessed_value":224500},{"address":"14819.0 73A STREET NW","assessed_value":353000},{"address":"7907.0 128A AVENUE NW","assessed_value":327000},{"address":"5911.0 149 AVENUE NW","assessed_value":372500},{"address":"7619.0 135A AVENUE NW","assessed_value":416500},{"address":"7228.0 131A AVENUE NW","assessed_value":322500},{"address":"12210.0 102 STREET NW","assessed_value":241000},{"address":"13803.0 96 STREET NW","assessed_value":423000},{"address":"13548.0 104A STREET NW","assessed_value":349000},{"address":"16019.0 123 STREET NW","assessed_value":333000},{"address":"13524.0 104 STREET NW","assessed_value":325500},{"address":"12010.0 157 AVENUE NW","assessed_value":234000},{"address":"12131.0 91 STREET NW","assessed_value":253000},{"address":"15105.0 121 STREET NW","assessed_value":80000},{"address":"16519.0 102 STREET NW","assessed_value":362000},{"address":"260.0 WARWICK ROAD NW","assessed_value":349500},{"address":"14726.0 32 STREET NW","assessed_value":276000},{"address":"12923.0 90 STREET NW","assessed_value":318000},{"address":"11924.0 152B AVENUE NW","assessed_value":339500},{"address":"12926.0 69 STREET NW","assessed_value":219500},{"address":"14314.0 20 STREET NW","assessed_value":4500},{"address":"11304.0 134 AVENUE NW","assessed_value":245000},{"address":"13412.0 91 STREET NW","assessed_value":319000},{"address":"12419.0 94 STREET NW","assessed_value":251500},{"address":"12112.0 146 AVENUE NW","assessed_value":436000},{"address":"9312.0 129B AVENUE NW","assessed_value":347500},{"address":"14023.0 116 STREET NW","assessed_value":337500},{"address":"5703.0 142 AVENUE NW","assessed_value":295000},{"address":"6708.0 136 AVENUE NW","assessed_value":346500},{"address":"1908.0 145 AVENUE NW","assessed_value":299000},{"address":"9018.0 133 AVENUE NW","assessed_value":232000},{"address":"10923.0 135A AVENUE NW","assessed_value":312500},{"address":"7759.0 128 AVENUE NW","assessed_value":208000},{"address":"16424.0 106 STREET NW","assessed_value":380500},{"address":"16804.0 109 STREET NW","assessed_value":345000},{"address":"10818.0 173 AVENUE NW","assessed_value":212000},{"address":"2924.0 146 AVENUE NW","assessed_value":333500},{"address":"17219.0 108 STREET NW","assessed_value":353000},{"address":"7015.0 144 AVENUE NW","assessed_value":376500},{"address":"13220.0 70 STREET NW","assessed_value":315500},{"address":"12823.0 74 STREET NW","assessed_value":301500},{"address":"11017.0 169A AVENUE NW","assessed_value":357500},{"address":"5611.0 134A AVENUE NW","assessed_value":298500},{"address":"8403.0 134 AVENUE NW","assessed_value":254500},{"address":"14120.0 80 STREET NW","assessed_value":124500},{"address":"14212.0 79 STREET NW","assessed_value":351000},{"address":"9015.0 137 AVENUE NW","assessed_value":367500},{"address":"16529.0 115 STREET NW","assessed_value":270000},{"address":"12916.0 70 STREET NW","assessed_value":160500},{"address":"11719.0 151 AVENUE NW","assessed_value":332500},{"address":"9574.0 118 AVENUE NW","assessed_value":358500},{"address":"8916.0 152 AVENUE NW","assessed_value":366500},{"address":"5422.0 144B AVENUE NW","assessed_value":164500},{"address":"13228.0 66 STREET NW","assessed_value":293500},{"address":"14718.0 121 STREET NW","assessed_value":143000},{"address":"5.0 MCLEOD PLACE NW","assessed_value":187000},{"address":"39.0 AMBERLY COURT NW","assessed_value":153000},{"address":"10323.0 164 AVENUE NW","assessed_value":274000},{"address":"7416.0 149A AVENUE NW","assessed_value":340500},{"address":"7709.0 144 AVENUE NW","assessed_value":264500},{"address":"14235.0 77 STREET NW","assessed_value":342000},{"address":"6124.0 142 AVENUE NW","assessed_value":366500},{"address":"11916.0 91 STREET NW","assessed_value":439000},{"address":"6930.0 127 AVENUE NW","assessed_value":253500},{"address":"13242.0 108 STREET NW","assessed_value":147000},{"address":"10707.0 130 AVENUE NW","assessed_value":301500},{"address":"9103.0 151 AVENUE NW","assessed_value":351000},{"address":"9140.0 144 AVENUE NW","assessed_value":65000},{"address":"13117.0 82 STREET NW","assessed_value":211000},{"address":"13520.0 69 STREET NW","assessed_value":341000},{"address":"12302.0 95 STREET NW","assessed_value":283500},{"address":"12035.0 95 STREET NW","assessed_value":351000},{"address":"72.0 NORTHWOODS VILLAGE NW","assessed_value":166500},{"address":"13704.0 CASTLE DOWNS ROAD NW","assessed_value":3977500},{"address":"16324.0 99 STREET NW","assessed_value":454500},{"address":"6412.0 132 AVENUE NW","assessed_value":305000},{"address":"15739.0 121 STREET NW","assessed_value":234000},{"address":"13511.0 80A STREET NW","assessed_value":362500},{"address":"13862.0 27 STREET NW","assessed_value":111000},{"address":"7004.0 152A AVENUE NW","assessed_value":339500},{"address":"5904.0 136 AVENUE NW","assessed_value":340500},{"address":"12240.0 96 STREET NW","assessed_value":238500},{"address":"456.0 DUNLUCE ROAD NW","assessed_value":374000},{"address":"13227.0 95 STREET NW","assessed_value":304500},{"address":"10908.0 134 AVENUE NW","assessed_value":282500},{"address":"10316.0 132 AVENUE NW","assessed_value":217500},{"address":"12054.0 94 STREET NW","assessed_value":184500},{"address":"5504.0 MCLEOD ROAD NW","assessed_value":391000},{"address":"10730.0 173A AVENUE NW","assessed_value":370500},{"address":"10223.0 169 AVENUE NW","assessed_value":501000},{"address":"11439.0 142 AVENUE NW","assessed_value":350000},{"address":"7212.0 137 AVENUE NW","assessed_value":330500},{"address":"6111.0 149 AVENUE NW","assessed_value":340500},{"address":"13443.0 101 STREET NW","assessed_value":236500},{"address":"5615.0 141 AVENUE NW","assessed_value":308000},{"address":"2363.0 139 AVENUE NW","assessed_value":162000},{"address":"12919.0 104 STREET NW","assessed_value":326000},{"address":"12142.0 95 STREET NW","assessed_value":210500},{"address":"9419.0 135 AVENUE NW","assessed_value":288500},{"address":"15105.0 121 STREET NW","assessed_value":78000},{"address":"11111.0 137 AVENUE NW","assessed_value":311500},{"address":"16724.0 111 STREET NW","assessed_value":421000},{"address":"10854.0 173 AVENUE NW","assessed_value":212500},{"address":"15104.0 51 STREET NW","assessed_value":160500},{"address":"11119.0 137 AVENUE NW","assessed_value":293500},{"address":"12412.0 95A STREET NW","assessed_value":248500},{"address":"680.0 WARWICK ROAD NW","assessed_value":367000},{"address":"7020.0 DELWOOD ROAD NW","assessed_value":413000},{"address":"9515.0 142 AVENUE NW","assessed_value":416000},{"address":"8005.0 144 AVENUE NW","assessed_value":131500},{"address":"13834.0 24 STREET NW","assessed_value":153500},{"address":"13532.0 86 STREET NW","assessed_value":345000},{"address":"9825.0 171A AVENUE NW","assessed_value":330000},{"address":"15604.0 125 STREET NW","assessed_value":478000},{"address":"11755.0 152A AVENUE NW","assessed_value":355000},{"address":"5628.0 142A AVENUE NW","assessed_value":382000},{"address":"12228.0 93 STREET NW","assessed_value":213000},{"address":"13220.0 FORT ROAD NW","assessed_value":60000},{"address":"9812.0 170 AVENUE NW","assessed_value":330000},{"address":"14715.0 78 STREET NW","assessed_value":348000},{"address":"214.0 VILLAGE ON THE GREEN NW","assessed_value":147500},{"address":"14904.0 59 STREET NW","assessed_value":341000},{"address":"11424.0 160 AVENUE NW","assessed_value":347500},{"address":"9019.0 134 AVENUE NW","assessed_value":220000},{"address":"15115.0 88A STREET NW","assessed_value":346500},{"address":"14230.0 80 STREET NW","assessed_value":124500},{"address":"8024.0 148 AVENUE NW","assessed_value":361500},{"address":"7207.0 140 AVENUE NW","assessed_value":348000},{"address":"7315.0 DELWOOD ROAD NW","assessed_value":3432000},{"address":"13866.0 27 STREET NW","assessed_value":112000},{"address":"7212.0 131A AVENUE NW","assessed_value":299000},{"address":"17307.0 107 STREET NW","assessed_value":348500},{"address":"14711.0 29A STREET NW","assessed_value":359000},{"address":"10911.0 135A AVENUE NW","assessed_value":316500},{"address":"12116.0 91 STREET NW","assessed_value":256000},{"address":"9507.0 128 AVENUE NW","assessed_value":347500},{"address":"9932.0 173 AVENUE NW","assessed_value":329000},{"address":"13224.0 78 STREET NW","assessed_value":352000},{"address":"12911.0 108 STREET NW","assessed_value":363000},{"address":"11826.0 95 STREET NW","assessed_value":215000},{"address":"11803.0 158 AVENUE NW","assessed_value":361000},{"address":"15021.0 118 STREET NW","assessed_value":110000},{"address":"14411.0 54 STREET NW","assessed_value":164500},{"address":"13604.0 90A STREET NW","assessed_value":307000},{"address":"8907.0 129B AVENUE NW","assessed_value":315000},{"address":"15811.0 125 STREET NW","assessed_value":342500},{"address":"7907.0 130 AVENUE NW","assessed_value":288000},{"address":"9527.0 151 AVENUE NW","assessed_value":364500},{"address":"7412.0 130A AVENUE NW","assessed_value":327000},{"address":"11415.0 148 AVENUE NW","assessed_value":353500},{"address":"409.0 DUNLUCE ROAD NW","assessed_value":180000},{"address":"13119.0 63 STREET NW","assessed_value":285000},{"address":"13343.0 107 STREET NW","assessed_value":500},{"address":"11903.0 91 STREET NW","assessed_value":296000},{"address":"12107.0 152A AVENUE NW","assessed_value":352500},{"address":"2927.0 145 AVENUE NW","assessed_value":327500},{"address":"5715.0 149 AVENUE NW","assessed_value":189500},{"address":"2127.0 141 AVENUE NW","assessed_value":177000},{"address":"6808.0 149 AVENUE NW","assessed_value":265000},{"address":"5912.0 145 AVENUE NW","assessed_value":337000},{"address":"14704.0 32 STREET NW","assessed_value":393000},{"address":"12612.0 161 AVENUE NW","assessed_value":277000},{"address":"17203.0 93 STREET NW","assessed_value":407500},{"address":"13855.0 25 STREET NW","assessed_value":309500},{"address":"71.0 LANCASTER TERRACE NW","assessed_value":135500},{"address":"16224.0 102 STREET NW","assessed_value":364500},{"address":"11492.0 139 AVENUE NW","assessed_value":176500},{"address":"13302.0 89 STREET NW","assessed_value":169500},{"address":"5919.0 137 AVENUE NW","assessed_value":304000},{"address":"14311.0 114 STREET NW","assessed_value":313000},{"address":"6103.0 142 AVENUE NW","assessed_value":325500},{"address":"16547.0 104 STREET NW","assessed_value":352500},{"address":"14620.0 29 STREET NW","assessed_value":381500},{"address":"13203.0 82 STREET NW","assessed_value":904500},{"address":"11712.0 158 AVENUE NW","assessed_value":357500},{"address":"7916.0 152A AVENUE NW","assessed_value":348500},{"address":"12131.0 150 AVENUE NW","assessed_value":375000},{"address":"9024.0 138 AVENUE NW","assessed_value":345500},{"address":"16915.0 92 STREET NW","assessed_value":349500},{"address":"9903.0 170 AVENUE NW","assessed_value":339000},{"address":"12934.0 86 STREET NW","assessed_value":307500},{"address":"13212.0 108 STREET NW","assessed_value":239500},{"address":"7608.0 130 AVENUE NW","assessed_value":313000},{"address":"14420.0 86 STREET NW","assessed_value":433500},{"address":"15207.0 83 STREET NW","assessed_value":365000},{"address":"17312.0 104 STREET NW","assessed_value":355500},{"address":"8303.0 137 AVENUE NW","assessed_value":343000},{"address":"8708.0 151 AVENUE NW","assessed_value":409000},{"address":"5523.0 134 AVENUE NW","assessed_value":298000},{"address":"12057.0 97 STREET NW","assessed_value":188000},{"address":"31.0 WARWICK ROAD NW","assessed_value":279500},{"address":"13531.0 66 STREET NW","assessed_value":285000},{"address":"13712.0 90A STREET NW","assessed_value":419000},{"address":"11824.0 157 AVENUE NW","assessed_value":275500},{"address":"15108.0 69 STREET NW","assessed_value":355000},{"address":"84.0 DUNLUCE ROAD NW","assessed_value":462500},{"address":"7824.0 127 AVENUE NW","assessed_value":253500},{"address":"13538.0 105 STREET NW","assessed_value":331000},{"address":"15015.0 67 STREET NW","assessed_value":340000},{"address":"10739.0 131A AVENUE NW","assessed_value":5000},{"address":"500.0 VILLAGE ON THE GREEN NW","assessed_value":147500},{"address":"13450.0 FORT ROAD NW","assessed_value":90000},{"address":"14031.0 120 STREET NW","assessed_value":403000},{"address":"13427.0 102 STREET NW","assessed_value":441000},{"address":"17212.0 106 STREET NW","assessed_value":357000},{"address":"12715.0 103 STREET NW","assessed_value":301500},{"address":"7208.0 139 AVENUE NW","assessed_value":343500},{"address":"10684.0 BEAUMARIS ROAD NW","assessed_value":168000},{"address":"15012.0 83 STREET NW","assessed_value":368500},{"address":"8512.0 134 AVENUE NW","assessed_value":344500},{"address":"12816.0 103 STREET NW","assessed_value":184500},{"address":"16530.0 115 STREET NW","assessed_value":296500},{"address":"12225.0 95 STREET NW","assessed_value":264500},{"address":"12555.0 161 AVENUE NW","assessed_value":334000},{"address":"11829.0 145 AVENUE NW","assessed_value":230500},{"address":"12803.0 73 STREET NW","assessed_value":215000},{"address":"8603.0 131A AVENUE NW","assessed_value":451500},{"address":"15019.0 59A STREET NW","assessed_value":362500},{"address":"10339.0 131A AVENUE NW","assessed_value":198500},{"address":"13323.0 106 STREET NW","assessed_value":310000},{"address":"14524.0 21 STREET NW","assessed_value":295500},{"address":"12735.0 72 STREET NW","assessed_value":407000},{"address":"15016.0 75A STREET NW","assessed_value":349500},{"address":"7332.0 149A AVENUE NW","assessed_value":371000},{"address":"13411.0 71 STREET NW","assessed_value":349500},{"address":"8922.0 144 AVENUE NW","assessed_value":115500},{"address":"6108.0 152A AVENUE NW","assessed_value":346500},{"address":"8115.0 144 AVENUE NW","assessed_value":124500},{"address":"237.0 DUNLUCE ROAD NW","assessed_value":198000},{"address":"277.0 LANCASTER TERRACE NW","assessed_value":159000},{"address":"12230.0 106 STREET NW","assessed_value":294000},{"address":"14228.0 76 STREET NW","assessed_value":344500},{"address":"5511.0 141 AVENUE NW","assessed_value":304500},{"address":"11712.0 151 AVENUE NW","assessed_value":347000},{"address":"14033.0 21A STREET NW","assessed_value":363000},{"address":"9311.0 130 AVENUE NW","assessed_value":373000},{"address":"8604.0 141 AVENUE NW","assessed_value":360500},{"address":"15015.0 65 STREET NW","assessed_value":342500},{"address":"15108.0 65 STREET NW","assessed_value":330000},{"address":"12145.0 145A AVENUE NW","assessed_value":382500},{"address":"13439.0 71 STREET NW","assessed_value":322500},{"address":"8904.0 130 AVENUE NW","assessed_value":287500},{"address":"5304.0 139 AVENUE NW","assessed_value":360000},{"address":"7824.0 128 AVENUE NW","assessed_value":303000},{"address":"5619.0 137 AVENUE NW","assessed_value":149000},{"address":"8732.0 130A AVENUE NW","assessed_value":1000},{"address":"13451.0 113A STREET NW","assessed_value":235500},{"address":"9507.0 151 AVENUE NW","assessed_value":333500},{"address":"14608.0 55 STREET NW","assessed_value":357000},{"address":"14577.0 121 STREET NW","assessed_value":169500},{"address":"16520.0 109 STREET NW","assessed_value":340500},{"address":"13520.0 111 STREET NW","assessed_value":273500},{"address":"160.0 DUNLUCE ROAD NW","assessed_value":433500},{"address":"229.0 WARWICK ROAD NW","assessed_value":320500},{"address":"10213.0 131A AVENUE NW","assessed_value":221000},{"address":"13532.0 110 STREET NW","assessed_value":370000},{"address":"5523.0 142 AVENUE NW","assessed_value":314500},{"address":"11930.0 92 STREET NW","assessed_value":202500},{"address":"14223.0 80 STREET NW","assessed_value":353000},{"address":"13815.0 118 STREET NW","assessed_value":280000},{"address":"17112.0 108 STREET NW","assessed_value":161500},{"address":"11707.0 152 AVENUE NW","assessed_value":287000},{"address":"14113.0 23 STREET NW","assessed_value":235000},{"address":"2137.0 141 AVENUE NW","assessed_value":166000},{"address":"12227.0 152C AVENUE NW","assessed_value":344000},{"address":"10104.0 121 AVENUE NW","assessed_value":569500},{"address":"16070.0 123A STREET NW","assessed_value":334500},{"address":"13876.0 24 STREET NW","assessed_value":158000},{"address":"14207.0 23 STREET NW","assessed_value":177500},{"address":"3155.0 145 AVENUE NW","assessed_value":393000},{"address":"13012.0 62 STREET NW","assessed_value":270000},{"address":"14507.0 25 STREET NW","assessed_value":357000},{"address":"10104.0 134 AVENUE NW","assessed_value":274000},{"address":"10682.0 BEAUMARIS ROAD NW","assessed_value":176000},{"address":"12215.0 101 STREET NW","assessed_value":273500},{"address":"11408.0 164 AVENUE NW","assessed_value":351500},{"address":"13231.0 83 STREET NW","assessed_value":228500},{"address":"12845.0 73 STREET NW","assessed_value":273500},{"address":"15306.0 121 STREET NW","assessed_value":254000},{"address":"13423.0 108 STREET NW","assessed_value":300000},{"address":"16727.0 110 STREET NW","assessed_value":441000},{"address":"15011.0 57 STREET NW","assessed_value":590000},{"address":"16535.0 116 STREET NW","assessed_value":392000},{"address":"9508.0 173 AVENUE NW","assessed_value":335000},{"address":"10624.0 BEAUMARIS ROAD NW","assessed_value":172500},{"address":"7607.0 142 AVENUE NW","assessed_value":358500},{"address":"12212.0 146 AVENUE NW","assessed_value":352500},{"address":"20.0 DUNLUCE ROAD NW","assessed_value":384000},{"address":"43.0 MCLEOD PLACE NW","assessed_value":179000},{"address":"13611.0 79 STREET NW","assessed_value":323500},{"address":"14415.0 92 STREET NW","assessed_value":128000},{"address":"13703.0 58 STREET NW","assessed_value":421000},{"address":"13504.0 86 STREET NW","assessed_value":321500},{"address":"11825.0 103 STREET NW","assessed_value":2106500},{"address":"13460.0 FORT ROAD NW","assessed_value":97000},{"address":"8907.0 151 AVENUE NW","assessed_value":349000},{"address":"13210.0 72 STREET NW","assessed_value":0},{"address":"7327.0 147 AVENUE NW","assessed_value":354000},{"address":"12165.0 145A AVENUE NW","assessed_value":394000},{"address":"6915.0 DELWOOD ROAD NW","assessed_value":300500},{"address":"16344.0 109 STREET NW","assessed_value":139000},{"address":"12726.0 FORT ROAD NW","assessed_value":237000},{"address":"13208.0 105 STREET NW","assessed_value":322000},{"address":"6216.0 135 AVENUE NW","assessed_value":297500},{"address":"10907.0 173A AVENUE NW","assessed_value":237000},{"address":"6712.0 149A AVENUE NW","assessed_value":389000},{"address":"10328.0 164 AVENUE NW","assessed_value":362000},{"address":"14823.0 29 STREET NW","assessed_value":341000},{"address":"14642.0 121 STREET NW","assessed_value":126000},{"address":"5425.0 144B AVENUE NW","assessed_value":132500},{"address":"12838.0 86 STREET NW","assessed_value":362500},{"address":"11708.0 144 AVENUE NW","assessed_value":353500},{"address":"13005.0 82 STREET NW","assessed_value":215500},{"address":"315.0 39 AVENUE NW","assessed_value":422000},{"address":"12333.0 101 STREET NW","assessed_value":142000},{"address":"13407.0 109 STREET NW","assessed_value":233500},{"address":"13036.0 64 STREET NW","assessed_value":302000},{"address":"14438.0 56 STREET NW","assessed_value":159500},{"address":"7420.0 130 AVENUE NW","assessed_value":299500},{"address":"13907.0 96 STREET NW","assessed_value":387500},{"address":"13112.0 64 STREET NW","assessed_value":311500},{"address":"5908.0 140 AVENUE NW","assessed_value":364500},{"address":"9528.0 151 AVENUE NW","assessed_value":344000},{"address":"13811.0 25 STREET NW","assessed_value":296500},{"address":"13535.0 65 STREET NW","assessed_value":331000},{"address":"13024.0 95A STREET NW","assessed_value":1000},{"address":"15127.0 86 STREET NW","assessed_value":366000},{"address":"12113.0 91 STREET NW","assessed_value":247000},{"address":"14430.0 56 STREET NW","assessed_value":200000},{"address":"8616.0 137 AVENUE NW","assessed_value":403500},{"address":"12958.0 101 STREET NW","assessed_value":528000},{"address":"11504.0 152A AVENUE NW","assessed_value":367000},{"address":"14603.0 96 STREET NW","assessed_value":358000},{"address":"9315.0 129B AVENUE NW","assessed_value":409000},{"address":"13010.0 97 STREET NW","assessed_value":580000},{"address":"10707.0 137 AVENUE NW","assessed_value":319000},{"address":"14215.0 116 STREET NW","assessed_value":348500},{"address":"8516.0 142A AVENUE NW","assessed_value":364500},{"address":"7228.0 137 AVENUE NW","assessed_value":316500},{"address":"12843.0 64 STREET NW","assessed_value":371500},{"address":"9406.0 118 AVENUE NW","assessed_value":541000},{"address":"8019.0 145 AVENUE NW","assessed_value":363500},{"address":"11612.0 157 AVENUE NW","assessed_value":351000},{"address":"16834.0 109 STREET NW","assessed_value":144500},{"address":"11532.0 139 AVENUE NW","assessed_value":195500},{"address":"11821.0 91 STREET NW","assessed_value":231500},{"address":"9416.0 143 AVENUE NW","assessed_value":350500},{"address":"12101.0 101 STREET NW","assessed_value":345000},{"address":"5545.0 145A AVENUE NW","assessed_value":451500},{"address":"13512.0 107 STREET NW","assessed_value":293500},{"address":"11708.0 145 AVENUE NW","assessed_value":317500},{"address":"13420.0 59 STREET NW","assessed_value":274500},{"address":"17211.0 107 STREET NW","assessed_value":418000},{"address":"23.0 WARWICK ROAD NW","assessed_value":269000},{"address":"13034.0 65 STREET NW","assessed_value":207500},{"address":"7527.0 141 AVENUE NW","assessed_value":341000},{"address":"10813.0 137 AVENUE NW","assessed_value":0},{"address":"14544.0 123 STREET NW","assessed_value":402500},{"address":"12131.0 101 STREET NW","assessed_value":473500},{"address":"13208.0 71 STREET NW","assessed_value":301000},{"address":"8323.0 148 AVENUE NW","assessed_value":339000},{"address":"8607.0 152A AVENUE NW","assessed_value":365000},{"address":"9140.0 144 AVENUE NW","assessed_value":111500},{"address":"7604.0 141 AVENUE NW","assessed_value":363000},{"address":"12815.0 85 STREET NW","assessed_value":3029000},{"address":"7311.0 150 AVENUE NW","assessed_value":412000},{"address":"12139.0 106 STREET NW","assessed_value":401500},{"address":"6904.0 127 AVENUE NW","assessed_value":410000},{"address":"10412.0 132 AVENUE NW","assessed_value":292500},{"address":"13230.0 FORT ROAD NW","assessed_value":77000},{"address":"10316.0 166 AVENUE NW","assessed_value":398000},{"address":"51.0 STEELE CRESCENT NW","assessed_value":312500},{"address":"17316.0 106 STREET NW","assessed_value":358500},{"address":"13316.0 72 STREET NW","assessed_value":351000},{"address":"6424.0 148 AVENUE NW","assessed_value":353500},{"address":"1928.0 145 AVENUE NW","assessed_value":338500},{"address":"7908.0 147 AVENUE NW","assessed_value":396500},{"address":"12905.0 86 STREET NW","assessed_value":317000},{"address":"14703.0 117A STREET NW","assessed_value":336500},{"address":"10809.0 134 AVENUE NW","assessed_value":186000},{"address":"7203.0 132 AVENUE NW","assessed_value":297500},{"address":"15708.0 125 STREET NW","assessed_value":354500},{"address":"15619.0 125 STREET NW","assessed_value":330500},{"address":"13604.0 64 STREET NW","assessed_value":303500},{"address":"14470.0 56 STREET NW","assessed_value":167000},{"address":"6107.0 142 AVENUE NW","assessed_value":325500},{"address":"13809.0 64 STREET NW","assessed_value":243500},{"address":"17204.0 96 STREET NW","assessed_value":302000},{"address":"12940.0 103 STREET NW","assessed_value":273000},{"address":"14012.0 119 STREET NW","assessed_value":364500},{"address":"12247.0 156 AVENUE NW","assessed_value":403500},{"address":"27.0 LORELEI CLOSE NW","assessed_value":243000},{"address":"7703.0 145 AVENUE NW","assessed_value":356500},{"address":"12709.0 109 STREET NW","assessed_value":424500},{"address":"10731.0 128 AVENUE NW","assessed_value":209500},{"address":"15105.0 121 STREET NW","assessed_value":87000},{"address":"9511.0 134 AVENUE NW","assessed_value":372500},{"address":"13416.0 90 STREET NW","assessed_value":500},{"address":"12123.0 95 STREET NW","assessed_value":137500},{"address":"10827.0 168 AVENUE NW","assessed_value":345000},{"address":"14524.0 32 STREET NW","assessed_value":352500},{"address":"10852.0 173 AVENUE NW","assessed_value":241000},{"address":"16504.0 102 STREET NW","assessed_value":357000},{"address":"5410.0 144B AVENUE NW","assessed_value":160000},{"address":"6708.0 149 AVENUE NW","assessed_value":272000},{"address":"13419.0 70 STREET NW","assessed_value":335000},{"address":"17010.0 91 STREET NW","assessed_value":358000},{"address":"208.0 VILLAGE ON THE GREEN NW","assessed_value":145500},{"address":"12847.0 86 STREET NW","assessed_value":496500},{"address":"109.0 MAYFAIR MEWS NW","assessed_value":172500},{"address":"14823.0 75 STREET NW","assessed_value":428500},{"address":"12048.0 92 STREET NW","assessed_value":152000},{"address":"12060.0 94 STREET NW","assessed_value":180000},{"address":"10908.0 135A AVENUE NW","assessed_value":393500},{"address":"9504.0 138 AVENUE NW","assessed_value":366500},{"address":"7928.0 130A AVENUE NW","assessed_value":311500},{"address":"12257.0 95A STREET NW","assessed_value":271500},{"address":"15128.0 64 STREET NW","assessed_value":354000},{"address":"11923.0 140 AVENUE NW","assessed_value":430500},{"address":"70.0 MCLEOD PLACE NW","assessed_value":170500},{"address":"11711.0 144 AVENUE NW","assessed_value":353500},{"address":"11403.0 145 AVENUE NW","assessed_value":354500},{"address":"13340.0 106 STREET NW","assessed_value":313500},{"address":"11908.0 145 AVENUE NW","assessed_value":176500},{"address":"7123.0 136 AVENUE NW","assessed_value":366500},{"address":"12334.0 94 STREET NW","assessed_value":247000},{"address":"336.0 DUNLUCE ROAD NW","assessed_value":418000},{"address":"12043.0 103 STREET NW","assessed_value":375000},{"address":"13822.0 21 STREET NW","assessed_value":2500},{"address":"12727.0 70 STREET NW","assessed_value":254500},{"address":"16744.0 111 STREET NW","assessed_value":438000},{"address":"8812.0 135 AVENUE NW","assessed_value":429000},{"address":"12204.0 151A AVENUE NW","assessed_value":553000},{"address":"288.0 WARWICK ROAD NW","assessed_value":400000},{"address":"5511.0 134 AVENUE NW","assessed_value":305500},{"address":"13805.0 58 STREET NW","assessed_value":500},{"address":"11910.0 138 AVENUE NW","assessed_value":279500},{"address":"12218.0 143 AVENUE NW","assessed_value":488000},{"address":"6803.0 DELWOOD ROAD NW","assessed_value":357500},{"address":"14536.0 56 STREET NW","assessed_value":194000},{"address":"13503.0 89 STREET NW","assessed_value":356500},{"address":"13452.0 FORT ROAD NW","assessed_value":86000},{"address":"7724.0 131A AVENUE NW","assessed_value":343000},{"address":"14347.0 122 STREET NW","assessed_value":418500},{"address":"7908.0 130A AVENUE NW","assessed_value":361500},{"address":"7519.0 150 AVENUE NW","assessed_value":462500},{"address":"16118.0 100 STREET NW","assessed_value":352000},{"address":"8005.0 144 AVENUE NW","assessed_value":139000},{"address":"13508.0 74 STREET NW","assessed_value":418000},{"address":"7108.0 138 AVENUE NW","assessed_value":324500},{"address":"7319.0 149 AVENUE NW","assessed_value":361000},{"address":"9507.0 144 AVENUE NW","assessed_value":387500},{"address":"13319.0 79 STREET NW","assessed_value":331000},{"address":"12042.0 93 STREET NW","assessed_value":227000},{"address":"13323.0 96 STREET NW","assessed_value":330000},{"address":"12143.0 93 STREET NW","assessed_value":381000},{"address":"12235.0 103 STREET NW","assessed_value":264500},{"address":"10735.0 130 AVENUE NW","assessed_value":322500},{"address":"13304.0 89A STREET NW","assessed_value":157500},{"address":"5719.0 144 AVENUE NW","assessed_value":179500},{"address":"9008.0 137 AVENUE NW","assessed_value":399500},{"address":"7808.0 145 AVENUE NW","assessed_value":383000},{"address":"11808.0 164 AVENUE NW","assessed_value":363500},{"address":"9946.0 173 AVENUE NW","assessed_value":352000},{"address":"5348.0 MCLEOD ROAD NW","assessed_value":167500},{"address":"16912.0 109 STREET NW","assessed_value":184000},{"address":"12832.0 67 STREET NW","assessed_value":151500},{"address":"10321.0 167A AVENUE NW","assessed_value":362500},{"address":"16539.0 103 STREET NW","assessed_value":436500},{"address":"14923.0 87 STREET NW","assessed_value":380000},{"address":"423.0 VILLAGE ON THE GREEN NW","assessed_value":154500},{"address":"15105.0 121 STREET NW","assessed_value":75500},{"address":"15810.0 50 STREET NW","assessed_value":983000},{"address":"13137.0 66 STREET NW","assessed_value":271500},{"address":"11016.0 170 AVENUE NW","assessed_value":377500},{"address":"7123.0 135A AVENUE NW","assessed_value":345000},{"address":"15948.0 FORT ROAD NW","assessed_value":493500},{"address":"8707.0 130A AVENUE NW","assessed_value":356000},{"address":"8209.0 134 AVENUE NW","assessed_value":264000},{"address":"11612.0 166 AVENUE NW","assessed_value":354000},{"address":"11508.0 145 AVENUE NW","assessed_value":347000},{"address":"7823.0 136 AVENUE NW","assessed_value":333500},{"address":"10224.0 136 AVENUE NW","assessed_value":310500},{"address":"6911.0 137 AVENUE NW","assessed_value":328000},{"address":"14911.0 59 STREET NW","assessed_value":329500},{"address":"10304.0 122 AVENUE NW","assessed_value":275000},{"address":"14908.0 65 STREET NW","assessed_value":350500},{"address":"11906.0 92 STREET NW","assessed_value":209000},{"address":"13010.0 86 STREET NW","assessed_value":11000},{"address":"11439.0 162A AVENUE NW","assessed_value":499000},{"address":"14607.0 19 STREET NW","assessed_value":285000},{"address":"37.0 LORELEI CLOSE NW","assessed_value":243500},{"address":"14916.0 95 STREET NW","assessed_value":376500},{"address":"12823.0 53 STREET NW","assessed_value":2118000},{"address":"7008.0 149 AVENUE NW","assessed_value":24565000},{"address":"14612.0 52 STREET NW","assessed_value":212000},{"address":"8108.0 128A AVENUE NW","assessed_value":611500},{"address":"15807.0 121 STREET NW","assessed_value":347000},{"address":"17315.0 102 STREET NW","assessed_value":477000},{"address":"13453.0 101 STREET NW","assessed_value":289000},{"address":"7816.0 144 AVENUE NW","assessed_value":347000},{"address":"7903.0 130 AVENUE NW","assessed_value":373500},{"address":"12211.0 146 AVENUE NW","assessed_value":383500},{"address":"7340.0 152A AVENUE NW","assessed_value":353000},{"address":"13359.0 96 STREET NW","assessed_value":477000},{"address":"12868.0 52 STREET NW","assessed_value":410000},{"address":"13223.0 62 STREET NW","assessed_value":1826000},{"address":"13310.0 90 STREET NW","assessed_value":209500},{"address":"79.0 WARWICK ROAD NW","assessed_value":343500},{"address":"547.0 DUNLUCE ROAD NW","assessed_value":156000},{"address":"12207.0 147 AVENUE NW","assessed_value":354000},{"address":"11840.0 90 STREET NW","assessed_value":1225500},{"address":"13419.0 111 STREET NW","assessed_value":306000},{"address":"13003.0 LAUDERDALE ROAD NW","assessed_value":301500},{"address":"14931.0 73 STREET NW","assessed_value":349500},{"address":"13448.0 58 STREET NW","assessed_value":377500},{"address":"11612.0 145 AVENUE NW","assessed_value":362500},{"address":"5507.0 143 AVENUE NW","assessed_value":303500},{"address":"12909.0 55 STREET NW","assessed_value":197000},{"address":"6904.0 140 AVENUE NW","assessed_value":316500},{"address":"14320.0 80 STREET NW","assessed_value":124500},{"address":"7523.0 136 AVENUE NW","assessed_value":412000},{"address":"14007.0 122 STREET NW","assessed_value":427500},{"address":"2403.0 145 AVENUE NW","assessed_value":370000},{"address":"8004.0 144 AVENUE NW","assessed_value":355500},{"address":"12223.0 105 STREET NW","assessed_value":270500},{"address":"13203.0 72 STREET NW","assessed_value":509000},{"address":"16919.0 92 STREET NW","assessed_value":364000},{"address":"9404.0 139 AVENUE NW","assessed_value":365500},{"address":"10211.0 165 AVENUE NW","assessed_value":359500},{"address":"9935.0 171 AVENUE NW","assessed_value":159500},{"address":"13504.0 80A STREET NW","assessed_value":364500},{"address":"14608.0 117A STREET NW","assessed_value":348000},{"address":"315.0 VILLAGE ON THE GREEN NW","assessed_value":153000},{"address":"7519.0 137 AVENUE NW","assessed_value":339000},{"address":"13531.0 90 STREET NW","assessed_value":315500},{"address":"12928.0 62 STREET NW","assessed_value":263000},{"address":"10822.0 173A AVENUE NW","assessed_value":332500},{"address":"13607.0 64 STREET NW","assessed_value":316000},{"address":"12419.0 156 AVENUE NW","assessed_value":333000},{"address":"15723.0 116 STREET NW","assessed_value":390000},{"address":"10512.0 134 AVENUE NW","assessed_value":374000},{"address":"5675.0 137 AVENUE NW","assessed_value":169000},{"address":"6120.0 142 AVENUE NW","assessed_value":313500},{"address":"12019.0 105 STREET NW","assessed_value":284000},{"address":"13603.0 87 STREET NW","assessed_value":328500},{"address":"15204.0 59 STREET NW","assessed_value":351500},{"address":"11410.0 139 AVENUE NW","assessed_value":193500},{"address":"12108.0 159 AVENUE NW","assessed_value":361500},{"address":"13207.0 70 STREET NW","assessed_value":350500},{"address":"12333.0 92 STREET NW","assessed_value":354500},{"address":"6216.0 139 AVENUE NW","assessed_value":337000},{"address":"14732.0 122 STREET NW","assessed_value":360000},{"address":"17151.0 109 STREET NW","assessed_value":149000},{"address":"12013.0 93 STREET NW","assessed_value":361000},{"address":"15007.0 64 STREET NW","assessed_value":324500},{"address":"7228.0 143 AVENUE NW","assessed_value":329500},{"address":"17133.0 100 STREET NW","assessed_value":360500},{"address":"7716.0 131A AVENUE NW","assessed_value":311000},{"address":"16516.0 115 STREET NW","assessed_value":285500},{"address":"6319.0 132A AVENUE NW","assessed_value":303500},{"address":"13323.0 73 STREET NW","assessed_value":324500},{"address":"11948.0 145 AVENUE NW","assessed_value":185000},{"address":"14238.0 22A STREET NW","assessed_value":362500},{"address":"12721.0 87 STREET NW","assessed_value":267500},{"address":"11346.0 139 AVENUE NW","assessed_value":169500},{"address":"9119.0 128A AVENUE NW","assessed_value":405000},{"address":"8003.0 131A AVENUE NW","assessed_value":363500},{"address":"12916.0 72 STREET NW","assessed_value":313500},{"address":"11402.0 161 AVENUE NW","assessed_value":2000},{"address":"17117.0 96 STREET NW","assessed_value":298000},{"address":"10305.0 164 AVENUE NW","assessed_value":282000},{"address":"8219.0 133A AVENUE NW","assessed_value":204000},{"address":"15744.0 121 STREET NW","assessed_value":353000},{"address":"6511.0 136 AVENUE NW","assessed_value":298500},{"address":"14624.0 60 STREET NW","assessed_value":343000},{"address":"14223.0 114A STREET NW","assessed_value":338000},{"address":"14207.0 78 STREET NW","assessed_value":338500},{"address":"17203.0 102 STREET NW","assessed_value":366000},{"address":"14711.0 114 STREET NW","assessed_value":349500},{"address":"12847.0 71 STREET NW","assessed_value":310500},{"address":"126.0 WOODBOROUGH WAY NW","assessed_value":174500},{"address":"10119.0 135 AVENUE NW","assessed_value":248500},{"address":"12223.0 95A STREET NW","assessed_value":233500},{"address":"7003.0 141 AVENUE NW","assessed_value":372500},{"address":"12916.0 85 STREET NW","assessed_value":313000},{"address":"13903.0 88 STREET NW","assessed_value":351500},{"address":"5636.0 137 AVENUE NW","assessed_value":305000},{"address":"12811.0 94 STREET NW","assessed_value":313000},{"address":"9224.0 171 AVENUE NW","assessed_value":358500},{"address":"17203.0 98 STREET NW","assessed_value":408000},{"address":"11716.0 158 AVENUE NW","assessed_value":339500},{"address":"14604.0 95 STREET NW","assessed_value":342500},{"address":"6802.0 DELWOOD ROAD NW","assessed_value":500},{"address":"11708.0 152 AVENUE NW","assessed_value":282500},{"address":"15737.0 121 STREET NW","assessed_value":250500},{"address":"15008.0 114A STREET NW","assessed_value":373000},{"address":"7912.0 144 AVENUE NW","assessed_value":316000},{"address":"9904.0 169 AVENUE NW","assessed_value":349000},{"address":"13336.0 81 STREET NW","assessed_value":353000},{"address":"17006.0 111A STREET NW","assessed_value":384500},{"address":"13436.0 66 STREET NW","assessed_value":316500},{"address":"9111.0 130 AVENUE NW","assessed_value":313000},{"address":"47.0 AMBERLY COURT NW","assessed_value":155000},{"address":"5924.0 142 AVENUE NW","assessed_value":406500},{"address":"15105.0 121 STREET NW","assessed_value":96000},{"address":"11508.0 141 AVENUE NW","assessed_value":436500},{"address":"8010.0 141 AVENUE NW","assessed_value":112000},{"address":"13240.0 108 STREET NW","assessed_value":220500},{"address":"8832.0 131A AVENUE NW","assessed_value":398000},{"address":"57.0 AMBERLY COURT NW","assessed_value":155000},{"address":"5219.0 130 AVENUE NW","assessed_value":160500},{"address":"12212.0 104 STREET NW","assessed_value":407500},{"address":"13893.0 114 STREET NW","assessed_value":195000},{"address":"5207.0 MCLEOD ROAD NW","assessed_value":164500},{"address":"9224.0 132 AVENUE NW","assessed_value":304500},{"address":"14016.0 83 STREET NW","assessed_value":434500},{"address":"9832.0 164 AVENUE NW","assessed_value":374500},{"address":"13704.0 70 STREET NW","assessed_value":323500},{"address":"11427.0 161 AVENUE NW","assessed_value":371000},{"address":"13230.0 FORT ROAD NW","assessed_value":69000},{"address":"8903.0 130 AVENUE NW","assessed_value":302500},{"address":"14575.0 121 STREET NW","assessed_value":173000},{"address":"14428.0 85 STREET NW","assessed_value":500},{"address":"9104.0 151 AVENUE NW","assessed_value":354000},{"address":"13712.0 82 STREET NW","assessed_value":306000},{"address":"6311.0 132A AVENUE NW","assessed_value":343000},{"address":"14235.0 53 STREET NW","assessed_value":363500},{"address":"13219.0 71 STREET NW","assessed_value":420500},{"address":"10714.0 167A AVENUE NW","assessed_value":349500},{"address":"12924.0 104 STREET NW","assessed_value":273000},{"address":"13816.0 23 STREET NW","assessed_value":336000},{"address":"12109.0 94 STREET NW","assessed_value":362000},{"address":"14607.0 117 STREET NW","assessed_value":349500},{"address":"13311.0 60 STREET NW","assessed_value":367500},{"address":"13455.0 113A STREET NW","assessed_value":281500},{"address":"7515.0 149A AVENUE NW","assessed_value":360000},{"address":"9216.0 129B AVENUE NW","assessed_value":352500},{"address":"12216.0 93 STREET NW","assessed_value":307500},{"address":"15203.0 84 STREET NW","assessed_value":367500},{"address":"10423.0 128 AVENUE NW","assessed_value":230500},{"address":"10648.0 BEAUMARIS ROAD NW","assessed_value":179500},{"address":"163.0 LANCASTER TERRACE NW","assessed_value":119000},{"address":"12223.0 157 AVENUE NW","assessed_value":339000},{"address":"5551.0 144A AVENUE NW","assessed_value":192500},{"address":"11844.0 95A STREET NW","assessed_value":254000},{"address":"15211.0 95 STREET NW","assessed_value":336000},{"address":"5911.0 141 AVENUE NW","assessed_value":358500},{"address":"11307.0 165 AVENUE NW","assessed_value":424500},{"address":"12939.0 104 STREET NW","assessed_value":0},{"address":"13128.0 63 STREET NW","assessed_value":301500},{"address":"8835.0 140 AVENUE NW","assessed_value":359000},{"address":"13524.0 89 STREET NW","assessed_value":316000},{"address":"11022.0 169A AVENUE NW","assessed_value":347500},{"address":"6112.0 140 AVENUE NW","assessed_value":334000},{"address":"9504.0 139 AVENUE NW","assessed_value":540000},{"address":"8832.0 151 AVENUE NW","assessed_value":355000},{"address":"15007.0 58 STREET NW","assessed_value":406500},{"address":"17278.0 104 STREET NW","assessed_value":413500},{"address":"9815.0 171A AVENUE NW","assessed_value":1000},{"address":"13507.0 62 STREET NW","assessed_value":313000},{"address":"10935.0 134A AVENUE NW","assessed_value":324000},{"address":"16549.0 113 STREET NW","assessed_value":321000},{"address":"17116.0 93 STREET NW","assessed_value":420000},{"address":"14524.0 29 STREET NW","assessed_value":384500},{"address":"13867.0 114 STREET NW","assessed_value":204500},{"address":"17303.0 105 STREET NW","assessed_value":393000},{"address":"11910.0 145 AVENUE NW","assessed_value":178500},{"address":"12010.0 91 STREET NW","assessed_value":186500},{"address":"228.0 DUNLUCE ROAD NW","assessed_value":388500},{"address":"12210.0 95A STREET NW","assessed_value":201500},{"address":"14707.0 29A STREET NW","assessed_value":437000},{"address":"6022.0 131 AVENUE NW","assessed_value":223500},{"address":"11006.0 173A AVENUE NW","assessed_value":343000},{"address":"13328.0 103 STREET NW","assessed_value":500},{"address":"13308.0 91 STREET NW","assessed_value":256000},{"address":"12432.0 91 STREET NW","assessed_value":330500},{"address":"13025.0 69 STREET NW","assessed_value":1429000},{"address":"14807.0 56 STREET NW","assessed_value":462500},{"address":"13043.0 82 STREET NW","assessed_value":246000},{"address":"7012.0 151 AVENUE NW","assessed_value":380500},{"address":"9912.0 173 AVENUE NW","assessed_value":433500},{"address":"16720.0 109 STREET NW","assessed_value":349000},{"address":"14616.0 19 STREET NW","assessed_value":314500},{"address":"2923.0 146 AVENUE NW","assessed_value":424000},{"address":"17212.0 93 STREET NW","assessed_value":513000},{"address":"7304.0 136 AVENUE NW","assessed_value":452000},{"address":"12327.0 103 STREET NW","assessed_value":522500},{"address":"16910.0 91 STREET NW","assessed_value":330000},{"address":"17004.0 108 STREET NW","assessed_value":359500},{"address":"13312.0 59 STREET NW","assessed_value":266500},{"address":"14115.0 82 STREET NW","assessed_value":147500},{"address":"15107.0 76 STREET NW","assessed_value":352000},{"address":"16111.0 103 STREET NW","assessed_value":2000},{"address":"16304.0 119 STREET NW","assessed_value":343000},{"address":"14523.0 21 STREET NW","assessed_value":321500},{"address":"9915.0 173 AVENUE NW","assessed_value":314000},{"address":"14536.0 27 STREET NW","assessed_value":345000},{"address":"8423.0 150 AVENUE NW","assessed_value":370500},{"address":"400.0 DUNLUCE ROAD NW","assessed_value":362500},{"address":"14524.0 31A STREET NW","assessed_value":376000},{"address":"6719.0 131A AVENUE NW","assessed_value":68000},{"address":"16348.0 109 STREET NW","assessed_value":139000},{"address":"14115.0 120A STREET NW","assessed_value":339500},{"address":"6735.0 136 AVENUE NW","assessed_value":361000},{"address":"5.0 CASTLE TERRACE NW","assessed_value":176000},{"address":"5525.0 144A AVENUE NW","assessed_value":189500},{"address":"13502.0 69 STREET NW","assessed_value":8000},{"address":"12311.0 92 STREET NW","assessed_value":246000},{"address":"13012.0 78 STREET NW","assessed_value":355500},{"address":"13519.0 92 STREET NW","assessed_value":321000},{"address":"7028.0 138 AVENUE NW","assessed_value":343000},{"address":"15008.0 22 STREET NW","assessed_value":351000},{"address":"14515.0 19 STREET NW","assessed_value":349000},{"address":"15103.0 74 STREET NW","assessed_value":364500},{"address":"14406.0 23 STREET NW","assessed_value":272500},{"address":"14123.0 74 STREET NW","assessed_value":337500},{"address":"535.0 DUNLUCE ROAD NW","assessed_value":158000},{"address":"17424.0 95 STREET NW","assessed_value":347000},{"address":"16908.0 100 STREET NW","assessed_value":340000},{"address":"6823.0 135 AVENUE NW","assessed_value":304000},{"address":"163.0 WARWICK ROAD NW","assessed_value":365500},{"address":"10808.0 132 AVENUE NW","assessed_value":204000},{"address":"9524.0 144 AVENUE NW","assessed_value":348500},{"address":"5523.0 140A AVENUE NW","assessed_value":359000},{"address":"14113.0 121 STREET NW","assessed_value":186000},{"address":"6408.0 144 AVENUE NW","assessed_value":320000},{"address":"14534.0 25 STREET NW","assessed_value":271500},{"address":"15807.0 125 STREET NW","assessed_value":332500},{"address":"14320.0 80 STREET NW","assessed_value":124500},{"address":"5516.0 139 AVENUE NW","assessed_value":324000},{"address":"9039.0 138 AVENUE NW","assessed_value":343500},{"address":"13011.0 72 STREET NW","assessed_value":578000},{"address":"13227.0 74 STREET NW","assessed_value":341500},{"address":"9132.0 139 AVENUE NW","assessed_value":435000},{"address":"2011.0 139 AVENUE NW","assessed_value":369000},{"address":"2208.0 141 AVENUE NW","assessed_value":347000},{"address":"12903.0 79 STREET NW","assessed_value":308000},{"address":"15015.0 88A STREET NW","assessed_value":359500},{"address":"11927.0 140 AVENUE NW","assessed_value":367000},{"address":"15003.0 114 STREET NW","assessed_value":347500},{"address":"13508.0 81 STREET NW","assessed_value":329500},{"address":"8423.0 144 AVENUE NW","assessed_value":327000},{"address":"11039.0 134 AVENUE NW","assessed_value":265500},{"address":"13616.0 70 STREET NW","assessed_value":372500},{"address":"12728.0 90 STREET NW","assessed_value":241000},{"address":"15236.0 94 STREET NW","assessed_value":3000},{"address":"17305.0 111A STREET NW","assessed_value":368000},{"address":"12020.0 93 STREET NW","assessed_value":176000},{"address":"8411.0 145 AVENUE NW","assessed_value":361500},{"address":"16903.0 108A STREET NW","assessed_value":344500},{"address":"13323.0 90 STREET NW","assessed_value":160500},{"address":"12211.0 103 STREET NW","assessed_value":286000},{"address":"7243.0 152A AVENUE NW","assessed_value":402000},{"address":"181.0 DUNLUCE ROAD NW","assessed_value":339500},{"address":"14408.0 65 STREET NW","assessed_value":320500},{"address":"14120.0 58 STREET NW","assessed_value":320000},{"address":"13310.0 89A STREET NW","assessed_value":168000},{"address":"12830.0 70 STREET NW","assessed_value":249500},{"address":"577.0 DUNLUCE ROAD NW","assessed_value":148500},{"address":"13220.0 FORT ROAD NW","assessed_value":58000},{"address":"8504.0 137 AVENUE NW","assessed_value":299000},{"address":"12141.0 96 STREET NW","assessed_value":232000},{"address":"12828.0 104 STREET NW","assessed_value":293000},{"address":"14541.0 121A STREET NW","assessed_value":400000},{"address":"6004.0 149 AVENUE NW","assessed_value":334000},{"address":"9011.0 131 AVENUE NW","assessed_value":297000},{"address":"9020.0 152 AVENUE NW","assessed_value":354000},{"address":"15105.0 121 STREET NW","assessed_value":93500},{"address":"12647.0 161 AVENUE NW","assessed_value":195500},{"address":"10407.0 136 AVENUE NW","assessed_value":332500},{"address":"12626.0 161 AVENUE NW","assessed_value":289000},{"address":"6219.0 144A AVENUE NW","assessed_value":343500},{"address":"16928.0 92 STREET NW","assessed_value":398000},{"address":"11008.0 171 AVENUE NW","assessed_value":351000},{"address":"9027.0 133 AVENUE NW","assessed_value":198000},{"address":"6307.0 152A AVENUE NW","assessed_value":344000},{"address":"13402.0 66 STREET NW","assessed_value":838000},{"address":"11019.0 169 AVENUE NW","assessed_value":381000},{"address":"11907.0 152A AVENUE NW","assessed_value":402500},{"address":"2911.0 150 AVENUE NW","assessed_value":333500},{"address":"14812.0 29 STREET NW","assessed_value":315500},{"address":"13404.0 103 STREET NW","assessed_value":301500},{"address":"14215.0 79 STREET NW","assessed_value":419500},{"address":"153.0 MAYFAIR MEWS NW","assessed_value":151500},{"address":"10414.0 132 AVENUE NW","assessed_value":0},{"address":"7924.0 129A AVENUE NW","assessed_value":306500},{"address":"11406.0 166 AVENUE NW","assessed_value":270500},{"address":"17212.0 102 STREET NW","assessed_value":345500},{"address":"104.0 WARWICK ROAD NW","assessed_value":366000},{"address":"13215.0 74 STREET NW","assessed_value":336500},{"address":"10516.0 128A AVENUE NW","assessed_value":266000}]