[{"address":"9335.0 173 STREET NW","assessed_value":343000},{"address":"15365.0 117 AVENUE NW","assessed_value":380500},{"address":"8604.0 176A STREET NW","assessed_value":375500},{"address":"13411.0 136A AVENUE NW","assessed_value":305500},{"address":"17721.0 90A AVENUE NW","assessed_value":423000},{"address":"14631.0 88 AVENUE NW","assessed_value":610500},{"address":"10544.0 130 STREET NW","assessed_value":428500},{"address":"7711.0 181 STREET NW","assessed_value":387500},{"address":"12815.0 134 AVENUE NW","assessed_value":335500},{"address":"10477.0 148 STREET NW","assessed_value":386500},{"address":"16820.0 110 AVENUE NW","assessed_value":1368500},{"address":"7424.0 182 STREET NW","assessed_value":427500},{"address":"14628.0 95 AVENUE NW","assessed_value":468500},{"address":"15962.0 106 AVENUE NW","assessed_value":344500},{"address":"17320.0 86 AVENUE NW","assessed_value":429000},{"address":"18115.0 80 AVENUE NW","assessed_value":343000},{"address":"9132.0 177 STREET NW","assessed_value":490000},{"address":"14424.0 110 AVENUE NW","assessed_value":1085000},{"address":"12925.0 122 STREET NW","assessed_value":335000},{"address":"18616.0 70 AVENUE NW","assessed_value":475000},{"address":"10607.0 148 STREET NW","assessed_value":422000},{"address":"475.0 LESSARD DRIVE NW","assessed_value":1021000},{"address":"10347.0 153 STREET NW","assessed_value":140000},{"address":"12.0 GARIEPY CRESCENT NW","assessed_value":540000},{"address":"12206.0 134 AVENUE NW","assessed_value":251500},{"address":"9942.0 162 STREET NW","assessed_value":428000},{"address":"10315.0 153 STREET NW","assessed_value":284000},{"address":"409.0 WILLOW COURT NW","assessed_value":149000},{"address":"11005.0 156 STREET NW","assessed_value":314000},{"address":"15330.0 104 AVENUE NW","assessed_value":330000},{"address":"240.0 CALLINGWOOD TWO NW","assessed_value":177000},{"address":"13808.0 79 AVENUE NW","assessed_value":1072500},{"address":"617.0 CRICKET COURT NW","assessed_value":172000},{"address":"12314.0 128 STREET NW","assessed_value":306000},{"address":"10768.0 133 STREET NW","assessed_value":436000},{"address":"13343.0 122 STREET NW","assessed_value":233000},{"address":"12912.0 132 AVENUE NW","assessed_value":327000},{"address":"10522.0 153 STREET NW","assessed_value":312000},{"address":"16351.0 109A AVENUE NW","assessed_value":372000},{"address":"12835.0 126 STREET NW","assessed_value":317500},{"address":"18523.0 96 AVENUE NW","assessed_value":442500},{"address":"14419.0 88 AVENUE NW","assessed_value":501500},{"address":"8.0 CALLINGWOOD COURT NW","assessed_value":171500},{"address":"10217.0 155 STREET NW","assessed_value":321000},{"address":"7724.0 173A STREET NW","assessed_value":422000},{"address":"17948.0 99A AVENUE NW","assessed_value":354000},{"address":"12012.0 132 AVENUE NW","assessed_value":341500},{"address":"8316.0 135 STREET NW","assessed_value":2141000},{"address":"14524.0 107B AVENUE NW","assessed_value":377000},{"address":"18547.0 66 AVENUE NW","assessed_value":183000},{"address":"13656.0 RAVINE DRIVE NW","assessed_value":1005000},{"address":"18829.0 99A AVENUE NW","assessed_value":414000},{"address":"13216.0 122 STREET NW","assessed_value":363000},{"address":"18103.0 87A AVENUE NW","assessed_value":420000},{"address":"17627.0 53 AVENUE NW","assessed_value":559000},{"address":"13347.0 131 STREET NW","assessed_value":1000},{"address":"18044.0 95A AVENUE NW","assessed_value":189500},{"address":"8031.0 180 STREET NW","assessed_value":364500},{"address":"16321.0 107A AVENUE NW","assessed_value":354500},{"address":"85.0 BELMEAD GARDENS NW","assessed_value":189500},{"address":"11241.0 156 STREET NW","assessed_value":2371500},{"address":"9007.0 146 STREET NW","assessed_value":767000},{"address":"14436.0 103 AVENUE NW","assessed_value":422000},{"address":"18806.0 99A AVENUE NW","assessed_value":505500},{"address":"10628.0 143 STREET NW","assessed_value":403000},{"address":"9433.0 148 STREET NW","assessed_value":553500},{"address":"18219.0 98A AVENUE NW","assessed_value":393000},{"address":"17603.0 55 AVENUE NW","assessed_value":542000},{"address":"13520.0 136A STREET NW","assessed_value":359000},{"address":"10233.0 154 STREET NW","assessed_value":361000},{"address":"7610.0 172 STREET NW","assessed_value":2734500},{"address":"14605.0 SUMMIT DRIVE NW","assessed_value":841500},{"address":"17716.0 84 AVENUE NW","assessed_value":406500},{"address":"10238.0 140 STREET NW","assessed_value":488500},{"address":"10707.0 129 STREET NW","assessed_value":436500},{"address":"340.0 WALKER ROAD NW","assessed_value":758500},{"address":"11619.0 134 AVENUE NW","assessed_value":278000},{"address":"14204.0 98 AVENUE NW","assessed_value":1174500},{"address":"256.0 CALLINGWOOD PLACE NW","assessed_value":220000},{"address":"31.0 WILLOWDALE PLACE NW","assessed_value":181000},{"address":"18916.0 95A AVENUE NW","assessed_value":412000},{"address":"18204.0 74 AVENUE NW","assessed_value":412500},{"address":"18504.0 80 AVENUE NW","assessed_value":471500},{"address":"870.0 ERIN PLACE NW","assessed_value":222000},{"address":"13212.0 136 AVENUE NW","assessed_value":307000},{"address":"14528.0 85 AVENUE NW","assessed_value":699500},{"address":"17940.0 93 AVENUE NW","assessed_value":417000},{"address":"14007.0 101A AVENUE NW","assessed_value":634500},{"address":"12829.0 133 STREET NW","assessed_value":257500},{"address":"10719.0 129 STREET NW","assessed_value":387500},{"address":"13440.0 122 STREET NW","assessed_value":357500},{"address":"6004.0 173 STREET NW","assessed_value":322000},{"address":"12719.0 122 STREET NW","assessed_value":394500},{"address":"13504.0 106 AVENUE NW","assessed_value":583000},{"address":"17304.0 82 AVENUE NW","assessed_value":98000},{"address":"16115.0 107A AVENUE NW","assessed_value":336500},{"address":"17303.0 107 AVENUE NW","assessed_value":3012500},{"address":"15430.0 104 AVENUE NW","assessed_value":330000},{"address":"11344.0 134 AVENUE NW","assessed_value":388000},{"address":"11816.0 124 STREET NW","assessed_value":676000},{"address":"13215.0 SHERBROOKE AVENUE NW","assessed_value":345000},{"address":"298.0 DECHENE ROAD NW","assessed_value":437500},{"address":"10749.0 153 STREET NW","assessed_value":638500},{"address":"104.0 LAURIER DRIVE NW","assessed_value":966500},{"address":"18115.0 89 AVENUE NW","assessed_value":401000},{"address":"10414.0 143 STREET NW","assessed_value":565500},{"address":"14503.0 82 AVENUE NW","assessed_value":799500},{"address":"12317.0 128 AVENUE NW","assessed_value":227000},{"address":"8001.0 173 STREET NW","assessed_value":1000},{"address":"14435.0 124 AVENUE NW","assessed_value":3512500},{"address":"8407.0 176A STREET NW","assessed_value":400000},{"address":"10241.0 163 STREET NW","assessed_value":329000},{"address":"10629.0 130 STREET NW","assessed_value":661000},{"address":"9.0 CALLINGWOOD COURT NW","assessed_value":178500},{"address":"17104.0 82 AVENUE NW","assessed_value":417500},{"address":"13915.0 85 AVENUE NW","assessed_value":660000},{"address":"10806.0 163 STREET NW","assessed_value":332500},{"address":"18603.0 80 AVENUE NW","assessed_value":445500},{"address":"13816.0 132 AVENUE NW","assessed_value":428000},{"address":"11016.0 157 STREET NW","assessed_value":270000},{"address":"10651.0 149 STREET NW","assessed_value":500},{"address":"212.0 GARIEPY CRESCENT NW","assessed_value":545500},{"address":"13015.0 120 STREET NW","assessed_value":261000},{"address":"13324.0 138 STREET NW","assessed_value":316000},{"address":"18404.0 62B AVENUE NW","assessed_value":171500},{"address":"8931.0 146 STREET NW","assessed_value":588000},{"address":"8111.0 139 STREET NW","assessed_value":889500},{"address":"9625.0 141 STREET NW","assessed_value":1090000},{"address":"10865.0 144A STREET NW","assessed_value":9500},{"address":"12143.0 126 STREET NW","assessed_value":339500},{"address":"14311.0 106A AVENUE NW","assessed_value":400500},{"address":"10509.0 164 STREET NW","assessed_value":353500},{"address":"875.0 ERIN PLACE NW","assessed_value":221500},{"address":"7607.0 172 STREET NW","assessed_value":126000},{"address":"11934.0 129 STREET NW","assessed_value":418000},{"address":"17407.0 85 AVENUE NW","assessed_value":181500},{"address":"9015.0 140 STREET NW","assessed_value":786000},{"address":"12961.0 118 STREET NW","assessed_value":269000},{"address":"12640.0 126 STREET NW","assessed_value":620500},{"address":"7347.0 180 STREET NW","assessed_value":195500},{"address":"601.0 WILLOW COURT NW","assessed_value":156500},{"address":"5716.0 181 STREET NW","assessed_value":461000},{"address":"9734.0 143 STREET NW","assessed_value":1681500},{"address":"14511.0 78 AVENUE NW","assessed_value":609000},{"address":"12830.0 123 STREET NW","assessed_value":255500},{"address":"5811.0 185 STREET NW","assessed_value":445500},{"address":"14608.0 86 AVENUE NW","assessed_value":477500},{"address":"13707.0 137 AVENUE NW","assessed_value":299000},{"address":"10726.0 156 STREET NW","assessed_value":340000},{"address":"10454.0 146 STREET NW","assessed_value":409000},{"address":"10416.0 148 STREET NW","assessed_value":650500},{"address":"10438.0 142 STREET NW","assessed_value":331000},{"address":"18216.0 80A AVENUE NW","assessed_value":354000},{"address":"13423.0 138 STREET NW","assessed_value":323500},{"address":"18420.0 57 AVENUE NW","assessed_value":375500},{"address":"18514.0 86A AVENUE NW","assessed_value":412500},{"address":"10314.0 142 STREET NW","assessed_value":388500},{"address":"5619.0 179 STREET NW","assessed_value":546000},{"address":"17308.0 107 AVENUE NW","assessed_value":281500},{"address":"9731.0 146 STREET NW","assessed_value":1798000},{"address":"12737.0 115 STREET NW","assessed_value":361000},{"address":"11620.0 168 STREET NW","assessed_value":2782000},{"address":"12412.0 135 AVENUE NW","assessed_value":306000},{"address":"18512.0 98 AVENUE NW","assessed_value":415000},{"address":"8820.0 148 STREET NW","assessed_value":552500},{"address":"13311.0 115 STREET NW","assessed_value":316500},{"address":"6326.0 184 STREET NW","assessed_value":174500},{"address":"17921.0 98A AVENUE NW","assessed_value":317500},{"address":"6346.0 180 STREET NW","assessed_value":180500},{"address":"7739.0 179 STREET NW","assessed_value":472500},{"address":"12847.0 134 STREET NW","assessed_value":345500},{"address":"14120.0 95 AVENUE NW","assessed_value":500},{"address":"10921.0 133 STREET NW","assessed_value":373500},{"address":"10306.0 151 STREET NW","assessed_value":287500},{"address":"6712.0 182 STREET NW","assessed_value":365000},{"address":"11032.0 153 STREET NW","assessed_value":372500},{"address":"13315.0 132 AVENUE NW","assessed_value":302000},{"address":"12018.0 123 STREET NW","assessed_value":369000},{"address":"9720.0 144 STREET NW","assessed_value":1009500},{"address":"11015.0 161 STREET NW","assessed_value":296500},{"address":"12915.0 135 AVENUE NW","assessed_value":303500},{"address":"9812.0 181 STREET NW","assessed_value":474500},{"address":"10607.0 145 STREET NW","assessed_value":332000},{"address":"13057.0 124 AVENUE NW","assessed_value":319000},{"address":"10415.0 157 STREET NW","assessed_value":297000},{"address":"12931.0 119A AVENUE NW","assessed_value":340000},{"address":"6016.0 174 STREET NW","assessed_value":331500},{"address":"14504.0 80 AVENUE NW","assessed_value":585500},{"address":"12411.0 132 AVENUE NW","assessed_value":321500},{"address":"11925.0 131 STREET NW","assessed_value":290000},{"address":"13802.0 103 AVENUE NW","assessed_value":851000},{"address":"18327.0 77 AVENUE NW","assessed_value":435000},{"address":"12824.0 124 STREET NW","assessed_value":322000},{"address":"17704.0 64 AVENUE NW","assessed_value":88500},{"address":"108.0 BELMEAD GARDENS NW","assessed_value":203000},{"address":"17777.0 81 AVENUE NW","assessed_value":211000},{"address":"552.0 WAHSTAO ROAD NW","assessed_value":631000},{"address":"15912.0 105 AVENUE NW","assessed_value":314000},{"address":"11066.0 150 STREET NW","assessed_value":342000},{"address":"243.0 SURREY GARDENS NW","assessed_value":144500},{"address":"13350.0 109B AVENUE NW","assessed_value":532500},{"address":"8.0 VALLEYVIEW CRESCENT NW","assessed_value":500},{"address":"13702.0 102 AVENUE NW","assessed_value":542000},{"address":"13534.0 127 STREET NW","assessed_value":293000},{"address":"8423.0 177 STREET NW","assessed_value":448500},{"address":"9736.0 190 STREET NW","assessed_value":491000},{"address":"412.0 LESSARD DRIVE NW","assessed_value":588500},{"address":"17323.0 106 AVENUE NW","assessed_value":433500},{"address":"10631.0 148 STREET NW","assessed_value":370500},{"address":"11337.0 137 AVENUE NW","assessed_value":260500},{"address":"907.0 ERIN PLACE NW","assessed_value":218000},{"address":"10256.0 CONNAUGHT DRIVE NW","assessed_value":2393500},{"address":"12260.0 131 STREET NW","assessed_value":344000},{"address":"13528.0 139 STREET NW","assessed_value":319500},{"address":"13016.0 125 STREET NW","assessed_value":285500},{"address":"9216.0 148 STREET NW","assessed_value":522000},{"address":"10441.0 166 STREET NW","assessed_value":336500},{"address":"10305.0 159 STREET NW","assessed_value":387000},{"address":"8027.0 174 STREET NW","assessed_value":351500},{"address":"10915.0 157 STREET NW","assessed_value":385000},{"address":"10430.0 166 STREET NW","assessed_value":301000},{"address":"17225.0 60 AVENUE NW","assessed_value":303500},{"address":"12148.0 122 STREET NW","assessed_value":327000},{"address":"18019.0 99 AVENUE NW","assessed_value":330500},{"address":"13207.0 122 STREET NW","assessed_value":261000},{"address":"18604.0 90 AVENUE NW","assessed_value":432000},{"address":"13210.0 135 STREET NW","assessed_value":500},{"address":"12345.0 128 STREET NW","assessed_value":333000},{"address":"13220.0 127 STREET NW","assessed_value":456500},{"address":"217.0 CALLINGWOOD PLACE NW","assessed_value":215000},{"address":"103.0 BELMEAD GARDENS NW","assessed_value":203000},{"address":"18011.0 57 AVENUE NW","assessed_value":510000},{"address":"9831.0 188 STREET NW","assessed_value":416000},{"address":"10712.0 151 STREET NW","assessed_value":268000},{"address":"9504.0 182 STREET NW","assessed_value":117000},{"address":"17511.0 107 AVENUE NW","assessed_value":3409500},{"address":"6352.0 180 STREET NW","assessed_value":172000},{"address":"11927.0 129 STREET NW","assessed_value":379500},{"address":"13160.0 118 AVENUE NW","assessed_value":394000},{"address":"6417.0 187 STREET NW","assessed_value":393000},{"address":"13323.0 115 STREET NW","assessed_value":365000},{"address":"9136.0 146A STREET NW","assessed_value":465000},{"address":"8115.0 133 STREET NW","assessed_value":1353000},{"address":"13035.0 116 STREET NW","assessed_value":303500},{"address":"11513.0 129 AVENUE NW","assessed_value":201500},{"address":"14726.0 103 AVENUE NW","assessed_value":325000},{"address":"10816.0 155 STREET NW","assessed_value":325000},{"address":"12831.0 135 STREET NW","assessed_value":351000},{"address":"13528.0 137 STREET NW","assessed_value":357000},{"address":"17955.0 77 AVENUE NW","assessed_value":302500},{"address":"15945.0 106 AVENUE NW","assessed_value":291500},{"address":"10643.0 147 STREET NW","assessed_value":401000},{"address":"9608.0 141 STREET NW","assessed_value":967000},{"address":"10402.0 155 STREET NW","assessed_value":476500},{"address":"13407.0 136 AVENUE NW","assessed_value":362000},{"address":"13225.0 146 STREET NW","assessed_value":1500},{"address":"14436.0 110A AVENUE NW","assessed_value":345500},{"address":"18408.0 61 AVENUE NW","assessed_value":434500},{"address":"12230.0 163 STREET NW","assessed_value":1842000},{"address":"18607.0 84 AVENUE NW","assessed_value":421000},{"address":"12102.0 124 STREET NW","assessed_value":262000},{"address":"12135.0 129 STREET NW","assessed_value":381500},{"address":"9707.0 149 STREET NW","assessed_value":339500},{"address":"9735.0 144 STREET NW","assessed_value":2000000},{"address":"9324.0 147 STREET NW","assessed_value":470500},{"address":"10224.0 138 STREET NW","assessed_value":571500},{"address":"206.0 CALLINGWOOD TWO NW","assessed_value":175500},{"address":"18426.0 92A AVENUE NW","assessed_value":435000},{"address":"13543.0 119 STREET NW","assessed_value":262500},{"address":"12715.0 127 AVENUE NW","assessed_value":135500},{"address":"16125.0 110B AVENUE NW","assessed_value":324000},{"address":"17108.0 85 AVENUE NW","assessed_value":354000},{"address":"13708.0 133 AVENUE NW","assessed_value":288500},{"address":"6616.0 178 STREET NW","assessed_value":177000},{"address":"17940.0 77 AVENUE NW","assessed_value":358500},{"address":"572.0 LESSARD DRIVE NW","assessed_value":628000},{"address":"13304.0 127A AVENUE NW","assessed_value":267500},{"address":"442.0 LESSARD DRIVE NW","assessed_value":678000},{"address":"13112.0 132 STREET NW","assessed_value":301500},{"address":"10604.0 127 STREET NW","assessed_value":471500},{"address":"7808.0 141 STREET NW","assessed_value":866500},{"address":"9039.0 146 STREET NW","assessed_value":580000},{"address":"13408.0 83 AVENUE NW","assessed_value":976000},{"address":"8020.0 172 STREET NW","assessed_value":401500},{"address":"8932.0 187 STREET NW","assessed_value":391000},{"address":"10640.0 148 STREET NW","assessed_value":447000},{"address":"11121.0 156 STREET NW","assessed_value":4554500},{"address":"51.0 QUESNELL CRESCENT NW","assessed_value":819500},{"address":"114.0 PRIMROSE GARDENS NW","assessed_value":184000},{"address":"48.0 ST GEORGE'S CRESCENT NW","assessed_value":1687000},{"address":"183.0 PRIMROSE GARDENS NW","assessed_value":181000},{"address":"10229.0 151 STREET NW","assessed_value":299500},{"address":"18315.0 89 AVENUE NW","assessed_value":168000},{"address":"9752.0 146 STREET NW","assessed_value":585500},{"address":"10205.0 161 STREET NW","assessed_value":388000},{"address":"18812.0 98 AVENUE NW","assessed_value":432000},{"address":"10615.0 156 STREET NW","assessed_value":98000},{"address":"10935.0 152 STREET NW","assessed_value":432000},{"address":"8822.0 181A STREET NW","assessed_value":357500},{"address":"10538.0 151 STREET NW","assessed_value":271500},{"address":"10101.0 139 STREET NW","assessed_value":799500},{"address":"10812.0 151 STREET NW","assessed_value":766500},{"address":"12324.0 130 STREET NW","assessed_value":364000},{"address":"14520.0 103 AVENUE NW","assessed_value":326500},{"address":"8020.0 173 STREET NW","assessed_value":355500},{"address":"17608.0 55 AVENUE NW","assessed_value":507000},{"address":"11903.0 132 STREET NW","assessed_value":396000},{"address":"18808.0 97A AVENUE NW","assessed_value":416000},{"address":"9127.0 149 STREET NW","assessed_value":422500},{"address":"141.0 LAURIER DRIVE NW","assessed_value":1112000},{"address":"13508.0 128 STREET NW","assessed_value":331000},{"address":"406.0 WILLOW COURT NW","assessed_value":160000},{"address":"12215.0 122 STREET NW","assessed_value":381000},{"address":"110.0 MARLBOROUGH PLACE NW","assessed_value":191500},{"address":"12007.0 133 AVENUE NW","assessed_value":328500},{"address":"15816.0 110A AVENUE NW","assessed_value":348000},{"address":"13814.0 102 AVENUE NW","assessed_value":684000},{"address":"7907.0 137 STREET NW","assessed_value":1343500},{"address":"10415.0 163 STREET NW","assessed_value":356500},{"address":"15429.0 107 AVENUE NW","assessed_value":211000},{"address":"10117.0 163 STREET NW","assessed_value":315000},{"address":"12927.0 132 STREET NW","assessed_value":214500},{"address":"125.0 LAURIER DRIVE NW","assessed_value":622000},{"address":"9840.0 187 STREET NW","assessed_value":540500},{"address":"10503.0 151 STREET NW","assessed_value":369000},{"address":"12320.0 129 STREET NW","assessed_value":382000},{"address":"103.0 WOODSTOCK NW","assessed_value":181500},{"address":"8611.0 180 STREET NW","assessed_value":383000},{"address":"10338.0 139 STREET NW","assessed_value":553000},{"address":"17212.0 106 AVENUE NW","assessed_value":500000},{"address":"9212.0 141 STREET NW","assessed_value":1209500},{"address":"231.0 CHATEAU PLACE NW","assessed_value":188500},{"address":"17303.0 85 AVENUE NW","assessed_value":405000},{"address":"12914.0 119 STREET NW","assessed_value":288000},{"address":"13021.0 124 STREET NW","assessed_value":319500},{"address":"6703.0 187 STREET NW","assessed_value":372500},{"address":"17219.0 57 AVENUE NW","assessed_value":415500},{"address":"8207.0 181 STREET NW","assessed_value":415500},{"address":"18319.0 86 AVENUE NW","assessed_value":397000},{"address":"16629.0 105 AVENUE NW","assessed_value":304500},{"address":"10911.0 146 STREET NW","assessed_value":386500},{"address":"12707.0 122 STREET NW","assessed_value":430500},{"address":"14026.0 104 AVENUE NW","assessed_value":572000},{"address":"10612.0 150 STREET NW","assessed_value":353000},{"address":"8939.0 143 STREET NW","assessed_value":677500},{"address":"9212.0 187 STREET NW","assessed_value":409000},{"address":"18221.0 84 AVENUE NW","assessed_value":195500},{"address":"14215.0 75 AVENUE NW","assessed_value":744500},{"address":"11907.0 132 AVENUE NW","assessed_value":294000},{"address":"10506.0 135 STREET NW","assessed_value":1412000},{"address":"12816.0 120 AVENUE NW","assessed_value":343500},{"address":"11808.0 132 AVENUE NW","assessed_value":319000},{"address":"12811.0 137 AVENUE NW","assessed_value":331500},{"address":"14604.0 84 AVENUE NW","assessed_value":631500},{"address":"11719.0 134 AVENUE NW","assessed_value":494000},{"address":"10839.0 149 STREET NW","assessed_value":383000},{"address":"209.0 PRIMROSE GARDENS NW","assessed_value":181000},{"address":"10431.0 162 STREET NW","assessed_value":419000},{"address":"18112.0 87A AVENUE NW","assessed_value":459000},{"address":"13016.0 133 STREET NW","assessed_value":275000},{"address":"18419.0 62B AVENUE NW","assessed_value":461500},{"address":"12928.0 113A STREET NW","assessed_value":257000},{"address":"17911.0 78 AVENUE NW","assessed_value":377000},{"address":"9945.0 161 STREET NW","assessed_value":240000},{"address":"13412.0 139 STREET NW","assessed_value":295500},{"address":"14516.0 85 AVENUE NW","assessed_value":510000},{"address":"8011.0 173 STREET NW","assessed_value":456000},{"address":"10723.0 130 STREET NW","assessed_value":438000},{"address":"12116.0 128 STREET NW","assessed_value":707500},{"address":"7020.0 187 STREET NW","assessed_value":423500},{"address":"13128.0 123A STREET NW","assessed_value":293000},{"address":"12804.0 126 STREET NW","assessed_value":256000},{"address":"18516.0 84 AVENUE NW","assessed_value":380000},{"address":"14315.0 MACKENZIE DRIVE NW","assessed_value":1113000},{"address":"12713.0 124 STREET NW","assessed_value":323000},{"address":"8803.0 185 STREET NW","assessed_value":404000},{"address":"18417.0 91 AVENUE NW","assessed_value":464500},{"address":"9019.0 146 STREET NW","assessed_value":502000},{"address":"14228.0 RAVINE DRIVE NW","assessed_value":831000},{"address":"47.0 WILLOWDALE PLACE NW","assessed_value":188500},{"address":"13424.0 118 STREET NW","assessed_value":316500},{"address":"5807.0 183 STREET NW","assessed_value":514500},{"address":"15916.0 109 AVENUE NW","assessed_value":80500},{"address":"18411.0 70 AVENUE NW","assessed_value":433500},{"address":"11440.0 142 STREET NW","assessed_value":2241500},{"address":"244.0 SURREY GARDENS NW","assessed_value":142500},{"address":"8304.0 187 STREET NW","assessed_value":423500},{"address":"8108.0 180 STREET NW","assessed_value":356000},{"address":"11565.0 149 STREET NW","assessed_value":4539500},{"address":"17939.0 99A AVENUE NW","assessed_value":429000},{"address":"10412.0 152 STREET NW","assessed_value":285000},{"address":"91.0 QUESNELL CRESCENT NW","assessed_value":939500},{"address":"7607.0 172 STREET NW","assessed_value":101000},{"address":"12908.0 124 STREET NW","assessed_value":289500},{"address":"252.0 PRIMROSE GARDENS NW","assessed_value":181000},{"address":"532.0 WAHSTAO ROAD NW","assessed_value":616000},{"address":"55.0 WILLOWDALE PLACE NW","assessed_value":174000},{"address":"5916.0 185 STREET NW","assessed_value":408500},{"address":"12420.0 135A AVENUE NW","assessed_value":304000},{"address":"12727.0 116 STREET NW","assessed_value":228500},{"address":"6615.0 185 STREET NW","assessed_value":431000},{"address":"10186.0 143 STREET NW","assessed_value":358000},{"address":"13036.0 113A STREET NW","assessed_value":299000},{"address":"13315.0 136 STREET NW","assessed_value":367000},{"address":"10815.0 149 STREET NW","assessed_value":355000},{"address":"44.0 BELMEAD GARDENS NW","assessed_value":203000},{"address":"18027.0 62B AVENUE NW","assessed_value":522000},{"address":"12851.0 127 STREET NW","assessed_value":1655000},{"address":"15922.0 106 AVENUE NW","assessed_value":329500},{"address":"14330.0 106A AVENUE NW","assessed_value":500},{"address":"165.0 MARLBOROUGH PLACE NW","assessed_value":199000},{"address":"14603.0 95A AVENUE NW","assessed_value":805500},{"address":"11941.0 123 STREET NW","assessed_value":302000},{"address":"16236.0 YELLOWHEAD TRAIL NW","assessed_value":241500},{"address":"12316.0 134A AVENUE NW","assessed_value":304500},{"address":"12904.0 128 STREET NW","assessed_value":234000},{"address":"13307.0 139 STREET NW","assessed_value":310000},{"address":"17508.0 57 AVENUE NW","assessed_value":482000},{"address":"567.0 WAHSTAO ROAD NW","assessed_value":797000},{"address":"15808.0 102 AVENUE NW","assessed_value":462500},{"address":"12011.0 122 STREET NW","assessed_value":283500},{"address":"17708.0 57 AVENUE NW","assessed_value":486000},{"address":"7715.0 174 STREET NW","assessed_value":402500},{"address":"8812.0 180 STREET NW","assessed_value":393000},{"address":"13708.0 82 AVENUE NW","assessed_value":763500},{"address":"603.0 WAHSTAO ROAD NW","assessed_value":707000},{"address":"11831.0 122 STREET NW","assessed_value":301000},{"address":"7607.0 172 STREET NW","assessed_value":104500},{"address":"8510.0 141 STREET NW","assessed_value":895000},{"address":"10931.0 149 STREET NW","assessed_value":343000},{"address":"8019.0 184 STREET NW","assessed_value":443000},{"address":"11703.0 134A AVENUE NW","assessed_value":428000},{"address":"12935.0 123A STREET NW","assessed_value":213000},{"address":"18616.0 92 AVENUE NW","assessed_value":415500},{"address":"16210.0 103 AVENUE NW","assessed_value":1820500},{"address":"6.0 CALLINGWOOD COURT NW","assessed_value":188000},{"address":"10467.0 144 STREET NW","assessed_value":399500},{"address":"6536.0 178 STREET NW","assessed_value":182500},{"address":"10240.0 155 STREET NW","assessed_value":349500},{"address":"327.0 WILLOW COURT NW","assessed_value":163500},{"address":"13056.0 SHERBROOKE AVENUE NW","assessed_value":366000},{"address":"123.0 MARLBOROUGH PLACE NW","assessed_value":188000},{"address":"12348.0 132 STREET NW","assessed_value":665500},{"address":"18036.0 93 AVENUE NW","assessed_value":189000},{"address":"18269.0 84 AVENUE NW","assessed_value":186000},{"address":"18267.0 74 AVENUE NW","assessed_value":190500},{"address":"17627.0 57 AVENUE NW","assessed_value":550000},{"address":"16126.0 110B AVENUE NW","assessed_value":400500},{"address":"12727.0 125 STREET NW","assessed_value":310000},{"address":"18624.0 57 AVENUE NW","assessed_value":438500},{"address":"13044.0 SHERBROOKE AVENUE NW","assessed_value":348000},{"address":"95.0 VALLEYVIEW CRESCENT NW","assessed_value":1604000},{"address":"18115.0 87A AVENUE NW","assessed_value":368000},{"address":"7003.0 183 STREET NW","assessed_value":378000},{"address":"15402.0 108 AVENUE NW","assessed_value":1609000},{"address":"10815.0 132 STREET NW","assessed_value":539500},{"address":"14004.0 85 AVENUE NW","assessed_value":750000},{"address":"13427.0 115 STREET NW","assessed_value":14000},{"address":"606.0 CRICKET COURT NW","assessed_value":169000},{"address":"511.0 LESSARD DRIVE NW","assessed_value":748500},{"address":"13524.0 116 STREET NW","assessed_value":352000},{"address":"10832.0 154 STREET NW","assessed_value":440500},{"address":"14032.0 VALLEYVIEW DRIVE NW","assessed_value":1705500},{"address":"22.0 CALLINGWOOD COURT NW","assessed_value":171500},{"address":"10422.0 144 STREET NW","assessed_value":432000},{"address":"7708.0 173A STREET NW","assessed_value":420500},{"address":"12723.0 126 STREET NW","assessed_value":310500},{"address":"14712.0 87 AVENUE NW","assessed_value":383000},{"address":"8717.0 184 STREET NW","assessed_value":169000},{"address":"16212.0 100 AVENUE NW","assessed_value":272000},{"address":"13327.0 135 STREET NW","assessed_value":320500},{"address":"18927.0 97 AVENUE NW","assessed_value":410000},{"address":"14545.0 115 AVENUE NW","assessed_value":3942500},{"address":"14511.0 107B AVENUE NW","assessed_value":500},{"address":"18505.0 99A AVENUE NW","assessed_value":496500},{"address":"9450.0 144 STREET NW","assessed_value":497000},{"address":"12908.0 126 STREET NW","assessed_value":309500},{"address":"21.0 LAURIER PLACE NW","assessed_value":1362500},{"address":"10775.0 164 STREET NW","assessed_value":335500},{"address":"18411.0 57 AVENUE NW","assessed_value":341500},{"address":"14016.0 86 AVENUE NW","assessed_value":790000},{"address":"12028.0 133A AVENUE NW","assessed_value":396000},{"address":"10635.0 153 STREET NW","assessed_value":265000},{"address":"11621.0 137 AVENUE NW","assessed_value":231000},{"address":"10242.0 146 STREET NW","assessed_value":278500},{"address":"18482.0 62B AVENUE NW","assessed_value":172500},{"address":"10304.0 148 STREET NW","assessed_value":332500},{"address":"9508.0 180A STREET NW","assessed_value":198000},{"address":"12828.0 120 STREET NW","assessed_value":285500},{"address":"10319.0 139 STREET NW","assessed_value":947500},{"address":"10505.0 134 STREET NW","assessed_value":516500},{"address":"23.0 QUESNELL ROAD NW","assessed_value":781500},{"address":"11523.0 137 AVENUE NW","assessed_value":289500},{"address":"10751.0 164 STREET NW","assessed_value":323000},{"address":"12620.0 132 AVENUE NW","assessed_value":6290500},{"address":"12827.0 129 STREET NW","assessed_value":331000},{"address":"13624.0 131 STREET NW","assessed_value":343000},{"address":"9.0 CALLINGWOOD COURT NW","assessed_value":191500},{"address":"18312.0 99A AVENUE NW","assessed_value":417500},{"address":"12919.0 119A AVENUE NW","assessed_value":365000},{"address":"9524.0 148 STREET NW","assessed_value":456500},{"address":"8124.0 133 STREET NW","assessed_value":1142000},{"address":"10901.0 158 STREET NW","assessed_value":248500},{"address":"11748.0 167 STREET NW","assessed_value":4417000},{"address":"12320.0 133 AVENUE NW","assessed_value":352000},{"address":"14604.0 106 AVENUE NW","assessed_value":443000},{"address":"127.0 SURREY GARDENS NW","assessed_value":154500},{"address":"13517.0 117 STREET NW","assessed_value":318500},{"address":"6712.0 181 STREET NW","assessed_value":381000},{"address":"14502.0 123 AVENUE NW","assessed_value":3505000},{"address":"12745.0 118 STREET NW","assessed_value":305000},{"address":"11732.0 136 AVENUE NW","assessed_value":381500},{"address":"14507.0 98 AVENUE NW","assessed_value":534500},{"address":"8011.0 141 STREET NW","assessed_value":600500},{"address":"15946.0 107A AVENUE NW","assessed_value":368500},{"address":"10223.0 163 STREET NW","assessed_value":315000},{"address":"10317.0 134 STREET NW","assessed_value":500500},{"address":"8412.0 176 STREET NW","assessed_value":399000},{"address":"10435.0 164 STREET NW","assessed_value":392500},{"address":"12735.0 129 STREET NW","assessed_value":273500},{"address":"18511.0 86 AVENUE NW","assessed_value":420500},{"address":"250.0 DECHENE ROAD NW","assessed_value":454000},{"address":"10835.0 153 STREET NW","assessed_value":293500},{"address":"14039.0 106 AVENUE NW","assessed_value":479000},{"address":"10743.0 133 STREET NW","assessed_value":383000},{"address":"15204.0 102 AVENUE NW","assessed_value":386000},{"address":"5904.0 176 STREET NW","assessed_value":593500},{"address":"13612.0 119 STREET NW","assessed_value":310500},{"address":"10615.0 156 STREET NW","assessed_value":95000},{"address":"10623.0 147 STREET NW","assessed_value":432000},{"address":"12010.0 126 STREET NW","assessed_value":275500},{"address":"12135.0 124 STREET NW","assessed_value":840500},{"address":"889.0 ERIN PLACE NW","assessed_value":229000},{"address":"13039.0 115 STREET NW","assessed_value":336500},{"address":"13911.0 86 AVENUE NW","assessed_value":743000},{"address":"16020.0 110 AVENUE NW","assessed_value":628000},{"address":"6009.0 174 STREET NW","assessed_value":310000},{"address":"17519.0 55 AVENUE NW","assessed_value":629500},{"address":"13017.0 127 STREET NW","assessed_value":301000},{"address":"13412.0 134 STREET NW","assessed_value":312000},{"address":"109.0 CALLINGWOOD PLACE NW","assessed_value":234000},{"address":"10238.0 153 STREET NW","assessed_value":282500},{"address":"18107.0 76 AVENUE NW","assessed_value":500500},{"address":"267.0 GARIEPY CRESCENT NW","assessed_value":444000},{"address":"17347.0 85 AVENUE NW","assessed_value":189500},{"address":"14607.0 95 AVENUE NW","assessed_value":572500},{"address":"17704.0 116 AVENUE NW","assessed_value":113500},{"address":"12824.0 134 AVENUE NW","assessed_value":344000},{"address":"261.0 CHATEAU PLACE NW","assessed_value":185500},{"address":"1.0 CALLINGWOOD COURT NW","assessed_value":171500},{"address":"13038.0 126 STREET NW","assessed_value":277000},{"address":"9607.0 184 STREET NW","assessed_value":327500},{"address":"18023.0 73 AVENUE NW","assessed_value":334500},{"address":"9711.0 146 STREET NW","assessed_value":844500},{"address":"8604.0 140 STREET NW","assessed_value":853500},{"address":"14831.0 104 AVENUE NW","assessed_value":375000},{"address":"68.0 ST GEORGE'S CRESCENT NW","assessed_value":1840000},{"address":"10415.0 140 STREET NW","assessed_value":446000},{"address":"18323.0 58 AVENUE NW","assessed_value":520500},{"address":"9788.0 146 STREET NW","assessed_value":543000},{"address":"13520.0 101 AVENUE NW","assessed_value":683000},{"address":"151.0 CALLINGWOOD PLACE NW","assessed_value":226500},{"address":"8320.0 181 STREET NW","assessed_value":370500},{"address":"10531.0 140 STREET NW","assessed_value":722000},{"address":"15761.0 107A AVENUE NW","assessed_value":302500},{"address":"18122.0 107 AVENUE NW","assessed_value":471500},{"address":"12922.0 116 STREET NW","assessed_value":374500},{"address":"10364.0 144 STREET NW","assessed_value":956000},{"address":"10612.0 145 STREET NW","assessed_value":452500},{"address":"17313.0 60 AVENUE NW","assessed_value":328000},{"address":"13104.0 118 STREET NW","assessed_value":296500},{"address":"7203.0 149 STREET NW","assessed_value":742000},{"address":"10331.0 133 STREET NW","assessed_value":815500},{"address":"12.0 ALEXANDER CIRCLE NW","assessed_value":1115000},{"address":"139.0 MARLBOROUGH PLACE NW","assessed_value":216500},{"address":"16533.0 103 AVENUE NW","assessed_value":322000},{"address":"10412.0 162 STREET NW","assessed_value":377500},{"address":"18920.0 99 AVENUE NW","assessed_value":458000},{"address":"10620.0 128 STREET NW","assessed_value":648000},{"address":"16426.0 105A AVENUE NW","assessed_value":338500},{"address":"8039.0 180 STREET NW","assessed_value":383500},{"address":"12210.0 123 STREET NW","assessed_value":304000},{"address":"18136.0 84 AVENUE NW","assessed_value":358000},{"address":"890.0 ERIN PLACE NW","assessed_value":232500},{"address":"11922.0 122 STREET NW","assessed_value":236500},{"address":"13419.0 103 AVENUE NW","assessed_value":1165000},{"address":"8731.0 179 STREET NW","assessed_value":372500},{"address":"14304.0 106B AVENUE NW","assessed_value":347000},{"address":"572.0 WAHSTAO ROAD NW","assessed_value":607500},{"address":"18420.0 89 AVENUE NW","assessed_value":392500},{"address":"8407.0 187 STREET NW","assessed_value":388000},{"address":"8204.0 138 STREET NW","assessed_value":730500},{"address":"17927.0 62C AVENUE NW","assessed_value":378000},{"address":"207.0 WAHSTAO ROAD NW","assessed_value":574500},{"address":"11052.0 159 STREET NW","assessed_value":322500},{"address":"7814.0 BUENA VISTA ROAD NW","assessed_value":787500},{"address":"14536.0 115 AVENUE NW","assessed_value":1648500},{"address":"8511.0 175 STREET NW","assessed_value":378000},{"address":"18328.0 67 AVENUE NW","assessed_value":443500},{"address":"18620.0 97A AVENUE NW","assessed_value":417500},{"address":"10427.0 134 STREET NW","assessed_value":895000},{"address":"7723.0 139 STREET NW","assessed_value":1064000},{"address":"10506.0 133 STREET NW","assessed_value":1590000},{"address":"18012.0 84 AVENUE NW","assessed_value":366000},{"address":"11004.0 145 STREET NW","assessed_value":373500},{"address":"10150.0 145 STREET NW","assessed_value":382000},{"address":"7607.0 172 STREET NW","assessed_value":101500},{"address":"10216.0 159 STREET NW","assessed_value":366500},{"address":"215.0 WAHSTAO ROAD NW","assessed_value":720500},{"address":"18207.0 76 AVENUE NW","assessed_value":364000},{"address":"17325.0 85 AVENUE NW","assessed_value":181500},{"address":"13415.0 135 STREET NW","assessed_value":279000},{"address":"9015.0 138 STREET NW","assessed_value":877500},{"address":"18612.0 97A AVENUE NW","assessed_value":454500},{"address":"10956.0 158 STREET NW","assessed_value":331000},{"address":"15231.0 106 AVENUE NW","assessed_value":351000},{"address":"10917.0 151 STREET NW","assessed_value":258500},{"address":"10320.0 156 STREET NW","assessed_value":498500},{"address":"11041.0 150 STREET NW","assessed_value":328500},{"address":"12803.0 126 STREET NW","assessed_value":287000},{"address":"531.0 LESSARD DRIVE NW","assessed_value":689500},{"address":"15952.0 106 AVENUE NW","assessed_value":424000},{"address":"9419.0 175 STREET NW","assessed_value":445500},{"address":"8203.0 145 STREET NW","assessed_value":620000},{"address":"12027.0 124 STREET NW","assessed_value":306500},{"address":"17927.0 87A AVENUE NW","assessed_value":397500},{"address":"9581.0 180A STREET NW","assessed_value":216500},{"address":"6232.0 186 STREET NW","assessed_value":458500},{"address":"15304.0 116 AVENUE NW","assessed_value":1052000},{"address":"9840.0 185 STREET NW","assessed_value":471000},{"address":"11707.0 134A AVENUE NW","assessed_value":335000},{"address":"14544.0 107A AVENUE NW","assessed_value":384000},{"address":"157.0 MARLBOROUGH PLACE NW","assessed_value":178000},{"address":"10616.0 147 STREET NW","assessed_value":480000},{"address":"10404.0 142 STREET NW","assessed_value":464500},{"address":"17811.0 62C AVENUE NW","assessed_value":441500},{"address":"13912.0 76 AVENUE NW","assessed_value":690500},{"address":"14636.0 110A AVENUE NW","assessed_value":389000},{"address":"7118.0 178 STREET NW","assessed_value":190000},{"address":"10176.0 144 STREET NW","assessed_value":438500},{"address":"10941.0 155 STREET NW","assessed_value":298000},{"address":"10520.0 127 STREET NW","assessed_value":1107000},{"address":"15606.0 108 AVENUE NW","assessed_value":359000},{"address":"10916.0 153 STREET NW","assessed_value":393500},{"address":"6451.0 187 STREET NW","assessed_value":353500},{"address":"13304.0 118 STREET NW","assessed_value":406500},{"address":"14374.0 PARK DRIVE NW","assessed_value":3061000},{"address":"9617.0 184 STREET NW","assessed_value":322000},{"address":"12035.0 126 STREET NW","assessed_value":296500},{"address":"18112.0 78 AVENUE NW","assessed_value":445000},{"address":"12917.0 114 STREET NW","assessed_value":386000},{"address":"12629.0 125 STREET NW","assessed_value":1069500},{"address":"72.0 VALLEYVIEW CRESCENT NW","assessed_value":1722500},{"address":"9855.0 179 STREET NW","assessed_value":451500},{"address":"10149.0 145 STREET NW","assessed_value":371500},{"address":"10519.0 154 STREET NW","assessed_value":280500},{"address":"9821.0 187 STREET NW","assessed_value":584000},{"address":"226.0 CHATEAU PLACE NW","assessed_value":173500},{"address":"13608.0 82 AVENUE NW","assessed_value":624500},{"address":"15005.0 112 AVENUE NW","assessed_value":731500},{"address":"11719.0 133 AVENUE NW","assessed_value":346000},{"address":"13110.0 104 AVENUE NW","assessed_value":728500},{"address":"9811.0 187 STREET NW","assessed_value":425500},{"address":"10756.0 164 STREET NW","assessed_value":321500},{"address":"17316.0 78 AVENUE NW","assessed_value":385000},{"address":"14327.0 106B AVENUE NW","assessed_value":1678000},{"address":"10961.0 165 STREET NW","assessed_value":366000},{"address":"13608.0 135 STREET NW","assessed_value":308000},{"address":"16518.0 106 AVENUE NW","assessed_value":247000},{"address":"10420.0 153 STREET NW","assessed_value":267000},{"address":"14707.0 82 AVENUE NW","assessed_value":700500},{"address":"134.0 WOODSTOCK NW","assessed_value":208500},{"address":"13428.0 129 STREET NW","assessed_value":329000},{"address":"18641.0 66 AVENUE NW","assessed_value":206000},{"address":"11512.0 134 AVENUE NW","assessed_value":313000},{"address":"9016.0 184 STREET NW","assessed_value":349500},{"address":"18416.0 81 AVENUE NW","assessed_value":407500},{"address":"10336.0 136 STREET NW","assessed_value":1086000},{"address":"6015.0 173 STREET NW","assessed_value":308500},{"address":"10348.0 146 STREET NW","assessed_value":388500},{"address":"10459.0 146 STREET NW","assessed_value":394000},{"address":"7520.0 142A STREET NW","assessed_value":604000},{"address":"14808.0 80 AVENUE NW","assessed_value":520500},{"address":"16804.0 113 AVENUE NW","assessed_value":1923500},{"address":"13823.0 90 AVENUE NW","assessed_value":842500},{"address":"14410.0 96 AVENUE NW","assessed_value":1693500},{"address":"13018.0 119 STREET NW","assessed_value":328000},{"address":"322.0 DECHENE ROAD NW","assessed_value":513500},{"address":"18933.0 98 AVENUE NW","assessed_value":463000},{"address":"17224.0 77 AVENUE NW","assessed_value":465500},{"address":"12940.0 116 STREET NW","assessed_value":384500},{"address":"7808.0 139 STREET NW","assessed_value":1034500},{"address":"7951.0 178 STREET NW","assessed_value":221500},{"address":"18150.0 93 AVENUE NW","assessed_value":192500},{"address":"14415.0 114 AVENUE NW","assessed_value":2206500},{"address":"18439.0 57 AVENUE NW","assessed_value":346000},{"address":"18419.0 82 AVENUE NW","assessed_value":398000},{"address":"9543.0 180A STREET NW","assessed_value":221000},{"address":"9303.0 176B STREET NW","assessed_value":358500},{"address":"13108.0 128A AVENUE NW","assessed_value":298000},{"address":"6650.0 178 STREET NW","assessed_value":177000},{"address":"12390.0 131 STREET NW","assessed_value":334500},{"address":"17928.0 62C AVENUE NW","assessed_value":384500},{"address":"18207.0 93 AVENUE NW","assessed_value":204500},{"address":"6368.0 184 STREET NW","assessed_value":187500},{"address":"9028.0 148 STREET NW","assessed_value":544000},{"address":"18010.0 93 AVENUE NW","assessed_value":176500},{"address":"12728.0 120 AVENUE NW","assessed_value":330500},{"address":"10120.0 136 STREET NW","assessed_value":752000},{"address":"17912.0 57 AVENUE NW","assessed_value":488000},{"address":"17915.0 80 AVENUE NW","assessed_value":385500},{"address":"10627.0 138 STREET NW","assessed_value":626000},{"address":"8629.0 177A STREET NW","assessed_value":406000},{"address":"13715.0 101A AVENUE NW","assessed_value":665500},{"address":"261.0 PRIMROSE GARDENS NW","assessed_value":178000},{"address":"10007.0 140 STREET NW","assessed_value":839000},{"address":"14104.0 89A AVENUE NW","assessed_value":879000},{"address":"10339.0 135 STREET NW","assessed_value":545500},{"address":"15902.0 106A AVENUE NW","assessed_value":289500},{"address":"8708.0 142 STREET NW","assessed_value":500500},{"address":"13015.0 SHERBROOKE AVENUE NW","assessed_value":321000},{"address":"13912.0 88 AVENUE NW","assessed_value":802500},{"address":"11938.0 129 AVENUE NW","assessed_value":221500},{"address":"10429.0 146 STREET NW","assessed_value":358000},{"address":"9015.0 148 STREET NW","assessed_value":640500},{"address":"9771.0 146 STREET NW","assessed_value":569000},{"address":"10555.0 163 STREET NW","assessed_value":354000},{"address":"17320.0 85 AVENUE NW","assessed_value":404000},{"address":"16110.0 110B AVENUE NW","assessed_value":421000},{"address":"10712.0 155 STREET NW","assessed_value":288500},{"address":"16434.0 105 AVENUE NW","assessed_value":328500},{"address":"5511.0 174 STREET NW","assessed_value":748000},{"address":"11807.0 129 AVENUE NW","assessed_value":288000},{"address":"9827.0 149 STREET NW","assessed_value":458000},{"address":"13503.0 107A AVENUE NW","assessed_value":406000},{"address":"12817.0 124 STREET NW","assessed_value":237000},{"address":"12615.0 124 STREET NW","assessed_value":2536000},{"address":"16418.0 104A AVENUE NW","assessed_value":431000},{"address":"14815.0 123 AVENUE NW","assessed_value":1164500},{"address":"18407.0 84 AVENUE NW","assessed_value":408000},{"address":"541.0 WILLOW COURT NW","assessed_value":149000},{"address":"9939.0 146 STREET NW","assessed_value":2957000},{"address":"10922.0 152 STREET NW","assessed_value":271500},{"address":"12431.0 127 STREET NW","assessed_value":231000},{"address":"10227.0 150 STREET NW","assessed_value":511500},{"address":"142.0 SURREY GARDENS NW","assessed_value":166500},{"address":"241.0 CHATEAU PLACE NW","assessed_value":173500},{"address":"114.0 SURREY GARDENS NW","assessed_value":166500},{"address":"10619.0 136 STREET NW","assessed_value":640000},{"address":"5903.0 176 STREET NW","assessed_value":549500},{"address":"14523.0 86 AVENUE NW","assessed_value":481000},{"address":"14311.0 STONY PLAIN ROAD NW","assessed_value":281000},{"address":"12369.0 ST ALBERT TRAIL NW","assessed_value":319000},{"address":"8905.0 184 STREET NW","assessed_value":12316500},{"address":"12723.0 128 STREET NW","assessed_value":323000},{"address":"12757.0 118 STREET NW","assessed_value":230000},{"address":"17222.0 57 AVENUE NW","assessed_value":151000},{"address":"11001.0 159 STREET NW","assessed_value":303000},{"address":"17115.0 86 AVENUE NW","assessed_value":356500},{"address":"9914.0 144 STREET NW","assessed_value":1444000},{"address":"18128.0 93 AVENUE NW","assessed_value":189500},{"address":"36.0 VALLEYVIEW CRESCENT NW","assessed_value":1973000},{"address":"13547.0 139 STREET NW","assessed_value":336000},{"address":"18626.0 87A AVENUE NW","assessed_value":493000},{"address":"12943.0 119 AVENUE NW","assessed_value":310500},{"address":"11831.0 123 STREET NW","assessed_value":2282500},{"address":"7411.0 182 STREET NW","assessed_value":397000},{"address":"8607.0 177 STREET NW","assessed_value":421000},{"address":"11015.0 153 STREET NW","assessed_value":353000},{"address":"8016.0 171 STREET NW","assessed_value":350500},{"address":"16135.0 109 AVENUE NW","assessed_value":262000},{"address":"9906.0 144 STREET NW","assessed_value":651000},{"address":"14.0 WELLINGTON CRESCENT NW","assessed_value":4625000},{"address":"8620.0 180 STREET NW","assessed_value":417500},{"address":"11516.0 136 AVENUE NW","assessed_value":371500},{"address":"13108.0 121 STREET NW","assessed_value":317500},{"address":"180.0 PRIMROSE GARDENS NW","assessed_value":175500},{"address":"14542.0 104 AVENUE NW","assessed_value":459500},{"address":"18508.0 71 AVENUE NW","assessed_value":363500},{"address":"6633.0 180 STREET NW","assessed_value":209500},{"address":"12811.0 WOODBEND PLACE NW","assessed_value":984500},{"address":"17120.0 86 AVENUE NW","assessed_value":120000},{"address":"5512.0 175 STREET NW","assessed_value":479500},{"address":"14003.0 89 AVENUE NW","assessed_value":824500},{"address":"10345.0 150 STREET NW","assessed_value":283000},{"address":"14640.0 92A AVENUE NW","assessed_value":519500},{"address":"8208.0 187 STREET NW","assessed_value":378000},{"address":"13112.0 122 STREET NW","assessed_value":316500},{"address":"17612.0 94 AVENUE NW","assessed_value":398000},{"address":"13503.0 132 AVENUE NW","assessed_value":232500},{"address":"12323.0 130 STREET NW","assessed_value":316500},{"address":"7105.0 180 STREET NW","assessed_value":195500},{"address":"8007.0 171 STREET NW","assessed_value":435000},{"address":"15101.0 110 AVENUE NW","assessed_value":579000},{"address":"7716.0 139 STREET NW","assessed_value":850000},{"address":"18035.0 107 AVENUE NW","assessed_value":357000},{"address":"12264.0 132 STREET NW","assessed_value":404000},{"address":"15118.0 STONY PLAIN ROAD NW","assessed_value":596500},{"address":"8943.0 145 STREET NW","assessed_value":562500},{"address":"90.0 VALLEYVIEW CRESCENT NW","assessed_value":1832000},{"address":"11830.0 145 STREET NW","assessed_value":299000},{"address":"12747.0 130 STREET NW","assessed_value":276000},{"address":"18907.0 97 AVENUE NW","assessed_value":399500},{"address":"14523.0 107B AVENUE NW","assessed_value":383500},{"address":"12334.0 136 AVENUE NW","assessed_value":0},{"address":"10707.0 130 STREET NW","assessed_value":106000},{"address":"13100.0 SHERBROOKE AVENUE NW","assessed_value":342000},{"address":"13550.0 127 STREET NW","assessed_value":351000},{"address":"17040.0 67 AVENUE NW","assessed_value":236000},{"address":"237.0 DECHENE ROAD NW","assessed_value":502000},{"address":"10441.0 147 STREET NW","assessed_value":545500},{"address":"8223.0 185 STREET NW","assessed_value":464000},{"address":"9814.0 180 STREET NW","assessed_value":272000},{"address":"13012.0 135A AVENUE NW","assessed_value":320000},{"address":"18609.0 86A AVENUE NW","assessed_value":411000},{"address":"8924.0 142 STREET NW","assessed_value":563000},{"address":"10603.0 140 STREET NW","assessed_value":1938500},{"address":"5719.0 186 STREET NW","assessed_value":432500},{"address":"14424.0 80 AVENUE NW","assessed_value":478500},{"address":"17522.0 76 AVENUE NW","assessed_value":198000},{"address":"12732.0 133 STREET NW","assessed_value":334000},{"address":"131.0 PRIMROSE GARDENS NW","assessed_value":204500},{"address":"14503.0 84 AVENUE NW","assessed_value":503500},{"address":"13328.0 119 STREET NW","assessed_value":382500},{"address":"12807.0 135 AVENUE NW","assessed_value":378500},{"address":"18921.0 99A AVENUE NW","assessed_value":468000},{"address":"13407.0 136 STREET NW","assessed_value":321000},{"address":"9624.0 RIVERSIDE DRIVE NW","assessed_value":500},{"address":"13412.0 109 AVENUE NW","assessed_value":414500},{"address":"13403.0 118 STREET NW","assessed_value":445500},{"address":"10236.0 151 STREET NW","assessed_value":249500},{"address":"18608.0 61 AVENUE NW","assessed_value":352000},{"address":"18016.0 73 AVENUE NW","assessed_value":330000},{"address":"11002.0 150 STREET NW","assessed_value":515500},{"address":"8043.0 181 STREET NW","assessed_value":427500},{"address":"13324.0 137 STREET NW","assessed_value":0},{"address":"47.0 GARIEPY CRESCENT NW","assessed_value":435500},{"address":"13307.0 135 STREET NW","assessed_value":340500},{"address":"10150.0 153 STREET NW","assessed_value":1648000},{"address":"11924.0 154 STREET NW","assessed_value":548500},{"address":"13849.0 SUMMIT DRIVE NW","assessed_value":1995500},{"address":"9332.0 187 STREET NW","assessed_value":436000},{"address":"7920.0 148 STREET NW","assessed_value":685500},{"address":"12604.0 126 STREET NW","assessed_value":1171000},{"address":"10417.0 149 STREET NW","assessed_value":369000},{"address":"11527.0 134 AVENUE NW","assessed_value":356000},{"address":"10902.0 165 STREET NW","assessed_value":365000},{"address":"7803.0 176 STREET NW","assessed_value":270500},{"address":"6331.0 179 STREET NW","assessed_value":1500},{"address":"14103.0 75 AVENUE NW","assessed_value":1004000},{"address":"71.0 GARIEPY CRESCENT NW","assessed_value":568500},{"address":"8707.0 136 STREET NW","assessed_value":1956000},{"address":"7712.0 143A STREET NW","assessed_value":538500},{"address":"11320.0 154 STREET NW","assessed_value":1617500},{"address":"10152.0 155 STREET NW","assessed_value":111000},{"address":"14347.0 92A AVENUE NW","assessed_value":527000},{"address":"10427.0 150 STREET NW","assessed_value":252500},{"address":"17306.0 108 AVENUE NW","assessed_value":2277500},{"address":"12943.0 129 STREET NW","assessed_value":359000},{"address":"12147.0 127 STREET NW","assessed_value":255000},{"address":"170.0 SURREY GARDENS NW","assessed_value":149500},{"address":"17.0 BELMEAD GARDENS NW","assessed_value":199000},{"address":"279.0 DECHENE ROAD NW","assessed_value":516000},{"address":"10823.0 129 STREET NW","assessed_value":1046500},{"address":"10404.0 176 STREET NW","assessed_value":3891500},{"address":"10835.0 147 STREET NW","assessed_value":876000},{"address":"13105.0 104 AVENUE NW","assessed_value":1085000},{"address":"7711.0 173A STREET NW","assessed_value":382000},{"address":"153.0 SURREY GARDENS NW","assessed_value":158500},{"address":"13504.0 118 STREET NW","assessed_value":312500},{"address":"13408.0 131 STREET NW","assessed_value":372000},{"address":"14123.0 128A AVENUE NW","assessed_value":500},{"address":"100.0 WAHSTAO CRESCENT NW","assessed_value":607000},{"address":"18468.0 62B AVENUE NW","assessed_value":168000},{"address":"10507.0 129 STREET NW","assessed_value":575500},{"address":"10852.0 147 STREET NW","assessed_value":364000},{"address":"9912.0 179 STREET NW","assessed_value":418000},{"address":"13512.0 113A STREET NW","assessed_value":353000},{"address":"10522.0 139 STREET NW","assessed_value":680500},{"address":"14627.0 103 AVENUE NW","assessed_value":323500},{"address":"10730.0 165 STREET NW","assessed_value":331000},{"address":"823.0 WANYANDI ROAD NW","assessed_value":1216000},{"address":"9211.0 184 STREET NW","assessed_value":393000},{"address":"13032.0 134 STREET NW","assessed_value":246000},{"address":"8915.0 180 STREET NW","assessed_value":481500},{"address":"439.0 LESSARD DRIVE NW","assessed_value":627000},{"address":"252.0 GARIEPY CRESCENT NW","assessed_value":697500},{"address":"10315.0 138 STREET NW","assessed_value":689000},{"address":"18519.0 70 AVENUE NW","assessed_value":424000},{"address":"13419.0 139 STREET NW","assessed_value":301500},{"address":"13019.0 134 STREET NW","assessed_value":324500},{"address":"15622.0 111 AVENUE NW","assessed_value":624500},{"address":"204.0 CHATEAU PLACE NW","assessed_value":181500},{"address":"18419.0 86 AVENUE NW","assessed_value":357500},{"address":"10551.0 169 STREET NW","assessed_value":1534500},{"address":"5876.0 172 STREET NW","assessed_value":142000},{"address":"14119.0 98 AVENUE NW","assessed_value":1317500},{"address":"13436.0 115 STREET NW","assessed_value":351500},{"address":"15825.0 109 AVENUE NW","assessed_value":799500},{"address":"13507.0 120 STREET NW","assessed_value":304500},{"address":"2.0 VALLEYVIEW CRESCENT NW","assessed_value":2229000},{"address":"15030.0 108 AVENUE NW","assessed_value":3500},{"address":"13007.0 128 STREET NW","assessed_value":271500},{"address":"15116.0 117 AVENUE NW","assessed_value":184500},{"address":"17431.0 57 AVENUE NW","assessed_value":448000},{"address":"7412.0 181 STREET NW","assessed_value":364000},{"address":"12347.0 131 STREET NW","assessed_value":393000},{"address":"13611.0 136 STREET NW","assessed_value":375000},{"address":"13315.0 114 STREET NW","assessed_value":306000},{"address":"12758.0 117 STREET NW","assessed_value":274000},{"address":"11312.0 131 AVENUE NW","assessed_value":233500},{"address":"9411.0 173 STREET NW","assessed_value":374000},{"address":"17960.0 78 AVENUE NW","assessed_value":346500},{"address":"11415.0 168 STREET NW","assessed_value":8941500},{"address":"18606.0 92 AVENUE NW","assessed_value":402000},{"address":"17924.0 63 AVENUE NW","assessed_value":424500},{"address":"14603.0 82 AVENUE NW","assessed_value":525000},{"address":"7612.0 181 STREET NW","assessed_value":414000},{"address":"12824.0 123 STREET NW","assessed_value":226500},{"address":"301.0 WILLOW COURT NW","assessed_value":149000},{"address":"13626.0 106A AVENUE NW","assessed_value":521000},{"address":"13131.0 122 AVENUE NW","assessed_value":316500},{"address":"13033.0 135 STREET NW","assessed_value":9000},{"address":"12315.0 137 AVENUE NW","assessed_value":268500},{"address":"18615.0 62A AVENUE NW","assessed_value":447500},{"address":"11031.0 150 STREET NW","assessed_value":331500},{"address":"15010.0 102 AVENUE NW","assessed_value":410500},{"address":"9312.0 187 STREET NW","assessed_value":416500},{"address":"434.0 WILLOW COURT NW","assessed_value":149000},{"address":"14319.0 98 AVENUE NW","assessed_value":535000},{"address":"10531.0 135 STREET NW","assessed_value":558500},{"address":"17052.0 67 AVENUE NW","assessed_value":231500},{"address":"14716.0 108 AVENUE NW","assessed_value":393500},{"address":"10985.0 165 STREET NW","assessed_value":399500},{"address":"7503.0 139 STREET NW","assessed_value":1115500},{"address":"12916.0 135 AVENUE NW","assessed_value":442500},{"address":"12235.0 ST ALBERT TRAIL NW","assessed_value":379500},{"address":"12023.0 130 STREET NW","assessed_value":392500},{"address":"14.0 WILLOWDALE PLACE NW","assessed_value":179500},{"address":"17316.0 106 AVENUE NW","assessed_value":501500},{"address":"18615.0 70 AVENUE NW","assessed_value":441500},{"address":"14019.0 88 AVENUE NW","assessed_value":1064000},{"address":"10986.0 164 STREET NW","assessed_value":332000},{"address":"203.0 WAHSTAO ROAD NW","assessed_value":647000},{"address":"13304.0 109 AVENUE NW","assessed_value":427500},{"address":"14320.0 99 AVENUE NW","assessed_value":1961000},{"address":"16410.0 104 AVENUE NW","assessed_value":346000},{"address":"8224.0 186 STREET NW","assessed_value":585500},{"address":"17935.0 62B AVENUE NW","assessed_value":406000},{"address":"14932.0 111 AVENUE NW","assessed_value":1181000},{"address":"13015.0 123A STREET NW","assessed_value":277000},{"address":"10726.0 128 STREET NW","assessed_value":621500},{"address":"16411.0 109 AVENUE NW","assessed_value":339500},{"address":"10811.0 155 STREET NW","assessed_value":358000},{"address":"7607.0 172 STREET NW","assessed_value":88500},{"address":"17317.0 82 AVENUE NW","assessed_value":290500},{"address":"8427.0 187 STREET NW","assessed_value":413000},{"address":"15211.0 109 AVENUE NW","assessed_value":323500},{"address":"13904.0 80 AVENUE NW","assessed_value":687500},{"address":"10407.0 144 STREET NW","assessed_value":386000},{"address":"14240.0 118 AVENUE NW","assessed_value":1847000},{"address":"17913.0 98A AVENUE NW","assessed_value":313000},{"address":"11828.0 131 AVENUE NW","assessed_value":323500},{"address":"241.0 CALLINGWOOD TWO NW","assessed_value":177000},{"address":"368.0 LESSARD DRIVE NW","assessed_value":466500},{"address":"14712.0 88 AVENUE NW","assessed_value":438500},{"address":"14524.0 107A AVENUE NW","assessed_value":409500},{"address":"9004.0 148 STREET NW","assessed_value":497000},{"address":"14004.0 90 AVENUE NW","assessed_value":826500},{"address":"17915.0 80A AVENUE NW","assessed_value":400000},{"address":"8435.0 187 STREET NW","assessed_value":405500},{"address":"8023.0 172 STREET NW","assessed_value":388000},{"address":"8816.0 143 STREET NW","assessed_value":529000},{"address":"13003.0 SHERBROOKE AVENUE NW","assessed_value":311000},{"address":"13512.0 114 STREET NW","assessed_value":309500},{"address":"15835.0 116 AVENUE NW","assessed_value":1845500},{"address":"9421.0 144 STREET NW","assessed_value":1725500},{"address":"18714.0 62B AVENUE NW","assessed_value":569000},{"address":"14207.0 115 AVENUE NW","assessed_value":1033000},{"address":"344.0 LESSARD DRIVE NW","assessed_value":556500},{"address":"13604.0 136 AVENUE NW","assessed_value":301000},{"address":"7.0 VALLEYVIEW CRESCENT NW","assessed_value":1885500},{"address":"18604.0 71 AVENUE NW","assessed_value":435000},{"address":"10414.0 147 STREET NW","assessed_value":862000},{"address":"18414.0 62B AVENUE NW","assessed_value":170500},{"address":"10334.0 145 STREET NW","assessed_value":469000},{"address":"12723.0 135 STREET NW","assessed_value":329000},{"address":"15971.0 106A AVENUE NW","assessed_value":284500},{"address":"7815.0 142 STREET NW","assessed_value":660500},{"address":"12007.0 134 AVENUE NW","assessed_value":361000},{"address":"9012.0 146 STREET NW","assessed_value":513500},{"address":"6630.0 187 STREET NW","assessed_value":441500},{"address":"14601.0 128 AVENUE NW","assessed_value":82000},{"address":"17927.0 63 AVENUE NW","assessed_value":388000},{"address":"15831.0 110A AVENUE NW","assessed_value":308500},{"address":"8215.0 182 STREET NW","assessed_value":205000},{"address":"10828.0 148 STREET NW","assessed_value":364500},{"address":"9840.0 182 STREET NW","assessed_value":391500},{"address":"13402.0 108 AVENUE NW","assessed_value":429500},{"address":"10408.0 149 STREET NW","assessed_value":3500}]