[{"address":"508.0 GRIESBACH PARADE NW","assessed_value":250500},{"address":"5922.0 ANTHONY CRESCENT SW","assessed_value":475000},{"address":"3621.0 8 AVENUE SW","assessed_value":455500},{"address":"2803.0 JAMES MOWATT TRAIL SW","assessed_value":320500},{"address":"11969.0 JASPER AVENUE NW","assessed_value":2146500},{"address":"13010.0 121 STREET NW","assessed_value":454500},{"address":"111.0 WATT COMMON SW","assessed_value":182000},{"address":"nan nan","assessed_value":18000},{"address":"20734.0 98A AVENUE NW","assessed_value":528500},{"address":"nan nan","assessed_value":8500},{"address":"1140.0 CHAPPELLE BOULEVARD SW","assessed_value":315000},{"address":"3304.0 11 AVENUE NW","assessed_value":814500},{"address":"1004.0 ROSENTHAL BOULEVARD NW","assessed_value":203000},{"address":"838.0 35A AVENUE NW","assessed_value":407000},{"address":"8111.0 CHAPPELLE WAY SW","assessed_value":396500},{"address":"8407.0 219 STREET NW","assessed_value":815500},{"address":"nan nan","assessed_value":9000},{"address":"nan nan","assessed_value":12000},{"address":"2610.0 22 AVENUE NW","assessed_value":487000},{"address":"2435.0 90B STREET SW","assessed_value":612500},{"address":"8154.0 CHAPPELLE WAY SW","assessed_value":376000},{"address":"17119.0 81 STREET NW","assessed_value":568000},{"address":"nan nan","assessed_value":41000},{"address":"nan nan","assessed_value":9500},{"address":"119.0 STREET NW","assessed_value":458500},{"address":"511.0 EBBERS WAY NW","assessed_value":370000},{"address":"2803.0 JAMES MOWATT TRAIL SW","assessed_value":276500},{"address":"nan nan","assessed_value":8000},{"address":"7503.0 GETTY GATE NW","assessed_value":307000},{"address":"10404.0 105 AVENUE NW","assessed_value":1667000},{"address":"8072.0 EVANS CRESCENT NW","assessed_value":425500},{"address":"2018.0 PRICE LANDING SW","assessed_value":385500},{"address":"807.0 177 STREET SW","assessed_value":739500},{"address":"7220.0 MORGAN ROAD NW","assessed_value":445000},{"address":"3503.0 CHERRY LANDING SW","assessed_value":398000},{"address":"5515.0 7 AVENUE SW","assessed_value":194000},{"address":"9129.0 COOPER CRESCENT SW","assessed_value":482500},{"address":"419.0 ORCHARDS BOULEVARD SW","assessed_value":395000},{"address":"812.0 WELSH DRIVE SW","assessed_value":230500},{"address":"nan nan","assessed_value":40500},{"address":"2012.0 15 AVENUE NW","assessed_value":487000},{"address":"5510.0 SCHONSEE DRIVE NW","assessed_value":195500},{"address":"812.0 WELSH DRIVE SW","assessed_value":185000},{"address":"1915.0 15 AVENUE NW","assessed_value":471000},{"address":"320.0 AMBLESIDE LINK SW","assessed_value":220000},{"address":"4430.0 5A STREET NW","assessed_value":436000},{"address":"2322.0 CASSIDY WAY SW","assessed_value":609500},{"address":"2526.0 CASEY WAY SW","assessed_value":421000},{"address":"5137.0 CHAPPELLE ROAD SW","assessed_value":387500},{"address":"20736.0 98 AVENUE NW","assessed_value":567500},{"address":"nan nan","assessed_value":8500},{"address":"3625.0 144 AVENUE NW","assessed_value":293000},{"address":"1144.0 ADAMSON DRIVE SW","assessed_value":197000},{"address":"2018.0 CAVANAGH DRIVE SW","assessed_value":380000},{"address":"217.0 41 AVENUE NW","assessed_value":438000},{"address":"12203.0 177 AVENUE NW","assessed_value":419000},{"address":"625.0 LEGER WAY NW","assessed_value":405500},{"address":"1276.0 DANIELS CRESCENT SW","assessed_value":446000},{"address":"nan nan","assessed_value":11000},{"address":"7205.0 81 AVENUE NW","assessed_value":480000},{"address":"nan nan","assessed_value":10500},{"address":"nan nan","assessed_value":5000},{"address":"8136.0 225 STREET NW","assessed_value":539500},{"address":"10750.0 76 AVENUE NW","assessed_value":441000},{"address":"6523.0 172 AVENUE NW","assessed_value":411000},{"address":"3414.0 CHICKADEE DRIVE NW","assessed_value":584000},{"address":"4069.0 PROWSE LANE SW","assessed_value":403500},{"address":"18122.0 77 STREET NW","assessed_value":175500},{"address":"nan nan","assessed_value":12000},{"address":"770.0 EAGLESON CRESCENT NW","assessed_value":463500},{"address":"5151.0 WINDERMERE BOULEVARD SW","assessed_value":504000},{"address":"6523.0 ELSTON LOOP NW","assessed_value":535000},{"address":"1044.0 WALKOWSKI PLACE NW","assessed_value":869500},{"address":"274.0 MCCONACHIE DRIVE NW","assessed_value":170000},{"address":"16905.0 60 STREET NW","assessed_value":444500},{"address":"3477.0 KESWICK BOULEVARD SW","assessed_value":1476500},{"address":"nan nan","assessed_value":8000},{"address":"4155.0 CHARLES LINK SW","assessed_value":585500},{"address":"3655.0 HUMMINGBIRD WAY NW","assessed_value":397500},{"address":"nan nan","assessed_value":4500},{"address":"723.0 172 STREET SW","assessed_value":322500},{"address":"nan nan","assessed_value":6000},{"address":"21849.0 98A AVENUE NW","assessed_value":504500},{"address":"nan nan","assessed_value":9500},{"address":"1359.0 WATT DRIVE SW","assessed_value":504500},{"address":"1527.0 168 STREET SW","assessed_value":585500},{"address":"8515.0 CUSHING PLACE SW","assessed_value":408000},{"address":"11080.0 ELLERSLIE ROAD SW","assessed_value":276000},{"address":"20736.0 99 AVENUE NW","assessed_value":447500},{"address":"2631.0 20 AVENUE NW","assessed_value":477000},{"address":"922.0 173A STREET SW","assessed_value":671500},{"address":"5029.0 EDGEMONT BOULEVARD NW","assessed_value":358000},{"address":"2716.0 11 STREET NW","assessed_value":548000},{"address":"16712.0 15 AVENUE SW","assessed_value":433500},{"address":"6729.0 ELSTON LANE NW","assessed_value":458500},{"address":"9515.0 160 AVENUE NW","assessed_value":304500},{"address":"15709.0 139 STREET NW","assessed_value":221000},{"address":"2674.0 MAPLE WAY NW","assessed_value":450000},{"address":"2011.0 WARE ROAD NW","assessed_value":670500},{"address":"nan nan","assessed_value":6000},{"address":"2611.0 20 AVENUE NW","assessed_value":490500},{"address":"283.0 CY BECKER BOULEVARD NW","assessed_value":631000},{"address":"5515.0 7 AVENUE SW","assessed_value":140500},{"address":"8425.0 117 STREET NW","assessed_value":24485500},{"address":"503.0 ALBANY WAY NW","assessed_value":234500},{"address":"5390.0 CHAPPELLE ROAD SW","assessed_value":126000},{"address":"111.0 WATT COMMON SW","assessed_value":171500},{"address":"2265.0 CASEY CRESCENT SW","assessed_value":447500},{"address":"nan nan","assessed_value":4500},{"address":"nan nan","assessed_value":9500},{"address":"nan nan","assessed_value":12500},{"address":"8595.0 CUSHING PLACE SW","assessed_value":428500},{"address":"4008.0 SAVARYN DRIVE SW","assessed_value":226000},{"address":"503.0 ALBANY WAY NW","assessed_value":222500},{"address":"5390.0 CHAPPELLE ROAD SW","assessed_value":129500},{"address":"nan nan","assessed_value":4500},{"address":"3315.0 JAMES MOWATT TRAIL SW","assessed_value":151000},{"address":"8919.0 24 AVENUE SW","assessed_value":732500},{"address":"10238.0 103 STREET NW","assessed_value":794000},{"address":"10126.0 144 STREET NW","assessed_value":269500},{"address":"8037.0 CHAPPELLE WAY SW","assessed_value":396500},{"address":"nan nan","assessed_value":12000},{"address":"12660.0 142 AVENUE NW","assessed_value":156000},{"address":"nan nan","assessed_value":8500},{"address":"1415.0 167 STREET SW","assessed_value":490500},{"address":"309.0 DESROCHERS BOULEVARD SW","assessed_value":381000},{"address":"nan nan","assessed_value":12000},{"address":"3090.0 CAMERON HEIGHTS WAY NW","assessed_value":574500},{"address":"nan nan","assessed_value":8000},{"address":"1132.0 WAHL PLACE NW","assessed_value":1515500},{"address":"7385.0 EDGEMONT WAY NW","assessed_value":291000},{"address":"9459.0 227 STREET NW","assessed_value":582000},{"address":"nan nan","assessed_value":14500},{"address":"15920.0 13 AVENUE SW","assessed_value":484500},{"address":"5213.0 20 AVENUE SW","assessed_value":412000},{"address":"415.0 CLAREVIEW ROAD NW","assessed_value":287000},{"address":"17704.0 59 STREET NW","assessed_value":478000},{"address":"2607.0 17 AVENUE NW","assessed_value":757000},{"address":"18126.0 77 STREET NW","assessed_value":129500},{"address":"625.0 LEGER WAY NW","assessed_value":405000},{"address":"2427.0 90B STREET SW","assessed_value":783000},{"address":"2340.0 89 STREET SW","assessed_value":687500},{"address":"nan nan","assessed_value":9000},{"address":"nan nan","assessed_value":12500},{"address":"11214.0 122 STREET NW","assessed_value":499000},{"address":"842.0 EBBERS CRESCENT NW","assessed_value":452500},{"address":"901.0 EBBERS CRESCENT NW","assessed_value":397500},{"address":"18122.0 77 STREET NW","assessed_value":165500},{"address":"4879.0 WRIGHT DRIVE SW","assessed_value":606500},{"address":"22503.0 98 AVENUE NW","assessed_value":403500},{"address":"111.0 WATT COMMON SW","assessed_value":187000},{"address":"1289.0 PEREGRINE TERRACE NW","assessed_value":983000},{"address":"8436.0 219 STREET NW","assessed_value":627000},{"address":"2220.0 22 AVENUE NW","assessed_value":402500},{"address":"6756.0 ELSTON LANE NW","assessed_value":612000},{"address":"nan nan","assessed_value":8500},{"address":"nan nan","assessed_value":12500},{"address":"nan nan","assessed_value":6000},{"address":"nan nan","assessed_value":12500},{"address":"16031.0 13 AVENUE SW","assessed_value":472500},{"address":"nan nan","assessed_value":8500},{"address":"1410.0 169 STREET SW","assessed_value":456500},{"address":"2218.0 86 STREET SW","assessed_value":387500},{"address":"18122.0 77 STREET NW","assessed_value":164000},{"address":"11840.0 26 AVENUE SW","assessed_value":933500},{"address":"5390.0 CHAPPELLE ROAD SW","assessed_value":163500},{"address":"261.0 DESROCHERS BOULEVARD SW","assessed_value":396500},{"address":"5706.0 GREENOUGH LANDING NW","assessed_value":761500},{"address":"5887.0 ANTHONY CRESCENT SW","assessed_value":387500},{"address":"10238.0 103 STREET NW","assessed_value":310000},{"address":"1031.0 173 STREET SW","assessed_value":167500},{"address":"4008.0 SAVARYN DRIVE SW","assessed_value":236500},{"address":"nan nan","assessed_value":12000},{"address":"nan nan","assessed_value":8500},{"address":"713.0 CHARLESWORTH WAY SW","assessed_value":537000},{"address":"8525.0 91 STREET NW","assessed_value":386000},{"address":"nan nan","assessed_value":12000},{"address":"1720.0 162 STREET SW","assessed_value":626000},{"address":"nan nan","assessed_value":8000},{"address":"nan nan","assessed_value":8500},{"address":"1624.0 18 STREET NW","assessed_value":661500},{"address":"317.0 EDGEMONT ROAD NW","assessed_value":408000},{"address":"2106.0 AUXIER COURT SW","assessed_value":611000},{"address":"nan nan","assessed_value":9500},{"address":"10811.0 72 AVENUE NW","assessed_value":304000},{"address":"nan nan","assessed_value":12000},{"address":"7209.0 MORGAN ROAD NW","assessed_value":419500},{"address":"nan nan","assessed_value":9000},{"address":"nan nan","assessed_value":12500},{"address":"11969.0 JASPER AVENUE NW","assessed_value":202500},{"address":"9223.0 152 STREET NW","assessed_value":530500},{"address":"2546.0 ORCHARDS WAY SW","assessed_value":400000},{"address":"9535.0 217 STREET NW","assessed_value":311000},{"address":"nan nan","assessed_value":9500},{"address":"17707.0 59 STREET NW","assessed_value":457000},{"address":"344.0 WINDERMERE ROAD NW","assessed_value":200500},{"address":"nan nan","assessed_value":6000},{"address":"10226.0 104 STREET NW","assessed_value":262000},{"address":"3734.0 WEIDLE CRESCENT SW","assessed_value":485000},{"address":"12650.0 142 AVENUE NW","assessed_value":201000},{"address":"1115.0 33A STREET NW","assessed_value":477000},{"address":"nan nan","assessed_value":12000},{"address":"nan nan","assessed_value":12500},{"address":"nan nan","assessed_value":6000},{"address":"2566.0 CASEY WAY SW","assessed_value":405000},{"address":"17330.0 76 STREET NW","assessed_value":328000},{"address":"nan nan","assessed_value":12500},{"address":"1537.0 21 STREET NW","assessed_value":460500},{"address":"12404.0 122 AVENUE NW","assessed_value":294000},{"address":"2915.0 KOSTASH DRIVE SW","assessed_value":610000},{"address":"nan nan","assessed_value":12500},{"address":"381.0 CY BECKER BOULEVARD NW","assessed_value":725500},{"address":"nan nan","assessed_value":12500},{"address":"17711.0 13 AVENUE SW","assessed_value":411500},{"address":"2148.0 27 STREET NW","assessed_value":874500},{"address":"17720.0 58 STREET NW","assessed_value":461500},{"address":"415.0 CLAREVIEW ROAD NW","assessed_value":296000},{"address":"nan nan","assessed_value":12000},{"address":"12660.0 142 AVENUE NW","assessed_value":160500},{"address":"22222.0 89 AVENUE NW","assessed_value":432500},{"address":"237.0 GRIESBACH ROAD NW","assessed_value":553500},{"address":"nan nan","assessed_value":8500},{"address":"667.0 WATT BOULEVARD NW","assessed_value":199000},{"address":"5621.0 22 AVENUE SW","assessed_value":722000},{"address":"nan nan","assessed_value":40500},{"address":"nan nan","assessed_value":12000},{"address":"8513.0 24 AVENUE SW","assessed_value":440000},{"address":"nan nan","assessed_value":5500},{"address":"nan nan","assessed_value":12000},{"address":"5623.0 22A AVENUE SW","assessed_value":610000},{"address":"2905.0 141 STREET SW","assessed_value":335500},{"address":"18126.0 77 STREET NW","assessed_value":163000},{"address":"nan nan","assessed_value":12000},{"address":"nan nan","assessed_value":12500},{"address":"5203.0 149 AVENUE NW","assessed_value":266000},{"address":"1004.0 ROSENTHAL BOULEVARD NW","assessed_value":266500},{"address":"5163.0 CRABAPPLE LINK SW","assessed_value":741500},{"address":"3112.0 15 AVENUE NW","assessed_value":373000},{"address":"4012.0 KENNEDY CLOSE SW","assessed_value":640000},{"address":"4242.0 PROWSE WAY SW","assessed_value":383500},{"address":"1144.0 ADAMSON DRIVE SW","assessed_value":194500},{"address":"17326.0 76 STREET NW","assessed_value":306500},{"address":"2028.0 WARE ROAD NW","assessed_value":659000},{"address":"348.0 WINDERMERE ROAD NW","assessed_value":202500},{"address":"17609.0 124 STREET NW","assessed_value":420500},{"address":"270.0 MCCONACHIE DRIVE NW","assessed_value":166000},{"address":"nan nan","assessed_value":41000},{"address":"nan nan","assessed_value":644500},{"address":"13003.0 132 AVENUE NW","assessed_value":255500},{"address":"859.0 EBBERS CRES NW","assessed_value":436500},{"address":"1503.0 161 STREET SW","assessed_value":662500},{"address":"13128.0 208 STREET NW","assessed_value":576500},{"address":"2128.0 KOSHAL WAY SW","assessed_value":589000},{"address":"1144.0 ADAMSON DRIVE SW","assessed_value":283000},{"address":"8209.0 217 STREET NW","assessed_value":325500},{"address":"17712.0 59 STREET NW","assessed_value":442000},{"address":"9387.0 COOPER BEND SW","assessed_value":634500},{"address":"nan nan","assessed_value":12000},{"address":"2008.0 24 STREET NW","assessed_value":460000},{"address":"17852.0 9 AVENUE SW","assessed_value":573000},{"address":"577.0 BUTTERWORTH WAY NW","assessed_value":554000},{"address":"nan nan","assessed_value":10500},{"address":"18122.0 77 STREET NW","assessed_value":181000},{"address":"625.0 LEGER WAY NW","assessed_value":390500},{"address":"nan nan","assessed_value":6000},{"address":"1043.0 EAST BEND NW","assessed_value":472500},{"address":"nan nan","assessed_value":9000},{"address":"nan nan","assessed_value":6000},{"address":"2122.0 57 STREET SW","assessed_value":637500},{"address":"2435.0 90B STREET SW","assessed_value":548000},{"address":"6519.0 174 AVENUE NW","assessed_value":689500},{"address":"2787.0 COUGHLAN GREEN SW","assessed_value":408500},{"address":"16439.0 17 AVENUE SW","assessed_value":622000},{"address":"3212.0 11 AVENUE NW","assessed_value":658000},{"address":"4450.0 6A STREET NW","assessed_value":414500},{"address":"17611.0 122 STREET NW","assessed_value":689000},{"address":"5169.0 CHAPPELLE ROAD SW","assessed_value":402500},{"address":"nan nan","assessed_value":12000},{"address":"nan nan","assessed_value":12000},{"address":"2452.0 13 STREET NW","assessed_value":611000},{"address":"498.0 EBBERS WAY NW","assessed_value":418500},{"address":"18122.0 77 STREET NW","assessed_value":149000},{"address":"6718.0 ELSTON LANE NW","assessed_value":531500},{"address":"5810.0 MULLEN PLACE NW","assessed_value":215000},{"address":"6958.0 76 AVENUE NW","assessed_value":269500},{"address":"16403.0 15 AVENUE SW","assessed_value":563000},{"address":"nan nan","assessed_value":5500},{"address":"17445.0 9A AVENUE SW","assessed_value":553000},{"address":"2524.0 20 AVENUE NW","assessed_value":500500},{"address":"5151.0 WINDERMERE BOULEVARD SW","assessed_value":230500},{"address":"22212.0 88 AVENUE NW","assessed_value":440500},{"address":"22438.0 99A AVENUE NW","assessed_value":534500},{"address":"nan nan","assessed_value":4500},{"address":"481.0 CRYSTALLINA NERA DRIVE NW","assessed_value":611000},{"address":"nan nan","assessed_value":8000},{"address":"4079.0 PROWSE LANE SW","assessed_value":427500},{"address":"1221.0 MCCONACHIE BOULEVARD NW","assessed_value":28500},{"address":"323.0 42 AVENUE NW","assessed_value":439000},{"address":"20828.0 130 AVENUE NW","assessed_value":559000},{"address":"nan nan","assessed_value":12500},{"address":"2009.0 15 AVENUE NW","assessed_value":483500},{"address":"15709.0 139 STREET NW","assessed_value":190000},{"address":"nan nan","assessed_value":3000},{"address":"3814.0 171A AVENUE NW","assessed_value":426000},{"address":"4218.0 KENNEDY COURT SW","assessed_value":952000},{"address":"3923.0 5 STREET NW","assessed_value":621500},{"address":"15624.0 97 AVENUE NW","assessed_value":371500},{"address":"904.0 WOOD PLACE NW","assessed_value":771500},{"address":"3706.0 WEIDLE CRESCENT SW","assessed_value":437000},{"address":"320.0 AMBLESIDE LINK SW","assessed_value":212000},{"address":"4029.0 ORCHARDS DRIVE SW","assessed_value":302500},{"address":"4009.0 BLACKBIRD LINK NW","assessed_value":386500},{"address":"5151.0 WINDERMERE BOULEVARD SW","assessed_value":238500},{"address":"2229.0 44 AVENUE NW","assessed_value":186500},{"address":"5521.0 7 AVENUE SW","assessed_value":173500},{"address":"17330.0 65A STREET NW","assessed_value":558000},{"address":"320.0 SECORD BOULEVARD NW","assessed_value":344500},{"address":"2734.0 COUGHLAN GREEN SW","assessed_value":415000},{"address":"1632.0 158 STREET SW","assessed_value":632500},{"address":"nan nan","assessed_value":5500},{"address":"9931.0 224 STREET NW","assessed_value":533000},{"address":"nan nan","assessed_value":6000},{"address":"6912.0 JOHNNIE CAINE WAY NW","assessed_value":975000},{"address":"nan nan","assessed_value":41000},{"address":"3315.0 JAMES MOWATT TRAIL SW","assessed_value":160000},{"address":"nan nan","assessed_value":9500},{"address":"348.0 WINDERMERE ROAD NW","assessed_value":148000},{"address":"1510.0 WATT DRIVE SW","assessed_value":180000},{"address":"16332.0 18 AVENUE SW","assessed_value":641000},{"address":"nan nan","assessed_value":4500},{"address":"3315.0 JAMES MOWATT TRAIL SW","assessed_value":159500},{"address":"nan nan","assessed_value":12000},{"address":"3668.0 HUMMINGBIRD WAY NW","assessed_value":632500},{"address":"nan nan","assessed_value":10500},{"address":"913.0 174A STREET SW","assessed_value":570500},{"address":"8407.0 24 AVENUE SW","assessed_value":448500},{"address":"6829.0 EVANS WYND NW","assessed_value":427000},{"address":"6144.0 ROSENTHAL WAY NW","assessed_value":386000},{"address":"104.0 ALLARD LINK SW","assessed_value":437000},{"address":"1925.0 24 STREET NW","assessed_value":408500},{"address":"2468.0 GLENRIDDING BOULEVARD SW","assessed_value":374000},{"address":"655.0 WATT BOULEVARD SW","assessed_value":335500},{"address":"nan nan","assessed_value":5000},{"address":"460.0 42 AVENUE NW","assessed_value":666500},{"address":"nan nan","assessed_value":5000},{"address":"12120.0 125 STREET NW","assessed_value":387500},{"address":"3418.0 CHERRY WAY SW","assessed_value":560000},{"address":"1323.0 30 STREET NW","assessed_value":551000},{"address":"274.0 MCCONACHIE DRIVE NW","assessed_value":123500},{"address":"3625.0 144 AVENUE NW","assessed_value":286000},{"address":"2908.0 151 AVENUE NW","assessed_value":254500},{"address":"8526.0 CUSHING PLACE SW","assessed_value":483500},{"address":"1395.0 SECORD LANDING NW","assessed_value":559000},{"address":"nan nan","assessed_value":41000},{"address":"1658.0 DAVIDSON GREEN SW","assessed_value":586500},{"address":"12607.0 45 STREET NW","assessed_value":352500},{"address":"2318.0 22 AVENUE NW","assessed_value":397000},{"address":"nan nan","assessed_value":4500},{"address":"nan nan","assessed_value":12500},{"address":"nan nan","assessed_value":8500},{"address":"5223.0 22 AVENUE SW","assessed_value":414500},{"address":"5370.0 CHAPPELLE ROAD SW","assessed_value":127000},{"address":"nan nan","assessed_value":14500},{"address":"348.0 WINDERMERE ROAD NW","assessed_value":193500},{"address":"12122.0 101 STREET NW","assessed_value":481000},{"address":"22844.0 94B AVENUE NW","assessed_value":571500},{"address":"2355.0 CASSIDY WAY SW","assessed_value":595500},{"address":"11080.0 ELLERSLIE ROAD SW","assessed_value":281500},{"address":"22115.0 89 AVENUE NW","assessed_value":515500},{"address":"2560.0 PEGASUS BOULEVARD NW","assessed_value":251500},{"address":"1108.0 WAHL PLACE NW","assessed_value":1159000},{"address":"2004.0 TRUMPETER WAY NW","assessed_value":309500},{"address":"5029.0 EDGEMONT BOULEVARD NW","assessed_value":365500},{"address":"2665.0 MAPLE WAY NW","assessed_value":398500},{"address":"10226.0 104 STREET NW","assessed_value":171500},{"address":"1411.0 26 AVENUE NW","assessed_value":428000},{"address":"20608.0 93 AVENUE NW","assessed_value":199000},{"address":"22437.0 99A AVENUE NW","assessed_value":546500},{"address":"nan nan","assessed_value":9500},{"address":"1140.0 CHAPPELLE BOULEVARD SW","assessed_value":296000},{"address":"8155.0 CHAPPELLE WAY SW","assessed_value":376000},{"address":"932.0 EBBERS CRESCENT NW","assessed_value":565000},{"address":"12650.0 142 AVENUE NW","assessed_value":210000},{"address":"nan nan","assessed_value":40500},{"address":"1005.0 GRAYDON HILL BOULEVARD SW","assessed_value":336500},{"address":"nan nan","assessed_value":14500},{"address":"1927.0 24 STREET NW","assessed_value":392500},{"address":"5370.0 CHAPPELLE ROAD SW","assessed_value":158500},{"address":"17527.0 122 STREET NW","assessed_value":695500},{"address":"2905.0 141 STREET SW","assessed_value":316500},{"address":"4137.0 CHARLES LINK SW","assessed_value":15000},{"address":"9752.0 223 STREET NW","assessed_value":679000},{"address":"nan nan","assessed_value":40500},{"address":"896.0 EBBERS CRESCENT NW","assessed_value":557000},{"address":"6015.0 168 AVENUE NW","assessed_value":636000},{"address":"2231.0 21 AVENUE NW","assessed_value":600500},{"address":"813.0 WINDERMERE WYND NW","assessed_value":627500},{"address":"1325.0 CHAPPELLE BOULEVARD SW","assessed_value":445500},{"address":"1094.0 GAULT BOULEVARD NW","assessed_value":394500},{"address":"270.0 MCCONACHIE DRIVE NW","assessed_value":159000},{"address":"222.0 HAWKS RIDGE BOULEVARD NW","assessed_value":389000},{"address":"1510.0 WATT DRIVE SW","assessed_value":216000},{"address":"5515.0 7 AVENUE SW","assessed_value":200000},{"address":"2255.0 CASEY CRESCENT SW","assessed_value":444500},{"address":"814.0 EBBERS CRESCENT NW","assessed_value":480500},{"address":"17918.0 9A AVENUE SW","assessed_value":598000},{"address":"16415.0 12 AVENUE SW","assessed_value":640500},{"address":"1741.0 27 STREET NW","assessed_value":432500},{"address":"8419.0 CUSHING COURT SW","assessed_value":454000},{"address":"11080.0 ELLERSLIE ROAD SW","assessed_value":263000},{"address":"1480.0 WATT DRIVE SW","assessed_value":339000},{"address":"5510.0 SCHONSEE DRIVE NW","assessed_value":196500},{"address":"17453.0 9A AVENUE SW","assessed_value":552500},{"address":"nan nan","assessed_value":12000},{"address":"nan nan","assessed_value":12500},{"address":"5804.0 MULLEN PLACE NW","assessed_value":135000},{"address":"1211.0 25 AVENUE NW","assessed_value":702500},{"address":"nan nan","assessed_value":6000},{"address":"426.0 1820 RUTHERFORD ROAD SW","assessed_value":199500},{"address":"931.0 EBBERS CRESCENT NW","assessed_value":409500},{"address":"1480.0 WATT DRIVE SW","assessed_value":348500},{"address":"nan nan","assessed_value":9500},{"address":"nan nan","assessed_value":8000},{"address":"7818.0 174 AVENUE NW","assessed_value":485500},{"address":"nan nan","assessed_value":12500},{"address":"1439.0 30 STREET NW","assessed_value":489000},{"address":"nan nan","assessed_value":12500},{"address":"3632.0 HUMMINGBIRD WAY NW","assessed_value":561500},{"address":"nan nan","assessed_value":8000},{"address":"508.0 GRIESBACH PARADE NW","assessed_value":240000},{"address":"nan nan","assessed_value":6500},{"address":"1252.0 25 AVENUE NW","assessed_value":580000},{"address":"172.0 DESROCHERS GATE SW","assessed_value":373000},{"address":"10238.0 103 STREET NW","assessed_value":186500},{"address":"2560.0 PEGASUS BOULEVARD NW","assessed_value":287000},{"address":"5816.0 MULLEN PLACE NW","assessed_value":180500},{"address":"2408.0 17 AVENUE NW","assessed_value":455000},{"address":"8103.0 77 AVENUE NW","assessed_value":447500},{"address":"nan nan","assessed_value":12500},{"address":"5390.0 CHAPPELLE ROAD SW","assessed_value":133500},{"address":"nan nan","assessed_value":12500},{"address":"9515.0 160 AVENUE NW","assessed_value":272500},{"address":"1209.0 WAHL COURT NW","assessed_value":1005500},{"address":"1213.0 STARLING DRIVE NW","assessed_value":694000},{"address":"13103.0 208 STREET NW","assessed_value":598500},{"address":"9462.0 230 STREET NW","assessed_value":402000},{"address":"842.0 EAGLESON LINK NW","assessed_value":452500},{"address":"2803.0 JAMES MOWATT TRAIL SW","assessed_value":320500},{"address":"2635.0 17 AVENUE NW","assessed_value":621500},{"address":"nan nan","assessed_value":12000},{"address":"3519.0 8 STREET NW","assessed_value":557000},{"address":"2754.0 ELLWOOD DRIVE SW","assessed_value":2876000},{"address":"15827.0 15 AVENUE SW","assessed_value":687000},{"address":"655.0 WATT BOULEVARD SW","assessed_value":304000},{"address":"nan nan","assessed_value":12000},{"address":"12632.0 44 STREET NW","assessed_value":173000},{"address":"1758.0 KEENE CRESCENT SW","assessed_value":386500},{"address":"nan nan","assessed_value":5500},{"address":"812.0 WELSH DRIVE SW","assessed_value":191500},{"address":"3203.0 13 AVENUE NW","assessed_value":535500},{"address":"nan nan","assessed_value":8000},{"address":"nan nan","assessed_value":8500},{"address":"5937.0 19A AVENUE SW","assessed_value":620000},{"address":"1061.0 COOPERS HAWK LINK NW","assessed_value":650000},{"address":"308.0 DESROCHERS BOULEVARD SW","assessed_value":407000},{"address":"nan nan","assessed_value":5500},{"address":"3835.0 170 AVENUE NW","assessed_value":386500},{"address":"nan nan","assessed_value":8500},{"address":"2146.0 52A STREET SW","assessed_value":409000},{"address":"nan nan","assessed_value":9500},{"address":"nan nan","assessed_value":9000},{"address":"2229.0 44 AVENUE NW","assessed_value":180000},{"address":"11722.0 123 STREET NW","assessed_value":477000},{"address":"nan nan","assessed_value":10500},{"address":"874.0 EBBERS CRESCENT NW","assessed_value":659500},{"address":"508.0 GRIESBACH PARADE NW","assessed_value":286000},{"address":"344.0 WINDERMERE ROAD NW","assessed_value":166500},{"address":"4008.0 SAVARYN DRIVE SW","assessed_value":165500},{"address":"18126.0 77 STREET NW","assessed_value":154000},{"address":"2905.0 141 STREET SW","assessed_value":316500},{"address":"21923.0 86 AVENUE NW","assessed_value":545500},{"address":"nan nan","assessed_value":7000},{"address":"nan nan","assessed_value":9000},{"address":"8209.0 217 STREET NW","assessed_value":314000},{"address":"9515.0 160 AVENUE NW","assessed_value":302000},{"address":"nan nan","assessed_value":8500},{"address":"9014.0 217 STREET NW","assessed_value":450500},{"address":"nan nan","assessed_value":8500},{"address":"16319.0 18 AVENUE SW","assessed_value":725000},{"address":"13111.0 208 STREET NW","assessed_value":628500},{"address":"3430.0 CHERRY WAY SW","assessed_value":465500},{"address":"nan nan","assessed_value":12500},{"address":"6507.0 ELSTON LOOP NW","assessed_value":499000},{"address":"1508.0 161 STREET SW","assessed_value":793000},{"address":"nan nan","assessed_value":12000},{"address":"nan nan","assessed_value":9000},{"address":"nan nan","assessed_value":10000},{"address":"8809.0 221 STREET NW","assessed_value":443500},{"address":"nan nan","assessed_value":12000},{"address":"nan nan","assessed_value":10500},{"address":"nan nan","assessed_value":5500},{"address":"nan nan","assessed_value":40500},{"address":"673.0 LEWIS GREENS DRIVE NW","assessed_value":414500},{"address":"15709.0 139 STREET NW","assessed_value":230500},{"address":"5816.0 MULLEN PLACE NW","assessed_value":185500},{"address":"nan nan","assessed_value":40500},{"address":"5857.0 ANTHONY CRESCENT SW","assessed_value":385500},{"address":"8515.0 81 AVENUE NW","assessed_value":503500},{"address":"1005.0 GRAYDON HILL BOULEVARD SW","assessed_value":329500},{"address":"503.0 ALBANY WAY NW","assessed_value":235000},{"address":"10126.0 144 STREET NW","assessed_value":266000},{"address":"nan nan","assessed_value":4500},{"address":"3766.0 WEIDLE CRESCENT SW","assessed_value":452000},{"address":"3420.0 CHICKADEE DRIVE NW","assessed_value":620000},{"address":"2766.0 COUGHLAN GREEN SW","assessed_value":391000},{"address":"2131.0 26 STREET NW","assessed_value":520000},{"address":"nan nan","assessed_value":9000},{"address":"nan nan","assessed_value":8500},{"address":"8838.0 91 STREET NW","assessed_value":611500},{"address":"15709.0 139 STREET NW","assessed_value":225000},{"address":"815.0 176 STREET SW","assessed_value":828000},{"address":"1508.0 105 STREET NW","assessed_value":329000},{"address":"nan nan","assessed_value":10000},{"address":"nan nan","assessed_value":40500},{"address":"2560.0 PEGASUS BOULEVARD NW","assessed_value":309000},{"address":"nan nan","assessed_value":4500},{"address":"17264.0 9 AVENUE SW","assessed_value":708000},{"address":"444.0 ORCHARDS BOULEVARD SW","assessed_value":407500},{"address":"462.0 EBBERS WAY NW","assessed_value":424000},{"address":"5140.0 CHAPPELLE ROAD SW","assessed_value":80000},{"address":"4425.0 KENNEDY COVE SW","assessed_value":1454000},{"address":"14175.0 162 AVENUE NW","assessed_value":654500},{"address":"5816.0 MULLEN PLACE NW","assessed_value":168500},{"address":"6465.0 ELSTON LOOP NW","assessed_value":597500},{"address":"1.0 KINGSWAY GARDEN MALL NW","assessed_value":218508000},{"address":"6857.0 EVANS WYND NW","assessed_value":453000},{"address":"2536.0 CASEY WAY SW","assessed_value":394500},{"address":"12143.0 107 STREET NW","assessed_value":510500},{"address":"6122.0 171 AVENUE NW","assessed_value":445000},{"address":"1284.0 PEREGRINE TERRACE NW","assessed_value":593000},{"address":"nan nan","assessed_value":14500},{"address":"672.0 HOWATT DRIVE SW","assessed_value":1436500},{"address":"11338.0 126 STREET NW","assessed_value":633000},{"address":"7385.0 EDGEMONT WAY NW","assessed_value":308000},{"address":"nan nan","assessed_value":10500},{"address":"6915.0 108 STREET NW","assessed_value":543500},{"address":"9842.0 207A STREET NW","assessed_value":519500},{"address":"nan nan","assessed_value":9500},{"address":"7891.0 170A AVENUE NW","assessed_value":392500},{"address":"nan nan","assessed_value":8000},{"address":"2803.0 JAMES MOWATT TRAIL SW","assessed_value":306000},{"address":"5515.0 7 AVENUE SW","assessed_value":171500},{"address":"3670.0 139 AVENUE NW","assessed_value":145000},{"address":"7385.0 EDGEMONT WAY NW","assessed_value":317500},{"address":"nan nan","assessed_value":8000},{"address":"1272.0 AINSLIE WAY SW","assessed_value":812000},{"address":"nan nan","assessed_value":10500},{"address":"2352.0 CASSIDY WAY SW","assessed_value":816500},{"address":"6520.0 2 AVENUE SW","assessed_value":262500},{"address":"15803.0 15 AVENUE SW","assessed_value":664000},{"address":"4470.0 PROWSE ROAD SW","assessed_value":292000},{"address":"4141.0 KENNEDY GREEN SW","assessed_value":1182000},{"address":"nan nan","assessed_value":12000},{"address":"1805.0 KEENE CRESCENT SW","assessed_value":452500},{"address":"4230.0 VETERANS WAY NW","assessed_value":1102500},{"address":"nan nan","assessed_value":12000},{"address":"5133.0 CRABAPPLE LINK SW","assessed_value":582000},{"address":"3504.0 9 STREET NW","assessed_value":436000},{"address":"nan nan","assessed_value":8500},{"address":"nan nan","assessed_value":4500},{"address":"4010.0 BLACKBIRD LINK NW","assessed_value":374000},{"address":"3330.0 15A AVENUE NW","assessed_value":326500},{"address":"7385.0 EDGEMONT WAY NW","assessed_value":311000},{"address":"22211.0 89 AVENUE NW","assessed_value":461000},{"address":"10238.0 103 STREET NW","assessed_value":183000},{"address":"10226.0 104 STREET NW","assessed_value":303500},{"address":"807.0 180 STREET SW","assessed_value":846500},{"address":"10408.0 155 STREET NW","assessed_value":374500},{"address":"11326.0 125 STREET NW","assessed_value":726000},{"address":"4029.0 ORCHARDS DRIVE SW","assessed_value":295000},{"address":"5510.0 SCHONSEE DRIVE NW","assessed_value":206000},{"address":"8525.0 91 STREET NW","assessed_value":376000},{"address":"8731.0 221 STREET NW","assessed_value":469000},{"address":"nan nan","assessed_value":40500},{"address":"10418.0 81 AVENUE NW","assessed_value":204500},{"address":"2447.0 13 STREET NW","assessed_value":659000},{"address":"12650.0 142 AVENUE NW","assessed_value":202000},{"address":"12815.0 CUMBERLAND ROAD NW","assessed_value":336500},{"address":"5370.0 CHAPPELLE ROAD SW","assessed_value":131500},{"address":"2323.0 89 STREET SW","assessed_value":682500},{"address":"1330.0 CHAPPELLE BOULEVARD SW","assessed_value":375500},{"address":"5220.0 CRABAPPLE LINK SW","assessed_value":406000},{"address":"1713.0 27 STREET NW","assessed_value":440500},{"address":"1510.0 WATT DRIVE SW","assessed_value":168500},{"address":"16537.0 130A STREET NW","assessed_value":325500},{"address":"9187.0 COOPER CRESCENT SW","assessed_value":441000},{"address":"3315.0 JAMES MOWATT TRAIL SW","assessed_value":133000},{"address":"2748.0 COUGHLAN GREEN SW","assessed_value":412000},{"address":"12829.0 207 STREET NW","assessed_value":456500},{"address":"2252.0 GLENRIDDING BOULEVARD SW","assessed_value":429500},{"address":"15709.0 139 STREET NW","assessed_value":213500},{"address":"1768.0 BOWNESS WYND SW","assessed_value":971000},{"address":"1241.0 PEREGRINE TERRACE NW","assessed_value":904000},{"address":"nan nan","assessed_value":9000},{"address":"17854.0 9A AVENUE SW","assessed_value":602000},{"address":"10530.0 62 AVENUE NW","assessed_value":584500},{"address":"nan nan","assessed_value":5500},{"address":"2074.0 WARE ROAD NW","assessed_value":674000},{"address":"5816.0 MULLEN PLACE NW","assessed_value":241000},{"address":"3215.0 11 AVENUE NW","assessed_value":414000},{"address":"nan nan","assessed_value":8000},{"address":"8125.0 CHAPPELLE WAY SW","assessed_value":407000},{"address":"1255.0 CHAPPELLE BOULEVARD SW","assessed_value":464000},{"address":"365.0 DESROCHERS BOULEVARD SW","assessed_value":456000},{"address":"9151.0 SHAW WAY SW","assessed_value":292000},{"address":"12688.0 148 AVENUE NW","assessed_value":5447000},{"address":"nan nan","assessed_value":8500},{"address":"5413.0 ALLBRIGHT SQUARE SW","assessed_value":580000},{"address":"3911.0 5 STREET NW","assessed_value":757000},{"address":"6159.0 175 AVENUE NW","assessed_value":558500},{"address":"5151.0 WINDERMERE BOULEVARD SW","assessed_value":187500},{"address":"nan nan","assessed_value":5500},{"address":"11969.0 JASPER AVENUE NW","assessed_value":419500},{"address":"8409.0 24 AVENUE SW","assessed_value":442500},{"address":"4905.0 CHARLES POINT SW","assessed_value":575000},{"address":"2245.0 CASEY CRESCENT SW","assessed_value":434000},{"address":"17019.0 38 STREET NW","assessed_value":417500},{"address":"16024.0 13 AVENUE SW","assessed_value":490000},{"address":"nan nan","assessed_value":8500},{"address":"nan nan","assessed_value":4500},{"address":"8156.0 225 STREET NW","assessed_value":538000},{"address":"nan nan","assessed_value":14500},{"address":"8818.0 24 AVENUE SW","assessed_value":641000},{"address":"2321.0 90B STREET SW","assessed_value":823000},{"address":"9515.0 160 AVENUE NW","assessed_value":304500},{"address":"nan nan","assessed_value":12000},{"address":"495.0 EBBERS WAY NW","assessed_value":399000},{"address":"6023.0 171 AVENUE NW","assessed_value":647500},{"address":"667.0 WATT BOULEVARD SW","assessed_value":179500},{"address":"1868.0 KEENE CRESCENT SW","assessed_value":344500},{"address":"17304.0 49 STREET NW","assessed_value":437500},{"address":"17251.0 9 AVENUE SW","assessed_value":305500},{"address":"1082.0 GAULT BOULEVARD NW","assessed_value":398000},{"address":"1480.0 WATT DRIVE SW","assessed_value":339000},{"address":"348.0 WINDERMERE ROAD NW","assessed_value":194000},{"address":"1004.0 ROSENTHAL BOULEVARD NW","assessed_value":278500},{"address":"4428.0 5 STREET NW","assessed_value":401000},{"address":"nan nan","assessed_value":12000},{"address":"2460.0 13 STREET NW","assessed_value":782500},{"address":"nan nan","assessed_value":6000},{"address":"2214.0 KELLY CRESCENT SW","assessed_value":790500},{"address":"11528.0 127 STREET NW","assessed_value":487500},{"address":"nan nan","assessed_value":8000},{"address":"nan nan","assessed_value":9500},{"address":"1354.0 ADAMSON DRIVE SW","assessed_value":554500},{"address":"3203.0 12 AVENUE NW","assessed_value":33500},{"address":"nan nan","assessed_value":8000},{"address":"5390.0 CHAPPELLE ROAD SW","assessed_value":161000},{"address":"1717.0 DUMONT CRESCENT SW","assessed_value":422000},{"address":"1190.0 CY BECKER ROAD NW","assessed_value":721500},{"address":"16748.0 15 AVENUE SW","assessed_value":488500},{"address":"637.0 MERLIN LANDING NW","assessed_value":465000},{"address":"3211.0 JAMES MOWATT TRAIL SW","assessed_value":191000},{"address":"789.0 WINDERMERE WYND NW","assessed_value":615000},{"address":"5124.0 CRABAPPLE LINK SW","assessed_value":504000},{"address":"2044.0 88 STREET SW","assessed_value":971500},{"address":"nan nan","assessed_value":8500},{"address":"2332.0 86 STREET SW","assessed_value":474500},{"address":"nan nan","assessed_value":12000},{"address":"5151.0 WINDERMERE BOULEVARD SW","assessed_value":234500},{"address":"12620.0 108 AVENUE NW","assessed_value":652500},{"address":"nan nan","assessed_value":14500},{"address":"10811.0 72 AVENUE NW","assessed_value":317000},{"address":"2009.0 PRICE LANDING SW","assessed_value":457000},{"address":"8908.0 217 STREET NW","assessed_value":490500},{"address":"508.0 GRIESBACH PARADE NW","assessed_value":251000},{"address":"9519.0 160 AVENUE NW","assessed_value":167500},{"address":"155.0 HAYS RIDGE BOULEVARD SW","assessed_value":544500},{"address":"6452.0 ELSTON LOOP NW","assessed_value":631000},{"address":"8809.0 95 STREET NW","assessed_value":699500},{"address":"10619.0 65 AVENUE NW","assessed_value":616000},{"address":"8524.0 24 AVENUE SW","assessed_value":482500},{"address":"781.0 EAGLESON CRESCENT NW","assessed_value":395500},{"address":"3674.0 KESWICK BOULEVARD SW","assessed_value":720000},{"address":"211.0 40A AVENUE NW","assessed_value":469500},{"address":"nan nan","assessed_value":8500},{"address":"965.0 EBBERS CRESCENT NW","assessed_value":442000},{"address":"11710.0 87 AVENUE NW","assessed_value":653500},{"address":"5921.0 ANTHONY CRESCENT SW","assessed_value":391500},{"address":"111.0 WATT COMMON SW","assessed_value":217000},{"address":"9377.0 COOPER BEND SW","assessed_value":679500},{"address":"15709.0 139 STREET NW","assessed_value":206500},{"address":"2564.0 CASEY WAY SW","assessed_value":388000},{"address":"nan nan","assessed_value":10500},{"address":"903.0 CRYSTALLINA NERA WAY NW","assessed_value":292500},{"address":"1125.0 31 STREET NW","assessed_value":438500},{"address":"508.0 GRIESBACH PARADE NW","assessed_value":214500},{"address":"320.0 AMBLESIDE LINK SW","assessed_value":221000},{"address":"nan nan","assessed_value":8500},{"address":"2229.0 44 AVENUE NW","assessed_value":149500},{"address":"344.0 WINDERMERE ROAD NW","assessed_value":203000},{"address":"2330.0 GLENRIDDING BOULEVARD SW","assessed_value":410500},{"address":"504.0 GRIESBACH PARADE NW","assessed_value":236500},{"address":"8415.0 CUSHING COURT SW","assessed_value":422500},{"address":"2025.0 57 STREET SW","assessed_value":767500},{"address":"nan nan","assessed_value":40500},{"address":"213.0 GRIESBACH ROAD NW","assessed_value":405500},{"address":"508.0 GRIESBACH PARADE NW","assessed_value":222000},{"address":"5151.0 WINDERMERE BOULEVARD SW","assessed_value":229000},{"address":"9433.0 67A AVENUE NW","assessed_value":178500},{"address":"2833.0 KOSHAL CRESCENT SW","assessed_value":458000},{"address":"13609.0 102 AVENUE NW","assessed_value":841000},{"address":"nan nan","assessed_value":41000},{"address":"415.0 CLAREVIEW ROAD NW","assessed_value":295500},{"address":"2409.0 SAN FORTUNATO STREET NW","assessed_value":996500},{"address":"9535.0 217 STREET NW","assessed_value":303500},{"address":"1715.0 TANAGER CLOSE NW","assessed_value":552000},{"address":"nan nan","assessed_value":4500},{"address":"804.0 WELSH DRIVE SW","assessed_value":352500},{"address":"460.0 40 AVENUE NW","assessed_value":592000},{"address":"2225.0 KELLY CRESCENT SW","assessed_value":838000},{"address":"nan nan","assessed_value":40500},{"address":"2205.0 56 STREET SW","assessed_value":719500},{"address":"1620.0 19 STREET NW","assessed_value":715000},{"address":"2776.0 COUGHLAN GREEN SW","assessed_value":422000},{"address":"nan nan","assessed_value":12500},{"address":"17845.0 9A AVENUE SW","assessed_value":384000},{"address":"17079.0 38 STREET NW","assessed_value":418500},{"address":"1424.0 25 AVENUE NW","assessed_value":419500},{"address":"nan nan","assessed_value":12500},{"address":"2215.0 24 STREET NW","assessed_value":317000},{"address":"15709.0 139 STREET NW","assessed_value":228500},{"address":"1412.0 26 AVENUE NW","assessed_value":440000},{"address":"18126.0 77 STREET NW","assessed_value":139500},{"address":"70.0 1816 RUTHERFORD ROAD SW","assessed_value":291500},{"address":"nan nan","assessed_value":12000},{"address":"683.0 LEWIS GREEN DRIVE NW","assessed_value":386000},{"address":"3023.0 13 AVENUE NW","assessed_value":538000},{"address":"1314.0 CLEMENT COURT NW","assessed_value":1388000},{"address":"6824.0 EVANS WYND NW","assessed_value":411500},{"address":"5151.0 WINDERMERE BOULEVARD SW","assessed_value":268000},{"address":"4831.0 173 AVENUE NW","assessed_value":397500},{"address":"5816.0 MULLEN PLACE NW","assessed_value":176000},{"address":"10710.0 67 AVENUE NW","assessed_value":614000},{"address":"5432.0 136 AVENUE NW","assessed_value":382000},{"address":"2044.0 PRICE LANDING SW","assessed_value":446500},{"address":"7316.0 91 STREET NW","assessed_value":985500},{"address":"20522.0 128 AVENUE NW","assessed_value":460500},{"address":"5005.0 22 AVENUE SW","assessed_value":22663500},{"address":"21903.0 98 AVENUE NW","assessed_value":696000},{"address":"nan nan","assessed_value":8500},{"address":"1720.0 27 STREET NW","assessed_value":418000},{"address":"8708.0 88 AVENUE NW","assessed_value":650000},{"address":"3437.0 CHERRY WAY SW","assessed_value":482500},{"address":"5025.0 EDGEMONT BOULEVARD NW","assessed_value":363500},{"address":"nan nan","assessed_value":9000},{"address":"nan nan","assessed_value":40500},{"address":"823.0 EBBERS CRESCENT NW","assessed_value":526500},{"address":"5231.0 CRABAPPLE LINK SW","assessed_value":436500},{"address":"11080.0 ELLERSLIE ROAD SW","assessed_value":247500},{"address":"667.0 WATT BOULEVARD SW","assessed_value":206000},{"address":"2905.0 141 STREET SW","assessed_value":290500},{"address":"307.0 CY BECKER BOULEVARD NW","assessed_value":657000},{"address":"2266.0 GLENRIDDING BOULEVARD SW","assessed_value":384500},{"address":"3207.0 JAMES MOWATT TRAIL SW","assessed_value":144500},{"address":"nan nan","assessed_value":10500},{"address":"nan nan","assessed_value":12500},{"address":"16332.0 17 AVENUE SW","assessed_value":733500},{"address":"nan nan","assessed_value":6000},{"address":"nan nan","assessed_value":6000},{"address":"2386.0 WARE CRESCENT NW","assessed_value":484500},{"address":"281.0 ALLARD BOULEVARD SW","assessed_value":448000},{"address":"208.0 40A AVENUE NW","assessed_value":499500},{"address":"nan nan","assessed_value":40500},{"address":"1510.0 WATT DRIVE SW","assessed_value":172500},{"address":"11080.0 ELLERSLIE ROAD SW","assessed_value":253000},{"address":"4406.0 5A STREET NW","assessed_value":429000},{"address":"nan nan","assessed_value":12500},{"address":"1031.0 173 STREET SW","assessed_value":244500},{"address":"5030.0 22 AVENUE SW","assessed_value":393500},{"address":"10126.0 144 STREET NW","assessed_value":301500},{"address":"nan nan","assessed_value":8000},{"address":"11445.0 83 STREET NW","assessed_value":286500},{"address":"17568.0 122 STREET NW","assessed_value":544000},{"address":"320.0 AMBLESIDE LINK SW","assessed_value":206000},{"address":"1768.0 BOWNESS WYND SW","assessed_value":1139000},{"address":"nan nan","assessed_value":3000},{"address":"8112.0 GOURLAY PLACE NW","assessed_value":651000},{"address":"11122.0 127 STREET NW","assessed_value":461000},{"address":"nan nan","assessed_value":12500},{"address":"nan nan","assessed_value":12500},{"address":"5932.0 174 AVENUE NW","assessed_value":660000},{"address":"nan nan","assessed_value":6000},{"address":"nan nan","assessed_value":18000},{"address":"3543.0 8 STREET NW","assessed_value":592500},{"address":"907.0 176 STREET SW","assessed_value":647500},{"address":"1231.0 25 AVENUE NW","assessed_value":636500},{"address":"3815.0 170 AVENUE NW","assessed_value":443500},{"address":"5151.0 WINDERMERE BOULEVARD SW","assessed_value":246500},{"address":"967.0 MCCONACHIE BOULEVARD NW","assessed_value":652500},{"address":"2205.0 KELLY CRESCENT SW","assessed_value":790000},{"address":"8210.0 GOURLAY CLOSE NW","assessed_value":548500},{"address":"nan nan","assessed_value":10000},{"address":"17120.0 38 STREET NW","assessed_value":394500},{"address":"nan nan","assessed_value":10500},{"address":"nan nan","assessed_value":14500},{"address":"7309.0 EDGEMONT WAY NW","assessed_value":401000},{"address":"nan nan","assessed_value":12500},{"address":"nan nan","assessed_value":14500},{"address":"nan nan","assessed_value":12000},{"address":"10226.0 104 STREET NW","assessed_value":277000},{"address":"5370.0 CHAPPELLE ROAD SW","assessed_value":138500},{"address":"nan nan","assessed_value":12500},{"address":"9433.0 230 STREET NW","assessed_value":375000},{"address":"7026.0 NEWSON ROAD NW","assessed_value":547000},{"address":"316.0 WINDERMERE ROAD NW","assessed_value":498000},{"address":"5874.0 ANTHONY CRESCENT SW","assessed_value":504000},{"address":"8609.0 122 AVENUE NW","assessed_value":285000},{"address":"6023.0 19 AVENUE SW","assessed_value":592500},{"address":"18122.0 77 STREET NW","assessed_value":191500},{"address":"2673.0 SIR ARTHUR CURRIE WAY NW","assessed_value":344000},{"address":"nan nan","assessed_value":40500},{"address":"3608.0 9 STREET NW","assessed_value":438500},{"address":"4427.0 5 STREET NW","assessed_value":448500},{"address":"5151.0 WINDERMERE BOULEVARD SW","assessed_value":240000},{"address":"2257.0 GLENRIDDING BOULEVARD SW","assessed_value":392500},{"address":"4282.0 126A AVENUE NW","assessed_value":473000},{"address":"9519.0 160 AVENUE NW","assessed_value":189000},{"address":"nan nan","assessed_value":328000},{"address":"1561.0 TAMARACK BOULEVARD NW","assessed_value":506500},{"address":"4029.0 ORCHARDS DRIVE SW","assessed_value":292000},{"address":"5816.0 MULLEN PLACE NW","assessed_value":170000},{"address":"5151.0 WINDERMERE BOULEVARD SW","assessed_value":176000},{"address":"9160.0 COOPER CRESCENT SW","assessed_value":425000},{"address":"693.0 LEWIS GREENS DRIVE NW","assessed_value":414000},{"address":"nan nan","assessed_value":12500},{"address":"nan nan","assessed_value":4500},{"address":"804.0 WELSH DRIVE SW","assessed_value":295500},{"address":"2562.0 COUGHLAN ROAD SW","assessed_value":410500},{"address":"11317.0 88 STREET NW","assessed_value":319500},{"address":"nan nan","assessed_value":12500},{"address":"12650.0 142 AVENUE NW","assessed_value":213000},{"address":"nan nan","assessed_value":9000},{"address":"3362.0 CHICKADEE DRIVE NW","assessed_value":598000},{"address":"5029.0 EDGEMONT BOULEVARD NW","assessed_value":370000},{"address":"5151.0 WINDERMERE BOULEVARD SW","assessed_value":230000},{"address":"5521.0 7 AVENUE SW","assessed_value":167000},{"address":"10238.0 103 STREET NW","assessed_value":281500},{"address":"8209.0 217 STREET NW","assessed_value":317000},{"address":"2345.0 CASSIDY WAY SW","assessed_value":676500},{"address":"1746.0 27 STREET NW","assessed_value":435500},{"address":"5370.0 CHAPPELLE ROAD SW","assessed_value":167500},{"address":"4825.0 172A AVENUE NW","assessed_value":529000},{"address":"16511.0 17 AVENUE SW","assessed_value":675000},{"address":"625.0 LEGER WAY NW","assessed_value":443500},{"address":"nan nan","assessed_value":8000},{"address":"1031.0 173 STREET SW","assessed_value":197500},{"address":"8132.0 217 STREET NW","assessed_value":455500},{"address":"nan nan","assessed_value":12500},{"address":"5510.0 SCHONSEE DRIVE NW","assessed_value":210500},{"address":"2124.0 22 STREET NW","assessed_value":844500},{"address":"5151.0 WINDERMERE BOULEVARD SW","assessed_value":260500},{"address":"2560.0 PEGASUS BOULEVARD NW","assessed_value":251500},{"address":"421.0 1820 RUTHERFORD ROAD SW","assessed_value":159000},{"address":"15811.0 18 AVENUE SW","assessed_value":752500},{"address":"3920.0 5 STREET NW","assessed_value":655000},{"address":"939.0 WOOD PLACE NW","assessed_value":1706000},{"address":"8525.0 91 STREET NW","assessed_value":324000},{"address":"820.0 EBBERS CRESCENT NW","assessed_value":503000},{"address":"nan nan","assessed_value":12000},{"address":"2103.0 KOSHAL WAY SW","assessed_value":447000},{"address":"nan nan","assessed_value":12000},{"address":"5151.0 WINDERMERE BOULEVARD SW","assessed_value":275000},{"address":"nan nan","assessed_value":5500},{"address":"nan nan","assessed_value":4500},{"address":"75.0 804 WELSH DRIVE SW","assessed_value":311500},{"address":"4008.0 KENNEDY CLOSE SW","assessed_value":652500},{"address":"6125.0 19A AVENUE SW","assessed_value":732000},{"address":"7603.0 SUMMERSIDE GRANDE BOULEVARD SW","assessed_value":505500},{"address":"2229.0 44 AVENUE NW","assessed_value":168500},{"address":"3670.0 139 AVENUE NW","assessed_value":207000},{"address":"nan nan","assessed_value":4500},{"address":"17115.0 38 STREET NW","assessed_value":421000},{"address":"nan nan","assessed_value":8500},{"address":"387.0 DESROCHERS BOULEVARD SW","assessed_value":467500},{"address":"nan nan","assessed_value":9500},{"address":"2419.0 18 AVENUE NW","assessed_value":410000},{"address":"2609.0 COUGHLAN ROAD SW","assessed_value":485000},{"address":"nan nan","assessed_value":5500},{"address":"14530.0 RAVINE DRIVE NW","assessed_value":2069500},{"address":"1255.0 163 STREET SW","assessed_value":378500},{"address":"3820.0 WEIDLE CRESCENT SW","assessed_value":397000},{"address":"nan nan","assessed_value":12000},{"address":"5529.0 SCHONSEE DRIVE NW","assessed_value":487000},{"address":"1004.0 ROSENTHAL BOULEVARD NW","assessed_value":211000},{"address":"4412.0 6 STREET NW","assessed_value":426500},{"address":"nan nan","assessed_value":4500},{"address":"nan nan","assessed_value":9000},{"address":"581.0 MERLIN LANDING NW","assessed_value":592000},{"address":"nan nan","assessed_value":3000},{"address":"nan nan","assessed_value":8000},{"address":"12650.0 142 AVENUE NW","assessed_value":161000},{"address":"4006.0 117 AVENUE NW","assessed_value":388000},{"address":"4638.0 CHARLES WAY SW","assessed_value":713500},{"address":"nan nan","assessed_value":12500},{"address":"10417.0 79 STREET NW","assessed_value":543500},{"address":"4111.0 KENNEDY GREEN SW","assessed_value":1108000},{"address":"9527.0 75 AVENUE NW","assessed_value":562500},{"address":"3778.0 WEIDLE CRESCENT SW","assessed_value":460500},{"address":"1962.0 ADAMSON TERRACE SW","assessed_value":669000},{"address":"12815.0 CUMBERLAND ROAD NW","assessed_value":233500},{"address":"17335.0 49 STREET NW","assessed_value":421500},{"address":"2905.0 141 STREET SW","assessed_value":301000},{"address":"nan nan","assessed_value":12000},{"address":"16432.0 12 AVENUE SW","assessed_value":520000},{"address":"6960.0 76 AVENUE NW","assessed_value":507500},{"address":"1044.0 COOPERS HAWK LINK NW","assessed_value":624500},{"address":"1451.0 29 STREET NW","assessed_value":752500},{"address":"nan nan","assessed_value":40500},{"address":"nan nan","assessed_value":12000},{"address":"nan nan","assessed_value":14500},{"address":"5453.0 ALLBRIGHT SQUARE SW","assessed_value":606500},{"address":"8516.0 219 STREET NW","assessed_value":581500},{"address":"nan nan","assessed_value":40500},{"address":"2229.0 44 AVENUE NW","assessed_value":180500},{"address":"3032.0 12 AVENUE NW","assessed_value":577500},{"address":"nan nan","assessed_value":6000},{"address":"10238.0 103 STREET NW","assessed_value":251000},{"address":"4515.0 SALY PLACE SW","assessed_value":655500},{"address":"270.0 MCCONACHIE DRIVE NW","assessed_value":191000},{"address":"2560.0 PEGASUS BOULEVARD NW","assessed_value":272000},{"address":"17624.0 124 STREET NW","assessed_value":534500},{"address":"3223.0 CHERNOWSKI WAY SW","assessed_value":595000},{"address":"465.0 ORCHARDS BOULEVARD SW","assessed_value":474000},{"address":"5816.0 MULLEN PLACE NW","assessed_value":197500},{"address":"1480.0 WATT DRIVE SW","assessed_value":345000},{"address":"2923.0 KOSTASH DRIVE SW","assessed_value":547000},{"address":"270.0 MCCONACHIE DRIVE NW","assessed_value":154500},{"address":"11080.0 ELLERSLIE ROAD SW","assessed_value":256000},{"address":"14026.0 101A AVENUE NW","assessed_value":853500},{"address":"nan nan","assessed_value":8000},{"address":"9121.0 COOPER CRESCENT SW","assessed_value":593500},{"address":"22427.0 99 AVENUE NW","assessed_value":600000},{"address":"5816.0 MULLEN PLACE NW","assessed_value":153500},{"address":"227.0 GRIESBACH ROAD NW","assessed_value":492500},{"address":"9519.0 160 AVENUE NW","assessed_value":196000},{"address":"3704.0 HUMMINGBIRD WAY NW","assessed_value":757000},{"address":"1208.0 24 AVENUE NW","assessed_value":839000},{"address":"2714.0 COUGHLAN GREEN SW","assessed_value":417000},{"address":"nan nan","assessed_value":12500},{"address":"nan nan","assessed_value":8500},{"address":"nan nan","assessed_value":12500},{"address":"4210.0 KENNEDY COURT SW","assessed_value":739500},{"address":"1648.0 18 STREET NW","assessed_value":582000},{"address":"nan nan","assessed_value":8500},{"address":"9151.0 SHAW WAY SW","assessed_value":310000},{"address":"1210.0 MCCONACHIE BOULEVARD NW","assessed_value":449000},{"address":"nan nan","assessed_value":5500},{"address":"22132.0 88 AVENUE NW","assessed_value":473000},{"address":"3670.0 139 AVENUE NW","assessed_value":150000},{"address":"7812.0 174 AVENUE NW","assessed_value":489000},{"address":"15417.0 95 AVENUE NW","assessed_value":438500},{"address":"nan nan","assessed_value":12500},{"address":"nan nan","assessed_value":3000},{"address":"2229.0 44 AVENUE NW","assessed_value":186500},{"address":"1179.0 CY BECKER ROAD NW","assessed_value":426500},{"address":"nan nan","assessed_value":12000},{"address":"5434.0 ALLBRIGHT SQUARE SW","assessed_value":585000},{"address":"nan nan","assessed_value":6000},{"address":"nan nan","assessed_value":12500},{"address":"12215.0 119 AVENUE NW","assessed_value":296500},{"address":"1233.0 163 STREET SW","assessed_value":382000},{"address":"9919.0 79 STREET NW","assessed_value":547500},{"address":"222.0 42 AVENUE NW","assessed_value":431500},{"address":"22705.0 94A AVENUE NW","assessed_value":552500},{"address":"456.0 40 AVENUE NW","assessed_value":687000},{"address":"3207.0 JAMES MOWATT TRAIL SW","assessed_value":149500},{"address":"nan nan","assessed_value":4500},{"address":"165.0 CY BECKER BOULEVARD NW","assessed_value":320500},{"address":"7861.0 170A AVENUE NW","assessed_value":379500},{"address":"391.0 ORCHARDS BOULEVARD SW","assessed_value":379500},{"address":"nan nan","assessed_value":8500},{"address":"8075.0 CHAPPELLE WAY SW","assessed_value":381500},{"address":"2343.0 CASEY CRESCENT SW","assessed_value":429500},{"address":"165.0 CY BECKER BOULEVARD NW","assessed_value":332500},{"address":"13027.0 208 STREET NW","assessed_value":662000},{"address":"5029.0 EDGEMONT BOULEVARD NW","assessed_value":346500},{"address":"2852.0 KOSHAL CRESCENT SW","assessed_value":448000},{"address":"812.0 WELSH DRIVE SW","assessed_value":197500},{"address":"344.0 WINDERMERE ROAD NW","assessed_value":161000},{"address":"nan nan","assessed_value":10500},{"address":"4419.0 6 STREET NW","assessed_value":431500},{"address":"5515.0 7 AVENUE SW","assessed_value":173000},{"address":"415.0 CLAREVIEW ROAD NW","assessed_value":302000},{"address":"1510.0 26 AVENUE NW","assessed_value":426000},{"address":"22418.0 99A AVENUE NW","assessed_value":536500},{"address":"10813.0 123 STREET NW","assessed_value":808000},{"address":"2266.0 CASEY CRES SW","assessed_value":427000},{"address":"5614.0 22 AVENUE SW","assessed_value":610500},{"address":"nan nan","assessed_value":10500}]