[{"address":"nan nan","assessed_value":13500},{"address":"5451.0 SCHONSEE DRIVE NW","assessed_value":495000},{"address":"4516.0 211 STREET NW","assessed_value":494000},{"address":"1504.0 68 STREET SW","assessed_value":675500},{"address":"21228.0 91 AVENUE NW","assessed_value":446500},{"address":"6227.0 4 AVENUE SW","assessed_value":563500},{"address":"11916.0 104 STREET NW","assessed_value":78500},{"address":"14235.0 96 AVENUE NW","assessed_value":26000},{"address":"10305.0 116 STREET NW","assessed_value":95500},{"address":"nan nan","assessed_value":3000},{"address":"424.0 CALLAGHAN COURT SW","assessed_value":616000},{"address":"11453.0 ELLERSLIE ROAD SW","assessed_value":176000},{"address":"10816.0 64 AVENUE NW","assessed_value":549500},{"address":"5816.0 8 AVENUE SW","assessed_value":508000},{"address":"3610.0 43 AVENUE NW","assessed_value":113000},{"address":"5350.0 199 STREET NW","assessed_value":212000},{"address":"16035.0 132 STREET NW","assessed_value":190500},{"address":"766.0 HARDY POINT NW","assessed_value":613500},{"address":"1615.0 MALONE WAY NW","assessed_value":739500},{"address":"nan nan","assessed_value":6500},{"address":"1523.0 KINROSS ROAD NW","assessed_value":597000},{"address":"2031.0 BRENNAN CRESCENT NW","assessed_value":482000},{"address":"nan nan","assessed_value":7500},{"address":"1130.0 TORY ROAD NW","assessed_value":162500},{"address":"2455.0 ELLWOOD DRIVE SW","assessed_value":550000},{"address":"8116.0 16A AVENUE SW","assessed_value":535000},{"address":"7511.0 171 STREET NW","assessed_value":158500},{"address":"11040.0 82 STREET NW","assessed_value":69500},{"address":"3723.0 12 STREET NW","assessed_value":413500},{"address":"1465.0 37B AVENUE NW","assessed_value":539500},{"address":"7427.0 170 AVENUE NW","assessed_value":479500},{"address":"309.0 CLAREVIEW STATION DRIVE NW","assessed_value":150500},{"address":"10335.0 117 STREET NW","assessed_value":150500},{"address":"6048.0 SOUTH TERWILLEGAR BOULEVARD NW","assessed_value":358000},{"address":"8512.0 SUMMERSIDE GRANDE BOULEVARD SW","assessed_value":679000},{"address":"6104.0 5 AVENUE SW","assessed_value":508000},{"address":"6103.0 8 AVENUE SW","assessed_value":342500},{"address":"2628.0 21 AVENUE NW","assessed_value":617000},{"address":"8355.0 SHASKE CRESCENT NW","assessed_value":562000},{"address":"nan nan","assessed_value":8500},{"address":"11708.0 124 STREET NW","assessed_value":70000},{"address":"nan nan","assessed_value":3000},{"address":"nan nan","assessed_value":7500},{"address":"10644.0 113 STREET NW","assessed_value":66000},{"address":"8938.0 179A AVENUE NW","assessed_value":423500},{"address":"nan nan","assessed_value":5000},{"address":"758.0 HARDY POINT NW","assessed_value":709500},{"address":"160.0 MAGRATH ROAD NW","assessed_value":225000},{"address":"nan nan","assessed_value":18500},{"address":"462.0 AINSLIE CRESCENT SW","assessed_value":675000},{"address":"9525.0 162 AVENUE NW","assessed_value":149500},{"address":"1508.0 MALONE CLOSE NW","assessed_value":621500},{"address":"nan nan","assessed_value":7500},{"address":"9222.0 SCOTT LANE NW","assessed_value":443000},{"address":"nan nan","assessed_value":16000},{"address":"nan nan","assessed_value":4500},{"address":"2096.0 BLACKMUD CREEK DRIVE SW","assessed_value":162500},{"address":"10555.0 93 STREET NW","assessed_value":145000},{"address":"16204.0 47 STREET NW","assessed_value":573000},{"address":"10503.0 98 AVENUE NW","assessed_value":200500},{"address":"3040.0 SPENCE WYND SW","assessed_value":188500},{"address":"11233.0 124 STREET NW","assessed_value":66500},{"address":"nan nan","assessed_value":6500},{"address":"nan nan","assessed_value":4500},{"address":"nan nan","assessed_value":6500},{"address":"7268.0 SOUTH TERWILLEGAR DRIVE NW","assessed_value":448000},{"address":"11821.0 167B AVENUE NW","assessed_value":399500},{"address":"129.0 64 STREET SW","assessed_value":444000},{"address":"9525.0 162 AVENUE NW","assessed_value":167000},{"address":"nan nan","assessed_value":6500},{"address":"16807.0 100 AVENUE NW","assessed_value":159500},{"address":"6042.0 STANTON DRIVE SW","assessed_value":451500},{"address":"9707.0 106 STREET NW","assessed_value":248500},{"address":"10640.0 123 STREET NW","assessed_value":101500},{"address":"21933.0 94A AVENUE NW","assessed_value":468000},{"address":"13111.0 140 AVENUE NW","assessed_value":178000},{"address":"7511.0 171 STREET NW","assessed_value":144000},{"address":"14208.0 36 STREET NW","assessed_value":300000},{"address":"1416.0 36A AVENUE NW","assessed_value":637500},{"address":"nan nan","assessed_value":6500},{"address":"4321.0 MCCLUNG CRESCENT NW","assessed_value":771000},{"address":"nan nan","assessed_value":6500},{"address":"4811.0 212 STREET NW","assessed_value":714000},{"address":"3312.0 18 STREET NW","assessed_value":659500},{"address":"671.0 SILVER BERRY ROAD NW","assessed_value":274000},{"address":"4228.0 157 AVENUE NW","assessed_value":516500},{"address":"10309.0 107 STREET NW","assessed_value":285500},{"address":"nan nan","assessed_value":4000},{"address":"10309.0 107 STREET NW","assessed_value":289500},{"address":"7824.0 SCHMID PLACE NW","assessed_value":481000},{"address":"4304.0 139 AVENUE NW","assessed_value":156500},{"address":"4507.0 211 STREET NW","assessed_value":523000},{"address":"309.0 CLAREVIEW STATION DRIVE NW","assessed_value":169500},{"address":"13604.0 160 AVENUE NW","assessed_value":649500},{"address":"10514.0 92 STREET NW","assessed_value":54000},{"address":"3216.0 24 AVENUE NW","assessed_value":535500},{"address":"nan nan","assessed_value":6500},{"address":"2210.0 38 STREET NW","assessed_value":192000},{"address":"20627.0 92 AVENUE NW","assessed_value":476500},{"address":"9939.0 109 STREET NW","assessed_value":170500},{"address":"10748.0 71 AVENUE NW","assessed_value":781500},{"address":"8640.0 106 AVENUE NW","assessed_value":42500},{"address":"10555.0 83 AVENUE NW","assessed_value":146500},{"address":"2311.0 FREZENBERG AVENUE NW","assessed_value":903000},{"address":"451.0 HYNDMAN CRESCENT NW","assessed_value":222500},{"address":"nan nan","assessed_value":3000},{"address":"nan nan","assessed_value":6500},{"address":"646.0 MCALLISTER LOOP SW","assessed_value":171500},{"address":"9525.0 162 AVENUE NW","assessed_value":124500},{"address":"2427.0 ELLWOOD DRIVE SW","assessed_value":598000},{"address":"nan nan","assessed_value":3000},{"address":"nan nan","assessed_value":18500},{"address":"17208.0 80 STREET NW","assessed_value":577500},{"address":"4010.0 161 AVENUE NW","assessed_value":413500},{"address":"nan nan","assessed_value":6500},{"address":"132.0 62 STREET SW","assessed_value":415500},{"address":"nan nan","assessed_value":6500},{"address":"nan nan","assessed_value":3000},{"address":"4839.0 MACTAGGART CREST NW","assessed_value":1490500},{"address":"4635.0 205 STREET NW","assessed_value":570000},{"address":"15211.0 139 STREET NW","assessed_value":4000},{"address":"9939.0 109 STREET NW","assessed_value":166000},{"address":"3099.0 SPENCE WYND SW","assessed_value":509500},{"address":"nan nan","assessed_value":6500},{"address":"nan nan","assessed_value":7500},{"address":"7108.0 19A AVENUE SW","assessed_value":363500},{"address":"11449.0 ELLERSLIE ROAD SW","assessed_value":130000},{"address":"nan nan","assessed_value":16000},{"address":"6472.0 SANDIN CRESCENT NW","assessed_value":620000},{"address":"nan nan","assessed_value":14000},{"address":"226.0 MACEWAN ROAD SW","assessed_value":150000},{"address":"3706.0 MCLAY GREEN NW","assessed_value":649000},{"address":"10165.0 113 STREET NW","assessed_value":135000},{"address":"8126.0 SHASKE DRIVE NW","assessed_value":532000},{"address":"14047.0 147 AVENUE NW","assessed_value":421500},{"address":"2318.0 LEMIEUX PLACE NW","assessed_value":365500},{"address":"4823.0 104A STREET NW","assessed_value":192500},{"address":"14208.0 36 STREET NW","assessed_value":291500},{"address":"7307.0 16 AVENUE SW","assessed_value":378500},{"address":"151.0 EDWARDS DRIVE SW","assessed_value":182500},{"address":"6608.0 158 AVENUE NW","assessed_value":281500},{"address":"9120.0 206 STREET NW","assessed_value":482000},{"address":"20711.0 90 AVENUE NW","assessed_value":776000},{"address":"nan nan","assessed_value":9500},{"address":"12550.0 140 AVENUE NW","assessed_value":155000},{"address":"4920.0 MACTAGGART COURT NW","assessed_value":786000},{"address":"2614.0 BOWEN WAY SW","assessed_value":627500},{"address":"nan nan","assessed_value":18500},{"address":"2436.0 GUARDIAN ROAD NW","assessed_value":170500},{"address":"12050.0 17 AVENUE SW","assessed_value":259000},{"address":"8107.0 SUMMERSIDE GRANDE BOULEVARD SW","assessed_value":556000},{"address":"nan nan","assessed_value":6500},{"address":"8640.0 106 AVENUE NW","assessed_value":45000},{"address":"1639.0 RUTHERFORD ROAD SW","assessed_value":380000},{"address":"8472.0 SLOANE CRESCENT NW","assessed_value":534000},{"address":"nan nan","assessed_value":9500},{"address":"nan nan","assessed_value":22500},{"address":"nan nan","assessed_value":4500},{"address":"3417.0 21A STREET NW","assessed_value":568000},{"address":"10820.0 179 AVENUE NW","assessed_value":604000},{"address":"13508.0 162 AVENUE NW","assessed_value":179500},{"address":"7119.0 169 AVENUE NW","assessed_value":542500},{"address":"2096.0 BLACKMUD CREEK DRIVE SW","assessed_value":171000},{"address":"316.0 65 STREET SW","assessed_value":602000},{"address":"10003.0 87 AVENUE NW","assessed_value":190500},{"address":"155.0 EDWARDS DRIVE SW","assessed_value":147500},{"address":"nan nan","assessed_value":9500},{"address":"4755.0 TERWILLEGAR COMMON NW","assessed_value":311000},{"address":"14039.0 38 STREET NW","assessed_value":458000},{"address":"20616.0 49 AVENUE NW","assessed_value":609500},{"address":"13011.0 156 STREET NW","assessed_value":584500},{"address":"13710.0 150 AVENUE NW","assessed_value":167000},{"address":"nan nan","assessed_value":18500},{"address":"17039.0 73 STREET NW","assessed_value":553000},{"address":"3425.0 19 STREET NW","assessed_value":122500},{"address":"nan nan","assessed_value":7500},{"address":"11214.0 80 STREET NW","assessed_value":143500},{"address":"14208.0 36 STREET NW","assessed_value":292000},{"address":"841.0 156 STREET NW","assessed_value":447500},{"address":"150.0 EDWARDS DRIVE SW","assessed_value":243000},{"address":"9725.0 106 STREET NW","assessed_value":83500},{"address":"nan nan","assessed_value":7000},{"address":"10115.0 108 AVENUE NW","assessed_value":64500},{"address":"120.0 MAGRATH ROAD NW","assessed_value":344500},{"address":"3007.0 25 AVENUE NW","assessed_value":522000},{"address":"3219.0 21 STREET NW","assessed_value":464500},{"address":"11120.0 68 AVENUE NW","assessed_value":301000},{"address":"nan nan","assessed_value":8500},{"address":"nan nan","assessed_value":9500},{"address":"4374.0 MCCLUNG CRESCENT NW","assessed_value":858500},{"address":"11441.0 ELLERSLIE ROAD SW","assessed_value":137000},{"address":"851.0 CHAHLEY WAY NW","assessed_value":612500},{"address":"10165.0 113 STREET NW","assessed_value":151000},{"address":"11754.0 13A AVENUE SW","assessed_value":511000},{"address":"451.0 HYNDMAN CRESCENT NW","assessed_value":224500},{"address":"15164.0 33 STREET NW","assessed_value":343500},{"address":"nan nan","assessed_value":9500},{"address":"1212.0 AINSLIE WAY SW","assessed_value":546500},{"address":"5176.0 MULLEN ROAD NW","assessed_value":790500},{"address":"11453.0 ELLERSLIE ROAD SW","assessed_value":181000},{"address":"6035.0 MAYNARD WAY NW","assessed_value":844000},{"address":"nan nan","assessed_value":500},{"address":"nan nan","assessed_value":10000},{"address":"nan nan","assessed_value":5000},{"address":"21223.0 91 AVENUE NW","assessed_value":443000},{"address":"155.0 EDWARDS DRIVE SW","assessed_value":151000},{"address":"5060.0 MCLUHAN ROAD NW","assessed_value":933000},{"address":"11040.0 129 STREET NW","assessed_value":67500},{"address":"nan nan","assessed_value":22500},{"address":"nan nan","assessed_value":9500},{"address":"13111.0 140 AVENUE NW","assessed_value":181500},{"address":"nan nan","assessed_value":7000},{"address":"11441.0 ELLERSLIE ROAD SW","assessed_value":165000},{"address":"2565.0 HANNA CRESCENT NW","assessed_value":227000},{"address":"2953.0 26 STREET NW","assessed_value":179500},{"address":"nan nan","assessed_value":4000},{"address":"508.0 CALLAGHAN POINTE SW","assessed_value":1125500},{"address":"10640.0 123 STREET NW","assessed_value":101500},{"address":"11040.0 129 STREET NW","assessed_value":86000},{"address":"nan nan","assessed_value":14000},{"address":"8528.0 82 AVENUE NW","assessed_value":162000},{"address":"2051.0 125 STREET SW","assessed_value":596000},{"address":"1130.0 TORY ROAD NW","assessed_value":201500},{"address":"nan nan","assessed_value":3000},{"address":"13111.0 140 AVENUE NW","assessed_value":186000},{"address":"5280.0 TERWILLEGAR BOULEVARD NW","assessed_value":172000},{"address":"nan nan","assessed_value":7000},{"address":"5350.0 199 STREET NW","assessed_value":163000},{"address":"9707.0 106 STREET NW","assessed_value":205000},{"address":"11214.0 80 STREET NW","assessed_value":148000},{"address":"8528.0 82 AVENUE NW","assessed_value":138000},{"address":"10154.0 103 STREET NW","assessed_value":447500},{"address":"513.0 CALLAGHAN POINTE SW","assessed_value":918000},{"address":"nan nan","assessed_value":4000},{"address":"1120.0 36 AVENUE NW","assessed_value":439500},{"address":"nan nan","assessed_value":6500},{"address":"nan nan","assessed_value":9500},{"address":"9147.0 213 STREET NW","assessed_value":408000},{"address":"2816.0 34 AVENUE NW","assessed_value":267500},{"address":"673.0 LEGER WAY NW","assessed_value":533000},{"address":"nan nan","assessed_value":8000},{"address":"10824.0 174 AVENUE NW","assessed_value":612500},{"address":"nan nan","assessed_value":6500},{"address":"3040.0 SPENCE WYND SW","assessed_value":179500},{"address":"20332.0 46 AVENUE NW","assessed_value":476500},{"address":"11107.0 108 AVENUE NW","assessed_value":153500},{"address":"10309.0 107 STREET NW","assessed_value":438500},{"address":"985.0 RUTHERFORD ROAD SW","assessed_value":523500},{"address":"5604.0 199 STREET NW","assessed_value":268000},{"address":"21360.0 91A AVENUE NW","assessed_value":421500},{"address":"10309.0 107 STREET NW","assessed_value":298500},{"address":"17908.0 90 STREET NW","assessed_value":460000},{"address":"nan nan","assessed_value":14000},{"address":"12050.0 17 AVENUE SW","assessed_value":254500},{"address":"nan nan","assessed_value":3000},{"address":"nan nan","assessed_value":18500},{"address":"142.0 65 STREET SW","assessed_value":481500},{"address":"3108.0 25 AVENUE NW","assessed_value":456500},{"address":"16035.0 132 STREET NW","assessed_value":219000},{"address":"646.0 MCALLISTER LOOP SW","assessed_value":172500},{"address":"13908.0 136 STREET NW","assessed_value":162000},{"address":"639.0 61 STREET SW","assessed_value":453500},{"address":"10639.0 112 STREET NW","assessed_value":81500},{"address":"10131.0 159 STREET NW","assessed_value":133500},{"address":"3733.0 12 STREET NW","assessed_value":472500},{"address":"nan nan","assessed_value":4000},{"address":"21324.0 46 AVENUE NW","assessed_value":370500},{"address":"nan nan","assessed_value":8500},{"address":"309.0 CLAREVIEW STATION DRIVE NW","assessed_value":160000},{"address":"10514.0 92 STREET NW","assessed_value":53000},{"address":"12831.0 66 STREET NW","assessed_value":48500},{"address":"2096.0 126 STREET SW","assessed_value":561000},{"address":"6920.0 18 AVENUE SW","assessed_value":1168000},{"address":"nan nan","assessed_value":18500},{"address":"4304.0 139 AVENUE NW","assessed_value":130500},{"address":"nan nan","assessed_value":3000},{"address":"nan nan","assessed_value":9500},{"address":"12925.0 65 STREET NW","assessed_value":95000},{"address":"5852.0 166 AVENUE NW","assessed_value":648500},{"address":"2436.0 GUARDIAN ROAD NW","assessed_value":193500},{"address":"6929.0 STROM LANE NW","assessed_value":646000},{"address":"nan nan","assessed_value":22500},{"address":"nan nan","assessed_value":4000},{"address":"16035.0 132 STREET NW","assessed_value":150500},{"address":"11453.0 ELLERSLIE ROAD SW","assessed_value":150000},{"address":"15106.0 33 STREET NW","assessed_value":340500},{"address":"11916.0 104 STREET NW","assessed_value":102500},{"address":"21327.0 59 AVENUE NW","assessed_value":383000},{"address":"2040.0 126 STREET SW","assessed_value":533000},{"address":"nan nan","assessed_value":9500},{"address":"13635.0 34 STREET NW","assessed_value":168000},{"address":"16035.0 132 STREET NW","assessed_value":223000},{"address":"13908.0 136 STREET NW","assessed_value":130000},{"address":"5350.0 199 STREET NW","assessed_value":165000},{"address":"4616.0 160 AVENUE NW","assessed_value":540000},{"address":"nan nan","assessed_value":9500},{"address":"nan nan","assessed_value":5000},{"address":"nan nan","assessed_value":22500},{"address":"nan nan","assessed_value":3000},{"address":"11303.0 103 AVENUE NW","assessed_value":134000},{"address":"9418.0 STEIN WAY NW","assessed_value":424000},{"address":"9020.0 JASPER AVENUE NW","assessed_value":205000},{"address":"5152.0 MULLEN ROAD NW","assessed_value":98000},{"address":"13404.0 161 AVENUE NW","assessed_value":627500},{"address":"6411.0 SANDIN CRESCENT NW","assessed_value":578000},{"address":"nan nan","assessed_value":3000},{"address":"nan nan","assessed_value":4000},{"address":"7511.0 171 STREET NW","assessed_value":149500},{"address":"nan nan","assessed_value":9500},{"address":"8016.0 16A AVENUE SW","assessed_value":597000},{"address":"160.0 MAGRATH ROAD NW","assessed_value":211000},{"address":"2331.0 LEMIEUX PLACE NW","assessed_value":368500},{"address":"6634.0 SANDIN COVE NW","assessed_value":740500},{"address":"7204.0 81 AVENUE NW","assessed_value":108500},{"address":"10149.0 83 AVENUE NW","assessed_value":168500},{"address":"9407.0 STEIN WAY NW","assessed_value":383500},{"address":"7431.0 170 AVENUE NW","assessed_value":441000},{"address":"nan nan","assessed_value":7000},{"address":"9312.0 SIMPSON DRIVE NW","assessed_value":438500},{"address":"9020.0 JASPER AVENUE NW","assessed_value":223000},{"address":"4623.0 201 STREET NW","assessed_value":604000},{"address":"16123.0 136 STREET NW","assessed_value":541000},{"address":"9020.0 JASPER AVENUE NW","assessed_value":266000},{"address":"nan nan","assessed_value":22500},{"address":"671.0 SILVER BERRY ROAD NW","assessed_value":242500},{"address":"10822.0 175A AVENUE NW","assessed_value":787000},{"address":"12925.0 65 STREET NW","assessed_value":83500},{"address":"512.0 STEWART CRESCENT SW","assessed_value":686500},{"address":"4236.0 162 AVENUE NW","assessed_value":515000},{"address":"459.0 AINSLIE CRESCENT SW","assessed_value":609000},{"address":"11449.0 ELLERSLIE ROAD SW","assessed_value":176000},{"address":"3425.0 19 STREET NW","assessed_value":122500},{"address":"1464.0 37A AVENUE NW","assessed_value":543500},{"address":"nan nan","assessed_value":7000},{"address":"11107.0 108 AVENUE NW","assessed_value":237000},{"address":"111.0 EDWARDS DRIVE SW","assessed_value":183500},{"address":"133.0 CALLAGHAN DRIVE SW","assessed_value":1195500},{"address":"8912.0 208 STREET NW","assessed_value":743000},{"address":"nan nan","assessed_value":9500},{"address":"2418.0 MARTELL CRESCENT NW","assessed_value":1377000},{"address":"nan nan","assessed_value":9500},{"address":"315.0 61 STREET SW","assessed_value":528000},{"address":"nan nan","assessed_value":8500},{"address":"10136.0 153 STREET NW","assessed_value":100000},{"address":"4632.0 205 STREET NW","assessed_value":561500},{"address":"11218.0 80 STREET NW","assessed_value":106500},{"address":"nan nan","assessed_value":9500},{"address":"nan nan","assessed_value":3000},{"address":"2406.0 MARTELL CRESCENT NW","assessed_value":1347000},{"address":"2503.0 24 STREET NW","assessed_value":291000},{"address":"5604.0 199 STREET NW","assessed_value":282500},{"address":"18855.0 STONY PLAIN ROAD NW","assessed_value":12408500},{"address":"nan nan","assessed_value":18500},{"address":"4407.0 23 STREET NW","assessed_value":162500},{"address":"1347.0 117 STREET SW","assessed_value":518000},{"address":"9020.0 JASPER AVENUE NW","assessed_value":329500},{"address":"nan nan","assessed_value":7500},{"address":"3244.0 26 AVENUE NW","assessed_value":480500},{"address":"9561.0 143 STREET NW","assessed_value":593500},{"address":"nan nan","assessed_value":6500},{"address":"4811.0 159 AVENUE NW","assessed_value":454000},{"address":"nan nan","assessed_value":14000},{"address":"226.0 MACEWAN ROAD SW","assessed_value":172000},{"address":"21308.0 45A AVENUE NW","assessed_value":360000},{"address":"3509.0 11 STREET NW","assessed_value":336000},{"address":"16724.0 119 STREET NW","assessed_value":483500},{"address":"10111.0 160 STREET NW","assessed_value":75500},{"address":"10160.0 83 AVENUE NW","assessed_value":154000},{"address":"10230.0 114 STREET NW","assessed_value":111500},{"address":"nan nan","assessed_value":18500},{"address":"5904.0 7 AVENUE SW","assessed_value":530000},{"address":"9336.0 JASPER AVENUE NW","assessed_value":107000},{"address":"16035.0 132 STREET NW","assessed_value":243500},{"address":"33.0 CRYSTAL CRESCENT NW","assessed_value":178000},{"address":"4835.0 104A STREET NW","assessed_value":198500},{"address":"7688.0 SCHMID CRESCENT NW","assessed_value":404000},{"address":"8131.0 SHASKE DRIVE NW","assessed_value":565000},{"address":"10032.0 119 STREET NW","assessed_value":517500},{"address":"5843.0 RIVERBEND ROAD NW","assessed_value":188000},{"address":"7303.0 14A AVENUE SW","assessed_value":492000},{"address":"nan nan","assessed_value":4000},{"address":"nan nan","assessed_value":16000},{"address":"nan nan","assessed_value":3000},{"address":"4304.0 139 AVENUE NW","assessed_value":149000},{"address":"1217.0 DECKER WAY NW","assessed_value":805500},{"address":"1015.0 117A STREET SW","assessed_value":374000},{"address":"10434.0 125 STREET NW","assessed_value":115000},{"address":"1019.0 118A STREET SW","assessed_value":492500},{"address":"nan nan","assessed_value":14000},{"address":"nan nan","assessed_value":7500},{"address":"10149.0 83 AVENUE NW","assessed_value":131000},{"address":"628.0 61 STREET SW","assessed_value":502000},{"address":"nan nan","assessed_value":8500},{"address":"13005.0 140 AVENUE NW","assessed_value":176500},{"address":"1320.0 MALONE PLACE NW","assessed_value":655500},{"address":"13111.0 140 AVENUE NW","assessed_value":169000},{"address":"893.0 HODGINS ROAD NW","assessed_value":880500},{"address":"10640.0 111 STREET NW","assessed_value":81500},{"address":"nan nan","assessed_value":7000},{"address":"7544.0 SPEAKER WAY NW","assessed_value":575500},{"address":"1603.0 KERR ROAD NW","assessed_value":540000},{"address":"12110.0 119 AVENUE NW","assessed_value":117000},{"address":"5604.0 199 STREET NW","assessed_value":275500},{"address":"9939.0 109 STREET NW","assessed_value":159500},{"address":"3231.0 20 STREET NW","assessed_value":537500},{"address":"nan nan","assessed_value":16000},{"address":"11445.0 ELLERSLIE ROAD SW","assessed_value":167000},{"address":"21136.0 46 AVENUE NW","assessed_value":476500},{"address":"1420.0 75 STREET SW","assessed_value":358500},{"address":"4827.0 104A STREET NW","assessed_value":206500},{"address":"8426.0 SLOANE CRESCENT NW","assessed_value":610000},{"address":"160.0 MAGRATH ROAD NW","assessed_value":279000},{"address":"309.0 CLAREVIEW STATION DRIVE NW","assessed_value":160000},{"address":"17824.0 87 STREET NW","assessed_value":433000},{"address":"8304.0 SUMMERSIDE GRANDE BOULEVARD SW","assessed_value":617000},{"address":"8760.0 STEIN LANE NW","assessed_value":445500},{"address":"16812.0 73 STREET NW","assessed_value":988500},{"address":"3224.0 26 AVENUE NW","assessed_value":558000},{"address":"nan nan","assessed_value":6500},{"address":"nan nan","assessed_value":4000},{"address":"13608.0 160 AVENUE NW","assessed_value":715000},{"address":"5350.0 199 STREET NW","assessed_value":165000},{"address":"16807.0 100 AVENUE NW","assessed_value":134000},{"address":"16205.0 55 STREET NW","assessed_value":519000},{"address":"4612.0 209 STREET NW","assessed_value":603500},{"address":"nan nan","assessed_value":9500},{"address":"nan nan","assessed_value":6500},{"address":"646.0 MCALLISTER LOOP SW","assessed_value":180500},{"address":"111.0 EDWARDS DRIVE SW","assessed_value":167500},{"address":"608.0 60 STREET SW","assessed_value":483500},{"address":"11445.0 ELLERSLIE ROAD SW","assessed_value":133000},{"address":"4416.0 MCCLUNG COURT NW","assessed_value":698500},{"address":"13907.0 136 STREET NW","assessed_value":172000},{"address":"1542.0 37B AVENUE NW","assessed_value":481000},{"address":"309.0 CLAREVIEW STATION DRIVE NW","assessed_value":156500},{"address":"21926.0 94A AVENUE NW","assessed_value":528500},{"address":"nan nan","assessed_value":7000},{"address":"11441.0 ELLERSLIE ROAD SW","assessed_value":173000},{"address":"nan nan","assessed_value":6500},{"address":"450.0 HYNDMAN CRESCENT NW","assessed_value":255000},{"address":"13111.0 140 AVENUE NW","assessed_value":194500},{"address":"5537.0 MCLUHAN BLUFF NW","assessed_value":1152000},{"address":"nan nan","assessed_value":4000},{"address":"21312.0 48 AVENUE NW","assessed_value":355000},{"address":"841.0 156 STREET NW","assessed_value":522000},{"address":"4916.0 210 STREET NW","assessed_value":756500},{"address":"5833.0 RIVERBEND ROAD NW","assessed_value":163000},{"address":"646.0 MCALLISTER LOOP SW","assessed_value":9500},{"address":"11444.0 13 AVENUE SW","assessed_value":380500},{"address":"12050.0 17 AVENUE SW","assessed_value":254500},{"address":"4609.0 160 AVENUE NW","assessed_value":421500},{"address":"13635.0 34 STREET NW","assessed_value":110500},{"address":"160.0 MAGRATH ROAD NW","assessed_value":267500},{"address":"6103.0 5 AVENUE SW","assessed_value":477000},{"address":"nan nan","assessed_value":3000},{"address":"13710.0 150 AVENUE NW","assessed_value":156500},{"address":"3040.0 SPENCE WYND SW","assessed_value":180500},{"address":"4814.0 209A STREET NW","assessed_value":646500},{"address":"6027.0 164 AVENUE NW","assessed_value":557500},{"address":"12831.0 66 STREET NW","assessed_value":50500},{"address":"4812.0 159 AVENUE NW","assessed_value":578500},{"address":"2503.0 24 STREET NW","assessed_value":293500},{"address":"8509.0 149 STREET NW","assessed_value":8500},{"address":"nan nan","assessed_value":3000},{"address":"1115.0 35 AVENUE NW","assessed_value":432000},{"address":"nan nan","assessed_value":8500},{"address":"4619.0 204 STREET NW","assessed_value":494500},{"address":"nan nan","assessed_value":8000},{"address":"nan nan","assessed_value":6500},{"address":"nan nan","assessed_value":7500},{"address":"nan nan","assessed_value":7000},{"address":"2436.0 GUARDIAN ROAD NW","assessed_value":166500},{"address":"nan nan","assessed_value":8500},{"address":"nan nan","assessed_value":10000},{"address":"10639.0 112 STREET NW","assessed_value":53000},{"address":"17843.0 84 STREET NW","assessed_value":548500},{"address":"6483.0 SANDIN CRESCENT NW","assessed_value":589500},{"address":"nan nan","assessed_value":7500},{"address":"4832.0 212 STREET NW","assessed_value":603500},{"address":"5620.0 208 STREET NW","assessed_value":511000},{"address":"4827.0 104A STREET NW","assessed_value":201500},{"address":"12016.0 21 AVENUE SW","assessed_value":503000},{"address":"nan nan","assessed_value":3000},{"address":"2096.0 BLACKMUD CREEK DRIVE SW","assessed_value":218000},{"address":"13111.0 140 AVENUE NW","assessed_value":174000},{"address":"646.0 MCALLISTER LOOP SW","assessed_value":164500},{"address":"6708.0 17 AVENUE SW","assessed_value":730500},{"address":"11449.0 ELLERSLIE ROAD SW","assessed_value":168500},{"address":"nan nan","assessed_value":4000},{"address":"nan nan","assessed_value":3000},{"address":"5558.0 MCLUHAN BLUFF NW","assessed_value":1214500},{"address":"11445.0 ELLERSLIE ROAD SW","assessed_value":128500},{"address":"111.0 EDWARDS DRIVE SW","assessed_value":161000},{"address":"8528.0 82 AVENUE NW","assessed_value":162000},{"address":"2816.0 34 AVENUE NW","assessed_value":261500},{"address":"8528.0 82 AVENUE NW","assessed_value":131000},{"address":"210.0 BRINTNELL BOULEVARD NW","assessed_value":297000},{"address":"9510.0 85 STREET NW","assessed_value":101000},{"address":"111.0 EDWARDS DRIVE SW","assessed_value":159000},{"address":"10555.0 93 STREET NW","assessed_value":82500},{"address":"4899.0 TERWILLEGAR COMMON NW","assessed_value":460000},{"address":"11735.0 124 STREET NW","assessed_value":73500},{"address":"nan nan","assessed_value":7500},{"address":"11214.0 80 STREET NW","assessed_value":127000},{"address":"111.0 EDWARDS DRIVE SW","assessed_value":168500},{"address":"nan nan","assessed_value":2500},{"address":"6009.0 STINSON ROAD NW","assessed_value":618000},{"address":"4755.0 TERWILLEGAR COMMON NW","assessed_value":319000},{"address":"nan nan","assessed_value":4500},{"address":"12550.0 140 AVENUE NW","assessed_value":168000},{"address":"9008.0 SCOTT CRESCENT NW","assessed_value":499000},{"address":"nan nan","assessed_value":9500},{"address":"208.0 61 STREET SW","assessed_value":450000},{"address":"16761.0 119 STREET NW","assessed_value":472500},{"address":"20327.0 47 AVENUE NW","assessed_value":624500},{"address":"nan nan","assessed_value":14500},{"address":"1469.0 37A AVENUE NW","assessed_value":553000},{"address":"4120.0 MACNEIL COURT NW","assessed_value":882500},{"address":"nan nan","assessed_value":4000},{"address":"8717.0 STEIN LANE NW","assessed_value":364000},{"address":"16623.0 59 STREET NW","assessed_value":480000},{"address":"8619.0 178 AVENUE NW","assessed_value":542500},{"address":"4607.0 207 STREET NW","assessed_value":575500},{"address":"nan nan","assessed_value":9500},{"address":"5056.0 MCLUHAN ROAD NW","assessed_value":846500},{"address":"nan nan","assessed_value":4000},{"address":"139.0 63 STREET SW","assessed_value":450500},{"address":"20419.0 46 AVENUE NW","assessed_value":571000},{"address":"8024.0 109 STREET NW","assessed_value":407000},{"address":"5350.0 199 STREET NW","assessed_value":186500},{"address":"4304.0 139 AVENUE NW","assessed_value":122000},{"address":"nan nan","assessed_value":22500},{"address":"nan nan","assessed_value":6500},{"address":"nan nan","assessed_value":22500},{"address":"nan nan","assessed_value":9500},{"address":"10139.0 155 STREET NW","assessed_value":87000},{"address":"10319.0 111 STREET NW","assessed_value":176500},{"address":"6109.0 STINSON WAY NW","assessed_value":727000},{"address":"3010.0 33 AVENUE NW","assessed_value":252000},{"address":"4615.0 207 STREET NW","assessed_value":572500},{"address":"1479.0 37C AVENUE NW","assessed_value":617000},{"address":"14208.0 36 STREET NW","assessed_value":295000},{"address":"7515.0 169 AVENUE NW","assessed_value":588000},{"address":"120.0 MAGRATH ROAD NW","assessed_value":328500},{"address":"16807.0 100 AVENUE NW","assessed_value":154500},{"address":"5320.0 MULLEN BEND NW","assessed_value":1124000},{"address":"11339.0 13 AVENUE SW","assessed_value":520500},{"address":"7251.0 67 STREET NW","assessed_value":376500},{"address":"1924.0 126 STREET SW","assessed_value":555000},{"address":"20012.0 46 AVENUE NW","assessed_value":650000},{"address":"7696.0 SCHMID CRESCENT NW","assessed_value":444000},{"address":"12831.0 66 STREET NW","assessed_value":51000},{"address":"16206.0 54A STREET NW","assessed_value":435000},{"address":"nan nan","assessed_value":9500},{"address":"6024.0 165 AVENUE NW","assessed_value":520500},{"address":"12550.0 140 AVENUE NW","assessed_value":148500},{"address":"3439.0 16 STREET NW","assessed_value":179000},{"address":"4528.0 210 STREET NW","assessed_value":510000},{"address":"16413.0 53 STREET NW","assessed_value":401500},{"address":"12928.0 64 STREET NW","assessed_value":58000},{"address":"5924.0 5 AVENUE SW","assessed_value":532000},{"address":"20764.0 90 AVENUE NW","assessed_value":651000},{"address":"7261.0 SOUTH TERWILLEGAR DRIVE NW","assessed_value":407000},{"address":"4209.0 161 AVENUE NW","assessed_value":455000},{"address":"11404.0 13 AVENUE SW","assessed_value":366000},{"address":"12928.0 64 STREET NW","assessed_value":54500},{"address":"326.0 CALLAGHAN CLOSE SW","assessed_value":723500},{"address":"6426.0 1A AVENUE SW","assessed_value":396000},{"address":"2203.0 STAN WATERS AVENUE NW","assessed_value":765000},{"address":"8404.0 16A AVENUE SW","assessed_value":642500},{"address":"nan nan","assessed_value":7500},{"address":"6939.0 STROM LANE NW","assessed_value":583500},{"address":"6608.0 158 AVENUE NW","assessed_value":264000},{"address":"2427.0 SAN FORTUNATO STREET NW","assessed_value":838500},{"address":"17603.0 86 STREET NW","assessed_value":573500},{"address":"304.0 LEWIS ESTATES BOULEVARD NW","assessed_value":195000},{"address":"nan nan","assessed_value":18500},{"address":"5645.0 208 STREET NW","assessed_value":18500},{"address":"5840.0 166 AVENUE NW","assessed_value":446000},{"address":"nan nan","assessed_value":8000},{"address":"9525.0 162 AVENUE NW","assessed_value":155500},{"address":"nan nan","assessed_value":9500},{"address":"1319.0 118A STREET SW","assessed_value":547000},{"address":"6105.0 MAYNARD CRESCENT NW","assessed_value":648500},{"address":"11907.0 JASPER AVENUE NW","assessed_value":527500},{"address":"16807.0 100 AVENUE NW","assessed_value":153000},{"address":"11120.0 68 AVENUE NW","assessed_value":244000},{"address":"nan nan","assessed_value":7000},{"address":"4519.0 212A STREET NW","assessed_value":354500},{"address":"343.0 BRINTNELL BOULEVARD NW","assessed_value":398000},{"address":"nan nan","assessed_value":5500},{"address":"10730.0 84 AVENUE NW","assessed_value":143500},{"address":"9056.0 208 STREET NW","assessed_value":621500},{"address":"nan nan","assessed_value":7000},{"address":"10740.0 105 STREET NW","assessed_value":72500},{"address":"995.0 RUTHERFORD ROAD SW","assessed_value":516500},{"address":"nan nan","assessed_value":9500},{"address":"2223.0 MARTELL PLACE NW","assessed_value":1070000},{"address":"11917.0 21 AVENUE SW","assessed_value":389500},{"address":"2705.0 23 STREET NW","assessed_value":343000},{"address":"nan nan","assessed_value":3000},{"address":"nan nan","assessed_value":7500},{"address":"2816.0 34 AVENUE NW","assessed_value":282500},{"address":"8528.0 82 AVENUE NW","assessed_value":139500},{"address":"12925.0 65 STREET NW","assessed_value":96000},{"address":"1412.0 37B AVENUE NW","assessed_value":466000},{"address":"nan nan","assessed_value":7500},{"address":"3040.0 SPENCE WYND SW","assessed_value":187000},{"address":"16208.0 136 STREET NW","assessed_value":505000},{"address":"10319.0 111 STREET NW","assessed_value":259000},{"address":"nan nan","assessed_value":9500},{"address":"7511.0 171 STREET NW","assessed_value":154500},{"address":"2115.0 HAMMOND COURT NW","assessed_value":353000},{"address":"10920.0 53 AVENUE NW","assessed_value":115500},{"address":"624.0 LEGER WAY NW","assessed_value":622500},{"address":"3111.0 25 AVENUE NW","assessed_value":499500},{"address":"4610.0 160 AVENUE NW","assessed_value":507000},{"address":"5280.0 TERWILLEGAR BOULEVARD NW","assessed_value":152500},{"address":"nan nan","assessed_value":14000},{"address":"nan nan","assessed_value":7000},{"address":"nan nan","assessed_value":9500},{"address":"nan nan","assessed_value":6500},{"address":"4606.0 160 AVENUE NW","assessed_value":515000},{"address":"632.0 LEGER WAY NW","assessed_value":550000},{"address":"111.0 EDWARDS DRIVE SW","assessed_value":119500},{"address":"10124.0 159 STREET NW","assessed_value":101000},{"address":"17915.0 91 STREET NW","assessed_value":470000},{"address":"7223.0 170 AVENUE NW","assessed_value":704000},{"address":"367.0 BRINTNELL BOULEVARD NW","assessed_value":453500},{"address":"319.0 CALLAGHAN CLOSE SW","assessed_value":584500},{"address":"171.0 BRINTNELL BOULEVARD NW","assessed_value":262000},{"address":"7511.0 171 STREET NW","assessed_value":164500},{"address":"9103.0 207 STREET NW","assessed_value":519500},{"address":"2096.0 BLACKMUD CREEK DRIVE SW","assessed_value":172000},{"address":"12720.0 72 STREET NW","assessed_value":249500},{"address":"3519.0 11 STREET NW","assessed_value":390000},{"address":"nan nan","assessed_value":18500},{"address":"4016.0 157 AVENUE NW","assessed_value":451000},{"address":"nan nan","assessed_value":3000},{"address":"11140.0 68 AVENUE NW","assessed_value":329000},{"address":"nan nan","assessed_value":9500},{"address":"10719.0 110 STREET NW","assessed_value":94000},{"address":"11429.0 13 AVENUE SW","assessed_value":374500},{"address":"6012.0 SOUTH TERWILLEGAR BOULEVARD NW","assessed_value":369500},{"address":"243.0 AMBLESIDE DRIVE SW","assessed_value":582000},{"address":"6232.0 4 AVENUE SW","assessed_value":499500},{"address":"4304.0 139 AVENUE NW","assessed_value":144500},{"address":"nan nan","assessed_value":4500},{"address":"9004.0 18 AVENUE SW","assessed_value":7500},{"address":"5711.0 MCLUHAN BAY NW","assessed_value":835500},{"address":"nan nan","assessed_value":8500},{"address":"16425.0 60A STREET NW","assessed_value":548500},{"address":"3425.0 19 STREET NW","assessed_value":171000},{"address":"7303.0 97 STREET NW","assessed_value":488500},{"address":"nan nan","assessed_value":4000},{"address":"12928.0 64 STREET NW","assessed_value":56000},{"address":"5307.0 164 AVENUE NW","assessed_value":509000},{"address":"nan nan","assessed_value":6500},{"address":"171.0 BRINTNELL BOULEVARD NW","assessed_value":258500},{"address":"nan nan","assessed_value":3000},{"address":"13635.0 34 STREET NW","assessed_value":151500},{"address":"nan nan","assessed_value":7500},{"address":"9004.0 16 AVENUE SW","assessed_value":1682000},{"address":"nan nan","assessed_value":22500},{"address":"11218.0 80 STREET NW","assessed_value":125500},{"address":"21315.0 59 AVENUE NW","assessed_value":375000},{"address":"nan nan","assessed_value":9500},{"address":"8807.0 101 STREET NW","assessed_value":101500},{"address":"3136.0 25 AVENUE NW","assessed_value":518500},{"address":"nan nan","assessed_value":5000},{"address":"13005.0 140 AVENUE NW","assessed_value":155000},{"address":"3703.0 11 STREET NW","assessed_value":393500},{"address":"nan nan","assessed_value":5500},{"address":"7511.0 171 STREET NW","assessed_value":117500},{"address":"11834.0 86 STREET NW","assessed_value":82000},{"address":"4373.0 MCCLUNG CRESCENT NW","assessed_value":790000},{"address":"nan nan","assessed_value":7500},{"address":"nan nan","assessed_value":500},{"address":"4831.0 104A STREET NW","assessed_value":213000},{"address":"10520.0 80 AVENUE NW","assessed_value":199000},{"address":"20611.0 91 AVENUE NW","assessed_value":475000},{"address":"6129.0 STINSON WAY NW","assessed_value":463000},{"address":"6035.0 4 AVENUE SW","assessed_value":681500},{"address":"10740.0 105 STREET NW","assessed_value":100000},{"address":"3058.0 SPENCE WYND SW","assessed_value":558500},{"address":"nan nan","assessed_value":4000},{"address":"5604.0 199 STREET NW","assessed_value":270000},{"address":"5604.0 199 STREET NW","assessed_value":287500},{"address":"5350.0 199 STREET NW","assessed_value":201000},{"address":"nan nan","assessed_value":14500},{"address":"10949.0 109 STREET NW","assessed_value":66000},{"address":"4215.0 105B AVENUE NW","assessed_value":1032500},{"address":"5828.0 214 STREET NW","assessed_value":515000},{"address":"226.0 MACEWAN ROAD SW","assessed_value":169000},{"address":"nan nan","assessed_value":7500},{"address":"nan nan","assessed_value":2500},{"address":"1128.0 156 STREET NW","assessed_value":326500},{"address":"nan nan","assessed_value":18500},{"address":"10514.0 92 STREET NW","assessed_value":53500},{"address":"10319.0 111 STREET NW","assessed_value":238500},{"address":"16107.0 49 STREET NW","assessed_value":545500},{"address":"17407.0 108 STREET NW","assessed_value":1031000},{"address":"3703.0 140 AVENUE NW","assessed_value":560000},{"address":"23080.0 34 STREET NW","assessed_value":461500},{"address":"nan nan","assessed_value":7500},{"address":"nan nan","assessed_value":9500},{"address":"4504.0 162 AVENUE NW","assessed_value":622000},{"address":"2008.0 71 STREET SW","assessed_value":467000},{"address":"10255.0 117 STREET NW","assessed_value":118500},{"address":"10149.0 83 AVENUE NW","assessed_value":184500},{"address":"880.0 HODGINS ROAD NW","assessed_value":834500},{"address":"2120.0 HAMMOND COURT NW","assessed_value":347500},{"address":"160.0 MAGRATH ROAD NW","assessed_value":271000},{"address":"21603.0 115 AVENUE NW","assessed_value":1916000},{"address":"2503.0 24 STREET NW","assessed_value":293000},{"address":"7212.0 168 AVENUE NW","assessed_value":715000},{"address":"9939.0 109 STREET NW","assessed_value":227000},{"address":"5042.0 MCLUHAN ROAD NW","assessed_value":972000},{"address":"nan nan","assessed_value":6500},{"address":"6716.0 17 AVENUE SW","assessed_value":827000},{"address":"nan nan","assessed_value":9500},{"address":"11040.0 82 STREET NW","assessed_value":83500},{"address":"nan nan","assessed_value":7500},{"address":"8528.0 82 AVENUE NW","assessed_value":157000},{"address":"11449.0 ELLERSLIE ROAD SW","assessed_value":172000},{"address":"3140.0 SPENCE WYND SW","assessed_value":563000},{"address":"10131.0 159 STREET NW","assessed_value":99500},{"address":"11606.0 108 AVENUE NW","assessed_value":137000},{"address":"nan nan","assessed_value":22500},{"address":"20427.0 48 AVENUE NW","assessed_value":431000},{"address":"nan nan","assessed_value":7500},{"address":"nan nan","assessed_value":9500},{"address":"4304.0 139 AVENUE NW","assessed_value":140000},{"address":"3404.0 118 AVENUE NW","assessed_value":659500},{"address":"224.0 60 STREET SW","assessed_value":471000},{"address":"10335.0 117 STREET NW","assessed_value":152500},{"address":"nan nan","assessed_value":7500},{"address":"1130.0 TORY ROAD NW","assessed_value":158500},{"address":"2912.0 25 AVENUE NW","assessed_value":517500},{"address":"4407.0 23 STREET NW","assessed_value":130000},{"address":"2750.0 55 STREET NW","assessed_value":161500},{"address":"nan nan","assessed_value":9500},{"address":"12550.0 140 AVENUE NW","assessed_value":146500},{"address":"7203.0 16 AVENUE SW","assessed_value":343500},{"address":"nan nan","assessed_value":5500},{"address":"16412.0 59 STREET NW","assessed_value":400500},{"address":"704.0 60 STREET SW","assessed_value":474500},{"address":"8413.0 SLOANE CRESCENT NW","assessed_value":543500},{"address":"1805.0 ROBERTSON CRESCENT SW","assessed_value":556000},{"address":"10745.0 83 AVENUE NW","assessed_value":217000},{"address":"6210.0 MAYNARD POINT NW","assessed_value":914000},{"address":"150.0 EDWARDS DRIVE SW","assessed_value":176500},{"address":"16316.0 55 STREET NW","assessed_value":502000},{"address":"6103.0 98 AVENUE NW","assessed_value":70000},{"address":"14113.0 147A AVENUE NW","assessed_value":475000},{"address":"11438.0 13 AVENUE SW","assessed_value":362500},{"address":"1129.0 37A AVENUE NW","assessed_value":418000},{"address":"12915.0 65 STREET NW","assessed_value":95000},{"address":"16035.0 132 STREET NW","assessed_value":224000},{"address":"4831.0 104A STREET NW","assessed_value":167500},{"address":"8427.0 SLOANE CRESCENT NW","assessed_value":588000},{"address":"2335.0 28 AVENUE NW","assessed_value":416000},{"address":"nan nan","assessed_value":3000},{"address":"2507.0 29 STREET NW","assessed_value":402500},{"address":"nan nan","assessed_value":4000},{"address":"646.0 MCALLISTER LOOP SW","assessed_value":171000},{"address":"nan nan","assessed_value":7500},{"address":"6215.0 98 AVENUE NW","assessed_value":73000},{"address":"4407.0 23 STREET NW","assessed_value":195500},{"address":"13908.0 136 STREET NW","assessed_value":171000},{"address":"6608.0 158 AVENUE NW","assessed_value":294500},{"address":"9020.0 JASPER AVENUE NW","assessed_value":221500},{"address":"4723.0 160 AVENUE NW","assessed_value":388000},{"address":"2031.0 BRENNAN CRESCENT NW","assessed_value":485500},{"address":"646.0 MCALLISTER LOOP SW","assessed_value":177000},{"address":"8774.0 STEIN LANE NW","assessed_value":416500},{"address":"17912.0 89 STREET NW","assessed_value":422000},{"address":"1432.0 70 STREET SW","assessed_value":410500},{"address":"11716.0 10 AVENUE SW","assessed_value":368000},{"address":"250.0 MAGRATH BOULEVARD NW","assessed_value":847500},{"address":"3425.0 19 STREET NW","assessed_value":158500},{"address":"10939.0 109 STREET NW","assessed_value":82000},{"address":"nan nan","assessed_value":7000},{"address":"9707.0 106 STREET NW","assessed_value":261000},{"address":"3610.0 43 AVENUE NW","assessed_value":102000},{"address":"11140.0 68 AVENUE NW","assessed_value":298500},{"address":"5624.0 208 STREET NW","assessed_value":481000},{"address":"7208.0 16 AVENUE SW","assessed_value":344500},{"address":"6224.0 5 AVENUE SW","assessed_value":656500},{"address":"6130.0 MAYNARD CRESCENT NW","assessed_value":711500},{"address":"6464.0 SANDIN CRESCENT NW","assessed_value":609000},{"address":"2565.0 HANNA CRESCENT NW","assessed_value":294500},{"address":"10710.0 84 AVENUE NW","assessed_value":149500},{"address":"653.0 LEGER WAY NW","assessed_value":619500},{"address":"160.0 MAGRATH ROAD NW","assessed_value":268500},{"address":"10555.0 93 STREET NW","assessed_value":77000},{"address":"nan nan","assessed_value":500},{"address":"10640.0 111 STREET NW","assessed_value":79500},{"address":"nan nan","assessed_value":9500},{"address":"nan nan","assessed_value":3000},{"address":"nan nan","assessed_value":7500},{"address":"5913.0 GATEWAY BOULEVARD NW","assessed_value":3342000},{"address":"13104.0 132 AVENUE NW","assessed_value":87500},{"address":"150.0 EDWARDS DRIVE SW","assessed_value":180000},{"address":"1617.0 KERR ROAD NW","assessed_value":518000},{"address":"10149.0 83 AVENUE NW","assessed_value":126000},{"address":"309.0 CLAREVIEW STATION DRIVE NW","assessed_value":160500},{"address":"2341.0 LEMIEUX PLACE NW","assessed_value":401000},{"address":"11908.0 21 AVENUE SW","assessed_value":384000},{"address":"nan nan","assessed_value":6500},{"address":"10503.0 98 AVENUE NW","assessed_value":182500},{"address":"5209.0 164 AVENUE NW","assessed_value":372000},{"address":"11303.0 103 AVENUE NW","assessed_value":130000},{"address":"nan nan","assessed_value":5500},{"address":"nan nan","assessed_value":7500},{"address":"nan nan","assessed_value":6500},{"address":"nan nan","assessed_value":9500},{"address":"2716.0 TERWILLEGAR WAY NW","assessed_value":420500},{"address":"7510.0 89 STREET NW","assessed_value":324500},{"address":"7511.0 171 STREET NW","assessed_value":128500},{"address":"7718.0 SCHMID CRESCENT NW","assessed_value":406500},{"address":"2750.0 55 STREET NW","assessed_value":149500},{"address":"17923.0 89 STREET NW","assessed_value":629000},{"address":"16110.0 43 STREET NW","assessed_value":390500},{"address":"322.0 MAPLE WOOD DRIVE NW","assessed_value":139500},{"address":"20515.0 48 AVENUE NW","assessed_value":499000},{"address":"nan nan","assessed_value":22500},{"address":"10021.0 116 STREET NW","assessed_value":85000},{"address":"nan nan","assessed_value":7500},{"address":"21232.0 45A AVENUE NW","assessed_value":349000},{"address":"nan nan","assessed_value":8000},{"address":"11620.0 127 AVENUE NW","assessed_value":240500},{"address":"505.0 ADAMS WAY SW","assessed_value":600500},{"address":"5340.0 199 STREET NW","assessed_value":189500},{"address":"nan nan","assessed_value":7000},{"address":"6120.0 8 AVENUE SW","assessed_value":529000},{"address":"18235.0 103 STREET NW","assessed_value":470500},{"address":"11918.0 21 AVENUE SW","assessed_value":377500},{"address":"708.0 HARDY POINT NW","assessed_value":563500},{"address":"12050.0 17 AVENUE SW","assessed_value":238000},{"address":"10320.0 161 STREET NW","assessed_value":15500},{"address":"10814.0 67 AVENUE NW","assessed_value":514000},{"address":"nan nan","assessed_value":18500},{"address":"nan nan","assessed_value":8500},{"address":"363.0 BRINTNELL BOULEVARD NW","assessed_value":400000},{"address":"1155.0 36 AVENUE NW","assessed_value":399000},{"address":"nan nan","assessed_value":18500},{"address":"16912.0 76 STREET NW","assessed_value":763000},{"address":"8703.0 STEIN LANE NW","assessed_value":363000},{"address":"nan nan","assessed_value":7500},{"address":"20411.0 46 AVENUE NW","assessed_value":522000},{"address":"9315.0 SIMPSON DRIVE NW","assessed_value":428000},{"address":"4831.0 104A STREET NW","assessed_value":147500},{"address":"2565.0 HANNA CRESCENT NW","assessed_value":230500},{"address":"nan nan","assessed_value":7500},{"address":"nan nan","assessed_value":6500},{"address":"11821.0 13A AVENUE SW","assessed_value":581500},{"address":"10503.0 98 AVENUE NW","assessed_value":147000},{"address":"157.0 62 STREET SW","assessed_value":452500},{"address":"6336.0 4 AVENUE SW","assessed_value":557000},{"address":"3609.0 28A STREET NW","assessed_value":718000},{"address":"150.0 EDWARDS DRIVE SW","assessed_value":167000},{"address":"1141.0 36A AVENUE NW","assessed_value":451500},{"address":"4924.0 207 STREET NW","assessed_value":506000},{"address":"nan nan","assessed_value":7500},{"address":"1112.0 36 AVENUE NW","assessed_value":451500},{"address":"1128.0 156 STREET NW","assessed_value":317000},{"address":"2545.0 116 STREET NW","assessed_value":103500},{"address":"4209.0 156A AVENUE NW","assessed_value":522500},{"address":"8644.0 177 AVENUE NW","assessed_value":458000},{"address":"nan nan","assessed_value":9500},{"address":"5055.0 MCLUHAN ROAD NW","assessed_value":1067000},{"address":"16409.0 59 STREET NW","assessed_value":403000},{"address":"8204.0 SUMMERSIDE GRANDE BOULEVARD SW","assessed_value":596500},{"address":"10503.0 98 AVENUE NW","assessed_value":183500},{"address":"nan nan","assessed_value":4000},{"address":"3425.0 21A STREET NW","assessed_value":526000},{"address":"9939.0 109 STREET NW","assessed_value":167000},{"address":"9477.0 219 STREET NW","assessed_value":686500},{"address":"nan nan","assessed_value":7500},{"address":"1209.0 AINSLIE WAY SW","assessed_value":646000},{"address":"21140.0 46 AVENUE NW","assessed_value":552500},{"address":"16035.0 132 STREET NW","assessed_value":229500},{"address":"nan nan","assessed_value":4000},{"address":"nan nan","assessed_value":9500},{"address":"3040.0 SPENCE WYND SW","assessed_value":190000},{"address":"3235.0 25 AVENUE NW","assessed_value":489000},{"address":"10808.0 175 AVENUE NW","assessed_value":884500},{"address":"3220.0 151 AVENUE NW","assessed_value":520000},{"address":"7511.0 171 STREET NW","assessed_value":144000},{"address":"3540.0 MCLAY CRESCENT NW","assessed_value":769500},{"address":"9020.0 JASPER AVENUE NW","assessed_value":250000},{"address":"10621.0 79 AVENUE NW","assessed_value":109500},{"address":"nan nan","assessed_value":6500},{"address":"10904.0 175 AVENUE NW","assessed_value":601000},{"address":"nan nan","assessed_value":9500},{"address":"nan nan","assessed_value":3000},{"address":"20515.0 92 AVENUE NW","assessed_value":482500},{"address":"309.0 CLAREVIEW STATION DRIVE NW","assessed_value":163500},{"address":"nan nan","assessed_value":18500},{"address":"450.0 HYNDMAN CRESCENT NW","assessed_value":250000},{"address":"5350.0 199 STREET NW","assessed_value":163000},{"address":"16035.0 132 STREET NW","assessed_value":197500},{"address":"3610.0 43 AVENUE NW","assessed_value":89000},{"address":"3908.0 161 AVENUE NW","assessed_value":348000},{"address":"1529.0 37B AVENUE NW","assessed_value":493500},{"address":"nan nan","assessed_value":7000},{"address":"14208.0 36 STREET NW","assessed_value":291500},{"address":"149.0 62 STREET SW","assessed_value":439500},{"address":"nan nan","assessed_value":8000},{"address":"405.0 BRINTNELL BOULEVARD NW","assessed_value":511000},{"address":"nan nan","assessed_value":2500},{"address":"954.0 SUMMERSIDE LINK SW","assessed_value":608000},{"address":"nan nan","assessed_value":2500},{"address":"nan nan","assessed_value":5500},{"address":"3610.0 43 AVENUE NW","assessed_value":87000},{"address":"4941.0 TERWILLEGAR COMMON NW","assessed_value":490000},{"address":"nan nan","assessed_value":4500},{"address":"16422.0 60A STREET NW","assessed_value":554500},{"address":"nan nan","assessed_value":16000},{"address":"2011.0 126 STREET SW","assessed_value":605500},{"address":"150.0 EDWARDS DRIVE SW","assessed_value":249500},{"address":"nan nan","assessed_value":9500},{"address":"2508.0 HANNA CRESCENT NW","assessed_value":250500},{"address":"16035.0 132 STREET NW","assessed_value":229500},{"address":"5414.0 162A AVENUE NW","assessed_value":432500},{"address":"1555.0 37C AVENUE NW","assessed_value":491000},{"address":"nan nan","assessed_value":4000},{"address":"14259.0 50 STREET NW","assessed_value":133000},{"address":"14719.0 140 STREET NW","assessed_value":404500},{"address":"9525.0 162 AVENUE NW","assessed_value":149000},{"address":"nan nan","assessed_value":18500},{"address":"1807.0 90A STREET SW","assessed_value":1750000},{"address":"nan nan","assessed_value":9500},{"address":"11218.0 80 STREET NW","assessed_value":134000},{"address":"10028.0 119 STREET NW","assessed_value":358500},{"address":"3131.0 25 AVENUE NW","assessed_value":515500},{"address":"13710.0 150 AVENUE NW","assessed_value":164000},{"address":"nan nan","assessed_value":22500},{"address":"13403.0 161 AVENUE NW","assessed_value":543000},{"address":"nan nan","assessed_value":4500},{"address":"120.0 MAGRATH ROAD NW","assessed_value":326500},{"address":"13908.0 136 STREET NW","assessed_value":169500},{"address":"3212.0 20 STREET NW","assessed_value":583000},{"address":"4477.0 MCCRAE AVENUE NW","assessed_value":400000},{"address":"12550.0 140 AVENUE NW","assessed_value":156000},{"address":"12915.0 65 STREET NW","assessed_value":100000},{"address":"160.0 MAGRATH ROAD NW","assessed_value":224000},{"address":"11040.0 129 STREET NW","assessed_value":70000},{"address":"8120.0 SHASKE DRIVE NW","assessed_value":512000},{"address":"2024.0 33A AVENUE NW","assessed_value":448000},{"address":"1524.0 75 STREET SW","assessed_value":348000},{"address":"nan nan","assessed_value":8500},{"address":"2816.0 34 AVENUE NW","assessed_value":267500},{"address":"2324.0 MARTELL LANE NW","assessed_value":1117500},{"address":"16035.0 132 STREET NW","assessed_value":181000},{"address":"2353.0 27 AVENUE NW","assessed_value":423500},{"address":"nan nan","assessed_value":9500},{"address":"nan nan","assessed_value":7500},{"address":"10305.0 116 STREET NW","assessed_value":120500},{"address":"16749.0 112A STREET NW","assessed_value":468500},{"address":"nan nan","assessed_value":7500},{"address":"160.0 MAGRATH ROAD NW","assessed_value":254500},{"address":"10145.0 113 STREET NW","assessed_value":92500},{"address":"10740.0 105 STREET NW","assessed_value":130500},{"address":"3811.0 MACNEIL HEATH NW","assessed_value":1725000},{"address":"10309.0 107 STREET NW","assessed_value":465000},{"address":"6443.0 SANDIN CRESCENT NW","assessed_value":687500},{"address":"240.0 HEMINGWAY ROAD NW","assessed_value":154500},{"address":"nan nan","assessed_value":4000},{"address":"nan nan","assessed_value":7000},{"address":"2096.0 BLACKMUD CREEK DRIVE SW","assessed_value":190500},{"address":"2915.0 24 AVENUE NW","assessed_value":463500},{"address":"10227.0 155 STREET NW","assessed_value":326000},{"address":"646.0 MCALLISTER LOOP SW","assessed_value":172500},{"address":"6978.0 STROM LANE NW","assessed_value":531000},{"address":"150.0 EDWARDS DRIVE SW","assessed_value":239000},{"address":"nan nan","assessed_value":9500},{"address":"2436.0 GUARDIAN ROAD NW","assessed_value":151000},{"address":"2338.0 FREZENBERG AVENUE NW","assessed_value":754000},{"address":"nan nan","assessed_value":7500},{"address":"nan nan","assessed_value":9500},{"address":"10555.0 83 AVENUE NW","assessed_value":145500},{"address":"11735.0 124 STREET NW","assessed_value":73000},{"address":"10555.0 93 STREET NW","assessed_value":79500},{"address":"16108.0 49 STREET NW","assessed_value":520000},{"address":"nan nan","assessed_value":4000},{"address":"17415.0 99 AVENUE NW","assessed_value":193000},{"address":"135.0 AMBLESIDE DRIVE SW","assessed_value":679000},{"address":"21008.0 46 AVENUE NW","assessed_value":558000},{"address":"nan nan","assessed_value":7000},{"address":"16807.0 100 AVENUE NW","assessed_value":159500},{"address":"3704.0 16 STREET NW","assessed_value":547500},{"address":"1130.0 TORY ROAD NW","assessed_value":182500},{"address":"274.0 MAGRATH BOULEVARD NW","assessed_value":899000},{"address":"nan nan","assessed_value":7500},{"address":"12722.0 118 AVENUE NW","assessed_value":62000},{"address":"9067.0 SCOTT CRESCENT NW","assessed_value":366000},{"address":"nan nan","assessed_value":9500},{"address":"nan nan","assessed_value":7500}]