[{"address":"15847.0 69 STREET NW","assessed_value":348000},{"address":"4293.0 95 STREET NW","assessed_value":276500},{"address":"1655.0 WELBOURN COVE NW","assessed_value":522000},{"address":"12297.0 129A STREET NW","assessed_value":93000},{"address":"13910.0 STONY PLAIN ROAD NW","assessed_value":126500},{"address":"11319.0 93 STREET NW","assessed_value":290000},{"address":"10137.0 88 STREET NW","assessed_value":1155500},{"address":"10125.0 109 STREET NW","assessed_value":149000},{"address":"27.0 CORMACK CRESCENT NW","assessed_value":780500},{"address":"10085.0 100 STREET NW","assessed_value":700500},{"address":"16234.0 57 STREET NW","assessed_value":324000},{"address":"14421.0 88A STREET NW","assessed_value":112000},{"address":"15405.0 103 AVENUE NW","assessed_value":276500},{"address":"237.0 WOODVALE ROAD WEST NW","assessed_value":103000},{"address":"13910.0 STONY PLAIN ROAD NW","assessed_value":100000},{"address":"2703.0 44A AVENUE NW","assessed_value":423000},{"address":"908.0 114A STREET NW","assessed_value":505500},{"address":"11705.0 97 STREET NW","assessed_value":233500},{"address":"10511.0 154 AVENUE NW","assessed_value":211500},{"address":"13910.0 STONY PLAIN ROAD NW","assessed_value":138500},{"address":"949.0 ORMSBY WYND NW","assessed_value":485000},{"address":"321.0 WEBER WAY NW","assessed_value":752000},{"address":"10145.0 109 STREET NW","assessed_value":120500},{"address":"13421.0 ST ALBERT TRAIL NW","assessed_value":3061500},{"address":"5927.0 152C AVENUE NW","assessed_value":451000},{"address":"15304.0 131 STREET NW","assessed_value":528000},{"address":"nan nan","assessed_value":8000},{"address":"4812.0 15 AVENUE NW","assessed_value":398500},{"address":"12824.0 144 AVENUE NW","assessed_value":416500},{"address":"8818.0 189 STREET NW","assessed_value":324000},{"address":"10807.0 19B AVENUE NW","assessed_value":418500},{"address":"12831.0 108 STREET NW","assessed_value":379000},{"address":"4299.0 95 STREET NW","assessed_value":272500},{"address":"14321.0 128A STREET NW","assessed_value":427500},{"address":"8728.0 GATEWAY BOULEVARD NW","assessed_value":165500},{"address":"nan nan","assessed_value":7500},{"address":"18935.0 89 AVENUE NW","assessed_value":619500},{"address":"19039.0 71 AVENUE NW","assessed_value":406000},{"address":"529.0 BUCHANAN ROAD NW","assessed_value":640000},{"address":"728.0 WILKIN CLOSE NW","assessed_value":499000},{"address":"8315.0 105 STREET NW","assessed_value":253000},{"address":"3628.0 30 STREET NW","assessed_value":470000},{"address":"5125.0 RIVERBEND ROAD NW","assessed_value":97000},{"address":"65.0 JACKSON ROAD NW","assessed_value":258000},{"address":"10515.0 132 STREET NW","assessed_value":861500},{"address":"1030.0 WEDGEWOOD BOULEVARD NW","assessed_value":13500},{"address":"17620.0 90A AVENUE NW","assessed_value":462500},{"address":"10035.0 164 STREET NW","assessed_value":71500},{"address":"705.0 BUTTERWORTH DRIVE NW","assessed_value":829500},{"address":"181.0 CORNELL COURT NW","assessed_value":146500},{"address":"11915.0 106 AVENUE NW","assessed_value":232000},{"address":"3723.0 30 STREET NW","assessed_value":538500},{"address":"5614.0 148 STREET NW","assessed_value":251500},{"address":"9736.0 101 STREET NW","assessed_value":459000},{"address":"13910.0 STONY PLAIN ROAD NW","assessed_value":98000},{"address":"529.0 TWIN BROOKS BAY NW","assessed_value":757500},{"address":"11718.0 91 STREET NW","assessed_value":398500},{"address":"18335.0 76A AVENUE NW","assessed_value":424500},{"address":"nan nan","assessed_value":5500},{"address":"nan nan","assessed_value":11500},{"address":"16587.0 100 STREET NW","assessed_value":190500},{"address":"8808.0 189 STREET NW","assessed_value":335000},{"address":"11154.0 97 STREET NW","assessed_value":209000},{"address":"12024.0 53 STREET NW","assessed_value":249500},{"address":"4456.0 30 STREET NW","assessed_value":457500},{"address":"383.0 JILLINGS CRESCENT NW","assessed_value":476500},{"address":"10305.0 76 STREET NW","assessed_value":1000},{"address":"8819.0 147 AVENUE NW","assessed_value":117500},{"address":"17703.0 64 AVENUE NW","assessed_value":227500},{"address":"361.0 HUNTINGTON HILL NW","assessed_value":149500},{"address":"383.0 HOLLICK-KENYON ROAD NW","assessed_value":441500},{"address":"nan nan","assessed_value":19500},{"address":"7015.0 153A AVENUE NW","assessed_value":397000},{"address":"11615.0 94 STREET NW","assessed_value":394000},{"address":"4505.0 10 AVENUE NW","assessed_value":452500},{"address":"9929.0 SASKATCHEWAN DRIVE NW","assessed_value":211000},{"address":"12803.0 159 AVENUE NW","assessed_value":546000},{"address":"9725.0 106 STREET NW","assessed_value":105000},{"address":"15403.0 69 STREET NW","assessed_value":426000},{"address":"8728.0 GATEWAY BOULEVARD NW","assessed_value":182000},{"address":"308.0 CARMICHAEL WYND NW","assessed_value":659500},{"address":"245.0 RUNNING CREEK LANE NW","assessed_value":499500},{"address":"31.0 JACKSON ROAD NW","assessed_value":297000},{"address":"nan nan","assessed_value":8000},{"address":"119.0 BLACKBURN DRIVE WEST SW","assessed_value":510500},{"address":"436.0 REEVES CREST NW","assessed_value":626000},{"address":"nan nan","assessed_value":11500},{"address":"1520.0 49 STREET NW","assessed_value":487000},{"address":"944.0 110A STREET NW","assessed_value":538000},{"address":"997.0 YOUVILLE DRIVE WEST NW","assessed_value":321500},{"address":"136.0 KIRKWOOD WAY NW","assessed_value":331000},{"address":"4215.0 46 STREET NW","assessed_value":594000},{"address":"3915.0 38 STREET NW","assessed_value":398000},{"address":"3626.0 31A STREET NW","assessed_value":418000},{"address":"10155.0 116 STREET NW","assessed_value":104000},{"address":"178.0 WEAVER DRIVE NW","assessed_value":594000},{"address":"7511.0 186 STREET NW","assessed_value":420500},{"address":"15148.0 22 STREET NW","assessed_value":256000},{"address":"9368.0 CAMERON AVENUE NW","assessed_value":433500},{"address":"10045.0 118 STREET NW","assessed_value":308000},{"address":"6115.0 154 AVENUE NW","assessed_value":436500},{"address":"9916.0 113 STREET NW","assessed_value":160000},{"address":"3912.0 37 STREET NW","assessed_value":365000},{"address":"4807.0 13 AVENUE NW","assessed_value":242500},{"address":"514.0 TWIN BROOKS BAY NW","assessed_value":600000},{"address":"10060.0 93 STREET NW","assessed_value":526000},{"address":"12707.0 148 AVENUE NW","assessed_value":398000},{"address":"5730.0 RIVERBEND ROAD NW","assessed_value":127000},{"address":"9028.0 JASPER AVENUE NW","assessed_value":63500},{"address":"255.0 SOUTHRIDGE NW","assessed_value":150500},{"address":"3308.0 113 AVENUE NW","assessed_value":125500},{"address":"444.0 BURTON ROAD NW","assessed_value":679500},{"address":"4323.0 35 STREET NW","assessed_value":361000},{"address":"11217.0 103 AVENUE NW","assessed_value":126000},{"address":"64.0 JEFFERSON ROAD NW","assessed_value":433500},{"address":"10211.0 175 AVENUE NW","assessed_value":508000},{"address":"3706.0 39 AVENUE NW","assessed_value":345000},{"address":"17231.0 113 STREET NW","assessed_value":435500},{"address":"349.0 BLACKBURN DRIVE EAST SW","assessed_value":468500},{"address":"10333.0 121 STREET NW","assessed_value":91500},{"address":"4415.0 36A STREET NW","assessed_value":357000},{"address":"17004.0 90A STREET NW","assessed_value":527500},{"address":"9978.0 176 AVENUE NW","assessed_value":326000},{"address":"11526.0 95A STREET NW","assessed_value":211500},{"address":"207.0 RIVER POINT NW","assessed_value":335000},{"address":"15515.0 70 STREET NW","assessed_value":409500},{"address":"3311.0 58 STREET NW","assessed_value":256000},{"address":"nan nan","assessed_value":8000},{"address":"7782.0 111 AVENUE NW","assessed_value":44500},{"address":"nan nan","assessed_value":74500},{"address":"303.0 TWIN BROOKS DRIVE NW","assessed_value":366000},{"address":"4149.0 28 AVENUE NW","assessed_value":586500},{"address":"9982.0 176 AVENUE NW","assessed_value":332500},{"address":"11438.0 95A STREET NW","assessed_value":247000},{"address":"10335.0 118 STREET NW","assessed_value":116500},{"address":"10440.0 176 STREET NW","assessed_value":8116000},{"address":"9710.0 105 STREET NW","assessed_value":99500},{"address":"nan nan","assessed_value":11500},{"address":"1511.0 WELLWOOD WAY NW","assessed_value":546500},{"address":"17912.0 93A STREET NW","assessed_value":520000},{"address":"339.0 REEVES WAY NW","assessed_value":672500},{"address":"616.0 WOTHERSPOON CLOSE NW","assessed_value":690500},{"address":"1003.0 WEDGEWOOD BOULEVARD NW","assessed_value":101500},{"address":"5935.0 189 STREET NW","assessed_value":333000},{"address":"501.0 YOUVILLE DRIVE EAST NW","assessed_value":302500},{"address":"6116.0 156 AVENUE NW","assessed_value":424500},{"address":"4016.0 30 STREET NW","assessed_value":460000},{"address":"17151.0 94A AVENUE NW","assessed_value":144500},{"address":"nan nan","assessed_value":8000},{"address":"9323.0 110 AVENUE NW","assessed_value":227000},{"address":"11324.0 50 STREET NW","assessed_value":427500},{"address":"10883.0 SASKATCHEWAN DRIVE NW","assessed_value":149000},{"address":"8027.0 17A AVENUE NW","assessed_value":400500},{"address":"nan nan","assessed_value":5500},{"address":"4630.0 17 AVENUE NW","assessed_value":213500},{"address":"6442.0 178 STREET NW","assessed_value":155000},{"address":"11622.0 95 STREET NW","assessed_value":273500},{"address":"9862.0 41 AVENUE NW","assessed_value":387000},{"address":"10011.0 117 STREET NW","assessed_value":713500},{"address":"3827.0 41 STREET NW","assessed_value":509000},{"address":"13910.0 STONY PLAIN ROAD NW","assessed_value":131500},{"address":"9930.0 BELLAMY HILL NW","assessed_value":523000},{"address":"328.0 WEBER WAY NW","assessed_value":709500},{"address":"680.0 ABBOTTSFIELD ROAD NW","assessed_value":159500},{"address":"10883.0 SASKATCHEWAN DRIVE NW","assessed_value":143500},{"address":"160.0 BLACKBURN DRIVE WEST SW","assessed_value":495500},{"address":"320.0 BUCHANAN WAY NW","assessed_value":500000},{"address":"10150.0 117 STREET NW","assessed_value":102500},{"address":"4950.0 CALGARY TRAIL NW","assessed_value":3617000},{"address":"15504.0 69 STREET NW","assessed_value":493000},{"address":"1109.0 HERMITAGE ROAD NW","assessed_value":432000},{"address":"11601.0 101 STREET NW","assessed_value":371500},{"address":"nan nan","assessed_value":11500},{"address":"6024.0 189 STREET NW","assessed_value":407500},{"address":"11215.0 10 AVENUE NW","assessed_value":645000},{"address":"16732.0 90 STREET NW","assessed_value":416000},{"address":"16307.0 CAMPBELL ROAD NW","assessed_value":403500},{"address":"6468.0 178 STREET NW","assessed_value":178500},{"address":"349.0 WEBER WAY NW","assessed_value":527500},{"address":"10150.0 117 STREET NW","assessed_value":113500},{"address":"9710.0 105 STREET NW","assessed_value":98500},{"address":"11355.0 199 STREET NW","assessed_value":790500},{"address":"4263.0 29 AVENUE NW","assessed_value":271000},{"address":"10860.0 25 AVENUE NW","assessed_value":316500},{"address":"3724.0 25 AVENUE NW","assessed_value":395000},{"address":"101.0 CORNELL COURT NW","assessed_value":140500},{"address":"4907.0 14 AVENUE NW","assessed_value":406500},{"address":"5125.0 RIVERBEND ROAD NW","assessed_value":100000},{"address":"9322.0 109 AVENUE NW","assessed_value":1236000},{"address":"13910.0 STONY PLAIN ROAD NW","assessed_value":145500},{"address":"8315.0 105 STREET NW","assessed_value":174000},{"address":"323.0 KLINE CRESCENT NW","assessed_value":432500},{"address":"nan nan","assessed_value":11500},{"address":"807.0 BLACKLOCK WAY SW","assessed_value":476500},{"address":"10024.0 173 AVENUE NW","assessed_value":379500},{"address":"18615.0 77 AVENUE NW","assessed_value":361500},{"address":"10266.0 90 STREET NW","assessed_value":3000},{"address":"6921.0 158A AVENUE NW","assessed_value":325500},{"address":"3020.0 44B AVENUE NW","assessed_value":539000},{"address":"343.0 JILLINGS CRESCENT NW","assessed_value":425500},{"address":"922.0 110A STREET NW","assessed_value":626500},{"address":"11255.0 10 AVENUE NW","assessed_value":552000},{"address":"15716.0 68 STREET NW","assessed_value":488000},{"address":"10155.0 116 STREET NW","assessed_value":99000},{"address":"11643.0 97 STREET NW","assessed_value":216500},{"address":"10025.0 113 STREET NW","assessed_value":173500},{"address":"1110.0 116 STREET NW","assessed_value":548000},{"address":"9916.0 113 STREET NW","assessed_value":126000},{"address":"4033.0 38 STREET NW","assessed_value":289500},{"address":"1356.0 POTTER GREENS DRIVE NW","assessed_value":474500},{"address":"1060.0 CARTER CREST ROAD NW","assessed_value":409000},{"address":"10335.0 118 STREET NW","assessed_value":113000},{"address":"15407.0 67A STREET NW","assessed_value":477500},{"address":"3645.0 145 AVENUE NW","assessed_value":238500},{"address":"8815.0 170 AVENUE NW","assessed_value":501000},{"address":"767.0 REVELL CRESCENT NW","assessed_value":510000},{"address":"90.0 CORMACK CRESCENT NW","assessed_value":619000},{"address":"145.0 HOLLICK-KENYON WAY NW","assessed_value":446500},{"address":"451.0 WILKIN WAY NW","assessed_value":813500},{"address":"1061.0 FALCONER ROAD NW","assessed_value":588000},{"address":"13910.0 STONY PLAIN ROAD NW","assessed_value":104500},{"address":"9615.0 118 AVENUE NW","assessed_value":202500},{"address":"10155.0 116 STREET NW","assessed_value":136000},{"address":"nan nan","assessed_value":5000},{"address":"253.0 RIVER POINT NW","assessed_value":461500},{"address":"9430.0 110 AVENUE NW","assessed_value":323000},{"address":"8739.0 188 STREET NW","assessed_value":417500},{"address":"1208.0 KANE WYND NW","assessed_value":438000},{"address":"6919.0 158A AVENUE NW","assessed_value":327500},{"address":"936.0 ORMSBY WYND NW","assessed_value":528000},{"address":"9921.0 104 STREET NW","assessed_value":200500},{"address":"9743.0 176 STREET NW","assessed_value":277000},{"address":"11431.0 97 STREET NW","assessed_value":573000},{"address":"16449.0 16 AVENUE NW","assessed_value":1734500},{"address":"9938.0 80 AVENUE NW","assessed_value":222500},{"address":"3676.0 30 STREET NW","assessed_value":699500},{"address":"15432.0 73 STREET NW","assessed_value":426000},{"address":"5743.0 152A AVENUE NW","assessed_value":776000},{"address":"18632.0 53 AVENUE NW","assessed_value":550000},{"address":"54.0 OZERNA ROAD NW","assessed_value":421000},{"address":"1034.0 BUCHANAN PLACE NW","assessed_value":614500},{"address":"1307.0 CARTER CREST ROAD NW","assessed_value":574000},{"address":"9916.0 113 STREET NW","assessed_value":153500},{"address":"11317.0 97 STREET NW","assessed_value":233000},{"address":"10945.0 21 AVENUE NW","assessed_value":195000},{"address":"259.0 KIRKWOOD AVENUE NW","assessed_value":349500},{"address":"1.0 MEADOWLARK VILLAGE NW","assessed_value":205500},{"address":"10324.0 119 STREET NW","assessed_value":165000},{"address":"10030.0 114 STREET NW","assessed_value":118000},{"address":"11503.0 100 AVENUE NW","assessed_value":361500},{"address":"13739.0 131 AVENUE NW","assessed_value":446500},{"address":"nan nan","assessed_value":11500},{"address":"9809.0 110 STREET NW","assessed_value":254000},{"address":"109.0 CORNELL COURT NW","assessed_value":143000},{"address":"14624.0 95 AVENUE NW","assessed_value":502500},{"address":"1421.0 JEFFERYS CRESCENT NW","assessed_value":442000},{"address":"12832.0 143 AVENUE NW","assessed_value":457000},{"address":"13070.0 158 AVENUE NW","assessed_value":500},{"address":"327.0 TWIN BROOKS DRIVE NW","assessed_value":1120500},{"address":"11511.0 130 STREET NW","assessed_value":117000},{"address":"10011.0 116 STREET NW","assessed_value":101500},{"address":"7525.0 138A AVENUE NW","assessed_value":306500},{"address":"3440.0 43 AVENUE NW","assessed_value":213000},{"address":"824.0 115A STREET NW","assessed_value":471500},{"address":"171.0 KULAWY DRIVE NORTH NW","assessed_value":470000},{"address":"15528.0 132 STREET NW","assessed_value":473000},{"address":"3316.0 116A AVENUE NW","assessed_value":136000},{"address":"1535.0 JARVIS CRESCENT NW","assessed_value":386500},{"address":"9010.0 106 AVENUE NW","assessed_value":174000},{"address":"3651.0 33 STREET NW","assessed_value":521000},{"address":"7351.0 190A STREET NW","assessed_value":389500},{"address":"9809.0 110 STREET NW","assessed_value":261000},{"address":"1395.0 JEFFERYS CRESCENT NW","assessed_value":480000},{"address":"3356.0 116A AVENUE NW","assessed_value":136000},{"address":"131.0 HOLLICK KENYON WAY NW","assessed_value":412500},{"address":"8150.0 27 AVENUE NW","assessed_value":251000},{"address":"37.0 CORMACK CRESCENT NW","assessed_value":921500},{"address":"6443.0 157 AVENUE NW","assessed_value":408000},{"address":"18920.0 90 AVENUE NW","assessed_value":457000},{"address":"10130.0 114 STREET NW","assessed_value":236000},{"address":"nan nan","assessed_value":10500},{"address":"8216.0 JASPER AVENUE NW","assessed_value":2000},{"address":"8604.0 GATEWAY BOULEVARD NW","assessed_value":139500},{"address":"219.0 FERGUSON PLACE NW","assessed_value":595500},{"address":"12205.0 111 AVENUE NW","assessed_value":183500},{"address":"9020.0 169 AVENUE NW","assessed_value":459000},{"address":"411.0 142 STREET NW","assessed_value":2076000},{"address":"18.0 RUNNING CREEK POINT NW","assessed_value":848500},{"address":"319.0 RIVER POINT NW","assessed_value":374000},{"address":"10130.0 114 STREET NW","assessed_value":221000},{"address":"436.0 TWIN BROOKS CRESCENT NW","assessed_value":994500},{"address":"17512.0 99 STREET NW","assessed_value":593000},{"address":"9732.0 101A STREET NW","assessed_value":476500},{"address":"11915.0 106 AVENUE NW","assessed_value":251500},{"address":"11617.0 93 STREET NW","assessed_value":448000},{"address":"11227.0 93 STREET NW","assessed_value":265000},{"address":"11503.0 100 AVENUE NW","assessed_value":274500},{"address":"16208.0 57 STREET NW","assessed_value":317500},{"address":"nan nan","assessed_value":8000},{"address":"19043.0 73A AVENUE NW","assessed_value":412000},{"address":"12944.0 147 AVENUE NW","assessed_value":420500},{"address":"6566.0 158 AVENUE NW","assessed_value":344500},{"address":"10310.0 178B AVENUE NW","assessed_value":537000},{"address":"11303.0 10 AVENUE NW","assessed_value":510000},{"address":"9023.0 105A AVENUE NW","assessed_value":92500},{"address":"45.0 KIRKWOOD WAY NW","assessed_value":931000},{"address":"136.0 CORNELL COURT NW","assessed_value":142500},{"address":"5517.0 152B AVENUE NW","assessed_value":526000},{"address":"11020.0 19 AVENUE NW","assessed_value":142000},{"address":"15716.0 69 STREET NW","assessed_value":423500},{"address":"534.0 BUCHANAN ROAD NW","assessed_value":653000},{"address":"11435.0 96 STREET NW","assessed_value":196000},{"address":"5724.0 159B AVENUE NW","assessed_value":487500},{"address":"6908.0 31 AVENUE NW","assessed_value":258500},{"address":"1210.0 KAASA ROAD EAST NW","assessed_value":457500},{"address":"18535.0 77 AVENUE NW","assessed_value":447500},{"address":"13114.0 FORT ROAD NW","assessed_value":3528000},{"address":"18020.0 95 AVENUE NW","assessed_value":131000},{"address":"10155.0 116 STREET NW","assessed_value":106000},{"address":"1412.0 HERRING-COOPER WAY NW","assessed_value":824000},{"address":"6220.0 FULTON ROAD NW","assessed_value":311000},{"address":"12750.0 VICTORIA TRAIL NW","assessed_value":121000},{"address":"1361.0 FALCONER ROAD NW","assessed_value":660500},{"address":"308.0 JACKSON ROAD NW","assessed_value":259500},{"address":"12632.0 124 STREET NW","assessed_value":191000},{"address":"15807.0 133 STREET NW","assessed_value":467500},{"address":"10150.0 117 STREET NW","assessed_value":166500},{"address":"13910.0 STONY PLAIN ROAD NW","assessed_value":121000},{"address":"13224.0 159 AVENUE NW","assessed_value":502000},{"address":"nan nan","assessed_value":9500},{"address":"9015.0 176 STREET NW","assessed_value":507000},{"address":"5620.0 152B AVENUE NW","assessed_value":392500},{"address":"10883.0 SASKATCHEWAN DRIVE NW","assessed_value":171500},{"address":"423.0 OSBORNE CRESCENT NW","assessed_value":1336500},{"address":"603.0 YOUVILLE DRIVE EAST NW","assessed_value":215500},{"address":"2.0 DONSDALE CRESCENT NW","assessed_value":1631000},{"address":"10682.0 214 STREET NW","assessed_value":2500},{"address":"11203.0 94 STREET NW","assessed_value":259000},{"address":"10101.0 SASKATCHEWAN DRIVE NW","assessed_value":226500},{"address":"9760.0 176 STREET NW","assessed_value":156500},{"address":"11726.0 94 STREET NW","assessed_value":251500},{"address":"nan nan","assessed_value":8000},{"address":"13580.0 38 STREET NW","assessed_value":119500},{"address":"18859.0 122 AVENUE NW","assessed_value":703000},{"address":"8315.0 105 STREET NW","assessed_value":175500},{"address":"8915.0 147 AVENUE NW","assessed_value":87500},{"address":"12956.0 122B AVENUE NW","assessed_value":90500},{"address":"617.0 WOTHERSPOON CLOSE NW","assessed_value":697500},{"address":"412.0 SOUTHRIDGE NW","assessed_value":157500},{"address":"154.0 BAINBRIDGE CRESCENT NW","assessed_value":400500},{"address":"10810.0 86 AVENUE NW","assessed_value":263500},{"address":"14803.0 34 STREET NW","assessed_value":214000},{"address":"11621.0 95A STREET NW","assessed_value":186500},{"address":"11421.0 34 STREET NW","assessed_value":113000},{"address":"11208.0 10 AVENUE NW","assessed_value":521000},{"address":"528.0 SOUTHRIDGE NW","assessed_value":142000},{"address":"761.0 WELLS WYND NW","assessed_value":533500},{"address":"4235.0 GATEWAY BOULEVARD NW","assessed_value":6695000},{"address":"1075.0 JONES CRESCENT NW","assessed_value":450000},{"address":"1571.0 JARVIS CRESCENT NW","assessed_value":370500},{"address":"9235.0 110A AVENUE NW","assessed_value":234000},{"address":"5125.0 RIVERBEND ROAD NW","assessed_value":123000},{"address":"457.0 OSBORNE CRESCENT NW","assessed_value":732000},{"address":"16112.0 112 STREET NW","assessed_value":525500},{"address":"nan nan","assessed_value":11500},{"address":"11203.0 166A STREET NW","assessed_value":1665000},{"address":"1619.0 WELBOURN COVE NW","assessed_value":496500},{"address":"9245.0 110A AVENUE NW","assessed_value":229500},{"address":"983.0 YOUVILLE DRIVE WEST NW","assessed_value":348000},{"address":"141.0 WEAVER DRIVE NW","assessed_value":897000},{"address":"3023.0 44B AVENUE NW","assessed_value":457500},{"address":"5307.0 155 AVENUE NW","assessed_value":433000},{"address":"11645.0 95A STREET NW","assessed_value":194000},{"address":"1925.0 152 AVENUE NW","assessed_value":400000},{"address":"9937.0 157 STREET NW","assessed_value":394500},{"address":"603.0 BURGESS CLOSE NW","assessed_value":580000},{"address":"8430.0 GATEWAY BOULEVARD NW","assessed_value":891000},{"address":"1413.0 HERRING-COOPER WAY NW","assessed_value":970000},{"address":"8315.0 105 STREET NW","assessed_value":235000},{"address":"5832.0 123A AVENUE NW","assessed_value":334000},{"address":"8735.0 165 STREET NW","assessed_value":98000},{"address":"231.0 BANCROFT CLOSE NW","assessed_value":431000},{"address":"9916.0 113 STREET NW","assessed_value":161000},{"address":"10145.0 109 STREET NW","assessed_value":116500},{"address":"312.0 FERRIS WAY NW","assessed_value":733500},{"address":"15840.0 63 STREET NW","assessed_value":411000},{"address":"8113.0 111 AVENUE NW","assessed_value":457500},{"address":"nan nan","assessed_value":11500},{"address":"11342.0 127 STREET NW","assessed_value":3500},{"address":"15439.0 67 STREET NW","assessed_value":399000},{"address":"7503.0 154 AVENUE NW","assessed_value":427000},{"address":"4206.0 48 STREET NW","assessed_value":667000},{"address":"11503.0 100 AVENUE NW","assessed_value":427000},{"address":"86.0 REHWINKEL ROAD NW","assessed_value":514000},{"address":"nan nan","assessed_value":11500},{"address":"3927.0 30 STREET NW","assessed_value":484500},{"address":"9352.0 108 AVENUE NW","assessed_value":217000},{"address":"4255.0 29 AVENUE NW","assessed_value":258500},{"address":"1405.0 JEFFERYS CRESCENT NW","assessed_value":423000},{"address":"8104.0 182 STREET NW","assessed_value":97500},{"address":"306.0 REHWINKEL CLOSE NW","assessed_value":356500},{"address":"122.0 RIVER POINT NW","assessed_value":288500},{"address":"nan nan","assessed_value":8000},{"address":"10155.0 116 STREET NW","assessed_value":111000},{"address":"11239.0 11 AVENUE NW","assessed_value":606000},{"address":"11112.0 10A AVENUE NW","assessed_value":552000},{"address":"912.0 108 STREET NW","assessed_value":602000},{"address":"10910.0 92 STREET NW","assessed_value":144500},{"address":"18.0 MEADOWLARK VILLAGE NW","assessed_value":189500},{"address":"10278.0 89 STREET NW","assessed_value":853500},{"address":"10738.0 122 STREET NW","assessed_value":413000},{"address":"13590.0 38 STREET NW","assessed_value":105500},{"address":"332.0 TWIN BROOKS DRIVE NW","assessed_value":702000},{"address":"723.0 WELLS WYND NW","assessed_value":581500},{"address":"17519.0 98A AVENUE NW","assessed_value":153000},{"address":"2937.0 66 STREET NW","assessed_value":411500},{"address":"15831.0 74 STREET NW","assessed_value":485500},{"address":"1173.0 CARTER CREST ROAD NW","assessed_value":533000},{"address":"11247.0 95A STREET NW","assessed_value":298500},{"address":"11228.0 95 STREET NW","assessed_value":173500},{"address":"1130.0 FALCONER ROAD NW","assessed_value":425000},{"address":"466.0 ORMSBY ROAD WEST NW","assessed_value":508500},{"address":"2215.0 152 AVENUE NW","assessed_value":397500},{"address":"11107.0 10A AVENUE NW","assessed_value":586500},{"address":"349.0 KLINE CRESCENT NW","assessed_value":382000},{"address":"2308.0 50 STREET NW","assessed_value":2700500},{"address":"10272.0 89 STREET NW","assessed_value":681000},{"address":"7016.0 153A AVENUE NW","assessed_value":400000},{"address":"1811.0 36 STREET NW","assessed_value":407000},{"address":"2314.0 39 AVENUE NW","assessed_value":367000},{"address":"329.0 JILLINGS CRESCENT NW","assessed_value":559500},{"address":"10325.0 178B AVENUE NW","assessed_value":500500},{"address":"6209.0 159A AVENUE NW","assessed_value":384500},{"address":"213.0 BUCHANAN CLOSE NW","assessed_value":687000},{"address":"10883.0 SASKATCHEWAN DRIVE NW","assessed_value":158500},{"address":"352.0 BLACKBURN DRIVE EAST SW","assessed_value":457500},{"address":"9011.0 98 AVENUE NW","assessed_value":221000},{"address":"4307.0 47 STREET NW","assessed_value":511500},{"address":"10883.0 SASKATCHEWAN DRIVE NW","assessed_value":144500},{"address":"6441.0 180 STREET NW","assessed_value":158500},{"address":"11231.0 95 STREET NW","assessed_value":126500},{"address":"12936.0 143 AVENUE NW","assessed_value":527500},{"address":"15203.0 105 AVENUE NW","assessed_value":247000},{"address":"18819.0 87A AVENUE NW","assessed_value":406000},{"address":"nan nan","assessed_value":11500},{"address":"215.0 RIVER POINT NW","assessed_value":366000},{"address":"11421.0 34 STREET NW","assessed_value":113500},{"address":"466.0 BUCHANAN ROAD NW","assessed_value":587500},{"address":"9747.0 91 STREET NW","assessed_value":264500},{"address":"17412.0 100 STREET NW","assessed_value":569500},{"address":"319.0 HUNTINGTON HILL NW","assessed_value":160000},{"address":"324.0 WOLF RIDGE POINT NW","assessed_value":840000},{"address":"537.0 TWIN BROOKS BAY NW","assessed_value":787500},{"address":"12815.0 157 AVENUE NW","assessed_value":428000},{"address":"13910.0 STONY PLAIN ROAD NW","assessed_value":114000},{"address":"9916.0 113 STREET NW","assessed_value":136000},{"address":"239.0 CARMICHAEL CLOSE NW","assessed_value":567500},{"address":"17328.0 98 STREET NW","assessed_value":405000},{"address":"190.0 CORNELL COURT NW","assessed_value":140500},{"address":"1184.0 KANE WYND NW","assessed_value":448500},{"address":"13910.0 STONY PLAIN ROAD NW","assessed_value":102000},{"address":"970.0 119 STREET NW","assessed_value":7500},{"address":"11421.0 34 STREET NW","assessed_value":111500},{"address":"12456.0 54 STREET NW","assessed_value":419000},{"address":"10160.0 116 STREET NW","assessed_value":159500},{"address":"14424.0 88A STREET NW","assessed_value":117000},{"address":"3755.0 60 STREET NW","assessed_value":474500},{"address":"9704.0 111 AVENUE NW","assessed_value":519500},{"address":"4420.0 36A STREET NW","assessed_value":373500},{"address":"23.0 MEADOWLARK VILLAGE NW","assessed_value":189500},{"address":"524.0 BURTON CLOSE NW","assessed_value":631500},{"address":"14420.0 88A STREET NW","assessed_value":110500},{"address":"nan nan","assessed_value":11500},{"address":"8735.0 165 STREET NW","assessed_value":93500},{"address":"327.0 WEBER WAY NW","assessed_value":528000},{"address":"3723.0 32 STREET NW","assessed_value":587500},{"address":"11132.0 11A AVENUE NW","assessed_value":534000},{"address":"9010.0 106 AVENUE NW","assessed_value":179500},{"address":"753.0 WELLS WYND NW","assessed_value":542500},{"address":"11615.0 79 STREET NW","assessed_value":18000},{"address":"6243.0 162B AVENUE NW","assessed_value":475000},{"address":"8838.0 189 STREET NW","assessed_value":284500},{"address":"1612.0 80A STREET NW","assessed_value":351500},{"address":"5125.0 RIVERBEND ROAD NW","assessed_value":137500},{"address":"6112.0 159 AVENUE NW","assessed_value":433500},{"address":"1478.0 WELBOURN DRIVE NW","assessed_value":1310500},{"address":"12911.0 154 AVENUE NW","assessed_value":465000},{"address":"263.0 HOOPER CRESCENT NW","assessed_value":405000},{"address":"901.0 YOUVILLE DRIVE WEST NW","assessed_value":297000},{"address":"2520.0 52 STREET NW","assessed_value":217000},{"address":"10831.0 19B AVENUE NW","assessed_value":424500},{"address":"1503.0 49 STREET NW","assessed_value":411000},{"address":"10011.0 116 STREET NW","assessed_value":150000},{"address":"10607.0 72 AVENUE NW","assessed_value":253500},{"address":"11422.0 92 STREET NW","assessed_value":264000},{"address":"11642.0 91 STREET NW","assessed_value":188000},{"address":"603.0 YOUVILLE DRIVE EAST NW","assessed_value":213500},{"address":"5125.0 RIVERBEND ROAD NW","assessed_value":139000},{"address":"1107.0 JOYCE ROAD NW","assessed_value":455000},{"address":"3336.0 116A AVENUE NW","assessed_value":139000},{"address":"nan nan","assessed_value":9500},{"address":"9725.0 106 STREET NW","assessed_value":117500},{"address":"10237.0 162 STREET NW","assessed_value":298500},{"address":"11456.0 95 STREET NW","assessed_value":241000},{"address":"5507.0 152B AVENUE NW","assessed_value":440500},{"address":"905.0 BURLEY DRIVE NW","assessed_value":760000},{"address":"nan nan","assessed_value":8000},{"address":"1636.0 WELBOURN COVE NW","assessed_value":523000},{"address":"11222.0 95A STREET NW","assessed_value":168000},{"address":"413.0 HOLLICK-KENYON ROAD NW","assessed_value":446000},{"address":"6562.0 158 AVENUE NW","assessed_value":316000},{"address":"925.0 JORDAN CRESCENT NW","assessed_value":549000},{"address":"10025.0 113 STREET NW","assessed_value":237000},{"address":"14839.0 RIVERBEND ROAD NW","assessed_value":212000},{"address":"604.0 SOUTHRIDGE NW","assessed_value":161000},{"address":"3668.0 31A STREET NW","assessed_value":502000},{"address":"122.0 HOLLICK KENYON WAY NW","assessed_value":495000},{"address":"606.0 BURGESS CLOSE NW","assessed_value":719500},{"address":"315.0 CARMICHAEL WYND NW","assessed_value":600500},{"address":"117.0 CORMACK CRESCENT NW","assessed_value":500},{"address":"308.0 JACKSON ROAD NW","assessed_value":291500},{"address":"7520.0 138A AVENUE NW","assessed_value":305000},{"address":"10636.0 120 STREET NW","assessed_value":164000},{"address":"nan nan","assessed_value":5000},{"address":"15503.0 63 STREET NW","assessed_value":543500},{"address":"1576.0 54 STREET NW","assessed_value":235500},{"address":"11409.0 101 STREET NW","assessed_value":213500},{"address":"152.0 KLARVATTEN ROAD NW","assessed_value":400000},{"address":"13119.0 155 AVENUE NW","assessed_value":506500},{"address":"11503.0 100 AVENUE NW","assessed_value":450000},{"address":"131.0 OSLAND DRIVE NW","assessed_value":676500},{"address":"3307.0 116A AVENUE NW","assessed_value":113000},{"address":"9520.0 174 STREET NW","assessed_value":234500},{"address":"11312.0 94 STREET NW","assessed_value":192000},{"address":"913.0 YOUVILLE DRIVE WEST NW","assessed_value":313500},{"address":"8331.0 29 AVENUE NW","assessed_value":138000},{"address":"9725.0 106 STREET NW","assessed_value":122500},{"address":"11503.0 100 AVENUE NW","assessed_value":362500},{"address":"14717.0 34 STREET NW","assessed_value":313000},{"address":"157.0 WEAVER DRIVE NW","assessed_value":935500},{"address":"8815.0 188 STREET NW","assessed_value":522500},{"address":"3263.0 36A AVENUE NW","assessed_value":465000},{"address":"8735.0 165 STREET NW","assessed_value":96000},{"address":"3924.0 131 AVENUE NW","assessed_value":384000},{"address":"203.0 KIRKWOOD AVENUE NW","assessed_value":346000},{"address":"4638.0 151 STREET NW","assessed_value":357500},{"address":"821.0 112B STREET NW","assessed_value":466500},{"address":"550.0 TWIN BROOKS BAY NW","assessed_value":641000},{"address":"8604.0 GATEWAY BOULEVARD NW","assessed_value":151500},{"address":"703.0 BLACKWOOD CRESCENT SW","assessed_value":524000},{"address":"1043.0 FALCONER ROAD NW","assessed_value":556500},{"address":"11112.0 52 STREET NW","assessed_value":317500},{"address":"1384.0 JEFFERYS CRESCENT NW","assessed_value":404000},{"address":"8004.0 15A AVENUE NW","assessed_value":333500},{"address":"3856.0 24 STREET NW","assessed_value":329000},{"address":"602.0 BURGESS CLOSE NW","assessed_value":585500},{"address":"1544.0 54 STREET NW","assessed_value":236500},{"address":"519.0 TWIN BROOKS BAY NW","assessed_value":915000},{"address":"3717.0 132 AVENUE NW","assessed_value":407500},{"address":"nan nan","assessed_value":9500},{"address":"nan nan","assessed_value":11500},{"address":"10150.0 117 STREET NW","assessed_value":150500},{"address":"9908.0 80 AVENUE NW","assessed_value":208500},{"address":"12452.0 54 STREET NW","assessed_value":528500},{"address":"737.0 HENDRA CRESCENT NW","assessed_value":544500},{"address":"10313.0 VILLA AVENUE NW","assessed_value":1275500},{"address":"363.0 BLACKBURN DRIVE EAST SW","assessed_value":461500},{"address":"4112.0 29 AVENUE NW","assessed_value":523000},{"address":"12205.0 111 AVENUE NW","assessed_value":146000},{"address":"16503.0 100 STREET NW","assessed_value":194500},{"address":"8315.0 105 STREET NW","assessed_value":248500},{"address":"4320.0 27 STREET NW","assessed_value":516500},{"address":"1132.0 112 STREET NW","assessed_value":545000},{"address":"15840.0 69 STREET NW","assessed_value":309500},{"address":"3527.0 44A AVENUE NW","assessed_value":345500},{"address":"nan nan","assessed_value":10500},{"address":"10011.0 116 STREET NW","assessed_value":111000},{"address":"11503.0 100 AVENUE NW","assessed_value":477500},{"address":"8745.0 165 STREET NW","assessed_value":118000},{"address":"9710.0 105 STREET NW","assessed_value":98500},{"address":"16136.0 57A STREET NW","assessed_value":498500},{"address":"412.0 HORNER ROAD NW","assessed_value":404000},{"address":"10155.0 116 STREET NW","assessed_value":139000},{"address":"419.0 BUTCHART DRIVE NW","assessed_value":788500},{"address":"15168.0 22 STREET NW","assessed_value":233500},{"address":"1512.0 54 STREET NW","assessed_value":316500},{"address":"3033.0 36A AVENUE NW","assessed_value":501500},{"address":"6103.0 35A AVENUE NW","assessed_value":120000},{"address":"8007.0 15A AVENUE NW","assessed_value":357000},{"address":"11140.0 95A STREET NW","assessed_value":278000},{"address":"10125.0 109 STREET NW","assessed_value":107500},{"address":"nan nan","assessed_value":7500},{"address":"1.0 SUNDANCE NW","assessed_value":9881000},{"address":"10967.0 92 STREET NW","assessed_value":254000},{"address":"2206.0 134 AVENUE NW","assessed_value":327500},{"address":"19044.0 71 AVENUE NW","assessed_value":430000},{"address":"6516.0 158 AVENUE NW","assessed_value":280000},{"address":"9725.0 106 STREET NW","assessed_value":98000},{"address":"11509.0 12 AVENUE NW","assessed_value":537500},{"address":"238.0 HUNTINGTON HILL NW","assessed_value":156000},{"address":"11927.0 106 STREET NW","assessed_value":69500},{"address":"150.0 OSLAND DRIVE NW","assessed_value":1057000},{"address":"15519.0 69 STREET NW","assessed_value":465500},{"address":"6424.0 178 STREET NW","assessed_value":178000},{"address":"10011.0 117 STREET NW","assessed_value":167500},{"address":"5730.0 RIVERBEND ROAD NW","assessed_value":132000},{"address":"16140.0 58 STREET NW","assessed_value":435000},{"address":"7706.0 JASPER AVENUE NW","assessed_value":1743500},{"address":"12245.0 129A STREET NW","assessed_value":87000},{"address":"624.0 JENNER COVE NW","assessed_value":439500},{"address":"793.0 ABBOTTSFIELD ROAD NW","assessed_value":149500},{"address":"11245.0 12 AVENUE NW","assessed_value":330500},{"address":"3307.0 116A AVENUE NW","assessed_value":115500},{"address":"3928.0 28 AVENUE NW","assessed_value":597500},{"address":"119.0 ORMSBY ROAD WEST NW","assessed_value":519000},{"address":"nan nan","assessed_value":11500},{"address":"9908.0 114 STREET NW","assessed_value":249500},{"address":"8728.0 GATEWAY BOULEVARD NW","assessed_value":172500},{"address":"10403.0 178A AVENUE NW","assessed_value":487500},{"address":"13164.0 139 STREET NW","assessed_value":414500},{"address":"1634.0 JAMHA ROAD NW","assessed_value":247000},{"address":"28.0 MEADOWLARK VILLAGE NW","assessed_value":169000},{"address":"15604.0 59 STREET NW","assessed_value":466500},{"address":"15499.0 CASTLE DOWNS ROAD NW","assessed_value":195000},{"address":"10636.0 120 STREET NW","assessed_value":176500},{"address":"9930.0 BELLAMY HILL NW","assessed_value":104000},{"address":"817.0 RYAN PLACE NW","assessed_value":641000},{"address":"1091.0 JONES CRESCENT NW","assessed_value":449500},{"address":"141.0 TWIN BROOKS COVE NW","assessed_value":693000},{"address":"336.0 SOUTHRIDGE NW","assessed_value":149000},{"address":"15320.0 72A STREET NW","assessed_value":419500},{"address":"12269.0 129A STREET NW","assessed_value":84500},{"address":"2949.0 66 STREET NW","assessed_value":476000},{"address":"168.0 KULAWY DRIVE NORTH NW","assessed_value":504500},{"address":"785.0 WELLS WYND NW","assessed_value":563000},{"address":"5005.0 31 AVENUE NW","assessed_value":136000},{"address":"1646.0 JAMHA ROAD NW","assessed_value":273500},{"address":"13910.0 STONY PLAIN ROAD NW","assessed_value":100500},{"address":"1714.0 KENSIT PLACE NW","assessed_value":462000},{"address":"18832.0 90 AVENUE NW","assessed_value":494000},{"address":"3719.0 41 AVENUE NW","assessed_value":361500},{"address":"nan nan","assessed_value":11500},{"address":"5730.0 RIVERBEND ROAD NW","assessed_value":125500},{"address":"10636.0 120 STREET NW","assessed_value":131000},{"address":"nan nan","assessed_value":8000},{"address":"469.0 BURTON ROAD NW","assessed_value":671500},{"address":"1130.0 FALCONER ROAD NW","assessed_value":398000},{"address":"5916.0 152C AVENUE NW","assessed_value":431500},{"address":"10333.0 121 STREET NW","assessed_value":169000},{"address":"1556.0 MILL WOODS ROAD EAST NW","assessed_value":205500},{"address":"16205.0 56 STREET NW","assessed_value":359500},{"address":"10175.0 109 STREET NW","assessed_value":142500},{"address":"11108.0 UNIVERSITY AVENUE NW","assessed_value":641500},{"address":"9923.0 103 STREET NW","assessed_value":222000},{"address":"303.0 TWIN BROOKS DRIVE NW","assessed_value":339000},{"address":"1033.0 YOUVILLE DRIVE WEST NW","assessed_value":257500},{"address":"24.0 RUNNING CREEK POINT NW","assessed_value":59000},{"address":"9221.0 112 AVENUE NW","assessed_value":79500},{"address":"1507.0 62 STREET NW","assessed_value":280000},{"address":"10335.0 118 STREET NW","assessed_value":111000},{"address":"11207.0 94 STREET NW","assessed_value":250500},{"address":"209.0 KNOTTWOOD ROAD NORTH NW","assessed_value":277000},{"address":"370.0 KLINE CRESCENT NW","assessed_value":367000},{"address":"280.0 SOUTHRIDGE NW","assessed_value":149000},{"address":"9919.0 51 AVENUE NW","assessed_value":3240500},{"address":"10155.0 116 STREET NW","assessed_value":133000},{"address":"17511.0 98A AVENUE NW","assessed_value":165500},{"address":"1531.0 80A STREET NW","assessed_value":366500},{"address":"120.0 IRONWOOD PLACE NW","assessed_value":889500},{"address":"1234.0 JOYCE CRESCENT NW","assessed_value":443000},{"address":"1322.0 POTTER GREENS DRIVE NW","assessed_value":503000},{"address":"11406.0 94 STREET NW","assessed_value":198500},{"address":"5937.0 189 STREET NW","assessed_value":338500},{"address":"5125.0 RIVERBEND ROAD NW","assessed_value":128000},{"address":"3756.0 60 STREET NW","assessed_value":503000},{"address":"1132.0 KANE WYND NW","assessed_value":440500},{"address":"nan nan","assessed_value":5500},{"address":"15499.0 CASTLE DOWNS ROAD NW","assessed_value":195500},{"address":"11415.0 93 STREET NW","assessed_value":305000},{"address":"5065.0 31 AVENUE NW","assessed_value":137500},{"address":"798.0 JOHNS ROAD NW","assessed_value":510500},{"address":"nan nan","assessed_value":8000},{"address":"4810.0 104A STREET NW","assessed_value":323500},{"address":"nan nan","assessed_value":8000},{"address":"10101.0 SASKATCHEWAN DRIVE NW","assessed_value":96500},{"address":"9010.0 106 AVENUE NW","assessed_value":179500},{"address":"4339.0 49 STREET NW","assessed_value":563000},{"address":"15810.0 59 STREET NW","assessed_value":502000},{"address":"10011.0 116 STREET NW","assessed_value":137000},{"address":"10125.0 109 STREET NW","assessed_value":155000},{"address":"7327.0 118 STREET NW","assessed_value":374500},{"address":"1522.0 JARVIS CRESCENT NW","assessed_value":368000},{"address":"5948.0 156 AVENUE NW","assessed_value":486000},{"address":"4273.0 95 STREET NW","assessed_value":270000},{"address":"339.0 BLACKBURN DRIVE EAST SW","assessed_value":431000},{"address":"7537.0 137A AVENUE NW","assessed_value":289500},{"address":"10636.0 120 STREET NW","assessed_value":169500},{"address":"10242.0 152 STREET NW","assessed_value":305500},{"address":"14904.0 56 AVENUE NW","assessed_value":155500},{"address":"17519.0 98A AVENUE NW","assessed_value":167500},{"address":"8819.0 147 AVENUE NW","assessed_value":124500},{"address":"5005.0 31 AVENUE NW","assessed_value":134000},{"address":"164.0 ORMSBY ROAD EAST NW","assessed_value":518500},{"address":"14643.0 134 AVENUE NW","assessed_value":51000},{"address":"13215.0 127 STREET NW","assessed_value":1404000},{"address":"nan nan","assessed_value":8000},{"address":"9923.0 103 STREET NW","assessed_value":233500},{"address":"15508.0 62B STREET NW","assessed_value":505500},{"address":"13910.0 STONY PLAIN ROAD NW","assessed_value":125000},{"address":"nan nan","assessed_value":10500},{"address":"9169.0 JASPER AVENUE NW","assessed_value":2500},{"address":"3819.0 41 STREET NW","assessed_value":526000},{"address":"336.0 BLACKBURN DRIVE EAST SW","assessed_value":455500},{"address":"1186.0 JOYCE ROAD NW","assessed_value":446500},{"address":"13024.0 102 AVENUE NW","assessed_value":16500},{"address":"13762.0 131B AVENUE NW","assessed_value":436500},{"address":"3708.0 32 STREET NW","assessed_value":490500},{"address":"1056.0 110B STREET NW","assessed_value":552500},{"address":"727.0 HENDRA CRESCENT NW","assessed_value":645500},{"address":"3729.0 131A AVENUE NW","assessed_value":382000},{"address":"10025.0 113 STREET NW","assessed_value":213000},{"address":"15425.0 55 STREET NW","assessed_value":443000},{"address":"11307.0 96 STREET NW","assessed_value":253500},{"address":"1059.0 POTTER GREENS DRIVE NW","assessed_value":448000},{"address":"943.0 HEACOCK ROAD NW","assessed_value":901000},{"address":"18508.0 75 AVENUE NW","assessed_value":404500},{"address":"15310.0 112 AVENUE NW","assessed_value":2762500},{"address":"4344.0 28 STREET NW","assessed_value":474000},{"address":"9028.0 JASPER AVENUE NW","assessed_value":71000},{"address":"117.0 RIVER POINT NW","assessed_value":442500},{"address":"3517.0 44A AVENUE NW","assessed_value":331000},{"address":"104.0 ORMSBY ROAD WEST NW","assessed_value":509000},{"address":"4.0 MEADOWLARK VILLAGE NW","assessed_value":169000},{"address":"nan nan","assessed_value":7500},{"address":"17407.0 98 STREET NW","assessed_value":446000},{"address":"3645.0 145 AVENUE NW","assessed_value":234000},{"address":"12014.0 94 STREET NW","assessed_value":314000},{"address":"15907.0 129 STREET NW","assessed_value":426000},{"address":"10150.0 117 STREET NW","assessed_value":148500},{"address":"237.0 SOUTHRIDGE NW","assessed_value":152000},{"address":"15504.0 74 STREET NW","assessed_value":499000},{"address":"11915.0 106 AVENUE NW","assessed_value":281000},{"address":"10220.0 156 STREET NW","assessed_value":2920000},{"address":"10175.0 109 STREET NW","assessed_value":114000},{"address":"11336.0 173 AVENUE NW","assessed_value":411500},{"address":"16551.0 100 STREET NW","assessed_value":196000},{"address":"3311.0 58 STREET NW","assessed_value":234500},{"address":"15704.0 133 STREET NW","assessed_value":511000},{"address":"1232.0 KAASA ROAD EAST NW","assessed_value":429500},{"address":"511.0 KULAWY POINT NW","assessed_value":624500},{"address":"2911.0 36 STREET NW","assessed_value":255500},{"address":"9710.0 105 STREET NW","assessed_value":106000},{"address":"3603.0 17 STREET SW","assessed_value":773000},{"address":"3308.0 113 AVENUE NW","assessed_value":113000},{"address":"19059.0 71 AVENUE NW","assessed_value":409000},{"address":"10023.0 164 STREET NW","assessed_value":83000},{"address":"9923.0 103 STREET NW","assessed_value":269000},{"address":"2600.0 38 AVENUE NW","assessed_value":83000},{"address":"1618.0 WELBOURN COVE NW","assessed_value":489500},{"address":"10915.0 21 AVENUE NW","assessed_value":199500},{"address":"4927.0 14 AVENUE NW","assessed_value":399000},{"address":"5962.0 162 AVENUE NW","assessed_value":507500},{"address":"9760.0 176 STREET NW","assessed_value":155500},{"address":"1240.0 JOYCE CRESCENT NW","assessed_value":435500},{"address":"8735.0 165 STREET NW","assessed_value":97500},{"address":"800.0 ABBOTTSFIELD ROAD NW","assessed_value":153500},{"address":"933.0 116 STREET NW","assessed_value":452000},{"address":"114.0 FARNELL CLOSE NW","assessed_value":676500},{"address":"12750.0 170 STREET NW","assessed_value":1261000},{"address":"11422.0 96 STREET NW","assessed_value":197500},{"address":"nan nan","assessed_value":7500},{"address":"12920.0 122 AVENUE NW","assessed_value":89000},{"address":"1413.0 JEFFERYS CRES NW","assessed_value":440500},{"address":"336.0 OSLAND PLACE NW","assessed_value":770500},{"address":"11220.0 97 STREET NW","assessed_value":299000},{"address":"11647.0 95A STREET NW","assessed_value":167000},{"address":"12935.0 147 AVENUE NW","assessed_value":411000},{"address":"nan nan","assessed_value":11500},{"address":"18030.0 62B AVENUE NW","assessed_value":50000},{"address":"15809.0 69 STREET NW","assessed_value":343000},{"address":"4304.0 49A STREET NW","assessed_value":626500},{"address":"nan nan","assessed_value":11500},{"address":"350.0 TWIN BROOKS DRIVE NW","assessed_value":608000},{"address":"10011.0 116 STREET NW","assessed_value":143000},{"address":"603.0 YOUVILLE DRIVE EAST NW","assessed_value":218500},{"address":"10883.0 SASKATCHEWAN DRIVE NW","assessed_value":143000},{"address":"603.0 YOUVILLE DRIVE EAST NW","assessed_value":208500},{"address":"nan nan","assessed_value":5500},{"address":"5015.0 111 STREET NW","assessed_value":136000},{"address":"11413.0 12 AVENUE NW","assessed_value":568500},{"address":"15422.0 59 STREET NW","assessed_value":429000},{"address":"3.0 MAYLIEWAN PLACE NW","assessed_value":519500},{"address":"10030.0 114 STREET NW","assessed_value":95000},{"address":"10160.0 116 STREET NW","assessed_value":117500},{"address":"9710.0 105 STREET NW","assessed_value":106000},{"address":"nan nan","assessed_value":8000},{"address":"11314.0 93 STREET NW","assessed_value":264500},{"address":"11726.0 96 STREET NW","assessed_value":265500},{"address":"7839.0 111 AVENUE NW","assessed_value":572000},{"address":"nan nan","assessed_value":11500},{"address":"13044.0 122B AVENUE NW","assessed_value":93500},{"address":"633.0 JENNER COVE NW","assessed_value":490500},{"address":"11722.0 96 STREET NW","assessed_value":1238500},{"address":"11303.0 60 AVENUE NW","assessed_value":65000},{"address":"11914.0 70 STREET NW","assessed_value":197500},{"address":"15816.0 133 STREET NW","assessed_value":435000},{"address":"11211.0 95A STREET NW","assessed_value":290000},{"address":"18020.0 95 AVENUE NW","assessed_value":168500},{"address":"nan nan","assessed_value":8000},{"address":"15803.0 64 STREET NW","assessed_value":24000},{"address":"1650.0 WELBOURN COVE NW","assessed_value":540000},{"address":"2725.0 44 AVENUE NW","assessed_value":465500},{"address":"9103.0 118 AVENUE NW","assessed_value":360000},{"address":"9520.0 174 STREET NW","assessed_value":235000},{"address":"15803.0 74 STREET NW","assessed_value":479000},{"address":"365.0 SOUTHRIDGE NW","assessed_value":150500},{"address":"11429.0 96 STREET NW","assessed_value":181000},{"address":"18804.0 89 AVENUE NW","assessed_value":539000},{"address":"8604.0 GATEWAY BOULEVARD NW","assessed_value":123500},{"address":"14335.0 128 STREET NW","assessed_value":379500},{"address":"7267.0 190A STREET NW","assessed_value":417500},{"address":"1568.0 JARVIS CRESCENT NW","assessed_value":385000},{"address":"13217.0 155 AVENUE NW","assessed_value":286500},{"address":"9375.0 172 STREET NW","assessed_value":372500},{"address":"13810.0 75 STREET NW","assessed_value":304500},{"address":"108.0 WILKIN ROAD NW","assessed_value":667500},{"address":"1404.0 48A STREET NW","assessed_value":503000},{"address":"11421.0 34 STREET NW","assessed_value":113000},{"address":"10160.0 116 STREET NW","assessed_value":123500},{"address":"18915.0 58 AVENUE NW","assessed_value":502000},{"address":"8371.0 29 AVENUE NW","assessed_value":153000},{"address":"196.0 SOUTHRIDGE NW","assessed_value":152000},{"address":"10333.0 121 STREET NW","assessed_value":160000},{"address":"482.0 BUCHANAN ROAD NW","assessed_value":615500},{"address":"10636.0 120 STREET NW","assessed_value":221500},{"address":"1580.0 JARVIS CRESCENT NW","assessed_value":344500},{"address":"11640.0 97 STREET NW","assessed_value":201500},{"address":"10160.0 116 STREET NW","assessed_value":162500},{"address":"5821.0 158 AVENUE NW","assessed_value":543000},{"address":"16.0 MEADOWLARK VILLAGE NW","assessed_value":189500},{"address":"731.0 BUTTERWORTH DRIVE NW","assessed_value":663500},{"address":"13910.0 STONY PLAIN ROAD NW","assessed_value":106500},{"address":"10104.0 175 AVENUE NW","assessed_value":551500},{"address":"236.0 CARMICHAEL CLOSE NW","assessed_value":704500},{"address":"1226.0 KANE WYND NW","assessed_value":495500},{"address":"17812.0 103 STREET NW","assessed_value":524000},{"address":"nan nan","assessed_value":10500},{"address":"8735.0 165 STREET NW","assessed_value":120000},{"address":"11406.0 96 STREET NW","assessed_value":268000},{"address":"810.0 137 AVENUE NW","assessed_value":3000},{"address":"3780.0 30 STREET NW","assessed_value":557500},{"address":"18926.0 91 AVENUE NW","assessed_value":496000},{"address":"91.0 BLACKBURN DRIVE WEST SW","assessed_value":502000},{"address":"11045.0 83 STREET NW","assessed_value":1457500},{"address":"458.0 ORMSBY ROAD WEST NW","assessed_value":531000},{"address":"839.0 112A STREET NW","assessed_value":483000},{"address":"502.0 BURTON CLOSE NW","assessed_value":656500},{"address":"10816.0 112 STREET NW","assessed_value":83000},{"address":"nan nan","assessed_value":8000},{"address":"390.0 HOLLICK-KENYON ROAD NW","assessed_value":476500},{"address":"11213.0 93 STREET NW","assessed_value":229500},{"address":"9760.0 176 STREET NW","assessed_value":134500},{"address":"15411.0 74 STREET NW","assessed_value":467000},{"address":"11626.0 95 STREET NW","assessed_value":193500},{"address":"11804.0 49 STREET NW","assessed_value":48500},{"address":"1142.0 KANE WYND NW","assessed_value":464500},{"address":"9930.0 BELLAMY HILL NW","assessed_value":129500},{"address":"616.0 BURGESS CLOSE NW","assessed_value":646500},{"address":"211.0 WEBER PLACE NW","assessed_value":775500},{"address":"8315.0 105 STREET NW","assessed_value":188500},{"address":"nan nan","assessed_value":11500},{"address":"79.0 CORMACK CRESCENT NW","assessed_value":526000},{"address":"10192.0 88 STREET NW","assessed_value":716000},{"address":"9028.0 JASPER AVENUE NW","assessed_value":63000},{"address":"1551.0 JARVIS CRESCENT NW","assessed_value":393500},{"address":"5903.0 152B AVENUE NW","assessed_value":472000},{"address":"10936.0 81 STREET NW","assessed_value":524500},{"address":"16719.0 90 STREET NW","assessed_value":420000},{"address":"6220.0 FULTON ROAD NW","assessed_value":249000},{"address":"3307.0 116A AVENUE NW","assessed_value":115500},{"address":"2520.0 52 STREET NW","assessed_value":211000},{"address":"1940.0 151A AVENUE NW","assessed_value":356500},{"address":"10985.0 84 STREET NW","assessed_value":2034000},{"address":"1111.0 KANE WYND NW","assessed_value":508000},{"address":"188.0 KLARVATTEN ROAD NW","assessed_value":159500},{"address":"6229.0 159A AVENUE NW","assessed_value":432000},{"address":"1536.0 80A STREET NW","assessed_value":382500},{"address":"17515.0 99 STREET NW","assessed_value":453000},{"address":"13034.0 122B AVENUE NW","assessed_value":90500},{"address":"11025.0 83 STREET NW","assessed_value":2087500},{"address":"15154.0 19 STREET NW","assessed_value":404000},{"address":"6934.0 31 AVENUE NW","assessed_value":229500},{"address":"3520.0 147A AVENUE NW","assessed_value":381500},{"address":"nan nan","assessed_value":8000},{"address":"15407.0 64 STREET NW","assessed_value":443500},{"address":"13712.0 131A AVENUE NW","assessed_value":433000},{"address":"9760.0 176 STREET NW","assessed_value":205500},{"address":"13910.0 STONY PLAIN ROAD NW","assessed_value":105500},{"address":"8315.0 105 STREET NW","assessed_value":223500},{"address":"3636.0 33 STREET NW","assessed_value":498500},{"address":"8735.0 165 STREET NW","assessed_value":116000},{"address":"1213.0 JOYCE CRESCENT NW","assessed_value":436000},{"address":"nan nan","assessed_value":11500},{"address":"16204.0 55A STREET NW","assessed_value":376500},{"address":"1443.0 JEFFERYS CRESCENT NW","assessed_value":456000},{"address":"10145.0 109 STREET NW","assessed_value":129000},{"address":"6107.0 156 AVENUE NW","assessed_value":436500},{"address":"14334.0 128A STREET NW","assessed_value":405000},{"address":"15415.0 65 STREET NW","assessed_value":475500},{"address":"10101.0 SASKATCHEWAN DRIVE NW","assessed_value":128000},{"address":"15499.0 CASTLE DOWNS ROAD NW","assessed_value":212500},{"address":"903.0 109 STREET NW","assessed_value":272000},{"address":"5204.0 25 AVENUE NW","assessed_value":195500},{"address":"10945.0 21 AVENUE NW","assessed_value":194500},{"address":"8104.0 182 STREET NW","assessed_value":99500},{"address":"15607.0 62A STREET NW","assessed_value":548000},{"address":"1033.0 YOUVILLE DRIVE WEST NW","assessed_value":231500},{"address":"10011.0 116 STREET NW","assessed_value":91500},{"address":"nan nan","assessed_value":5000},{"address":"13015.0 155 AVENUE NW","assessed_value":438000},{"address":"nan nan","assessed_value":8000},{"address":"14715.0 129 STREET NW","assessed_value":471000},{"address":"5125.0 RIVERBEND ROAD NW","assessed_value":95500},{"address":"10415.0 178A AVENUE NW","assessed_value":481500},{"address":"9375.0 172 STREET NW","assessed_value":310500},{"address":"13910.0 STONY PLAIN ROAD NW","assessed_value":111000},{"address":"1253.0 JOYCE CRESCENT NW","assessed_value":432500},{"address":"501.0 YOUVILLE DRIVE EAST NW","assessed_value":268000},{"address":"493.0 RONNING STREET NW","assessed_value":1318000},{"address":"9405.0 156 STREET NW","assessed_value":258500},{"address":"212.0 OSLAND CLOSE NW","assessed_value":727000},{"address":"19.0 MEADOWLARK VILLAGE NW","assessed_value":169000},{"address":"10030.0 114 STREET NW","assessed_value":121000},{"address":"12432.0 54 STREET NW","assessed_value":368000},{"address":"5856.0 159B AVENUE NW","assessed_value":444500},{"address":"5630.0 148 STREET NW","assessed_value":207500},{"address":"6220.0 FULTON ROAD NW","assessed_value":262000},{"address":"9923.0 103 STREET NW","assessed_value":244000},{"address":"1152.0 116 STREET NW","assessed_value":525000},{"address":"9024.0 190 STREET NW","assessed_value":498000},{"address":"3915.0 28 AVENUE NW","assessed_value":613000},{"address":"1004.0 110B STREET NW","assessed_value":546500},{"address":"903.0 109 STREET NW","assessed_value":305500},{"address":"nan nan","assessed_value":9500},{"address":"83.0 OZERNA ROAD NW","assessed_value":550500},{"address":"nan nan","assessed_value":7500},{"address":"10020.0 93 STREET NW","assessed_value":491500},{"address":"11308.0 93 STREET NW","assessed_value":314000},{"address":"377.0 REEVES WAY NW","assessed_value":683500},{"address":"13910.0 STONY PLAIN ROAD NW","assessed_value":100500},{"address":"1103.0 HENSON CLOSE NW","assessed_value":951000},{"address":"15939.0 58 STREET NW","assessed_value":487500},{"address":"1538.0 54 STREET NW","assessed_value":253500},{"address":"nan nan","assessed_value":5500},{"address":"10840.0 25 AVENUE NW","assessed_value":326500},{"address":"9138.0 83 AVENUE NW","assessed_value":220500},{"address":"2309.0 39 AVENUE NW","assessed_value":377500},{"address":"103.0 MAYLIEWAN CLOSE NW","assessed_value":443500},{"address":"11804.0 49 STREET NW","assessed_value":50000},{"address":"903.0 109 STREET NW","assessed_value":282000},{"address":"10636.0 120 STREET NW","assessed_value":163500},{"address":"402.0 BLACKBURN DRIVE EAST SW","assessed_value":515500},{"address":"nan nan","assessed_value":14500},{"address":"10742.0 153 AVENUE NW","assessed_value":403000},{"address":"8735.0 165 STREET NW","assessed_value":111500},{"address":"882.0 RYAN PLACE NW","assessed_value":349500},{"address":"11915.0 106 AVENUE NW","assessed_value":219000},{"address":"9710.0 105 STREET NW","assessed_value":97000},{"address":"212.0 HUNTINGTON HILL NW","assessed_value":147000},{"address":"10011.0 116 STREET NW","assessed_value":132500},{"address":"4003.0 38A AVENUE NW","assessed_value":463500},{"address":"11337.0 97 STREET NW","assessed_value":186500},{"address":"9375.0 172 STREET NW","assessed_value":356000},{"address":"11428.0 93 STREET NW","assessed_value":240000},{"address":"120.0 COUNTRY CLUB PLACE NW","assessed_value":507000},{"address":"10160.0 116 STREET NW","assessed_value":154500},{"address":"8337.0 29 AVENUE NW","assessed_value":129000},{"address":"nan nan","assessed_value":11500},{"address":"10150.0 117 STREET NW","assessed_value":110500},{"address":"2744.0 44A AVENUE NW","assessed_value":507000},{"address":"10636.0 120 STREET NW","assessed_value":127000},{"address":"9347.0 118 AVENUE NW","assessed_value":367500},{"address":"720.0 ABBOTTSFIELD ROAD NW","assessed_value":149500},{"address":"9974.0 176 AVENUE NW","assessed_value":303500},{"address":"157.0 KNOTTWOOD ROAD NORTH NW","assessed_value":292000},{"address":"17511.0 98A AVENUE NW","assessed_value":158000},{"address":"11132.0 97 STREET NW","assessed_value":241000},{"address":"405.0 OSBORNE CRESCENT NW","assessed_value":860000},{"address":"9938.0 80 AVENUE NW","assessed_value":208500},{"address":"215.0 KNOTTWOOD ROAD NORTH NW","assessed_value":277000},{"address":"769.0 JOHNS ROAD NW","assessed_value":424000},{"address":"13910.0 STONY PLAIN ROAD NW","assessed_value":92000},{"address":"4452.0 30 STREET NW","assessed_value":561500},{"address":"5965.0 189 STREET NW","assessed_value":377500},{"address":"9521.0 118 AVENUE NW","assessed_value":334000},{"address":"279.0 RIVER POINT NW","assessed_value":403500},{"address":"nan nan","assessed_value":1500},{"address":"7327.0 118 STREET NW","assessed_value":347000},{"address":"10883.0 SASKATCHEWAN DRIVE NW","assessed_value":151500},{"address":"10648.0 JASPER AVENUE NW","assessed_value":1305000}]