[{"address":"9112.0 186 STREET NW","assessed_value":545000},{"address":"16116.0 108 AVENUE NW","assessed_value":266500},{"address":"10506.0 149 STREET NW","assessed_value":3500},{"address":"13620.0 132A STREET NW","assessed_value":277000},{"address":"12913.0 123 STREET NW","assessed_value":227000},{"address":"10334.0 154 STREET NW","assessed_value":312500},{"address":"268.0 GARIEPY CRESCENT NW","assessed_value":562000},{"address":"9035.0 146A STREET NW","assessed_value":1573000},{"address":"17124.0 80 AVENUE NW","assessed_value":374500},{"address":"12912.0 114 STREET NW","assessed_value":242000},{"address":"104.0 PRIMROSE GARDENS NW","assessed_value":181000},{"address":"18311.0 78 AVENUE NW","assessed_value":408000},{"address":"10748.0 133 STREET NW","assessed_value":969000},{"address":"14312.0 98 AVENUE NW","assessed_value":641500},{"address":"12050.0 127 STREET NW","assessed_value":327500},{"address":"17204.0 77 AVENUE NW","assessed_value":384500},{"address":"12140.0 129 STREET NW","assessed_value":352500},{"address":"10715.0 132 STREET NW","assessed_value":511500},{"address":"12213.0 132 AVENUE NW","assessed_value":7500},{"address":"9908.0 190 STREET NW","assessed_value":429500},{"address":"21.0 CALLINGWOOD COURT NW","assessed_value":189000},{"address":"18315.0 89 AVENUE NW","assessed_value":171500},{"address":"10723.0 133 STREET NW","assessed_value":555500},{"address":"10822.0 127 STREET NW","assessed_value":438000},{"address":"13615.0 86 AVENUE NW","assessed_value":2484000},{"address":"9409.0 149 STREET NW","assessed_value":297500},{"address":"13316.0 79 AVENUE NW","assessed_value":1327000},{"address":"18146.0 93 AVENUE NW","assessed_value":189000},{"address":"12520.0 136 AVENUE NW","assessed_value":346000},{"address":"11948.0 132 STREET NW","assessed_value":382500},{"address":"18516.0 85 AVENUE NW","assessed_value":386500},{"address":"8820.0 142 STREET NW","assessed_value":501500},{"address":"5760.0 172 STREET NW","assessed_value":177000},{"address":"9948.0 160 STREET NW","assessed_value":283500},{"address":"10722.0 156 STREET NW","assessed_value":258500},{"address":"7308.0 181 STREET NW","assessed_value":328000},{"address":"13344.0 110 AVENUE NW","assessed_value":573000},{"address":"18331.0 93 AVENUE NW","assessed_value":205500},{"address":"17323.0 53 AVENUE NW","assessed_value":500},{"address":"12140.0 128 STREET NW","assessed_value":407500},{"address":"13320.0 136 AVENUE NW","assessed_value":383500},{"address":"18450.0 62B AVENUE NW","assessed_value":218500},{"address":"14608.0 89A AVENUE NW","assessed_value":579500},{"address":"17802.0 62C AVENUE NW","assessed_value":500},{"address":"9723.0 142 STREET NW","assessed_value":506500},{"address":"15863.0 116 AVENUE NW","assessed_value":495500},{"address":"12807.0 131 AVENUE NW","assessed_value":313000},{"address":"18305.0 89 AVENUE NW","assessed_value":163000},{"address":"18409.0 62B AVENUE NW","assessed_value":439500},{"address":"18234.0 91 AVENUE NW","assessed_value":208500},{"address":"13439.0 131 STREET NW","assessed_value":330000},{"address":"13015.0 129 AVENUE NW","assessed_value":273500},{"address":"13024.0 123A STREET NW","assessed_value":318000},{"address":"9820.0 187 STREET NW","assessed_value":441500},{"address":"13207.0 133 AVENUE NW","assessed_value":345500},{"address":"7607.0 172 STREET NW","assessed_value":103000},{"address":"10833.0 128 STREET NW","assessed_value":747500},{"address":"18419.0 85 AVENUE NW","assessed_value":496500},{"address":"14015.0 106 AVENUE NW","assessed_value":1113500},{"address":"201.0 SURREY GARDENS NW","assessed_value":186500},{"address":"13207.0 109 AVENUE NW","assessed_value":455500},{"address":"17312.0 92 AVENUE NW","assessed_value":394500},{"address":"18245.0 84 AVENUE NW","assessed_value":195000},{"address":"15830.0 104A AVENUE NW","assessed_value":504500},{"address":"13008.0 115 STREET NW","assessed_value":233500},{"address":"11560.0 149 STREET NW","assessed_value":3262000},{"address":"11022.0 159 STREET NW","assessed_value":327500},{"address":"6516.0 187 STREET NW","assessed_value":406000},{"address":"15802.0 STONY PLAIN ROAD NW","assessed_value":1652000},{"address":"423.0 WILLOW COURT NW","assessed_value":159500},{"address":"12520.0 135 AVENUE NW","assessed_value":852500},{"address":"16448.0 106 AVENUE NW","assessed_value":4000},{"address":"10306.0 153 STREET NW","assessed_value":283500},{"address":"18052.0 99A AVENUE NW","assessed_value":500000},{"address":"13611.0 136 AVENUE NW","assessed_value":344000},{"address":"136.0 WOODSTOCK NW","assessed_value":171000},{"address":"13311.0 109 AVENUE NW","assessed_value":436500},{"address":"10650.0 152 STREET NW","assessed_value":211500},{"address":"11724.0 129 AVENUE NW","assessed_value":240500},{"address":"12335.0 130 STREET NW","assessed_value":393500},{"address":"10438.0 166 STREET NW","assessed_value":421500},{"address":"11830.0 126 STREET NW","assessed_value":265000},{"address":"10732.0 164 STREET NW","assessed_value":368500},{"address":"162.0 PRIMROSE GARDENS NW","assessed_value":184000},{"address":"9335.0 179 STREET NW","assessed_value":363000},{"address":"14728.0 106A AVENUE NW","assessed_value":364000},{"address":"13342.0 123 STREET NW","assessed_value":0},{"address":"11815.0 126 STREET NW","assessed_value":239500},{"address":"9107.0 142 STREET NW","assessed_value":441000},{"address":"608.0 WILLOW COURT NW","assessed_value":163500},{"address":"9615.0 146 STREET NW","assessed_value":1702500},{"address":"7904.0 147 STREET NW","assessed_value":682500},{"address":"9143.0 143 STREET NW","assessed_value":1312000},{"address":"13315.0 117 STREET NW","assessed_value":393500},{"address":"14203.0 98 AVENUE NW","assessed_value":500000},{"address":"8912.0 187 STREET NW","assessed_value":354000},{"address":"10419.0 154 STREET NW","assessed_value":562000},{"address":"12344.0 128 STREET NW","assessed_value":333000},{"address":"11008.0 145 STREET NW","assessed_value":377500},{"address":"7907.0 145 STREET NW","assessed_value":556000},{"address":"184.0 CALLINGWOOD PLACE NW","assessed_value":209500},{"address":"15126.0 110A AVENUE NW","assessed_value":310500},{"address":"10224.0 134 STREET NW","assessed_value":826500},{"address":"10915.0 159 STREET NW","assessed_value":269000},{"address":"10534.0 163 STREET NW","assessed_value":309500},{"address":"12934.0 103 AVENUE NW","assessed_value":831500},{"address":"9743.0 145 STREET NW","assessed_value":1676500},{"address":"10215.0 148 STREET NW","assessed_value":190000},{"address":"12952.0 113A STREET NW","assessed_value":217500},{"address":"394.0 WALKER ROAD NW","assessed_value":604500},{"address":"14619.0 89 AVENUE NW","assessed_value":578000},{"address":"13303.0 134 AVENUE NW","assessed_value":307000},{"address":"15902.0 110B AVENUE NW","assessed_value":361500},{"address":"10831.0 130 STREET NW","assessed_value":1006000},{"address":"18507.0 96 AVENUE NW","assessed_value":443500},{"address":"9930.0 148 STREET NW","assessed_value":385500},{"address":"14003.0 92 AVENUE NW","assessed_value":819500},{"address":"10456.0 158 STREET NW","assessed_value":263000},{"address":"8638.0 177A STREET NW","assessed_value":413000},{"address":"7636.0 172 STREET NW","assessed_value":308000},{"address":"5849.0 185 STREET NW","assessed_value":410500},{"address":"14224.0 133 AVENUE NW","assessed_value":500},{"address":"15604.0 STONY PLAIN ROAD NW","assessed_value":689500},{"address":"8615.0 137 STREET NW","assessed_value":1187000},{"address":"10335.0 162 STREET NW","assessed_value":664000},{"address":"9.0 TWEEDSMUIR CRESCENT NW","assessed_value":1061500},{"address":"8003.0 BUENA VISTA ROAD NW","assessed_value":796000},{"address":"12311.0 133 AVENUE NW","assessed_value":378000},{"address":"13303.0 114 STREET NW","assessed_value":328500},{"address":"17223.0 103 AVENUE NW","assessed_value":1739000},{"address":"16021.0 103 AVENUE NW","assessed_value":397000},{"address":"8009.0 178 STREET NW","assessed_value":201000},{"address":"15114.0 STONY PLAIN ROAD NW","assessed_value":308000},{"address":"18235.0 93 AVENUE NW","assessed_value":205500},{"address":"5812.0 186 STREET NW","assessed_value":433000},{"address":"13339.0 119 STREET NW","assessed_value":10500},{"address":"5419.0 176 STREET NW","assessed_value":514500},{"address":"10454.0 148 STREET NW","assessed_value":417000},{"address":"10623.0 146 STREET NW","assessed_value":440500},{"address":"10716.0 154 STREET NW","assessed_value":306500},{"address":"18308.0 68 AVENUE NW","assessed_value":446500},{"address":"13536.0 123A STREET NW","assessed_value":386500},{"address":"9920.0 182 STREET NW","assessed_value":421500},{"address":"5307.0 176 STREET NW","assessed_value":525500},{"address":"7112.0 178 STREET NW","assessed_value":190000},{"address":"13012.0 124 STREET NW","assessed_value":291000},{"address":"13320.0 134 STREET NW","assessed_value":240000},{"address":"13335.0 119 STREET NW","assessed_value":337500},{"address":"9545.0 180A STREET NW","assessed_value":197500},{"address":"10356.0 147 STREET NW","assessed_value":592500},{"address":"12928.0 135 STREET NW","assessed_value":286000},{"address":"14640.0 93 AVENUE NW","assessed_value":1086000},{"address":"245.0 PRIMROSE GARDENS NW","assessed_value":181000},{"address":"10325.0 156 STREET NW","assessed_value":58500},{"address":"7407.0 171 STREET NW","assessed_value":106500},{"address":"17330.0 106A AVENUE NW","assessed_value":2129500},{"address":"13531.0 121A STREET NW","assessed_value":364000},{"address":"15354.0 110A AVENUE NW","assessed_value":448000},{"address":"12232.0 131 STREET NW","assessed_value":350500},{"address":"16172.0 108 AVENUE NW","assessed_value":345500},{"address":"12151.0 122 STREET NW","assessed_value":1070500},{"address":"108.0 WOODSTOCK NW","assessed_value":191000},{"address":"6481.0 184 STREET NW","assessed_value":224000},{"address":"18621.0 62B AVENUE NW","assessed_value":458000},{"address":"13420.0 131 STREET NW","assessed_value":295000},{"address":"13611.0 100 AVENUE NW","assessed_value":3087500},{"address":"10306.0 158 STREET NW","assessed_value":330500},{"address":"15916.0 107A AVENUE NW","assessed_value":330000},{"address":"208.0 MARLBOROUGH PLACE NW","assessed_value":192000},{"address":"13021.0 104 AVENUE NW","assessed_value":1447000},{"address":"7403.0 171 STREET NW","assessed_value":139500},{"address":"12007.0 130 AVENUE NW","assessed_value":404000},{"address":"6321.0 187 STREET NW","assessed_value":446500},{"address":"553.0 LESSARD DRIVE NW","assessed_value":512000},{"address":"232.0 SURREY GARDENS NW","assessed_value":152000},{"address":"9408.0 173 STREET NW","assessed_value":640000},{"address":"8411.0 181A STREET NW","assessed_value":437500},{"address":"13032.0 121 STREET NW","assessed_value":219000},{"address":"442.0 CRICKET COURT NW","assessed_value":172000},{"address":"14504.0 108 AVENUE NW","assessed_value":2678500},{"address":"14006.0 106 AVENUE NW","assessed_value":497500},{"address":"17.0 CALLINGWOOD COURT NW","assessed_value":181000},{"address":"14702.0 PARK DRIVE NW","assessed_value":679000},{"address":"10336.0 148 STREET NW","assessed_value":426000},{"address":"12414.0 126 STREET NW","assessed_value":255500},{"address":"16419.0 105 AVENUE NW","assessed_value":339000},{"address":"10325.0 163 STREET NW","assessed_value":322000},{"address":"18707.0 64 AVENUE NW","assessed_value":408500},{"address":"9102.0 142 STREET NW","assessed_value":3178500},{"address":"10943.0 148 STREET NW","assessed_value":365000},{"address":"12915.0 116 STREET NW","assessed_value":230500},{"address":"18931.0 98 AVENUE NW","assessed_value":438500},{"address":"11803.0 137 AVENUE NW","assessed_value":332000},{"address":"17803.0 89 AVENUE NW","assessed_value":471000},{"address":"17932.0 94 AVENUE NW","assessed_value":358500},{"address":"6715.0 181 STREET NW","assessed_value":370000},{"address":"279.0 CALLINGWOOD PLACE NW","assessed_value":228500},{"address":"135.0 QUESNELL CRESCENT NW","assessed_value":2680000},{"address":"123.0 WAKINA DRIVE NW","assessed_value":678000},{"address":"13304.0 138 STREET NW","assessed_value":389000},{"address":"237.0 CALLINGWOOD PLACE NW","assessed_value":231000},{"address":"9823.0 142 STREET NW","assessed_value":704500},{"address":"18279.0 84 AVENUE NW","assessed_value":207500},{"address":"18204.0 91 AVENUE NW","assessed_value":208500},{"address":"520.0 WILLOW COURT NW","assessed_value":189000},{"address":"5604.0 179 STREET NW","assessed_value":459500},{"address":"9535.0 148 STREET NW","assessed_value":693500},{"address":"13515.0 127 STREET NW","assessed_value":325500},{"address":"16160.0 110B AVENUE NW","assessed_value":374500},{"address":"13616.0 137 STREET NW","assessed_value":366000},{"address":"17920.0 78 AVENUE NW","assessed_value":342000},{"address":"16429.0 105A AVENUE NW","assessed_value":298500},{"address":"304.0 LESSARD DRIVE NW","assessed_value":560000},{"address":"9255.0 148 STREET NW","assessed_value":493000},{"address":"14527.0 86 AVENUE NW","assessed_value":585000},{"address":"11911.0 128 STREET NW","assessed_value":315500},{"address":"9220.0 146 STREET NW","assessed_value":488000},{"address":"18915.0 95A AVENUE NW","assessed_value":524000},{"address":"10332.0 157 STREET NW","assessed_value":247500},{"address":"14010.0 104A AVENUE NW","assessed_value":647500},{"address":"14122.0 98 AVENUE NW","assessed_value":3500},{"address":"12824.0 133 STREET NW","assessed_value":284000},{"address":"8227.0 182 STREET NW","assessed_value":226000},{"address":"116.0 SURREY GARDENS NW","assessed_value":155500},{"address":"12916.0 134 STREET NW","assessed_value":292500},{"address":"10616.0 148 STREET NW","assessed_value":493500},{"address":"18304.0 78 AVENUE NW","assessed_value":474000},{"address":"9008.0 141 STREET NW","assessed_value":1329500},{"address":"12745.0 115 STREET NW","assessed_value":271500},{"address":"14002.0 104A AVENUE NW","assessed_value":642000},{"address":"10215.0 147 STREET NW","assessed_value":310000},{"address":"7607.0 172 STREET NW","assessed_value":94000},{"address":"10932.0 165 STREET NW","assessed_value":311500},{"address":"12227.0 128 STREET NW","assessed_value":320500},{"address":"518.0 WILLOW COURT NW","assessed_value":149000},{"address":"12235.0 149 STREET NW","assessed_value":2967500},{"address":"12736.0 116 STREET NW","assessed_value":220000},{"address":"8724.0 137 STREET NW","assessed_value":1479500},{"address":"17712.0 94 AVENUE NW","assessed_value":466000},{"address":"14212.0 80 AVENUE NW","assessed_value":514500},{"address":"9303.0 185 STREET NW","assessed_value":372500},{"address":"13404.0 118 STREET NW","assessed_value":324000},{"address":"8631.0 184 STREET NW","assessed_value":411500},{"address":"9751.0 146 STREET NW","assessed_value":575000},{"address":"9220.0 172 STREET NW","assessed_value":386500},{"address":"18297.0 74 AVENUE NW","assessed_value":181500},{"address":"9722.0 145 STREET NW","assessed_value":772500},{"address":"12841.0 124 STREET NW","assessed_value":252000},{"address":"12815.0 130 STREET NW","assessed_value":313000},{"address":"13607.0 140 STREET NW","assessed_value":340000},{"address":"10311.0 148 STREET NW","assessed_value":759500},{"address":"14431.0 88 AVENUE NW","assessed_value":574000},{"address":"12.0 BELMEAD GARDENS NW","assessed_value":203000},{"address":"14313.0 101 AVENUE NW","assessed_value":457000},{"address":"10423.0 139 STREET NW","assessed_value":1096500},{"address":"12921.0 117 STREET NW","assessed_value":305500},{"address":"13607.0 139 STREET NW","assessed_value":303000},{"address":"6804.0 180 STREET NW","assessed_value":355500},{"address":"13626.0 103 AVENUE NW","assessed_value":513500},{"address":"10965.0 157 STREET NW","assessed_value":343500},{"address":"46.0 VALLEYVIEW CRESCENT NW","assessed_value":1260000},{"address":"10521.0 159 STREET NW","assessed_value":342500},{"address":"12026.0 127 STREET NW","assessed_value":381500},{"address":"5786.0 172 STREET NW","assessed_value":176500},{"address":"16825.0 104A AVENUE NW","assessed_value":1500},{"address":"9312.0 177A STREET NW","assessed_value":393000},{"address":"14807.0 93 AVENUE NW","assessed_value":481000},{"address":"209.0 CHATEAU PLACE NW","assessed_value":193000},{"address":"9604.0 148 STREET NW","assessed_value":638500},{"address":"13504.0 126 STREET NW","assessed_value":217500},{"address":"14007.0 101 AVENUE NW","assessed_value":1886000},{"address":"12217.0 125 STREET NW","assessed_value":363000},{"address":"11927.0 127 STREET NW","assessed_value":238000},{"address":"10701.0 135 STREET NW","assessed_value":720000},{"address":"12903.0 115 STREET NW","assessed_value":460500},{"address":"15916.0 109 AVENUE NW","assessed_value":78000},{"address":"16142.0 109 AVENUE NW","assessed_value":330000},{"address":"10121.0 143 STREET NW","assessed_value":595000},{"address":"11902.0 123 STREET NW","assessed_value":305500},{"address":"9316.0 175 STREET NW","assessed_value":428500},{"address":"12215.0 ST ALBERT TRAIL NW","assessed_value":325000},{"address":"14411.0 110A AVENUE NW","assessed_value":416000},{"address":"13411.0 132 AVENUE NW","assessed_value":306500},{"address":"10715.0 149 STREET NW","assessed_value":347500},{"address":"11011.0 133 STREET NW","assessed_value":382000},{"address":"12720.0 116 STREET NW","assessed_value":342000},{"address":"13119.0 134 STREET NW","assessed_value":319000},{"address":"47.0 BELMEAD GARDENS NW","assessed_value":193500},{"address":"9504.0 182 STREET NW","assessed_value":118500},{"address":"7015.0 184 STREET NW","assessed_value":487500},{"address":"10767.0 133 STREET NW","assessed_value":320000},{"address":"12819.0 135 AVENUE NW","assessed_value":337500},{"address":"418.0 CRICKET COURT NW","assessed_value":172000},{"address":"17611.0 86 AVENUE NW","assessed_value":383500},{"address":"10545.0 129 STREET NW","assessed_value":456000},{"address":"13903.0 91 AVENUE NW","assessed_value":755500},{"address":"18320.0 99 AVENUE NW","assessed_value":432500},{"address":"8624.0 172 STREET NW","assessed_value":158500},{"address":"12217.0 136 AVENUE NW","assessed_value":8500},{"address":"18915.0 99 AVENUE NW","assessed_value":447500},{"address":"14103.0 89A AVENUE NW","assessed_value":1065000},{"address":"12936.0 133 STREET NW","assessed_value":282000},{"address":"11522.0 127 AVENUE NW","assessed_value":285500},{"address":"14010.0 BUENA VISTA ROAD NW","assessed_value":707000},{"address":"15941.0 109 AVENUE NW","assessed_value":331000},{"address":"13019.0 123A AVENUE NW","assessed_value":355000},{"address":"9928.0 160 STREET NW","assessed_value":382500},{"address":"10921.0 154 STREET NW","assessed_value":324500},{"address":"14018.0 105 AVENUE NW","assessed_value":620500},{"address":"15745.0 108 AVENUE NW","assessed_value":356500},{"address":"9507.0 141 STREET NW","assessed_value":1139000},{"address":"11510.0 151 STREET NW","assessed_value":4780500},{"address":"10438.0 139 STREET NW","assessed_value":931000},{"address":"13512.0 126 STREET NW","assessed_value":287000},{"address":"9328.0 174 STREET NW","assessed_value":431000},{"address":"8710.0 181A STREET NW","assessed_value":1000},{"address":"9523.0 143 STREET NW","assessed_value":1309000},{"address":"8008.0 183 STREET NW","assessed_value":364500},{"address":"144.0 CALLINGWOOD PLACE NW","assessed_value":209500},{"address":"12937.0 125 STREET NW","assessed_value":319500},{"address":"12332.0 128 STREET NW","assessed_value":295000},{"address":"511.0 CRICKET COURT NW","assessed_value":169500},{"address":"12774.0 118 STREET NW","assessed_value":348000},{"address":"12912.0 136 AVENUE NW","assessed_value":308500},{"address":"13416.0 116 STREET NW","assessed_value":307500},{"address":"9723.0 145 STREET NW","assessed_value":2511500},{"address":"10720.0 130 STREET NW","assessed_value":414000},{"address":"12152.0 128 STREET NW","assessed_value":511500},{"address":"18316.0 70 AVENUE NW","assessed_value":523000},{"address":"9904.0 144 STREET NW","assessed_value":1684000},{"address":"15805.0 110A AVENUE NW","assessed_value":330500},{"address":"13515.0 137 STREET NW","assessed_value":273500},{"address":"14750.0 118 AVENUE NW","assessed_value":453500},{"address":"13048.0 123A AVENUE NW","assessed_value":332500},{"address":"10325.0 156 STREET NW","assessed_value":84000},{"address":"17415.0 78 AVENUE NW","assessed_value":451000},{"address":"11616.0 134 AVENUE NW","assessed_value":317000},{"address":"10992.0 165 STREET NW","assessed_value":316500},{"address":"11024.0 133 STREET NW","assessed_value":544500},{"address":"13003.0 128 AVENUE NW","assessed_value":264000},{"address":"12931.0 124 STREET NW","assessed_value":326000},{"address":"8016.0 184 STREET NW","assessed_value":460000},{"address":"13516.0 115 STREET NW","assessed_value":346500},{"address":"10731.0 180 STREET NW","assessed_value":2929500},{"address":"13212.0 121 STREET NW","assessed_value":326000},{"address":"17715.0 116 AVENUE NW","assessed_value":1684500},{"address":"13420.0 130 STREET NW","assessed_value":380000},{"address":"101.0 BELMEAD GARDENS NW","assessed_value":196000},{"address":"8820.0 145 STREET NW","assessed_value":485000},{"address":"8011.0 179 STREET NW","assessed_value":363500},{"address":"10009.0 147 STREET NW","assessed_value":1338500},{"address":"13348.0 109A AVENUE NW","assessed_value":400000},{"address":"13035.0 121 STREET NW","assessed_value":232000},{"address":"7012.0 185 STREET NW","assessed_value":417000},{"address":"371.0 LESSARD DRIVE NW","assessed_value":578500},{"address":"7935.0 178 STREET NW","assessed_value":250000},{"address":"14815.0 104 AVENUE NW","assessed_value":459500},{"address":"603.0 WILLOW COURT NW","assessed_value":156500},{"address":"14108.0 96 AVENUE NW","assessed_value":692000},{"address":"7914.0 145 STREET NW","assessed_value":0},{"address":"16116.0 107A AVENUE NW","assessed_value":350000},{"address":"13911.0 88 AVENUE NW","assessed_value":786500},{"address":"18524.0 62B AVENUE NW","assessed_value":406500},{"address":"12760.0 114 STREET NW","assessed_value":394000},{"address":"6660.0 178 STREET NW","assessed_value":182500},{"address":"13215.0 124 STREET NW","assessed_value":320500},{"address":"7611.0 176 STREET NW","assessed_value":214500},{"address":"13512.0 117 STREET NW","assessed_value":371500},{"address":"13826.0 135 AVENUE NW","assessed_value":1000},{"address":"10530.0 138 STREET NW","assessed_value":1981000},{"address":"8203.0 172 STREET NW","assessed_value":356000},{"address":"8804.0 185 STREET NW","assessed_value":426000},{"address":"10762.0 165 STREET NW","assessed_value":302500},{"address":"9923.0 182 STREET NW","assessed_value":426000},{"address":"18220.0 74 AVENUE NW","assessed_value":418000},{"address":"13540.0 139 STREET NW","assessed_value":265000},{"address":"9515.0 190 STREET NW","assessed_value":391000},{"address":"12732.0 115 STREET NW","assessed_value":237000},{"address":"12727.0 121 STREET NW","assessed_value":203000},{"address":"7403.0 171 STREET NW","assessed_value":115500},{"address":"13023.0 125 STREET NW","assessed_value":232500},{"address":"9427.0 174 STREET NW","assessed_value":429000},{"address":"231.0 WAKINA DRIVE NW","assessed_value":914500},{"address":"17315.0 108 AVENUE NW","assessed_value":247500},{"address":"13005.0 130 STREET NW","assessed_value":12500},{"address":"16533.0 104 AVENUE NW","assessed_value":336500},{"address":"17939.0 57 AVENUE NW","assessed_value":564000},{"address":"12912.0 117 STREET NW","assessed_value":208500},{"address":"18624.0 86 AVENUE NW","assessed_value":420500},{"address":"17605.0 59 AVENUE NW","assessed_value":336000},{"address":"6527.0 180 STREET NW","assessed_value":185500},{"address":"10823.0 134 STREET NW","assessed_value":561500},{"address":"9528.0 146 STREET NW","assessed_value":538000},{"address":"11937.0 131 STREET NW","assessed_value":331500},{"address":"16537.0 104 AVENUE NW","assessed_value":349000},{"address":"16115.0 100A AVENUE NW","assessed_value":318500},{"address":"17616.0 86A AVENUE NW","assessed_value":323500},{"address":"10819.0 135 STREET NW","assessed_value":411500},{"address":"8511.0 149 STREET NW","assessed_value":451500},{"address":"10304.0 CONNAUGHT DRIVE NW","assessed_value":1622000},{"address":"12708.0 123 STREET NW","assessed_value":328000},{"address":"9022.0 VALLEYVIEW DRIVE NW","assessed_value":2366500},{"address":"16181.0 108 AVENUE NW","assessed_value":285000},{"address":"206.0 CALLINGWOOD PLACE NW","assessed_value":204500},{"address":"10018.0 147 STREET NW","assessed_value":809000},{"address":"18308.0 66 AVENUE NW","assessed_value":430500},{"address":"11907.0 129 STREET NW","assessed_value":351500},{"address":"18312.0 71 AVENUE NW","assessed_value":435000},{"address":"12216.0 131A AVENUE NW","assessed_value":292500},{"address":"7327.0 180 STREET NW","assessed_value":220500},{"address":"10819.0 148 STREET NW","assessed_value":368000},{"address":"15608.0 116 AVENUE NW","assessed_value":381500},{"address":"8803.0 182 STREET NW","assessed_value":452500},{"address":"9939.0 147 STREET NW","assessed_value":1030000},{"address":"5728.0 172 STREET NW","assessed_value":182500},{"address":"13108.0 133 AVENUE NW","assessed_value":418500},{"address":"17311.0 108 AVENUE NW","assessed_value":286000},{"address":"9744.0 190 STREET NW","assessed_value":424000},{"address":"149.0 SURREY GARDENS NW","assessed_value":158000},{"address":"14006.0 103 AVENUE NW","assessed_value":604000},{"address":"18214.0 91 AVENUE NW","assessed_value":205000},{"address":"8719.0 186 STREET NW","assessed_value":381000},{"address":"13516.0 122 STREET NW","assessed_value":333500},{"address":"17920.0 57 AVENUE NW","assessed_value":494000},{"address":"11819.0 122 STREET NW","assessed_value":344500},{"address":"14505.0 97 AVENUE NW","assessed_value":1211000},{"address":"13862.0 RAVINE DRIVE NW","assessed_value":1083500},{"address":"516.0 CRICKET COURT NW","assessed_value":171500},{"address":"6457.0 184 STREET NW","assessed_value":190000},{"address":"13008.0 123 STREET NW","assessed_value":310500},{"address":"7804.0 144 STREET NW","assessed_value":895500},{"address":"15357.0 117 AVENUE NW","assessed_value":462000},{"address":"12807.0 136 AVENUE NW","assessed_value":331000},{"address":"13803.0 85 AVENUE NW","assessed_value":500},{"address":"8612.0 142 STREET NW","assessed_value":500},{"address":"14620.0 90 AVENUE NW","assessed_value":639000},{"address":"12836.0 146 STREET NW","assessed_value":2282500},{"address":"14216.0 92A AVENUE NW","assessed_value":886500},{"address":"17112.0 86 AVENUE NW","assessed_value":120000},{"address":"8719.0 137 STREET NW","assessed_value":1188500},{"address":"13436.0 135 STREET NW","assessed_value":240000},{"address":"5758.0 172 STREET NW","assessed_value":161000},{"address":"13804.0 91 AVENUE NW","assessed_value":2075500},{"address":"18909.0 99A AVENUE NW","assessed_value":449500},{"address":"13533.0 117 STREET NW","assessed_value":367000},{"address":"12818.0 135 STREET NW","assessed_value":284500},{"address":"9335.0 174 STREET NW","assessed_value":393500},{"address":"7607.0 172 STREET NW","assessed_value":133500},{"address":"10912.0 157 STREET NW","assessed_value":280500},{"address":"9328.0 179 STREET NW","assessed_value":407000},{"address":"503.0 WILLOW COURT NW","assessed_value":162500},{"address":"9120.0 VALLEYVIEW DRIVE NW","assessed_value":8500},{"address":"613.0 CRICKET COURT NW","assessed_value":172000},{"address":"10156.0 150 STREET NW","assessed_value":739500},{"address":"10528.0 149 STREET NW","assessed_value":3500},{"address":"18516.0 81 AVENUE NW","assessed_value":436500},{"address":"10417.0 135 STREET NW","assessed_value":1226500},{"address":"12712.0 130 STREET NW","assessed_value":258500},{"address":"10122.0 142 STREET NW","assessed_value":418000},{"address":"13034.0 116 STREET NW","assessed_value":294000},{"address":"18528.0 68 AVENUE NW","assessed_value":357000},{"address":"12208.0 132 AVENUE NW","assessed_value":313500},{"address":"48.0 WILLOWDALE PLACE NW","assessed_value":212500},{"address":"9035.0 144 STREET NW","assessed_value":537000},{"address":"11512.0 129 AVENUE NW","assessed_value":232000},{"address":"10423.0 136 STREET NW","assessed_value":484500},{"address":"15911.0 107A AVENUE NW","assessed_value":362000},{"address":"9338.0 172 STREET NW","assessed_value":298500},{"address":"13620.0 139 STREET NW","assessed_value":352500},{"address":"15.0 RIVERSIDE CRESCENT NW","assessed_value":1130500},{"address":"13603.0 101 AVENUE NW","assessed_value":1535500},{"address":"18004.0 75 AVENUE NW","assessed_value":364500},{"address":"14615.0 88 AVENUE NW","assessed_value":616000},{"address":"547.0 WAHSTAO ROAD NW","assessed_value":716500},{"address":"12931.0 122 AVENUE NW","assessed_value":374500},{"address":"87.0 ST GEORGE'S CRESCENT NW","assessed_value":978000},{"address":"17932.0 99A AVENUE NW","assessed_value":293000},{"address":"13219.0 140 STREET NW","assessed_value":299000},{"address":"18607.0 66 AVENUE NW","assessed_value":199000},{"address":"14003.0 76 AVENUE NW","assessed_value":1039500},{"address":"12927.0 128 STREET NW","assessed_value":476500},{"address":"10220.0 130 STREET NW","assessed_value":999000},{"address":"13431.0 114 STREET NW","assessed_value":349500},{"address":"17924.0 62B AVENUE NW","assessed_value":474000},{"address":"9119.0 147 STREET NW","assessed_value":499500},{"address":"9836.0 183 STREET NW","assessed_value":426000},{"address":"13443.0 119 STREET NW","assessed_value":245000},{"address":"12715.0 134 AVENUE NW","assessed_value":314500},{"address":"18052.0 95A AVENUE NW","assessed_value":188500},{"address":"18235.0 98A AVENUE NW","assessed_value":528500},{"address":"17612.0 61 AVENUE NW","assessed_value":547500},{"address":"18235.0 80A AVENUE NW","assessed_value":343500},{"address":"10326.0 144 STREET NW","assessed_value":582000},{"address":"14627.0 89A AVENUE NW","assessed_value":877500},{"address":"6429.0 187A STREET NW","assessed_value":354500},{"address":"11056.0 161 STREET NW","assessed_value":329500},{"address":"14308.0 88 AVENUE NW","assessed_value":522500},{"address":"10215.0 160 STREET NW","assessed_value":348500},{"address":"11835.0 126 STREET NW","assessed_value":289500},{"address":"13623.0 132 STREET NW","assessed_value":307500},{"address":"11025.0 156 STREET NW","assessed_value":336500},{"address":"8204.0 134 STREET NW","assessed_value":1225000},{"address":"10229.0 155 STREET NW","assessed_value":496500},{"address":"9208.0 147 STREET NW","assessed_value":519500},{"address":"12959.0 115 STREET NW","assessed_value":237000},{"address":"18018.0 93 AVENUE NW","assessed_value":180000},{"address":"8103.0 139 STREET NW","assessed_value":877000},{"address":"8939.0 149 STREET NW","assessed_value":301500},{"address":"227.0 CALLINGWOOD TWO NW","assessed_value":184000},{"address":"8516.0 187 STREET NW","assessed_value":395000},{"address":"10980.0 MAYFIELD ROAD NW","assessed_value":2586500},{"address":"7211.0 171 STREET NW","assessed_value":122000},{"address":"12844.0 128 STREET NW","assessed_value":360500},{"address":"14408.0 87 AVENUE NW","assessed_value":422500},{"address":"14144.0 98 AVENUE NW","assessed_value":814000},{"address":"21.0 BELMEAD GARDENS NW","assessed_value":199000},{"address":"10504.0 128 STREET NW","assessed_value":1707000},{"address":"10540.0 169 STREET NW","assessed_value":1500},{"address":"268.0 PRIMROSE GARDENS NW","assessed_value":180500},{"address":"10735.0 149 STREET NW","assessed_value":343500},{"address":"12130.0 125 STREET NW","assessed_value":305500},{"address":"359.0 LESSARD DRIVE NW","assessed_value":589000},{"address":"14018.0 103 AVENUE NW","assessed_value":480500},{"address":"857.0 ERIN PLACE NW","assessed_value":233000},{"address":"12846.0 125 STREET NW","assessed_value":248000},{"address":"15827.0 115 AVENUE NW","assessed_value":104500},{"address":"8620.0 176A STREET NW","assessed_value":375500},{"address":"8020.0 174 STREET NW","assessed_value":343000},{"address":"10415.0 134 STREET NW","assessed_value":617000},{"address":"14012.0 106A AVENUE NW","assessed_value":1473500},{"address":"5547.0 184A STREET NW","assessed_value":444500},{"address":"17512.0 53 AVENUE NW","assessed_value":1058000},{"address":"13104.0 CHURCHILL CRESCENT NW","assessed_value":2759500},{"address":"13028.0 115 STREET NW","assessed_value":340000},{"address":"10502.0 131 STREET NW","assessed_value":819500},{"address":"6491.0 184 STREET NW","assessed_value":194000},{"address":"8515.0 173 STREET NW","assessed_value":386500},{"address":"10453.0 147 STREET NW","assessed_value":325000},{"address":"10255.0 159 STREET NW","assessed_value":379500},{"address":"10327.0 140 STREET NW","assessed_value":1305500},{"address":"858.0 ERIN PLACE NW","assessed_value":233000},{"address":"18203.0 58 AVENUE NW","assessed_value":547000},{"address":"18527.0 68 AVENUE NW","assessed_value":389000},{"address":"12004.0 132 AVENUE NW","assessed_value":314000},{"address":"13011.0 121 STREET NW","assessed_value":375500},{"address":"14232.0 95 AVENUE NW","assessed_value":572000},{"address":"14013.0 106A AVENUE NW","assessed_value":1057000},{"address":"9032.0 146 STREET NW","assessed_value":488500},{"address":"5.0 CALLINGWOOD COURT NW","assessed_value":197000},{"address":"14628.0 87 AVENUE NW","assessed_value":410500},{"address":"10437.0 143 STREET NW","assessed_value":329500},{"address":"10530.0 169 STREET NW","assessed_value":1500},{"address":"18018.0 95A AVENUE NW","assessed_value":207000},{"address":"16303.0 107 AVENUE NW","assessed_value":1715500},{"address":"7.0 CALLINGWOOD COURT NW","assessed_value":175500},{"address":"424.0 WILLOW COURT NW","assessed_value":190000},{"address":"10905.0 150 STREET NW","assessed_value":264000},{"address":"5327.0 176 STREET NW","assessed_value":602500},{"address":"248.0 WAKINA DRIVE NW","assessed_value":735000},{"address":"9515.0 142 STREET NW","assessed_value":542000},{"address":"10220.0 147 STREET NW","assessed_value":212500},{"address":"18636.0 86A AVENUE NW","assessed_value":2000},{"address":"8725.0 184 STREET NW","assessed_value":211000},{"address":"13416.0 138 STREET NW","assessed_value":315000},{"address":"11052.0 150 STREET NW","assessed_value":334000},{"address":"13420.0 137 STREET NW","assessed_value":322000},{"address":"10618.0 130 STREET NW","assessed_value":416000},{"address":"18120.0 58 AVENUE NW","assessed_value":483500},{"address":"14632.0 89 AVENUE NW","assessed_value":476500},{"address":"8103.0 149 STREET NW","assessed_value":446500},{"address":"12804.0 121 AVENUE NW","assessed_value":333500},{"address":"68.0 WILLOWDALE PLACE NW","assessed_value":199000},{"address":"17365.0 85 AVENUE NW","assessed_value":190500},{"address":"13203.0 132 AVENUE NW","assessed_value":302000},{"address":"15217.0 118 AVENUE NW","assessed_value":3108000},{"address":"13524.0 123 STREET NW","assessed_value":326500},{"address":"17034.0 67 AVENUE NW","assessed_value":266500},{"address":"10721.0 157 STREET NW","assessed_value":340000},{"address":"198.0 MARLBOROUGH PLACE NW","assessed_value":191000},{"address":"13615.0 137 STREET NW","assessed_value":307000},{"address":"17224.0 57 AVENUE NW","assessed_value":155500},{"address":"8604.0 BUENA VISTA ROAD NW","assessed_value":635500},{"address":"13548.0 123A STREET NW","assessed_value":350000},{"address":"18124.0 68 AVENUE NW","assessed_value":408000},{"address":"18515.0 98 AVENUE NW","assessed_value":427500},{"address":"9515.0 181 STREET NW","assessed_value":221000},{"address":"13508.0 135 STREET NW","assessed_value":277000},{"address":"5904.0 177 STREET NW","assessed_value":448000},{"address":"10704.0 148 STREET NW","assessed_value":445500},{"address":"9504.0 182 STREET NW","assessed_value":119000},{"address":"202.0 MARLBOROUGH PLACE NW","assessed_value":191500},{"address":"13328.0 129 STREET NW","assessed_value":338500},{"address":"8635.0 180 STREET NW","assessed_value":409500},{"address":"23.0 VALLEYVIEW CRESCENT NW","assessed_value":2848500},{"address":"18432.0 91 AVENUE NW","assessed_value":405500},{"address":"12807.0 121 AVENUE NW","assessed_value":389000},{"address":"158.0 MARLBOROUGH PLACE NW","assessed_value":199000},{"address":"11519.0 130 AVENUE NW","assessed_value":260000},{"address":"10667.0 149 STREET NW","assessed_value":317500},{"address":"17511.0 86 AVENUE NW","assessed_value":354500},{"address":"10622.0 155 STREET NW","assessed_value":275500},{"address":"10033.0 148 STREET NW","assessed_value":609000},{"address":"13612.0 BUENA VISTA ROAD NW","assessed_value":866500},{"address":"10202.0 160 STREET NW","assessed_value":338000},{"address":"13508.0 136 STREET NW","assessed_value":309500},{"address":"7963.0 178 STREET NW","assessed_value":219000},{"address":"9303.0 176 STREET NW","assessed_value":434000},{"address":"13131.0 120 STREET NW","assessed_value":252500},{"address":"10836.0 153 STREET NW","assessed_value":484500},{"address":"9413.0 146 STREET NW","assessed_value":515000},{"address":"10519.0 137 STREET NW","assessed_value":699500},{"address":"12603.0 120 AVENUE NW","assessed_value":294500},{"address":"9441.0 144 STREET NW","assessed_value":678500},{"address":"11731.0 167 STREET NW","assessed_value":147500},{"address":"9736.0 189 STREET NW","assessed_value":400000},{"address":"17612.0 53 AVENUE NW","assessed_value":559000},{"address":"13123.0 122A AVENUE NW","assessed_value":336000},{"address":"13027.0 133 STREET NW","assessed_value":731000},{"address":"14328.0 98 AVENUE NW","assessed_value":674000},{"address":"6550.0 178 STREET NW","assessed_value":185500},{"address":"11619.0 129 AVENUE NW","assessed_value":213500},{"address":"10926.0 158 STREET NW","assessed_value":299500},{"address":"14318.0 STONY PLAIN ROAD NW","assessed_value":225000},{"address":"13118.0 120 STREET NW","assessed_value":295000},{"address":"18283.0 74 AVENUE NW","assessed_value":181500},{"address":"10448.0 154 STREET NW","assessed_value":299000},{"address":"18516.0 90 AVENUE NW","assessed_value":404000},{"address":"10531.0 158 STREET NW","assessed_value":320000},{"address":"9528.0 190 STREET NW","assessed_value":411000},{"address":"6234.0 187A STREET NW","assessed_value":425000},{"address":"10417.0 153 STREET NW","assessed_value":506500},{"address":"10448.0 147 STREET NW","assessed_value":390500},{"address":"592.0 WAHSTAO ROAD NW","assessed_value":602500},{"address":"10616.0 172 STREET NW","assessed_value":401000},{"address":"13316.0 123A STREET NW","assessed_value":359500},{"address":"103.0 SURREY GARDENS NW","assessed_value":169500},{"address":"8103.0 148 STREET NW","assessed_value":676500},{"address":"13127.0 135 STREET NW","assessed_value":315500},{"address":"11905.0 ST ALBERT TRAIL NW","assessed_value":312500},{"address":"13016.0 132 AVENUE NW","assessed_value":346000},{"address":"13027.0 134 STREET NW","assessed_value":293000},{"address":"26.0 WILLOWDALE PLACE NW","assessed_value":188000},{"address":"17416.0 53 AVENUE NW","assessed_value":775500},{"address":"10332.0 147 STREET NW","assessed_value":984000},{"address":"12411.0 119 AVENUE NW","assessed_value":2295500},{"address":"14716.0 104 AVENUE NW","assessed_value":419500},{"address":"18315.0 62B AVENUE NW","assessed_value":484000},{"address":"14711.0 128 AVENUE NW","assessed_value":3000},{"address":"6368.0 180 STREET NW","assessed_value":186500},{"address":"10516.0 162 STREET NW","assessed_value":287500},{"address":"6314.0 187 STREET NW","assessed_value":469500},{"address":"7148.0 178 STREET NW","assessed_value":178000},{"address":"9818.0 142 STREET NW","assessed_value":0},{"address":"12208.0 128 AVENUE NW","assessed_value":352000},{"address":"12776.0 116 STREET NW","assessed_value":570500},{"address":"14618.0 110 AVENUE NW","assessed_value":393500},{"address":"13712.0 BUENA VISTA ROAD NW","assessed_value":726000},{"address":"10711.0 152 STREET NW","assessed_value":263500},{"address":"12903.0 133 AVENUE NW","assessed_value":354000},{"address":"13407.0 122 STREET NW","assessed_value":277000},{"address":"6016.0 177 STREET NW","assessed_value":566500},{"address":"14628.0 86 AVENUE NW","assessed_value":471500},{"address":"8627.0 179 STREET NW","assessed_value":413500},{"address":"16635.0 111 AVENUE NW","assessed_value":1833500},{"address":"11015.0 151 STREET NW","assessed_value":387500},{"address":"13535.0 114 STREET NW","assessed_value":265500},{"address":"12823.0 137 AVENUE NW","assessed_value":320500},{"address":"12327.0 129 STREET NW","assessed_value":356000},{"address":"7707.0 183 STREET NW","assessed_value":485500},{"address":"10805.0 134 STREET NW","assessed_value":409000},{"address":"9805.0 181 STREET NW","assessed_value":1000},{"address":"13427.0 117 STREET NW","assessed_value":349000},{"address":"13315.0 109A AVENUE NW","assessed_value":400000},{"address":"8640.0 184 STREET NW","assessed_value":530500},{"address":"13011.0 126 STREET NW","assessed_value":308000},{"address":"384.0 LESSARD DRIVE NW","assessed_value":494500},{"address":"58.0 WAHSTAO CRESCENT NW","assessed_value":2000},{"address":"15932.0 110B AVENUE NW","assessed_value":337000},{"address":"6423.0 187 STREET NW","assessed_value":413500},{"address":"14220.0 112 AVENUE NW","assessed_value":2356500},{"address":"10621.0 154 STREET NW","assessed_value":417500},{"address":"10203.0 129 STREET NW","assessed_value":672500},{"address":"17090.0 67 AVENUE NW","assessed_value":236000},{"address":"13428.0 134 STREET NW","assessed_value":288500},{"address":"13412.0 103 AVENUE NW","assessed_value":392000},{"address":"14712.0 86 AVENUE NW","assessed_value":547000},{"address":"13304.0 120 STREET NW","assessed_value":318000},{"address":"9571.0 180A STREET NW","assessed_value":214500},{"address":"14652.0 109 AVENUE NW","assessed_value":434500},{"address":"18530.0 86A AVENUE NW","assessed_value":406500},{"address":"14503.0 STONY PLAIN ROAD NW","assessed_value":579000},{"address":"12524.0 128 STREET NW","assessed_value":713000},{"address":"5790.0 172 STREET NW","assessed_value":150500},{"address":"7611.0 172A STREET NW","assessed_value":384000},{"address":"7211.0 171 STREET NW","assessed_value":93500},{"address":"13608.0 132 AVENUE NW","assessed_value":308000},{"address":"17948.0 94 AVENUE NW","assessed_value":517000},{"address":"10615.0 152 STREET NW","assessed_value":268000},{"address":"13220.0 115 STREET NW","assessed_value":390500},{"address":"18910.0 99A AVENUE NW","assessed_value":460000},{"address":"12711.0 115 STREET NW","assessed_value":226000},{"address":"8804.0 187 STREET NW","assessed_value":426500},{"address":"8811.0 149 STREET NW","assessed_value":379000},{"address":"10251.0 146 STREET NW","assessed_value":333000},{"address":"10707.0 130 STREET NW","assessed_value":135500},{"address":"9720.0 190 STREET NW","assessed_value":412500},{"address":"7727.0 173 STREET NW","assessed_value":426500},{"address":"13718.0 SUMMIT POINT NW","assessed_value":1660500},{"address":"18928.0 99 AVENUE NW","assessed_value":498500},{"address":"15515.0 106 AVENUE NW","assessed_value":6000},{"address":"10725.0 150 STREET NW","assessed_value":318500},{"address":"10212.0 162 STREET NW","assessed_value":328500},{"address":"12320.0 124 STREET NW","assessed_value":0},{"address":"10444.0 146 STREET NW","assessed_value":491500},{"address":"241.0 PRIMROSE GARDENS NW","assessed_value":181000},{"address":"825.0 ERIN PLACE NW","assessed_value":231500},{"address":"14012.0 80 AVENUE NW","assessed_value":872000},{"address":"11403.0 129 AVENUE NW","assessed_value":296000},{"address":"11035.0 161 STREET NW","assessed_value":320000},{"address":"8810.0 181A STREET NW","assessed_value":387500},{"address":"10231.0 129 STREET NW","assessed_value":953500},{"address":"275.0 SURREY GARDENS NW","assessed_value":144500},{"address":"14631.0 93 AVENUE NW","assessed_value":551000},{"address":"14007.0 91A AVENUE NW","assessed_value":686500},{"address":"17719.0 84 AVENUE NW","assessed_value":368000},{"address":"10334.0 130 STREET NW","assessed_value":1246500},{"address":"12402.0 120 AVENUE NW","assessed_value":309500},{"address":"7616.0 180 STREET NW","assessed_value":338000},{"address":"12845.0 123A STREET NW","assessed_value":244000},{"address":"11516.0 132 AVENUE NW","assessed_value":290000},{"address":"234.0 DECHENE ROAD NW","assessed_value":525500},{"address":"9111.0 139 STREET NW","assessed_value":1218000},{"address":"10538.0 132 STREET NW","assessed_value":542000},{"address":"14708.0 106A AVENUE NW","assessed_value":418000},{"address":"14611.0 109 AVENUE NW","assessed_value":441000},{"address":"14015.0 85 AVENUE NW","assessed_value":796000},{"address":"8427.0 186 STREET NW","assessed_value":495500},{"address":"12122.0 124 STREET NW","assessed_value":344500},{"address":"9597.0 180A STREET NW","assessed_value":213500},{"address":"14621.0 110 AVENUE NW","assessed_value":491000},{"address":"8403.0 171 STREET NW","assessed_value":346000},{"address":"150.0 LAURIER DRIVE NW","assessed_value":533000},{"address":"207.0 CALLINGWOOD TWO NW","assessed_value":172000},{"address":"17612.0 93 AVENUE NW","assessed_value":476000},{"address":"8108.0 133 STREET NW","assessed_value":852000},{"address":"6318.0 184 STREET NW","assessed_value":204000},{"address":"14340.0 92 AVENUE NW","assessed_value":523500},{"address":"15726.0 106A AVENUE NW","assessed_value":345500},{"address":"10245.0 148 STREET NW","assessed_value":807000},{"address":"12003.0 126 STREET NW","assessed_value":340000},{"address":"8207.0 141 STREET NW","assessed_value":635500},{"address":"13316.0 135 STREET NW","assessed_value":268000},{"address":"7019.0 183 STREET NW","assessed_value":418500},{"address":"13828.0 133 AVENUE NW","assessed_value":296000},{"address":"14637.0 109 AVENUE NW","assessed_value":399500},{"address":"13407.0 86 AVENUE NW","assessed_value":984000},{"address":"8920.0 145 STREET NW","assessed_value":922000},{"address":"13810.0 88 AVENUE NW","assessed_value":9000},{"address":"16185.0 110B AVENUE NW","assessed_value":359000},{"address":"10360.0 145 STREET NW","assessed_value":889000},{"address":"12119.0 137 AVENUE NW","assessed_value":326000},{"address":"8628.0 184 STREET NW","assessed_value":483500},{"address":"6704.0 180 STREET NW","assessed_value":371500},{"address":"902.0 ERIN PLACE NW","assessed_value":220500},{"address":"9321.0 173 STREET NW","assessed_value":301000},{"address":"8303.0 181 STREET NW","assessed_value":380500},{"address":"10915.0 149 STREET NW","assessed_value":358000},{"address":"17548.0 55 AVENUE NW","assessed_value":650000},{"address":"12932.0 119 AVENUE NW","assessed_value":356500},{"address":"7211.0 171 STREET NW","assessed_value":122000},{"address":"10714.0 128 STREET NW","assessed_value":582000},{"address":"17939.0 99 AVENUE NW","assessed_value":409000},{"address":"229.0 PRIMROSE GARDENS NW","assessed_value":184500},{"address":"10836.0 151 STREET NW","assessed_value":306000},{"address":"7624.0 172A STREET NW","assessed_value":371500},{"address":"10302.0 149 STREET NW","assessed_value":4500},{"address":"14411.0 88 AVENUE NW","assessed_value":470500},{"address":"12602.0 127 AVENUE NW","assessed_value":130500},{"address":"9227.0 186 STREET NW","assessed_value":405000},{"address":"10718.0 153 STREET NW","assessed_value":403000},{"address":"11840.0 123 STREET NW","assessed_value":264000},{"address":"17219.0 60 AVENUE NW","assessed_value":291000},{"address":"11043.0 160 STREET NW","assessed_value":342000},{"address":"15982.0 106A AVENUE NW","assessed_value":338000},{"address":"8417.0 175 STREET NW","assessed_value":257000},{"address":"12220.0 136 AVENUE NW","assessed_value":295000},{"address":"27.0 WELLINGTON CRESCENT NW","assessed_value":1355500},{"address":"12723.0 119 STREET NW","assessed_value":155000},{"address":"450.0 LESSARD DRIVE NW","assessed_value":670000},{"address":"11927.0 122 STREET NW","assessed_value":306500},{"address":"7520.0 139 STREET NW","assessed_value":700500},{"address":"10418.0 139 STREET NW","assessed_value":1049000},{"address":"11911.0 129 STREET NW","assessed_value":363500},{"address":"164.0 PRIMROSE GARDENS NW","assessed_value":175500},{"address":"10921.0 155 STREET NW","assessed_value":333000},{"address":"9219.0 149 STREET NW","assessed_value":412500},{"address":"12727.0 134 STREET NW","assessed_value":230500},{"address":"6715.0 183 STREET NW","assessed_value":468500},{"address":"18111.0 107 AVENUE NW","assessed_value":410000},{"address":"10446.0 144 STREET NW","assessed_value":332500},{"address":"10441.0 155 STREET NW","assessed_value":347500},{"address":"6024.0 174 STREET NW","assessed_value":319500},{"address":"8008.0 172 STREET NW","assessed_value":376500},{"address":"106.0 SURREY GARDENS NW","assessed_value":154000},{"address":"18062.0 93 AVENUE NW","assessed_value":183500},{"address":"14602.0 116 AVENUE NW","assessed_value":1234000},{"address":"10736.0 151 STREET NW","assessed_value":319000},{"address":"9904.0 142 STREET NW","assessed_value":562000},{"address":"9908.0 184 STREET NW","assessed_value":432500},{"address":"12776.0 115 STREET NW","assessed_value":233000},{"address":"13816.0 88 AVENUE NW","assessed_value":793000},{"address":"13108.0 123 AVENUE NW","assessed_value":299500},{"address":"9720.0 141 STREET NW","assessed_value":821000},{"address":"11913.0 129 AVENUE NW","assessed_value":165000},{"address":"18436.0 57 AVENUE NW","assessed_value":373500},{"address":"5307.0 174 STREET NW","assessed_value":1000},{"address":"93.0 BELMEAD GARDENS NW","assessed_value":203000},{"address":"17305.0 109 AVENUE NW","assessed_value":2631500},{"address":"10407.0 136 STREET NW","assessed_value":658000},{"address":"15941.0 107A AVENUE NW","assessed_value":304500},{"address":"11002.0 161 STREET NW","assessed_value":306500},{"address":"7601.0 142 STREET NW","assessed_value":500},{"address":"12011.0 127 STREET NW","assessed_value":286000},{"address":"15610.0 116 AVENUE NW","assessed_value":308500},{"address":"18257.0 93 AVENUE NW","assessed_value":202000},{"address":"14604.0 134 AVENUE NW","assessed_value":12021000},{"address":"9307.0 146 STREET NW","assessed_value":506000},{"address":"7616.0 172A STREET NW","assessed_value":369000},{"address":"14805.0 106 AVENUE NW","assessed_value":596500},{"address":"17708.0 85 AVENUE NW","assessed_value":502000},{"address":"13045.0 117 STREET NW","assessed_value":412000},{"address":"10545.0 162 STREET NW","assessed_value":307000},{"address":"10462.0 159 STREET NW","assessed_value":326500},{"address":"8732.0 181 STREET NW","assessed_value":413000},{"address":"13543.0 128 STREET NW","assessed_value":349500},{"address":"17010.0 103 AVENUE NW","assessed_value":3274000},{"address":"404.0 LESSARD DRIVE NW","assessed_value":953500},{"address":"14411.0 106 AVENUE NW","assessed_value":605500},{"address":"8426.0 187 STREET NW","assessed_value":384500},{"address":"12940.0 129 STREET NW","assessed_value":1719000},{"address":"17924.0 98A AVENUE NW","assessed_value":419500},{"address":"10840.0 130 STREET NW","assessed_value":554000},{"address":"12744.0 134 STREET NW","assessed_value":290500},{"address":"12808.0 129 STREET NW","assessed_value":328000},{"address":"7909.0 178 STREET NW","assessed_value":205000},{"address":"7711.0 176 STREET NW","assessed_value":277500},{"address":"14409.0 96 AVENUE NW","assessed_value":677000},{"address":"11907.0 122 STREET NW","assessed_value":287000},{"address":"15620.0 121A AVENUE NW","assessed_value":1299000},{"address":"13623.0 136 STREET NW","assessed_value":275000},{"address":"7361.0 180 STREET NW","assessed_value":211500},{"address":"11803.0 135A AVENUE NW","assessed_value":300000},{"address":"8720.0 184 STREET NW","assessed_value":359500},{"address":"16105.0 108 AVENUE NW","assessed_value":370500},{"address":"13112.0 123A STREET NW","assessed_value":322500},{"address":"10945.0 133 STREET NW","assessed_value":416500},{"address":"10323.0 151 STREET NW","assessed_value":334500},{"address":"18604.0 86 AVENUE NW","assessed_value":410000},{"address":"18425.0 91 AVENUE NW","assessed_value":533000},{"address":"13408.0 135 STREET NW","assessed_value":300000},{"address":"172.0 GARIEPY CRESCENT NW","assessed_value":505500},{"address":"11945.0 128 STREET NW","assessed_value":458000},{"address":"10327.0 146 STREET NW","assessed_value":795500},{"address":"13003.0 137 AVENUE NW","assessed_value":338000},{"address":"524.0 WAHSTAO ROAD NW","assessed_value":627500},{"address":"18533.0 66 AVENUE NW","assessed_value":193000},{"address":"8925.0 143 STREET NW","assessed_value":6000},{"address":"13031.0 114 STREET NW","assessed_value":325000},{"address":"14620.0 84 AVENUE NW","assessed_value":477500},{"address":"11051.0 152 STREET NW","assessed_value":325000},{"address":"18523.0 98 AVENUE NW","assessed_value":412500},{"address":"12818.0 129 STREET NW","assessed_value":179000},{"address":"10411.0 162 STREET NW","assessed_value":352500},{"address":"8923.0 146 STREET NW","assessed_value":942000},{"address":"17927.0 94 AVENUE NW","assessed_value":451500},{"address":"13543.0 123A STREET NW","assessed_value":358500},{"address":"16725.0 114 AVENUE NW","assessed_value":2638000},{"address":"14039.0 104A AVENUE NW","assessed_value":649500},{"address":"7704.0 182 STREET NW","assessed_value":361000},{"address":"115.0 MARLBOROUGH PLACE NW","assessed_value":178000},{"address":"8511.0 141 STREET NW","assessed_value":701500},{"address":"203.0 PRIMROSE GARDENS NW","assessed_value":178000},{"address":"13016.0 117 STREET NW","assessed_value":342000},{"address":"10403.0 135 STREET NW","assessed_value":518000},{"address":"13323.0 118 STREET NW","assessed_value":372500},{"address":"10711.0 135 STREET NW","assessed_value":419500},{"address":"13636.0 135A AVENUE NW","assessed_value":308500},{"address":"18305.0 89 AVENUE NW","assessed_value":175000},{"address":"18408.0 66 AVENUE NW","assessed_value":415500},{"address":"156.0 LAURIER DRIVE NW","assessed_value":0},{"address":"11935.0 124 STREET NW","assessed_value":1290000},{"address":"11328.0 131 AVENUE NW","assessed_value":314500},{"address":"157.0 WOODSTOCK NW","assessed_value":209500},{"address":"12324.0 131 AVENUE NW","assessed_value":313500},{"address":"8612.0 179 STREET NW","assessed_value":415000},{"address":"15742.0 110B AVENUE NW","assessed_value":245500},{"address":"194.0 PRIMROSE GARDENS NW","assessed_value":175500},{"address":"12712.0 132 AVENUE NW","assessed_value":303000},{"address":"10115.0 138 STREET NW","assessed_value":519000},{"address":"14443.0 107A AVENUE NW","assessed_value":340000},{"address":"8717.0 184 STREET NW","assessed_value":178000},{"address":"8915.0 148 STREET NW","assessed_value":462000},{"address":"12341.0 128 AVENUE NW","assessed_value":224500},{"address":"41.0 WILLOWDALE PLACE NW","assessed_value":181000},{"address":"10812.0 154 STREET NW","assessed_value":355500},{"address":"18225.0 99 AVENUE NW","assessed_value":440000},{"address":"12975.0 118 STREET NW","assessed_value":202500},{"address":"18154.0 81 AVENUE NW","assessed_value":192000},{"address":"13808.0 84 AVENUE NW","assessed_value":933500},{"address":"12330.0 142 STREET NW","assessed_value":5018500},{"address":"15205.0 112 AVENUE NW","assessed_value":4709500},{"address":"10537.0 164 STREET NW","assessed_value":334500},{"address":"162.0 MARLBOROUGH PLACE NW","assessed_value":199000},{"address":"13319.0 140 STREET NW","assessed_value":286500},{"address":"5706.0 172 STREET NW","assessed_value":161500},{"address":"18611.0 86 AVENUE NW","assessed_value":465000},{"address":"13016.0 135 AVENUE NW","assessed_value":333500},{"address":"13041.0 127 STREET NW","assessed_value":154500},{"address":"9430.0 144 STREET NW","assessed_value":1125500},{"address":"10224.0 148 STREET NW","assessed_value":388000},{"address":"18819.0 98 AVENUE NW","assessed_value":422500},{"address":"14520.0 82 AVENUE NW","assessed_value":706500},{"address":"13224.0 136 AVENUE NW","assessed_value":366000},{"address":"17611.0 94 AVENUE NW","assessed_value":464500},{"address":"14623.0 92A AVENUE NW","assessed_value":721500},{"address":"12004.0 163 STREET NW","assessed_value":2928000},{"address":"12364.0 132 STREET NW","assessed_value":357500},{"address":"8211.0 186 STREET NW","assessed_value":391500},{"address":"100.0 ST GEORGE'S CRESCENT NW","assessed_value":924500},{"address":"10855.0 149 STREET NW","assessed_value":389500},{"address":"11511.0 137 AVENUE NW","assessed_value":289500},{"address":"11928.0 130 AVENUE NW","assessed_value":275500},{"address":"10208.0 154 STREET NW","assessed_value":249500},{"address":"18324.0 99A AVENUE NW","assessed_value":505000},{"address":"18216.0 57 AVENUE NW","assessed_value":418000},{"address":"12735.0 130 STREET NW","assessed_value":297000},{"address":"18213.0 74 AVENUE NW","assessed_value":222000},{"address":"12903.0 119A AVENUE NW","assessed_value":394500},{"address":"109.0 SURREY GARDENS NW","assessed_value":158000},{"address":"10208.0 158 STREET NW","assessed_value":260000},{"address":"9768.0 146 STREET NW","assessed_value":682500},{"address":"14004.0 88 AVENUE NW","assessed_value":917500},{"address":"10611.0 135 STREET NW","assessed_value":520500},{"address":"8703.0 142 STREET NW","assessed_value":623000},{"address":"9320.0 148 STREET NW","assessed_value":475000},{"address":"10332.0 133 STREET NW","assessed_value":1401000},{"address":"12006.0 123 STREET NW","assessed_value":274500},{"address":"16135.0 110A AVENUE NW","assessed_value":267000},{"address":"12947.0 122 STREET NW","assessed_value":218000},{"address":"16449.0 106 AVENUE NW","assessed_value":264500},{"address":"7447.0 182 STREET NW","assessed_value":476000},{"address":"9836.0 188 STREET NW","assessed_value":465000},{"address":"17724.0 57 AVENUE NW","assessed_value":609500},{"address":"14624.0 103 AVENUE NW","assessed_value":299000},{"address":"14507.0 88 AVENUE NW","assessed_value":742500},{"address":"10635.0 154 STREET NW","assessed_value":211500},{"address":"12912.0 120 AVENUE NW","assessed_value":325000},{"address":"13532.0 134 STREET NW","assessed_value":291500},{"address":"426.0 LESSARD DRIVE NW","assessed_value":480500},{"address":"18603.0 61 AVENUE NW","assessed_value":409000},{"address":"14108.0 BUENA VISTA ROAD NW","assessed_value":760000},{"address":"67.0 QUESNELL CRESCENT NW","assessed_value":855000},{"address":"18.0 CALLINGWOOD COURT NW","assessed_value":169500},{"address":"13307.0 128 STREET NW","assessed_value":304000},{"address":"13003.0 117 STREET NW","assessed_value":312000},{"address":"18412.0 82 AVENUE NW","assessed_value":532000},{"address":"9918.0 146 STREET NW","assessed_value":457000},{"address":"18020.0 99 AVENUE NW","assessed_value":435500},{"address":"12850.0 134 STREET NW","assessed_value":318500},{"address":"14002.0 101A AVENUE NW","assessed_value":948000},{"address":"15936.0 108 AVENUE NW","assessed_value":262000},{"address":"7.0 QUESNELL ROAD NW","assessed_value":816000},{"address":"15945.0 110B AVENUE NW","assessed_value":345000},{"address":"16102.0 104A AVENUE NW","assessed_value":329500},{"address":"12836.0 120 STREET NW","assessed_value":233500},{"address":"13428.0 127 STREET NW","assessed_value":345500},{"address":"192.0 QUESNELL CRESCENT NW","assessed_value":984500},{"address":"17108.0 84 AVENUE NW","assessed_value":346000},{"address":"13324.0 131 STREET NW","assessed_value":349000},{"address":"17104.0 86 AVENUE NW","assessed_value":129000},{"address":"14.0 VALLEYVIEW CRESCENT NW","assessed_value":800500},{"address":"13028.0 SHERBROOKE AVENUE NW","assessed_value":344000},{"address":"129.0 WOODSTOCK NW","assessed_value":172000},{"address":"13004.0 136 AVENUE NW","assessed_value":302500},{"address":"15205.0 103 AVENUE NW","assessed_value":1244000},{"address":"10514.0 137 STREET NW","assessed_value":1057500},{"address":"12004.0 128 AVENUE NW","assessed_value":418500},{"address":"8602.0 184 STREET NW","assessed_value":448000},{"address":"10452.0 143 STREET NW","assessed_value":339000},{"address":"2.0 RIVERSIDE CRESCENT NW","assessed_value":955500},{"address":"263.0 CALLINGWOOD TWO NW","assessed_value":177000},{"address":"16346.0 109 AVENUE NW","assessed_value":335000},{"address":"10652.0 146 STREET NW","assessed_value":499000},{"address":"6224.0 187A STREET NW","assessed_value":443500},{"address":"13404.0 113A STREET NW","assessed_value":362000},{"address":"14623.0 95A AVENUE NW","assessed_value":854500},{"address":"10836.0 147 STREET NW","assessed_value":390500},{"address":"6530.0 178 STREET NW","assessed_value":174500},{"address":"14016.0 VALLEYVIEW DRIVE NW","assessed_value":1630500},{"address":"13111.0 122A AVENUE NW","assessed_value":311500}]