[{"address":"3423.0 199 STREET NW","assessed_value":54000},{"address":"411.0 71 STREET SW","assessed_value":820000},{"address":"11019.0 107 STREET NW","assessed_value":90500},{"address":"112.0 WINDERMERE CRESCENT NW","assessed_value":1234000},{"address":"1020.0 41 STREET NW","assessed_value":181500},{"address":"nan nan","assessed_value":5500},{"address":"7925.0 156 STREET NW","assessed_value":393000},{"address":"nan nan","assessed_value":7000},{"address":"2504.0 76 AVENUE NW","assessed_value":497500},{"address":"9622.0 154 STREET NW","assessed_value":506500},{"address":"221.0 HEAGLE CRESCENT NW","assessed_value":489000},{"address":"916.0 RICE ROAD NW","assessed_value":787500},{"address":"15620.0 84 STREET NW","assessed_value":315500},{"address":"5003.0 146 AVENUE NW","assessed_value":688000},{"address":"4136.0 38 STREET NW","assessed_value":318000},{"address":"nan nan","assessed_value":7000},{"address":"1043.0 106 STREET NW","assessed_value":440000},{"address":"7287.0 152C AVENUE NW","assessed_value":342000},{"address":"967.0 RICE ROAD NW","assessed_value":687000},{"address":"10135.0 SASKATCHEWAN DRIVE NW","assessed_value":142000},{"address":"8411.0 158 STREET NW","assessed_value":398000},{"address":"7316.0 152C AVENUE NW","assessed_value":375500},{"address":"233.0 HEAGLE CRESCENT NW","assessed_value":583000},{"address":"14620.0 26 STREET NW","assessed_value":155500},{"address":"7109.0 184 STREET NW","assessed_value":326000},{"address":"nan nan","assessed_value":5500},{"address":"291.0 LYNNWOOD WAY NW","assessed_value":393000},{"address":"281.0 HEATH ROAD NW","assessed_value":634500},{"address":"3221.0 119 STREET NW","assessed_value":232000},{"address":"2011.0 108 STREET NW","assessed_value":348500},{"address":"3588.0 42 STREET NW","assessed_value":188000},{"address":"14916.0 26 STREET NW","assessed_value":54500},{"address":"9623.0 152 STREET NW","assessed_value":248500},{"address":"10403.0 12 AVENUE NW","assessed_value":475500},{"address":"9313.0 163 STREET NW","assessed_value":378500},{"address":"16613.0 92A AVENUE NW","assessed_value":339000},{"address":"211.0 HEAGLE CRESCENT NW","assessed_value":565500},{"address":"11012.0 5 AVENUE SW","assessed_value":756000},{"address":"7272.0 152B AVENUE NW","assessed_value":422500},{"address":"6719.0 152B AVENUE NW","assessed_value":430500},{"address":"11115.0 80 AVENUE NW","assessed_value":277000},{"address":"3115.0 119 STREET NW","assessed_value":215500},{"address":"13508.0 163 STREET NW","assessed_value":4807000},{"address":"9917.0 110 STREET NW","assessed_value":211500},{"address":"10006.0 152 STREET NW","assessed_value":285000},{"address":"9406.0 153 STREET NW","assessed_value":247500},{"address":"7719.0 154A STREET NW","assessed_value":668500},{"address":"160.0 CENTENNIAL COURT NW","assessed_value":195000},{"address":"8847.0 161 STREET NW","assessed_value":397500},{"address":"16002.0 88 AVENUE NW","assessed_value":441500},{"address":"9747.0 163 STREET NW","assessed_value":263000},{"address":"7225.0 180 STREET NW","assessed_value":187500},{"address":"16024.0 78A AVENUE NW","assessed_value":437500},{"address":"2628.0 MILL WOODS ROAD EAST NW","assessed_value":77500},{"address":"10411.0 12 AVENUE NW","assessed_value":492000},{"address":"9309.0 169 STREET NW","assessed_value":370500},{"address":"3204.0 121 AVENUE NE","assessed_value":2597500},{"address":"9132.0 154 STREET NW","assessed_value":433000},{"address":"17504.0 92 STREET NW","assessed_value":372000},{"address":"2750.0 28 AVENUE SW","assessed_value":1171500},{"address":"15818.0 94A AVENUE NW","assessed_value":365000},{"address":"16115.0 88A AVENUE NW","assessed_value":400500},{"address":"15230.0 82 AVENUE NW","assessed_value":441000},{"address":"3520.0 43A AVENUE NW","assessed_value":293500},{"address":"3111.0 142 AVENUE NW","assessed_value":136500},{"address":"1628.0 48 STREET NW","assessed_value":110500},{"address":"15116.0 76A AVENUE NW","assessed_value":545000},{"address":"15621.0 78 STREET NW","assessed_value":374500},{"address":"15006.0 75 AVENUE NW","assessed_value":518000},{"address":"11250.0 97 STREET NW","assessed_value":73500},{"address":"10149.0 SASKATCHEWAN DRIVE NW","assessed_value":168500},{"address":"17820.0 98 AVENUE NW","assessed_value":119000},{"address":"9521.0 150 STREET NW","assessed_value":401500},{"address":"15636.0 80 AVENUE NW","assessed_value":468500},{"address":"16001.0 87A AVENUE NW","assessed_value":389500},{"address":"nan nan","assessed_value":8000},{"address":"5419.0 22 AVENUE NW","assessed_value":282500},{"address":"9046.0 153 STREET NW","assessed_value":294000},{"address":"17032.0 100 STREET NW","assessed_value":198500},{"address":"8310.0 JASPER AVENUE NW","assessed_value":86500},{"address":"4140.0 36 STREET NW","assessed_value":331500},{"address":"12225.0 STONY PLAIN ROAD NW","assessed_value":126500},{"address":"16903.0 95 AVENUE NW","assessed_value":356000},{"address":"5655.0 67 STREET NW","assessed_value":514500},{"address":"1945.0 105 STREET NW","assessed_value":90500},{"address":"7512.0 189 STREET NW","assessed_value":378000},{"address":"10511.0 19 AVENUE NW","assessed_value":129000},{"address":"12841.0 65 STREET NW","assessed_value":51500},{"address":"14808.0 26 STREET NW","assessed_value":74000},{"address":"8329.0 156 AVENUE NW","assessed_value":314000},{"address":"15711.0 79A AVENUE NW","assessed_value":414500},{"address":"16103.0 88 AVENUE NW","assessed_value":381500},{"address":"10011.0 123 STREET NW","assessed_value":224500},{"address":"16511.0 78 AVENUE NW","assessed_value":457000},{"address":"9810.0 178 STREET NW","assessed_value":97000},{"address":"10205.0 158 AVENUE NW","assessed_value":200000},{"address":"18010.0 98 AVENUE NW","assessed_value":221500},{"address":"9810.0 178 STREET NW","assessed_value":102500},{"address":"39.0 RIVER HEIGHTS DRIVE NW","assessed_value":732500},{"address":"17111.0 63 AVENUE NW","assessed_value":132500},{"address":"4810.0 MILL WOODS ROAD SOUTH NW","assessed_value":107000},{"address":"18823.0 70 AVENUE NW","assessed_value":415500},{"address":"10435.0 16 AVENUE NW","assessed_value":396000},{"address":"15235.0 87 AVENUE NW","assessed_value":327000},{"address":"18807.0 57 AVENUE NW","assessed_value":278500},{"address":"12969.0 113 STREET NW","assessed_value":298000},{"address":"14620.0 26 STREET NW","assessed_value":154000},{"address":"14771.0 25 STREET NW","assessed_value":181000},{"address":"7610.0 188 STREET NW","assessed_value":338500},{"address":"7604.0 29 AVENUE NW","assessed_value":154500},{"address":"3812.0 20 AVENUE NW","assessed_value":173500},{"address":"5421.0 188 STREET NW","assessed_value":283000},{"address":"9820.0 164 STREET NW","assessed_value":325000},{"address":"10920.0 124 STREET NW","assessed_value":97500},{"address":"10045.0 117 STREET NW","assessed_value":138500},{"address":"503.0 WINTERBURN ROAD SW","assessed_value":6000},{"address":"6223.0 172 STREET NW","assessed_value":105000},{"address":"10135.0 SASKATCHEWAN DRIVE NW","assessed_value":150500},{"address":"21020.0 107 AVENUE NW","assessed_value":1526000},{"address":"7108.0 187A STREET NW","assessed_value":426500},{"address":"111.0 CASTLE KEEP NW","assessed_value":594000},{"address":"280.0 LAGO LINDO CRESCENT NW","assessed_value":357500},{"address":"15101.0 87 AVENUE NW","assessed_value":345500},{"address":"66.0 STIRLING ROAD NW","assessed_value":284500},{"address":"18028.0 96 STREET NW","assessed_value":411500},{"address":"15217.0 79A AVENUE NW","assessed_value":376500},{"address":"3111.0 142 AVENUE NW","assessed_value":149000},{"address":"15412.0 81 AVENUE NW","assessed_value":504500},{"address":"18028.0 96 AVENUE NW","assessed_value":199500},{"address":"7615.0 152B AVENUE NW","assessed_value":358000},{"address":"15957.0 PATRICIA DRIVE NW","assessed_value":700000},{"address":"8103.0 168 STREET NW","assessed_value":350500},{"address":"24207.0 17 STREET NE","assessed_value":27500},{"address":"nan nan","assessed_value":7000},{"address":"361.0 KIRKPATRICK CRESCENT NW","assessed_value":309000},{"address":"9293.0 172 STREET NW","assessed_value":165000},{"address":"15302.0 75 AVENUE NW","assessed_value":535500},{"address":"6319.0 172 STREET NW","assessed_value":135500},{"address":"nan nan","assessed_value":8000},{"address":"7315.0 184 STREET NW","assessed_value":327000},{"address":"9519.0 151 STREET NW","assessed_value":257500},{"address":"12141.0 JASPER AVENUE NW","assessed_value":114500},{"address":"11324.0 97 STREET NW","assessed_value":101000},{"address":"19003.0 70 AVENUE NW","assessed_value":396500},{"address":"9303.0 25 AVENUE NW","assessed_value":4150000},{"address":"4759.0 35 AVENUE NW","assessed_value":177000},{"address":"1945.0 105 STREET NW","assessed_value":97500},{"address":"14705.0 25 STREET NW","assessed_value":171000},{"address":"14533.0 52 STREET NW","assessed_value":176000},{"address":"nan nan","assessed_value":5500},{"address":"2703.0 79 STREET NW","assessed_value":128500},{"address":"17828.0 92 STREET NW","assessed_value":402000},{"address":"18337.0 76 AVENUE NW","assessed_value":314500},{"address":"2115.0 118 STREET NW","assessed_value":182500},{"address":"9917.0 110 STREET NW","assessed_value":147500},{"address":"8902.0 154 STREET NW","assessed_value":392500},{"address":"12036.0 66 STREET NW","assessed_value":60000},{"address":"10045.0 117 STREET NW","assessed_value":108000},{"address":"21620.0 STONY PLAIN ROAD NW","assessed_value":677500},{"address":"9501.0 155 STREET NW","assessed_value":339500},{"address":"10529.0 93 STREET NW","assessed_value":63000},{"address":"9417.0 153 STREET NW","assessed_value":336000},{"address":"2578.0 79 STREET NW","assessed_value":193000},{"address":"19007.0 86 AVENUE NW","assessed_value":403000},{"address":"9030.0 149 STREET NW","assessed_value":2346500},{"address":"15625.0 81 AVENUE NW","assessed_value":115500},{"address":"60.0 KINISKI CRESCENT NW","assessed_value":299000},{"address":"9125.0 156 STREET NW","assessed_value":342500},{"address":"18418.0 95A AVENUE NW","assessed_value":322500},{"address":"17815.0 92 STREET NW","assessed_value":418500},{"address":"15805.0 93 AVENUE NW","assessed_value":391500},{"address":"9808.0 167 STREET NW","assessed_value":345000},{"address":"15607.0 80 STREET NW","assessed_value":445500},{"address":"21104.0 108 AVENUE NW","assessed_value":2482500},{"address":"17119.0 63 AVENUE NW","assessed_value":125000},{"address":"9823.0 168 STREET NW","assessed_value":376000},{"address":"1624.0 48 STREET NW","assessed_value":129500},{"address":"2005.0 184 STREET NW","assessed_value":4915500},{"address":"416.0 WANYANDI ROAD NW","assessed_value":555000},{"address":"nan nan","assessed_value":8000},{"address":"10160.0 119 STREET NW","assessed_value":168500},{"address":"18704.0 57 AVENUE NW","assessed_value":304500},{"address":"16217.0 84 AVENUE NW","assessed_value":345000},{"address":"2204.0 118 STREET NW","assessed_value":192000},{"address":"18403.0 25 STREET NE","assessed_value":647500},{"address":"4825.0 DONSDALE DRIVE NW","assessed_value":28500},{"address":"9131.0 175 AVENUE NW","assessed_value":354500},{"address":"15935.0 78 AVENUE NW","assessed_value":460500},{"address":"12841.0 65 STREET NW","assessed_value":59500},{"address":"9302.0 151 STREET NW","assessed_value":337500},{"address":"3221.0 119 STREET NW","assessed_value":228000},{"address":"15401.0 76 AVENUE NW","assessed_value":434500},{"address":"63.0 WOLF CRESCENT NW","assessed_value":732500},{"address":"9812.0 154 STREET NW","assessed_value":669500},{"address":"18655.0 61 AVENUE NW","assessed_value":330500},{"address":"11440.0 125 STREET NW","assessed_value":388500},{"address":"nan nan","assessed_value":8000},{"address":"10045.0 117 STREET NW","assessed_value":109000},{"address":"12121.0 JASPER AVENUE NW","assessed_value":83000},{"address":"7103.0 156 STREET NW","assessed_value":53500},{"address":"12715.0 81 STREET NW","assessed_value":55500},{"address":"15702.0 89A AVENUE NW","assessed_value":384500},{"address":"8403.0 188 STREET NW","assessed_value":428500},{"address":"10453.0 20 AVENUE NW","assessed_value":206000},{"address":"3525.0 41 AVENUE NW","assessed_value":356500},{"address":"18004.0 62B AVENUE NW","assessed_value":113500},{"address":"15404.0 84 AVENUE NW","assessed_value":608500},{"address":"15610.0 81 AVENUE NW","assessed_value":388000},{"address":"2518.0 51 AVENUE NW","assessed_value":70000},{"address":"8614.0 157 STREET NW","assessed_value":395000},{"address":"10033.0 89 AVENUE NW","assessed_value":303500},{"address":"9635.0 162 STREET NW","assessed_value":318000},{"address":"7731.0 188 STREET NW","assessed_value":381500},{"address":"8724.0 154 STREET NW","assessed_value":383000},{"address":"10618.0 153 STREET NW","assessed_value":273500},{"address":"5413.0 186 STREET NW","assessed_value":357000},{"address":"9935.0 151 STREET NW","assessed_value":450000},{"address":"7318.0 155 STREET NW","assessed_value":538500},{"address":"15717.0 95 AVENUE NW","assessed_value":338500},{"address":"18956.0 78 AVENUE NW","assessed_value":375000},{"address":"8907.0 162 STREET NW","assessed_value":428000},{"address":"8103.0 162 STREET NW","assessed_value":377500},{"address":"8321.0 166 STREET NW","assessed_value":318500},{"address":"1904.0 48 STREET NW","assessed_value":180500},{"address":"10011.0 123 STREET NW","assessed_value":270000},{"address":"7516.0 152C AVENUE NW","assessed_value":388500},{"address":"9816.0 112 STREET NW","assessed_value":152000},{"address":"9604.0 20 AVENUE NW","assessed_value":6906000},{"address":"5904.0 188 STREET NW","assessed_value":344000},{"address":"10303.0 172 AVENUE NW","assessed_value":218000},{"address":"16804.0 95 STREET NW","assessed_value":350500},{"address":"2624.0 MILL WOODS ROAD EAST NW","assessed_value":101500},{"address":"18007.0 91A STREET NW","assessed_value":343500},{"address":"42.0 ST GEORGE'S CRESCENT NW","assessed_value":1346500},{"address":"9130.0 WINTERBURN ROAD NW","assessed_value":1827000},{"address":"nan nan","assessed_value":5500},{"address":"4321.0 35 STREET NW","assessed_value":307500},{"address":"9234.0 157 STREET NW","assessed_value":435500},{"address":"19975.0 WHITEMUD DRIVE NW","assessed_value":79000},{"address":"10135.0 SASKATCHEWAN DRIVE NW","assessed_value":193500},{"address":"1628.0 48 STREET NW","assessed_value":102500},{"address":"16723.0 79A AVENUE NW","assessed_value":354000},{"address":"nan nan","assessed_value":5500},{"address":"11236.0 51 STREET NW","assessed_value":296500},{"address":"9949.0 160 STREET NW","assessed_value":397500},{"address":"8711.0 151 STREET NW","assessed_value":336000},{"address":"nan nan","assessed_value":8000},{"address":"10175.0 114 STREET NW","assessed_value":110000},{"address":"15515.0 92A AVENUE NW","assessed_value":282500},{"address":"817.0 RICHARDS CRESCENT NW","assessed_value":720000},{"address":"8819.0 161 STREET NW","assessed_value":418500},{"address":"16919.0 99 AVENUE NW","assessed_value":56500},{"address":"112.0 KINISKI CRESCENT NW","assessed_value":406000},{"address":"7711.0 189 STREET NW","assessed_value":380500},{"address":"7312.0 154A STREET NW","assessed_value":432000},{"address":"444.0 WANYANDI ROAD NW","assessed_value":811000},{"address":"12015.0 83 STREET NW","assessed_value":229000},{"address":"7264.0 152C AVENUE NW","assessed_value":366000},{"address":"9737.0 151 STREET NW","assessed_value":522500},{"address":"9002.0 169 STREET NW","assessed_value":334000},{"address":"23505.0 34 STREET NW","assessed_value":23500},{"address":"1651.0 46 STREET NW","assessed_value":196500},{"address":"16725.0 106 STREET NW","assessed_value":193000},{"address":"17404.0 57 AVENUE NW","assessed_value":97500},{"address":"12141.0 JASPER AVENUE NW","assessed_value":108000},{"address":"10175.0 114 STREET NW","assessed_value":119000},{"address":"1624.0 48 STREET NW","assessed_value":79000},{"address":"15607.0 100A AVENUE NW","assessed_value":671500},{"address":"18240.0 84 AVENUE NW","assessed_value":119500},{"address":"8113.0 150 STREET NW","assessed_value":405000},{"address":"15826.0 95 AVENUE NW","assessed_value":344500},{"address":"8941.0 78 AVENUE NW","assessed_value":230500},{"address":"15510.0 RIO TERRACE DRIVE NW","assessed_value":841500},{"address":"10332.0 180 STREET NW","assessed_value":187500},{"address":"12841.0 65 STREET NW","assessed_value":57500},{"address":"16125.0 90 AVENUE NW","assessed_value":356500},{"address":"255.0 LAGO LINDO CRESCENT NW","assessed_value":338500},{"address":"16106.0 88 AVENUE NW","assessed_value":360000},{"address":"10138.0 116 STREET NW","assessed_value":114000},{"address":"15625.0 83 STREET NW","assessed_value":293500},{"address":"18104.0 7 AVENUE SW","assessed_value":1184500},{"address":"9331.0 153 STREET NW","assessed_value":315500},{"address":"12841.0 65 STREET NW","assessed_value":60000},{"address":"27.0 WEDGEWOOD CRESCENT NW","assessed_value":791000},{"address":"308.0 WESTRIDGE ROAD NW","assessed_value":583500},{"address":"15228.0 85 STREET NW","assessed_value":399500},{"address":"12933.0 72 STREET NW","assessed_value":302000},{"address":"18103.0 4 AVENUE SW","assessed_value":2158500},{"address":"9036.0 151 STREET NW","assessed_value":361000},{"address":"22503.0 113 AVENUE NW","assessed_value":1291500},{"address":"15623.0 83 STREET NW","assessed_value":302500},{"address":"197.0 KINISKI CRESCENT NW","assessed_value":337000},{"address":"10511.0 19 AVENUE NW","assessed_value":98500},{"address":"3115.0 119 STREET NW","assessed_value":228000},{"address":"1001.0 77 AVENUE NW","assessed_value":1638500},{"address":"5432.0 146 AVENUE NW","assessed_value":166000},{"address":"9320.0 180A AVENUE NW","assessed_value":327000},{"address":"9435.0 177 AVENUE NW","assessed_value":422000},{"address":"8409.0 157 STREET NW","assessed_value":404000},{"address":"18627.0 57 AVENUE NW","assessed_value":386500},{"address":"9615.0 161 STREET NW","assessed_value":384000},{"address":"15308.0 82 AVENUE NW","assessed_value":416500},{"address":"10011.0 123 STREET NW","assessed_value":121500},{"address":"9241.0 156 STREET NW","assessed_value":307500},{"address":"14903.0 92 AVENUE NW","assessed_value":106500},{"address":"17630.0 STONY PLAIN ROAD NW","assessed_value":1981500},{"address":"7604.0 29 AVENUE NW","assessed_value":166000},{"address":"12141.0 JASPER AVENUE NW","assessed_value":168000},{"address":"9416.0 149 STREET NW","assessed_value":72000},{"address":"1939.0 104 STREET NW","assessed_value":82000},{"address":"8323.0 152B AVENUE NW","assessed_value":357500},{"address":"9748.0 154 STREET NW","assessed_value":273500},{"address":"18923.0 86A AVENUE NW","assessed_value":386000},{"address":"16619.0 83 AVENUE NW","assessed_value":84000},{"address":"10011.0 123 STREET NW","assessed_value":205500},{"address":"14916.0 26 STREET NW","assessed_value":62500},{"address":"8741.0 155 STREET NW","assessed_value":343500},{"address":"3111.0 142 AVENUE NW","assessed_value":133000},{"address":"3003.0 34 STREET SW","assessed_value":15500},{"address":"2703.0 121 AVENUE NE","assessed_value":2303500},{"address":"16404.0 88 AVENUE NW","assessed_value":279000},{"address":"10045.0 117 STREET NW","assessed_value":104500},{"address":"3111.0 142 AVENUE NW","assessed_value":134000},{"address":"141.0 KINISKI CRESCENT NW","assessed_value":417000},{"address":"15229.0 84 AVENUE NW","assessed_value":410500},{"address":"16604.0 115 STREET NW","assessed_value":306500},{"address":"3407.0 48 STREET NW","assessed_value":164500},{"address":"6335.0 27 STREET NW","assessed_value":81000},{"address":"13907.0 122 AVENUE NW","assessed_value":500},{"address":"16504.0 79A AVENUE NW","assessed_value":375000},{"address":"12121.0 JASPER AVENUE NW","assessed_value":90000},{"address":"1628.0 48 STREET NW","assessed_value":113000},{"address":"16231.0 96 AVENUE NW","assessed_value":356500},{"address":"16268.0 139 STREET NW","assessed_value":868000},{"address":"18727.0 72 AVENUE NW","assessed_value":312500},{"address":"9536.0 167 STREET NW","assessed_value":340000},{"address":"34.0 KINISKI CRESCENT NW","assessed_value":304000},{"address":"14513.0 37 STREET NW","assessed_value":390000},{"address":"18103.0 105 AVENUE NW","assessed_value":3309000},{"address":"719.0 RIDDELL STREET NW","assessed_value":650000},{"address":"1411.0 MILL WOODS ROAD EAST NW","assessed_value":169500},{"address":"20411.0 106 AVENUE NW","assessed_value":2148500},{"address":"11826.0 100 AVENUE NW","assessed_value":671000},{"address":"326.0 KIRKPATRICK CRESCENT NW","assessed_value":321500},{"address":"12225.0 STONY PLAIN ROAD NW","assessed_value":136000},{"address":"4112.0 36 STREET NW","assessed_value":315000},{"address":"2628.0 MILL WOODS ROAD EAST NW","assessed_value":90000},{"address":"3520.0 42 STREET NW","assessed_value":192000},{"address":"16830.0 129 AVENUE NW","assessed_value":1851500},{"address":"19060.0 118A AVENUE NW","assessed_value":5204500},{"address":"15917.0 88A AVENUE NW","assessed_value":376000},{"address":"12411.0 LANSDOWNE DRIVE NW","assessed_value":107000},{"address":"10743.0 107 STREET NW","assessed_value":139500},{"address":"10.0 HUNTINGTON HILL NW","assessed_value":160500},{"address":"12121.0 JASPER AVENUE NW","assessed_value":123000},{"address":"146.0 KINISKI CRESCENT NW","assessed_value":313500},{"address":"12079.0 162 AVENUE NW","assessed_value":189500},{"address":"256.0 RHATIGAN ROAD WEST NW","assessed_value":586000},{"address":"8120.0 167 STREET NW","assessed_value":329500},{"address":"18927.0 81A AVENUE NW","assessed_value":407500},{"address":"3504.0 41B AVENUE NW","assessed_value":316000},{"address":"15101.0 RIO TERRACE DRIVE NW","assessed_value":1937500},{"address":"3120.0 93 STREET NW","assessed_value":2487000},{"address":"7249.0 180 STREET NW","assessed_value":187500},{"address":"9412.0 155 STREET NW","assessed_value":315500},{"address":"14834.0 43 AVENUE NW","assessed_value":226000},{"address":"9522.0 153 STREET NW","assessed_value":354500},{"address":"8946.0 150 STREET NW","assessed_value":283500},{"address":"14704.0 33 STREET NW","assessed_value":408000},{"address":"10731.0 79 AVENUE NW","assessed_value":173500},{"address":"14530.0 34 STREET NW","assessed_value":299000},{"address":"nan nan","assessed_value":8000},{"address":"10011.0 123 STREET NW","assessed_value":345000},{"address":"16038.0 94A AVENUE NW","assessed_value":402500},{"address":"4403.0 RIVERBEND ROAD NW","assessed_value":222500},{"address":"9207.0 151 STREET NW","assessed_value":277000},{"address":"8323.0 158 AVENUE NW","assessed_value":318500},{"address":"8722.0 163 STREET NW","assessed_value":405000},{"address":"2020.0 105 STREET NW","assessed_value":227000},{"address":"7911.0 152C AVENUE NW","assessed_value":448000},{"address":"20131.0 107 AVENUE NW","assessed_value":369500},{"address":"10175.0 114 STREET NW","assessed_value":100000},{"address":"10027.0 155 STREET NW","assessed_value":721500},{"address":"7615.0 154 STREET NW","assessed_value":499000},{"address":"4130.0 93 STREET NW","assessed_value":2645000},{"address":"15510.0 89 AVENUE NW","assessed_value":449500},{"address":"10731.0 79 AVENUE NW","assessed_value":156000},{"address":"17526.0 92 STREET NW","assessed_value":625500},{"address":"9233.0 172 STREET NW","assessed_value":203000},{"address":"8838.0 152B AVENUE NW","assessed_value":424000},{"address":"13704.0 24 STREET NW","assessed_value":69500},{"address":"12155.0 64 STREET NW","assessed_value":221000},{"address":"3115.0 119 STREET NW","assessed_value":211500},{"address":"9917.0 110 STREET NW","assessed_value":155000},{"address":"10135.0 SASKATCHEWAN DRIVE NW","assessed_value":162500},{"address":"2204.0 118 STREET NW","assessed_value":183500},{"address":"638.0 HENDERSON STREET NW","assessed_value":541000},{"address":"7319.0 189 STREET NW","assessed_value":401500},{"address":"15408.0 74 AVENUE NW","assessed_value":549000},{"address":"9218.0 156 STREET NW","assessed_value":343500},{"address":"12860.0 199 STREET NW","assessed_value":29000},{"address":"2608.0 139 AVENUE NW","assessed_value":99000},{"address":"2204.0 118 STREET NW","assessed_value":171000},{"address":"15932.0 PATRICIA DRIVE NW","assessed_value":535000},{"address":"4323.0 33 STREET NW","assessed_value":538500},{"address":"nan nan","assessed_value":8000},{"address":"21506.0 131A AVENUE NW","assessed_value":176500},{"address":"6201.0 COUNTRY CLUB ROAD NW","assessed_value":100500},{"address":"16607.0 92A AVENUE NW","assessed_value":361000},{"address":"8315.0 188 STREET NW","assessed_value":424500},{"address":"7604.0 29 AVENUE NW","assessed_value":162500},{"address":"4516.0 151 STREET NW","assessed_value":312500},{"address":"10511.0 19 AVENUE NW","assessed_value":103000},{"address":"9126.0 152 STREET NW","assessed_value":370000},{"address":"17231.0 92 AVENUE NW","assessed_value":183500},{"address":"185.0 KINISKI CRESCENT NW","assessed_value":322000},{"address":"15608.0 75 AVENUE NW","assessed_value":558500},{"address":"16507.0 83 AVENUE NW","assessed_value":106500},{"address":"14730.0 33 STREET NW","assessed_value":290500},{"address":"9917.0 110 STREET NW","assessed_value":172500},{"address":"4403.0 RIVERBEND ROAD NW","assessed_value":208500},{"address":"17804.0 93 STREET NW","assessed_value":474000},{"address":"16212.0 84 AVENUE NW","assessed_value":356000},{"address":"7003.0 WINTERBURN ROAD NW","assessed_value":1265500},{"address":"16111.0 96 AVENUE NW","assessed_value":365500},{"address":"249.0 WOLF WILLOW CRESCENT NW","assessed_value":636000},{"address":"10916.0 5 AVENUE SW","assessed_value":804500},{"address":"8415.0 189 STREET NW","assessed_value":399500},{"address":"22221.0 50 STREET NW","assessed_value":25000},{"address":"nan nan","assessed_value":12000},{"address":"9223.0 168 STREET NW","assessed_value":404500},{"address":"9917.0 110 STREET NW","assessed_value":135000},{"address":"17020.0 103 STREET NW","assessed_value":221500},{"address":"10150.0 41 AVENUE SW","assessed_value":35904500},{"address":"18409.0 96 AVENUE NW","assessed_value":325500},{"address":"18407.0 66 AVENUE NW","assessed_value":194000},{"address":"14511.0 52 STREET NW","assessed_value":161000},{"address":"14808.0 26 STREET NW","assessed_value":84000},{"address":"327.0 HEDLEY WAY NW","assessed_value":839500},{"address":"14816.0 26 STREET NW","assessed_value":53000},{"address":"9305.0 157 STREET NW","assessed_value":393500},{"address":"18010.0 98 AVENUE NW","assessed_value":194000},{"address":"1651.0 46 STREET NW","assessed_value":200000},{"address":"20303.0 FORT ROAD NE","assessed_value":47500},{"address":"2608.0 139 AVENUE NW","assessed_value":80000},{"address":"2610.0 50 STREET SW","assessed_value":2016000},{"address":"5903.0 188 STREET NW","assessed_value":343500},{"address":"340.0 WESTRIDGE ROAD NW","assessed_value":541000},{"address":"18923.0 82 AVENUE NW","assessed_value":399500},{"address":"64.0 AIRPORT ROAD NW","assessed_value":1026000},{"address":"18920.0 85 AVENUE NW","assessed_value":415500},{"address":"15236.0 74 STREET NW","assessed_value":405000},{"address":"7305.0 154 STREET NW","assessed_value":508500},{"address":"1521.0 54 STREET NW","assessed_value":154500},{"address":"17708.0 94 STREET NW","assessed_value":377500},{"address":"nan nan","assessed_value":8000},{"address":"6223.0 172 STREET NW","assessed_value":103000},{"address":"nan nan","assessed_value":8000},{"address":"9221.0 156 STREET NW","assessed_value":1859000},{"address":"1929.0 SADDLEBACK ROAD NW","assessed_value":196000},{"address":"130.0 WOLF WILLOW CRESCENT NW","assessed_value":678000},{"address":"12535.0 66 STREET NW","assessed_value":266500},{"address":"8317.0 69 AVENUE NW","assessed_value":289500},{"address":"18707.0 80 AVENUE NW","assessed_value":568500},{"address":"2624.0 MILL WOODS ROAD EAST NW","assessed_value":98000},{"address":"8506.0 153 STREET NW","assessed_value":389000},{"address":"17316.0 94A AVENUE NW","assessed_value":302000},{"address":"49.0 HUNTINGTON HILL NW","assessed_value":155000},{"address":"9917.0 110 STREET NW","assessed_value":182500},{"address":"16438.0 87 AVENUE NW","assessed_value":2564000},{"address":"901.0 77 AVENUE NW","assessed_value":1598000},{"address":"16416.0 99A AVENUE NW","assessed_value":330000},{"address":"19003.0 86A AVENUE NW","assessed_value":371000},{"address":"17107.0 63 AVENUE NW","assessed_value":100500},{"address":"9171.0 179 AVENUE NW","assessed_value":337500},{"address":"10172.0 118 STREET NW","assessed_value":301000},{"address":"4125.0 37A STREET NW","assessed_value":357500},{"address":"8101.0 163 STREET NW","assessed_value":362500},{"address":"8730.0 162 STREET NW","assessed_value":354000},{"address":"17716.0 95 STREET NW","assessed_value":318000},{"address":"10033.0 89 AVENUE NW","assessed_value":170000},{"address":"1415.0 62 STREET NW","assessed_value":165500},{"address":"9217.0 157 STREET NW","assessed_value":369500},{"address":"9807.0 150 STREET NW","assessed_value":462500},{"address":"16815.0 97 AVENUE NW","assessed_value":387500},{"address":"1620.0 48 STREET NW","assessed_value":78500},{"address":"1904.0 48 STREET NW","assessed_value":180500},{"address":"nan nan","assessed_value":7000},{"address":"nan nan","assessed_value":8000},{"address":"18605.0 74 AVENUE NW","assessed_value":347500},{"address":"1125.0 YOUVILLE DRIVE WEST NW","assessed_value":7158500},{"address":"3403.0 18 AVENUE NW","assessed_value":102500},{"address":"127.0 CENTENNIAL COURT NW","assessed_value":181000},{"address":"12043.0 162 AVENUE NW","assessed_value":191000},{"address":"2017.0 108A STREET NW","assessed_value":317000},{"address":"4803.0 156 STREET NW","assessed_value":90500},{"address":"18112.0 96 AVENUE NW","assessed_value":228000},{"address":"15413.0 81 AVENUE NW","assessed_value":410000},{"address":"9411.0 168 AVENUE NW","assessed_value":410500},{"address":"12118.0 94 STREET NW","assessed_value":284500},{"address":"17712.0 91 STREET NW","assessed_value":352000},{"address":"10033.0 89 AVENUE NW","assessed_value":167500},{"address":"7604.0 29 AVENUE NW","assessed_value":164000},{"address":"10050.0 118 STREET NW","assessed_value":588500},{"address":"12141.0 JASPER AVENUE NW","assessed_value":123000},{"address":"8104.0 163 STREET NW","assessed_value":353500},{"address":"16605.0 93 AVENUE NW","assessed_value":385000},{"address":"12829.0 102 STREET NW","assessed_value":245000},{"address":"7712.0 190 STREET NW","assessed_value":387500},{"address":"14512.0 37 STREET NW","assessed_value":293500},{"address":"10453.0 20 AVENUE NW","assessed_value":202000},{"address":"14620.0 26 STREET NW","assessed_value":171000},{"address":"7807.0 152C AVENUE NW","assessed_value":366500},{"address":"15812.0 95 AVENUE NW","assessed_value":357000},{"address":"4343.0 RIVERBEND ROAD NW","assessed_value":300500},{"address":"13833.0 30 STREET NW","assessed_value":180500},{"address":"10664.0 10 AVENUE NW","assessed_value":494500},{"address":"13704.0 24 STREET NW","assessed_value":85000},{"address":"7503.0 189 STREET NW","assessed_value":434000},{"address":"1227.0 105 STREET NW","assessed_value":409000},{"address":"9816.0 112 STREET NW","assessed_value":96000},{"address":"4318.0 35 STREET NW","assessed_value":300500},{"address":"8716.0 160A STREET NW","assessed_value":416500},{"address":"114.0 HEALY ROAD NW","assessed_value":638500},{"address":"8908.0 169 STREET NW","assessed_value":427000},{"address":"906.0 RICE ROAD NW","assessed_value":783500},{"address":"8340.0 JASPER AVENUE NW","assessed_value":170500},{"address":"18027.0 96 STREET NW","assessed_value":394500},{"address":"12121.0 JASPER AVENUE NW","assessed_value":115000},{"address":"18240.0 84 AVENUE NW","assessed_value":119500},{"address":"14753.0 25 STREET NW","assessed_value":167500},{"address":"10712.0 21 AVENUE NW","assessed_value":371000},{"address":"1939.0 104 STREET NW","assessed_value":112000},{"address":"8008.0 188 STREET NW","assessed_value":412000},{"address":"1950.0 121 AVENUE NE","assessed_value":143000},{"address":"428.0 WANYANDI ROAD NW","assessed_value":868500},{"address":"2410.0 YELLOWHEAD TRAIL NE","assessed_value":3359500},{"address":"nan nan","assessed_value":8000},{"address":"9040.0 149 STREET NW","assessed_value":2447000},{"address":"9021.0 153 STREET NW","assessed_value":320500},{"address":"8007.0 162 STREET NW","assessed_value":347500},{"address":"15302.0 RIO TERRACE DRIVE NW","assessed_value":703000},{"address":"nan nan","assessed_value":8000},{"address":"8005.0 161 STREET NW","assessed_value":286000},{"address":"11848.0 87 STREET NW","assessed_value":75500},{"address":"9936.0 159 STREET NW","assessed_value":453000},{"address":"8313.0 156 AVENUE NW","assessed_value":292000},{"address":"25004.0 MERIDIAN STREET NW","assessed_value":27500},{"address":"724.0 WANYANDI ROAD NW","assessed_value":606000},{"address":"2016.0 108B STREET NW","assessed_value":313500},{"address":"16711.0 83 AVENUE NW","assessed_value":325500},{"address":"9246.0 165 STREET NW","assessed_value":378500},{"address":"9917.0 110 STREET NW","assessed_value":131000},{"address":"8019.0 188 STREET NW","assessed_value":421500},{"address":"10821.0 214 STREET NW","assessed_value":1759000},{"address":"12532.0 124 STREET NW","assessed_value":573500},{"address":"10803.0 20 AVENUE NW","assessed_value":353500},{"address":"4207.0 38 STREET NW","assessed_value":382000},{"address":"10149.0 SASKATCHEWAN DRIVE NW","assessed_value":156000},{"address":"124.0 CENTENNIAL COURT NW","assessed_value":183000},{"address":"15819.0 STONY PLAIN ROAD NW","assessed_value":872500},{"address":"16483.0 115 STREET NW","assessed_value":190500},{"address":"14824.0 45 AVENUE NW","assessed_value":265500},{"address":"9135.0 153 STREET NW","assessed_value":387500},{"address":"1004.0 167 AVENUE NW","assessed_value":6500},{"address":"9811.0 151 STREET NW","assessed_value":499000},{"address":"15242.0 85 AVENUE NW","assessed_value":384500},{"address":"10872.0 21 AVENUE NW","assessed_value":398000},{"address":"12024.0 39 STREET NW","assessed_value":318000},{"address":"15415.0 97 AVENUE NW","assessed_value":331500},{"address":"15212.0 81 AVENUE NW","assessed_value":602000},{"address":"14330.0 140 STREET NW","assessed_value":2041000},{"address":"1945.0 105 STREET NW","assessed_value":93500},{"address":"16026.0 93 AVENUE NW","assessed_value":383500},{"address":"10149.0 SASKATCHEWAN DRIVE NW","assessed_value":164500},{"address":"14553.0 52 STREET NW","assessed_value":173500},{"address":"15315.0 87 AVENUE NW","assessed_value":356500},{"address":"9213.0 168 STREET NW","assessed_value":388500},{"address":"16003.0 PATRICIA DRIVE NW","assessed_value":724000},{"address":"3812.0 20 AVENUE NW","assessed_value":178500},{"address":"1151.0 105 STREET NW","assessed_value":26500},{"address":"1415.0 LAKEWOOD ROAD WEST NW","assessed_value":90000},{"address":"2624.0 MILL WOODS ROAD EAST NW","assessed_value":80000},{"address":"1415.0 62 STREET NW","assessed_value":162500},{"address":"7720.0 159 STREET NW","assessed_value":506000},{"address":"8203.0 169B STREET NW","assessed_value":351500},{"address":"8716.0 162 STREET NW","assessed_value":381500},{"address":"8217.0 151 STREET NW","assessed_value":478000},{"address":"16033.0 95 AVENUE NW","assessed_value":374500},{"address":"9912.0 151 STREET NW","assessed_value":424500},{"address":"8336.0 152C AVENUE NW","assessed_value":362000},{"address":"10205.0 158 AVENUE NW","assessed_value":189000},{"address":"16719.0 94 STREET NW","assessed_value":369500},{"address":"740.0 HENDRA CRESCENT NW","assessed_value":668000},{"address":"7903.0 169A STREET NW","assessed_value":363500},{"address":"233.0 HEATH ROAD NW","assessed_value":590000},{"address":"12121.0 JASPER AVENUE NW","assessed_value":104500},{"address":"15409.0 79A AVENUE NW","assessed_value":439000},{"address":"6004.0 17 STREET NW","assessed_value":85000},{"address":"808.0 EBBERS CRES NW","assessed_value":579000},{"address":"7628.0 189 STREET NW","assessed_value":341500},{"address":"3221.0 119 STREET NW","assessed_value":237000},{"address":"14608.0 25 STREET NW","assessed_value":163500},{"address":"830.0 66 STREET SW","assessed_value":780000},{"address":"7207.0 152C AVENUE NW","assessed_value":413000},{"address":"191.0 RHATIGAN ROAD WEST NW","assessed_value":535000},{"address":"nan nan","assessed_value":8000},{"address":"4117.0 41 AVENUE NW","assessed_value":328000},{"address":"11122.0 157 AVENUE NW","assessed_value":373000},{"address":"3111.0 142 AVENUE NW","assessed_value":131500},{"address":"nan nan","assessed_value":8000},{"address":"17429.0 92 AVENUE NW","assessed_value":234000},{"address":"18916.0 82 AVENUE NW","assessed_value":442500},{"address":"8110.0 168 STREET NW","assessed_value":399000},{"address":"10762.0 178 STREET NW","assessed_value":206500},{"address":"nan nan","assessed_value":7000},{"address":"16422.0 89 AVENUE NW","assessed_value":264500},{"address":"7915.0 159 STREET NW","assessed_value":362500},{"address":"9860.0 82 AVENUE NW","assessed_value":135000},{"address":"7415.0 170 STREET NW","assessed_value":58000},{"address":"2510.0 184 STREET SW","assessed_value":2563000},{"address":"16503.0 FORT ROAD NW","assessed_value":10500},{"address":"9749.0 163 STREET NW","assessed_value":1000},{"address":"9317.0 166 STREET NW","assessed_value":383000},{"address":"8340.0 JASPER AVENUE NW","assessed_value":144500},{"address":"2204.0 118 STREET NW","assessed_value":173500},{"address":"10139.0 158 AVENUE NW","assessed_value":251000},{"address":"18928.0 80 AVENUE NW","assessed_value":424500},{"address":"17404.0 112 STREET NW","assessed_value":649000},{"address":"10424.0 16 AVENUE NW","assessed_value":377500},{"address":"14808.0 26 STREET NW","assessed_value":70000},{"address":"9351.0 172 STREET NW","assessed_value":152000},{"address":"7339.0 189 STREET NW","assessed_value":359000},{"address":"9816.0 112 STREET NW","assessed_value":178000},{"address":"2204.0 118 STREET NW","assessed_value":177000},{"address":"10453.0 20 AVENUE NW","assessed_value":205000},{"address":"22503.0 110 AVENUE NW","assessed_value":575000},{"address":"nan nan","assessed_value":7000},{"address":"10045.0 117 STREET NW","assessed_value":153000},{"address":"15912.0 100A AVENUE NW","assessed_value":345500},{"address":"713.0 RIDDELL STREET NW","assessed_value":618000},{"address":"16608.0 93A AVENUE NW","assessed_value":366000},{"address":"9005.0 169 STREET NW","assessed_value":389500},{"address":"9342.0 176 AVENUE NW","assessed_value":359500},{"address":"11736.0 78 STREET NW","assessed_value":3722000},{"address":"15235.0 83 AVENUE NW","assessed_value":399500},{"address":"1904.0 48 STREET NW","assessed_value":180500},{"address":"18512.0 95A AVENUE NW","assessed_value":332500},{"address":"9023.0 152 STREET NW","assessed_value":278500},{"address":"8720.0 164A STREET NW","assessed_value":408000},{"address":"18010.0 98 AVENUE NW","assessed_value":195000},{"address":"10619.0 BEAUMARIS ROAD NW","assessed_value":235500},{"address":"10712.0 5 AVENUE SW","assessed_value":1188500},{"address":"160.0 WINDERMERE DRIVE NW","assessed_value":1204500},{"address":"17407.0 92 STREET NW","assessed_value":403000},{"address":"6315.0 172 STREET NW","assessed_value":133000},{"address":"18409.0 96A AVENUE NW","assessed_value":336500},{"address":"35.0 KINISKI CRESCENT NW","assessed_value":344500},{"address":"17820.0 98 AVENUE NW","assessed_value":108000},{"address":"10135.0 SASKATCHEWAN DRIVE NW","assessed_value":169000},{"address":"12141.0 JASPER AVENUE NW","assessed_value":88000},{"address":"238.0 WESTRIDGE ROAD NW","assessed_value":630500},{"address":"13903.0 17 STREET NE","assessed_value":16500},{"address":"10145.0 121 STREET NW","assessed_value":78000},{"address":"16012.0 88 AVENUE NW","assessed_value":423500},{"address":"18018.0 96 AVENUE NW","assessed_value":225500},{"address":"8310.0 157 AVENUE NW","assessed_value":311500},{"address":"9711.0 164 STREET NW","assessed_value":359500},{"address":"1028.0 107 STREET NW","assessed_value":413000},{"address":"9702.0 160 STREET NW","assessed_value":282000},{"address":"10135.0 SASKATCHEWAN DRIVE NW","assessed_value":196500},{"address":"15256.0 86 AVENUE NW","assessed_value":486000},{"address":"12411.0 LANSDOWNE DRIVE NW","assessed_value":85500},{"address":"15708.0 90 AVENUE NW","assessed_value":349500},{"address":"3221.0 119 STREET NW","assessed_value":232000},{"address":"3513.0 41A AVENUE NW","assessed_value":349000},{"address":"9616.0 158 STREET NW","assessed_value":327000},{"address":"9511.0 158 STREET NW","assessed_value":364000},{"address":"16004.0 PATRICIA DRIVE NW","assessed_value":618500},{"address":"7707.0 154A STREET NW","assessed_value":590000},{"address":"12040.0 32 STREET NE","assessed_value":1137500},{"address":"15905.0 95 AVENUE NW","assessed_value":340500},{"address":"9531.0 163 STREET NW","assessed_value":329000},{"address":"16449.0 115 STREET NW","assessed_value":186500},{"address":"9531.0 178A AVENUE NW","assessed_value":361000},{"address":"8638.0 152B AVENUE NW","assessed_value":394500},{"address":"3347.0 138 AVENUE NW","assessed_value":167000},{"address":"18012.0 94 STREET NW","assessed_value":411500},{"address":"10511.0 19 AVENUE NW","assessed_value":97500},{"address":"5603.0 38 AVENUE NW","assessed_value":92500},{"address":"7604.0 29 AVENUE NW","assessed_value":162500},{"address":"9311.0 151 STREET NW","assessed_value":369000},{"address":"9312.0 169 STREET NW","assessed_value":357000},{"address":"132.0 WOLF WILLOW CRESCENT NW","assessed_value":756000},{"address":"6023.0 125A AVENUE NW","assessed_value":8000},{"address":"9444.0 149 STREET NW","assessed_value":1232500},{"address":"3519.0 43A AVENUE NW","assessed_value":335000},{"address":"3111.0 199 STREET NW","assessed_value":4022500},{"address":"9701.0 154 STREET NW","assessed_value":336000},{"address":"9917.0 110 STREET NW","assessed_value":158500},{"address":"15711.0 84 STREET NW","assessed_value":365500},{"address":"15202.0 78 AVENUE NW","assessed_value":455500},{"address":"7728.0 152B AVENUE NW","assessed_value":390000},{"address":"14908.0 26 STREET NW","assessed_value":61000},{"address":"18924.0 81A AVENUE NW","assessed_value":396000},{"address":"10604.0 110 AVENUE NW","assessed_value":60500},{"address":"18823.0 82 AVENUE NW","assessed_value":414500},{"address":"4403.0 RIVERBEND ROAD NW","assessed_value":225500},{"address":"10145.0 121 STREET NW","assessed_value":154000},{"address":"10511.0 19 AVENUE NW","assessed_value":130000},{"address":"10032.0 113 STREET NW","assessed_value":239500},{"address":"9816.0 112 STREET NW","assessed_value":87500},{"address":"9806.0 159 STREET NW","assessed_value":430000},{"address":"18908.0 85 AVENUE NW","assessed_value":446000},{"address":"15410.0 79A AVENUE NW","assessed_value":430000},{"address":"14511.0 52 STREET NW","assessed_value":165000},{"address":"7340.0 190 STREET NW","assessed_value":393000},{"address":"9619.0 167 STREET NW","assessed_value":348000},{"address":"3103.0 156 STREET SW","assessed_value":48500},{"address":"15206.0 77 AVENUE NW","assessed_value":486500},{"address":"9810.0 178 STREET NW","assessed_value":123000},{"address":"17727.0 94 STREET NW","assessed_value":476500},{"address":"2115.0 118 STREET NW","assessed_value":175500},{"address":"8603.0 159 STREET NW","assessed_value":354000},{"address":"16416.0 79A AVENUE NW","assessed_value":378500},{"address":"nan nan","assessed_value":5500},{"address":"198.0 RHATIGAN ROAD WEST NW","assessed_value":557500},{"address":"12841.0 65 STREET NW","assessed_value":71500},{"address":"10172.0 118 STREET NW","assessed_value":251500},{"address":"3814.0 41 AVENUE NW","assessed_value":316500},{"address":"4610.0 17 AVENUE NW","assessed_value":196500},{"address":"10341.0 172 AVENUE NW","assessed_value":202500},{"address":"6526.0 184 STREET NW","assessed_value":169000},{"address":"7804.0 158 STREET NW","assessed_value":471500},{"address":"17824.0 91 STREET NW","assessed_value":368000},{"address":"10175.0 114 STREET NW","assessed_value":107500},{"address":"8416.0 45 STREET NW","assessed_value":364500},{"address":"8527.0 189 STREET NW","assessed_value":410000},{"address":"879.0 WANYANDI ROAD NW","assessed_value":653500},{"address":"15605.0 112 AVENUE NW","assessed_value":1527000},{"address":"248.0 HEAGLE CRESCENT NW","assessed_value":566500},{"address":"16524.0 79A AVENUE NW","assessed_value":392000},{"address":"107.0 WINDERMERE DRIVE NW","assessed_value":50500},{"address":"8111.0 189 STREET NW","assessed_value":401500},{"address":"8015.0 163 STREET NW","assessed_value":350000},{"address":"nan nan","assessed_value":7000},{"address":"18415.0 66 AVENUE NW","assessed_value":167000},{"address":"2740.0 211 AVENUE NE","assessed_value":46000},{"address":"nan nan","assessed_value":5500},{"address":"11115.0 27 AVENUE NW","assessed_value":281000},{"address":"10045.0 117 STREET NW","assessed_value":129500},{"address":"9801.0 160 STREET NW","assessed_value":355000},{"address":"nan nan","assessed_value":8000},{"address":"2624.0 MILL WOODS ROAD EAST NW","assessed_value":80000},{"address":"7307.0 189 STREET NW","assessed_value":343000},{"address":"22010.0 113 AVENUE NW","assessed_value":1804000},{"address":"16205.0 92 AVENUE NW","assessed_value":317500},{"address":"16006.0 94 AVENUE NW","assessed_value":385000},{"address":"5918.0 118 AVENUE NW","assessed_value":500},{"address":"4621.0 74 AVENUE NW","assessed_value":1500},{"address":"9135.0 155 STREET NW","assessed_value":332500},{"address":"17512.0 92 STREET NW","assessed_value":467000},{"address":"8614.0 156 STREET NW","assessed_value":413500},{"address":"11324.0 97 STREET NW","assessed_value":101000},{"address":"10149.0 SASKATCHEWAN DRIVE NW","assessed_value":186000},{"address":"15519.0 98 AVENUE NW","assessed_value":86000},{"address":"9209.0 169 STREET NW","assessed_value":391000},{"address":"9408.0 151 STREET NW","assessed_value":426500},{"address":"4104.0 37 STREET NW","assessed_value":375000},{"address":"4810.0 MILL WOODS ROAD SOUTH NW","assessed_value":91000},{"address":"2034.0 108 STREET NW","assessed_value":365000},{"address":"7781.0 16 STREET NW","assessed_value":438500},{"address":"12410.0 WINTERBURN ROAD NW","assessed_value":3888000},{"address":"10149.0 SASKATCHEWAN DRIVE NW","assessed_value":170500},{"address":"2558.0 79 STREET NW","assessed_value":183000},{"address":"102.0 CENTENNIAL COURT NW","assessed_value":181500},{"address":"nan nan","assessed_value":8000},{"address":"16318.0 96A AVENUE NW","assessed_value":374500},{"address":"9013.0 157 STREET NW","assessed_value":369000},{"address":"171.0 KINISKI CRESCENT NW","assessed_value":355500},{"address":"5861.0 87A STREET NW","assessed_value":1619500},{"address":"1930.0 170 STREET NW","assessed_value":2000},{"address":"8604.0 190A STREET NW","assessed_value":463500},{"address":"7715.0 152C AVENUE NW","assessed_value":389000},{"address":"7505.0 184 STREET NW","assessed_value":313000},{"address":"14620.0 37 STREET NW","assessed_value":346000},{"address":"13833.0 30 STREET NW","assessed_value":177000},{"address":"9202.0 153 STREET NW","assessed_value":290000},{"address":"11826.0 100 AVENUE NW","assessed_value":800500},{"address":"18827.0 80 AVENUE NW","assessed_value":392500},{"address":"9310.0 161 STREET NW","assessed_value":420000},{"address":"9318.0 168 STREET NW","assessed_value":427000},{"address":"18820.0 82 AVENUE NW","assessed_value":337000},{"address":"12031.0 FORT ROAD NW","assessed_value":4500},{"address":"158.0 HEALY ROAD NW","assessed_value":605000},{"address":"1411.0 MILL WOODS ROAD EAST NW","assessed_value":181000},{"address":"4211.0 40 AVENUE NW","assessed_value":391000},{"address":"182.0 CENTENNIAL COURT NW","assessed_value":191500},{"address":"6450.0 27 STREET NW","assessed_value":5451500},{"address":"9031.0 150 STREET NW","assessed_value":355500},{"address":"16725.0 106 STREET NW","assessed_value":188000},{"address":"4610.0 17 AVENUE NW","assessed_value":192500},{"address":"15431.0 95 AVENUE NW","assessed_value":303500},{"address":"124.0 HEALY ROAD NW","assessed_value":554500},{"address":"9612.0 157 STREET NW","assessed_value":357500},{"address":"245.0 HEAGLE CRESCENT NW","assessed_value":641500},{"address":"nan nan","assessed_value":5500},{"address":"153.0 WESTRIDGE ROAD NW","assessed_value":1500},{"address":"8815.0 162 STREET NW","assessed_value":389000},{"address":"16812.0 98 AVENUE NW","assessed_value":340000},{"address":"10145.0 121 STREET NW","assessed_value":84500},{"address":"8108.0 125 AVENUE NW","assessed_value":50500},{"address":"5805.0 188 STREET NW","assessed_value":321500},{"address":"10175.0 114 STREET NW","assessed_value":116000},{"address":"10136.0 160 STREET NW","assessed_value":83000},{"address":"9309.0 166 STREET NW","assessed_value":366500},{"address":"7340.0 189 STREET NW","assessed_value":327000},{"address":"10149.0 SASKATCHEWAN DRIVE NW","assessed_value":198500},{"address":"14908.0 26 STREET NW","assessed_value":55000},{"address":"15424.0 78 AVENUE NW","assessed_value":519500},{"address":"9530.0 155 STREET NW","assessed_value":292000},{"address":"8340.0 JASPER AVENUE NW","assessed_value":145000},{"address":"5320.0 ROPER ROAD NW","assessed_value":2270500},{"address":"12121.0 JASPER AVENUE NW","assessed_value":108000},{"address":"11429.0 124 STREET NW","assessed_value":110500},{"address":"16951.0 95 STREET NW","assessed_value":191500},{"address":"11050.0 224 STREET NW","assessed_value":1575500},{"address":"4403.0 RIVERBEND ROAD NW","assessed_value":208500},{"address":"252.0 HEATH ROAD NW","assessed_value":682000},{"address":"nan nan","assessed_value":8000},{"address":"4403.0 RIVERBEND ROAD NW","assessed_value":214000},{"address":"16010.0 94A AVENUE NW","assessed_value":390000},{"address":"10436.0 14 AVENUE NW","assessed_value":417000},{"address":"9206.0 154 STREET NW","assessed_value":410500},{"address":"2628.0 MILL WOODS ROAD EAST NW","assessed_value":75000},{"address":"12841.0 65 STREET NW","assessed_value":56000},{"address":"nan nan","assessed_value":3000},{"address":"16701.0 94 AVENUE NW","assessed_value":307500},{"address":"nan nan","assessed_value":8000},{"address":"3221.0 119 STREET NW","assessed_value":232000},{"address":"9816.0 112 STREET NW","assessed_value":209500},{"address":"10615.0 10 AVENUE NW","assessed_value":406500},{"address":"9913.0 158 STREET NW","assessed_value":332500},{"address":"5610.0 186 STREET NW","assessed_value":324500},{"address":"7449.0 18 STREET NW","assessed_value":1798000},{"address":"5503.0 186 STREET NW","assessed_value":326500},{"address":"1620.0 48 STREET NW","assessed_value":118500},{"address":"nan nan","assessed_value":8000},{"address":"222.0 HEAGLE CRESCENT NW","assessed_value":564500},{"address":"8430.0 152 STREET NW","assessed_value":386500},{"address":"12037.0 162 AVENUE NW","assessed_value":182000},{"address":"8731.0 152B AVENUE NW","assessed_value":358500},{"address":"617.0 WOLF WILLOW ROAD NW","assessed_value":554500},{"address":"8721.0 164 STREET NW","assessed_value":393000},{"address":"15303.0 94 AVENUE NW","assessed_value":1228000},{"address":"15909.0 92A AVENUE NW","assessed_value":382000},{"address":"14508.0 34 STREET NW","assessed_value":302500},{"address":"10330.0 116 STREET NW","assessed_value":97000},{"address":"16725.0 106 STREET NW","assessed_value":177500},{"address":"3812.0 20 AVENUE NW","assessed_value":195500},{"address":"8310.0 JASPER AVENUE NW","assessed_value":88000},{"address":"166.0 WESTRIDGE ROAD NW","assessed_value":578000},{"address":"16819.0 97 AVENUE NW","assessed_value":354500},{"address":"15220.0 84 STREET NW","assessed_value":478500},{"address":"3115.0 119 STREET NW","assessed_value":212000},{"address":"18603.0 74 AVENUE NW","assessed_value":342000},{"address":"9322.0 152 STREET NW","assessed_value":268000},{"address":"9345.0 153 STREET NW","assessed_value":452000},{"address":"9550.0 152 STREET NW","assessed_value":1466000},{"address":"62.0 WOLF CRESCENT NW","assessed_value":441000},{"address":"4119.0 41 AVENUE NW","assessed_value":306500},{"address":"11624.0 124 STREET NW","assessed_value":99000},{"address":"9104.0 167 STREET NW","assessed_value":345500},{"address":"3623.0 30 AVENUE NW","assessed_value":187500},{"address":"14908.0 26 STREET NW","assessed_value":53500},{"address":"10011.0 167 STREET NW","assessed_value":756500},{"address":"2540.0 79 STREET NW","assessed_value":187500},{"address":"16803.0 95 AVENUE NW","assessed_value":355500},{"address":"10806.0 20 AVENUE NW","assessed_value":345000},{"address":"9819.0 155 STREET NW","assessed_value":417500},{"address":"16611.0 80 AVENUE NW","assessed_value":373500},{"address":"8009.0 161 STREET NW","assessed_value":313500},{"address":"253.0 RHATIGAN ROAD WEST NW","assessed_value":777000},{"address":"3255.0 119 STREET NW","assessed_value":220000},{"address":"8527.0 82 AVENUE NW","assessed_value":126000},{"address":"9016.0 152 STREET NW","assessed_value":211500},{"address":"6907.0 152C AVENUE NW","assessed_value":427500},{"address":"7411.0 184 STREET NW","assessed_value":302000},{"address":"4403.0 RIVERBEND ROAD NW","assessed_value":247500},{"address":"10145.0 121 STREET NW","assessed_value":78000},{"address":"14908.0 26 STREET NW","assessed_value":51500},{"address":"3512.0 43A AVENUE NW","assessed_value":346000},{"address":"8328.0 158 AVENUE NW","assessed_value":327000},{"address":"3522.0 HILL VIEW CRESCENT NW","assessed_value":564500},{"address":"532.0 HEGLER CRESCENT NW","assessed_value":634500},{"address":"10145.0 121 STREET NW","assessed_value":156000},{"address":"15002.0 91 AVENUE NW","assessed_value":382500},{"address":"10045.0 117 STREET NW","assessed_value":131000},{"address":"946.0 RICE ROAD NW","assessed_value":844500},{"address":"5662.0 WINDERMERE BOULEVARD NW","assessed_value":6500},{"address":"9520.0 178 AVENUE NW","assessed_value":412500},{"address":"8340.0 JASPER AVENUE NW","assessed_value":148000},{"address":"3111.0 142 AVENUE NW","assessed_value":134000},{"address":"434.0 KIRKPATRICK CRESCENT NW","assessed_value":349500},{"address":"nan nan","assessed_value":8000},{"address":"18012.0 96 STREET NW","assessed_value":441500},{"address":"10637.0 11 AVENUE NW","assessed_value":437500},{"address":"16030.0 93 AVENUE NW","assessed_value":377000},{"address":"10348.0 CONNAUGHT DRIVE NW","assessed_value":1660500},{"address":"7501.0 152 STREET NW","assessed_value":854000},{"address":"1415.0 LAKEWOOD ROAD WEST NW","assessed_value":132500},{"address":"14004.0 26 STREET NW","assessed_value":79500},{"address":"9720.0 156 STREET NW","assessed_value":1460500},{"address":"1110.0 101 STREET SW","assessed_value":309000},{"address":"nan nan","assessed_value":8000},{"address":"15928.0 88B AVENUE NW","assessed_value":352500},{"address":"3115.0 119 STREET NW","assessed_value":211500},{"address":"15021.0 95 AVENUE NW","assessed_value":359500},{"address":"9325.0 180A AVENUE NW","assessed_value":404500},{"address":"7620.0 189 STREET NW","assessed_value":347500},{"address":"nan nan","assessed_value":5500},{"address":"9917.0 110 STREET NW","assessed_value":187500},{"address":"9810.0 178 STREET NW","assessed_value":129000},{"address":"18615.0 57 AVENUE NW","assessed_value":377000},{"address":"402.0 HEFFERNAN DRIVE NW","assessed_value":882000},{"address":"2908.0 116A AVENUE NW","assessed_value":74500},{"address":"10205.0 158 AVENUE NW","assessed_value":202500},{"address":"7332.0 188 STREET NW","assessed_value":389500},{"address":"113.0 CENTENNIAL COURT NW","assessed_value":183000},{"address":"9532.0 168 STREET NW","assessed_value":417500},{"address":"15227.0 85 STREET NW","assessed_value":441000},{"address":"1904.0 48 STREET NW","assessed_value":187000},{"address":"17107.0 64 AVENUE NW","assessed_value":133000},{"address":"14407.0 MARK MESSIER TRAIL NW","assessed_value":621000},{"address":"18121.0 109 STREET NW","assessed_value":0},{"address":"8723.0 164 STREET NW","assessed_value":468000},{"address":"18308.0 71A AVENUE NW","assessed_value":351500},{"address":"4006.0 41 AVENUE NW","assessed_value":358000},{"address":"4610.0 17 AVENUE NW","assessed_value":196500},{"address":"17907.0 92A STREET NW","assessed_value":298000},{"address":"9914.0 164 STREET NW","assessed_value":337000},{"address":"123.0 WOLF WILLOW CRESCENT NW","assessed_value":282000},{"address":"10427.0 16 AVENUE NW","assessed_value":473500},{"address":"9726.0 163 STREET NW","assessed_value":286000},{"address":"17903.0 95 STREET NW","assessed_value":380000},{"address":"4610.0 17 AVENUE NW","assessed_value":197000},{"address":"2933.0 151 AVENUE NW","assessed_value":205000},{"address":"9804.0 169 STREET NW","assessed_value":427500},{"address":"899.0 WANYANDI ROAD NW","assessed_value":694000},{"address":"8327.0 156 AVENUE NW","assessed_value":318500},{"address":"8007.0 189 STREET NW","assessed_value":450500},{"address":"9016.0 153 STREET NW","assessed_value":407500},{"address":"18304.0 99 AVENUE NW","assessed_value":397000},{"address":"279.0 LAGO LINDO CRESCENT NW","assessed_value":351000},{"address":"8800.0 169 STREET NW","assessed_value":328000},{"address":"15210.0 77 AVENUE NW","assessed_value":542500},{"address":"1431.0 70 AVENUE NW","assessed_value":2225500},{"address":"16718.0 80 AVENUE NW","assessed_value":336000},{"address":"246.0 HEAGLE CRESCENT NW","assessed_value":524000},{"address":"15016.0 85 AVENUE NW","assessed_value":357500},{"address":"9720.0 158 STREET NW","assessed_value":367000},{"address":"10141.0 154 STREET NW","assessed_value":66500},{"address":"1411.0 MILL WOODS ROAD EAST NW","assessed_value":169500},{"address":"11904.0 EMILY MURPHY PARK ROAD NW","assessed_value":469500},{"address":"2908.0 116A AVENUE NW","assessed_value":82000},{"address":"15629.0 80 AVENUE NW","assessed_value":432500},{"address":"18410.0 96 AVENUE NW","assessed_value":332000},{"address":"11115.0 80 AVENUE NW","assessed_value":260000},{"address":"16121.0 10 STREET NW","assessed_value":546500},{"address":"1939.0 104 STREET NW","assessed_value":115500},{"address":"66.0 WESTRIDGE ROAD NW","assessed_value":574000},{"address":"7820.0 152B AVENUE NW","assessed_value":395500},{"address":"nan nan","assessed_value":8500},{"address":"14302.0 ANTHONY HENDAY DRIVE NW","assessed_value":26500},{"address":"12025.0 162 AVENUE NW","assessed_value":176500},{"address":"4610.0 17 AVENUE NW","assessed_value":196500},{"address":"2624.0 MILL WOODS ROAD EAST NW","assessed_value":108500},{"address":"nan nan","assessed_value":5500},{"address":"15703.0 76 AVENUE NW","assessed_value":504000},{"address":"nan nan","assessed_value":7000},{"address":"9721.0 163 STREET NW","assessed_value":292500},{"address":"8420.0 190 STREET NW","assessed_value":363000},{"address":"nan nan","assessed_value":7000},{"address":"9910.0 156 STREET NW","assessed_value":1893000},{"address":"7803.0 156 STREET NW","assessed_value":495500},{"address":"8340.0 JASPER AVENUE NW","assessed_value":118000},{"address":"16435.0 79A AVENUE NW","assessed_value":371000},{"address":"8906.0 168 STREET NW","assessed_value":448500},{"address":"14909.0 121A AVENUE NW","assessed_value":2165000},{"address":"15403.0 75 AVENUE NW","assessed_value":500000},{"address":"8726.0 164A STREET NW","assessed_value":352500},{"address":"11124.0 157 AVENUE NW","assessed_value":342000},{"address":"12411.0 LANSDOWNE DRIVE NW","assessed_value":75000},{"address":"18924.0 86A AVENUE NW","assessed_value":391500},{"address":"9827.0 152 STREET NW","assessed_value":373000},{"address":"15713.0 91 AVENUE NW","assessed_value":343500},{"address":"2020.0 105 STREET NW","assessed_value":225000},{"address":"9612.0 156 STREET NW","assessed_value":2159500},{"address":"10015.0 125 STREET NW","assessed_value":11000},{"address":"16725.0 106 STREET NW","assessed_value":228500}]