[{"address":"3232.0 WINSPEAR CRESCENT SW","assessed_value":656500},{"address":"7235.0 ARMOUR CRESCENT SW","assessed_value":381500},{"address":"17225.0 127 STREET NW","assessed_value":67000},{"address":"nan nan","assessed_value":6000},{"address":"7741.0 GETTY WYND NW","assessed_value":604500},{"address":"12035.0 22 AVENUE SW","assessed_value":168000},{"address":"12045.0 22 AVENUE SW","assessed_value":160000},{"address":"nan nan","assessed_value":5000},{"address":"15860.0 11 AVENUE SW","assessed_value":620000},{"address":"627.0 HOWATT DRIVE SW","assessed_value":1342000},{"address":"18135.0 76 STREET NW","assessed_value":467000},{"address":"nan nan","assessed_value":11500},{"address":"3357.0 16A AVENUE NW","assessed_value":179500},{"address":"2207.0 44 AVENUE NW","assessed_value":209500},{"address":"1255.0 AINSLIE WAY SW","assessed_value":677500},{"address":"nan nan","assessed_value":11000},{"address":"nan nan","assessed_value":12500},{"address":"3388.0 CUTLER CRESCENT SW","assessed_value":714500},{"address":"7304.0 ARMOUR CRESCENT SW","assessed_value":466500},{"address":"8812.0 217 STREET NW","assessed_value":574500},{"address":"3409.0 ABBOTT WAY SW","assessed_value":471000},{"address":"nan nan","assessed_value":8500},{"address":"6104.0 176 AVENUE NW","assessed_value":473500},{"address":"1080.0 MCCONACHIE BOULEVARD NW","assessed_value":161000},{"address":"13433.0 162A AVENUE NW","assessed_value":634500},{"address":"1295.0 STARLING DRIVE NW","assessed_value":388000},{"address":"2588.0 ANDERSON WAY SW","assessed_value":213000},{"address":"15112.0 116A AVENUE NW","assessed_value":363500},{"address":"3440.0 PARKER LOOP SW","assessed_value":645500},{"address":"14808.0 125 STREET NW","assessed_value":194000},{"address":"nan nan","assessed_value":11000},{"address":"nan nan","assessed_value":5500},{"address":"17143.0 74 STREET NW","assessed_value":598000},{"address":"9736.0 222 STREET NW","assessed_value":667500},{"address":"nan nan","assessed_value":8500},{"address":"3941.0 KENNEDY CRESCENT SW","assessed_value":879000},{"address":"nan nan","assessed_value":11000},{"address":"11808.0 22 AVENUE SW","assessed_value":186500},{"address":"21906.0 91 AVENUE NW","assessed_value":383500},{"address":"20508.0 98 AVENUE NW","assessed_value":552000},{"address":"3016.0 16 AVENUE NW","assessed_value":438000},{"address":"1639.0 CUNNINGHAM WAY SW","assessed_value":322000},{"address":"16423.0 53 STREET NW","assessed_value":372000},{"address":"4403.0 WESTCLIFF CLOSE SW","assessed_value":1621000},{"address":"2004.0 TRUMPETER WAY NW","assessed_value":312000},{"address":"nan nan","assessed_value":11000},{"address":"7536.0 174 AVENUE NW","assessed_value":693500},{"address":"8130.0 223 STREET NW","assessed_value":447500},{"address":"6127.0 176 AVENUE NW","assessed_value":395000},{"address":"nan nan","assessed_value":12500},{"address":"530.0 WATT BOULEVARD SW","assessed_value":188000},{"address":"20509.0 98A AVENUE NW","assessed_value":582000},{"address":"7809.0 20A AVENUE SW","assessed_value":672000},{"address":"7199.0 CARDINAL WAY SW","assessed_value":379500},{"address":"2003.0 RABBIT HILL ROAD NW","assessed_value":385000},{"address":"13548.0 164 AVENUE NW","assessed_value":463000},{"address":"3343.0 WEIDLE WAY SW","assessed_value":460000},{"address":"1219.0 152 AVENUE NW","assessed_value":418000},{"address":"2313.0 ASHCRAFT CAPE SW","assessed_value":572500},{"address":"7607.0 MAY GATE NW","assessed_value":822500},{"address":"1224.0 162 STREET SW","assessed_value":383000},{"address":"17216.0 73 STREET NW","assessed_value":490000},{"address":"9955.0 76 AVENUE NW","assessed_value":470000},{"address":"16252.0 136 STREET NW","assessed_value":587500},{"address":"1309.0 30 AVENUE NW","assessed_value":374500},{"address":"5203.0 19A AVENUE SW","assessed_value":514000},{"address":"14808.0 125 STREET NW","assessed_value":156500},{"address":"3169.0 CAMERON HEIGHTS WAY NW","assessed_value":883000},{"address":"nan nan","assessed_value":9000},{"address":"nan nan","assessed_value":12000},{"address":"nan nan","assessed_value":12000},{"address":"4850.0 TERWILLEGAR COMMON NW","assessed_value":292500},{"address":"nan nan","assessed_value":12000},{"address":"3447.0 CUTLER CRESCENT SW","assessed_value":466000},{"address":"8219.0 217 STREET NW","assessed_value":607500},{"address":"2207.0 44 AVENUE NW","assessed_value":196000},{"address":"8533.0 ELLIS LINK NW","assessed_value":449500},{"address":"16640.0 71 STREET NW","assessed_value":509000},{"address":"450.0 MCCONACHIE WAY NW","assessed_value":293500},{"address":"18036.0 78 STREET NW","assessed_value":415000},{"address":"6520.0 2 AVENUE SW","assessed_value":217500},{"address":"1127.0 SECORD PROMENADE NW","assessed_value":560000},{"address":"1123.0 160 STREET SW","assessed_value":476000},{"address":"1420.0 GRAYDON HILL WAY SW","assessed_value":818000},{"address":"16745.0 64 STREET NW","assessed_value":413500},{"address":"3118.0 PAISLEY ROAD SW","assessed_value":469500},{"address":"407.0 DRAGOON PLACE NW","assessed_value":523000},{"address":"6084.0 STANTON DRIVE SW","assessed_value":212000},{"address":"nan nan","assessed_value":8000},{"address":"6730.0 CARDINAL ROAD SW","assessed_value":408000},{"address":"1196.0 HYNDMAN ROAD NW","assessed_value":156500},{"address":"nan nan","assessed_value":8500},{"address":"6023.0 175 AVENUE NW","assessed_value":646500},{"address":"19.0 WINDERMERE DRIVE SW","assessed_value":1542000},{"address":"1608.0 TOWNE CENTRE BOULEVARD NW","assessed_value":301500},{"address":"nan nan","assessed_value":5500},{"address":"5967.0 EDMONDS CRESCENT NW","assessed_value":638500},{"address":"nan nan","assessed_value":9000},{"address":"3089.0 CARPENTER LANDING SW","assessed_value":523000},{"address":"10523.0 123 STREET NW","assessed_value":225500},{"address":"1369.0 ADAMSON DRIVE SW","assessed_value":579000},{"address":"2545.0 AMERONGEN CRESCENT SW","assessed_value":667500},{"address":"3184.0 WINSPEAR CRESCENT SW","assessed_value":1001000},{"address":"nan nan","assessed_value":12000},{"address":"1920.0 57 STREET SW","assessed_value":393500},{"address":"nan nan","assessed_value":4500},{"address":"12035.0 22 AVENUE SW","assessed_value":152500},{"address":"4320.0 PROWSE LINK SW","assessed_value":372500},{"address":"nan nan","assessed_value":12500},{"address":"2448.0 GLENRIDDING BOULEVARD SW","assessed_value":404500},{"address":"3707.0 168 AVENUE NW","assessed_value":522000},{"address":"7611.0 181 AVENUE NW","assessed_value":708500},{"address":"2528.0 COUGHLAN ROAD SW","assessed_value":401000},{"address":"nan nan","assessed_value":7500},{"address":"655.0 TAMARACK ROAD NW","assessed_value":290500},{"address":"6804.0 23 AVENUE SW","assessed_value":453500},{"address":"nan nan","assessed_value":182000},{"address":"nan nan","assessed_value":11500},{"address":"3426.0 PARKER LOOP SW","assessed_value":707500},{"address":"9076.0 ROSENTHAL LINK NW","assessed_value":418500},{"address":"17926.0 6A AVENUE SW","assessed_value":564000},{"address":"7183.0 CARDINAL WAY SW","assessed_value":446500},{"address":"3625.0 144 AVENUE NW","assessed_value":283500},{"address":"3067.0 KESWICK WAY SW","assessed_value":390500},{"address":"6214.0 167A AVENUE NW","assessed_value":625500},{"address":"7196.0 CARDINAL WAY SW","assessed_value":491000},{"address":"8315.0 180 AVENUE NW","assessed_value":320000},{"address":"14013.0 164 AVENUE NW","assessed_value":405000},{"address":"11816.0 22 AVENUE SW","assessed_value":12500},{"address":"3218.0 ABBOTT CRESCENT SW","assessed_value":608000},{"address":"2203.0 44 AVENUE NW","assessed_value":213000},{"address":"582.0 ORCHARDS BOULEVARD SW","assessed_value":734000},{"address":"7505.0 20A AVENUE SW","assessed_value":606000},{"address":"1332.0 GRAYDON HILL WAY SW","assessed_value":425000},{"address":"11820.0 22 AVENUE SW","assessed_value":157000},{"address":"120.0 CY BECKER BOULEVARD NW","assessed_value":388500},{"address":"14004.0 138 STREET NW","assessed_value":603500},{"address":"5613.0 JUCHLI AVENUE NW","assessed_value":570000},{"address":"nan nan","assessed_value":11000},{"address":"nan nan","assessed_value":12000},{"address":"5453.0 CRABAPPLE LOOP SW","assessed_value":399000},{"address":"nan nan","assessed_value":11000},{"address":"13822.0 138 AVENUE NW","assessed_value":394000},{"address":"nan nan","assessed_value":11500},{"address":"1049.0 GRANTHAM DRIVE NW","assessed_value":811500},{"address":"11317.0 123 STREET NW","assessed_value":513500},{"address":"3352.0 WEIDLE WAY SW","assessed_value":598500},{"address":"2045.0 GRANTHAM COURT NW","assessed_value":211000},{"address":"2015.0 AINSLIE LINK SW","assessed_value":800000},{"address":"1319.0 29 AVENUE NW","assessed_value":770000},{"address":"9024.0 24 AVENUE SW","assessed_value":874000},{"address":"21918.0 91 AVENUE NW","assessed_value":401500},{"address":"4019.0 6 STREET NW","assessed_value":377000},{"address":"350.0 CHAPPELLE DRIVE SW","assessed_value":482000},{"address":"13121.0 132 STREET NW","assessed_value":2500},{"address":"504.0 ALBANY WAY NW","assessed_value":194000},{"address":"2530.0 AMERONGEN CRESCENT SW","assessed_value":870500},{"address":"887.0 CRYSTALLINA NERA WAY NW","assessed_value":355500},{"address":"9604.0 221 STREET NW","assessed_value":632000},{"address":"2042.0 WARE ROAD NW","assessed_value":751000},{"address":"15152.0 13 STREET NW","assessed_value":528500},{"address":"12125.0 124 STREET NW","assessed_value":380000},{"address":"nan nan","assessed_value":11500},{"address":"3341.0 CUTLER CRESCENT SW","assessed_value":509500},{"address":"508.0 ALBANY WAY NW","assessed_value":162500},{"address":"12809.0 205 STREET NW","assessed_value":422500},{"address":"1912.0 78 STREET SW","assessed_value":644500},{"address":"nan nan","assessed_value":12500},{"address":"nan nan","assessed_value":11000},{"address":"10523.0 123 STREET NW","assessed_value":306500},{"address":"1234.0 STARLING DRIVE NW","assessed_value":568500},{"address":"12035.0 22 AVENUE SW","assessed_value":196000},{"address":"636.0 40 AVENUE NW","assessed_value":443500},{"address":"1937.0 ADAMSON TERRACE SW","assessed_value":607000},{"address":"4692.0 ALWOOD WAY SW","assessed_value":424500},{"address":"4146.0 6A STREET NW","assessed_value":435500},{"address":"12268.0 173 AVENUE NW","assessed_value":421500},{"address":"5356.0 CRABAPPLE LOOP SW","assessed_value":469000},{"address":"2306.0 67A STREET SW","assessed_value":446000},{"address":"2118.0 CASSIDY WYND SW","assessed_value":386500},{"address":"21720.0 80 AVENUE NW","assessed_value":562000},{"address":"16408.0 136 STREET NW","assessed_value":600000},{"address":"5835.0 MULLEN PLACE NW","assessed_value":393000},{"address":"9832.0 222 STREET NW","assessed_value":737000},{"address":"13915.0 164 AVENUE NW","assessed_value":389500},{"address":"nan nan","assessed_value":4500},{"address":"1014.0 HUCKELL PLACE SW","assessed_value":826500},{"address":"3424.0 CAMERON HEIGHTS COVE NW","assessed_value":369500},{"address":"12014.0 173A AVENUE NW","assessed_value":580000},{"address":"2231.0 WARE COURT NW","assessed_value":691500},{"address":"1537.0 33B STREET NW","assessed_value":414500},{"address":"nan nan","assessed_value":11500},{"address":"7289.0 SOUTH TERWILLEGAR DRIVE NW","assessed_value":326000},{"address":"5803.0 EDWORTHY COVE NW","assessed_value":642000},{"address":"5420.0 EDWORTHY WAY NW","assessed_value":697000},{"address":"3625.0 144 AVENUE NW","assessed_value":283500},{"address":"2590.0 ANDERSON WAY SW","assessed_value":190500},{"address":"5331.0 20 AVENUE SW","assessed_value":753000},{"address":"nan nan","assessed_value":9000},{"address":"1370.0 AINSLIE WYND SW","assessed_value":761500},{"address":"nan nan","assessed_value":12000},{"address":"3185.0 WINSPEAR CRESCENT SW","assessed_value":701000},{"address":"nan nan","assessed_value":8000},{"address":"2620.0 16 STREET NW","assessed_value":415500},{"address":"6084.0 STANTON DRIVE SW","assessed_value":189000},{"address":"7503.0 GETTY GATE NW","assessed_value":288000},{"address":"1820.0 RUTHERFORD ROAD SW","assessed_value":197500},{"address":"nan nan","assessed_value":12500},{"address":"2058.0 WARE ROAD NW","assessed_value":726000},{"address":"nan nan","assessed_value":5000},{"address":"nan nan","assessed_value":8000},{"address":"2207.0 44 AVENUE NW","assessed_value":200000},{"address":"617.0 40 AVENUE NW","assessed_value":403000},{"address":"14003.0 164 AVENUE NW","assessed_value":404000},{"address":"504.0 ALBANY WAY NW","assessed_value":198000},{"address":"1312.0 29 AVENUE NW","assessed_value":436500},{"address":"411.0 DRAGOON PLACE NW","assessed_value":557000},{"address":"4351.0 ANNETT COMMON SW","assessed_value":426500},{"address":"12831.0 123A STREET NW","assessed_value":373500},{"address":"18115.0 76 STREET NW","assessed_value":482500},{"address":"17908.0 7 AVENUE SW","assessed_value":766500},{"address":"17665.0 60A STREET NW","assessed_value":419500},{"address":"3191.0 CAMERON HEIGHTS WAY NW","assessed_value":2073000},{"address":"1482.0 33 STREET NW","assessed_value":433000},{"address":"856.0 CRYSTALLINA NERA WAY NW","assessed_value":485000},{"address":"5098.0 EDGEMONT BOULEVARD NW","assessed_value":639000},{"address":"12276.0 173 AVENUE NW","assessed_value":444500},{"address":"691.0 SECORD BOULEVARD NW","assessed_value":476500},{"address":"1384.0 GRAYDON HILL WAY SW","assessed_value":1105000},{"address":"nan nan","assessed_value":11500},{"address":"6951.0 EVANS WYND NW","assessed_value":538000},{"address":"16724.0 40 STREET NW","assessed_value":375000},{"address":"1394.0 WATT DRIVE SW","assessed_value":391000},{"address":"6076.0 SCHONSEE WAY NW","assessed_value":214500},{"address":"1080.0 WATT PROMENADE SW","assessed_value":415000},{"address":"nan nan","assessed_value":7500},{"address":"16723.0 61 STREET NW","assessed_value":634500},{"address":"nan nan","assessed_value":11500},{"address":"16536.0 133 STREET NW","assessed_value":755000},{"address":"nan nan","assessed_value":12500},{"address":"2149.0 53 STREET SW","assessed_value":544000},{"address":"nan nan","assessed_value":5500},{"address":"8315.0 180 AVENUE NW","assessed_value":286500},{"address":"nan nan","assessed_value":9000},{"address":"nan nan","assessed_value":9000},{"address":"11816.0 22 AVENUE SW","assessed_value":140000},{"address":"7912.0 CORONET ROAD NW","assessed_value":277500},{"address":"5718.0 EDWORTHY LANDING NW","assessed_value":851000},{"address":"1816.0 RUTHERFORD ROAD SW","assessed_value":297500},{"address":"969.0 MCCONACHIE BOULEVARD NW","assessed_value":584000},{"address":"534.0 WATT BOULEVARD SW","assessed_value":202500},{"address":"5329.0 SCHONSEE DRIVE NW","assessed_value":557000},{"address":"3398.0 CUTLER CRESCENT SW","assessed_value":485000},{"address":"7628.0 182 AVENUE NW","assessed_value":527500},{"address":"16235.0 51 STREET NW","assessed_value":143500},{"address":"1620.0 CUNNINGHAM WAY SW","assessed_value":9000},{"address":"7003.0 173 AVENUE NW","assessed_value":639000},{"address":"nan nan","assessed_value":252000},{"address":"nan nan","assessed_value":4500},{"address":"175.0 MCCONACHIE DRIVE NW","assessed_value":408500},{"address":"nan nan","assessed_value":8000},{"address":"10731.0 184 STREET NW","assessed_value":1112500},{"address":"2632.0 BOWEN WAY SW","assessed_value":534000},{"address":"3353.0 16A AVENUE NW","assessed_value":155500},{"address":"1178.0 HAINSTOCK GREEN SW","assessed_value":931500},{"address":"530.0 WATT BOULEVARD SW","assessed_value":162500},{"address":"nan nan","assessed_value":1001000},{"address":"nan nan","assessed_value":11000},{"address":"12039.0 168 AVENUE NW","assessed_value":480000},{"address":"12025.0 22 AVENUE SW","assessed_value":163500},{"address":"2803.0 JAMES MOWATT TRAIL SW","assessed_value":273500},{"address":"nan nan","assessed_value":14500},{"address":"4371.0 ANNETT COMMON SW","assessed_value":466000},{"address":"2155.0 67 STREET SW","assessed_value":395500},{"address":"2590.0 ANDERSON WAY SW","assessed_value":213500},{"address":"7913.0 GETTY PLACE NW","assessed_value":618000},{"address":"18112.0 75 STREET NW","assessed_value":461000},{"address":"5117.0 CORVETTE STREET NW","assessed_value":617000},{"address":"9736.0 205 STREET NW","assessed_value":507500},{"address":"3.0 WINDERMERE DRIVE SW","assessed_value":2379500},{"address":"1359.0 SECORD LANDING NW","assessed_value":617500},{"address":"5215.0 18 AVENUE SW","assessed_value":607500},{"address":"4135.0 CAMERON HEIGHTS POINT NW","assessed_value":3254500},{"address":"7570.0 MAY COMMON NW","assessed_value":1151500},{"address":"2803.0 JAMES MOWATT TRAIL SW","assessed_value":299000},{"address":"3155.0 WINSPEAR CRESCENT SW","assessed_value":718000},{"address":"1230.0 WINDERMERE WAY SW","assessed_value":378500},{"address":"5503.0 EDWORTHY WAY NW","assessed_value":728500},{"address":"nan nan","assessed_value":8000},{"address":"13016.0 207 STREET NW","assessed_value":593000},{"address":"38.0 RIM ROAD NW","assessed_value":137500},{"address":"nan nan","assessed_value":6000},{"address":"17710.0 5A AVENUE SW","assessed_value":635500},{"address":"11812.0 22 AVENUE SW","assessed_value":160500},{"address":"13927.0 138 STREET NW","assessed_value":532500},{"address":"1080.0 MCCONACHIE BOULEVARD NW","assessed_value":192500},{"address":"21927.0 91 AVENUE NW","assessed_value":492500},{"address":"5254.0 19 AVENUE SW","assessed_value":566500},{"address":"nan nan","assessed_value":8000},{"address":"6747.0 24 AVENUE SW","assessed_value":437000},{"address":"nan nan","assessed_value":14500},{"address":"nan nan","assessed_value":262500},{"address":"1514.0 33B STREET NW","assessed_value":447500},{"address":"140.0 YOUVILLE DRIVE EAST NW","assessed_value":299000},{"address":"17152.0 47 STREET NW","assessed_value":501500},{"address":"2207.0 44 AVENUE NW","assessed_value":203000},{"address":"16509.0 133 STREET NW","assessed_value":462500},{"address":"10523.0 123 STREET NW","assessed_value":286500},{"address":"15840.0 10 AVENUE SW","assessed_value":569000},{"address":"3062.0 PAISLEY GREEN SW","assessed_value":403500},{"address":"nan nan","assessed_value":8500},{"address":"290.0 FRASER WAY NW","assessed_value":21000},{"address":"8315.0 180 AVENUE NW","assessed_value":330500},{"address":"nan nan","assessed_value":11000},{"address":"8354.0 ELLIS CRESCENT NW","assessed_value":474500},{"address":"4050.0 SAVARYN DRIVE SW","assessed_value":296500},{"address":"444.0 WINDERMERE ROAD NW","assessed_value":813000},{"address":"nan nan","assessed_value":11500},{"address":"nan nan","assessed_value":4500},{"address":"5624.0 19 AVENUE SW","assessed_value":601500},{"address":"11816.0 22 AVENUE SW","assessed_value":168000},{"address":"nan nan","assessed_value":11500},{"address":"7846.0 GETTY WYND NW","assessed_value":729500},{"address":"7510.0 20A AVENUE SW","assessed_value":627500},{"address":"5318.0 19 AVENUE SW","assessed_value":537500},{"address":"10217.0 149 STREET NW","assessed_value":377500},{"address":"675.0 ALBANY WAY NW","assessed_value":313500},{"address":"11816.0 22 AVENUE SW","assessed_value":162000},{"address":"656.0 178 STREET SW","assessed_value":632500},{"address":"7455.0 COLONEL MEWBURN ROAD NW","assessed_value":1040000},{"address":"649.0 178A STREET SW","assessed_value":593000},{"address":"13060.0 207 STREET NW","assessed_value":610500},{"address":"1520.0 152 AVENUE NW","assessed_value":378500},{"address":"4543.0 ALWOOD WAY SW","assessed_value":577000},{"address":"8805.0 114 STREET NW","assessed_value":23745000},{"address":"818.0 HOWATT PLACE SW","assessed_value":1235000},{"address":"nan nan","assessed_value":12000},{"address":"2383.0 WARE CRESCENT NW","assessed_value":454500},{"address":"1623.0 CUNNINGHAM WAY SW","assessed_value":301000},{"address":"2744.0 WHEATON DRIVE NW","assessed_value":1578500},{"address":"8903.0 79 AVENUE NW","assessed_value":437500},{"address":"7762.0 GETTY WYND NW","assessed_value":576500},{"address":"17212.0 74 STREET NW","assessed_value":683000},{"address":"nan nan","assessed_value":12000},{"address":"1323.0 SECORD LANDING NW","assessed_value":592500},{"address":"655.0 WATT BOULEVARD SW","assessed_value":309000},{"address":"3419.0 ABBOTT WAY SW","assessed_value":549500},{"address":"4009.0 6 STREET NW","assessed_value":392500},{"address":"16813.0 64 STREET NW","assessed_value":428500},{"address":"7519.0 174 AVENUE NW","assessed_value":494500},{"address":"13059.0 207 STREET NW","assessed_value":608500},{"address":"11820.0 22 AVENUE SW","assessed_value":166500},{"address":"2461.0 WARE CRESCENT NW","assessed_value":594500},{"address":"nan nan","assessed_value":6500},{"address":"1060.0 MCCONACHIE BOULEVARD NW","assessed_value":176000},{"address":"nan nan","assessed_value":11000},{"address":"3576.0 CHERRY LANDING SW","assessed_value":819000},{"address":"1586.0 CHAPMAN WAY SW","assessed_value":720500},{"address":"858.0 CY BECKER DRIVE NW","assessed_value":449000},{"address":"3710.0 ALLAN DRIVE SW","assessed_value":294000},{"address":"17963.0 78 STREET NW","assessed_value":532000},{"address":"12407.0 173 AVENUE NW","assessed_value":539500},{"address":"10214.0 151 STREET NW","assessed_value":459500},{"address":"7109.0 BANNOCK BAY NW","assessed_value":872500},{"address":"nan nan","assessed_value":7500},{"address":"nan nan","assessed_value":11000},{"address":"nan nan","assessed_value":8500},{"address":"14104.0 97 AVENUE NW","assessed_value":1897500},{"address":"2207.0 WARE COURT NW","assessed_value":634000},{"address":"3710.0 ALLAN DRIVE SW","assessed_value":308500},{"address":"2588.0 ANDERSON WAY SW","assessed_value":150500},{"address":"17019.0 70 STREET NW","assessed_value":556000},{"address":"3616.0 168 AVENUE NW","assessed_value":544000},{"address":"2730.0 SPARROW PLACE NW","assessed_value":388500},{"address":"17112.0 43 STREET NW","assessed_value":607500},{"address":"17818.0 5A AVENUE SW","assessed_value":684000},{"address":"nan nan","assessed_value":9000},{"address":"9733.0 83 AVENUE NW","assessed_value":730500},{"address":"nan nan","assessed_value":7500},{"address":"8377.0 ELLIS CRESCENT NW","assessed_value":567500},{"address":"7038.0 174 AVENUE NW","assessed_value":411000},{"address":"5873.0 MULLEN PLACE NW","assessed_value":415000},{"address":"1196.0 HYNDMAN ROAD NW","assessed_value":154500},{"address":"262.0 ALBANY DRIVE NW","assessed_value":547000},{"address":"1623.0 CUNNINGHAM WAY SW","assessed_value":301000},{"address":"17827.0 6 AVENUE SW","assessed_value":469500},{"address":"6076.0 SCHONSEE WAY NW","assessed_value":248500},{"address":"340.0 WINDERMERE ROAD NW","assessed_value":166500},{"address":"9903.0 209 STREET NW","assessed_value":217500},{"address":"nan nan","assessed_value":4500},{"address":"607.0 40 AVENUE NW","assessed_value":420000},{"address":"10208.0 82 STREET NW","assessed_value":655000},{"address":"nan nan","assessed_value":12000},{"address":"16235.0 51 STREET NW","assessed_value":214500},{"address":"504.0 ALBANY WAY NW","assessed_value":157000},{"address":"5509.0 14 AVENUE SW","assessed_value":406000},{"address":"11812.0 22 AVENUE SW","assessed_value":187500},{"address":"534.0 WATT BOULEVARD SW","assessed_value":195500},{"address":"nan nan","assessed_value":4500},{"address":"12035.0 22 AVENUE SW","assessed_value":143000},{"address":"nan nan","assessed_value":11000},{"address":"10766.0 97 STREET NW","assessed_value":19698000},{"address":"8944.0 24 AVENUE SW","assessed_value":761000},{"address":"9747.0 205 STREET NW","assessed_value":670500},{"address":"1820.0 RUTHERFORD ROAD SW","assessed_value":178500},{"address":"1441.0 33A STREET NW","assessed_value":406500},{"address":"3067.0 PAISLEY GREEN SW","assessed_value":606500},{"address":"1508.0 165 STREET SW","assessed_value":469000},{"address":"1107.0 HAINSTOCK GREEN SW","assessed_value":1137500},{"address":"9855.0 222 STREET NW","assessed_value":579000},{"address":"nan nan","assessed_value":5000},{"address":"20308.0 42 AVENUE NW","assessed_value":424500},{"address":"9903.0 209 STREET NW","assessed_value":215000},{"address":"8164.0 224 STREET NW","assessed_value":458500},{"address":"11816.0 22 AVENUE SW","assessed_value":199000},{"address":"8168.0 224 STREET NW","assessed_value":474000},{"address":"4495.0 ANNETT COMMON SW","assessed_value":375000},{"address":"3730.0 CAMERON HEIGHTS PLACE NW","assessed_value":944500},{"address":"5326.0 GODSON POINT NW","assessed_value":498500},{"address":"7360.0 EDGEMONT WAY NW","assessed_value":380000},{"address":"nan nan","assessed_value":7500},{"address":"7808.0 GETTY WYND NW","assessed_value":605000},{"address":"20621.0 97A AVENUE NW","assessed_value":549500},{"address":"nan nan","assessed_value":5000},{"address":"nan nan","assessed_value":1694000},{"address":"nan nan","assessed_value":5500},{"address":"5252.0 20 AVENUE SW","assessed_value":423000},{"address":"916.0 CRYSTALLINA NERA WAY NW","assessed_value":760500},{"address":"2320.0 ASHCRAFT CAPE SW","assessed_value":808000},{"address":"3936.0 169 AVENUE NW","assessed_value":546500},{"address":"1419.0 27 AVENUE NW","assessed_value":437000},{"address":"nan nan","assessed_value":4500},{"address":"6520.0 2 AVENUE SW","assessed_value":217500},{"address":"nan nan","assessed_value":9000},{"address":"2203.0 44 AVENUE NW","assessed_value":208500},{"address":"nan nan","assessed_value":5000},{"address":"9350.0 211 STREET NW","assessed_value":356500},{"address":"475.0 ORCHARDS BOULEVARD SW","assessed_value":390500},{"address":"1435.0 17 STREET NW","assessed_value":1500},{"address":"6935.0 CARDINAL WYND SW","assessed_value":418000},{"address":"nan nan","assessed_value":8000},{"address":"17139.0 75 STREET NW","assessed_value":690000},{"address":"8426.0 115 AVENUE NW","assessed_value":371000},{"address":"nan nan","assessed_value":13000},{"address":"11804.0 22 AVENUE SW","assessed_value":150000},{"address":"nan nan","assessed_value":71500},{"address":"530.0 WATT BOULEVARD SW","assessed_value":203500},{"address":"5317.0 3 AVENUE SW","assessed_value":336000},{"address":"9903.0 209 STREET NW","assessed_value":219000},{"address":"5212.0 ADMIRAL WALTER HOSE STREET NW","assessed_value":602000},{"address":"3408.0 WEIDLE WAY SW","assessed_value":438000},{"address":"10611.0 117 STREET NW","assessed_value":240500},{"address":"1359.0 158 STREET SW","assessed_value":587500},{"address":"7226.0 ARMOUR CRESCENT SW","assessed_value":466500},{"address":"17808.0 8 AVENUE SW","assessed_value":574000},{"address":"1636.0 TAMARACK BOULEVARD NW","assessed_value":678500},{"address":"275.0 EBBERS BOULEVARD NW","assessed_value":411500},{"address":"nan nan","assessed_value":7500},{"address":"nan nan","assessed_value":11000},{"address":"17913.0 6A AVENUE SW","assessed_value":630500},{"address":"9303.0 84 AVENUE NW","assessed_value":684000},{"address":"5412.0 CRABAPPLE LOOP SW","assessed_value":462000},{"address":"2203.0 44 AVENUE NW","assessed_value":225500},{"address":"nan nan","assessed_value":6000},{"address":"nan nan","assessed_value":9000},{"address":"nan nan","assessed_value":5000},{"address":"nan nan","assessed_value":9000},{"address":"2647.0 21 AVENUE NW","assessed_value":476500},{"address":"11803.0 22 AVENUE SW","assessed_value":175500},{"address":"15831.0 10 AVENUE SW","assessed_value":548500},{"address":"2213.0 BLUE JAY LANDING NW","assessed_value":582000},{"address":"1507.0 33B STREET NW","assessed_value":375000},{"address":"2808.0 12 STREET NW","assessed_value":644000},{"address":"nan nan","assessed_value":12000},{"address":"6084.0 STANTON DRIVE SW","assessed_value":215000},{"address":"1625.0 AINSLIE LANE SW","assessed_value":703000},{"address":"nan nan","assessed_value":9000},{"address":"17740.0 78 STREET NW","assessed_value":707500},{"address":"11804.0 22 AVENUE SW","assessed_value":113500},{"address":"nan nan","assessed_value":10000},{"address":"nan nan","assessed_value":9000},{"address":"6020.0 118 STREET NW","assessed_value":137728500},{"address":"730.0 177 STREET SW","assessed_value":425000},{"address":"8309.0 ELLIS CRESCENT NW","assessed_value":485000},{"address":"2243.0 BLUE JAY LANDING NW","assessed_value":534500},{"address":"3464.0 WEIDLE WAY SW","assessed_value":436000},{"address":"2610.0 109 STREET NW","assessed_value":58413500},{"address":"1439.0 33 STREET NW","assessed_value":576000},{"address":"1937.0 AINSLIE LINK SW","assessed_value":717000},{"address":"4050.0 SAVARYN DRIVE SW","assessed_value":296500},{"address":"nan nan","assessed_value":73000},{"address":"3103.0 HILTON DRIVE NW","assessed_value":347500},{"address":"1820.0 RUTHERFORD ROAD SW","assessed_value":207000},{"address":"16808.0 121 STREET NW","assessed_value":522000},{"address":"11803.0 22 AVENUE SW","assessed_value":157500},{"address":"nan nan","assessed_value":12500},{"address":"13851.0 143 AVENUE NW","assessed_value":560000},{"address":"nan nan","assessed_value":13000},{"address":"nan nan","assessed_value":5500},{"address":"340.0 WINDERMERE ROAD NW","assessed_value":164500},{"address":"6079.0 MAYNARD WAY NW","assessed_value":199500},{"address":"9903.0 209 STREET NW","assessed_value":472500},{"address":"1208.0 30 AVENUE NW","assessed_value":417000},{"address":"5409.0 15 AVENUE SW","assessed_value":427000},{"address":"5442.0 CRABAPPLE LOOP SW","assessed_value":477000},{"address":"3607.0 167B AVENUE NW","assessed_value":537000},{"address":"9505.0 105 AVENUE NW","assessed_value":174500},{"address":"4032.0 8 STREET NW","assessed_value":1070000},{"address":"nan nan","assessed_value":11000},{"address":"nan nan","assessed_value":9000},{"address":"17108.0 71 STREET NW","assessed_value":606500},{"address":"nan nan","assessed_value":11500},{"address":"12045.0 22 AVENUE SW","assessed_value":146000},{"address":"nan nan","assessed_value":14500},{"address":"5305.0 19 AVENUE SW","assessed_value":694500},{"address":"21808.0 99 AVENUE NW","assessed_value":420000},{"address":"7503.0 GETTY GATE NW","assessed_value":305500},{"address":"7041.0 172A AVENUE NW","assessed_value":581000},{"address":"4912.0 TERWILLEGAR COMMON NW","assessed_value":292000},{"address":"1060.0 MCCONACHIE BOULEVARD NW","assessed_value":149500},{"address":"3705.0 CAMERON HEIGHTS PLACE NW","assessed_value":968500},{"address":"13608.0 163 AVENUE NW","assessed_value":619000},{"address":"6079.0 MAYNARD WAY NW","assessed_value":284000},{"address":"nan nan","assessed_value":11000},{"address":"nan nan","assessed_value":11500},{"address":"3917.0 AGAR COURT SW","assessed_value":685000},{"address":"1150.0 WINDERMERE WAY SW","assessed_value":337000},{"address":"11816.0 22 AVENUE SW","assessed_value":161000},{"address":"5964.0 EDMONDS CRESCENT NW","assessed_value":567000},{"address":"5312.0 20 AVENUE SW","assessed_value":521000},{"address":"21928.0 99A AVENUE NW","assessed_value":350000},{"address":"508.0 ALBANY WAY NW","assessed_value":177000},{"address":"6018.0 167C AVENUE NW","assessed_value":661500},{"address":"13915.0 165 AVENUE NW","assessed_value":614000},{"address":"7777.0 GETTY WYND NW","assessed_value":579500},{"address":"7208.0 156 STREET NW","assessed_value":1290500},{"address":"2308.0 71 STREET SW","assessed_value":485000},{"address":"17521.0 120 STREET NW","assessed_value":417500},{"address":"nan nan","assessed_value":12500},{"address":"1390.0 GRAYDON HILL WAY SW","assessed_value":878500},{"address":"10732.0 69 AVENUE NW","assessed_value":585500},{"address":"7343.0 SOUTH TERWILLEGAR DRIVE NW","assessed_value":198000},{"address":"12020.0 177 AVENUE NW","assessed_value":494500},{"address":"1423.0 164 STREET SW","assessed_value":641500},{"address":"nan nan","assessed_value":525500},{"address":"507.0 ALBANY WAY NW","assessed_value":261500},{"address":"7216.0 CARDINAL WAY SW","assessed_value":467000},{"address":"8420.0 218 STREET NW","assessed_value":704000},{"address":"2003.0 RABBIT HILL ROAD NW","assessed_value":393500},{"address":"8938.0 24 AVENUE SW","assessed_value":835000},{"address":"nan nan","assessed_value":13000},{"address":"1027.0 158 STREET SW","assessed_value":647000},{"address":"11926.0 64 STREET NW","assessed_value":382000},{"address":"9535.0 217 STREET NW","assessed_value":300500},{"address":"13509.0 162A AVENUE NW","assessed_value":608500},{"address":"nan nan","assessed_value":11000},{"address":"17641.0 60A STREET NW","assessed_value":460500},{"address":"14621.0 121 STREET NW","assessed_value":295500},{"address":"3362.0 WEIDLE WAY SW","assessed_value":397500},{"address":"4212.0 PROWSE WAY SW","assessed_value":403000},{"address":"8151.0 223 STREET NW","assessed_value":433000},{"address":"14808.0 125 STREET NW","assessed_value":206500},{"address":"5653.0 CRABAPPLE WAY SW","assessed_value":429000},{"address":"3710.0 ALLAN DRIVE SW","assessed_value":289000},{"address":"5327.0 164 AVENUE NW","assessed_value":636000},{"address":"3079.0 CARPENTER LANDING SW","assessed_value":627000},{"address":"22322.0 82 AVENUE NW","assessed_value":399500},{"address":"618.0 HOWATT DRIVE SW","assessed_value":1401000},{"address":"10523.0 123 STREET NW","assessed_value":315500},{"address":"nan nan","assessed_value":12500},{"address":"nan nan","assessed_value":9000},{"address":"13836.0 139 AVENUE NW","assessed_value":783000},{"address":"nan nan","assessed_value":12500},{"address":"2324.0 67A STREET SW","assessed_value":441500},{"address":"1080.0 MCCONACHIE BOULEVARD NW","assessed_value":166000},{"address":"21904.0 83 AVENUE NW","assessed_value":688000},{"address":"nan nan","assessed_value":8500},{"address":"nan nan","assessed_value":6000},{"address":"nan nan","assessed_value":8000},{"address":"nan nan","assessed_value":9000},{"address":"13203.0 24 STREET NE","assessed_value":2325000},{"address":"3030.0 CARPENTER LANDING SW","assessed_value":461500},{"address":"nan nan","assessed_value":6000},{"address":"nan nan","assessed_value":185000},{"address":"1504.0 30 AVENUE NW","assessed_value":568000},{"address":"2590.0 ANDERSON WAY SW","assessed_value":143500},{"address":"8412.0 218 STREET NW","assessed_value":726500},{"address":"nan nan","assessed_value":12000},{"address":"9535.0 217 STREET NW","assessed_value":310000},{"address":"4029.0 ORCHARDS DRIVE SW","assessed_value":233000},{"address":"7320.0 MORGAN ROAD NW","assessed_value":704000},{"address":"3315.0 KIDD CLOSE SW","assessed_value":649000},{"address":"3706.0 WESTCLIFF WAY SW","assessed_value":973000},{"address":"3935.0 6 STREET NW","assessed_value":375500},{"address":"2323.0 73 STREET SW","assessed_value":426500},{"address":"11808.0 22 AVENUE SW","assessed_value":161000},{"address":"3658.0 WEIDLE BEND SW","assessed_value":441500},{"address":"5616.0 GREENOUGH CAPE NW","assessed_value":515500},{"address":"2590.0 ANDERSON WAY SW","assessed_value":150500},{"address":"16722.0 40 STREET NW","assessed_value":366500},{"address":"1603.0 165 STREET SW","assessed_value":514000},{"address":"9903.0 209 STREET NW","assessed_value":219000},{"address":"nan nan","assessed_value":8500},{"address":"18135.0 75 STREET NW","assessed_value":429000},{"address":"16228.0 136 STREET NW","assessed_value":528500},{"address":"2623.0 BLUE JAY CLOSE NW","assessed_value":652500},{"address":"16016.0 11 AVENUE SW","assessed_value":471000},{"address":"9523.0 160 AVENUE NW","assessed_value":189500},{"address":"nan nan","assessed_value":5000},{"address":"2434.0 CASSIDY WAY SW","assessed_value":423500},{"address":"nan nan","assessed_value":5000},{"address":"9903.0 209 STREET NW","assessed_value":217500},{"address":"7130.0 ARMOUR LINK SW","assessed_value":600000},{"address":"1616.0 52 STREET SW","assessed_value":399500},{"address":"nan nan","assessed_value":9500},{"address":"7540.0 177 AVENUE NW","assessed_value":507000},{"address":"13023.0 206 STREET NW","assessed_value":504500},{"address":"nan nan","assessed_value":4500},{"address":"10005.0 154 STREET NW","assessed_value":77000},{"address":"12143.0 177 AVENUE NW","assessed_value":651500},{"address":"7432.0 GETTY WAY NW","assessed_value":616000},{"address":"nan nan","assessed_value":139000},{"address":"nan nan","assessed_value":6500},{"address":"3833.0 POWELL WYND SW","assessed_value":453500},{"address":"16906.0 62 STREET NW","assessed_value":663500},{"address":"17136.0 75 STREET NW","assessed_value":624000},{"address":"445.0 BRINTNELL BOULEVARD NW","assessed_value":313000},{"address":"5242.0 20 AVENUE SW","assessed_value":413000},{"address":"3710.0 ALLAN DRIVE SW","assessed_value":302000},{"address":"nan nan","assessed_value":12000},{"address":"1205.0 30 AVENUE NW","assessed_value":403500},{"address":"10228.0 155 STREET NW","assessed_value":395000},{"address":"7406.0 MAY COMMON NW","assessed_value":1108500},{"address":"4216.0 204 STREET NW","assessed_value":400000},{"address":"13838.0 166 AVENUE NW","assessed_value":314000},{"address":"3027.0 16 AVENUE NW","assessed_value":363500},{"address":"9505.0 105 AVENUE NW","assessed_value":127000},{"address":"2005.0 70 STREET SW","assessed_value":303000},{"address":"5728.0 19 AVENUE SW","assessed_value":701000},{"address":"17012.0 70 STREET NW","assessed_value":596500},{"address":"7513.0 20A AVENUE SW","assessed_value":570500},{"address":"15811.0 10 AVENUE SW","assessed_value":687000},{"address":"nan nan","assessed_value":11000},{"address":"nan nan","assessed_value":11000},{"address":"4516.0 ALWOOD WAY SW","assessed_value":381500},{"address":"549.0 175A STREET SW","assessed_value":367500},{"address":"1230.0 WINDERMERE WAY SW","assessed_value":204000},{"address":"2816.0 15 STREET NW","assessed_value":403500},{"address":"nan nan","assessed_value":7500},{"address":"17314.0 73 STREET NW","assessed_value":389000},{"address":"12715.0 124 STREET NW","assessed_value":403000},{"address":"2908.0 MAPLE WAY NW","assessed_value":399500},{"address":"13026.0 205 STREET NW","assessed_value":425000},{"address":"8104.0 217 STREET NW","assessed_value":561500},{"address":"10727.0 184 STREET NW","assessed_value":803500},{"address":"13810.0 166 AVENUE NW","assessed_value":304500},{"address":"nan nan","assessed_value":9000},{"address":"5505.0 EDWORTHY WAY NW","assessed_value":590500},{"address":"nan nan","assessed_value":11000},{"address":"1238.0 WINDERMERE WAY SW","assessed_value":193500},{"address":"2411.0 WARE CRESCENT NW","assessed_value":769000},{"address":"11612.0 126 STREET NW","assessed_value":466500},{"address":"9707.0 205 STREET NW","assessed_value":703000},{"address":"3713.0 167A AVENUE NW","assessed_value":497000},{"address":"9917.0 217 STREET NW","assessed_value":354500},{"address":"13240.0 166 AVENUE NW","assessed_value":634000},{"address":"nan nan","assessed_value":6000},{"address":"140.0 YOUVILLE DRIVE EAST NW","assessed_value":301500},{"address":"10126.0 89 STREET NW","assessed_value":681000},{"address":"3689.0 CLAXTON PLACE SW","assessed_value":558000},{"address":"nan nan","assessed_value":4500},{"address":"nan nan","assessed_value":4500},{"address":"17123.0 47 STREET NW","assessed_value":594500},{"address":"2129.0 52A STREET SW","assessed_value":431500},{"address":"nan nan","assessed_value":5000},{"address":"9535.0 217 STREET NW","assessed_value":300500},{"address":"3134.0 WINSPEAR CRESCENT SW","assessed_value":786500},{"address":"nan nan","assessed_value":8000},{"address":"nan nan","assessed_value":6000},{"address":"11803.0 22 AVENUE SW","assessed_value":130500},{"address":"1549.0 SECORD ROAD NW","assessed_value":496500},{"address":"1308.0 SECORD LANDING NW","assessed_value":656500},{"address":"2688.0 KIRKLAND LINK SW","assessed_value":602000},{"address":"nan nan","assessed_value":5000},{"address":"1350.0 WINDERMERE WAY SW","assessed_value":365000},{"address":"3426.0 WEIDLE WAY SW","assessed_value":415000},{"address":"11808.0 22 AVENUE SW","assessed_value":175500},{"address":"nan nan","assessed_value":525500},{"address":"nan nan","assessed_value":4500},{"address":"8310.0 108 STREET NW","assessed_value":319500},{"address":"nan nan","assessed_value":12000},{"address":"3911.0 CHERRY COVE SW","assessed_value":714500},{"address":"4908.0 ROPER ROAD NW","assessed_value":333500},{"address":"1514.0 27 AVENUE NW","assessed_value":435500},{"address":"13020.0 127 STREET NW","assessed_value":137000},{"address":"2003.0 RABBIT HILL ROAD NW","assessed_value":385000},{"address":"16724.0 61 STREET NW","assessed_value":616000},{"address":"13836.0 163 AVENUE NW","assessed_value":651500},{"address":"6079.0 MAYNARD WAY NW","assessed_value":277500},{"address":"12025.0 22 AVENUE SW","assessed_value":147500},{"address":"6129.0 167A AVENUE NW","assessed_value":592500},{"address":"2310.0 WARE CRESCENT NW","assessed_value":401000},{"address":"nan nan","assessed_value":11000},{"address":"16412.0 15 AVENUE SW","assessed_value":521500},{"address":"7159.0 CARDINAL WAY SW","assessed_value":418500},{"address":"7805.0 71 STREET NW","assessed_value":195000},{"address":"8359.0 ELLIS CRESCENT NW","assessed_value":557000},{"address":"412.0 OAK WOOD CRESCENT NW","assessed_value":137500},{"address":"3227.0 CAMERON HEIGHTS WAY NW","assessed_value":626000},{"address":"8804.0 218 STREET NW","assessed_value":691000},{"address":"1317.0 HAINSTOCK WAY SW","assessed_value":872500},{"address":"nan nan","assessed_value":6500},{"address":"20208.0 43 AVENUE NW","assessed_value":397000},{"address":"2725.0 SPARROW PLACE NW","assessed_value":385000},{"address":"1196.0 HYNDMAN ROAD NW","assessed_value":158000},{"address":"655.0 TAMARACK ROAD NW","assessed_value":290500},{"address":"17204.0 73 STREET NW","assessed_value":524000},{"address":"7975.0 ERASMUS CRESCENT NW","assessed_value":446000},{"address":"655.0 WATT BOULEVARD SW","assessed_value":295500},{"address":"1836.0 56 STREET SW","assessed_value":594500},{"address":"2463.0 WARE CRESCENT NW","assessed_value":574500},{"address":"nan nan","assessed_value":7500},{"address":"5488.0 CRABAPPLE LOOP SW","assessed_value":470000},{"address":"nan nan","assessed_value":6000},{"address":"2911.0 MAPLE WAY NW","assessed_value":606000},{"address":"11118.0 129 STREET NW","assessed_value":483500},{"address":"223.0 ALLARD BOULEVARD SW","assessed_value":420500},{"address":"1337.0 SECORD LANDING NW","assessed_value":542000},{"address":"2203.0 44 AVENUE NW","assessed_value":153500},{"address":"2353.0 WARE CRESCENT NW","assessed_value":531500},{"address":"nan nan","assessed_value":11500},{"address":"nan nan","assessed_value":11500},{"address":"546.0 175A STREET SW","assessed_value":445000},{"address":"3459.0 WEIDLE WAY SW","assessed_value":445500},{"address":"11507.0 125 STREET NW","assessed_value":450500},{"address":"nan nan","assessed_value":177500},{"address":"4408.0 PROWSE ROAD SW","assessed_value":415000},{"address":"nan nan","assessed_value":7500},{"address":"7261.0 ARMOUR CRESCENT SW","assessed_value":394500},{"address":"1636.0 CHAPMAN WAY SW","assessed_value":401500},{"address":"nan nan","assessed_value":8000},{"address":"522.0 ORCHARDS BOULEVARD SW","assessed_value":425000},{"address":"16412.0 133 STREET NW","assessed_value":686000},{"address":"10523.0 123 STREET NW","assessed_value":325000},{"address":"508.0 ALBANY WAY NW","assessed_value":173500},{"address":"21209.0 94 AVENUE NW","assessed_value":409500},{"address":"7044.0 NEWSON ROAD NW","assessed_value":693000},{"address":"1423.0 27 AVENUE NW","assessed_value":431000},{"address":"16031.0 11 AVENUE SW","assessed_value":506500},{"address":"5395.0 SCHONSEE DRIVE NW","assessed_value":618500},{"address":"1238.0 WINDERMERE WAY SW","assessed_value":232000},{"address":"1230.0 WINDERMERE WAY SW","assessed_value":216000},{"address":"nan nan","assessed_value":11500},{"address":"1404.0 27 AVENUE NW","assessed_value":419000},{"address":"6084.0 STANTON DRIVE SW","assessed_value":205000},{"address":"2113.0 BLUE JAY POINT NW","assessed_value":848000},{"address":"7179.0 MAY CRESCENT NW","assessed_value":1869500},{"address":"2632.0 BOWEN WAY SW","assessed_value":518000},{"address":"9524.0 212 STREET NW","assessed_value":419000},{"address":"nan nan","assessed_value":4500},{"address":"17339.0 11 AVENUE SW","assessed_value":629000},{"address":"2630.0 SIR ARTHUR CURRIE WAY NW","assessed_value":546500},{"address":"7409.0 COLONEL MEWBURN ROAD NW","assessed_value":475000},{"address":"nan nan","assessed_value":11500},{"address":"2803.0 JAMES MOWATT TRAIL SW","assessed_value":319500},{"address":"12771.0 118 STREET NW","assessed_value":390500},{"address":"6716.0 24 AVENUE SW","assessed_value":437500},{"address":"4205.0 GORESKY CLOSE NW","assessed_value":712000},{"address":"9603.0 41 AVENUE NW","assessed_value":480000},{"address":"7507.0 177 AVENUE NW","assessed_value":482500},{"address":"1122.0 SECORD PROMENADE NW","assessed_value":530000},{"address":"3335.0 14 AVENUE NW","assessed_value":422000},{"address":"17550.0 60A STREET NW","assessed_value":513500},{"address":"17821.0 5A AVENUE SW","assessed_value":496500},{"address":"10335.0 149 STREET NW","assessed_value":392000},{"address":"nan nan","assessed_value":4500},{"address":"1150.0 WINDERMERE WAY SW","assessed_value":331500},{"address":"1636.0 165 STREET SW","assessed_value":563500},{"address":"2106.0 BLUE JAY POINT NW","assessed_value":581500},{"address":"7752.0 GETTY WYND NW","assessed_value":658500},{"address":"3083.0 KESWICK WAY SW","assessed_value":423500},{"address":"614.0 175A STREET SW","assessed_value":382000},{"address":"1150.0 WINDERMERE WAY SW","assessed_value":356500},{"address":"1727.0 52 STREET SW","assessed_value":383500},{"address":"5003.0 GODSON COURT NW","assessed_value":567500},{"address":"7343.0 SOUTH TERWILLEGAR DRIVE NW","assessed_value":191000},{"address":"3710.0 ALLAN DRIVE SW","assessed_value":303000},{"address":"5508.0 15 AVENUE SW","assessed_value":404000},{"address":"10260.0 158 STREET NW","assessed_value":532500},{"address":"5116.0 GODSON CLOSE NW","assessed_value":463500},{"address":"5317.0 3 AVENUE SW","assessed_value":323000},{"address":"10611.0 117 STREET NW","assessed_value":224000},{"address":"15140.0 16 STREET NW","assessed_value":586500},{"address":"3706.0 KIDD CRESCENT SW","assessed_value":650000},{"address":"7359.0 EDGEMONT WAY NW","assessed_value":406000},{"address":"1196.0 HYNDMAN ROAD NW","assessed_value":159000},{"address":"3980.0 KENNEDY CRESCENT SW","assessed_value":882500},{"address":"534.0 WATT BOULEVARD SW","assessed_value":156000},{"address":"nan nan","assessed_value":11500},{"address":"265.0 FRASER WAY NW","assessed_value":521000},{"address":"nan nan","assessed_value":8500},{"address":"16256.0 134 STREET NW","assessed_value":571500},{"address":"nan nan","assessed_value":11000},{"address":"3254.0 ABBOTT CRESCENT SW","assessed_value":532000},{"address":"1910.0 57 STREET SW","assessed_value":409000},{"address":"nan nan","assessed_value":11000},{"address":"7021.0 172A AVENUE NW","assessed_value":621500},{"address":"5129.0 WOOLSEY LINK NW","assessed_value":1295000},{"address":"13809.0 138 AVENUE NW","assessed_value":398000},{"address":"2817.0 15 STREET NW","assessed_value":399000},{"address":"2045.0 GRANTHAM COURT NW","assessed_value":217500},{"address":"1006.0 162 STREET SW","assessed_value":419500},{"address":"1443.0 WATT DRIVE SW","assessed_value":633000},{"address":"655.0 TAMARACK ROAD NW","assessed_value":294500},{"address":"1335.0 ADAMSON DRIVE SW","assessed_value":694500},{"address":"1719.0 52 STREET SW","assessed_value":383500},{"address":"3305.0 HILTON CRESCENT NW","assessed_value":546500},{"address":"4050.0 SAVARYN DRIVE SW","assessed_value":304000},{"address":"119.0 RAPPERSWILL DRIVE NW","assessed_value":746500},{"address":"9903.0 209 STREET NW","assessed_value":215000},{"address":"7429.0 COLONEL MEWBURN ROAD NW","assessed_value":616500},{"address":"17303.0 75 STREET NW","assessed_value":606500},{"address":"17516.0 8 AVENUE SW","assessed_value":410000},{"address":"3248.0 15 AVENUE NW","assessed_value":641500},{"address":"17915.0 74 STREET NW","assessed_value":612000},{"address":"4944.0 ROPER ROAD NW","assessed_value":261000},{"address":"648.0 HOWATT DRIVE SW","assessed_value":1422000},{"address":"5080.0 EDGEMONT BOULEVARD NW","assessed_value":500},{"address":"3139.0 ALLAN LANDING SW","assessed_value":924000},{"address":"4111.0 CAMERON HEIGHTS POINT NW","assessed_value":2008500},{"address":"5683.0 CRABAPPLE WAY SW","assessed_value":367500},{"address":"1506.0 AINSLIE PLACE SW","assessed_value":687500},{"address":"1461.0 WATT DRIVE SW","assessed_value":583500},{"address":"1643.0 CHAPMAN WAY SW","assessed_value":431500},{"address":"nan nan","assessed_value":6000},{"address":"6084.0 STANTON DRIVE SW","assessed_value":188500},{"address":"9034.0 ROSENTHAL LINK NW","assessed_value":367500},{"address":"3223.0 WINSPEAR CRESCENT SW","assessed_value":680000},{"address":"nan nan","assessed_value":8000},{"address":"nan nan","assessed_value":138000},{"address":"nan nan","assessed_value":6000},{"address":"13838.0 166 AVENUE NW","assessed_value":313500},{"address":"1070.0 MCCONACHIE BOULEVARD NW","assessed_value":180000},{"address":"3411.0 PARKER LOOP SW","assessed_value":561000},{"address":"9502.0 102 AVENUE NW","assessed_value":435500},{"address":"13020.0 127 STREET NW","assessed_value":128500},{"address":"nan nan","assessed_value":11500},{"address":"5383.0 CRABAPPLE LOOP SW","assessed_value":406500},{"address":"460.0 HEMINGWAY ROAD NW","assessed_value":290500},{"address":"11803.0 22 AVENUE SW","assessed_value":159000},{"address":"1230.0 WINDERMERE WAY SW","assessed_value":212000},{"address":"3037.0 CARPENTER LANDING SW","assessed_value":538500},{"address":"nan nan","assessed_value":6000},{"address":"5122.0 CORVETTE STREET NW","assessed_value":600000},{"address":"12249.0 173A AVENUE NW","assessed_value":431000},{"address":"11803.0 22 AVENUE SW","assessed_value":164000},{"address":"7317.0 ARMOUR CRESCENT SW","assessed_value":389500},{"address":"7289.0 SOUTH TERWILLEGAR NW","assessed_value":300500},{"address":"7046.0 172A AVENUE NW","assessed_value":726500},{"address":"9535.0 217 STREET NW","assessed_value":303500},{"address":"nan nan","assessed_value":11000},{"address":"340.0 WINDERMERE ROAD NW","assessed_value":172000},{"address":"9424.0 211 STREET NW","assessed_value":473500},{"address":"10005.0 154 STREET NW","assessed_value":91000},{"address":"3076.0 CARPENTER LANDING SW","assessed_value":594000},{"address":"13838.0 166 AVENUE NW","assessed_value":262500},{"address":"3398.0 WEIDLE WAY SW","assessed_value":424500},{"address":"2445.0 GLENRIDDING BOULEVARD SW","assessed_value":381000},{"address":"2203.0 44 AVENUE NW","assessed_value":218000},{"address":"2370.0 WARE CRESCENT NW","assessed_value":524500},{"address":"7386.0 MAY COMMON NW","assessed_value":900000},{"address":"12837.0 205 STREET NW","assessed_value":423500},{"address":"11803.0 22 AVENUE SW","assessed_value":121500},{"address":"3625.0 144 AVENUE NW","assessed_value":281000},{"address":"11812.0 22 AVENUE SW","assessed_value":181500},{"address":"2045.0 GRANTHAM COURT NW","assessed_value":257500},{"address":"16743.0 62 STREET NW","assessed_value":671000},{"address":"nan nan","assessed_value":12000},{"address":"801.0 TAMARACK WAY NW","assessed_value":10567000},{"address":"2903.0 16 STREET NW","assessed_value":523000},{"address":"239.0 EBBERS BOULEVARD NW","assessed_value":471500},{"address":"1935.0 AINSLIE LINK SW","assessed_value":655500},{"address":"6717.0 23 AVENUE SW","assessed_value":410000},{"address":"5223.0 20 AVENUE SW","assessed_value":416000},{"address":"1150.0 WINDERMERE WAY SW","assessed_value":337000},{"address":"1930.0 ADAMSON TERRACE SW","assessed_value":665500},{"address":"3609.0 PARKER CLOSE SW","assessed_value":623000},{"address":"2167.0 67 STREET SW","assessed_value":427000},{"address":"2424.0 ASHCRAFT CRES SW","assessed_value":809000},{"address":"1432.0 33B STREET NW","assessed_value":419000},{"address":"14808.0 125 STREET NW","assessed_value":206500},{"address":"nan nan","assessed_value":11000},{"address":"7374.0 EDGEMONT WAY NW","assessed_value":385500},{"address":"605.0 HOWATT DRIVE SW","assessed_value":1120000},{"address":"636.0 177 STREET SW","assessed_value":727000},{"address":"9851.0 223 STREET NW","assessed_value":728500},{"address":"16812.0 64 STREET NW","assessed_value":424000},{"address":"20604.0 97 AVENUE NW","assessed_value":486000},{"address":"1070.0 MCCONACHIE BOULEVARD NW","assessed_value":187500},{"address":"1115.0 SECORD PROMENADE NW","assessed_value":548500},{"address":"2045.0 GRANTHAM COURT NW","assessed_value":285500},{"address":"2045.0 GRANTHAM COURT NW","assessed_value":175000},{"address":"12156.0 177 AVENUE NW","assessed_value":530000},{"address":"1196.0 HYNDMAN ROAD NW","assessed_value":142000},{"address":"13540.0 164 AVENUE NW","assessed_value":492000},{"address":"10802.0 83 AVENUE NW","assessed_value":325500},{"address":"4850.0 TERWILLEGAR COMMON NW","assessed_value":292500},{"address":"16644.0 71 STREET NW","assessed_value":665500},{"address":"3137.0 ALLAN LANDING SW","assessed_value":682000},{"address":"2373.0 WARE CRESCENT NW","assessed_value":457000},{"address":"5412.0 GREENOUGH BAY NW","assessed_value":667500},{"address":"16239.0 139 STREET NW","assessed_value":593500},{"address":"nan nan","assessed_value":12000},{"address":"7428.0 179 AVENUE NW","assessed_value":601000},{"address":"622.0 EBBERS COURT NW","assessed_value":733500},{"address":"2423.0 GLENRIDDING BOULEVARD SW","assessed_value":392000},{"address":"2590.0 ANDERSON WAY SW","assessed_value":152500},{"address":"8816.0 218 STREET NW","assessed_value":666000},{"address":"3662.0 WESTCLIFF WAY SW","assessed_value":1225000},{"address":"nan nan","assessed_value":11000},{"address":"3311.0 101 STREET SW","assessed_value":2926000},{"address":"nan nan","assessed_value":12000},{"address":"1314.0 SECORD LANDING NW","assessed_value":567500},{"address":"4203.0 PROWSE WAY SW","assessed_value":457000},{"address":"20212.0 42 AVENUE NW","assessed_value":435500},{"address":"21611.0 87 AVENUE NW","assessed_value":671000},{"address":"9743.0 205 STREET NW","assessed_value":678000},{"address":"14808.0 125 STREET NW","assessed_value":158500},{"address":"15839.0 11 AVENUE SW","assessed_value":650000},{"address":"nan nan","assessed_value":7500},{"address":"nan nan","assessed_value":11000},{"address":"1614.0 52 STREET SW","assessed_value":448500},{"address":"8411.0 216 STREET NW","assessed_value":502500},{"address":"1238.0 WINDERMERE WAY SW","assessed_value":202000},{"address":"8124.0 224 STREET NW","assessed_value":492000},{"address":"867.0 CRYSTALLINA NERA WAY NW","assessed_value":379000},{"address":"3811.0 POWELL WYND SW","assessed_value":367000},{"address":"1804.0 70 STREET SW","assessed_value":289000},{"address":"14831.0 103 AVENUE NW","assessed_value":509500},{"address":"4432.0 PROWSE ROAD SW","assessed_value":405000},{"address":"10984.0 122 STREET NW","assessed_value":614000},{"address":"508.0 ALBANY WAY NW","assessed_value":191500},{"address":"7116.0 ARMOUR LINK SW","assessed_value":564500},{"address":"7727.0 181 AVENUE NW","assessed_value":466000},{"address":"nan nan","assessed_value":7500},{"address":"5827.0 MULLEN PLACE NW","assessed_value":406500},{"address":"nan nan","assessed_value":8500},{"address":"nan nan","assessed_value":4500},{"address":"nan nan","assessed_value":7500},{"address":"3911.0 KENNEDY CRESCENT SW","assessed_value":719500},{"address":"1196.0 HYNDMAN ROAD NW","assessed_value":168500},{"address":"nan nan","assessed_value":5000},{"address":"nan nan","assessed_value":8500},{"address":"613.0 HOWATT DRIVE SW","assessed_value":284000},{"address":"7618.0 20A AVENUE SW","assessed_value":606500},{"address":"3208.0 16 AVENUE NW","assessed_value":513500},{"address":"1629.0 CUNNINGHAM WAY SW","assessed_value":322000},{"address":"nan nan","assessed_value":5000},{"address":"12116.0 177 AVENUE NW","assessed_value":548000},{"address":"508.0 ALBANY WAY","assessed_value":189000},{"address":"nan nan","assessed_value":5000},{"address":"1332.0 AINSLIE WYND SW","assessed_value":859500},{"address":"nan nan","assessed_value":11000},{"address":"581.0 GRIESBACH PARADE NW","assessed_value":6292000},{"address":"1376.0 158 STREET SW","assessed_value":646500},{"address":"3616.0 167B AVENUE NW","assessed_value":502000},{"address":"17867.0 8 AVENUE SW","assessed_value":677000},{"address":"16235.0 51 STREET NW","assessed_value":164500},{"address":"6084.0 STANTON DRIVE NW","assessed_value":146500},{"address":"13833.0 138 AVENUE NW","assessed_value":461500},{"address":"16251.0 134 STREET NW","assessed_value":665500},{"address":"4850.0 TERWILLEGAR COMMON NW","assessed_value":224000},{"address":"607.0 EBBERS COURT NW","assessed_value":540000},{"address":"2005.0 70 STREET SW","assessed_value":329500},{"address":"2323.0 71 STREET SW","assessed_value":477000},{"address":"5317.0 3 AVENUE SW","assessed_value":322500},{"address":"1079.0 WATT PROMENADE SW","assessed_value":407000},{"address":"655.0 TAMARACK ROAD NW","assessed_value":292000},{"address":"3924.0 KENNEDY CRESCENT SW","assessed_value":792500},{"address":"508.0 ALBANY WAY NW","assessed_value":177000},{"address":"513.0 HILLCREST POINT NW","assessed_value":2245500},{"address":"659.0 SECORD BOULEVARD NW","assessed_value":493000},{"address":"5626.0 JUCHLI AVENUE NW","assessed_value":506000},{"address":"nan nan","assessed_value":587000},{"address":"2588.0 ANDERSON WAY SW","assessed_value":155000},{"address":"111.0 RAPPERSWILL DRIVE NW","assessed_value":553000},{"address":"13927.0 165 AVENUE NW","assessed_value":607000},{"address":"13803.0 142 AVENUE NW","assessed_value":521000},{"address":"4050.0 SAVARYN DRIVE SW","assessed_value":307000},{"address":"9414.0 156 STREET NW","assessed_value":415500},{"address":"5107.0 GODSON CLOSE NW","assessed_value":407500},{"address":"15406.0 109 AVENUE NW","assessed_value":408000},{"address":"nan nan","assessed_value":11000},{"address":"1422.0 27 AVENUE NW","assessed_value":404500},{"address":"2045.0 GRANTHAM COURT NW","assessed_value":271500},{"address":"4404.0 WESTCLIFF CLOSE SW","assessed_value":1168000},{"address":"3929.0 167A AVENUE NW","assessed_value":401500},{"address":"2045.0 GRANTHAM COURT NW","assessed_value":266000},{"address":"9740.0 222 STREET NW","assessed_value":718000},{"address":"nan nan","assessed_value":13000}]