[{"address":"2628.0 MILL WOODS ROAD EAST NW","assessed_value":100000},{"address":"3007.0 35 STREET NW","assessed_value":126500},{"address":"9942.0 154 STREET NW","assessed_value":673500},{"address":"nan nan","assessed_value":5500},{"address":"16610.0 93A AVENUE NW","assessed_value":352000},{"address":"9155.0 179 AVENUE NW","assessed_value":342000},{"address":"8714.0 160 STREET NW","assessed_value":435000},{"address":"363.0 KIRKPATRICK CRESCENT NW","assessed_value":295500},{"address":"8600.0 158 STREET NW","assessed_value":402500},{"address":"11115.0 80 AVENUE NW","assessed_value":230000},{"address":"12121.0 JASPER AVENUE NW","assessed_value":104500},{"address":"10175.0 114 STREET NW","assessed_value":116000},{"address":"21150.0 34 STREET NW","assessed_value":49500},{"address":"14904.0 43 AVENUE NW","assessed_value":321000},{"address":"15001.0 86 AVENUE NW","assessed_value":430500},{"address":"16313.0 87 AVENUE NW","assessed_value":320000},{"address":"8327.0 165 STREET NW","assessed_value":357000},{"address":"871.0 WANYANDI ROAD NW","assessed_value":694000},{"address":"2805.0 66 STREET SW","assessed_value":8178000},{"address":"12103.0 93 STREET NW","assessed_value":31500},{"address":"7112.0 187A STREET NW","assessed_value":435500},{"address":"1219.0 104 STREET NW","assessed_value":421000},{"address":"7610.0 153 STREET NW","assessed_value":579500},{"address":"3115.0 119 STREET NW","assessed_value":214000},{"address":"17807.0 94 STREET NW","assessed_value":479500},{"address":"17903.0 92 STREET NW","assessed_value":383500},{"address":"6812.0 152B AVENUE NW","assessed_value":380500},{"address":"15626.0 79A AVENUE NW","assessed_value":459000},{"address":"2028.0 108 STREET NW","assessed_value":355000},{"address":"9620.0 153 STREET NW","assessed_value":415500},{"address":"17520.0 92 STREET NW","assessed_value":396000},{"address":"16103.0 84 AVENUE NW","assessed_value":357500},{"address":"8115.0 169 STREET NW","assessed_value":349500},{"address":"nan nan","assessed_value":5500},{"address":"9520.0 180A AVENUE NW","assessed_value":400500},{"address":"1036.0 107 STREET NW","assessed_value":417500},{"address":"18240.0 84 AVENUE NW","assessed_value":120500},{"address":"14808.0 26 STREET NW","assessed_value":4500},{"address":"8142.0 150 STREET NW","assessed_value":408500},{"address":"8505.0 150 STREET NW","assessed_value":434500},{"address":"12009.0 162 AVENUE NW","assessed_value":181500},{"address":"18038.0 96 AVENUE NW","assessed_value":195500},{"address":"9708.0 150 STREET NW","assessed_value":406500},{"address":"8616.0 156 STREET NW","assessed_value":385500},{"address":"15205.0 85 AVENUE NW","assessed_value":393500},{"address":"7531.0 152C AVENUE NW","assessed_value":399000},{"address":"4520.0 151 STREET NW","assessed_value":341500},{"address":"15805.0 83 AVENUE NW","assessed_value":411000},{"address":"11908.0 140 AVENUE NW","assessed_value":324500},{"address":"7223.0 152B AVENUE NW","assessed_value":376000},{"address":"1503.0 MILL WOODS ROAD EAST NW","assessed_value":151500},{"address":"8306.0 153 STREET NW","assessed_value":373000},{"address":"9818.0 154 STREET NW","assessed_value":691000},{"address":"8351.0 151 STREET NW","assessed_value":447000},{"address":"6715.0 76 AVENUE NW","assessed_value":3645500},{"address":"2015.0 108 STREET NW","assessed_value":363000},{"address":"15805.0 100A AVENUE NW","assessed_value":255500},{"address":"283.0 LAGO LINDO CRESCENT NW","assessed_value":410000},{"address":"17132.0 103 STREET NW","assessed_value":191500},{"address":"15914.0 88B AVENUE NW","assessed_value":379500},{"address":"12841.0 65 STREET NW","assessed_value":61000},{"address":"1918.0 108 STREET NW","assessed_value":469500},{"address":"16901.0 95 AVENUE NW","assessed_value":350500},{"address":"9517.0 184 STREET NW","assessed_value":281000},{"address":"17716.0 93 STREET NW","assessed_value":395000},{"address":"15300.0 82 AVENUE NW","assessed_value":453500},{"address":"10149.0 SASKATCHEWAN DRIVE NW","assessed_value":173500},{"address":"10175.0 114 STREET NW","assessed_value":110000},{"address":"7219.0 180 STREET NW","assessed_value":187500},{"address":"175.0 WESTRIDGE ROAD NW","assessed_value":500500},{"address":"7527.0 152B AVENUE NW","assessed_value":336500},{"address":"15731.0 87 AVENUE NW","assessed_value":357500},{"address":"23003.0 112 AVENUE NW","assessed_value":2367000},{"address":"10819.0 127 STREET NW","assessed_value":427500},{"address":"6323.0 172 STREET NW","assessed_value":103500},{"address":"1904.0 48 STREET NW","assessed_value":209500},{"address":"2115.0 118 STREET NW","assessed_value":186500},{"address":"11848.0 87 STREET NW","assessed_value":75500},{"address":"18803.0 72 AVENUE NW","assessed_value":356000},{"address":"10330.0 116 STREET NW","assessed_value":98500},{"address":"21104.0 107 AVENUE NW","assessed_value":1800000},{"address":"14903.0 92 AVENUE NW","assessed_value":115500},{"address":"123.0 KIRKWOOD WAY NW","assessed_value":339500},{"address":"nan nan","assessed_value":5500},{"address":"15718.0 84 AVENUE NW","assessed_value":423500},{"address":"8920.0 155 STREET NW","assessed_value":353000},{"address":"11624.0 124 STREET NW","assessed_value":97000},{"address":"18204.0 137 AVENUE NW","assessed_value":15000},{"address":"15705.0 95 AVENUE NW","assessed_value":349000},{"address":"13.0 HUNTINGTON HILL NW","assessed_value":160000},{"address":"18609.0 54 AVENUE NW","assessed_value":314500},{"address":"3221.0 119 STREET NW","assessed_value":233000},{"address":"18445.0 66 AVENUE NW","assessed_value":208000},{"address":"14204.0 140 STREET NW","assessed_value":609000},{"address":"18920.0 80 AVENUE NW","assessed_value":424500},{"address":"10740.0 UNIVERSITY AVENUE NW","assessed_value":143500},{"address":"9917.0 110 STREET NW","assessed_value":166000},{"address":"8712.0 163 STREET NW","assessed_value":401500},{"address":"9327.0 167A AVENUE NW","assessed_value":309500},{"address":"16617.0 90 AVENUE NW","assessed_value":363500},{"address":"16130.0 90 AVENUE NW","assessed_value":391500},{"address":"336.0 WESTRIDGE ROAD NW","assessed_value":555000},{"address":"4341.0 RIVERBEND ROAD NW","assessed_value":254000},{"address":"9120.0 175 AVENUE NW","assessed_value":397500},{"address":"9408.0 149 STREET NW","assessed_value":78500},{"address":"15417.0 79A AVENUE NW","assessed_value":376000},{"address":"3218.0 36 STREET NW","assessed_value":357500},{"address":"17036.0 100 STREET NW","assessed_value":188000},{"address":"7807.0 162 STREET NW","assessed_value":450500},{"address":"21203.0 109 AVENUE NW","assessed_value":1031500},{"address":"9803.0 165 STREET NW","assessed_value":1000},{"address":"7323.0 190 STREET NW","assessed_value":379500},{"address":"3419.0 48 STREET NW","assessed_value":168000},{"address":"9809.0 159 STREET NW","assessed_value":316000},{"address":"nan nan","assessed_value":8000},{"address":"10011.0 123 STREET NW","assessed_value":219500},{"address":"10205.0 158 AVENUE NW","assessed_value":198500},{"address":"9807.0 167 STREET NW","assessed_value":339500},{"address":"7761.0 16 STREET NW","assessed_value":427500},{"address":"15212.0 85 STREET NW","assessed_value":435500},{"address":"9227.0 150 STREET NW","assessed_value":443500},{"address":"8736.0 153 STREET NW","assessed_value":330000},{"address":"411.0 167 AVENUE NW","assessed_value":543000},{"address":"7304.0 183B STREET NW","assessed_value":344500},{"address":"9321.0 150 STREET NW","assessed_value":327500},{"address":"8942.0 154 STREET NW","assessed_value":327500},{"address":"9828.0 164 STREET NW","assessed_value":353000},{"address":"18824.0 80 AVENUE NW","assessed_value":465000},{"address":"3531.0 41 AVENUE NW","assessed_value":426500},{"address":"15225.0 83 STREET NW","assessed_value":389000},{"address":"9317.0 168 STREET NW","assessed_value":384500},{"address":"nan nan","assessed_value":8000},{"address":"16403.0 10 STREET NW","assessed_value":1500},{"address":"15935.0 18 STREET NW","assessed_value":1500},{"address":"18910.0 74 AVENUE NW","assessed_value":332000},{"address":"16109.0 88 AVENUE NW","assessed_value":399500},{"address":"17820.0 98 AVENUE NW","assessed_value":131000},{"address":"2624.0 MILL WOODS ROAD EAST NW","assessed_value":114000},{"address":"16612.0 78 AVENUE NW","assessed_value":694500},{"address":"10045.0 117 STREET NW","assessed_value":122000},{"address":"10033.0 89 AVENUE NW","assessed_value":208500},{"address":"9201.0 169 STREET NW","assessed_value":407000},{"address":"8003.0 160 STREET NW","assessed_value":305000},{"address":"9142.0 153 STREET NW","assessed_value":358000},{"address":"11824.0 86 STREET NW","assessed_value":73500},{"address":"10453.0 20 AVENUE NW","assessed_value":206000},{"address":"9305.0 168 STREET NW","assessed_value":467500},{"address":"14916.0 26 STREET NW","assessed_value":61000},{"address":"8326.0 158 AVENUE NW","assessed_value":318500},{"address":"12841.0 65 STREET NW","assessed_value":62000},{"address":"9646.0 162 STREET NW","assessed_value":287000},{"address":"9244.0 151 STREET NW","assessed_value":307500},{"address":"8101.0 GATEWAY BOULEVARD NW","assessed_value":969500},{"address":"16714.0 80 AVENUE NW","assessed_value":339500},{"address":"4125.0 41 STREET NW","assessed_value":381500},{"address":"944.0 RICE ROAD NW","assessed_value":675000},{"address":"9533.0 180 AVENUE NW","assessed_value":13000},{"address":"16432.0 99A AVENUE NW","assessed_value":372500},{"address":"15208.0 75 AVENUE NW","assessed_value":1319500},{"address":"12121.0 JASPER AVENUE NW","assessed_value":76000},{"address":"nan nan","assessed_value":8000},{"address":"9935.0 154 STREET NW","assessed_value":410000},{"address":"10145.0 121 STREET NW","assessed_value":116500},{"address":"10721.0 116 STREET NW","assessed_value":100500},{"address":"nan nan","assessed_value":8000},{"address":"503.0 HEGLER CRESCENT NW","assessed_value":675500},{"address":"7909.0 83 AVENUE NW","assessed_value":339000},{"address":"10424.0 29A AVENUE NW","assessed_value":355500},{"address":"145.0 KINISKI CRESCENT NW","assessed_value":448500},{"address":"nan nan","assessed_value":7000},{"address":"8323.0 166 STREET NW","assessed_value":410500},{"address":"2908.0 116A AVENUE NW","assessed_value":82000},{"address":"624.0 WOLF WILLOW ROAD NW","assessed_value":611000},{"address":"15116.0 45 AVENUE NW","assessed_value":312500},{"address":"8534.0 89 STREET NW","assessed_value":394000},{"address":"2624.0 MILL WOODS ROAD EAST NW","assessed_value":104500},{"address":"8802.0 160 STREET NW","assessed_value":381500},{"address":"15244.0 74 STREET NW","assessed_value":419000},{"address":"8014.0 160 STREET NW","assessed_value":289000},{"address":"15623.0 80 STREET NW","assessed_value":413000},{"address":"4810.0 MILL WOODS ROAD SOUTH NW","assessed_value":139000},{"address":"2904.0 244 AVENUE NE","assessed_value":0},{"address":"9706.0 162 STREET NW","assessed_value":294500},{"address":"1503.0 MILL WOODS ROAD EAST NW","assessed_value":138500},{"address":"8820.0 152B AVENUE NW","assessed_value":42000},{"address":"16835.0 98 AVENUE NW","assessed_value":416000},{"address":"126.0 HEALY ROAD NW","assessed_value":563000},{"address":"9541.0 108A AVENUE NW","assessed_value":4497000},{"address":"2604.0 139 AVENUE NW","assessed_value":100000},{"address":"9005.0 168 STREET NW","assessed_value":387000},{"address":"1820.0 56 STREET NW","assessed_value":189000},{"address":"nan nan","assessed_value":5500},{"address":"237.0 RHATIGAN ROAD WEST NW","assessed_value":552000},{"address":"11003.0 224 STREET NW","assessed_value":752000},{"address":"8802.0 MEADOWLARK ROAD NW","assessed_value":374500},{"address":"10920.0 WINTERBURN ROAD NW","assessed_value":3974000},{"address":"1903.0 SADDLEBACK ROAD NW","assessed_value":170000},{"address":"199.0 KINISKI CRESCENT NW","assessed_value":337500},{"address":"7719.0 155 STREET NW","assessed_value":629000},{"address":"12036.0 66 STREET NW","assessed_value":60000},{"address":"10829.0 117 STREET NW","assessed_value":116000},{"address":"4403.0 RIVERBEND ROAD NW","assessed_value":218500},{"address":"212.0 WESTRIDGE ROAD NW","assessed_value":515500},{"address":"8408.0 156 STREET NW","assessed_value":362500},{"address":"8806.0 MEADOWLARK ROAD NW","assessed_value":370500},{"address":"14777.0 25 STREET NW","assessed_value":181500},{"address":"11121.0 157A AVENUE NW","assessed_value":341000},{"address":"15705.0 84 STREET NW","assessed_value":309000},{"address":"8725.0 162 STREET NW","assessed_value":415500},{"address":"3007.0 35 STREET NW","assessed_value":128000},{"address":"3111.0 142 AVENUE NW","assessed_value":145500},{"address":"10439.0 13 AVENUE NW","assessed_value":460000},{"address":"1945.0 105 STREET NW","assessed_value":93500},{"address":"nan nan","assessed_value":8000},{"address":"9636.0 150 STREET NW","assessed_value":416500},{"address":"16725.0 106 STREET NW","assessed_value":202500},{"address":"10442.0 10A AVENUE NW","assessed_value":546500},{"address":"23504.0 50 STREET NW","assessed_value":48000},{"address":"15403.0 81 AVENUE NW","assessed_value":443500},{"address":"2204.0 118 STREET NW","assessed_value":198500},{"address":"9348.0 158 STREET NW","assessed_value":469000},{"address":"50.0 KINISKI CRESCENT NW","assessed_value":299000},{"address":"1161.0 WEBBER GREENS DRIVE NW","assessed_value":261000},{"address":"17505.0 107 AVENUE NW","assessed_value":1045500},{"address":"10045.0 117 STREET NW","assessed_value":112500},{"address":"3519.0 41 AVENUE NW","assessed_value":328500},{"address":"4603.0 72 AVENUE NW","assessed_value":1500},{"address":"11826.0 100 AVENUE NW","assessed_value":2092000},{"address":"20104.0 106 AVENUE NW","assessed_value":1219500},{"address":"1904.0 48 STREET NW","assessed_value":180500},{"address":"9308.0 180A AVENUE NW","assessed_value":314000},{"address":"12722.0 122 STREET NW","assessed_value":223500},{"address":"15226.0 83 AVENUE NW","assessed_value":407500},{"address":"18819.0 73 AVENUE NW","assessed_value":313000},{"address":"2566.0 79 STREET NW","assessed_value":183000},{"address":"10511.0 19 AVENUE NW","assessed_value":125500},{"address":"275.0 HEATH ROAD NW","assessed_value":591000},{"address":"16506.0 92A AVENUE NW","assessed_value":381000},{"address":"13806.0 24 STREET NW","assessed_value":102000},{"address":"15210.0 82 AVENUE NW","assessed_value":400500},{"address":"764.0 SADDLEBACK ROAD NW","assessed_value":229000},{"address":"7604.0 29 AVENUE NW","assessed_value":159000},{"address":"nan nan","assessed_value":8000},{"address":"323.0 WESTRIDGE ROAD NW","assessed_value":718000},{"address":"7824.0 152B AVENUE NW","assessed_value":390500},{"address":"2204.0 114 STREET NW","assessed_value":250500},{"address":"13167.0 159 STREET NW","assessed_value":245500},{"address":"234.0 RHATIGAN ROAD WEST NW","assessed_value":614500},{"address":"nan nan","assessed_value":5500},{"address":"2204.0 118 STREET NW","assessed_value":158500},{"address":"503.0 199 STREET SW","assessed_value":121000},{"address":"10145.0 121 STREET NW","assessed_value":85500},{"address":"8728.0 164A STREET NW","assessed_value":345500},{"address":"14820.0 45 AVENUE NW","assessed_value":270000},{"address":"18110.0 7 AVENUE SW","assessed_value":1042500},{"address":"10920.0 124 STREET NW","assessed_value":92000},{"address":"14916.0 96 AVENUE NW","assessed_value":420500},{"address":"10011.0 123 STREET NW","assessed_value":241000},{"address":"9521.0 178 AVENUE NW","assessed_value":372000},{"address":"17415.0 92 AVENUE NW","assessed_value":234500},{"address":"13833.0 30 STREET NW","assessed_value":182000},{"address":"1411.0 MILL WOODS ROAD EAST NW","assessed_value":165500},{"address":"18904.0 82 AVENUE NW","assessed_value":403500},{"address":"7612.0 153 STREET NW","assessed_value":488500},{"address":"13731.0 142 STREET NW","assessed_value":27500},{"address":"15714.0 90 AVENUE NW","assessed_value":414000},{"address":"16619.0 83 AVENUE NW","assessed_value":83500},{"address":"9802.0 162 STREET NW","assessed_value":723000},{"address":"550.0 WOLF WILLOW ROAD NW","assessed_value":565000},{"address":"10145.0 121 STREET NW","assessed_value":102500},{"address":"10746.0 178 STREET NW","assessed_value":351000},{"address":"12031.0 162 AVENUE NW","assessed_value":191000},{"address":"2936.0 36 STREET NW","assessed_value":186000},{"address":"7319.0 158 STREET NW","assessed_value":628000},{"address":"9832.0 154 STREET NW","assessed_value":443000},{"address":"4103.0 38 STREET NW","assessed_value":343500},{"address":"3627.0 30 AVENUE NW","assessed_value":186000},{"address":"7205.0 183A STREET NW","assessed_value":333500},{"address":"269.0 HEAGLE CRESCENT NW","assessed_value":687500},{"address":"8102.0 159 STREET NW","assessed_value":272500},{"address":"2021.0 108 STREET NW","assessed_value":372500},{"address":"2921.0 119 STREET NW","assessed_value":217500},{"address":"11019.0 107 STREET NW","assessed_value":114000},{"address":"8416.0 190 STREET NW","assessed_value":380500},{"address":"2908.0 116A AVENUE NW","assessed_value":75500},{"address":"242.0 WOLF WILLOW CRESCENT NW","assessed_value":696000},{"address":"5430.0 146 AVENUE NW","assessed_value":155500},{"address":"7811.0 156 STREET NW","assessed_value":454500},{"address":"16406.0 99A AVENUE NW","assessed_value":298000},{"address":"9112.0 177 AVENUE NW","assessed_value":369500},{"address":"21320.0 18 STREET NW","assessed_value":850000},{"address":"9314.0 165 STREET NW","assessed_value":385000},{"address":"13806.0 24 STREET NW","assessed_value":85000},{"address":"8644.0 152B AVENUE NW","assessed_value":398000},{"address":"217.0 HEAGLE CRESCENT NW","assessed_value":507500},{"address":"18325.0 STONY PLAIN ROAD NW","assessed_value":4140500},{"address":"9622.0 151 STREET NW","assessed_value":397500},{"address":"3326.0 145 AVENUE NW","assessed_value":380500},{"address":"nan nan","assessed_value":8000},{"address":"15704.0 99 AVENUE NW","assessed_value":385500},{"address":"10516.0 84 AVENUE NW","assessed_value":302500},{"address":"19003.0 100 AVENUE NW","assessed_value":14500},{"address":"11156.0 83 AVENUE NW","assessed_value":299500},{"address":"17720.0 94 STREET NW","assessed_value":386000},{"address":"636.0 WOLF WILLOW ROAD NW","assessed_value":575000},{"address":"nan nan","assessed_value":8000},{"address":"15710.0 BEAUMARIS ROAD NW","assessed_value":185500},{"address":"1428.0 104 STREET NW","assessed_value":568500},{"address":"13833.0 30 STREET NW","assessed_value":185500},{"address":"9722.0 180 STREET NW","assessed_value":177000},{"address":"20420.0 107 AVENUE NW","assessed_value":200000},{"address":"18240.0 84 AVENUE NW","assessed_value":131500},{"address":"14606.0 54 STREET NW","assessed_value":155500},{"address":"18004.0 96 STREET NW","assessed_value":499500},{"address":"1411.0 MILL WOODS ROAD EAST NW","assessed_value":169500},{"address":"2204.0 118 STREET NW","assessed_value":159500},{"address":"63.0 KINISKI CRESCENT NW","assessed_value":353000},{"address":"2916.0 36 STREET NW","assessed_value":198500},{"address":"10145.0 121 STREET NW","assessed_value":118000},{"address":"10030.0 167 STREET NW","assessed_value":3729500},{"address":"5206.0 20A AVENUE NW","assessed_value":337500},{"address":"9560.0 163 STREET NW","assessed_value":8730000},{"address":"1624.0 48 STREET NW","assessed_value":99000},{"address":"10135.0 SASKATCHEWAN DRIVE NW","assessed_value":214000},{"address":"15232.0 71 STREET NW","assessed_value":404500},{"address":"748.0 HENDRA CRESCENT NW","assessed_value":554000},{"address":"10149.0 SASKATCHEWAN DRIVE NW","assessed_value":157000},{"address":"2104.0 52 STREET NW","assessed_value":341500},{"address":"9011.0 152 STREET NW","assessed_value":295500},{"address":"10175.0 114 STREET NW","assessed_value":103500},{"address":"16041.0 95 AVENUE NW","assessed_value":365500},{"address":"18804.0 82 AVENUE NW","assessed_value":391000},{"address":"1073.0 109 STREET NW","assessed_value":324500},{"address":"1651.0 46 STREET NW","assessed_value":212000},{"address":"16439.0 115 STREET NW","assessed_value":190500},{"address":"9342.0 150 STREET NW","assessed_value":406000},{"address":"16132.0 90 AVENUE NW","assessed_value":434000},{"address":"2908.0 116A AVENUE NW","assessed_value":84500},{"address":"7615.0 152C AVENUE NW","assessed_value":406500},{"address":"4520.0 127 AVENUE NW","assessed_value":166000},{"address":"16206.0 83 AVENUE NW","assessed_value":349000},{"address":"8620.0 152B AVENUE NW","assessed_value":441000},{"address":"15251.0 85 AVENUE NW","assessed_value":354000},{"address":"59.0 PATRICIA CRESCENT NW","assessed_value":847500},{"address":"9333.0 50 STREET NW","assessed_value":204500},{"address":"7808.0 152C AVENUE NW","assessed_value":354000},{"address":"68.0 WESTRIDGE ROAD NW","assessed_value":595500},{"address":"10149.0 SASKATCHEWAN DRIVE NW","assessed_value":158000},{"address":"9104.0 168 STREET NW","assessed_value":374000},{"address":"5509.0 186 STREET NW","assessed_value":325000},{"address":"18918.0 74 AVENUE NW","assessed_value":321000},{"address":"2908.0 116A AVENUE NW","assessed_value":82000},{"address":"165.0 CENTENNIAL COURT NW","assessed_value":206500},{"address":"8902.0 MEADOWLARK ROAD NW","assessed_value":323000},{"address":"154.0 HEALY ROAD NW","assessed_value":541500},{"address":"18803.0 81A AVENUE NW","assessed_value":446000},{"address":"16108.0 87A AVENUE NW","assessed_value":371500},{"address":"10147.0 158 AVENUE NW","assessed_value":251000},{"address":"10604.0 110 AVENUE NW","assessed_value":61000},{"address":"15926.0 93 AVENUE NW","assessed_value":353000},{"address":"7214.0 183A STREET NW","assessed_value":384000},{"address":"15913.0 93 AVENUE NW","assessed_value":399000},{"address":"11618.0 100 AVENUE NW","assessed_value":195000},{"address":"16731.0 81 AVENUE NW","assessed_value":405000},{"address":"3206.0 36 STREET NW","assessed_value":390000},{"address":"3115.0 119 STREET NW","assessed_value":212000},{"address":"2908.0 116A AVENUE NW","assessed_value":82000},{"address":"10139.0 157 STREET NW","assessed_value":86500},{"address":"112.0 CENTENNIAL COURT NW","assessed_value":195000},{"address":"nan nan","assessed_value":7000},{"address":"12831.0 58 STREET NW","assessed_value":1000},{"address":"9039.0 154 STREET NW","assessed_value":522000},{"address":"18003.0 105 AVENUE NW","assessed_value":2069000},{"address":"8613.0 157 STREET NW","assessed_value":408000},{"address":"2628.0 MILL WOODS ROAD EAST NW","assessed_value":77500},{"address":"20303.0 113 AVENUE NW","assessed_value":1025000},{"address":"18431.0 95A AVENUE NW","assessed_value":362000},{"address":"8910.0 162 STREET NW","assessed_value":465500},{"address":"2908.0 116A AVENUE NW","assessed_value":78000},{"address":"7617.0 154 STREET NW","assessed_value":476500},{"address":"214.0 RHATIGAN ROAD WEST NW","assessed_value":599000},{"address":"21210.0 108 AVENUE NW","assessed_value":1629500},{"address":"12702.0 122 STREET NW","assessed_value":555000},{"address":"8723.0 163 STREET NW","assessed_value":390500},{"address":"15719.0 84 STREET NW","assessed_value":329000},{"address":"nan nan","assessed_value":8000},{"address":"6504.0 31 AVENUE NW","assessed_value":6000},{"address":"12424.0 109 AVENUE NW","assessed_value":457500},{"address":"11145.0 131 STREET NW","assessed_value":12500},{"address":"7720.0 158 STREET NW","assessed_value":553000},{"address":"48.0 PATRICIA CRESCENT NW","assessed_value":548000},{"address":"9321.0 162 STREET NW","assessed_value":418500},{"address":"7219.0 152B AVENUE NW","assessed_value":377000},{"address":"16743.0 79A AVENUE NW","assessed_value":418000},{"address":"7403.0 157 STREET NW","assessed_value":511000},{"address":"16703.0 98 AVENUE NW","assessed_value":355000},{"address":"15317.0 RIO TERRACE DRIVE NW","assessed_value":3656500},{"address":"12539.0 60 STREET NW","assessed_value":547500},{"address":"10045.0 117 STREET NW","assessed_value":103500},{"address":"12465.0 153 STREET NW","assessed_value":5864000},{"address":"16107.0 78A AVENUE NW","assessed_value":426000},{"address":"704.0 HENDRA CRESCENT NW","assessed_value":564500},{"address":"1417.0 70 AVENUE NW","assessed_value":2523000},{"address":"18150.0 127 STREET NW","assessed_value":647500},{"address":"16404.0 89 AVENUE NW","assessed_value":309000},{"address":"16820.0 41 AVENUE SW","assessed_value":975000},{"address":"10660.0 11 AVENUE NW","assessed_value":700000},{"address":"18915.0 82 AVENUE NW","assessed_value":400500},{"address":"9621.0 157 STREET NW","assessed_value":321000},{"address":"nan nan","assessed_value":5500},{"address":"940.0 RICE ROAD NW","assessed_value":651500},{"address":"16725.0 106 STREET NW","assessed_value":216000},{"address":"9811.0 169 STREET NW","assessed_value":370500},{"address":"587.0 WOLF WILLOW ROAD NW","assessed_value":16000},{"address":"206.0 CENTENNIAL COURT NW","assessed_value":183000},{"address":"16916.0 82A AVENUE NW","assessed_value":350500},{"address":"nan nan","assessed_value":182500},{"address":"nan nan","assessed_value":7000},{"address":"10428.0 13 AVENUE NW","assessed_value":416500},{"address":"18306.0 71A AVENUE NW","assessed_value":322500},{"address":"18004.0 62B AVENUE NW","assessed_value":118500},{"address":"11115.0 80 AVENUE NW","assessed_value":272000},{"address":"11731.0 32A AVENUE NW","assessed_value":223500},{"address":"3450.0 227 AVENUE NW","assessed_value":40000},{"address":"10149.0 SASKATCHEWAN DRIVE NW","assessed_value":159000},{"address":"15741.0 STONY PLAIN ROAD NW","assessed_value":1385500},{"address":"9612.0 163 STREET NW","assessed_value":293000},{"address":"523.0 HEGLER CRESCENT NW","assessed_value":630000},{"address":"11618.0 100 AVENUE NW","assessed_value":148000},{"address":"242.0 WESTRIDGE ROAD NW","assessed_value":571500},{"address":"1020.0 41 STREET NW","assessed_value":182500},{"address":"8119.0 169B STREET NW","assessed_value":411500},{"address":"15615.0 100A AVENUE NW","assessed_value":269500},{"address":"10754.0 178 STREET NW","assessed_value":206500},{"address":"1624.0 48 STREET NW","assessed_value":82500},{"address":"16463.0 115 STREET NW","assessed_value":190500},{"address":"18808.0 ELLERSLIE ROAD SW","assessed_value":2319500},{"address":"503.0 34 STREET NW","assessed_value":3802500},{"address":"15011.0 90 AVENUE NW","assessed_value":269500},{"address":"15704.0 78 STREET NW","assessed_value":340500},{"address":"15921.0 95 AVENUE NW","assessed_value":373500},{"address":"9436.0 149 STREET NW","assessed_value":76000},{"address":"10756.0 178 STREET NW","assessed_value":240000},{"address":"1624.0 48 STREET NW","assessed_value":105500},{"address":"3023.0 14 AVENUE NW","assessed_value":463000},{"address":"2010.0 MERIDIAN STREET SW","assessed_value":859000},{"address":"10555.0 132 STREET NW","assessed_value":9500},{"address":"7923.0 159 STREET NW","assessed_value":372500},{"address":"10145.0 121 STREET NW","assessed_value":114000},{"address":"16609.0 93 AVENUE NW","assessed_value":474000},{"address":"15226.0 86 AVENUE NW","assessed_value":468000},{"address":"398.0 KIRKPATRICK CRESCENT NW","assessed_value":339500},{"address":"13833.0 30 STREET NW","assessed_value":178500},{"address":"17115.0 63 AVENUE NW","assessed_value":135500},{"address":"nan nan","assessed_value":8000},{"address":"nan nan","assessed_value":8000},{"address":"5207.0 22 AVENUE NW","assessed_value":314500},{"address":"8215.0 189A STREET NW","assessed_value":375000},{"address":"10135.0 SASKATCHEWAN DRIVE NW","assessed_value":168500},{"address":"123.0 HEALY ROAD NW","assessed_value":648500},{"address":"9010.0 169 STREET NW","assessed_value":395500},{"address":"8835.0 152B AVENUE NW","assessed_value":367000},{"address":"14828.0 35 STREET NW","assessed_value":294000},{"address":"2624.0 MILL WOODS ROAD EAST NW","assessed_value":87000},{"address":"10138.0 116 STREET NW","assessed_value":142500},{"address":"14808.0 26 STREET NW","assessed_value":4500},{"address":"nan nan","assessed_value":8000},{"address":"1651.0 46 STREET NW","assessed_value":196500},{"address":"9607.0 167 STREET NW","assessed_value":428500},{"address":"8810.0 159A STREET NW","assessed_value":395500},{"address":"16120.0 PATRICIA DRIVE NW","assessed_value":570500},{"address":"2204.0 118 STREET NW","assessed_value":170500},{"address":"10149.0 SASKATCHEWAN DRIVE NW","assessed_value":163500},{"address":"16216.0 84 AVENUE NW","assessed_value":340500},{"address":"18944.0 78 AVENUE NW","assessed_value":343000},{"address":"10149.0 SASKATCHEWAN DRIVE NW","assessed_value":189500},{"address":"17127.0 63 AVENUE NW","assessed_value":127000},{"address":"18815.0 86A AVENUE NW","assessed_value":386500},{"address":"8515.0 190 STREET NW","assessed_value":391500},{"address":"16808.0 97 AVENUE NW","assessed_value":407000},{"address":"3511.0 41B AVENUE NW","assessed_value":345500},{"address":"12121.0 JASPER AVENUE NW","assessed_value":77500},{"address":"10135.0 SASKATCHEWAN DRIVE NW","assessed_value":196500},{"address":"9903.0 82 AVENUE NW","assessed_value":1307000},{"address":"8402.0 45 STREET NW","assessed_value":228000},{"address":"10440.0 14 AVENUE NW","assessed_value":469000},{"address":"nan nan","assessed_value":8000},{"address":"804.0 78 AVENUE NW","assessed_value":3431000},{"address":"8004.0 157 AVENUE NW","assessed_value":387500},{"address":"16605.0 95 AVENUE NW","assessed_value":360000},{"address":"9314.0 168 STREET NW","assessed_value":415500},{"address":"2624.0 MILL WOODS ROAD EAST NW","assessed_value":75000},{"address":"16316.0 88 AVENUE NW","assessed_value":265000},{"address":"7604.0 29 AVENUE NW","assessed_value":162500},{"address":"14003.0 162 AVENUE NW","assessed_value":293000},{"address":"16824.0 97 AVENUE NW","assessed_value":380500},{"address":"23980.0 18 STREET NW","assessed_value":1281000},{"address":"1624.0 48 STREET NW","assessed_value":80500},{"address":"nan nan","assessed_value":8000},{"address":"4111.0 41 STREET NW","assessed_value":355500},{"address":"10175.0 114 STREET NW","assessed_value":148500},{"address":"15316.0 98 AVENUE NW","assessed_value":451500},{"address":"10529.0 93 STREET NW","assessed_value":57500},{"address":"9932.0 152 STREET NW","assessed_value":368000},{"address":"10045.0 117 STREET NW","assessed_value":139000},{"address":"2908.0 116A AVENUE NW","assessed_value":82000},{"address":"17611.0 93 STREET NW","assessed_value":602500},{"address":"732.0 WANYANDI ROAD NW","assessed_value":689000},{"address":"16515.0 93 AVENUE NW","assessed_value":368000},{"address":"2628.0 MILL WOODS ROAD EAST NW","assessed_value":106500},{"address":"15223.0 79A AVENUE NW","assessed_value":451500},{"address":"10030.0 34 STREET NW","assessed_value":1147500},{"address":"8753.0 155 STREET NW","assessed_value":354000},{"address":"11115.0 27 AVENUE NW","assessed_value":261500},{"address":"4015.0 37 STREET NW","assessed_value":366500},{"address":"16812.0 95A AVENUE NW","assessed_value":397000},{"address":"2104.0 54 STREET NW","assessed_value":368500},{"address":"15603.0 45 AVENUE NW","assessed_value":373000},{"address":"1820.0 56 STREET NW","assessed_value":229000},{"address":"7608.0 189 STREET NW","assessed_value":382000},{"address":"nan nan","assessed_value":8000},{"address":"10160.0 119 STREET NW","assessed_value":175500},{"address":"10808.0 21 AVENUE NW","assessed_value":423000},{"address":"3115.0 119 STREET NW","assessed_value":211500},{"address":"nan nan","assessed_value":5500},{"address":"8906.0 150 STREET NW","assessed_value":363500},{"address":"8340.0 JASPER AVENUE NW","assessed_value":121000},{"address":"373.0 KIRKPATRICK CRESCENT NW","assessed_value":343500},{"address":"17155.0 ANTHONY HENDAY DRIVE NW","assessed_value":76000},{"address":"20207.0 5 AVENUE SW","assessed_value":1652000},{"address":"7604.0 29 AVENUE NW","assessed_value":159000},{"address":"12141.0 JASPER AVENUE NW","assessed_value":163500},{"address":"4538.0 127 AVENUE NW","assessed_value":166000},{"address":"16607.0 80 AVENUE NW","assessed_value":411000},{"address":"9839.0 159 STREET NW","assessed_value":250500},{"address":"11803.0 24 STREET NE","assessed_value":134000},{"address":"20303.0 110 AVENUE NW","assessed_value":953000},{"address":"2703.0 79 STREET NW","assessed_value":127500},{"address":"nan nan","assessed_value":8000},{"address":"125.0 CENTENNIAL COURT NW","assessed_value":186500},{"address":"10149.0 SASKATCHEWAN DRIVE NW","assessed_value":147000},{"address":"13162.0 159 STREET NW","assessed_value":449500},{"address":"4810.0 MILL WOODS ROAD SOUTH NW","assessed_value":101000},{"address":"1020.0 41 STREET NW","assessed_value":181500},{"address":"17104.0 100 STREET NW","assessed_value":178500},{"address":"12407.0 53 STREET NW","assessed_value":351000},{"address":"10423.0 12 AVENUE NW","assessed_value":593000},{"address":"8340.0 JASPER AVENUE NW","assessed_value":107000},{"address":"16803.0 80 AVENUE NW","assessed_value":365500},{"address":"15004.0 78 AVENUE NW","assessed_value":474000},{"address":"13833.0 30 STREET NW","assessed_value":175500},{"address":"18657.0 61 AVENUE NW","assessed_value":294500},{"address":"9928.0 159 STREET NW","assessed_value":295000},{"address":"9405.0 50 STREET NW","assessed_value":9346000},{"address":"10331.0 ELLERSLIE ROAD SW","assessed_value":1116000},{"address":"2020.0 105 STREET NW","assessed_value":215500},{"address":"10145.0 121 STREET NW","assessed_value":100000},{"address":"15015.0 75 AVENUE NW","assessed_value":677500},{"address":"nan nan","assessed_value":198500},{"address":"2908.0 116A AVENUE NW","assessed_value":82000},{"address":"8315.0 157 AVENUE NW","assessed_value":286500},{"address":"1503.0 MILL WOODS ROAD EAST NW","assessed_value":138000},{"address":"17135.0 63 AVENUE NW","assessed_value":125000},{"address":"9816.0 156 STREET NW","assessed_value":71000},{"address":"8706.0 160A STREET NW","assessed_value":402500},{"address":"3617.0 30 AVENUE NW","assessed_value":190000},{"address":"2020.0 105 STREET NW","assessed_value":211000},{"address":"16102.0 83 AVENUE NW","assessed_value":347500},{"address":"15011.0 87 AVENUE NW","assessed_value":336000},{"address":"18028.0 94 STREET NW","assessed_value":455000},{"address":"19.0 WEDGEWOOD CRESCENT NW","assessed_value":4248500},{"address":"nan nan","assessed_value":8000},{"address":"153.0 WESTRIDGE ROAD NW","assessed_value":3500},{"address":"9917.0 155 STREET NW","assessed_value":441500},{"address":"290.0 HEATH ROAD NW","assessed_value":653000},{"address":"8003.0 152B AVENUE NW","assessed_value":417000},{"address":"18010.0 98 AVENUE NW","assessed_value":195000},{"address":"8320.0 158 AVENUE NW","assessed_value":331500},{"address":"240.0 WINDERMERE DRIVE NW","assessed_value":1594500},{"address":"18823.0 72 AVENUE NW","assessed_value":343500},{"address":"6720.0 152B AVENUE NW","assessed_value":415000},{"address":"8520.0 189 STREET NW","assessed_value":417000},{"address":"9222.0 157 STREET NW","assessed_value":374500},{"address":"10623.0 10 AVENUE NW","assessed_value":412000},{"address":"1651.0 46 STREET NW","assessed_value":201000},{"address":"805.0 RICHARDS CRESCENT NW","assessed_value":854500},{"address":"11250.0 97 STREET NW","assessed_value":73000},{"address":"8340.0 JASPER AVENUE NW","assessed_value":169000},{"address":"139.0 WALSH CRESCENT NW","assessed_value":549500},{"address":"132.0 GRANDISLE WAY NW","assessed_value":808000},{"address":"10419.0 16 AVENUE NW","assessed_value":403500},{"address":"4125.0 38 STREET NW","assessed_value":342500},{"address":"4610.0 17 AVENUE NW","assessed_value":196500},{"address":"4610.0 17 AVENUE NW","assessed_value":201500},{"address":"16815.0 95A AVENUE NW","assessed_value":338500},{"address":"8405.0 156 AVENUE NW","assessed_value":344500},{"address":"16505.0 95 AVENUE NW","assessed_value":338000},{"address":"9608.0 150 STREET NW","assessed_value":550500},{"address":"8109.0 160 STREET NW","assessed_value":351500},{"address":"16613.0 95 AVENUE NW","assessed_value":361500},{"address":"2020.0 105 STREET NW","assessed_value":221500},{"address":"10149.0 SASKATCHEWAN DRIVE NW","assessed_value":186000},{"address":"7003.0 152C AVENUE NW","assessed_value":372500},{"address":"10135.0 SASKATCHEWAN DRIVE NW","assessed_value":152500},{"address":"234.0 HEAGLE CRESCENT NW","assessed_value":489500},{"address":"4512.0 127 AVENUE NW","assessed_value":166000},{"address":"18724.0 70 AVENUE NW","assessed_value":414500},{"address":"16507.0 83 AVENUE NW","assessed_value":78500},{"address":"9507.0 185 STREET NW","assessed_value":333500},{"address":"225.0 GRANDISLE POINT NW","assessed_value":739000},{"address":"237.0 WESTRIDGE ROAD NW","assessed_value":693000},{"address":"8102.0 160 STREET NW","assessed_value":286000},{"address":"16495.0 115 STREET NW","assessed_value":186500},{"address":"17619.0 93 STREET NW","assessed_value":41000},{"address":"2439.0 13 STREET NW","assessed_value":553500},{"address":"1411.0 MILL WOODS ROAD EAST NW","assessed_value":172500},{"address":"9560.0 169 STREET NW","assessed_value":351000},{"address":"25110.0 34 STREET NW","assessed_value":2176000},{"address":"10917.0 109 STREET NW","assessed_value":82000},{"address":"14916.0 26 STREET NW","assessed_value":54000},{"address":"238.0 HEAGLE CRESCENT NW","assessed_value":597500},{"address":"7639.0 154A STREET NW","assessed_value":652500},{"address":"7105.0 183A STREET NW","assessed_value":343500},{"address":"10419.0 14 AVENUE NW","assessed_value":435500},{"address":"14808.0 45 AVENUE NW","assessed_value":297500},{"address":"6022.0 187 STREET NW","assessed_value":334500},{"address":"12121.0 JASPER AVENUE NW","assessed_value":114000},{"address":"14715.0 114 AVENUE NW","assessed_value":5821500},{"address":"8020.0 188B STREET NW","assessed_value":407000},{"address":"10135.0 SASKATCHEWAN DRIVE NW","assessed_value":216000},{"address":"nan nan","assessed_value":8000},{"address":"292.0 KIRKWOOD AVENUE NW","assessed_value":365500},{"address":"16022.0 95 AVENUE NW","assessed_value":309000},{"address":"1016.0 107 STREET NW","assessed_value":485000},{"address":"10917.0 109 STREET NW","assessed_value":94500},{"address":"149.0 CENTENNIAL COURT NW","assessed_value":183000},{"address":"2604.0 139 AVENUE NW","assessed_value":78500},{"address":"15726.0 86 AVENUE NW","assessed_value":378500},{"address":"1610.0 BEARSPAW DRIVE WEST NW","assessed_value":510000},{"address":"1.0 DONSDALE CRESCENT NW","assessed_value":1825500},{"address":"12411.0 LANSDOWNE DRIVE NW","assessed_value":100000},{"address":"15837.0 94A AVENUE NW","assessed_value":424500},{"address":"3810.0 195 AVENUE NE","assessed_value":799000},{"address":"7604.0 29 AVENUE NW","assessed_value":162500},{"address":"18709.0 95A AVENUE NW","assessed_value":356000},{"address":"18010.0 98 AVENUE NW","assessed_value":209000},{"address":"267.0 HEATH ROAD NW","assessed_value":516000},{"address":"10039.0 117 STREET NW","assessed_value":357000},{"address":"14511.0 52 STREET NW","assessed_value":152500},{"address":"2006.0 108B STREET NW","assessed_value":408000},{"address":"7632.0 154A STREET NW","assessed_value":636500},{"address":"7228.0 152C AVENUE NW","assessed_value":337000},{"address":"10020.0 151 STREET NW","assessed_value":1853500},{"address":"nan nan","assessed_value":7000},{"address":"3812.0 20 AVENUE NW","assessed_value":178000},{"address":"18911.0 80 AVENUE NW","assessed_value":403000},{"address":"12121.0 JASPER AVENUE NW","assessed_value":103000},{"address":"nan nan","assessed_value":23500},{"address":"1820.0 56 STREET NW","assessed_value":195000},{"address":"15217.0 82 AVENUE NW","assessed_value":577000},{"address":"nan nan","assessed_value":8000},{"address":"10547.0 83 AVENUE NW","assessed_value":193000},{"address":"7719.0 152B AVENUE NW","assessed_value":390500},{"address":"10205.0 158 AVENUE NW","assessed_value":193000},{"address":"15612.0 84 STREET NW","assessed_value":255500},{"address":"8206.0 162 STREET NW","assessed_value":0},{"address":"nan nan","assessed_value":8000},{"address":"15108.0 45 AVENUE NW","assessed_value":330000},{"address":"18827.0 82 AVENUE NW","assessed_value":342500},{"address":"1055.0 109 STREET NW","assessed_value":362000},{"address":"7331.0 183B STREET NW","assessed_value":324500},{"address":"7508.0 29 AVENUE NW","assessed_value":5985000},{"address":"18750.0 97 STREET NW","assessed_value":35500},{"address":"7310.0 155 STREET NW","assessed_value":482500},{"address":"3906.0 41 AVENUE NW","assessed_value":336500},{"address":"8110.0 163 STREET NW","assessed_value":393500},{"address":"7808.0 162 STREET NW","assessed_value":568500},{"address":"4610.0 17 AVENUE NW","assessed_value":192500},{"address":"11940.0 139 STREET NW","assessed_value":310500},{"address":"2935.0 104 STREET NW","assessed_value":400500},{"address":"15728.0 78A AVENUE NW","assessed_value":554500},{"address":"9702.0 157 STREET NW","assessed_value":1817500},{"address":"nan nan","assessed_value":8000},{"address":"9169.0 25 AVENUE NW","assessed_value":3812500},{"address":"7540.0 17 STREET NW","assessed_value":53500},{"address":"15624.0 80 AVENUE NW","assessed_value":389000},{"address":"11324.0 97 STREET NW","assessed_value":97000},{"address":"9263.0 172 STREET NW","assessed_value":165000},{"address":"14719.0 25 STREET NW","assessed_value":167500},{"address":"7308.0 189 STREET NW","assessed_value":360000},{"address":"nan nan","assessed_value":8000},{"address":"9122.0 154 STREET NW","assessed_value":363500},{"address":"1420.0 104 STREET NW","assessed_value":438500},{"address":"14930.0 91 AVENUE NW","assessed_value":346000},{"address":"15103.0 94 AVENUE NW","assessed_value":439500},{"address":"12070.0 32 STREET NE","assessed_value":487000},{"address":"nan nan","assessed_value":8000},{"address":"12841.0 65 STREET NW","assessed_value":64000},{"address":"3631.0 146 AVENUE NW","assessed_value":362500},{"address":"7623.0 152B AVENUE NW","assessed_value":464500},{"address":"14808.0 26 STREET NW","assessed_value":4500},{"address":"15215.0 85 STREET NW","assessed_value":376000},{"address":"15800.0 93 AVENUE NW","assessed_value":428500},{"address":"7507.0 152 STREET NW","assessed_value":671500},{"address":"6015.0 187 STREET NW","assessed_value":301500},{"address":"3007.0 35 STREET NW","assessed_value":122000},{"address":"306.0 HEDLEY WAY NW","assessed_value":806000},{"address":"15422.0 92 AVENUE NW","assessed_value":298000},{"address":"18004.0 62B AVENUE NW","assessed_value":114000},{"address":"12411.0 LANSDOWNE DRIVE NW","assessed_value":110000},{"address":"20104.0 107 AVENUE NW","assessed_value":1735500},{"address":"nan nan","assessed_value":5500},{"address":"9350.0 160 STREET NW","assessed_value":383500},{"address":"12121.0 JASPER AVENUE NW","assessed_value":105500},{"address":"10511.0 19 AVENUE NW","assessed_value":122000},{"address":"4118.0 37A STREET NW","assessed_value":312500},{"address":"15215.0 85 AVENUE NW","assessed_value":399500},{"address":"8324.0 190 STREET NW","assessed_value":385000},{"address":"12141.0 JASPER AVENUE NW","assessed_value":116500},{"address":"10145.0 121 STREET NW","assessed_value":106000},{"address":"17531.0 92 STREET NW","assessed_value":393000},{"address":"903.0 227 AVENUE NE","assessed_value":26500},{"address":"18828.0 86A AVENUE NW","assessed_value":409000},{"address":"9359.0 167A AVENUE NW","assessed_value":379000},{"address":"16210.0 87 AVENUE NW","assessed_value":384500},{"address":"27.0 CASTLE KEEP NW","assessed_value":451500},{"address":"14902.0 84 AVENUE NW","assessed_value":386500},{"address":"21.0 RIVER HEIGHTS DRIVE NW","assessed_value":822000},{"address":"10145.0 121 STREET NW","assessed_value":157000},{"address":"8316.0 190 STREET NW","assessed_value":383000},{"address":"14788.0 156 STREET NW","assessed_value":17761500},{"address":"598.0 WOLF WILLOW ROAD NW","assessed_value":211500},{"address":"620.0 HENDERSON STREET NW","assessed_value":549000},{"address":"2115.0 118 STREET NW","assessed_value":190000},{"address":"3515.0 41A AVENUE NW","assessed_value":341000},{"address":"140.0 WINDERMERE CRESCENT NW","assessed_value":1404500},{"address":"1503.0 MILL WOODS ROAD EAST NW","assessed_value":139500},{"address":"10205.0 158 AVENUE NW","assessed_value":200000},{"address":"628.0 HENDERSON STREET NW","assessed_value":515500},{"address":"8106.0 158 STREET NW","assessed_value":395000},{"address":"8539.0 189 STREET NW","assessed_value":395500},{"address":"3508.0 41B AVENUE NW","assessed_value":393000},{"address":"18136.0 96 AVENUE NW","assessed_value":196000},{"address":"1945.0 105 STREET NW","assessed_value":88500},{"address":"8116.0 169B STREET NW","assessed_value":351500},{"address":"15417.0 75 AVENUE NW","assessed_value":620000},{"address":"10511.0 19 AVENUE NW","assessed_value":96500},{"address":"18916.0 78 AVENUE NW","assessed_value":380000},{"address":"7109.0 183A STREET NW","assessed_value":338500},{"address":"4765.0 35 AVENUE NW","assessed_value":194500},{"address":"304.0 LAGO LINDO CRESCENT NW","assessed_value":353500},{"address":"2204.0 118 STREET NW","assessed_value":167000},{"address":"268.0 WESTRIDGE ROAD NW","assessed_value":504000},{"address":"4610.0 127 AVENUE NW","assessed_value":162000},{"address":"16503.0 95 AVENUE NW","assessed_value":351000},{"address":"10238.0 74 STREET NW","assessed_value":378500},{"address":"8303.0 190 STREET NW","assessed_value":421500},{"address":"10511.0 19 AVENUE NW","assessed_value":123000},{"address":"3594.0 42 STREET NW","assessed_value":192000},{"address":"2704.0 127 STREET SW","assessed_value":3419000},{"address":"9203.0 157 STREET NW","assessed_value":4000},{"address":"10010.0 119 STREET NW","assessed_value":561500},{"address":"9810.0 178 STREET NW","assessed_value":89000},{"address":"9105.0 143 STREET NW","assessed_value":282500},{"address":"17927.0 92A STREET NW","assessed_value":389000},{"address":"15404.0 79A AVENUE NW","assessed_value":480500},{"address":"9121.0 152 STREET NW","assessed_value":352500},{"address":"3404.0 18 AVENUE NW","assessed_value":80000},{"address":"8809.0 163 STREET NW","assessed_value":396500},{"address":"15607.0 76 AVENUE NW","assessed_value":544500},{"address":"10145.0 121 STREET NW","assessed_value":147500},{"address":"16009.0 94A AVENUE NW","assessed_value":412500},{"address":"16608.0 94 AVENUE NW","assessed_value":475000},{"address":"15404.0 96 AVENUE NW","assessed_value":405500},{"address":"7915.0 167 STREET NW","assessed_value":417000},{"address":"9324.0 168 STREET NW","assessed_value":355000},{"address":"3111.0 142 AVENUE NW","assessed_value":147500},{"address":"16617.0 94 AVENUE NW","assessed_value":416500},{"address":"3711.0 98 STREET NW","assessed_value":2118500},{"address":"443.0 HEFFERNAN DRIVE NW","assessed_value":962000},{"address":"9215.0 169 STREET NW","assessed_value":375500},{"address":"10651.0 10 AVENUE NW","assessed_value":428500},{"address":"10304.0 180 STREET NW","assessed_value":489500},{"address":"11111.0 26 AVENUE NW","assessed_value":256000},{"address":"18836.0 82 AVENUE NW","assessed_value":404000},{"address":"1651.0 46 STREET NW","assessed_value":206500},{"address":"10045.0 117 STREET NW","assessed_value":162000},{"address":"16801.0 93A AVENUE NW","assessed_value":413500},{"address":"3812.0 20 AVENUE NW","assessed_value":173000},{"address":"4610.0 17 AVENUE NW","assessed_value":209000},{"address":"18907.0 122 AVENUE NW","assessed_value":640000},{"address":"6.0 HUNTINGTON HILL NW","assessed_value":160500},{"address":"9747.0 161 STREET NW","assessed_value":268500},{"address":"223.0 HEATH ROAD NW","assessed_value":571000},{"address":"6603.0 ADA BOULEVARD NW","assessed_value":500},{"address":"15106.0 105 AVENUE NW","assessed_value":283500},{"address":"10908.0 5 AVENUE SW","assessed_value":995500},{"address":"950.0 78 AVENUE NW","assessed_value":2502000},{"address":"1026.0 106 STREET NW","assessed_value":440500},{"address":"8717.0 164 STREET NW","assessed_value":352000},{"address":"nan nan","assessed_value":8000},{"address":"9810.0 210 STREET NW","assessed_value":890500},{"address":"84.0 WILLOW WAY NW","assessed_value":560500},{"address":"2908.0 116A AVENUE NW","assessed_value":83500},{"address":"14004.0 26 STREET NW","assessed_value":85000},{"address":"16807.0 97 AVENUE NW","assessed_value":347000},{"address":"1925.0 108 STREET NW","assessed_value":386000},{"address":"9425.0 151 STREET NW","assessed_value":386500},{"address":"8610.0 124 AVENUE NW","assessed_value":384500},{"address":"18916.0 86 AVENUE NW","assessed_value":337500},{"address":"9011.0 151 STREET NW","assessed_value":319000},{"address":"341.0 KIRKPATRICK CRESCENT NW","assessed_value":333500},{"address":"10920.0 124 STREET NW","assessed_value":113000},{"address":"16330.0 99 AVENUE NW","assessed_value":313000},{"address":"9236.0 154 STREET NW","assessed_value":518000},{"address":"nan nan","assessed_value":11000},{"address":"17912.0 107 AVENUE NW","assessed_value":361500},{"address":"2020.0 105 STREET NW","assessed_value":227000},{"address":"3221.0 119 STREET NW","assessed_value":239000},{"address":"2703.0 79 STREET NW","assessed_value":140000},{"address":"10355.0 172 STREET NW","assessed_value":184000},{"address":"4703.0 93 AVENUE NW","assessed_value":4421000},{"address":"191.0 WOLF WILLOW CRESCENT NW","assessed_value":1134500},{"address":"1104.0 77 AVENUE NW","assessed_value":1643000},{"address":"15806.0 84 STREET NW","assessed_value":298000},{"address":"10643.0 10 AVENUE NW","assessed_value":424000},{"address":"nan nan","assessed_value":8000},{"address":"10149.0 SASKATCHEWAN DRIVE NW","assessed_value":181500},{"address":"15037.0 26 STREET NW","assessed_value":155000},{"address":"2624.0 MILL WOODS ROAD EAST NW","assessed_value":86500},{"address":"4753.0 35 AVENUE NW","assessed_value":177000},{"address":"10050.0 118 STREET NW","assessed_value":282500},{"address":"16203.0 78 AVENUE NW","assessed_value":505500},{"address":"9422.0 156 STREET NW","assessed_value":264000},{"address":"16445.0 130 AVENUE NW","assessed_value":6552000},{"address":"10859.0 21 AVENUE NW","assessed_value":303500},{"address":"258.0 HEATH ROAD NW","assessed_value":502500},{"address":"10139.0 157 STREET NW","assessed_value":84500},{"address":"8318.0 163 STREET NW","assessed_value":354500},{"address":"2608.0 139 AVENUE NW","assessed_value":119500},{"address":"2204.0 118 STREET NW","assessed_value":159500},{"address":"10145.0 121 STREET NW","assessed_value":116000},{"address":"11136.0 83 AVENUE NW","assessed_value":335000},{"address":"7.0 CASTLE KEEP NW","assessed_value":0},{"address":"1411.0 MILL WOODS ROAD EAST NW","assessed_value":169500},{"address":"9732.0 162 STREET NW","assessed_value":280000},{"address":"18039.0 98 AVENUE NW","assessed_value":178500},{"address":"10529.0 93 STREET NW","assessed_value":64000},{"address":"7604.0 29 AVENUE NW","assessed_value":167500},{"address":"16807.0 79A AVENUE NW","assessed_value":354000},{"address":"16303.0 87 AVENUE NW","assessed_value":341000},{"address":"1523.0 104 STREET NW","assessed_value":445500},{"address":"5606.0 186 STREET NW","assessed_value":330500},{"address":"18010.0 98 AVENUE NW","assessed_value":188000},{"address":"7512.0 152B AVENUE NW","assessed_value":381500},{"address":"9308.0 75 AVENUE NW","assessed_value":560000},{"address":"7223.0 184 STREET NW","assessed_value":307000},{"address":"959.0 RICE ROAD NW","assessed_value":604000},{"address":"9513.0 161 STREET NW","assessed_value":334500},{"address":"10149.0 SASKATCHEWAN DRIVE NW","assessed_value":212500},{"address":"13833.0 30 STREET NW","assessed_value":185000},{"address":"10139.0 157 STREET NW","assessed_value":88000},{"address":"14646.0 25 STREET NW","assessed_value":179500},{"address":"nan nan","assessed_value":7000},{"address":"9860.0 82 AVENUE NW","assessed_value":110000},{"address":"16725.0 106 STREET NW","assessed_value":188000},{"address":"1411.0 MILL WOODS ROAD EAST NW","assessed_value":169000},{"address":"520.0 WOLF WILLOW ROAD NW","assessed_value":707500},{"address":"11429.0 124 STREET NW","assessed_value":128000},{"address":"10153.0 158 AVENUE NW","assessed_value":262000},{"address":"9307.0 166 STREET NW","assessed_value":385500},{"address":"8945.0 153 STREET NW","assessed_value":1041000},{"address":"10149.0 SASKATCHEWAN DRIVE NW","assessed_value":176500},{"address":"15114.0 76A AVENUE NW","assessed_value":478000},{"address":"11104.0 201 STREET NW","assessed_value":2140500},{"address":"7604.0 29 AVENUE NW","assessed_value":177000},{"address":"903.0 199 STREET SW","assessed_value":1036500},{"address":"8209.0 167 STREET NW","assessed_value":132500},{"address":"10813.0 21 AVENUE NW","assessed_value":345500},{"address":"3812.0 20 AVENUE NW","assessed_value":173000},{"address":"18955.0 82 AVENUE NW","assessed_value":392500},{"address":"9001.0 153 STREET NW","assessed_value":495000},{"address":"255.0 RHATIGAN ROAD WEST NW","assessed_value":594000},{"address":"9516.0 157 STREET NW","assessed_value":327000},{"address":"16011.0 92 AVENUE NW","assessed_value":462000},{"address":"9531.0 168 STREET NW","assessed_value":442500},{"address":"2703.0 79 STREET NW","assessed_value":127500},{"address":"15224.0 81 AVENUE NW","assessed_value":609000},{"address":"3115.0 119 STREET NW","assessed_value":211500},{"address":"7222.0 178 STREET NW","assessed_value":187500},{"address":"10003.0 160 STREET NW","assessed_value":536500},{"address":"9532.0 155 STREET NW","assessed_value":310500},{"address":"16421.0 115 STREET NW","assessed_value":190500},{"address":"1877.0 151 AVENUE NW","assessed_value":288000},{"address":"2584.0 79 STREET NW","assessed_value":201500},{"address":"2628.0 MILL WOODS ROAD EAST NW","assessed_value":101500},{"address":"4136.0 37A STREET NW","assessed_value":363000},{"address":"3812.0 20 AVENUE NW","assessed_value":173000},{"address":"6804.0 HARDISTY DRIVE NW","assessed_value":615000},{"address":"15233.0 67 STREET NW","assessed_value":406500},{"address":"2122.0 52 STREET NW","assessed_value":371000},{"address":"9710.0 156 STREET NW","assessed_value":1715000},{"address":"9937.0 160 STREET NW","assessed_value":364000},{"address":"116.0 GRANDISLE WAY NW","assessed_value":710000},{"address":"20103.0 106 AVENUE NW","assessed_value":2670500},{"address":"15231.0 88A STREET NW","assessed_value":390500},{"address":"2350.0 170 STREET NW","assessed_value":18500},{"address":"18003.0 93 STREET NW","assessed_value":339500},{"address":"8940.0 149 STREET NW","assessed_value":1943000},{"address":"9301.0 156 STREET NW","assessed_value":239000},{"address":"6004.0 187 STREET NW","assessed_value":328500},{"address":"10145.0 121 STREET NW","assessed_value":142000},{"address":"8221.0 154 STREET NW","assessed_value":451500},{"address":"4118.0 37 STREET NW","assessed_value":347000},{"address":"3004.0 17 STREET SW","assessed_value":15500},{"address":"17135.0 63 AVENUE NW","assessed_value":105000},{"address":"16310.0 MARK MESSIER TRAIL NW","assessed_value":44500},{"address":"nan nan","assessed_value":7000},{"address":"9840.0 150 STREET NW","assessed_value":305500},{"address":"11019.0 107 STREET NW","assessed_value":92500},{"address":"17107.0 64 AVENUE NW","assessed_value":100500},{"address":"10149.0 SASKATCHEWAN DRIVE NW","assessed_value":186500},{"address":"nan nan","assessed_value":8000},{"address":"12141.0 JASPER AVENUE NW","assessed_value":143500},{"address":"14103.0 80 STREET NW","assessed_value":446500},{"address":"9363.0 167A AVENUE NW","assessed_value":400000},{"address":"15610.0 79A AVENUE NW","assessed_value":389500},{"address":"20440.0 107 AVENUE NW","assessed_value":222500},{"address":"8935.0 150 STREET NW","assessed_value":347500},{"address":"11310.0 109 AVENUE NW","assessed_value":10017500},{"address":"9929.0 152 STREET NW","assessed_value":485000},{"address":"1945.0 105 STREET NW","assessed_value":77500},{"address":"3207.0 37 STREET NW","assessed_value":369500},{"address":"nan nan","assessed_value":8000},{"address":"16209.0 87 AVENUE NW","assessed_value":322500},{"address":"17512.0 93 STREET NW","assessed_value":359500},{"address":"10131.0 154 STREET NW","assessed_value":74500},{"address":"9911.0 157 STREET NW","assessed_value":508500},{"address":"14749.0 25 STREET NW","assessed_value":171000},{"address":"20121.0 107 AVENUE NW","assessed_value":339500},{"address":"3519.0 42 AVENUE NW","assessed_value":326000},{"address":"110.0 HEALY ROAD NW","assessed_value":706000},{"address":"18116.0 8 AVENUE SW","assessed_value":1023500},{"address":"439.0 HEFFERNAN DRIVE NW","assessed_value":911500},{"address":"2204.0 118 STREET NW","assessed_value":174000},{"address":"15716.0 91 AVENUE NW","assessed_value":432500},{"address":"20704.0 107 AVENUE NW","assessed_value":535000},{"address":"15241.0 85 AVENUE NW","assessed_value":361000},{"address":"9304.0 169 STREET NW","assessed_value":380500},{"address":"nan nan","assessed_value":8000},{"address":"9229.0 91 STREET NW","assessed_value":371500},{"address":"9015.0 153 STREET NW","assessed_value":364500},{"address":"12841.0 65 STREET NW","assessed_value":60000},{"address":"17046.0 100 STREET NW","assessed_value":198500},{"address":"10922.0 120 STREET NW","assessed_value":2704500},{"address":"3514.0 43A AVENUE NW","assessed_value":311000},{"address":"nan nan","assessed_value":5500},{"address":"21210.0 97 AVENUE NW","assessed_value":1137500},{"address":"1045.0 109 STREET NW","assessed_value":364000},{"address":"16010.0 83 AVENUE NW","assessed_value":338000},{"address":"10708.0 11 AVENUE NW","assessed_value":405000},{"address":"8120.0 158 STREET NW","assessed_value":400500},{"address":"168.0 WILLOW WAY NW","assessed_value":721000},{"address":"9314.0 157 STREET NW","assessed_value":415500},{"address":"9249.0 48 STREET NW","assessed_value":3402000},{"address":"203.0 LYNNWOOD WAY NW","assessed_value":457000},{"address":"5420.0 146 AVENUE NW","assessed_value":173500},{"address":"14507.0 34 STREET NW","assessed_value":392000},{"address":"15623.0 80 AVENUE NW","assessed_value":440500},{"address":"9281.0 172 STREET NW","assessed_value":165500},{"address":"18811.0 54 AVENUE NW","assessed_value":351000},{"address":"118.0 KINISKI CRESCENT NW","assessed_value":384000},{"address":"7703.0 189 STREET NW","assessed_value":330000},{"address":"15409.0 76 AVENUE NW","assessed_value":461000},{"address":"6731.0 6 AVENUE SW","assessed_value":817000},{"address":"10136.0 160 STREET NW","assessed_value":85000},{"address":"8819.0 160 STREET NW","assessed_value":360500},{"address":"9213.0 162 STREET NW","assessed_value":467000},{"address":"10016.0 124 STREET NW","assessed_value":3500},{"address":"9742.0 154 STREET NW","assessed_value":331500},{"address":"2260.0 137 AVENUE NE","assessed_value":1011000},{"address":"18617.0 57 AVENUE NW","assessed_value":399000},{"address":"7020.0 189 STREET NW","assessed_value":406000},{"address":"151.0 167 AVENUE NW","assessed_value":882500},{"address":"8915.0 163 STREET NW","assessed_value":384000},{"address":"7327.0 152C AVENUE NW","assessed_value":490500},{"address":"9917.0 110 STREET NW","assessed_value":123000},{"address":"17409.0 95 STREET NW","assessed_value":176500},{"address":"16411.0 87 AVENUE NW","assessed_value":385000},{"address":"10547.0 83 AVENUE NW","assessed_value":186000},{"address":"3508.0 41A AVENUE NW","assessed_value":313000},{"address":"15705.0 90 AVENUE NW","assessed_value":360500},{"address":"8318.0 165 STREET NW","assessed_value":379500},{"address":"3111.0 142 AVENUE NW","assessed_value":134000},{"address":"15402.0 75 AVENUE NW","assessed_value":583000},{"address":"10507.0 11 AVENUE NW","assessed_value":365000},{"address":"nan nan","assessed_value":8000},{"address":"15707.0 89 AVENUE NW","assessed_value":344000},{"address":"3403.0 18 AVENUE NW","assessed_value":107000},{"address":"1503.0 MILL WOODS ROAD EAST NW","assessed_value":151500}]