[{"address":"16115.0 3 STREET NE","assessed_value":530000},{"address":"14428.0 MILLER BOULEVARD NW","assessed_value":295500},{"address":"848.0 FORBES CLOSE NW","assessed_value":501000},{"address":"nan nan","assessed_value":11500},{"address":"nan nan","assessed_value":7500},{"address":"12214.0 45 STREET NW","assessed_value":408500},{"address":"8007.0 166 AVENUE NW","assessed_value":491500},{"address":"4945.0 101 AVENUE NW","assessed_value":1431500},{"address":"4712.0 33A AVENUE NW","assessed_value":295500},{"address":"3304.0 47A STREET NW","assessed_value":307000},{"address":"7905.0 96 STREET NW","assessed_value":344000},{"address":"5212.0 10 AVENUE NW","assessed_value":371500},{"address":"4004.0 97 STREET NW","assessed_value":241500},{"address":"12.0 BUTTERWORTH POINT NW","assessed_value":731000},{"address":"nan nan","assessed_value":5500},{"address":"2322.0 KAASA ROAD EAST NW","assessed_value":492500},{"address":"7215.0 79 AVENUE NW","assessed_value":709500},{"address":"559.0 HUNTERS GREEN NW","assessed_value":506000},{"address":"1847.0 40 STREET NW","assessed_value":387000},{"address":"2507.0 47 STREET NW","assessed_value":300500},{"address":"11933.0 231 STREET NW","assessed_value":687000},{"address":"1024.0 HOLGATE PLACE NW","assessed_value":732000},{"address":"2932.0 49A STREET NW","assessed_value":356000},{"address":"11635.0 122 STREET NW","assessed_value":389000},{"address":"4708.0 25 AVENUE NW","assessed_value":412000},{"address":"2708.0 41 STREET NW","assessed_value":404500},{"address":"15531.0 103 STREET NW","assessed_value":667000},{"address":"5507.0 10 AVENUE NW","assessed_value":370500},{"address":"6022.0 37A AVENUE NW","assessed_value":346000},{"address":"232.0 WOLF WILLOW ROAD NW","assessed_value":747000},{"address":"4007.0 19 AVENUE NW","assessed_value":434500},{"address":"1159.0 35A STREET NW","assessed_value":340000},{"address":"8508.0 160A AVENUE NW","assessed_value":472000},{"address":"1311.0 54 STREET NW","assessed_value":369000},{"address":"5121.0 190A STREET NW","assessed_value":468000},{"address":"4225.0 39 AVENUE NW","assessed_value":520500},{"address":"2860.0 37C AVENUE NW","assessed_value":499000},{"address":"3662.0 28A STREET NW","assessed_value":637500},{"address":"4540.0 32 AVENUE NW","assessed_value":343500},{"address":"1670.0 JAMHA ROAD NW","assessed_value":276500},{"address":"4432.0 33A AVENUE NW","assessed_value":290000},{"address":"3927.0 42 STREET NW","assessed_value":548500},{"address":"nan nan","assessed_value":6000},{"address":"1325.0 FALCONER ROAD NW","assessed_value":640000},{"address":"15063.0 133 STREET NW","assessed_value":376500},{"address":"4927.0 20 AVENUE NW","assessed_value":473500},{"address":"11803.0 11A AVENUE NW","assessed_value":481500},{"address":"10183.0 112 STREET NW","assessed_value":2830500},{"address":"4220.0 139 AVENUE NW","assessed_value":122000},{"address":"1411.0 FALCONER ROAD NW","assessed_value":590000},{"address":"8812.0 158 AVENUE NW","assessed_value":517000},{"address":"2912.0 39 AVENUE NW","assessed_value":453000},{"address":"9760.0 174 STREET NW","assessed_value":174000},{"address":"4823.0 22 AVENUE NW","assessed_value":377000},{"address":"4533.0 29 AVENUE NW","assessed_value":396500},{"address":"1127.0 LINCOLN CRESCENT NW","assessed_value":516500},{"address":"6703.0 172 STREET NW","assessed_value":207000},{"address":"1792.0 48 STREET NW","assessed_value":335500},{"address":"18524.0 50 AVENUE NW","assessed_value":496500},{"address":"153.0 WARD CRESCENT NW","assessed_value":416000},{"address":"129.0 WARD CRESCENT NW","assessed_value":426000},{"address":"4531.0 32 AVENUE NW","assessed_value":314000},{"address":"3115.0 134 AVENUE NW","assessed_value":392000},{"address":"1611.0 42 STREET NW","assessed_value":354500},{"address":"2831.0 151A AVENUE NW","assessed_value":455000},{"address":"nan nan","assessed_value":2500},{"address":"6850.0 51 AVENUE NW","assessed_value":918500},{"address":"19015.0 51 AVENUE NW","assessed_value":449000},{"address":"2015.0 48 STREET NW","assessed_value":369000},{"address":"11620.0 9A AVENUE NW","assessed_value":127500},{"address":"2735.0 39 STREET NW","assessed_value":404500},{"address":"5339.0 HILL VIEW CRESCENT NW","assessed_value":216000},{"address":"1448.0 LOEWEN COURT NW","assessed_value":697000},{"address":"5953.0 40 AVENUE NW","assessed_value":142500},{"address":"1704.0 101 STREET SW","assessed_value":27500},{"address":"4228.0 30 AVENUE NW","assessed_value":445000},{"address":"136.0 161 AVENUE NE","assessed_value":763500},{"address":"543.0 GLENWRIGHT CRESCENT NW","assessed_value":509000},{"address":"11640.0 79 AVENUE NW","assessed_value":444500},{"address":"17447.0 98A AVENUE NW","assessed_value":162500},{"address":"349.0 HUNTERS RUN NW","assessed_value":587000},{"address":"nan nan","assessed_value":8000},{"address":"4524.0 12A AVENUE NW","assessed_value":535500},{"address":"4607.0 35 AVENUE NW","assessed_value":273000},{"address":"nan nan","assessed_value":12500},{"address":"14428.0 MILLER BOULEVARD NW","assessed_value":301000},{"address":"9420.0 172 STREET NW","assessed_value":336500},{"address":"16057.0 87 STREET NW","assessed_value":636000},{"address":"4316.0 37 STREET NW","assessed_value":309500},{"address":"1039.0 55 STREET NW","assessed_value":426500},{"address":"nan nan","assessed_value":6500},{"address":"12839.0 151 AVENUE NW","assessed_value":386500},{"address":"3534.0 HILL VIEW CRESCENT NW","assessed_value":406000},{"address":"nan nan","assessed_value":8500},{"address":"109.0 FRASER WAY NW","assessed_value":301000},{"address":"183.0 DUNVEGAN ROAD NW","assessed_value":406000},{"address":"368.0 BLACKBURN DRIVE EAST SW","assessed_value":447500},{"address":"15828.0 90 STREET NW","assessed_value":514500},{"address":"2855.0 37A AVENUE NW","assessed_value":578000},{"address":"9935.0 167 STREET NW","assessed_value":262500},{"address":"14956.0 135 STREET NW","assessed_value":431500},{"address":"7123.0 78 AVENUE NW","assessed_value":490500},{"address":"316.0 GREENOCH CRESCENT NW","assessed_value":390500},{"address":"1686.0 46 STREET NW","assessed_value":371500},{"address":"616.0 HARKER CLOSE NW","assessed_value":556000},{"address":"10421.0 42 AVENUE NW","assessed_value":202000},{"address":"4707.0 189 STREET NW","assessed_value":455500},{"address":"8822.0 160A AVENUE NW","assessed_value":710000},{"address":"6120.0 34A AVENUE NW","assessed_value":407500},{"address":"4640.0 26 AVENUE NW","assessed_value":347500},{"address":"5132.0 152A AVENUE NW","assessed_value":438000},{"address":"604.0 GLENWRIGHT CRESCENT NW","assessed_value":444500},{"address":"1237.0 CARTER CREST ROAD NW","assessed_value":337000},{"address":"15708.0 130 STREET NW","assessed_value":525500},{"address":"9349.0 107A AVENUE NW","assessed_value":291500},{"address":"1784.0 TURVEY BEND NW","assessed_value":398500},{"address":"13747.0 130 AVENUE NW","assessed_value":346500},{"address":"6331.0 12 AVENUE NW","assessed_value":369500},{"address":"3836.0 44 STREET NW","assessed_value":543500},{"address":"12618.0 152 AVENUE NW","assessed_value":25000},{"address":"2840.0 41A AVENUE NW","assessed_value":483000},{"address":"10315.0 156 AVENUE NW","assessed_value":532000},{"address":"nan nan","assessed_value":5500},{"address":"8615.0 159A AVENUE NW","assessed_value":554500},{"address":"5414.0 38A AVENUE NW","assessed_value":186000},{"address":"205.0 COTE CRESCENT NW","assessed_value":515000},{"address":"10412.0 174 STREET NW","assessed_value":1430500},{"address":"10455.0 42 AVENUE NW","assessed_value":385500},{"address":"18528.0 49 AVENUE NW","assessed_value":448000},{"address":"1279.0 45 STREET NW","assessed_value":1000},{"address":"1763.0 49A STREET NW","assessed_value":407000},{"address":"2923.0 151A AVENUE NW","assessed_value":408000},{"address":"1255.0 52 STREET NW","assessed_value":397000},{"address":"2311.0 96 STREET NW","assessed_value":4770500},{"address":"3908.0 97 STREET NW","assessed_value":249500},{"address":"88.0 GRAND MEADOW CRESCENT NW","assessed_value":423500},{"address":"4520.0 30 AVENUE NW","assessed_value":449500},{"address":"15019.0 133 STREET NW","assessed_value":344500},{"address":"nan nan","assessed_value":6500},{"address":"8215.0 84 AVENUE NW","assessed_value":169500},{"address":"3203.0 134 AVENUE NW","assessed_value":400000},{"address":"2832.0 151A AVENUE NW","assessed_value":478500},{"address":"1010.0 41 STREET NW","assessed_value":179500},{"address":"4704.0 27 AVENUE NW","assessed_value":479500},{"address":"6203.0 34B AVENUE NW","assessed_value":384500},{"address":"10355.0 105 STREET NW","assessed_value":290500},{"address":"286.0 WOODVALE ROAD WEST NW","assessed_value":394000},{"address":"7035.0 GIRARD ROAD NW","assessed_value":2338500},{"address":"16964.0 111 AVENUE NW","assessed_value":300000},{"address":"nan nan","assessed_value":6000},{"address":"18028.0 114 AVENUE NW","assessed_value":7977500},{"address":"360.0 GALBRAITH CLOSE NW","assessed_value":642500},{"address":"16127.0 89 STREET NW","assessed_value":642500},{"address":"11608.0 28 AVENUE NW","assessed_value":97500},{"address":"8007.0 164 AVENUE NW","assessed_value":465000},{"address":"17459.0 98A AVENUE NW","assessed_value":204000},{"address":"nan nan","assessed_value":6000},{"address":"10637.0 136 STREET NW","assessed_value":432500},{"address":"5109.0 14A AVENUE NW","assessed_value":353500},{"address":"1113.0 GLASTONBURY COURT NW","assessed_value":518000},{"address":"13511.0 32 STREET NW","assessed_value":413500},{"address":"3512.0 27 AVENUE NW","assessed_value":399500},{"address":"4205.0 76 AVENUE NW","assessed_value":3436500},{"address":"5803.0 10 AVENUE NW","assessed_value":396500},{"address":"nan nan","assessed_value":6500},{"address":"5308.0 14 AVENUE NW","assessed_value":382000},{"address":"7719.0 69 STREET NW","assessed_value":1302500},{"address":"3743.0 45 STREET NW","assessed_value":363500},{"address":"3919.0 54 STREET NW","assessed_value":394000},{"address":"3441.0 49 STREET NW","assessed_value":389500},{"address":"1879.0 TOMLINSON WAY NW","assessed_value":477000},{"address":"1047.0 56 STREET NW","assessed_value":418000},{"address":"10400.0 48 STREET NW","assessed_value":8000},{"address":"172.0 WOODVALE ROAD WEST NW","assessed_value":320500},{"address":"10711.0 83 AVENUE NW","assessed_value":245000},{"address":"15040.0 134 STREET NW","assessed_value":380000},{"address":"3532.0 15 AVENUE NW","assessed_value":351000},{"address":"6015.0 35A AVENUE NW","assessed_value":173000},{"address":"18204.0 93 AVENUE NW","assessed_value":110000},{"address":"8325.0 160A AVENUE NW","assessed_value":400500},{"address":"10355.0 105 STREET NW","assessed_value":197500},{"address":"354.0 HUNTERS RUN NW","assessed_value":556000},{"address":"5524.0 10 AVENUE NW","assessed_value":407000},{"address":"1804.0 TANNER WYND NW","assessed_value":509000},{"address":"6314.0 37 AVENUE NW","assessed_value":368500},{"address":"nan nan","assessed_value":7500},{"address":"3556.0 15 AVENUE NW","assessed_value":338000},{"address":"4603.0 18A AVENUE NW","assessed_value":350000},{"address":"3460.0 39 STREET NW","assessed_value":385000},{"address":"10511.0 42 AVENUE NW","assessed_value":184500},{"address":"17404.0 99 AVENUE NW","assessed_value":19715000},{"address":"4313.0 38 STREET NW","assessed_value":314000},{"address":"6106.0 34A AVENUE NW","assessed_value":399500},{"address":"409.0 WILLIAMS COURT NW","assessed_value":532000},{"address":"22.0 PRESTIGE POINT NW","assessed_value":748000},{"address":"3826.0 25 AVENUE NW","assessed_value":359000},{"address":"4920.0 17 AVENUE NW","assessed_value":412500},{"address":"11717.0 9B AVENUE NW","assessed_value":287500},{"address":"13844.0 130A AVENUE NW","assessed_value":351500},{"address":"1307.0 117 STREET NW","assessed_value":537000},{"address":"4220.0 139 AVENUE NW","assessed_value":99500},{"address":"7907.0 164 AVENUE NW","assessed_value":465000},{"address":"9535.0 176 STREET NW","assessed_value":314500},{"address":"4220.0 139 AVENUE NW","assessed_value":114500},{"address":"nan nan","assessed_value":16500},{"address":"4920.0 187 STREET NW","assessed_value":498500},{"address":"410.0 WILLIAMS COURT NW","assessed_value":427500},{"address":"5527.0 10 AVENUE NW","assessed_value":374500},{"address":"523.0 ORMSBY ROAD WEST NW","assessed_value":591000},{"address":"2540.0 RABBIT HILL ROAD NW","assessed_value":343500},{"address":"2751.0 41 STREET NW","assessed_value":431000},{"address":"6303.0 ROPER ROAD NW","assessed_value":5374000},{"address":"6308.0 15 AVENUE NW","assessed_value":400500},{"address":"2423.0 49A STREET NW","assessed_value":359000},{"address":"982.0 JORDAN CRESCENT NW","assessed_value":430500},{"address":"8315.0 83 STREET NW","assessed_value":152000},{"address":"9833.0 180 AVENUE NW","assessed_value":416500},{"address":"16561.0 97 STREET NW","assessed_value":1657000},{"address":"196.0 DARLINGTON CRESCENT NW","assessed_value":894000},{"address":"1938.0 TOMLINSON CRESCENT NW","assessed_value":639500},{"address":"1005.0 HOLGATE PLACE NW","assessed_value":573000},{"address":"14608.0 131 STREET NW","assessed_value":435500},{"address":"10643.0 151 STREET NW","assessed_value":240000},{"address":"5227.0 157 AVENUE NW","assessed_value":453500},{"address":"10447.0 42 AVENUE NW","assessed_value":410000},{"address":"17447.0 98A AVENUE NW","assessed_value":153000},{"address":"4143.0 37A AVENUE NW","assessed_value":479000},{"address":"2929.0 152 AVENUE NW","assessed_value":430500},{"address":"1010.0 41 STREET NW","assessed_value":179500},{"address":"2082.0 TANNER WYND NW","assessed_value":414000},{"address":"4520.0 27 AVENUE NW","assessed_value":341500},{"address":"2080.0 TANNER WYND NW","assessed_value":396000},{"address":"1113.0 ORMSBY COURT NW","assessed_value":570000},{"address":"3520.0 28A AVENUE NW","assessed_value":411500},{"address":"833.0 KLARVATTEN CLOSE NW","assessed_value":423500},{"address":"4910.0 19 AVENUE NW","assessed_value":313500},{"address":"17418.0 98A AVENUE NW","assessed_value":328500},{"address":"nan nan","assessed_value":6500},{"address":"1814.0 TOMLINSON CRESCENT NW","assessed_value":456500},{"address":"942.0 HAMPTON COURT NW","assessed_value":583500},{"address":"7918.0 164 AVENUE NW","assessed_value":510000},{"address":"5803.0 11 AVENUE NW","assessed_value":355500},{"address":"4004.0 97 STREET NW","assessed_value":247500},{"address":"6097.0 35A AVENUE NW","assessed_value":171500},{"address":"5671.0 70 STREET NW","assessed_value":19365000},{"address":"3628.0 43A AVENUE NW","assessed_value":260500},{"address":"3811.0 19 AVENUE NW","assessed_value":422000},{"address":"10511.0 42 AVENUE NW","assessed_value":172500},{"address":"525.0 WEST WOOD PLACE NW","assessed_value":59000},{"address":"6515.0 199 STREET NW","assessed_value":410000},{"address":"11721.0 12 AVENUE NW","assessed_value":499000},{"address":"2312.0 37B AVENUE NW","assessed_value":427000},{"address":"13016.0 39 STREET NW","assessed_value":503500},{"address":"1081.0 BARNES WAY SW","assessed_value":554000},{"address":"14864.0 MILLER BOULEVARD NW","assessed_value":422000},{"address":"4110.0 36A AVENUE NW","assessed_value":401500},{"address":"3008.0 43 STREET NW","assessed_value":407500},{"address":"5224.0 15 AVENUE NW","assessed_value":387000},{"address":"nan nan","assessed_value":6000},{"address":"295.0 YOUVILLE DRIVE EAST NW","assessed_value":327000},{"address":"3720.0 48 STREET NW","assessed_value":332000},{"address":"5103.0 39A AVENUE NW","assessed_value":448000},{"address":"13325.0 154A AVENUE NW","assessed_value":409500},{"address":"786.0 BUTTERWORTH DRIVE NW","assessed_value":788000},{"address":"13211.0 149 AVENUE NW","assessed_value":487500},{"address":"5410.0 HILL VIEW CRESCENT NW","assessed_value":519000},{"address":"1112.0 39 STREET NW","assessed_value":399500},{"address":"1514.0 GRANT COURT NW","assessed_value":437500},{"address":"9535.0 176 STREET NW","assessed_value":244500},{"address":"8308.0 159 AVENUE NW","assessed_value":414000},{"address":"1112.0 118A STREET NW","assessed_value":518000},{"address":"4103.0 20 AVENUE NW","assessed_value":393000},{"address":"nan nan","assessed_value":8500},{"address":"2508.0 42 STREET NW","assessed_value":375500},{"address":"1224.0 WEST VIEW RISE NW","assessed_value":102000},{"address":"3238.0 135 AVENUE NW","assessed_value":480500},{"address":"4225.0 37B AVENUE NW","assessed_value":388000},{"address":"1732.0 35 STREET NW","assessed_value":418500},{"address":"11709.0 11B AVENUE NW","assessed_value":548500},{"address":"1611.0 TOMPKINS PLACE NW","assessed_value":467000},{"address":"nan nan","assessed_value":6500},{"address":"9745.0 96A STREET NW","assessed_value":323500},{"address":"204.0 WYMAN LANE NW","assessed_value":501000},{"address":"4819.0 147 AVENUE NW","assessed_value":427500},{"address":"5346.0 38A AVENUE NW","assessed_value":203000},{"address":"6036.0 37 AVENUE NW","assessed_value":468000},{"address":"2325.0 RIVERBEND ROAD NW","assessed_value":492000},{"address":"1908.0 42 STREET NW","assessed_value":332000},{"address":"2512.0 RABBIT HILL ROAD NW","assessed_value":352500},{"address":"2515.0 45 STREET NW","assessed_value":462000},{"address":"nan nan","assessed_value":5500},{"address":"361.0 BYRNE COURT SW","assessed_value":453000},{"address":"211.0 BLACKBURN DRIVE EAST SW","assessed_value":322500},{"address":"3420.0 49A STREET NW","assessed_value":416000},{"address":"8.0 DECHENE ROAD NW","assessed_value":436500},{"address":"331.0 DARLINGTON CRESCENT NW","assessed_value":638000},{"address":"3511.0 33 AVENUE NW","assessed_value":488500},{"address":"657.0 BEVINGTON PLACE NW","assessed_value":447000},{"address":"1768.0 48A STREET NW","assessed_value":420500},{"address":"6012.0 37 AVENUE NW","assessed_value":419000},{"address":"13441.0 127 STREET NW","assessed_value":175000},{"address":"531.0 ORMSBY ROAD WEST NW","assessed_value":616000},{"address":"4528.0 32A AVENUE NW","assessed_value":292500},{"address":"5453.0 HILL VIEW CRESCENT NW","assessed_value":212000},{"address":"2856.0 152 AVENUE NW","assessed_value":445500},{"address":"3839.0 51 STREET NW","assessed_value":362000},{"address":"305.0 LIVINGSTONE COURT NW","assessed_value":790500},{"address":"1019.0 HOLGATE PLACE NW","assessed_value":587500},{"address":"3539.0 46 STREET NW","assessed_value":293000},{"address":"4935.0 149 AVENUE NW","assessed_value":470500},{"address":"4830.0 32 AVENUE NW","assessed_value":456500},{"address":"13320.0 124 STREET NW","assessed_value":285500},{"address":"12017.0 89 STREET NW","assessed_value":259500},{"address":"5820.0 11 AVENUE NW","assessed_value":367000},{"address":"10009.0 102 AVENUE NW","assessed_value":429000},{"address":"4515.0 12A AVENUE NW","assessed_value":376000},{"address":"4517.0 10 AVENUE NW","assessed_value":389000},{"address":"3819.0 20 AVENUE NW","assessed_value":379000},{"address":"5513.0 14A AVENUE NW","assessed_value":427500},{"address":"1759.0 36 STREET NW","assessed_value":341500},{"address":"2108.0 38 STREET NW","assessed_value":266500},{"address":"16115.0 83A STREET NW","assessed_value":438000},{"address":"5215.0 10 AVENUE NW","assessed_value":355500},{"address":"4616.0 13 AVENUE NW","assessed_value":322000},{"address":"10230.0 120 STREET NW","assessed_value":124000},{"address":"4027.0 34A AVENUE NW","assessed_value":497000},{"address":"2303.0 WEST PORT CLOSE NW","assessed_value":84500},{"address":"115.0 CAIRNS BAY NW","assessed_value":497500},{"address":"1107.0 LINCOLN CRESCENT NW","assessed_value":535500},{"address":"8511.0 160A AVENUE NW","assessed_value":499500},{"address":"4608.0 37 AVENUE NW","assessed_value":359500},{"address":"9760.0 174 STREET NW","assessed_value":170000},{"address":"4403.0 149 AVENUE NW","assessed_value":395500},{"address":"3604.0 51 STREET NW","assessed_value":406000},{"address":"1910.0 TANNER WYND NW","assessed_value":510000},{"address":"2815.0 35 STREET NW","assessed_value":388000},{"address":"1211.0 62 STREET NW","assessed_value":183000},{"address":"1008.0 46 STREET NW","assessed_value":411000},{"address":"16.0 GRANLEA CRESCENT NW","assessed_value":398000},{"address":"96.0 EVERGREEN PARK NW","assessed_value":64500},{"address":"6353.0 11 AVENUE NW","assessed_value":337000},{"address":"1108.0 LINCOLN CRESCENT NW","assessed_value":562000},{"address":"2832.0 35 STREET NW","assessed_value":430500},{"address":"4560.0 27 AVENUE NW","assessed_value":356500},{"address":"1671.0 42 STREET NW","assessed_value":318500},{"address":"4004.0 97 STREET NW","assessed_value":247500},{"address":"4128.0 32 AVENUE NW","assessed_value":352000},{"address":"nan nan","assessed_value":8500},{"address":"2935.0 39 AVENUE NW","assessed_value":409500},{"address":"nan nan","assessed_value":5500},{"address":"17150.0 94A AVENUE NW","assessed_value":208000},{"address":"6308.0 35 AVENUE NW","assessed_value":382000},{"address":"785.0 BUTTERWORTH DRIVE NW","assessed_value":769500},{"address":"13815.0 128 AVENUE NW","assessed_value":403000},{"address":"3206.0 48 STREET NW","assessed_value":385500},{"address":"1331.0 FALCONER ROAD NW","assessed_value":569500},{"address":"8337.0 160A AVENUE NW","assessed_value":427500},{"address":"1747.0 35 STREET NW","assessed_value":397000},{"address":"10351.0 76 AVENUE NW","assessed_value":797500},{"address":"14020.0 128 STREET NW","assessed_value":514500},{"address":"5916.0 10 AVENUE NW","assessed_value":382500},{"address":"nan nan","assessed_value":11000},{"address":"714.0 BALFOUR CLOSE NW","assessed_value":420500},{"address":"2887.0 37A AVENUE NW","assessed_value":479500},{"address":"17215.0 83 STREET NW","assessed_value":429000},{"address":"279.0 DARLINGTON CRESCENT NW","assessed_value":693500},{"address":"1448.0 GRANT WAY NW","assessed_value":366000},{"address":"5380.0 38A AVENUE NW","assessed_value":186000},{"address":"2816.0 40A AVENUE NW","assessed_value":471500},{"address":"9935.0 167 STREET NW","assessed_value":269500},{"address":"6332.0 12 AVENUE NW","assessed_value":377500},{"address":"1359.0 39 STREET NW","assessed_value":419000},{"address":"3738.0 28A STREET NW","assessed_value":561000},{"address":"14104.0 129 STREET NW","assessed_value":580500},{"address":"4403.0 92 AVENUE NW","assessed_value":301000},{"address":"1608.0 TOMLINSON COMMON NW","assessed_value":370000},{"address":"1504.0 147 AVENUE NW","assessed_value":527500},{"address":"420.0 BYRNE CRESCENT SW","assessed_value":547500},{"address":"653.0 HENDERSON STREET NW","assessed_value":962000},{"address":"204.0 66 STREET NW","assessed_value":1845500},{"address":"5369.0 HILL VIEW CRESCENT NW","assessed_value":221500},{"address":"13441.0 127 STREET NW","assessed_value":179500},{"address":"10316.0 145 STREET NW","assessed_value":288000},{"address":"15118.0 130 STREET NW","assessed_value":486000},{"address":"8843.0 159A AVENUE NW","assessed_value":558500},{"address":"4912.0 30 AVENUE NW","assessed_value":490000},{"address":"435.0 BYRNE CRESCENT SW","assessed_value":530000},{"address":"10344.0 150 STREET NW","assessed_value":251500},{"address":"4819.0 30 AVENUE NW","assessed_value":398000},{"address":"1725.0 TURVEY BEND NW","assessed_value":420000},{"address":"724.0 GLENWRIGHT COURT NW","assessed_value":454000},{"address":"231.0 161 AVENUE NE","assessed_value":805500},{"address":"674.0 GLENWRIGHT CRESCENT NW","assessed_value":388000},{"address":"5714.0 125A AVENUE NW","assessed_value":326000},{"address":"7919.0 CORONET ROAD NW","assessed_value":1705500},{"address":"464.0 BYRNE CRESCENT SW","assessed_value":480000},{"address":"14908.0 132 STREET NW","assessed_value":433500},{"address":"nan nan","assessed_value":8500},{"address":"9730.0 106 STREET NW","assessed_value":98000},{"address":"1119.0 38 STREET NW","assessed_value":323000},{"address":"1831.0 36 STREET NW","assessed_value":290500},{"address":"1007.0 55 STREET NW","assessed_value":337500},{"address":"12832.0 86 STREET NW","assessed_value":320500},{"address":"nan nan","assessed_value":12500},{"address":"4711.0 10A AVENUE NW","assessed_value":391500},{"address":"4719.0 190 STREET NW","assessed_value":418500},{"address":"2070.0 HADDOW DRIVE NW","assessed_value":608500},{"address":"2019.0 40 STREET NW","assessed_value":356500},{"address":"1970.0 TOMLINSON GREEN NW","assessed_value":449000},{"address":"1039.0 58 STREET NW","assessed_value":484500},{"address":"1003.0 49 STREET NW","assessed_value":394000},{"address":"4549.0 30 AVENUE NW","assessed_value":414500},{"address":"4504.0 81 AVENUE NW","assessed_value":7123000},{"address":"6354.0 11 AVENUE NW","assessed_value":363500},{"address":"1112.0 55 STREET NW","assessed_value":335500},{"address":"11807.0 11A AVENUE NW","assessed_value":471000},{"address":"1029.0 ORMSBY CRESCENT NW","assessed_value":519000},{"address":"13223.0 149 AVENUE NW","assessed_value":504000},{"address":"9008.0 166 AVENUE NW","assessed_value":382000},{"address":"9315.0 118 STREET NW","assessed_value":2018000},{"address":"6211.0 13 AVENUE NW","assessed_value":355000},{"address":"3218.0 41A AVENUE NW","assessed_value":431500},{"address":"812.0 BLACKLOCK WAY SW","assessed_value":25500},{"address":"nan nan","assessed_value":6500},{"address":"17109.0 67 AVENUE NW","assessed_value":123500},{"address":"929.0 PICARD DRIVE NW","assessed_value":559500},{"address":"7821.0 163 AVENUE NW","assessed_value":447000},{"address":"4903.0 187 STREET NW","assessed_value":436000},{"address":"8351.0 159 AVENUE NW","assessed_value":346500},{"address":"814.0 TWIN BROOKS CLOSE NW","assessed_value":792000},{"address":"11812.0 13 AVENUE NW","assessed_value":515500},{"address":"13320.0 124 STREET NW","assessed_value":283500},{"address":"7255.0 GIRARD ROAD NW","assessed_value":1934500},{"address":"899.0 BLACKLOCK WAY SW","assessed_value":440000},{"address":"16120.0 81 STREET NW","assessed_value":498500},{"address":"9730.0 106 STREET NW","assessed_value":91000},{"address":"13450.0 114 AVENUE NW","assessed_value":182500},{"address":"1430.0 57 STREET NW","assessed_value":1500},{"address":"3712.0 45 STREET NW","assessed_value":363000},{"address":"10030.0 103 AVENUE NW","assessed_value":1706500},{"address":"nan nan","assessed_value":2500},{"address":"5623.0 14 AVENUE NW","assessed_value":444500},{"address":"2333.0 37B AVENUE NW","assessed_value":466000},{"address":"8928.0 154 AVENUE NW","assessed_value":678000},{"address":"3535.0 16A AVENUE NW","assessed_value":319500},{"address":"16324.0 89 STREET NW","assessed_value":606000},{"address":"4108.0 19 AVENUE NW","assessed_value":398000},{"address":"3732.0 65 STREET NW","assessed_value":462500},{"address":"8011.0 75 STREET NW","assessed_value":379500},{"address":"911.0 RABBIT HILL ROAD NW","assessed_value":184500},{"address":"18335.0 114 AVENUE NW","assessed_value":11932000},{"address":"4704.0 32 AVENUE NW","assessed_value":297000},{"address":"nan nan","assessed_value":8000},{"address":"5419.0 HILL VIEW CRESCENT NW","assessed_value":224000},{"address":"4.0 GRAND MEADOW CRESCENT NW","assessed_value":330500},{"address":"3516.0 38 STREET NW","assessed_value":407500},{"address":"3134.0 40A AVENUE NW","assessed_value":509500},{"address":"5356.0 38A AVENUE NW","assessed_value":171000},{"address":"4516.0 12 AVENUE NW","assessed_value":398000},{"address":"1339.0 39 STREET NW","assessed_value":425500},{"address":"6703.0 172 STREET NW","assessed_value":182000},{"address":"3435.0 60 STREET NW","assessed_value":176500},{"address":"313.0 GREENOCH CRESCENT NW","assessed_value":404000},{"address":"2020.0 36 STREET NW","assessed_value":383000},{"address":"3615.0 24 AVENUE NW","assessed_value":397000},{"address":"17228.0 83 STREET NW","assessed_value":418500},{"address":"8716.0 87 STREET NW","assessed_value":1282500},{"address":"1023.0 63 STREET NW","assessed_value":410000},{"address":"7204.0 83 AVENUE NW","assessed_value":306500},{"address":"3808.0 45 STREET NW","assessed_value":446500},{"address":"124.0 161 AVENUE NE","assessed_value":847000},{"address":"16912.0 111 AVENUE NW","assessed_value":304500},{"address":"7.0 BUTTERWORTH POINT NW","assessed_value":553000},{"address":"1690.0 46 STREET NW","assessed_value":335000},{"address":"216.0 GRANLEA CRESCENT NW","assessed_value":373000},{"address":"157.0 GREENOCH CRESCENT NW","assessed_value":543000},{"address":"1977.0 TOMLINSON SQUARE NW","assessed_value":553500},{"address":"14803.0 47 STREET NW","assessed_value":345500},{"address":"17109.0 67 AVENUE NW","assessed_value":125000},{"address":"2023.0 45 STREET NW","assessed_value":338000},{"address":"3203.0 36 STREET NW","assessed_value":383000},{"address":"2103.0 49A STREET NW","assessed_value":406000},{"address":"3507.0 13 AVENUE NW","assessed_value":348000},{"address":"247.0 HOLLINGER CLOSE NW","assessed_value":391000},{"address":"nan nan","assessed_value":8500},{"address":"4303.0 69 AVENUE NW","assessed_value":2327000},{"address":"524.0 LOUGHEED COURT NW","assessed_value":666000},{"address":"182.0 HADDOW CLOSE NW","assessed_value":210000},{"address":"2831.0 41A AVENUE NW","assessed_value":447500},{"address":"327.0 HEATH ROAD NW","assessed_value":585000},{"address":"2535.0 46A STREET NW","assessed_value":520000},{"address":"1171.0 195 AVENUE NE","assessed_value":802000},{"address":"7328.0 79 AVENUE NW","assessed_value":656000},{"address":"259.0 HOLLINGER CLOSE NW","assessed_value":415000},{"address":"15052.0 134 STREET NW","assessed_value":343000},{"address":"12604.0 153 AVENUE NW","assessed_value":101000},{"address":"14816.0 47 STREET NW","assessed_value":338500},{"address":"603.0 LAYTON COURT NW","assessed_value":785500},{"address":"1002.0 BLACKBURN CLOSE SW","assessed_value":476500},{"address":"3915.0 22 AVENUE NW","assessed_value":316000},{"address":"nan nan","assessed_value":6500},{"address":"16436.0 81 STREET NW","assessed_value":495500},{"address":"1004.0 39 STREET NW","assessed_value":384000},{"address":"4912.0 31 AVENUE NW","assessed_value":380500},{"address":"6419.0 12 AVENUE NW","assessed_value":358500},{"address":"16328.0 3 STREET NE","assessed_value":742000},{"address":"6359.0 10 AVENUE NW","assessed_value":412000},{"address":"2236.0 KAUFMAN WAY NW","assessed_value":487000},{"address":"1262.0 GILLESPIE CRESCENT NW","assessed_value":480500},{"address":"4436.0 32 AVENUE NW","assessed_value":330500},{"address":"4027.0 18 AVENUE NW","assessed_value":381500},{"address":"875.0 TWIN BROOKS CLOSE NW","assessed_value":772000},{"address":"6623.0 172 STREET NW","assessed_value":212000},{"address":"11809.0 9B AVENUE NW","assessed_value":391500},{"address":"1706.0 37 STREET NW","assessed_value":172500},{"address":"4820.0 11A AVENUE NW","assessed_value":353000},{"address":"10023.0 110 STREET NW","assessed_value":258000},{"address":"10511.0 42 AVENUE NW","assessed_value":169000},{"address":"7741.0 96 STREET NW","assessed_value":479000},{"address":"4728.0 13 AVENUE NW","assessed_value":369500},{"address":"5315.0 157 AVENUE NW","assessed_value":413500},{"address":"4331.0 37B AVENUE NW","assessed_value":436000},{"address":"577.0 BUTTERWORTH WAY NW","assessed_value":517500},{"address":"4828.0 17 AVENUE NW","assessed_value":465000},{"address":"nan nan","assessed_value":2500},{"address":"3635.0 28 STREET NW","assessed_value":474000},{"address":"3511.0 34A AVENUE NW","assessed_value":397500},{"address":"527.0 FALCONER PLACE NW","assessed_value":552500},{"address":"3736.0 45 STREET NW","assessed_value":365500},{"address":"15144.0 30 STREET NW","assessed_value":405000},{"address":"10641.0 80 STREET NW","assessed_value":440500},{"address":"10421.0 42 AVENUE NW","assessed_value":205500},{"address":"8007.0 161A AVENUE NW","assessed_value":485500},{"address":"3911.0 34A AVENUE NW","assessed_value":368000},{"address":"14920.0 136 STREET NW","assessed_value":514500},{"address":"1007.0 35 STREET NW","assessed_value":344000},{"address":"43.0 GRAND MEADOW CRESCENT NW","assessed_value":391500},{"address":"3955.0 57 STREET NW","assessed_value":416000},{"address":"359.0 HUNTERS RUN NW","assessed_value":602000},{"address":"1717.0 TOMLINSON COMMON NW","assessed_value":611500},{"address":"13827.0 130A AVENUE NW","assessed_value":456000},{"address":"1211.0 52 STREET NW","assessed_value":392500},{"address":"841.0 111 STREET NW","assessed_value":48500},{"address":"6703.0 172 STREET NW","assessed_value":217000},{"address":"608.0 WEST MOUNT PLACE NW","assessed_value":66000},{"address":"5203.0 86 STREET NW","assessed_value":37523000},{"address":"2808.0 116 STREET NW","assessed_value":86000},{"address":"7804.0 164 AVENUE NW","assessed_value":503000},{"address":"76.0 DECHENE ROAD NW","assessed_value":546500},{"address":"6312.0 34B AVENUE NW","assessed_value":348500},{"address":"16909.0 84 STREET NW","assessed_value":419500},{"address":"14912.0 134 STREET NW","assessed_value":486000},{"address":"3921.0 62 STREET NW","assessed_value":145500},{"address":"11115.0 9 AVENUE NW","assessed_value":298500},{"address":"425.0 BLACKBURN DRIVE EAST SW","assessed_value":442500},{"address":"2520.0 50 STREET NW","assessed_value":175000},{"address":"201.0 WOODVALE ROAD WEST NW","assessed_value":372000},{"address":"4232.0 32 AVENUE NW","assessed_value":378500},{"address":"12241.0 83 STREET NW","assessed_value":252500},{"address":"4808.0 22 AVENUE NW","assessed_value":457500},{"address":"15922.0 86 STREET NW","assessed_value":470000},{"address":"18824.0 50 AVENUE NW","assessed_value":453000},{"address":"6324.0 34A AVENUE NW","assessed_value":312500},{"address":"1113.0 TWIN BROOKS POINT NW","assessed_value":698500},{"address":"3903.0 19 AVENUE NW","assessed_value":335500},{"address":"13136.0 36 STREET NW","assessed_value":356500},{"address":"11717.0 9B AVENUE NW","assessed_value":330000},{"address":"6515.0 12 AVENUE NW","assessed_value":1869000},{"address":"5716.0 40 AVENUE NW","assessed_value":450500},{"address":"14823.0 48 STREET NW","assessed_value":414500},{"address":"1836.0 42 STREET NW","assessed_value":330500},{"address":"4503.0 25 AVENUE NW","assessed_value":474500},{"address":"6037.0 37A AVENUE NW","assessed_value":451000},{"address":"1011.0 TWIN BROOKS COURT NW","assessed_value":710500},{"address":"343.0 GALBRAITH CLOSE NW","assessed_value":523500},{"address":"3435.0 65 STREET NW","assessed_value":365000},{"address":"1410.0 LOEWEN COURT NW","assessed_value":682000},{"address":"4712.0 35 AVENUE NW","assessed_value":354000},{"address":"819.0 BLACKLOCK WAY SW","assessed_value":376000},{"address":"1134.0 TWIN BROOKS POINT NW","assessed_value":894000},{"address":"nan nan","assessed_value":8500},{"address":"7940.0 165 AVENUE NW","assessed_value":505500},{"address":"14925.0 135 STREET NW","assessed_value":435000},{"address":"3822.0 44 STREET NW","assessed_value":803000},{"address":"1816.0 TUFFORD WAY NW","assessed_value":439500},{"address":"3935.0 10 AVENUE NW","assessed_value":372500},{"address":"1127.0 36 STREET NW","assessed_value":346500},{"address":"972.0 JORDAN CRESCENT NW","assessed_value":458000},{"address":"nan nan","assessed_value":6000},{"address":"14736.0 131 STREET NW","assessed_value":418500},{"address":"nan nan","assessed_value":7000},{"address":"9535.0 176 STREET NW","assessed_value":236500},{"address":"16311.0 92 STREET NW","assessed_value":441500},{"address":"298.0 GRAND MEADOW CRESCENT NW","assessed_value":549000},{"address":"2707.0 37 STREET NW","assessed_value":382000},{"address":"20608.0 5 AVENUE SW","assessed_value":948000},{"address":"3546.0 61 STREET NW","assessed_value":506500},{"address":"16010.0 118 AVENUE NW","assessed_value":5648000},{"address":"2115.0 38 STREET NW","assessed_value":314500},{"address":"3444.0 65 STREET NW","assessed_value":363500},{"address":"3607.0 28A AVENUE NW","assessed_value":356000},{"address":"836.0 TWIN BROOKS CLOSE NW","assessed_value":702500},{"address":"6218.0 11 AVENUE NW","assessed_value":358000},{"address":"3508.0 17B AVENUE NW","assessed_value":339500},{"address":"8828.0 156 AVENUE NW","assessed_value":724500},{"address":"5604.0 14 AVENUE NW","assessed_value":374000},{"address":"2930.0 152 AVENUE NW","assessed_value":433000},{"address":"7329.0 81 AVENUE NW","assessed_value":411500},{"address":"4916.0 186 STREET NW","assessed_value":415500},{"address":"2404.0 KAASA ROAD WEST NW","assessed_value":597000},{"address":"13116.0 151 AVENUE NW","assessed_value":411500},{"address":"3538.0 18 AVENUE NW","assessed_value":357500},{"address":"8912.0 156 STREET NW","assessed_value":180500},{"address":"9603.0 54 AVENUE NW","assessed_value":1500},{"address":"2023.0 36 STREET NW","assessed_value":407000},{"address":"10750.0 85 AVENUE NW","assessed_value":465000},{"address":"15044.0 132 STREET NW","assessed_value":352000},{"address":"15024.0 131 STREET NW","assessed_value":315000},{"address":"3624.0 16A AVENUE NW","assessed_value":369500},{"address":"1111.0 62 STREET NW","assessed_value":181500},{"address":"76.0 GRANLEA CRESCENT NW","assessed_value":576500},{"address":"2323.0 42A AVENUE NW","assessed_value":361000},{"address":"5518.0 38B AVENUE NW","assessed_value":287000},{"address":"9805.0 180 AVENUE NW","assessed_value":577000},{"address":"4420.0 149 AVENUE NW","assessed_value":350000},{"address":"nan nan","assessed_value":5500},{"address":"16211.0 77 STREET NW","assessed_value":463000},{"address":"1848.0 36 STREET NW","assessed_value":409500},{"address":"528.0 WISEMAN LANE NW","assessed_value":427500},{"address":"3515.0 65 STREET NW","assessed_value":356000},{"address":"7435.0 83 AVENUE NW","assessed_value":362000},{"address":"10933.0 124 STREET NW","assessed_value":199000},{"address":"1690.0 37 STREET NW","assessed_value":176000},{"address":"824.0 TWIN BROOKS CLOSE NW","assessed_value":686000},{"address":"1435.0 63 STREET NW","assessed_value":376000},{"address":"4219.0 37B AVENUE NW","assessed_value":427500},{"address":"17703.0 114 AVENUE NW","assessed_value":1040000},{"address":"1010.0 41 STREET NW","assessed_value":179500},{"address":"1141.0 TWIN BROOKS POINT NW","assessed_value":716500},{"address":"5120.0 15 AVENUE NW","assessed_value":330500},{"address":"114.0 RABBIT HILL COURT NW","assessed_value":469500},{"address":"4447.0 33A AVENUE NW","assessed_value":375500},{"address":"1670.0 JAMHA ROAD NW","assessed_value":266500},{"address":"4408.0 32 AVENUE NW","assessed_value":323500},{"address":"15008.0 130 STREET NW","assessed_value":389000},{"address":"7912.0 163 AVENUE NW","assessed_value":444500},{"address":"3615.0 42A AVENUE NW","assessed_value":355000},{"address":"3672.0 29 STREET NW","assessed_value":487500},{"address":"690.0 HENDERSON STREET NW","assessed_value":905500},{"address":"nan nan","assessed_value":5500},{"address":"6524.0 43 STREET NW","assessed_value":2026500},{"address":"3707.0 63 STREET NW","assessed_value":376000},{"address":"4232.0 38 STREET NW","assessed_value":306000},{"address":"2403.0 47 STREET NW","assessed_value":349500},{"address":"nan nan","assessed_value":8500},{"address":"7316.0 78 AVENUE NW","assessed_value":301500},{"address":"11002.0 97 AVENUE NW","assessed_value":500},{"address":"10421.0 42 AVENUE NW","assessed_value":178500},{"address":"1625.0 TOMPKINS PLACE NW","assessed_value":408000},{"address":"9720.0 134 AVENUE NW","assessed_value":346500},{"address":"12908.0 160 AVENUE NW","assessed_value":464000},{"address":"2215.0 BRENNAN COURT NW","assessed_value":462000},{"address":"1132.0 52 STREET NW","assessed_value":401000},{"address":"9846.0 179 AVENUE NW","assessed_value":418000},{"address":"1128.0 65 STREET NW","assessed_value":388000},{"address":"3616.0 17 AVENUE NW","assessed_value":368500},{"address":"1743.0 48A STREET NW","assessed_value":472500},{"address":"14836.0 47 STREET NW","assessed_value":373000},{"address":"262.0 GREENOCH CRESCENT NW","assessed_value":623500},{"address":"nan nan","assessed_value":8500},{"address":"1619.0 TOMPKINS PLACE NW","assessed_value":437500},{"address":"5309.0 35 AVENUE NW","assessed_value":552500},{"address":"18204.0 93 AVENUE NW","assessed_value":92500},{"address":"4804.0 148 AVENUE NW","assessed_value":394500},{"address":"2520.0 50 STREET NW","assessed_value":167500},{"address":"4604.0 36 AVENUE NW","assessed_value":371500},{"address":"1439.0 LOEWEN COURT NW","assessed_value":671000},{"address":"2848.0 37A AVENUE NW","assessed_value":524500},{"address":"4604.0 19 AVENUE NW","assessed_value":393000},{"address":"nan nan","assessed_value":16500},{"address":"46.0 WOODVALE VILLAGE NW","assessed_value":201000},{"address":"16012.0 78 STREET NW","assessed_value":467000},{"address":"9111.0 165 AVENUE NW","assessed_value":308500},{"address":"8435.0 MCINTYRE ROAD NW","assessed_value":2762500},{"address":"3907.0 12 AVENUE NW","assessed_value":281000},{"address":"5323.0 157 AVENUE NW","assessed_value":407500},{"address":"8949.0 156 AVENUE NW","assessed_value":496000},{"address":"11680.0 15 AVENUE NW","assessed_value":365000},{"address":"7308.0 80 AVENUE NW","assessed_value":328500},{"address":"6715.0 165 AVENUE NW","assessed_value":413500},{"address":"13814.0 130 AVENUE NW","assessed_value":410500},{"address":"17459.0 98A AVENUE NW","assessed_value":192500},{"address":"4918.0 27A AVENUE NW","assessed_value":345500},{"address":"9688.0 34 AVENUE NW","assessed_value":7880000},{"address":"148.0 HADDOW CLOSE NW","assessed_value":402000},{"address":"1414.0 GRANT WAY NW","assessed_value":387000},{"address":"147.0 COTE CRESCENT NW","assessed_value":465500},{"address":"1879.0 37 STREET NW","assessed_value":358500},{"address":"nan nan","assessed_value":8500},{"address":"5455.0 HILL VIEW CRESCENT NW","assessed_value":223000},{"address":"13320.0 124 STREET NW","assessed_value":271500},{"address":"2005.0 HADDOW DRIVE NW","assessed_value":634500},{"address":"2812.0 35 STREET NW","assessed_value":472500},{"address":"215.0 FALCONER LINK NW","assessed_value":609500},{"address":"1329.0 BRECKENRIDGE DRIVE NW","assessed_value":561000},{"address":"4328.0 37 STREET NW","assessed_value":356000},{"address":"4024.0 22 AVENUE NW","assessed_value":417500},{"address":"14739.0 131 STREET NW","assessed_value":427500},{"address":"111.0 BALL COVE SW","assessed_value":581000},{"address":"111.0 GRAND MEADOW CRESCENT NW","assessed_value":400500},{"address":"4811.0 17A AVENUE NW","assessed_value":404000},{"address":"4636.0 10A AVENUE NW","assessed_value":363000},{"address":"6009.0 34A AVENUE NW","assessed_value":342500},{"address":"2331.0 66 STREET NW","assessed_value":66205000},{"address":"nan nan","assessed_value":6500},{"address":"1827.0 TOMLINSON CRESCENT NW","assessed_value":445000},{"address":"18735.0 49 AVENUE NW","assessed_value":504500},{"address":"nan nan","assessed_value":6000},{"address":"1436.0 GRANT WAY NW","assessed_value":343000},{"address":"1169.0 LINCOLN CRESCENT NW","assessed_value":568000},{"address":"541.0 WISEMAN LANE NW","assessed_value":443000},{"address":"9730.0 106 STREET NW","assessed_value":85000},{"address":"6910.0 129 AVENUE NW","assessed_value":247000},{"address":"3848.0 51 STREET NW","assessed_value":461500},{"address":"6347.0 10 AVENUE NW","assessed_value":517500},{"address":"2520.0 50 STREET NW","assessed_value":107000},{"address":"13508.0 149A AVENUE NW","assessed_value":478500},{"address":"3613.0 42A AVENUE NW","assessed_value":332500},{"address":"11612.0 28 AVENUE NW","assessed_value":86000},{"address":"6318.0 11 AVENUE NW","assessed_value":393000},{"address":"1143.0 49A STREET NW","assessed_value":422500},{"address":"1763.0 GLASTONBURY BOULEVARD NW","assessed_value":402500},{"address":"3811.0 85 STREET NW","assessed_value":196500},{"address":"1664.0 FORBES WAY NW","assessed_value":568500},{"address":"119.0 205 STREET SW","assessed_value":819000},{"address":"1104.0 55 STREET NW","assessed_value":430000},{"address":"3523.0 34A AVENUE NW","assessed_value":377000},{"address":"17324.0 115 STREET NW","assessed_value":489000},{"address":"52.0 GRANLEA CRESCENT NW","assessed_value":452500},{"address":"10933.0 124 STREET NW","assessed_value":201500},{"address":"12618.0 152 AVENUE NW","assessed_value":24000},{"address":"1008.0 BLACKBURN CLOSE SW","assessed_value":447500},{"address":"1620.0 TOMLINSON COMMON NW","assessed_value":360500},{"address":"2917.0 152 AVENUE NW","assessed_value":396000},{"address":"3446.0 37 STREET NW","assessed_value":372500},{"address":"9904.0 22 AVENUE NW","assessed_value":2090000},{"address":"7816.0 106 AVENUE NW","assessed_value":115500},{"address":"5376.0 38A AVENUE NW","assessed_value":190000},{"address":"381.0 HUNTERS RUN NW","assessed_value":563500},{"address":"9818.0 180 AVENUE NW","assessed_value":424000},{"address":"812.0 TWIN BROOKS CLOSE NW","assessed_value":789500},{"address":"475.0 ORMSBY ROAD WEST NW","assessed_value":503000},{"address":"81.0 GREENOCH CRESCENT NW","assessed_value":464000},{"address":"1992.0 TANNER WYND NW","assessed_value":468000},{"address":"3615.0 56 STREET NW","assessed_value":406500},{"address":"14745.0 122 AVENUE NW","assessed_value":2086500},{"address":"3704.0 65 STREET NW","assessed_value":360500},{"address":"1666.0 37 STREET NW","assessed_value":176000},{"address":"1694.0 TOMPKINS WYND NW","assessed_value":414000},{"address":"3512.0 33 AVENUE NW","assessed_value":381000},{"address":"180.0 WARD CRESCENT NW","assessed_value":446000},{"address":"2064.0 45 STREET NW","assessed_value":452500},{"address":"11620.0 9A AVENUE NW","assessed_value":160000},{"address":"2416.0 37 STREET NW","assessed_value":471000},{"address":"14623.0 RAVINE POINT NW","assessed_value":814500},{"address":"807.0 PROCTOR WYND NW","assessed_value":689000},{"address":"10208.0 120 STREET NW","assessed_value":250500},{"address":"3822.0 25 AVENUE NW","assessed_value":345500},{"address":"2120.0 35 STREET NW","assessed_value":330500},{"address":"1303.0 117 STREET NW","assessed_value":576000},{"address":"1704.0 TURVEY BEND NW","assessed_value":552500},{"address":"820.0 GRAYDON COURT NW","assessed_value":377000},{"address":"15004.0 130 STREET NW","assessed_value":392000},{"address":"8215.0 84 AVENUE NW","assessed_value":174000},{"address":"3104.0 35 STREET NW","assessed_value":370000},{"address":"7130.0 68 AVENUE NW","assessed_value":1915000},{"address":"7817.0 163 AVENUE NW","assessed_value":443000},{"address":"9730.0 106 STREET NW","assessed_value":83000},{"address":"18812.0 50 AVENUE NW","assessed_value":476500},{"address":"923.0 HAMPTON COURT NW","assessed_value":559000},{"address":"nan nan","assessed_value":5500},{"address":"156.0 GRANLEA CRESCENT NW","assessed_value":516500},{"address":"1119.0 41 STREET NW","assessed_value":355000},{"address":"nan nan","assessed_value":6000},{"address":"4520.0 20 AVENUE NW","assessed_value":302500},{"address":"4104.0 39 AVENUE NW","assessed_value":492000},{"address":"3812.0 26 AVENUE NW","assessed_value":364000},{"address":"4527.0 25 AVENUE NW","assessed_value":364500},{"address":"16220.0 81 STREET NW","assessed_value":463500},{"address":"1438.0 62 STREET NW","assessed_value":304000},{"address":"2520.0 50 STREET NW","assessed_value":130500},{"address":"1653.0 FORBES WAY NW","assessed_value":677000},{"address":"5413.0 HILL VIEW CRESCENT NW","assessed_value":212000},{"address":"768.0 BUTTERWORTH DRIVE NW","assessed_value":1325500},{"address":"nan nan","assessed_value":8500},{"address":"5541.0 39 AVENUE NW","assessed_value":370000},{"address":"1139.0 41 STREET NW","assessed_value":350500},{"address":"2107.0 36 STREET NW","assessed_value":433000},{"address":"nan nan","assessed_value":8500},{"address":"224.0 WOODVALE ROAD WEST NW","assessed_value":368000},{"address":"nan nan","assessed_value":6000},{"address":"3531.0 HILL VIEW CRESCENT NW","assessed_value":418500},{"address":"5119.0 14 AVENUE NW","assessed_value":402000},{"address":"1852.0 45 STREET NW","assessed_value":405500},{"address":"13004.0 HUDSON WAY NW","assessed_value":461000},{"address":"nan nan","assessed_value":5500},{"address":"7951.0 96 STREET NW","assessed_value":345000},{"address":"15004.0 134 STREET NW","assessed_value":482500},{"address":"nan nan","assessed_value":6000},{"address":"nan nan","assessed_value":6500},{"address":"7115.0 83 AVENUE NW","assessed_value":312000},{"address":"4219.0 29 AVENUE NW","assessed_value":476500},{"address":"1875.0 45 STREET NW","assessed_value":462000},{"address":"1802.0 42 STREET NW","assessed_value":1000},{"address":"526.0 WISEMAN LANE NW","assessed_value":421500},{"address":"6411.0 37B AVENUE NW","assessed_value":490000},{"address":"11816.0 11 AVENUE NW","assessed_value":453000},{"address":"426.0 EVERGREEN PARK NW","assessed_value":71000},{"address":"4700.0 104 AVENUE NW","assessed_value":4000},{"address":"15503.0 104 AVENUE NW","assessed_value":354500},{"address":"5969.0 40 AVENUE NW","assessed_value":129500},{"address":"nan nan","assessed_value":8500},{"address":"3104.0 49A STREET NW","assessed_value":384500},{"address":"15720.0 53 STREET NW","assessed_value":500},{"address":"7905.0 96 STREET NW","assessed_value":381500},{"address":"247.0 BYRNE PLACE SW","assessed_value":517000},{"address":"9345.0 49 STREET NW","assessed_value":10330000},{"address":"4220.0 139 AVENUE NW","assessed_value":122500},{"address":"11528.0 169A AVENUE NW","assessed_value":453500},{"address":"1759.0 35 STREET NW","assessed_value":308500},{"address":"3703.0 65 STREET NW","assessed_value":494500},{"address":"9026.0 165 AVENUE NW","assessed_value":415500},{"address":"15708.0 90 STREET NW","assessed_value":472000},{"address":"808.0 CALGARY TRAIL NW","assessed_value":0},{"address":"nan nan","assessed_value":6000},{"address":"10340.0 58 AVENUE NW","assessed_value":1266000},{"address":"16048.0 87 STREET NW","assessed_value":675000},{"address":"11730.0 13A AVENUE NW","assessed_value":544000},{"address":"4315.0 37 AVENUE NW","assessed_value":473500},{"address":"2816.0 116 STREET NW","assessed_value":101500},{"address":"11827.0 12A AVENUE NW","assessed_value":550500},{"address":"8215.0 84 AVENUE NW","assessed_value":206000},{"address":"10711.0 83 AVENUE NW","assessed_value":309000},{"address":"2335.0 37B AVENUE NW","assessed_value":425000},{"address":"4604.0 190 STREET NW","assessed_value":464500},{"address":"12935.0 HUDSON WAY NW","assessed_value":503500},{"address":"9730.0 106 STREET NW","assessed_value":94500},{"address":"nan nan","assessed_value":8500},{"address":"4905.0 19 AVENUE NW","assessed_value":289500},{"address":"832.0 BLACKLOCK WAY SW","assessed_value":457000},{"address":"4333.0 37 STREET NW","assessed_value":338000},{"address":"5470.0 38A AVENUE NW","assessed_value":192000},{"address":"15039.0 131 STREET NW","assessed_value":393500},{"address":"nan nan","assessed_value":15500},{"address":"3116.0 134 AVENUE NW","assessed_value":411500},{"address":"251.0 LINDSAY CRESCENT NW","assessed_value":702500},{"address":"7951.0 96 STREET NW","assessed_value":336000},{"address":"6426.0 37B AVENUE NW","assessed_value":520000},{"address":"3947.0 55 STREET NW","assessed_value":355000},{"address":"5210.0 38A AVENUE NW","assessed_value":464500},{"address":"13540.0 149 AVENUE NW","assessed_value":439000},{"address":"4019.0 22 AVENUE NW","assessed_value":339500},{"address":"3231.0 45A STREET NW","assessed_value":327500},{"address":"3541.0 61 STREET NW","assessed_value":442000},{"address":"102.0 DECHENE ROAD NW","assessed_value":504000},{"address":"2419.0 43A AVENUE NW","assessed_value":55500},{"address":"8315.0 83 STREET NW","assessed_value":111000},{"address":"2520.0 50 STREET NW","assessed_value":150500},{"address":"1024.0 BARNES WAY SW","assessed_value":628500},{"address":"8023.0 161 AVENUE NW","assessed_value":477500},{"address":"3723.0 44 STREET NW","assessed_value":603500},{"address":"4220.0 139 AVENUE NW","assessed_value":165500},{"address":"3424.0 38 STREET NW","assessed_value":438500},{"address":"1269.0 GILLESPIE CRESCENT NW","assessed_value":398000},{"address":"210.0 WYMAN LANE NW","assessed_value":472500},{"address":"13418.0 32A STREET NW","assessed_value":401000},{"address":"1918.0 36 STREET NW","assessed_value":384000},{"address":"177.0 GREENOCH CRESCENT NW","assessed_value":541000},{"address":"16136.0 78 STREET NW","assessed_value":458500},{"address":"4556.0 32 AVENUE NW","assessed_value":309000},{"address":"3715.0 60 STREET NW","assessed_value":346500},{"address":"2109.0 38 STREET NW","assessed_value":278000},{"address":"10328.0 156 AVENUE NW","assessed_value":456500},{"address":"16307.0 90 STREET NW","assessed_value":437500},{"address":"nan nan","assessed_value":11000},{"address":"13439.0 33 STREET NW","assessed_value":308000},{"address":"7712.0 164 AVENUE NW","assessed_value":529000},{"address":"8417.0 160A AVENUE NW","assessed_value":640500},{"address":"219.0 GRAND MEADOW CRESCENT NW","assessed_value":432000},{"address":"2612.0 43 STREET NW","assessed_value":392000},{"address":"14908.0 47 STREET NW","assessed_value":474000},{"address":"3512.0 20 AVENUE NW","assessed_value":403000},{"address":"1215.0 52 STREET NW","assessed_value":374000},{"address":"2813.0 37 AVENUE NW","assessed_value":620500},{"address":"911.0 RABBIT HILL ROAD NW","assessed_value":187000},{"address":"8004.0 164 AVENUE NW","assessed_value":528000},{"address":"4531.0 35 AVENUE NW","assessed_value":310500},{"address":"13760.0 130 AVENUE NW","assessed_value":344500},{"address":"4508.0 35 AVENUE NW","assessed_value":368500},{"address":"nan nan","assessed_value":4500},{"address":"1004.0 56 STREET NW","assessed_value":403000},{"address":"1104.0 36 STREET NW","assessed_value":406500},{"address":"2035.0 HADDOW DRIVE NW","assessed_value":0},{"address":"475.0 HEFFERNAN DRIVE NW","assessed_value":1420000},{"address":"7204.0 78 AVENUE NW","assessed_value":404500},{"address":"16311.0 80 AVENUE NW","assessed_value":381500},{"address":"4566.0 32 AVENUE NW","assessed_value":324000},{"address":"1746.0 37 STREET NW","assessed_value":373000},{"address":"2053.0 HADDOW DRIVE NW","assessed_value":598000},{"address":"704.0 HETU LANE NW","assessed_value":1183000},{"address":"14928.0 47 STREET NW","assessed_value":477500},{"address":"4208.0 30 AVENUE NW","assessed_value":392000},{"address":"120.0 DARLINGTON CRESCENT NW","assessed_value":702000},{"address":"1430.0 GRANT WAY NW","assessed_value":343000},{"address":"5428.0 35 AVENUE NW","assessed_value":6000},{"address":"13432.0 33 STREET NW","assessed_value":311500},{"address":"616.0 TWIN BROOKS BEND NW","assessed_value":581500},{"address":"2719.0 42 STREET NW","assessed_value":406500},{"address":"17707.0 50 STREET NW","assessed_value":5500},{"address":"5438.0 38A AVENUE NW","assessed_value":170000},{"address":"1408.0 35 STREET NW","assessed_value":341000},{"address":"3819.0 47 STREET NW","assessed_value":381500},{"address":"6311.0 12 AVENUE NW","assessed_value":385000},{"address":"253.0 GREENOCH CRESCENT NW","assessed_value":521000},{"address":"3456.0 65 STREET NW","assessed_value":5000},{"address":"14708.0 MILLER BOULEVARD NW","assessed_value":370500},{"address":"10511.0 42 AVENUE NW","assessed_value":198000},{"address":"6338.0 11 AVENUE NW","assessed_value":397000},{"address":"3315.0 40 AVENUE NW","assessed_value":450500},{"address":"3133.0 40A AVENUE NW","assessed_value":523000},{"address":"13320.0 124 STREET NW","assessed_value":307500},{"address":"3820.0 62 STREET NW","assessed_value":387000},{"address":"3531.0 131 AVENUE NW","assessed_value":421500},{"address":"6417.0 36A AVENUE NW","assessed_value":397500},{"address":"2620.0 43 STREET NW","assessed_value":385500},{"address":"2817.0 37B AVENUE NW","assessed_value":551000},{"address":"nan nan","assessed_value":7500},{"address":"490.0 KLARVATTEN LAKE WYND NW","assessed_value":571500},{"address":"53.0 GRANLEA CRESCENT NW","assessed_value":568000},{"address":"8303.0 160 AVENUE NW","assessed_value":286500},{"address":"610.0 HUNTERS CLOSE NW","assessed_value":711500},{"address":"1727.0 37 STREET NW","assessed_value":338500},{"address":"912.0 LAMB CRESCENT NW","assessed_value":691000},{"address":"12728.0 HUDSON WAY NW","assessed_value":571000},{"address":"14924.0 134 STREET NW","assessed_value":455000},{"address":"11640.0 79 AVENUE NW","assessed_value":438500},{"address":"1208.0 56 STREET NW","assessed_value":371000},{"address":"6623.0 172 STREET NW","assessed_value":215500},{"address":"1644.0 TOMPKINS WYND NW","assessed_value":426500},{"address":"7909.0 51 AVENUE NW","assessed_value":5809500},{"address":"4008.0 20 AVENUE NW","assessed_value":409500},{"address":"9.0 DECHENE LANE NW","assessed_value":452500},{"address":"3535.0 18 AVENUE NW","assessed_value":401500},{"address":"1714.0 TOMPKINS WYND NW","assessed_value":416000},{"address":"5224.0 191 STREET NW","assessed_value":442500},{"address":"4223.0 38 STREET NW","assessed_value":297000},{"address":"3949.0 62 STREET NW","assessed_value":167000},{"address":"5538.0 39 AVENUE NW","assessed_value":430000},{"address":"3428.0 60 STREET NW","assessed_value":357000},{"address":"8915.0 156 AVENUE NW","assessed_value":585000},{"address":"4707.0 10A AVENUE NW","assessed_value":413500},{"address":"1615.0 47 STREET NW","assessed_value":1095500},{"address":"5903.0 10 AVENUE NW","assessed_value":384500},{"address":"4132.0 33 STREET NW","assessed_value":502500},{"address":"16043.0 84 STREET NW","assessed_value":487500},{"address":"8319.0 172 AVENUE NW","assessed_value":447500},{"address":"14507.0 131 STREET NW","assessed_value":448500},{"address":"18204.0 93 AVENUE NW","assessed_value":98500},{"address":"7503.0 GIRARD ROAD NW","assessed_value":4197000},{"address":"17527.0 53 AVENUE NW","assessed_value":598000},{"address":"1058.0 BLACKBURN CLOSE SW","assessed_value":556000},{"address":"nan nan","assessed_value":8500},{"address":"1610.0 FORBES WAY NW","assessed_value":489500},{"address":"152.0 DARLINGTON CRESCENT NW","assessed_value":724000},{"address":"13320.0 124 STREET NW","assessed_value":323000},{"address":"1832.0 35 STREET NW","assessed_value":353500},{"address":"7400.0 52 STREET NW","assessed_value":1670500},{"address":"606.0 WEST MOUNT PLACE NW","assessed_value":82000},{"address":"9818.0 179 AVENUE NW","assessed_value":460000},{"address":"622.0 HARKER CLOSE NW","assessed_value":499500},{"address":"17109.0 67 AVENUE NW","assessed_value":131500},{"address":"3624.0 56 STREET NW","assessed_value":437500},{"address":"5232.0 157 AVENUE NW","assessed_value":445500},{"address":"11620.0 9A AVENUE NW","assessed_value":153500},{"address":"nan nan","assessed_value":7500},{"address":"9842.0 180 AVENUE NW","assessed_value":439000},{"address":"16408.0 81 STREET NW","assessed_value":398500},{"address":"11704.0 11A AVENUE NW","assessed_value":504000},{"address":"4507.0 32A AVENUE NW","assessed_value":300000},{"address":"2848.0 40B AVENUE NW","assessed_value":425500},{"address":"3326.0 40A AVENUE NW","assessed_value":453500},{"address":"1119.0 52 STREET NW","assessed_value":365500},{"address":"11820.0 28 STREET NE","assessed_value":4231000},{"address":"303.0 LEGER WAY NW","assessed_value":340500},{"address":"1923.0 49 STREET NW","assessed_value":388500},{"address":"1720.0 TOMLINSON COMMON NW","assessed_value":493000},{"address":"607.0 KULAWY PLACE NW","assessed_value":635500},{"address":"10410.0 111 AVENUE NW","assessed_value":126743000},{"address":"90.0 DECHENE ROAD NW","assessed_value":501500},{"address":"9261.0 34 AVENUE NW","assessed_value":6096000}]