[{"address":"13043.0 208 STREET NW","assessed_value":663000},{"address":"16364.0 17 AVENUE SW","assessed_value":781000},{"address":"nan nan","assessed_value":12500},{"address":"10227.0 115 STREET NW","assessed_value":224500},{"address":"3600.0 KESWICK BOULEVARD SW","assessed_value":675500},{"address":"nan nan","assessed_value":8000},{"address":"17524.0 122 STREET NW","assessed_value":550000},{"address":"2165.0 KOSHAL WAY SW","assessed_value":658500},{"address":"nan nan","assessed_value":8000},{"address":"1116.0 WAHL PLACE NW","assessed_value":2415000},{"address":"9847.0 79 AVENUE NW","assessed_value":528000},{"address":"4008.0 SAVARYN DRIVE SW","assessed_value":225500},{"address":"316.0 WINDERMERE ROAD NW","assessed_value":254000},{"address":"2403.0 91 STREET SW","assessed_value":9590500},{"address":"4029.0 ORCHARDS DRIVE SW","assessed_value":231500},{"address":"12660.0 142 AVENUE NW","assessed_value":156000},{"address":"480.0 EBBERS WAY NW","assessed_value":432000},{"address":"nan nan","assessed_value":40500},{"address":"12650.0 142 AVENUE NW","assessed_value":196500},{"address":"3467.0 KESWICK BOULEVARD SW","assessed_value":1271500},{"address":"8837.0 24 AVENUE SW","assessed_value":693500},{"address":"458.0 ORCHARDS BOULEVARD SW","assessed_value":391500},{"address":"812.0 WELSH DRIVE SW","assessed_value":185000},{"address":"nan nan","assessed_value":5500},{"address":"10418.0 81 AVENUE NW","assessed_value":269500},{"address":"321.0 DESROCHERS BOULEVARD SW","assessed_value":394000},{"address":"nan nan","assessed_value":12500},{"address":"17226.0 65A STREET NW","assessed_value":540000},{"address":"2603.0 COUGHLAN ROAD SW","assessed_value":487500},{"address":"16347.0 17 AVENUE SW","assessed_value":610500},{"address":"nan nan","assessed_value":41000},{"address":"1510.0 WATT DRIVE SW","assessed_value":219500},{"address":"17224.0 9A AVENUE SW","assessed_value":317000},{"address":"9510.0 71 AVENUE NW","assessed_value":647000},{"address":"1271.0 PEREGRINE TERRACE NW","assessed_value":1167500},{"address":"9118.0 COOPER CRESCENT SW","assessed_value":524500},{"address":"917.0 EBBERS CRESCENT NW","assessed_value":396500},{"address":"1539.0 22 STREET NW","assessed_value":452500},{"address":"nan nan","assessed_value":12000},{"address":"8544.0 CUSHING PLACE SW","assessed_value":462000},{"address":"6035.0 ROSENTHAL WAY NW","assessed_value":554000},{"address":"nan nan","assessed_value":12000},{"address":"2560.0 PEGASUS BOULEVARD NW","assessed_value":325500},{"address":"4116.0 5 STREET NW","assessed_value":534000},{"address":"229.0 CY BECKER BOULEVARD NW","assessed_value":455000},{"address":"nan nan","assessed_value":8500},{"address":"4029.0 ORCHARDS DRIVE SW","assessed_value":237000},{"address":"5390.0 CHAPPELLE ROAD SW","assessed_value":166000},{"address":"nan nan","assessed_value":6000},{"address":"10811.0 72 AVENUE NW","assessed_value":305500},{"address":"8525.0 91 STREET NW","assessed_value":392500},{"address":"1627.0 18 STREET NW","assessed_value":562500},{"address":"4920.0 CHARLES POINT SW","assessed_value":655500},{"address":"3674.0 HUMMINGBIRD WAY NW","assessed_value":599500},{"address":"15928.0 13 AVENUE SW","assessed_value":480000},{"address":"12650.0 142 AVENUE NW","assessed_value":204000},{"address":"5816.0 MULLEN PLACE NW","assessed_value":201500},{"address":"15019.0 14 STREET NW","assessed_value":827500},{"address":"3669.0 HUMMINGBIRD WAY NW","assessed_value":393500},{"address":"17013.0 60 STREET NW","assessed_value":534500},{"address":"17218.0 65A STREET NW","assessed_value":590500},{"address":"7815.0 174 AVENUE NW","assessed_value":564000},{"address":"3475.0 199 STREET NW","assessed_value":31000},{"address":"1066.0 EAST BEND NW","assessed_value":450500},{"address":"6732.0 ELSTON LANE NW","assessed_value":565500},{"address":"11080.0 ELLERSLIE ROAD SW","assessed_value":289000},{"address":"10238.0 103 STREET NW","assessed_value":309500},{"address":"4417.0 5A STREET NW","assessed_value":418500},{"address":"476.0 EBBERS WAY NW","assessed_value":456500},{"address":"nan nan","assessed_value":4500},{"address":"nan nan","assessed_value":14500},{"address":"nan nan","assessed_value":12500},{"address":"9509.0 145 STREET NW","assessed_value":973500},{"address":"17615.0 59 STREET NW","assessed_value":441500},{"address":"1519.0 158 STREET SW","assessed_value":628000},{"address":"1507.0 26 AVENUE NW","assessed_value":398500},{"address":"6447.0 ELSTON LOOP NW","assessed_value":699000},{"address":"6532.0 172 AVENUE NW","assessed_value":655000},{"address":"2560.0 PEGASUS BOULEVARD NW","assessed_value":284500},{"address":"2798.0 COUGHLAN GREEN SW","assessed_value":416500},{"address":"14240.0 137 AVENUE NW","assessed_value":26718000},{"address":"nan nan","assessed_value":4500},{"address":"nan nan","assessed_value":9500},{"address":"2314.0 CASEY CRESCENT SW","assessed_value":420500},{"address":"1220.0 29 STREET NW","assessed_value":454000},{"address":"12009.0 123 STREET NW","assessed_value":520000},{"address":"3307.0 11 AVENUE NW","assessed_value":430500},{"address":"2038.0 WARE ROAD NW","assessed_value":747500},{"address":"6316.0 109A STREET NW","assessed_value":831500},{"address":"812.0 WELSH DRIVE SW","assessed_value":240500},{"address":"344.0 WINDERMERE ROAD NW","assessed_value":190500},{"address":"nan nan","assessed_value":12500},{"address":"527.0 EBBERS WAY NW","assessed_value":373500},{"address":"5810.0 MULLEN PLACE NW","assessed_value":178000},{"address":"8138.0 CHAPPELLE WAY SW","assessed_value":376000},{"address":"3839.0 170 AVENUE NW","assessed_value":421000},{"address":"11823.0 22 AVENUE SW","assessed_value":29744500},{"address":"nan nan","assessed_value":3500},{"address":"5370.0 CHAPPELLE ROAD SW","assessed_value":174000},{"address":"nan nan","assessed_value":8000},{"address":"17567.0 57 STREET NW","assessed_value":567500},{"address":"4220.0 CHARLES CLOSE SW","assessed_value":575500},{"address":"nan nan","assessed_value":12000},{"address":"nan nan","assessed_value":10500},{"address":"17838.0 60A STREET NW","assessed_value":658000},{"address":"8165.0 CHAPPELLE WAY SW","assessed_value":395500},{"address":"5370.0 CHAPPELLE ROAD SW","assessed_value":167500},{"address":"2341.0 CASEY CRESCENT SW","assessed_value":469500},{"address":"8027.0 EVANS CRESCENT NW","assessed_value":681000},{"address":"10532.0 82 AVENUE NW","assessed_value":5318000},{"address":"5816.0 MULLEN PLACE NW","assessed_value":165000},{"address":"nan nan","assessed_value":6000},{"address":"10238.0 103 STREET NW","assessed_value":296000},{"address":"3017.0 14A AVENUE NW","assessed_value":712000},{"address":"3227.0 13 AVENUE NW","assessed_value":806500},{"address":"905.0 173 STREET SW","assessed_value":321000},{"address":"nan nan","assessed_value":14500},{"address":"3108.0 13 AVENUE NW","assessed_value":653500},{"address":"6952.0 76 AVENUE NW","assessed_value":486500},{"address":"11080.0 ELLERSLIE ROAD SW","assessed_value":324500},{"address":"nan nan","assessed_value":40500},{"address":"5510.0 SCHONSEE DRIVE NW","assessed_value":212500},{"address":"16416.0 12 AVENUE SW","assessed_value":522500},{"address":"10507.0 121 STREET NW","assessed_value":9861000},{"address":"1480.0 WATT DRIVE SW","assessed_value":339000},{"address":"9151.0 SHAW WAY SW","assessed_value":302000},{"address":"nan nan","assessed_value":350500},{"address":"nan nan","assessed_value":3000},{"address":"818.0 35A AVENUE NW","assessed_value":457000},{"address":"11080.0 ELLERSLIE ROAD SW","assessed_value":174500},{"address":"5214.0 CRABAPPLE LINK SW","assessed_value":403500},{"address":"269.0 DESROCHERS BOULEVARD SW","assessed_value":374000},{"address":"903.0 CRYSTALLINA NERA WAY NW","assessed_value":324000},{"address":"nan nan","assessed_value":12500},{"address":"1938.0 24 STREET NW","assessed_value":393000},{"address":"nan nan","assessed_value":12500},{"address":"nan nan","assessed_value":6000},{"address":"22417.0 99A AVENUE NW","assessed_value":566500},{"address":"nan nan","assessed_value":9000},{"address":"2004.0 TRUMPETER WAY NW","assessed_value":340000},{"address":"221.0 41 AVENUE NW","assessed_value":496000},{"address":"9519.0 160 AVENUE NW","assessed_value":189500},{"address":"4826.0 172A AVENUE NW","assessed_value":545500},{"address":"nan nan","assessed_value":6000},{"address":"8145.0 CHAPPELLE WAY SW","assessed_value":415000},{"address":"2560.0 PEGASUS BOULEVARD NW","assessed_value":272000},{"address":"18122.0 77 STREET NW","assessed_value":165500},{"address":"2435.0 13 STREET NW","assessed_value":605500},{"address":"5126.0 22 AVENUE SW","assessed_value":399500},{"address":"nan nan","assessed_value":12500},{"address":"nan nan","assessed_value":8000},{"address":"nan nan","assessed_value":12000},{"address":"10238.0 103 STREET NW","assessed_value":198000},{"address":"nan nan","assessed_value":8000},{"address":"nan nan","assessed_value":9000},{"address":"3470.0 ALLAN DRIVE SW","assessed_value":1904000},{"address":"504.0 GRIESBACH PARADE NW","assessed_value":230500},{"address":"305.0 EDGEMONT ROAD NW","assessed_value":386500},{"address":"22423.0 99 AVENUE NW","assessed_value":539500},{"address":"20727.0 98 AVENUE NW","assessed_value":657500},{"address":"nan nan","assessed_value":8000},{"address":"1232.0 25 AVENUE NW","assessed_value":614000},{"address":"2231.0 GLENRIDDING BOULEVARD SW","assessed_value":400000},{"address":"1144.0 ADAMSON DRIVE SW","assessed_value":197000},{"address":"nan nan","assessed_value":6000},{"address":"2560.0 PEGASUS BOULEVARD NW","assessed_value":251500},{"address":"1926.0 15 AVENUE NW","assessed_value":451500},{"address":"107.0 WATT COMMON SW","assessed_value":185000},{"address":"nan nan","assessed_value":6000},{"address":"1140.0 CHAPPELLE BOULEVARD SW","assessed_value":299500},{"address":"10226.0 104 STREET NW","assessed_value":287500},{"address":"8604.0 CUSHING PLACE SW","assessed_value":478500},{"address":"3448.0 KESWICK BOULEVARD SW","assessed_value":1329000},{"address":"10238.0 103 STREET NW","assessed_value":317000},{"address":"10238.0 103 STREET NW","assessed_value":309000},{"address":"3800.0 WEIDLE CRESCENT SW","assessed_value":424500},{"address":"3115.0 11 AVENUE NW","assessed_value":448500},{"address":"2229.0 44 AVENUE NW","assessed_value":205500},{"address":"320.0 AMBLESIDE LINK SW","assessed_value":212000},{"address":"3315.0 JAMES MOWATT TRAIL SW","assessed_value":156000},{"address":"nan nan","assessed_value":41000},{"address":"nan nan","assessed_value":14500},{"address":"8095.0 CHAPPELLE WAY SW","assessed_value":368500},{"address":"7115.0 ARMOUR LINK SW","assessed_value":596000},{"address":"12660.0 142 AVENUE NW","assessed_value":204500},{"address":"9530.0 72 AVENUE NW","assessed_value":570000},{"address":"1604.0 168 STREET SW","assessed_value":585000},{"address":"15032.0 14 STREET NW","assessed_value":628500},{"address":"1720.0 168 STREET SW","assessed_value":540500},{"address":"nan nan","assessed_value":8000},{"address":"1787.0 KEENE CRESCENT SW","assessed_value":381500},{"address":"2182.0 52A STREET SW","assessed_value":446000},{"address":"nan nan","assessed_value":12500},{"address":"13023.0 208 STREET NW","assessed_value":645000},{"address":"178.0 DESROCHERS GATE SW","assessed_value":373500},{"address":"nan nan","assessed_value":12500},{"address":"10811.0 72 AVENUE NW","assessed_value":314500},{"address":"2922.0 MAPLE WAY NW","assessed_value":304500},{"address":"10238.0 103 STREET NW","assessed_value":318000},{"address":"2620.0 22 AVENUE NW","assessed_value":501500},{"address":"nan nan","assessed_value":9500},{"address":"2123.0 22 STREET NW","assessed_value":869000},{"address":"1323.0 165 STREET SW","assessed_value":631000},{"address":"nan nan","assessed_value":12500},{"address":"6703.0 ELSTON LANE NW","assessed_value":504000},{"address":"12660.0 142 AVENUE NW","assessed_value":210000},{"address":"nan nan","assessed_value":9500},{"address":"1104.0 33A STREET NW","assessed_value":427500},{"address":"nan nan","assessed_value":12000},{"address":"nan nan","assessed_value":5500},{"address":"10630.0 154 STREET NW","assessed_value":432500},{"address":"nan nan","assessed_value":12000},{"address":"14227.0 101 AVENUE NW","assessed_value":784000},{"address":"2315.0 22 AVENUE NW","assessed_value":512500},{"address":"3613.0 KESWICK BOULEVARD SW","assessed_value":590000},{"address":"2654.0 MAPLE WAY NW","assessed_value":449000},{"address":"nan nan","assessed_value":12500},{"address":"2320.0 89 STREET SW","assessed_value":727500},{"address":"20525.0 128 AVENUE NW","assessed_value":413000},{"address":"nan nan","assessed_value":12000},{"address":"16519.0 17 AVENUE SW","assessed_value":780500},{"address":"2326.0 86 STREET SW","assessed_value":411500},{"address":"5217.0 CRABAPPLE LINK SW","assessed_value":402500},{"address":"5816.0 MULLEN PLACE NW","assessed_value":163500},{"address":"nan nan","assessed_value":12000},{"address":"3327.0 13 AVENUE NW","assessed_value":590500},{"address":"17523.0 77 STREET NW","assessed_value":590500},{"address":"723.0 172 STREET SW","assessed_value":329000},{"address":"452.0 41 AVENUE NW","assessed_value":717000},{"address":"16714.0 14 AVENUE SW","assessed_value":431000},{"address":"nan nan","assessed_value":3000},{"address":"6030.0 125 AVENUE NW","assessed_value":4940000},{"address":"17831.0 60 STREET NW","assessed_value":422000},{"address":"15120.0 14 STREET NW","assessed_value":611500},{"address":"nan nan","assessed_value":12000},{"address":"8132.0 217 STREET NW","assessed_value":428500},{"address":"1031.0 173 STREET SW","assessed_value":167000},{"address":"10238.0 103 STREET NW","assessed_value":186500},{"address":"5804.0 MULLEN PLACE NW","assessed_value":201500},{"address":"nan nan","assessed_value":5000},{"address":"9203.0 156 AVENUE NW","assessed_value":118500},{"address":"2560.0 PEGASUS BOULEVARD NW","assessed_value":303500},{"address":"1210.0 PEREGRINE TERRACE NW","assessed_value":771500},{"address":"nan nan","assessed_value":4500},{"address":"8135.0 CHAPPELLE WAY SW","assessed_value":395000},{"address":"nan nan","assessed_value":10500},{"address":"nan nan","assessed_value":6000},{"address":"5104.0 50 STREET NW","assessed_value":29480000},{"address":"5515.0 7 AVENUE SW","assessed_value":187500},{"address":"4228.0 VETERANS WAY NW","assessed_value":1425000},{"address":"7252.0 MORGAN ROAD NW","assessed_value":657500},{"address":"3115.0 15 AVENUE NW","assessed_value":402500},{"address":"285.0 DESROCHERS BOULEVARD SW","assessed_value":404500},{"address":"2331.0 CASSIDY WAY SW","assessed_value":559000},{"address":"316.0 WINDERMERE ROAD NW","assessed_value":348500},{"address":"15709.0 139 STREET NW","assessed_value":211000},{"address":"nan nan","assessed_value":12000},{"address":"9118.0 89 STREET NW","assessed_value":845000},{"address":"1309.0 32A STREET NW","assessed_value":557500},{"address":"1140.0 CHAPPELLE BOULEVARD SW","assessed_value":299500},{"address":"nan nan","assessed_value":12000},{"address":"10811.0 72 AVENUE NW","assessed_value":300000},{"address":"1004.0 ROSENTHAL BOULEVARD NW","assessed_value":244000},{"address":"nan nan","assessed_value":4500},{"address":"306.0 DESROCHERS BOULEVARD SW","assessed_value":404500},{"address":"4008.0 SAVARYN DRIVE SW","assessed_value":239000},{"address":"2703.0 11 STREET NW","assessed_value":565000},{"address":"nan nan","assessed_value":8000},{"address":"nan nan","assessed_value":8500},{"address":"22725.0 94B AVENUE NW","assessed_value":482500},{"address":"1616.0 151 AVENUE NW","assessed_value":20000},{"address":"10226.0 104 STREET NW","assessed_value":281500},{"address":"5515.0 7 AVENUE SW","assessed_value":209500},{"address":"503.0 ALBANY WAY NW","assessed_value":220500},{"address":"820.0 176 STREET SW","assessed_value":676500},{"address":"1140.0 CHAPPELLE BOULEVARD SW","assessed_value":292500},{"address":"3315.0 JAMES MOWATT TRAIL SW","assessed_value":121000},{"address":"3840.0 170 AVENUE NW","assessed_value":381000},{"address":"11080.0 ELLERSLIE ROAD SW","assessed_value":276500},{"address":"5515.0 7 AVENUE SW","assessed_value":201500},{"address":"5619.0 22A AVENUE SW","assessed_value":618500},{"address":"17322.0 81 STREET NW","assessed_value":409000},{"address":"2209.0 16 AVENUE NW","assessed_value":411500},{"address":"5816.0 MULLEN PLACE NW","assessed_value":170500},{"address":"5151.0 WINDERMERE BOULEVARD SW","assessed_value":227500},{"address":"nan nan","assessed_value":8000},{"address":"208.0 42 AVENUE NW","assessed_value":439500},{"address":"nan nan","assessed_value":8500},{"address":"1724.0 167 STREET SW","assessed_value":432500},{"address":"nan nan","assessed_value":8500},{"address":"nan nan","assessed_value":4500},{"address":"nan nan","assessed_value":10500},{"address":"667.0 WATT BOULEVARD SW","assessed_value":194000},{"address":"6520.0 172 AVENUE NW","assessed_value":700500},{"address":"4424.0 5 STREET NW","assessed_value":420000},{"address":"nan nan","assessed_value":8000},{"address":"438.0 CRYSTALLINA NERA DRIVE NW","assessed_value":393000},{"address":"503.0 ALBANY WAY NW","assessed_value":227500},{"address":"2415.0 SAN FORTUNATO STREET NW","assessed_value":690000},{"address":"6056.0 ROSENTHAL WAY NW","assessed_value":416500},{"address":"9515.0 160 AVENUE NW","assessed_value":267000},{"address":"241.0 HAWKS RIDGE BOULEVARD NW","assessed_value":676000},{"address":"nan nan","assessed_value":8500},{"address":"2613.0 22 AVENUE NW","assessed_value":506000},{"address":"3555.0 8 STREET NW","assessed_value":587000},{"address":"nan nan","assessed_value":8500},{"address":"4367.0 126 AVENUE NW","assessed_value":446000},{"address":"5151.0 WINDERMERE BOULEVARD SW","assessed_value":221000},{"address":"2560.0 PEGASUS BOULEVARD NW","assessed_value":313500},{"address":"7624.0 91 AVENUE NW","assessed_value":689500},{"address":"nan nan","assessed_value":4500},{"address":"1522.0 105 STREET NW","assessed_value":326500},{"address":"723.0 172 STREET SW","assessed_value":334500},{"address":"107.0 WATT COMMON SW","assessed_value":192500},{"address":"nan nan","assessed_value":8000},{"address":"1320.0 165 STREET SW","assessed_value":631000},{"address":"17340.0 9 AVENUE SW","assessed_value":623500},{"address":"nan nan","assessed_value":9000},{"address":"270.0 MCCONACHIE DRIVE NW","assessed_value":183000},{"address":"3090.0 CAMERON HEIGHTS WAY NW","assessed_value":496000},{"address":"504.0 GRIESBACH PARADE NW","assessed_value":286500},{"address":"12660.0 142 AVENUE NW","assessed_value":218500},{"address":"6483.0 ELSTON LOOP NW","assessed_value":577000},{"address":"nan nan","assessed_value":8000},{"address":"1216.0 CY BECKER ROAD NW","assessed_value":716000},{"address":"nan nan","assessed_value":12000},{"address":"508.0 GRIESBACH PARADE NW","assessed_value":237500},{"address":"4029.0 ORCHARDS DRIVE SW","assessed_value":295000},{"address":"819.0 WINDERMERE WYND NW","assessed_value":719000},{"address":"5424.0 22 AVENUE SW","assessed_value":718000},{"address":"22614.0 94A AVENUE NW","assessed_value":582000},{"address":"11110.0 76 AVENUE NW","assessed_value":846000},{"address":"2619.0 20 AVENUE NW","assessed_value":431500},{"address":"nan nan","assessed_value":9000},{"address":"4433.0 6A STREET NW","assessed_value":422000},{"address":"8213.0 GOURLAY CLOSE NW","assessed_value":663000},{"address":"13019.0 132 AVENUE NW","assessed_value":310000},{"address":"916.0 173 STREET SW","assessed_value":608500},{"address":"2849.0 KOSHAL CRESCENT SW","assessed_value":383000},{"address":"6811.0 EVANS WYND NW","assessed_value":428500},{"address":"8209.0 217 STREET NW","assessed_value":319000},{"address":"1742.0 KEENE CRESCENT SW","assessed_value":390000},{"address":"nan nan","assessed_value":40500},{"address":"5220.0 20 AVENUE SW","assessed_value":415500},{"address":"1092.0 GAULT BOULEVARD NW","assessed_value":375500},{"address":"5804.0 MULLEN PLACE NW","assessed_value":210500},{"address":"344.0 WINDERMERE ROAD NW","assessed_value":190000},{"address":"4452.0 6 STREET NW","assessed_value":680000},{"address":"1206.0 CY BECKER ROAD NW","assessed_value":585500},{"address":"13031.0 208 STREET NW","assessed_value":629500},{"address":"2689.0 SIR ARTHUR CURRIE WAY NW","assessed_value":355000},{"address":"314.0 42 AVENUE NW","assessed_value":430500},{"address":"nan nan","assessed_value":9000},{"address":"nan nan","assessed_value":12000},{"address":"9832.0 162 STREET NW","assessed_value":502500},{"address":"6124.0 175 AVENUE NW","assessed_value":572500},{"address":"625.0 LEGER WAY NW","assessed_value":399500},{"address":"2068.0 PRICE LANDING SW","assessed_value":402500},{"address":"6311.0 170 AVENUE NW","assessed_value":464500},{"address":"16331.0 17 AVENUE SW","assessed_value":570000},{"address":"nan nan","assessed_value":12000},{"address":"nan nan","assessed_value":14500},{"address":"9151.0 SHAW WAY SW","assessed_value":311500},{"address":"11969.0 JASPER AVENUE NW","assessed_value":323500},{"address":"320.0 AMBLESIDE LINK SW","assessed_value":206000},{"address":"2288.0 CASEY CRESCENT SW","assessed_value":470500},{"address":"504.0 GRIESBACH PARADE NW","assessed_value":227000},{"address":"9030.0 217 STREET NW","assessed_value":433500},{"address":"2248.0 CASEY CRESCENT SW","assessed_value":397500},{"address":"9835.0 225 STREET NW","assessed_value":563500},{"address":"8155.0 225 STREET NW","assessed_value":475500},{"address":"nan nan","assessed_value":8500},{"address":"7216.0 SUMMERSIDE GRANDE BOULEVARD SW","assessed_value":597000},{"address":"nan nan","assessed_value":9000},{"address":"nan nan","assessed_value":10500},{"address":"nan nan","assessed_value":10000},{"address":"nan nan","assessed_value":9500},{"address":"18126.0 77 STREET NW","assessed_value":204500},{"address":"1265.0 CHAPPELLE BOULEVARD SW","assessed_value":458000},{"address":"nan nan","assessed_value":4500},{"address":"8643.0 79 STREET NW","assessed_value":519000},{"address":"1235.0 164 STREET SW","assessed_value":668500},{"address":"3809.0 170A AVENUE NW","assessed_value":375000},{"address":"368.0 CHARLESWORTH DRIVE SW","assessed_value":401500},{"address":"16116.0 17 AVENUE SW","assessed_value":630500},{"address":"10811.0 72 AVENUE NW","assessed_value":315500},{"address":"4121.0 KENNEDY GREEN SW","assessed_value":1007500},{"address":"8168.0 CHAPPELLE WAY SW","assessed_value":374500},{"address":"1247.0 PEREGRINE TERRACE NW","assessed_value":1044000},{"address":"3670.0 HUMMINGBIRD WAY NW","assessed_value":738500},{"address":"15107.0 14 STREET NW","assessed_value":843000},{"address":"9439.0 229 STREET NW","assessed_value":580000},{"address":"nan nan","assessed_value":12500},{"address":"3436.0 CHERRY WAY SW","assessed_value":474500},{"address":"9806.0 207A STREET NW","assessed_value":625500},{"address":"7610.0 39 STREET NW","assessed_value":3825000},{"address":"625.0 LEGER WAY NW","assessed_value":440000},{"address":"nan nan","assessed_value":10500},{"address":"nan nan","assessed_value":8000},{"address":"319.0 1820 RUTHERFORD ROAD SW","assessed_value":193500},{"address":"nan nan","assessed_value":6000},{"address":"nan nan","assessed_value":6000},{"address":"1440.0 29 STREET NW","assessed_value":615000},{"address":"nan nan","assessed_value":6000},{"address":"5217.0 22 AVENUE SW","assessed_value":402500},{"address":"4008.0 SAVARYN DRIVE SW","assessed_value":273500},{"address":"nan nan","assessed_value":10500},{"address":"10238.0 103 STREET NW","assessed_value":340500},{"address":"nan nan","assessed_value":8500},{"address":"17823.0 9 AVENUE SW","assessed_value":615500},{"address":"2012.0 ROCHESTER AVENUE NW","assessed_value":715500},{"address":"nan nan","assessed_value":8000},{"address":"1408.0 169 STREET SW","assessed_value":439000},{"address":"15032.0 15 STREET NW","assessed_value":663000},{"address":"9519.0 160 AVENUE NW","assessed_value":162500},{"address":"nan nan","assessed_value":9500},{"address":"8037.0 EVANS CRESCENT NW","assessed_value":597000},{"address":"nan nan","assessed_value":4500},{"address":"2314.0 GLENRIDDING BOULEVARD SW","assessed_value":435000},{"address":"nan nan","assessed_value":8500},{"address":"8132.0 217 STREET NW","assessed_value":405000},{"address":"12207.0 121 AVENUE NW","assessed_value":305000},{"address":"nan nan","assessed_value":10500},{"address":"nan nan","assessed_value":12500},{"address":"22517.0 94A AVENUE NW","assessed_value":584000},{"address":"11943.0 86 STREET NW","assessed_value":420500},{"address":"776.0 EAGLESON CRESCENT NW","assessed_value":412000},{"address":"3650.0 KESWICK BOULEVARD SW","assessed_value":632500},{"address":"11636.0 80 STREET NW","assessed_value":357000},{"address":"10240.0 PRINCESS ELIZABETH AVENUE NW","assessed_value":90184500},{"address":"nan nan","assessed_value":10500},{"address":"nan nan","assessed_value":6000},{"address":"nan nan","assessed_value":5500},{"address":"951.0 EBBERS CRESCENT NW","assessed_value":390500},{"address":"125.0 1820 RUTHERFORD ROAD SW","assessed_value":150000},{"address":"548.0 SECORD BOULEVARD NW","assessed_value":380500},{"address":"270.0 MCCONACHIE DRIVE NW","assessed_value":142500},{"address":"1824.0 24 STREET NW","assessed_value":493000},{"address":"nan nan","assessed_value":5500},{"address":"9812.0 219 STREET NW","assessed_value":525500},{"address":"nan nan","assessed_value":12500},{"address":"nan nan","assessed_value":41000},{"address":"1111.0 WAHL PLACE NW","assessed_value":2195000},{"address":"716.0 180 STREET SW","assessed_value":917500},{"address":"520.0 EBBERS WAY NW","assessed_value":448500},{"address":"2807.0 16 AVENUE NW","assessed_value":461000},{"address":"667.0 WATT BOULEVARD SW","assessed_value":156000},{"address":"5521.0 7 AVENUE NW","assessed_value":209500},{"address":"10226.0 104 STREET NW","assessed_value":273500},{"address":"5370.0 CHAPPELLE ROAD SW","assessed_value":179000},{"address":"5226.0 22 AVENUE SW","assessed_value":422500},{"address":"nan nan","assessed_value":9500},{"address":"3248.0 12 AVENUE NW","assessed_value":533500},{"address":"21831.0 98 AVENUE NW","assessed_value":672000},{"address":"11969.0 JASPER AVENUE NW","assessed_value":404000},{"address":"10811.0 72 AVENUE NW","assessed_value":303500},{"address":"nan nan","assessed_value":12000},{"address":"17832.0 78 STREET NW","assessed_value":325500},{"address":"18126.0 77 STREET NW","assessed_value":165000},{"address":"415.0 CLAREVIEW ROAD NW","assessed_value":296000},{"address":"nan nan","assessed_value":8500},{"address":"2132.0 27 STREET NW","assessed_value":752000},{"address":"nan nan","assessed_value":12000},{"address":"226.0 1820 RUTHERFORD ROAD SW","assessed_value":192500},{"address":"274.0 MCCONACHIE DRIVE NW","assessed_value":151000},{"address":"nan nan","assessed_value":3000},{"address":"nan nan","assessed_value":12500},{"address":"12307.0 177 AVENUE NW","assessed_value":414500},{"address":"5967.0 168 AVENUE NW","assessed_value":428500},{"address":"3207.0 JAMES MOWATT TRAIL SW","assessed_value":166500},{"address":"344.0 WINDERMERE ROAD NW","assessed_value":203000},{"address":"nan nan","assessed_value":14500},{"address":"8515.0 86 AVENUE NW","assessed_value":370500},{"address":"nan nan","assessed_value":5000},{"address":"nan nan","assessed_value":9500},{"address":"nan nan","assessed_value":40500},{"address":"7012.0 NEWSON ROAD NW","assessed_value":416500},{"address":"2117.0 16 AVENUE NW","assessed_value":400000},{"address":"5908.0 19 AVENUE SW","assessed_value":682500},{"address":"nan nan","assessed_value":8000},{"address":"384.0 CHARLESWORTH DRIVE SW","assessed_value":399500},{"address":"9106.0 79 STREET NW","assessed_value":503500},{"address":"17636.0 58 STREET NW","assessed_value":407500},{"address":"17727.0 9A AVENUE SW","assessed_value":647500},{"address":"5203.0 149 AVENUE NW","assessed_value":266000},{"address":"301.0 ALLARD BOULEVARD SW","assessed_value":435000},{"address":"694.0 HOWATT DRIVE SW","assessed_value":1218500},{"address":"10238.0 103 STREET NW","assessed_value":303000},{"address":"9433.0 67A AVENUE NW","assessed_value":319500},{"address":"10319.0 120 STREET NW","assessed_value":515500},{"address":"5203.0 149 AVENUE NW","assessed_value":271500},{"address":"415.0 CLAREVIEW ROAD NW","assessed_value":288000},{"address":"nan nan","assessed_value":9500},{"address":"nan nan","assessed_value":6000},{"address":"nan nan","assessed_value":4500},{"address":"nan nan","assessed_value":5000},{"address":"2407.0 CASEY LINK SW","assessed_value":450500},{"address":"320.0 SECORD BOULEVARD NW","assessed_value":307500},{"address":"12640.0 44 STREET NW","assessed_value":164500},{"address":"6112.0 19 AVENUE SW","assessed_value":637000},{"address":"1309.0 CHAPPELLE BOULEVARD SW","assessed_value":380000},{"address":"2821.0 MAPLE WAY NW","assessed_value":387500},{"address":"3415.0 8 STREET NW","assessed_value":562000},{"address":"9878.0 207A STREET NW","assessed_value":442000},{"address":"8503.0 24 AVENUE SW","assessed_value":486500},{"address":"15709.0 139 STREET NW","assessed_value":222000},{"address":"16507.0 17 AVENUE SW","assessed_value":762500},{"address":"2115.0 AUXIER COURT SW","assessed_value":574500},{"address":"nan nan","assessed_value":8500},{"address":"5025.0 EDGEMONT BOULEVARD NW","assessed_value":378500},{"address":"5151.0 WINDERMERE BOULEVARD SW","assessed_value":371500},{"address":"8507.0 24 AVENUE SW","assessed_value":429000},{"address":"9815.0 224 STREET NW","assessed_value":473500},{"address":"11616.0 125 STREET NW","assessed_value":503500},{"address":"nan nan","assessed_value":5000},{"address":"5515.0 7 AVENUE SW","assessed_value":167000},{"address":"2924.0 KOSTASH DRIVE SW","assessed_value":642500},{"address":"22147.0 89 AVENUE NW","assessed_value":501500},{"address":"8112.0 225 STREET NW","assessed_value":474000},{"address":"5769.0 175B AVENUE NW","assessed_value":628000},{"address":"1215.0 29 STREET NW","assessed_value":454000},{"address":"17851.0 60 STREET NW","assessed_value":440500},{"address":"4308.0 KENNEDY BAY SW","assessed_value":1275500},{"address":"6417.0 ELSTON LOOP NW","assessed_value":556500},{"address":"291.0 CY BECKER BOULEVARD NW","assessed_value":572500},{"address":"nan nan","assessed_value":8000},{"address":"1224.0 26 AVENUE NW","assessed_value":648500},{"address":"nan nan","assessed_value":41000},{"address":"625.0 LEGER WAY NW","assessed_value":379500},{"address":"nan nan","assessed_value":12500},{"address":"nan nan","assessed_value":14500},{"address":"2803.0 JAMES MOWATT TRAIL SW","assessed_value":306000},{"address":"8527.0 CUSHING PLACE SW","assessed_value":463500},{"address":"nan nan","assessed_value":12500},{"address":"7914.0 GETTY PLACE NW","assessed_value":600000},{"address":"17921.0 9A AVENUE SW","assessed_value":865500},{"address":"8952.0 81 AVENUE NW","assessed_value":383500},{"address":"5949.0 168 AVENUE NW","assessed_value":427500},{"address":"nan nan","assessed_value":40500},{"address":"18122.0 77 STREET NW","assessed_value":160500},{"address":"nan nan","assessed_value":12000},{"address":"612.0 40 STREET SW","assessed_value":499000},{"address":"nan nan","assessed_value":14500},{"address":"6137.0 19A AVENUE SW","assessed_value":628000},{"address":"10227.0 115 STREET NW","assessed_value":192000},{"address":"8519.0 219 STREET NW","assessed_value":728000},{"address":"nan nan","assessed_value":41000},{"address":"22415.0 98 AVENUE NW","assessed_value":423500},{"address":"1225.0 PEREGRINE TERRACE NW","assessed_value":88500},{"address":"nan nan","assessed_value":12000},{"address":"nan nan","assessed_value":40500},{"address":"11322.0 119 STREET NW","assessed_value":371500},{"address":"4455.0 5 STREET NW","assessed_value":441000},{"address":"nan nan","assessed_value":4500},{"address":"1517.0 24 STREET NW","assessed_value":436000},{"address":"4063.0 PROWSE LANE SW","assessed_value":517000},{"address":"3125.0 11 AVENUE NW","assessed_value":509000},{"address":"2211.0 22 AVENUE NW","assessed_value":408000},{"address":"3315.0 JAMES MOWATT TRAIL SW","assessed_value":130500},{"address":"1060.0 ROSENTHAL BOULEVARD NW","assessed_value":35500},{"address":"2560.0 PEGASUS BOULEVARD NW","assessed_value":251500},{"address":"5805.0 ANTHONY CRESCENT SW","assessed_value":410000},{"address":"508.0 GRIESBACH PARADE NW","assessed_value":243500},{"address":"4416.0 ANNETT COMMON SW","assessed_value":422500},{"address":"3218.0 CHERNOWSKI WAY SW","assessed_value":636500},{"address":"2870.0 KOSHAL CRESCENT SW","assessed_value":527500},{"address":"6771.0 ELSTON LANE NW","assessed_value":432000},{"address":"nan nan","assessed_value":12000},{"address":"274.0 MCCONACHIE DRIVE NW","assessed_value":170000},{"address":"2028.0 CAVANAGH DRIVE SW","assessed_value":381000},{"address":"nan nan","assessed_value":12500},{"address":"9602.0 74 AVENUE NW","assessed_value":469000},{"address":"6505.0 CHAPPELLE VISTA SW","assessed_value":401500},{"address":"3670.0 139 AVENUE NW","assessed_value":183500},{"address":"320.0 AMBLESIDE LINK SW","assessed_value":204500},{"address":"8577.0 CUSHING PLACE SW","assessed_value":470500},{"address":"15709.0 139 STREET NW","assessed_value":211000},{"address":"nan nan","assessed_value":5500},{"address":"715.0 39 STREET SW","assessed_value":595000},{"address":"nan nan","assessed_value":10500},{"address":"1647.0 DAVIDSON GREEN SW","assessed_value":633000},{"address":"nan nan","assessed_value":8500},{"address":"17311.0 78 STREET NW","assessed_value":441500},{"address":"nan nan","assessed_value":9000},{"address":"1314.0 CHAPPELLE BOULEVARD SW","assessed_value":367500},{"address":"1856.0 KEENE CRESCENT SW","assessed_value":451000},{"address":"4120.0 KENNEDY GREEN SW","assessed_value":1003500},{"address":"5390.0 CHAPPELLE ROAD SW","assessed_value":150500},{"address":"840.0 34 AVENUE NW","assessed_value":668500},{"address":"nan nan","assessed_value":9000},{"address":"655.0 WATT BOULEVARD SW","assessed_value":316500},{"address":"3352.0 13 AVENUE NW","assessed_value":581500},{"address":"693.0 HOWATT DRIVE SW","assessed_value":2114500},{"address":"5182.0 CRABAPPLE LINK SW","assessed_value":377000},{"address":"1510.0 WATT DRIVE SW","assessed_value":139000},{"address":"nan nan","assessed_value":12500},{"address":"920.0 173 STREET SW","assessed_value":569500},{"address":"nan nan","assessed_value":9000},{"address":"1829.0 16A AVENUE NW","assessed_value":772500},{"address":"2136.0 22 STREET NW","assessed_value":808500},{"address":"17803.0 8 AVENUE SW","assessed_value":696500},{"address":"5006.0 22 AVENUE SW","assessed_value":422000},{"address":"2112.0 22 STREET NW","assessed_value":784500},{"address":"3006.0 15 AVENUE NW","assessed_value":352500},{"address":"10238.0 103 STREET NW","assessed_value":422500},{"address":"11969.0 JASPER AVENUE NW","assessed_value":411000},{"address":"nan nan","assessed_value":12000},{"address":"408.0 CRYSTALLINA NERA DRIVE NW","assessed_value":398000},{"address":"13308.0 106A AVENUE NW","assessed_value":710500},{"address":"1113.0 33A STREET NW","assessed_value":450500},{"address":"17104.0 38 STREET NW","assessed_value":405500},{"address":"5029.0 EDGEMONT BOULEVARD NW","assessed_value":267000},{"address":"20725.0 98A AVENUE NW","assessed_value":616500},{"address":"nan nan","assessed_value":5500},{"address":"17272.0 9A AVENUE SW","assessed_value":305500},{"address":"9953.0 161 STREET NW","assessed_value":405500},{"address":"1612.0 158 STREET SW","assessed_value":689000},{"address":"14206.0 128 AVENUE NW","assessed_value":425500},{"address":"6016.0 168 AVENUE NW","assessed_value":641500},{"address":"nan nan","assessed_value":12500},{"address":"3315.0 JAMES MOWATT TRAIL","assessed_value":170000},{"address":"3114.0 15 AVENUE NW","assessed_value":357500},{"address":"3632.0 KESWICK BOULEVARD SW","assessed_value":688500},{"address":"2324.0 89 STREET SW","assessed_value":693000},{"address":"nan nan","assessed_value":12000},{"address":"nan nan","assessed_value":8500},{"address":"nan nan","assessed_value":8500},{"address":"12815.0 CUMBERLAND ROAD NW","assessed_value":332500},{"address":"22925.0 94A AVENUE NW","assessed_value":508500},{"address":"nan nan","assessed_value":12500},{"address":"1604.0 DAVIDSON GREEN SW","assessed_value":580500},{"address":"5858.0 ANTHONY CRESCENT SW","assessed_value":503000},{"address":"5025.0 EDGEMONT BOULEVARD NW","assessed_value":353000},{"address":"10126.0 144 STREET NW","assessed_value":260500},{"address":"2541.0 ORCHARDS WAY SW","assessed_value":725000},{"address":"22224.0 89 AVENUE NW","assessed_value":459500},{"address":"nan nan","assessed_value":12000},{"address":"711.0 CHARLESWORTH WAY SW","assessed_value":523000},{"address":"2420.0 18 AVENUE NW","assessed_value":429000},{"address":"nan nan","assessed_value":14500},{"address":"326.0 DESROCHERS BOULEVARD SW","assessed_value":381500},{"address":"21450.0 115 AVENUE NW","assessed_value":2552000},{"address":"8810.0 223 STREET NW","assessed_value":407500},{"address":"nan nan","assessed_value":12000},{"address":"369.0 CY BECKER BOULEVARD NW","assessed_value":579000},{"address":"6106.0 ROSENTHAL WAY NW","assessed_value":371000},{"address":"4644.0 CHARLES WAY SW","assessed_value":738500},{"address":"5545.0 SCHONSEE DRIVE NW","assessed_value":409000},{"address":"nan nan","assessed_value":11000},{"address":"3090.0 CAMERON HEIGHTS WAY NW","assessed_value":582000},{"address":"2363.0 CASEY CRESCENT SW","assessed_value":419000},{"address":"3207.0 JAMES MOWATT TRAIL SW","assessed_value":166500},{"address":"831.0 35 AVENUE NW","assessed_value":587000},{"address":"3687.0 HUMMINGBIRD WAY NW","assessed_value":550500},{"address":"nan nan","assessed_value":40500},{"address":"1532.0 21 STREET NW","assessed_value":467500},{"address":"7503.0 GETTY GATE NW","assessed_value":317000},{"address":"840.0 35 AVENUE NW","assessed_value":431000},{"address":"455.0 ORCHARDS BOULEVARD SW","assessed_value":477500},{"address":"17820.0 59 STREET NW","assessed_value":473000},{"address":"nan nan","assessed_value":12000},{"address":"4448.0 6 STREET NW","assessed_value":464500},{"address":"12650.0 142 AVENUE NW","assessed_value":197000},{"address":"3315.0 JAMES MOWATT TRAIL SW","assessed_value":162500},{"address":"5804.0 MULLEN PLACE NW","assessed_value":186000},{"address":"1519.0 TAMARACK BOULEVARD NW","assessed_value":407000},{"address":"5616.0 22A AVENUE SW","assessed_value":637000},{"address":"4029.0 ORCHARDS DRIVE SW","assessed_value":289500},{"address":"4313.0 KENNEDY BAY SW","assessed_value":1149500},{"address":"1144.0 ADAMSON DRIVE SW","assessed_value":215000},{"address":"1185.0 CY BECKER ROAD NW","assessed_value":376500},{"address":"1140.0 CHAPPELLE BOULEVARD SW","assessed_value":311500},{"address":"9836.0 223 STREET NW","assessed_value":635500},{"address":"16111.0 18 AVENUE SW","assessed_value":622500},{"address":"22500.0 82 AVENUE NW","assessed_value":12000},{"address":"903.0 CRYSTALLINA NERA WAY NW","assessed_value":310500},{"address":"667.0 WATT BOULEVARD SW","assessed_value":179000},{"address":"2103.0 15 AVENUE NW","assessed_value":509500},{"address":"320.0 SECORD BOULEVARD NW","assessed_value":296000},{"address":"320.0 SECORD BOULEVARD NW","assessed_value":317000},{"address":"nan nan","assessed_value":4500},{"address":"723.0 39 STREET SW","assessed_value":453000},{"address":"2628.0 11 STREET NW","assessed_value":509000},{"address":"923.0 174 STREET SW","assessed_value":744000},{"address":"nan nan","assessed_value":8000},{"address":"11080.0 ELLERSLIE ROAD SW","assessed_value":290000},{"address":"320.0 SECORD BOULEVARD NW","assessed_value":333000},{"address":"10236.0 103 STREET NW","assessed_value":1023000},{"address":"9433.0 67A AVENUE NW","assessed_value":207500},{"address":"429.0 40 AVENUE NW","assessed_value":429500},{"address":"nan nan","assessed_value":9500},{"address":"7385.0 EDGEMONT WAY NW","assessed_value":311000},{"address":"5151.0 WINDERMERE BOULEVARD SW","assessed_value":367000},{"address":"8132.0 217 STREET NW","assessed_value":393500},{"address":"nan nan","assessed_value":8500},{"address":"8209.0 217 STREET NW","assessed_value":332500},{"address":"1063.0 WALKOWSKI PLACE NW","assessed_value":958500},{"address":"270.0 MCCONACHIE DRIVE NW","assessed_value":154000},{"address":"229.0 40A AVENUE NW","assessed_value":432000},{"address":"4805.0 172A AVENUE NW","assessed_value":617000},{"address":"2235.0 CALHOUN LINK SW","assessed_value":541000},{"address":"1375.0 WATT DRIVE SW","assessed_value":568000},{"address":"nan nan","assessed_value":9000},{"address":"233.0 GRIESBACH ROAD NW","assessed_value":426000},{"address":"9438.0 230 STREET NW","assessed_value":376000},{"address":"17266.0 9A AVENUE SW","assessed_value":317000},{"address":"5912.0 ANTHONY CRESCENT SW","assessed_value":468000},{"address":"503.0 ALBANY WAY NW","assessed_value":219500},{"address":"4347.0 SAVARYN DRIVE SW","assessed_value":1054500},{"address":"3736.0 WEIDLE CRESCENT SW","assessed_value":466000},{"address":"nan nan","assessed_value":12500},{"address":"nan nan","assessed_value":8000},{"address":"nan nan","assessed_value":4500},{"address":"nan nan","assessed_value":10500},{"address":"6608.0 28 AVENUE NW","assessed_value":338500},{"address":"3805.0 WEIDLE CRESCENT SW","assessed_value":489000},{"address":"6132.0 ROSENTHAL WAY NW","assessed_value":414500},{"address":"5151.0 WINDERMERE BOULEVARD SW","assessed_value":243000},{"address":"348.0 WINDERMERE ROAD NW","assessed_value":184000},{"address":"2130.0 57 STREET SW","assessed_value":705500},{"address":"12327.0 176 AVENUE NW","assessed_value":609500},{"address":"nan nan","assessed_value":12000},{"address":"12612.0 43 STREET NW","assessed_value":159500},{"address":"856.0 EBBERS CRESCENT NW","assessed_value":450000},{"address":"107.0 WATT COMMON SW","assessed_value":191500},{"address":"20730.0 99A AVENUE NW","assessed_value":400500},{"address":"8209.0 217 STREET NW","assessed_value":325500},{"address":"nan nan","assessed_value":11000},{"address":"10226.0 104 STREET NW","assessed_value":306000},{"address":"17829.0 60A STREET NW","assessed_value":584500},{"address":"806.0 EAGLESON LINK NW","assessed_value":487500},{"address":"1114.0 33A STREET NW","assessed_value":415500},{"address":"1736.0 TANAGER CLOSE NW","assessed_value":723500},{"address":"2410.0 22 AVENUE NW","assessed_value":456000},{"address":"1816.0 RUTHERFORD ROAD SW","assessed_value":326000},{"address":"20904.0 96 AVENUE NW","assessed_value":642000},{"address":"10226.0 104 STREET NW","assessed_value":303000},{"address":"3522.0 9 STREET NW","assessed_value":382500},{"address":"nan nan","assessed_value":12500},{"address":"375.0 ORCHARDS BOULEVARD SW","assessed_value":386000},{"address":"nan nan","assessed_value":8500},{"address":"nan nan","assessed_value":14500},{"address":"nan nan","assessed_value":715500},{"address":"nan nan","assessed_value":12000},{"address":"1144.0 ADAMSON DRIVE SW","assessed_value":190000},{"address":"5810.0 MULLEN PLACE NW","assessed_value":210500},{"address":"11215.0 125 STREET NW","assessed_value":505000},{"address":"nan nan","assessed_value":11000},{"address":"715.0 40 STREET SW","assessed_value":420500},{"address":"4008.0 SAVARYN DRIVE SW","assessed_value":240500},{"address":"309.0 ALLARD BOULEVARD SW","assessed_value":466500},{"address":"4030.0 BLACKBIRD LINK NW","assessed_value":381000},{"address":"1577.0 TAMARACK BOULEVARD NW","assessed_value":532000},{"address":"nan nan","assessed_value":9000},{"address":"1703.0 163 STREET SW","assessed_value":752000},{"address":"nan nan","assessed_value":12500},{"address":"2908.0 151 AVENUE NW","assessed_value":258500},{"address":"nan nan","assessed_value":9000},{"address":"2004.0 TRUMPETER WAY NW","assessed_value":318500},{"address":"10507.0 138 STREET NW","assessed_value":806000},{"address":"2615.0 21 AVENUE NW","assessed_value":567000},{"address":"4033.0 KENNEDY CLOSE SW","assessed_value":792500},{"address":"415.0 CLAREVIEW ROAD NW","assessed_value":292500},{"address":"2600.0 CASEY WAY SW","assessed_value":385000},{"address":"nan nan","assessed_value":12000},{"address":"274.0 MCCONACHIE DRIVE NW","assessed_value":155500},{"address":"2528.0 19A AVENUE NW","assessed_value":453000},{"address":"2803.0 JAMES MOWATT TRAIL SW","assessed_value":273500},{"address":"nan nan","assessed_value":8000},{"address":"5390.0 CHAPPELLE ROAD SW","assessed_value":137500},{"address":"2224.0 22 AVENUE NW","assessed_value":404000},{"address":"5203.0 149 AVENUE NW","assessed_value":266000},{"address":"667.0 WATT BOULEVARD SW","assessed_value":188000},{"address":"829.0 35A AVENUE NW","assessed_value":459500},{"address":"9433.0 67A AVENUE NW","assessed_value":194500},{"address":"15930.0 34 STREET NW","assessed_value":88500},{"address":"2205.0 CALHOUN LINK SW","assessed_value":571500},{"address":"9848.0 224 STREET NW","assessed_value":574500},{"address":"5804.0 MULLEN PLACE NW","assessed_value":170500},{"address":"5029.0 EDGEMONT BOULEVARD NW","assessed_value":305500},{"address":"5151.0 WINDERMERE BOULEVARD SW","assessed_value":241000},{"address":"nan nan","assessed_value":12000},{"address":"nan nan","assessed_value":5500},{"address":"nan nan","assessed_value":9500},{"address":"4437.0 6A STREET NW","assessed_value":427000},{"address":"503.0 ALBANY WAY NW","assessed_value":171500},{"address":"3207.0 JAMES MOWATT TRAIL SW","assessed_value":151500},{"address":"5869.0 ANTHONY CRESCENT SW","assessed_value":455000},{"address":"5151.0 WINDERMERE BOULEVARD SW","assessed_value":224500},{"address":"nan nan","assessed_value":3500},{"address":"2533.0 CASEY WAY SW","assessed_value":466500},{"address":"8006.0 174 AVENUE NW","assessed_value":485500},{"address":"11832.0 124 STREET NW","assessed_value":376500},{"address":"nan nan","assessed_value":3000},{"address":"nan nan","assessed_value":8500},{"address":"nan nan","assessed_value":6000},{"address":"nan nan","assessed_value":12000},{"address":"16628.0 14 AVENUE SW","assessed_value":672500},{"address":"nan nan","assessed_value":12000},{"address":"nan nan","assessed_value":14500},{"address":"nan nan","assessed_value":6000},{"address":"nan nan","assessed_value":650500},{"address":"5733.0 175B AVENUE NW","assessed_value":586000},{"address":"4503.0 126 AVENUE NW","assessed_value":513500},{"address":"4433.0 KENNEDY COVE SW","assessed_value":1361500},{"address":"nan nan","assessed_value":12500},{"address":"7503.0 SUMMERSIDE GRANDE BOULEVARD SW","assessed_value":563000},{"address":"320.0 AMBLESIDE LINK SW","assessed_value":252500},{"address":"nan nan","assessed_value":8000},{"address":"10519.0 114 AVENUE NW","assessed_value":321500},{"address":"nan nan","assessed_value":6000},{"address":"nan nan","assessed_value":12000},{"address":"3312.0 9 STREET NW","assessed_value":118000},{"address":"4218.0 VETERANS WAY NW","assessed_value":1536000},{"address":"1103.0 GRAYDON HILL BOULEVARD SW","assessed_value":33000},{"address":"nan nan","assessed_value":10000},{"address":"5816.0 19 AVENUE SW","assessed_value":704000},{"address":"344.0 WINDERMERE ROAD NW","assessed_value":172000},{"address":"nan nan","assessed_value":9000},{"address":"nan nan","assessed_value":4500},{"address":"378.0 CHARLESWORTH DRIVE SW","assessed_value":509500},{"address":"9211.0 151 STREET NW","assessed_value":599500},{"address":"nan nan","assessed_value":8500},{"address":"1230.0 WATT DRIVE SW","assessed_value":575000},{"address":"538.0 SECORD BOULEVARD NW","assessed_value":385000},{"address":"3127.0 13 AVENUE NW","assessed_value":558000},{"address":"3316.0 12 AVENUE NW","assessed_value":577500},{"address":"9170.0 COOPER CRESCENT SW","assessed_value":437500},{"address":"9463.0 227 STREET NW","assessed_value":597500},{"address":"1547.0 TAMARACK BOULEVARD NW","assessed_value":488000},{"address":"17252.0 9 AVENUE SW","assessed_value":611500},{"address":"3431.0 CHERRY WAY SW","assessed_value":460500},{"address":"nan nan","assessed_value":41000},{"address":"382.0 CHARLESWORTH DRIVE SW","assessed_value":427000},{"address":"nan nan","assessed_value":12000},{"address":"1285.0 ADAMSON DRIVE SW","assessed_value":938000},{"address":"nan nan","assessed_value":40500},{"address":"16008.0 18 AVENUE SW","assessed_value":573000},{"address":"nan nan","assessed_value":4500},{"address":"2735.0 COUGHLAN GREEN SW","assessed_value":426000},{"address":"nan nan","assessed_value":12000},{"address":"5151.0 WINDERMERE BOULEVARD SW","assessed_value":467000},{"address":"nan nan","assessed_value":40500},{"address":"18604.0 100 AVENUE NW","assessed_value":4963000},{"address":"711.0 40 STREET SW","assessed_value":429500},{"address":"22741.0 94A AVENUE NW","assessed_value":602000},{"address":"1704.0 167 STREET SW","assessed_value":472500},{"address":"nan nan","assessed_value":8000},{"address":"1275.0 CHAPPELLE BOULEVARD SW","assessed_value":454000},{"address":"nan nan","assessed_value":18000},{"address":"4008.0 SAVARYN DRIVE SW","assessed_value":218000},{"address":"nan nan","assessed_value":12500},{"address":"2156.0 KOSHAL WAY SW","assessed_value":616000},{"address":"nan nan","assessed_value":12500},{"address":"1140.0 CHAPPELLE BOULEVARD SW","assessed_value":297000},{"address":"3211.0 JAMES MOWATT TRAIL SW","assessed_value":159500},{"address":"22411.0 98 AVENUE NW","assessed_value":477000},{"address":"6428.0 173 AVENUE NW","assessed_value":678000},{"address":"5025.0 EDGEMONT BOULEVARD NW","assessed_value":256000},{"address":"1273.0 DANIELS CRESCENT SW","assessed_value":417500},{"address":"2905.0 141 STREET SW","assessed_value":290500},{"address":"nan nan","assessed_value":6000},{"address":"5521.0 7 AVENUE SW","assessed_value":200000},{"address":"10606.0 84 AVENUE NW","assessed_value":361500},{"address":"1519.0 21 STREET NW","assessed_value":478000},{"address":"nan nan","assessed_value":9000},{"address":"829.0 EAGLESON LINK NW","assessed_value":650000},{"address":"1821.0 KEENE CRESCENT SW","assessed_value":367000},{"address":"nan nan","assessed_value":8000},{"address":"320.0 AMBLESIDE LINK SW","assessed_value":164500},{"address":"2915.0 11 STREET NW","assessed_value":712000},{"address":"nan nan","assessed_value":5500},{"address":"1971.0 ADAMSON TERRACE SW","assessed_value":786500},{"address":"583.0 ORCHARDS BOULEVARD SW","assessed_value":292000},{"address":"8605.0 122 AVENUE NW","assessed_value":285000},{"address":"599.0 MERLIN LANDING NW","assessed_value":781500},{"address":"8537.0 CUSHING PLACE SW","assessed_value":489500},{"address":"700.0 HOWATT DRIVE SW","assessed_value":1233000},{"address":"nan nan","assessed_value":12000},{"address":"348.0 WINDERMERE ROAD NW","assessed_value":194000},{"address":"625.0 LEGER WAY NW","assessed_value":373500},{"address":"22128.0 89 AVENUE NW","assessed_value":402000},{"address":"4008.0 SAVARYN DRIVE SW","assessed_value":248000},{"address":"nan nan","assessed_value":8500},{"address":"5151.0 WINDERMERE BOULEVARD SW","assessed_value":343000},{"address":"3315.0 JAMES MOWATT TRAIL SW","assessed_value":126000},{"address":"8915.0 217 STREET NW","assessed_value":470000},{"address":"1265.0 PEREGRINE TERRACE NW","assessed_value":799000},{"address":"nan nan","assessed_value":4500},{"address":"9308.0 74 AVENUE NW","assessed_value":651000},{"address":"1311.0 165 STREET SW","assessed_value":679500},{"address":"111.0 WATT COMMON SW","assessed_value":176500},{"address":"1510.0 WATT DRIVE SW","assessed_value":157500},{"address":"2422.0 CASEY LINK SW","assessed_value":447500},{"address":"8739.0 221 STREET NW","assessed_value":498000},{"address":"nan nan","assessed_value":41000},{"address":"954.0 EBBERS CRESCENT NW","assessed_value":609500},{"address":"16719.0 18 AVENUE SW","assessed_value":444000},{"address":"4008.0 171 AVENUE NW","assessed_value":536000},{"address":"12031.0 88 STREET NW","assessed_value":456500},{"address":"nan nan","assessed_value":4500},{"address":"nan nan","assessed_value":4500},{"address":"2219.0 86 STREET SW","assessed_value":485500},{"address":"12332.0 177 AVENUE NW","assessed_value":537500},{"address":"nan nan","assessed_value":9500},{"address":"nan nan","assessed_value":5000},{"address":"nan nan","assessed_value":5500},{"address":"1295.0 ADAMSON DRIVE SW","assessed_value":1105500},{"address":"2560.0 PEGASUS BOULEVARD NW","assessed_value":342500},{"address":"nan nan","assessed_value":10500},{"address":"2346.0 GLENRIDDING BOULEVARD SW","assessed_value":435500},{"address":"403.0 ORCHARDS BOULEVARD SW","assessed_value":407500},{"address":"nan nan","assessed_value":11000},{"address":"nan nan","assessed_value":12500},{"address":"917.0 173A STREET SW","assessed_value":609500},{"address":"765.0 EAGLESON CRESCENT NW","assessed_value":421000},{"address":"9844.0 217 STREET NW","assessed_value":465500},{"address":"10226.0 104 STREET NW","assessed_value":210500},{"address":"20745.0 99A AVENUE NW","assessed_value":399500},{"address":"nan nan","assessed_value":10500},{"address":"10725.0 107 STREET NW","assessed_value":2418500},{"address":"18122.0 77 STREET NW","assessed_value":163500},{"address":"6468.0 ELSTON LOOP NW","assessed_value":503500},{"address":"5515.0 7 AVENUE SW","assessed_value":203500},{"address":"nan nan","assessed_value":9500},{"address":"1207.0 PEREGRINE TERRACE NW","assessed_value":625500},{"address":"3375.0 CHICKADEE DRIVE NW","assessed_value":634500},{"address":"270.0 MCCONACHIE DRIVE NW","assessed_value":131500},{"address":"nan nan","assessed_value":6000},{"address":"812.0 WELSH DRIVE SW","assessed_value":168500},{"address":"4443.0 ANNETT COMMON SW","assessed_value":423000},{"address":"8195.0 225 STREET NW","assessed_value":537500},{"address":"1047.0 COOPERS HAWK LINK NW","assessed_value":608500},{"address":"nan nan","assessed_value":9000},{"address":"2612.0 20 AVENUE NW","assessed_value":501000},{"address":"22127.0 89 AVENUE NW","assessed_value":518500},{"address":"1510.0 WATT DRIVE SW","assessed_value":157500},{"address":"nan nan","assessed_value":12500},{"address":"nan nan","assessed_value":8500},{"address":"nan nan","assessed_value":10500},{"address":"4233.0 VETERANS WAY NW","assessed_value":894000},{"address":"2230.0 CASEY CRESCENT SW","assessed_value":408000},{"address":"903.0 CRYSTALLINA NERA WAY NW","assessed_value":324000},{"address":"17723.0 59 STREET NW","assessed_value":458500},{"address":"1391.0 STARLING DRIVE NW","assessed_value":293500},{"address":"9811.0 224 STREET NW","assessed_value":528500},{"address":"nan nan","assessed_value":12500},{"address":"3912.0 5 STREET NW","assessed_value":841500},{"address":"nan nan","assessed_value":12000},{"address":"3369.0 ORCHARDS LINK SW","assessed_value":598500},{"address":"1361.0 WATT DRIVE SW","assessed_value":635000},{"address":"503.0 ALBANY WAY NW","assessed_value":222000},{"address":"2143.0 26 STREET NW","assessed_value":680500},{"address":"17727.0 13 AVENUE SW","assessed_value":447500},{"address":"9817.0 155 STREET NW","assessed_value":545000},{"address":"1520.0 151 AVENUE NW","assessed_value":699500},{"address":"33.0 804 WELSH DRIVE SW","assessed_value":293000},{"address":"2025.0 WARE ROAD NW","assessed_value":704500},{"address":"16805.0 18 AVENUE SW","assessed_value":446500},{"address":"1726.0 27 STREET NW","assessed_value":440000},{"address":"nan nan","assessed_value":14500},{"address":"2215.0 GLENRIDDING BOULEVARD SW","assessed_value":395500},{"address":"533.0 CRYSTALLINA NERA DRIVE NW","assessed_value":391000},{"address":"3670.0 139 AVENUE NW","assessed_value":144500},{"address":"nan nan","assessed_value":10500},{"address":"15709.0 139 STREET NW","assessed_value":152500},{"address":"323.0 EVERGREEN PARK NW","assessed_value":90000},{"address":"1414.0 SECORD LANDING NW","assessed_value":687000},{"address":"21822.0 98A AVENUE NW","assessed_value":576500},{"address":"8103.0 GOURLAY PLACE NW","assessed_value":609500},{"address":"1403.0 29 STREET NW","assessed_value":868000},{"address":"237.0 HAWKS RIDGE BOULEVARD NW","assessed_value":611500},{"address":"10468.0 158 STREET NW","assessed_value":542500},{"address":"3625.0 144 AVENUE NW","assessed_value":296000},{"address":"nan nan","assessed_value":6000},{"address":"165.0 CY BECKER BOULEVARD NW","assessed_value":321500},{"address":"nan nan","assessed_value":6000},{"address":"8017.0 EVANS CRESCENT NW","assessed_value":572000},{"address":"625.0 LEGER WAY NW","assessed_value":393000},{"address":"1510.0 WATT DRIVE SW","assessed_value":147500},{"address":"5816.0 MULLEN PLACE NW","assessed_value":168500},{"address":"5151.0 WINDERMERE BOULEVARD SW","assessed_value":228500},{"address":"10238.0 103 STREET NW","assessed_value":343000},{"address":"21927.0 84 AVENUE NW","assessed_value":546000},{"address":"5815.0 ANTHONY CRESCENT SW","assessed_value":406000},{"address":"5370.0 CHAPPELLE ROAD SW","assessed_value":200000},{"address":"17108.0 81 STREET NW","assessed_value":620500},{"address":"nan nan","assessed_value":12000},{"address":"2244.0 CASEY CRESCENT SW","assessed_value":405000},{"address":"271.0 ALLARD BOULEVARD SW","assessed_value":458500},{"address":"nan nan","assessed_value":8000},{"address":"5025.0 EDGEMONT BOULEVARD NW","assessed_value":404500},{"address":"2004.0 27 STREET NW","assessed_value":586000},{"address":"nan nan","assessed_value":10500},{"address":"5390.0 CHAPPELLE ROAD SW","assessed_value":209500},{"address":"8115.0 225 STREET NW","assessed_value":454500},{"address":"320.0 AMBLESIDE LINK SW","assessed_value":165000},{"address":"1324.0 CHAPPELLE BOULEVARD SW","assessed_value":399000},{"address":"3304.0 9 STREET NW","assessed_value":382500},{"address":"2434.0 CASEY LINK SW","assessed_value":474000}]