[{"address":"nan nan","assessed_value":6500},{"address":"12115.0 107 AVENUE NW","assessed_value":1477000},{"address":"11260.0 153 AVENUE NW","assessed_value":269000},{"address":"9931.0 89 STREET NW","assessed_value":552500},{"address":"10134.0 100 STREET NW","assessed_value":149500},{"address":"222.0 HILLIARD GREEN NW","assessed_value":589500},{"address":"nan nan","assessed_value":14500},{"address":"nan nan","assessed_value":500},{"address":"6822.0 159A AVENUE NW","assessed_value":319000},{"address":"4420.0 150 AVENUE NW","assessed_value":362000},{"address":"10915.0 6 AVENUE SW","assessed_value":768500},{"address":"15116.0 141 STREET NW","assessed_value":412000},{"address":"9319.0 157 AVENUE NW","assessed_value":626500},{"address":"6703.0 172 STREET NW","assessed_value":419500},{"address":"2841.0 LAKESIDE CLOSE NW","assessed_value":129000},{"address":"843.0 BARNES LINK SW","assessed_value":473500},{"address":"3443.0 LAKEVIEW POINT NW","assessed_value":91000},{"address":"11033.0 127 STREET NW","assessed_value":146000},{"address":"15144.0 141 STREET NW","assessed_value":414000},{"address":"10807.0 6 AVENUE SW","assessed_value":612500},{"address":"nan nan","assessed_value":7500},{"address":"nan nan","assessed_value":13000},{"address":"448.0 GIBB WYND NW","assessed_value":454500},{"address":"4350.0 23 STREET NW","assessed_value":280500},{"address":"13420.0 159 AVENUE NW","assessed_value":522000},{"address":"3518.0 18 STREET NW","assessed_value":472500},{"address":"11830.0 152 STREET NW","assessed_value":144000},{"address":"8909.0 100 STREET NW","assessed_value":277500},{"address":"10916.0 177 AVENUE NW","assessed_value":532000},{"address":"12719.0 136 STREET NW","assessed_value":440000},{"address":"7727.0 166A AVENUE NW","assessed_value":517000},{"address":"14123.0 66 STREET NW","assessed_value":40000},{"address":"2220.0 GARNETT COURT NW","assessed_value":598000},{"address":"3728.0 161 AVENUE NW","assessed_value":443000},{"address":"3205.0 LAKEWOOD CLOSE NW","assessed_value":91000},{"address":"3321.0 32 AVENUE NW","assessed_value":631000},{"address":"1323.0 GEORGE CLOSE NW","assessed_value":497500},{"address":"1022.0 82 STREET SW","assessed_value":506000},{"address":"4323.0 151 AVENUE NW","assessed_value":482500},{"address":"nan nan","assessed_value":8500},{"address":"3431.0 139 AVENUE NW","assessed_value":9872500},{"address":"7107.0 119 STREET NW","assessed_value":1189500},{"address":"nan nan","assessed_value":17500},{"address":"2128.0 37 AVENUE NW","assessed_value":430000},{"address":"8823.0 8 AVENUE SW","assessed_value":417000},{"address":"21375.0 88 AVENUE NW","assessed_value":442000},{"address":"4540.0 TURNER SQUARE NW","assessed_value":449000},{"address":"16303.0 95 STREET NW","assessed_value":194000},{"address":"14043.0 151 AVENUE NW","assessed_value":386500},{"address":"659.0 DARTMOUTH POINT NW","assessed_value":1339000},{"address":"10105.0 109 STREET NW","assessed_value":102000},{"address":"nan nan","assessed_value":9000},{"address":"10124.0 88 STREET NW","assessed_value":441500},{"address":"5080.0 THIBAULT WAY NW","assessed_value":616500},{"address":"511.0 89 STREET SW","assessed_value":452500},{"address":"3736.0 161 AVENUE NW","assessed_value":429000},{"address":"nan nan","assessed_value":8500},{"address":"14735.0 134 AVENUE NW","assessed_value":6111000},{"address":"10730.0 105 STREET NW","assessed_value":82000},{"address":"1159.0 RUTHERFORD CLOSE SW","assessed_value":447500},{"address":"12937.0 162A AVENUE NW","assessed_value":432500},{"address":"1515.0 PALMER CLOSE NW","assessed_value":644500},{"address":"5120.0 22 AVENUE SW","assessed_value":390500},{"address":"4740.0 TERWILLEGAR COMMON NW","assessed_value":358500},{"address":"530.0 HUNTERS GREEN NW","assessed_value":528000},{"address":"nan nan","assessed_value":7000},{"address":"16823.0 84 STREET NW","assessed_value":221000},{"address":"14803.0 MILLER BOULEVARD NW","assessed_value":276500},{"address":"2004.0 GRANTHAM COURT NW","assessed_value":298000},{"address":"733.0 LAUBER CRESCENT NW","assessed_value":534000},{"address":"5216.0 200 STREET NW","assessed_value":491000},{"address":"10175.0 143 STREET NW","assessed_value":291500},{"address":"nan nan","assessed_value":17000},{"address":"nan nan","assessed_value":8000},{"address":"2221.0 GARNETT COURT NW","assessed_value":420000},{"address":"2406.0 BOWEN WYND SW","assessed_value":590500},{"address":"1676.0 TOMLINSON COMMON NW","assessed_value":462500},{"address":"nan nan","assessed_value":13000},{"address":"12813.0 133 AVENUE NW","assessed_value":8000},{"address":"12023.0 108 STREET NW","assessed_value":8500},{"address":"3742.0 21 STREET NW","assessed_value":336500},{"address":"2741.0 55 STREET NW","assessed_value":176000},{"address":"nan nan","assessed_value":17000},{"address":"3132.0 PARSONS ROAD NW","assessed_value":788500},{"address":"nan nan","assessed_value":6500},{"address":"1662.0 TOMLINSON COMMON NW","assessed_value":499000},{"address":"525.0 CALDWELL COURT NW","assessed_value":522500},{"address":"nan nan","assessed_value":4500},{"address":"16143.0 72 STREET NW","assessed_value":666500},{"address":"8488.0 111 STREET NW","assessed_value":345000},{"address":"7911.0 12 AVENUE SW","assessed_value":453000},{"address":"12303.0 17 AVENUE SW","assessed_value":381500},{"address":"10951.0 124 STREET NW","assessed_value":218500},{"address":"16610.0 75A STREET NW","assessed_value":491500},{"address":"12203.0 50 STREET NW","assessed_value":236000},{"address":"nan nan","assessed_value":9000},{"address":"nan nan","assessed_value":7500},{"address":"807.0 HALIBURTON COURT NW","assessed_value":655000},{"address":"9708.0 110 STREET NW","assessed_value":762000},{"address":"15129.0 43 STREET NW","assessed_value":423000},{"address":"10707.0 102 AVENUE NW","assessed_value":230000},{"address":"11033.0 127 STREET NW","assessed_value":237000},{"address":"8025.0 166A AVENUE NW","assessed_value":570500},{"address":"1530.0 BRECKENRIDGE CLOSE NW","assessed_value":478500},{"address":"10432.0 76 AVENUE NW","assessed_value":159500},{"address":"10403.0 98 AVENUE NW","assessed_value":197500},{"address":"297.0 OZERNA ROAD NW","assessed_value":614000},{"address":"14008.0 152 AVENUE NW","assessed_value":405500},{"address":"2903.0 RABBIT HILL ROAD NW","assessed_value":200500},{"address":"572.0 SADDLEBACK ROAD NW","assessed_value":221000},{"address":"5019.0 190A STREET NW","assessed_value":453500},{"address":"12902.0 53 STREET NW","assessed_value":1000},{"address":"15208.0 49 STREET NW","assessed_value":466500},{"address":"8909.0 100 STREET NW","assessed_value":305500},{"address":"10108.0 125 STREET NW","assessed_value":430500},{"address":"1127.0 HYNDMAN ROAD NW","assessed_value":277000},{"address":"10105.0 95 STREET NW","assessed_value":299000},{"address":"1163.0 HYNDMAN ROAD NW","assessed_value":321000},{"address":"9811.0 96A STREET NW","assessed_value":320000},{"address":"1758.0 BOWNESS WYND SW","assessed_value":1500},{"address":"654.0 DARTMOUTH POINT NW","assessed_value":771500},{"address":"11260.0 153 AVENUE NW","assessed_value":206500},{"address":"607.0 HOOKE COURT NW","assessed_value":560000},{"address":"1909.0 HOLMAN PLACE NW","assessed_value":607000},{"address":"6450.0 184 STREET NW","assessed_value":13605500},{"address":"nan nan","assessed_value":8500},{"address":"646.0 DARTMOUTH POINT NW","assessed_value":794500},{"address":"2118.0 HADDOW DRIVE NW","assessed_value":602000},{"address":"9804.0 101 STREET NW","assessed_value":268000},{"address":"4236.0 TERWILLEGAR VISTA NW","assessed_value":352500},{"address":"1843.0 ROBERTSON CRESCENT SW","assessed_value":565000},{"address":"17603.0 99 STREET NW","assessed_value":339500},{"address":"9741.0 110 STREET NW","assessed_value":316500},{"address":"9703.0 67 AVENUE NW","assessed_value":16000},{"address":"1719.0 RUTHERFORD POINT SW","assessed_value":972500},{"address":"17508.0 107 STREET NW","assessed_value":476000},{"address":"15314.0 138 STREET NW","assessed_value":396000},{"address":"11111.0 82 AVENUE NW","assessed_value":307000},{"address":"11103.0 84 AVENUE NW","assessed_value":232000},{"address":"nan nan","assessed_value":9500},{"address":"268.0 GALLAND CLOSE NW","assessed_value":618500},{"address":"nan nan","assessed_value":4500},{"address":"10134.0 100 STREET NW","assessed_value":152500},{"address":"2004.0 GRANTHAM COURT NW","assessed_value":285500},{"address":"10951.0 124 STREET NW","assessed_value":211000},{"address":"nan nan","assessed_value":9500},{"address":"4710.0 TERWILLEGAR COMMON NW","assessed_value":361500},{"address":"11422.0 123 STREET NW","assessed_value":312500},{"address":"8942.0 156 STREET NW","assessed_value":252000},{"address":"7235.0 161 AVENUE NW","assessed_value":546500},{"address":"10153.0 117 STREET NW","assessed_value":153000},{"address":"15810.0 139 STREET NW","assessed_value":401000},{"address":"9008.0 99 AVENUE NW","assessed_value":297500},{"address":"9936.0 89 STREET NW","assessed_value":656000},{"address":"nan nan","assessed_value":8500},{"address":"10829.0 183 AVENUE NW","assessed_value":503000},{"address":"nan nan","assessed_value":6000},{"address":"1822.0 TOWNE CENTRE BOULEVARD NW","assessed_value":532000},{"address":"9828.0 112 STREET NW","assessed_value":247500},{"address":"9804.0 101 STREET NW","assessed_value":203500},{"address":"nan nan","assessed_value":7000},{"address":"10951.0 124 STREET NW","assessed_value":205500},{"address":"11109.0 84 AVENUE NW","assessed_value":329000},{"address":"1205.0 ORMSBY LANE NW","assessed_value":544500},{"address":"nan nan","assessed_value":12500},{"address":"208.0 SHEPPARD COURT SW","assessed_value":603500},{"address":"909.0 PROCTOR WYND NW","assessed_value":677500},{"address":"nan nan","assessed_value":7000},{"address":"5416.0 203 STREET NW","assessed_value":377500},{"address":"17224.0 88 STREET NW","assessed_value":463000},{"address":"559.0 BYRNE CRESCENT SW","assessed_value":917500},{"address":"nan nan","assessed_value":12000},{"address":"13908.0 157 AVENUE NW","assessed_value":364500},{"address":"2741.0 55 STREET NW","assessed_value":164000},{"address":"737.0 88A STREET SW","assessed_value":417000},{"address":"1013.0 MACEWAN CLOSE SW","assessed_value":447500},{"address":"2317.0 BAILEY COURT SW","assessed_value":523000},{"address":"11025.0 JASPER AVENUE NW","assessed_value":86000},{"address":"2420.0 108 STREET NW","assessed_value":177500},{"address":"11010.0 176A AVENUE NW","assessed_value":600000},{"address":"531.0 GEISSINGER LOOP NW","assessed_value":430000},{"address":"13713.0 37 STREET NW","assessed_value":474500},{"address":"10145.0 114 STREET NW","assessed_value":248000},{"address":"338.0 HUDSON BEND NW","assessed_value":640500},{"address":"9741.0 110 STREET NW","assessed_value":312000},{"address":"7547.0 165A AVENUE NW","assessed_value":522500},{"address":"13572.0 158 AVENUE NW","assessed_value":620000},{"address":"13721.0 37 STREET NW","assessed_value":408000},{"address":"10909.0 106 STREET NW","assessed_value":289500},{"address":"8942.0 156 STREET NW","assessed_value":240000},{"address":"2021.0 GRANTHAM COURT NW","assessed_value":319000},{"address":"3238.0 33A STREET NW","assessed_value":507000},{"address":"524.0 HUNTERS GREEN NW","assessed_value":575500},{"address":"9938.0 104 STREET NW","assessed_value":216500},{"address":"235.0 GALLAND CLOSE NW","assessed_value":765500},{"address":"2021.0 GRANTHAM COURT NW","assessed_value":293500},{"address":"3248.0 27 AVENUE NW","assessed_value":418000},{"address":"10921.0 8 AVENUE SW","assessed_value":383500},{"address":"3457.0 MCKAY LANE SW","assessed_value":343500},{"address":"12144.0 65 STREET NW","assessed_value":220000},{"address":"9128.0 161 AVENUE NW","assessed_value":513500},{"address":"13412.0 158 AVENUE NW","assessed_value":519500},{"address":"nan nan","assessed_value":16500},{"address":"17714.0 107 STREET NW","assessed_value":505500},{"address":"9147.0 JASPER AVENUE NW","assessed_value":500},{"address":"9704.0 174 STREET NW","assessed_value":207500},{"address":"nan nan","assessed_value":6500},{"address":"13024.0 141A AVENUE NW","assessed_value":432000},{"address":"nan nan","assessed_value":13000},{"address":"10330.0 113 STREET NW","assessed_value":82500},{"address":"nan nan","assessed_value":3000},{"address":"16014.0 90 STREET NW","assessed_value":312500},{"address":"8516.0 7 AVENUE SW","assessed_value":469500},{"address":"2732.0 LAKESIDE DRIVE NW","assessed_value":85500},{"address":"3116.0 34B AVENUE NW","assessed_value":530000},{"address":"9120.0 156 STREET NW","assessed_value":155000},{"address":"10249.0 104 STREET NW","assessed_value":409000},{"address":"nan nan","assessed_value":21000},{"address":"nan nan","assessed_value":4500},{"address":"3751.0 20 STREET NW","assessed_value":382000},{"address":"1850.0 GARNETT WAY NW","assessed_value":532500},{"address":"8922.0 156 STREET NW","assessed_value":185000},{"address":"8916.0 100 AVENUE NW","assessed_value":619500},{"address":"1912.0 ROBERTSON CRESCENT SW","assessed_value":462000},{"address":"343.0 WEST BROOK WAY NW","assessed_value":31000},{"address":"1133.0 HYNDMAN ROAD NW","assessed_value":315000},{"address":"9803.0 96A STREET NW","assessed_value":371000},{"address":"11109.0 84 AVENUE NW","assessed_value":342000},{"address":"3024.0 30 AVENUE NW","assessed_value":414500},{"address":"nan nan","assessed_value":18000},{"address":"202.0 SASKATCHEWAN DRIVE SOUTH NW","assessed_value":1194500},{"address":"9828.0 112 STREET NW","assessed_value":285000},{"address":"10116.0 80 AVENUE NW","assessed_value":255500},{"address":"938.0 PROCTOR WYND NW","assessed_value":577000},{"address":"21380.0 88 AVENUE NW","assessed_value":379500},{"address":"11417.0 167B AVENUE NW","assessed_value":450000},{"address":"nan nan","assessed_value":8500},{"address":"16508.0 88 STREET NW","assessed_value":567000},{"address":"704.0 107A STREET SW","assessed_value":714500},{"address":"nan nan","assessed_value":6000},{"address":"nan nan","assessed_value":6500},{"address":"9120.0 156 STREET NW","assessed_value":175000},{"address":"nan nan","assessed_value":6000},{"address":"1264.0 RUTHERFORD ROAD SW","assessed_value":760500},{"address":"707.0 107A STREET SW","assessed_value":655500},{"address":"nan nan","assessed_value":8500},{"address":"668.0 DARTMOUTH POINT NW","assessed_value":732500},{"address":"1921.0 GARNETT WAY NW","assessed_value":449500},{"address":"1213.0 HALIBURTON CLOSE NW","assessed_value":621000},{"address":"12603.0 152 AVENUE NW","assessed_value":290500},{"address":"17339.0 91 STREET NW","assessed_value":378500},{"address":"10909.0 106 STREET NW","assessed_value":297000},{"address":"1728.0 BOWNESS WYND SW","assessed_value":903000},{"address":"15035.0 136 STREET NW","assessed_value":416000},{"address":"404.0 CALDERON CRESCENT NW","assessed_value":522000},{"address":"8119.0 112 AVENUE NW","assessed_value":108000},{"address":"2505.0 42 STREET NW","assessed_value":202500},{"address":"317.0 CALDWELL CLOSE NW","assessed_value":712500},{"address":"12012.0 101 STREET NW","assessed_value":313500},{"address":"9111.0 161 AVENUE NW","assessed_value":443000},{"address":"1860.0 BOWMAN POINT SW","assessed_value":790000},{"address":"3380.0 28A AVENUE NW","assessed_value":263000},{"address":"18006.0 108 STREET NW","assessed_value":443500},{"address":"3410.0 LAKEVIEW POINT NW","assessed_value":78000},{"address":"5427.0 203 STREET NW","assessed_value":402000},{"address":"13913.0 156 AVENUE NW","assessed_value":346500},{"address":"984.0 HOLLINGSWORTH BEND NW","assessed_value":886000},{"address":"1507.0 BLACKMORE WAY SW","assessed_value":576500},{"address":"9008.0 99 AVENUE NW","assessed_value":288500},{"address":"14617.0 138A STREET NW","assessed_value":488000},{"address":"1680.0 TOMPKINS PLACE NW","assessed_value":416500},{"address":"16303.0 95 STREET NW","assessed_value":162500},{"address":"6703.0 172 STREET NW","assessed_value":204500},{"address":"2903.0 RABBIT HILL ROAD NW","assessed_value":203500},{"address":"12836.0 161 AVENUE NW","assessed_value":412000},{"address":"715.0 GREEN WYND NW","assessed_value":498000},{"address":"2016.0 35A AVENUE NW","assessed_value":439000},{"address":"13835.0 37 STREET NW","assessed_value":417000},{"address":"605.0 GEISSINGER ROAD NW","assessed_value":430000},{"address":"nan nan","assessed_value":8500},{"address":"nan nan","assessed_value":6000},{"address":"5085.0 THIBAULT WAY NW","assessed_value":546500},{"address":"nan nan","assessed_value":8000},{"address":"10919.0 6 AVENUE SW","assessed_value":848000},{"address":"8942.0 156 STREET NW","assessed_value":6500},{"address":"3227.0 28A AVENUE NW","assessed_value":431000},{"address":"11340.0 124 STREET NW","assessed_value":73500},{"address":"2322.0 RUTHERFORD WAY SW","assessed_value":668500},{"address":"1615.0 HASWELL COURT NW","assessed_value":1223000},{"address":"nan nan","assessed_value":7500},{"address":"16124.0 77 STREET NW","assessed_value":206000},{"address":"655.0 GEISSINGER ROAD NW","assessed_value":519000},{"address":"1117.0 KLARVATTEN COVE NW","assessed_value":579500},{"address":"3009.0 33 AVENUE NW","assessed_value":366000},{"address":"1069.0 TORY ROAD NW","assessed_value":1552000},{"address":"15023.0 135 STREET NW","assessed_value":390500},{"address":"447.0 GIBB WYND NW","assessed_value":388500},{"address":"17320.0 119 STREET NW","assessed_value":429000},{"address":"2921.0 30 STREET NW","assessed_value":327500},{"address":"1780.0 GLASTONBURY BOULEVARD NW","assessed_value":276000},{"address":"16270.0 52 STREET NW","assessed_value":538000},{"address":"3011.0 31 AVENUE NW","assessed_value":337000},{"address":"16749.0 116 STREET NW","assessed_value":430500},{"address":"9804.0 101 STREET NW","assessed_value":243000},{"address":"2420.0 108 STREET NW","assessed_value":221500},{"address":"10249.0 104 STREET NW","assessed_value":427500},{"address":"2206.0 BAKER CLOSE SW","assessed_value":500000},{"address":"10265.0 107 STREET NW","assessed_value":191500},{"address":"2431.0 35 AVENUE NW","assessed_value":592000},{"address":"4620.0 TURNER SQUARE NW","assessed_value":459000},{"address":"10106.0 105 STREET NW","assessed_value":97000},{"address":"9503.0 101 AVENUE NW","assessed_value":205000},{"address":"nan nan","assessed_value":8500},{"address":"9955.0 114 STREET NW","assessed_value":260500},{"address":"nan nan","assessed_value":8500},{"address":"5218.0 162A AVENUE NW","assessed_value":427500},{"address":"8948.0 175 AVENUE NW","assessed_value":478000},{"address":"9819.0 96A STREET NW","assessed_value":320500},{"address":"3335.0 MCPHADDEN CLOSE SW","assessed_value":486000},{"address":"6828.0 166 AVENUE NW","assessed_value":456500},{"address":"nan nan","assessed_value":9000},{"address":"nan nan","assessed_value":17000},{"address":"6516.0 68 AVENUE NW","assessed_value":3229000},{"address":"918.0 HALIBURTON ROAD NW","assessed_value":509000},{"address":"20137.0 53 AVENUE NW","assessed_value":416000},{"address":"4020.0 21 STREET NW","assessed_value":286500},{"address":"745.0 LAUBER CRESCENT NW","assessed_value":540000},{"address":"nan nan","assessed_value":17000},{"address":"10225.0 114 STREET NW","assessed_value":134000},{"address":"3241.0 24 AVENUE NW","assessed_value":558000},{"address":"15128.0 141 STREET NW","assessed_value":405500},{"address":"11033.0 127 STREET NW","assessed_value":209500},{"address":"21246.0 88A AVENUE NW","assessed_value":477500},{"address":"3111.0 35 AVENUE NW","assessed_value":495000},{"address":"10330.0 113 STREET NW","assessed_value":113500},{"address":"9127.0 70 AVENUE NW","assessed_value":706500},{"address":"465.0 HUNTERS GREEN NW","assessed_value":533500},{"address":"406.0 86 STREET SW","assessed_value":496500},{"address":"4337.0 152 AVENUE NW","assessed_value":334000},{"address":"nan nan","assessed_value":8500},{"address":"2903.0 RABBIT HILL ROAD NW","assessed_value":199500},{"address":"622.0 GEISSINGER ROAD NW","assessed_value":551500},{"address":"nan nan","assessed_value":7000},{"address":"5418.0 97 STREET NW","assessed_value":519500},{"address":"10003.0 144 AVENUE NW","assessed_value":480000},{"address":"10707.0 122 STREET NW","assessed_value":438000},{"address":"3217.0 33A STREET NW","assessed_value":485500},{"address":"4350.0 23 STREET NW","assessed_value":284000},{"address":"4913.0 116A STREET NW","assessed_value":4000},{"address":"18009.0 108 STREET NW","assessed_value":432000},{"address":"1205.0 87A STREET SW","assessed_value":592500},{"address":"3008.0 LAKEVIEW DRIVE NW","assessed_value":134500},{"address":"nan nan","assessed_value":6500},{"address":"9008.0 99 AVENUE NW","assessed_value":301500},{"address":"16615.0 76 STREET NW","assessed_value":482500},{"address":"nan nan","assessed_value":9000},{"address":"nan nan","assessed_value":7000},{"address":"nan nan","assessed_value":13000},{"address":"2111.0 36 AVENUE NW","assessed_value":412500},{"address":"8756.0 166 AVENUE NW","assessed_value":450500},{"address":"16312.0 65 STREET NW","assessed_value":447500},{"address":"740.0 88 STREET SW","assessed_value":386500},{"address":"10235.0 111 STREET NW","assessed_value":311500},{"address":"10235.0 111 STREET NW","assessed_value":400500},{"address":"2741.0 55 STREET NW","assessed_value":126500},{"address":"4610.0 151A AVENUE NW","assessed_value":442500},{"address":"11830.0 85 STREET NW","assessed_value":62500},{"address":"nan nan","assessed_value":15000},{"address":"4513.0 TURNER SQUARE NW","assessed_value":445500},{"address":"20052.0 54A AVENUE NW","assessed_value":352000},{"address":"3119.0 32 AVENUE NW","assessed_value":405000},{"address":"nan nan","assessed_value":7000},{"address":"14803.0 MILLER BOULEVARD NW","assessed_value":263500},{"address":"5132.0 201 STREET NW","assessed_value":454000},{"address":"319.0 84 STREET SW","assessed_value":384500},{"address":"6561.0 GATEWAY BOULEVARD NW","assessed_value":396500},{"address":"5223.0 200 STREET NW","assessed_value":467000},{"address":"1009.0 79 STREET SW","assessed_value":470500},{"address":"nan nan","assessed_value":8000},{"address":"2913.0 33A STREET NW","assessed_value":432500},{"address":"16289.0 52 STREET NW","assessed_value":486500},{"address":"4559.0 TURNER SQUARE NW","assessed_value":441500},{"address":"nan nan","assessed_value":6500},{"address":"8707.0 99 AVENUE NW","assessed_value":1052000},{"address":"16420.0 88 STREET NW","assessed_value":543000},{"address":"138.0 GALLAND CRESCENT NW","assessed_value":515500},{"address":"15128.0 139 STREET NW","assessed_value":411500},{"address":"nan nan","assessed_value":9000},{"address":"11408.0 108 AVENUE NW","assessed_value":173000},{"address":"6430.0 163 AVENUE NW","assessed_value":461500},{"address":"3711.0 MCLEAN COURT SW","assessed_value":488000},{"address":"7756.0 78 AVENUE NW","assessed_value":358500},{"address":"6013.0 148 AVENUE NW","assessed_value":8500},{"address":"10720.0 6 AVENUE SW","assessed_value":689000},{"address":"18214.0 137 AVENUE NW","assessed_value":58000},{"address":"13815.0 150 AVENUE NW","assessed_value":449000},{"address":"1309.0 GEORGE CLOSE NW","assessed_value":388000},{"address":"1803.0 HASWELL WAY NW","assessed_value":684000},{"address":"2741.0 55 STREET NW","assessed_value":102000},{"address":"nan nan","assessed_value":14500},{"address":"1704.0 88 STREET SW","assessed_value":2195000},{"address":"16166.0 128A STREET NW","assessed_value":454000},{"address":"9503.0 101 AVENUE NW","assessed_value":209500},{"address":"8715.0 82 AVENUE NW","assessed_value":190500},{"address":"11830.0 152 STREET NW","assessed_value":151000},{"address":"13738.0 38 STREET NW","assessed_value":309000},{"address":"3380.0 28A AVENUE NW","assessed_value":266000},{"address":"11033.0 127 STREET NW","assessed_value":238500},{"address":"2741.0 55 STREET NW","assessed_value":149000},{"address":"942.0 HALIBURTON ROAD NW","assessed_value":768500},{"address":"9704.0 174 STREET NW","assessed_value":184000},{"address":"345.0 KIRKNESS ROAD NW","assessed_value":254500},{"address":"592.0 HOOKE ROAD NW","assessed_value":177500},{"address":"3347.0 24 AVENUE NW","assessed_value":412000},{"address":"3347.0 27 AVENUE NW","assessed_value":430000},{"address":"3154.0 34B AVENUE NW","assessed_value":551000},{"address":"11260.0 153 AVENUE NW","assessed_value":328500},{"address":"1870.0 HOLMAN CRESCENT NW","assessed_value":571500},{"address":"14076.0 152 AVENUE NW","assessed_value":396000},{"address":"10116.0 80 AVENUE NW","assessed_value":259500},{"address":"8811.0 99 AVENUE NW","assessed_value":1304000},{"address":"3380.0 28A AVENUE NW","assessed_value":262500},{"address":"20211.0 54 AVENUE NW","assessed_value":391000},{"address":"172.0 MACEWAN ROAD SW","assessed_value":458000},{"address":"10169.0 104 STREET NW","assessed_value":362500},{"address":"2079.0 BLACKMUD CREEK DRIVE SW","assessed_value":666500},{"address":"14056.0 151 AVENUE NW","assessed_value":384000},{"address":"16116.0 38 STREET NW","assessed_value":353500},{"address":"2630.0 33A STREET NW","assessed_value":404000},{"address":"2023.0 GARNETT WAY NW","assessed_value":459500},{"address":"7923.0 12 AVENUE SW","assessed_value":508000},{"address":"3154.0 34A AVENUE NW","assessed_value":529000},{"address":"627.0 GEISSINGER ROAD NW","assessed_value":510500},{"address":"10134.0 100 STREET NW","assessed_value":169500},{"address":"8119.0 112 AVENUE NW","assessed_value":120500},{"address":"9636.0 108A AVENUE NW","assessed_value":218000},{"address":"1907.0 37C AVENUE NW","assessed_value":438500},{"address":"nan nan","assessed_value":6500},{"address":"11025.0 JASPER AVENUE NW","assessed_value":82500},{"address":"15420.0 138B STREET NW","assessed_value":427000},{"address":"15032.0 137 STREET NW","assessed_value":423500},{"address":"2116.0 35A AVENUE NW","assessed_value":452500},{"address":"739.0 88 STREET SW","assessed_value":401000},{"address":"448.0 HUNTERS GREEN NW","assessed_value":418500},{"address":"7517.0 165A AVENUE NW","assessed_value":498000},{"address":"1807.0 36 AVENUE NW","assessed_value":462000},{"address":"1225.0 87A STREET SW","assessed_value":607000},{"address":"4135.0 TOMPKINS WAY NW","assessed_value":435000},{"address":"1817.0 37A AVENUE NW","assessed_value":435500},{"address":"9134.0 100A AVENUE NW","assessed_value":527500},{"address":"2420.0 108 STREET NW","assessed_value":167000},{"address":"15711.0 135 STREET NW","assessed_value":524000},{"address":"2336.0 37A AVENUE NW","assessed_value":428500},{"address":"703.0 HOLLINGSWORTH GREEN NW","assessed_value":1023000},{"address":"12229.0 16 AVENUE SW","assessed_value":392000},{"address":"nan nan","assessed_value":7500},{"address":"2528.0 BELL COURT SW","assessed_value":502000},{"address":"nan nan","assessed_value":12500},{"address":"2033.0 GARNETT WAY NW","assessed_value":450500},{"address":"21358.0 87A AVENUE NW","assessed_value":404500},{"address":"211.0 84 STREET SW","assessed_value":402500},{"address":"nan nan","assessed_value":13000},{"address":"2903.0 RABBIT HILL ROAD NW","assessed_value":182500},{"address":"16522.0 67A STREET NW","assessed_value":434500},{"address":"nan nan","assessed_value":58000},{"address":"16034.0 90 STREET NW","assessed_value":311500},{"address":"10417.0 182A AVENUE NW","assessed_value":532000},{"address":"nan nan","assessed_value":9000},{"address":"nan nan","assessed_value":12500},{"address":"nan nan","assessed_value":4500},{"address":"13403.0 CUMBERLAND ROAD NW","assessed_value":292500},{"address":"7227.0 161 AVENUE NW","assessed_value":579500},{"address":"9741.0 110 STREET NW","assessed_value":309500},{"address":"16207.0 52 STREET NW","assessed_value":443500},{"address":"nan nan","assessed_value":7500},{"address":"3103.0 32 AVENUE NW","assessed_value":372500},{"address":"1404.0 RUTHERFORD COURT SW","assessed_value":600500},{"address":"20012.0 54A AVENUE NW","assessed_value":355500},{"address":"3112.0 34A AVENUE NW","assessed_value":517000},{"address":"16532.0 67 STREET NW","assessed_value":420500},{"address":"1221.0 SUMMERSIDE DRIVE SW","assessed_value":855500},{"address":"3835.0 107 STREET NW","assessed_value":94500},{"address":"14803.0 MILLER BOULEVARD NW","assessed_value":293500},{"address":"nan nan","assessed_value":9000},{"address":"nan nan","assessed_value":13000},{"address":"12113.0 16 AVENUE SW","assessed_value":380500},{"address":"nan nan","assessed_value":9000},{"address":"9819.0 96A STREET NW","assessed_value":291000},{"address":"3559.0 23 STREET NW","assessed_value":522500},{"address":"16025.0 90 STREET NW","assessed_value":310500},{"address":"3259.0 28 AVENUE NW","assessed_value":432000},{"address":"10810.0 47 STREET NW","assessed_value":8000},{"address":"15209.0 49A STREET NW","assessed_value":504000},{"address":"1675.0 GLASTONBURY BOULEVARD NW","assessed_value":23500},{"address":"3311.0 32 AVENUE NW","assessed_value":651500},{"address":"3103.0 34B AVENUE NW","assessed_value":591000},{"address":"103.0 GALLAND CRESCENT NW","assessed_value":530000},{"address":"nan nan","assessed_value":5000},{"address":"15919.0 134 STREET NW","assessed_value":460000},{"address":"2903.0 RABBIT HILL ROAD NW","assessed_value":221000},{"address":"nan nan","assessed_value":13000},{"address":"955.0 HOLLINGSWORTH BEND NW","assessed_value":1593000},{"address":"10920.0 177 AVENUE NW","assessed_value":538000},{"address":"7516.0 161A AVENUE NW","assessed_value":742000},{"address":"19003.0 50 AVENUE NW","assessed_value":615000},{"address":"12918.0 162A AVENUE NW","assessed_value":446000},{"address":"11631.0 137 AVENUE NW","assessed_value":6500},{"address":"6708.0 75 STREET NW","assessed_value":6735500},{"address":"3324.0 24 AVENUE NW","assessed_value":483000},{"address":"135.0 GRIESBACH ROAD NW","assessed_value":559000},{"address":"928.0 PROCTOR WYND NW","assessed_value":620500},{"address":"10531.0 95 STREET NW","assessed_value":104000},{"address":"1014.0 DOWNEY WAY NW","assessed_value":736500},{"address":"20106.0 53 AVENUE NW","assessed_value":356000},{"address":"1862.0 ROBERTSON CRESCENT SW","assessed_value":584500},{"address":"3356.0 24 AVENUE NW","assessed_value":476000},{"address":"nan nan","assessed_value":11000},{"address":"14843.0 138A STREET NW","assessed_value":477500},{"address":"11609.0 167B AVENUE NW","assessed_value":401500},{"address":"16204.0 38 STREET NW","assessed_value":393500},{"address":"nan nan","assessed_value":9000},{"address":"12925.0 162A AVENUE NW","assessed_value":453000},{"address":"10106.0 105 STREET NW","assessed_value":163000},{"address":"16415.0 77 STREET NW","assessed_value":385000},{"address":"13854.0 37 STREET NW","assessed_value":314000},{"address":"16527.0 75 STREET NW","assessed_value":638000},{"address":"12732.0 113A STREET NW","assessed_value":279000},{"address":"1587.0 HECTOR ROAD NW","assessed_value":760500},{"address":"15625.0 CASTLE DOWNS ROAD NW","assessed_value":4249000},{"address":"16516.0 67 STREET NW","assessed_value":443500},{"address":"8488.0 111 STREET NW","assessed_value":387000},{"address":"1842.0 TOWNE CENTRE BOULEVARD NW","assessed_value":470000},{"address":"15004.0 137 STREET NW","assessed_value":407000},{"address":"3544.0 MCLEAN CRESCENT SW","assessed_value":495500},{"address":"17411.0 90 STREET NW","assessed_value":395500},{"address":"263.0 TORY CRESCENT NW","assessed_value":858500},{"address":"3733.0 137A AVENUE NW","assessed_value":391000},{"address":"11025.0 JASPER AVENUE NW","assessed_value":86000},{"address":"14635.0 137 STREET NW","assessed_value":509000},{"address":"3743.0 22 STREET NW","assessed_value":331500},{"address":"nan nan","assessed_value":7000},{"address":"940.0 BLACKMUD CREEK CRESCENT SW","assessed_value":732500},{"address":"747.0 TODD LANDING NW","assessed_value":763000},{"address":"nan nan","assessed_value":6500},{"address":"3719.0 130 AVENUE NW","assessed_value":485500},{"address":"311.0 JACKSON ROAD NW","assessed_value":7014000},{"address":"8926.0 7 AVENUE SW","assessed_value":448000},{"address":"512.0 89 STREET SW","assessed_value":464000},{"address":"618.0 BECK CLOSE SW","assessed_value":500000},{"address":"nan nan","assessed_value":7500},{"address":"2218.0 37A AVENUE NW","assessed_value":463000},{"address":"9017.0 156 AVENUE NW","assessed_value":552500},{"address":"nan nan","assessed_value":6000},{"address":"818.0 MCALLISTER CRESCENT SW","assessed_value":390500},{"address":"nan nan","assessed_value":6000},{"address":"10178.0 117 STREET NW","assessed_value":317500},{"address":"nan nan","assessed_value":6500},{"address":"11211.0 85 STREET NW","assessed_value":104500},{"address":"nan nan","assessed_value":13000},{"address":"510.0 SILVER BERRY ROAD NW","assessed_value":463000},{"address":"4827.0 190A STREET NW","assessed_value":480000},{"address":"1005.0 GOODWIN COURT NW","assessed_value":566000},{"address":"620.0 STEWART CRESCENT SW","assessed_value":724500},{"address":"8526.0 6 AVENUE SW","assessed_value":633000},{"address":"3513.0 20 STREET NW","assessed_value":436000},{"address":"15306.0 138A STREET NW","assessed_value":429500},{"address":"17603.0 99 STREET NW","assessed_value":369000},{"address":"nan nan","assessed_value":8000},{"address":"3432.0 32 STREET NW","assessed_value":703500},{"address":"10046.0 110 STREET NW","assessed_value":208000},{"address":"11010.0 124 STREET NW","assessed_value":105000},{"address":"13632.0 128 AVENUE NW","assessed_value":454500},{"address":"9730.0 174 STREET NW","assessed_value":131000},{"address":"10221.0 111 STREET NW","assessed_value":310500},{"address":"nan nan","assessed_value":9500},{"address":"7560.0 165A AVENUE NW","assessed_value":569500},{"address":"3750.0 20 STREET NW","assessed_value":391500},{"address":"1137.0 BARNES WAY SW","assessed_value":462500},{"address":"8922.0 156 STREET NW","assessed_value":242500},{"address":"10624.0 183 AVENUE NW","assessed_value":455500},{"address":"13403.0 CUMBERLAND ROAD NW","assessed_value":295500},{"address":"166.0 CALDWELL WAY NW","assessed_value":774500},{"address":"10848.0 8 AVENUE SW","assessed_value":497000},{"address":"12130.0 17 AVENUE SW","assessed_value":421500},{"address":"3518.0 31A STREET NW","assessed_value":538500},{"address":"9507.0 101 AVENUE NW","assessed_value":263000},{"address":"536.0 90 STREET SW","assessed_value":484000},{"address":"nan nan","assessed_value":8500},{"address":"237.0 YOUVILLE DRIVE EAST NW","assessed_value":206000},{"address":"9708.0 110 STREET NW","assessed_value":365500},{"address":"21331.0 88 AVENUE NW","assessed_value":396500},{"address":"810.0 BARNES LINK SW","assessed_value":477500},{"address":"631.0 DALHOUSIE CRESCENT NW","assessed_value":924500},{"address":"2614.0 HANNA CRESCENT NW","assessed_value":585000},{"address":"16420.0 87 STREET NW","assessed_value":507000},{"address":"3304.0 MCPHADDEN CLOSE SW","assessed_value":471500},{"address":"9204.0 159 AVENUE NW","assessed_value":507500},{"address":"9938.0 104 STREET NW","assessed_value":209000},{"address":"11568.0 167A AVENUE NW","assessed_value":446000},{"address":"nan nan","assessed_value":6000},{"address":"429.0 OZERNA ROAD NW","assessed_value":522500},{"address":"2021.0 GRANTHAM COURT NW","assessed_value":304500},{"address":"653.0 SILVER BERRY ROAD NW","assessed_value":680000},{"address":"1516.0 HASWELL CLOSE NW","assessed_value":793500},{"address":"592.0 HOOKE ROAD NW","assessed_value":175500},{"address":"1910.0 HOLMAN PLACE NW","assessed_value":576500},{"address":"11260.0 153 AVENUE NW","assessed_value":169500},{"address":"9804.0 101 STREET NW","assessed_value":234000},{"address":"8715.0 82 AVENUE NW","assessed_value":185500},{"address":"16933.0 115 STREET NW","assessed_value":274500},{"address":"987.0 HOLLINGSWORTH BEND NW","assessed_value":685500},{"address":"10911.0 176A AVENUE NW","assessed_value":584500},{"address":"1079.0 TORY ROAD NW","assessed_value":1508000},{"address":"917.0 PROCTOR WYND NW","assessed_value":607500},{"address":"506.0 90 STREET SW","assessed_value":441500},{"address":"10222.0 157 STREET NW","assessed_value":267000},{"address":"15208.0 45 STREET NW","assessed_value":435500},{"address":"10749.0 181 STREET NW","assessed_value":303500},{"address":"nan nan","assessed_value":12500},{"address":"nan nan","assessed_value":4500},{"address":"nan nan","assessed_value":9500},{"address":"1814.0 ROBERTSON CRESCENT SW","assessed_value":537000},{"address":"nan nan","assessed_value":9000},{"address":"nan nan","assessed_value":500},{"address":"254.0 HILLIARD GREEN NW","assessed_value":687000},{"address":"249.0 EDWARDS DRIVE SW","assessed_value":287000},{"address":"3775.0 18 STREET NW","assessed_value":458000},{"address":"5351.0 TERWILLEGAR BOULEVARD NW","assessed_value":480000},{"address":"1638.0 HECTOR ROAD NW","assessed_value":590500},{"address":"931.0 PROCTOR WYND NW","assessed_value":649000},{"address":"3216.0 31 AVENUE NW","assessed_value":590000},{"address":"8956.0 156 STREET NW","assessed_value":249000},{"address":"nan nan","assessed_value":9000},{"address":"1703.0 ROBERTSON PLACE SW","assessed_value":529000},{"address":"823.0 MCALLISTER CRESCENT SW","assessed_value":394000},{"address":"14729.0 138A STREET NW","assessed_value":442500},{"address":"10153.0 117 STREET NW","assessed_value":166500},{"address":"14639.0 137 STREET NW","assessed_value":496000},{"address":"13008.0 141C AVENUE NW","assessed_value":464500},{"address":"10855.0 SASKATCHEWAN DRIVE NW","assessed_value":420500},{"address":"1124.0 BARNES WAY SW","assessed_value":341500},{"address":"8503.0 173 AVENUE NW","assessed_value":446500},{"address":"655.0 EVERGREEN PARK NW","assessed_value":69500},{"address":"7107.0 163 AVENUE NW","assessed_value":521500},{"address":"10145.0 114 STREET NW","assessed_value":233000},{"address":"671.0 MCALLISTER LOOP SW","assessed_value":347000},{"address":"936.0 HALIBURTON ROAD NW","assessed_value":696000},{"address":"648.0 EVERGREEN PARK NW","assessed_value":67500},{"address":"8742.0 5 AVENUE SW","assessed_value":446000},{"address":"11025.0 JASPER AVENUE NW","assessed_value":83500},{"address":"10707.0 102 AVENUE NW","assessed_value":194500},{"address":"nan nan","assessed_value":13000},{"address":"3534.0 MCLEAN CRESCENT SW","assessed_value":534000},{"address":"nan nan","assessed_value":7000},{"address":"10911.0 177 AVENUE NW","assessed_value":492500},{"address":"100.0 BRIARWYND COURT NW","assessed_value":29503500},{"address":"6723.0 164 AVENUE NW","assessed_value":418500},{"address":"13848.0 147 AVENUE NW","assessed_value":554500},{"address":"16823.0 84 STREET NW","assessed_value":235500},{"address":"10707.0 102 AVENUE NW","assessed_value":187500},{"address":"667.0 MCALLISTER LOOP SW","assessed_value":345500},{"address":"3348.0 26 AVENUE NW","assessed_value":409500},{"address":"455.0 EVERGREEN PARK NW","assessed_value":66000},{"address":"2448.0 TEGLER GREEN NW","assessed_value":295000},{"address":"153.0 GALLAND CRESCENT NW","assessed_value":520500},{"address":"1123.0 SUMMERSIDE DRIVE SW","assessed_value":529500},{"address":"3320.0 27 AVENUE NW","assessed_value":433000},{"address":"8909.0 7 AVENUE SW","assessed_value":437500},{"address":"9023.0 158 AVENUE NW","assessed_value":556000},{"address":"10221.0 111 STREET NW","assessed_value":322000},{"address":"10054.0 164 STREET NW","assessed_value":285000},{"address":"16536.0 75 STREET NW","assessed_value":497000},{"address":"1528.0 WELLWOOD WAY NW","assessed_value":5500},{"address":"11111.0 82 AVENUE NW","assessed_value":297000},{"address":"4514.0 TURNER SQUARE NW","assessed_value":413500},{"address":"16211.0 53 STREET NW","assessed_value":465500},{"address":"3429.0 MCKAY LANE SW","assessed_value":338000},{"address":"nan nan","assessed_value":6000},{"address":"894.0 MCALLISTER CRESCENT SW","assessed_value":393500},{"address":"2021.0 GRANTHAM COURT NW","assessed_value":290500},{"address":"9325.0 104 AVENUE NW","assessed_value":66500},{"address":"7640.0 38 AVENUE NW","assessed_value":22709500},{"address":"9811.0 34 AVENUE NW","assessed_value":1281500},{"address":"nan nan","assessed_value":21000},{"address":"1409.0 HASWELL PLACE NW","assessed_value":575000},{"address":"nan nan","assessed_value":8000},{"address":"nan nan","assessed_value":3000},{"address":"11109.0 84 AVENUE NW","assessed_value":315500},{"address":"2505.0 42 STREET NW","assessed_value":188000},{"address":"359.0 CALDERON CRESCENT NW","assessed_value":535000},{"address":"10308.0 114 STREET NW","assessed_value":326500},{"address":"16215.0 64 STREET NW","assessed_value":503500},{"address":"3220.0 28 AVENUE NW","assessed_value":438500},{"address":"216.0 HYNDMAN CRESCENT NW","assessed_value":502500},{"address":"1823.0 ROBERTSON CRESCENT SW","assessed_value":520500},{"address":"1743.0 HASWELL COVE NW","assessed_value":641500},{"address":"10108.0 125 STREET NW","assessed_value":337000},{"address":"16128.0 90 STREET NW","assessed_value":498000},{"address":"15312.0 137A STREET NW","assessed_value":333500},{"address":"nan nan","assessed_value":13000},{"address":"11825.0 71A AVENUE NW","assessed_value":880500},{"address":"12010.0 40 AVENUE NW","assessed_value":8000},{"address":"1423.0 BISHOP POINT SW","assessed_value":791000},{"address":"21320.0 88 AVENUE NW","assessed_value":399500},{"address":"3524.0 21 STREET NW","assessed_value":473000},{"address":"1224.0 SUMMERSIDE DRIVE SW","assessed_value":606000},{"address":"615.0 STEWART CRESCENT SW","assessed_value":733500},{"address":"8925.0 8 AVENUE SW","assessed_value":428000},{"address":"nan nan","assessed_value":17500},{"address":"1780.0 GLASTONBURY BOULEVARD NW","assessed_value":263000},{"address":"7926.0 10 AVENUE SW","assessed_value":393500},{"address":"nan nan","assessed_value":18000},{"address":"14803.0 MILLER BOULEVARD NW","assessed_value":275500},{"address":"592.0 HOOKE ROAD NW","assessed_value":130000},{"address":"8420.0 173 AVENUE NW","assessed_value":497000},{"address":"3328.0 27 AVENUE NW","assessed_value":445500},{"address":"237.0 YOUVILLE DRIVE EAST NW","assessed_value":140000},{"address":"11828.0 173 AVENUE NW","assessed_value":560000},{"address":"555.0 KLARVATTEN LAKE WYND NW","assessed_value":435500},{"address":"9503.0 101 AVENUE NW","assessed_value":191000},{"address":"4420.0 151A AVENUE NW","assessed_value":467000},{"address":"11025.0 JASPER AVENUE NW","assessed_value":87500},{"address":"8824.0 166 AVENUE NW","assessed_value":439000},{"address":"9938.0 104 STREET NW","assessed_value":158500},{"address":"nan nan","assessed_value":7000},{"address":"8423.0 6 AVENUE SW","assessed_value":481500},{"address":"nan nan","assessed_value":6000},{"address":"16823.0 84 STREET NW","assessed_value":232500},{"address":"nan nan","assessed_value":7000},{"address":"592.0 HOOKE ROAD NW","assessed_value":123000},{"address":"16020.0 91 STREET NW","assessed_value":430500},{"address":"nan nan","assessed_value":6000},{"address":"nan nan","assessed_value":6000},{"address":"9827.0 142 STREET NW","assessed_value":10000},{"address":"1912.0 GARNETT WAY NW","assessed_value":450000},{"address":"16227.0 84 STREET NW","assessed_value":503500},{"address":"11328.0 167B AVENUE NW","assessed_value":424500},{"address":"970.0 HOLLINGSWORTH BEND NW","assessed_value":1072000},{"address":"1340.0 RUTHERFORD ROAD SW","assessed_value":577500},{"address":"243.0 TORY CRESCENT NW","assessed_value":730000},{"address":"7220.0 144 AVENUE NW","assessed_value":66000},{"address":"14007.0 152 AVENUE NW","assessed_value":395500},{"address":"nan nan","assessed_value":6500},{"address":"10403.0 98 AVENUE NW","assessed_value":220000},{"address":"3507.0 22 STREET NW","assessed_value":484500},{"address":"1322.0 THOMPSON COURT NW","assessed_value":696000},{"address":"nan nan","assessed_value":6000},{"address":"1738.0 BOWNESS WYND SW","assessed_value":763500},{"address":"6703.0 172 STREET NW","assessed_value":207000},{"address":"3114.0 LAKEWOOD CRESCENT NW","assessed_value":78500},{"address":"nan nan","assessed_value":6500},{"address":"4350.0 23 STREET NW","assessed_value":288000},{"address":"nan nan","assessed_value":11500},{"address":"nan nan","assessed_value":8500},{"address":"3402.0 MCKAY LANE SW","assessed_value":325000},{"address":"2903.0 RABBIT HILL ROAD NW","assessed_value":204000},{"address":"9819.0 96A STREET NW","assessed_value":300000},{"address":"10909.0 106 STREET NW","assessed_value":262000},{"address":"8943.0 173 AVENUE NW","assessed_value":573500},{"address":"nan nan","assessed_value":4500},{"address":"1503.0 PARSONS ROAD NW","assessed_value":1375500},{"address":"1877.0 HOLMAN CRESCENT NW","assessed_value":499000},{"address":"135.0 HAYWARD CRESCENT NW","assessed_value":528000},{"address":"1015.0 79 STREET SW","assessed_value":504000},{"address":"2029.0 BLACKMUD CREEK DRIVE SW","assessed_value":494000},{"address":"9125.0 131 AVENUE NW","assessed_value":8500},{"address":"3235.0 27 AVENUE NW","assessed_value":424500},{"address":"14004.0 122 STREET NW","assessed_value":262500},{"address":"12218.0 81 STREET NW","assessed_value":282500},{"address":"1813.0 37 AVENUE NW","assessed_value":449000},{"address":"1420.0 PARSONS ROAD SW","assessed_value":5037000},{"address":"nan nan","assessed_value":12500},{"address":"3215.0 211 AVENUE NE","assessed_value":68500},{"address":"11211.0 85 STREET NW","assessed_value":104500},{"address":"16113.0 129A STREET NW","assessed_value":427500},{"address":"8619.0 111 STREET NW","assessed_value":370500},{"address":"nan nan","assessed_value":17000},{"address":"342.0 SUMMERSIDE COVE SW","assessed_value":678000},{"address":"144.0 SASKATCHEWAN DRIVE SOUTH NW","assessed_value":1061500},{"address":"11039.0 83 AVENUE NW","assessed_value":358000},{"address":"1160.0 MERIDIAN STREET NW","assessed_value":500},{"address":"10246.0 96 STREET NW","assessed_value":412500},{"address":"10403.0 98 AVENUE NW","assessed_value":193500},{"address":"17103.0 69 AVENUE NW","assessed_value":23576500},{"address":"13403.0 CUMBERLAND ROAD NW","assessed_value":311500},{"address":"1510.0 PALMER CLOSE NW","assessed_value":688000},{"address":"1403.0 BRECKENRIDGE DRIVE NW","assessed_value":533000},{"address":"3316.0 MCPHADDEN CLOSE SW","assessed_value":475000},{"address":"731.0 TODD LANDING NW","assessed_value":883500},{"address":"2077.0 BLACKMUD CREEK DRIVE SW","assessed_value":689000},{"address":"16933.0 115 STREET NW","assessed_value":263000},{"address":"2933.0 LAKEWOOD DRIVE NW","assessed_value":88500},{"address":"14202.0 ELLERSLIE ROAD SW","assessed_value":36000},{"address":"2439.0 TEGLER GREEN NW","assessed_value":1307500},{"address":"7220.0 144 AVENUE NW","assessed_value":105500},{"address":"8828.0 166 AVENUE NW","assessed_value":456500},{"address":"9104.0 161 AVENUE NW","assessed_value":488500},{"address":"3121.0 32 AVENUE NW","assessed_value":401000},{"address":"3223.0 MCPHADDEN PLACE SW","assessed_value":507500},{"address":"5318.0 141 AVENUE NW","assessed_value":4000},{"address":"5311.0 TERWILLEGAR BOULEVARD NW","assessed_value":456500},{"address":"13334.0 113A STREET NW","assessed_value":151000},{"address":"11111.0 82 AVENUE NW","assessed_value":379000},{"address":"nan nan","assessed_value":18000},{"address":"80.0 WINDERMERE DRIVE SW","assessed_value":2847000},{"address":"16224.0 84 STREET NW","assessed_value":502500},{"address":"nan nan","assessed_value":4500},{"address":"531.0 90 STREET SW","assessed_value":436000},{"address":"10265.0 107 STREET NW","assessed_value":330000},{"address":"5307.0 141 AVENUE NW","assessed_value":349500},{"address":"10004.0 144 AVENUE NW","assessed_value":357000},{"address":"nan nan","assessed_value":8500},{"address":"605.0 HOOKE COURT NW","assessed_value":455000},{"address":"2004.0 GRANTHAM COURT NW","assessed_value":298000},{"address":"878.0 MCALLISTER CRESCENT SW","assessed_value":369500},{"address":"580.0 STEWART CRESCENT SW","assessed_value":616500},{"address":"15104.0 43 STREET NW","assessed_value":446500},{"address":"1020.0 80 STREET SW","assessed_value":434000},{"address":"nan nan","assessed_value":13000},{"address":"3135.0 34A AVENUE NW","assessed_value":586500},{"address":"8026.0 166A AVENUE NW","assessed_value":364500},{"address":"849.0 GRAHAM WYND NW","assessed_value":454500},{"address":"14603.0 MILLER BOULEVARD NW","assessed_value":266500},{"address":"642.0 GEISSINGER ROAD NW","assessed_value":561000},{"address":"nan nan","assessed_value":13000},{"address":"nan nan","assessed_value":7000},{"address":"7220.0 144 AVENUE NW","assessed_value":63500},{"address":"9704.0 19 AVENUE NW","assessed_value":37164500},{"address":"1134.0 BARNES WAY SW","assessed_value":338500},{"address":"8930.0 149 STREET NW","assessed_value":59500},{"address":"20134.0 53 AVENUE NW","assessed_value":376000},{"address":"12108.0 16 AVENUE SW","assessed_value":340000},{"address":"nan nan","assessed_value":4500},{"address":"11506.0 173A AVENUE NW","assessed_value":421000},{"address":"13816.0 148 AVENUE NW","assessed_value":479000},{"address":"9109.0 156 AVENUE NW","assessed_value":551000},{"address":"nan nan","assessed_value":7000},{"address":"592.0 HOOKE ROAD NW","assessed_value":187500},{"address":"nan nan","assessed_value":7000},{"address":"10848.0 8 AVENUE SW","assessed_value":403500},{"address":"1617.0 GLASTONBURY BOULEVARD NW","assessed_value":543000},{"address":"2301.0 BAILEY COURT SW","assessed_value":2000},{"address":"658.0 WINDROSS CRESCENT NW","assessed_value":503000},{"address":"10074.0 164 STREET NW","assessed_value":284000},{"address":"2505.0 42 STREET NW","assessed_value":227500},{"address":"15108.0 139 STREET NW","assessed_value":439500},{"address":"11714.0 173A AVENUE NW","assessed_value":413500},{"address":"3723.0 162 AVENUE NW","assessed_value":421500},{"address":"3835.0 107 STREET NW","assessed_value":90000},{"address":"498.0 HUNTERS GREEN NW","assessed_value":455000},{"address":"nan nan","assessed_value":6000},{"address":"705.0 PORTER COURT NW","assessed_value":615000},{"address":"2214.0 BAKER CLOSE SW","assessed_value":494500},{"address":"7804.0 12 AVENUE SW","assessed_value":407000},{"address":"16208.0 38 STREET NW","assessed_value":440500},{"address":"592.0 HOOKE ROAD NW","assessed_value":175500},{"address":"7220.0 144 AVENUE NW","assessed_value":86000},{"address":"9704.0 174 STREET NW","assessed_value":186500},{"address":"178.0 QUESNELL CRESCENT NW","assessed_value":7000},{"address":"3331.0 MCPHADDEN CLOSE SW","assessed_value":557500},{"address":"13715.0 147 AVENUE NW","assessed_value":515500},{"address":"3115.0 34B AVENUE NW","assessed_value":482500},{"address":"10309.0 107 STREET NW","assessed_value":390500},{"address":"2741.0 55 STREET NW","assessed_value":111500},{"address":"nan nan","assessed_value":17000},{"address":"1765.0 TOMLINSON COMMON NW","assessed_value":232000},{"address":"8930.0 149 STREET NW","assessed_value":61000},{"address":"10106.0 105 STREET NW","assessed_value":133500},{"address":"11825.0 71 STREET NW","assessed_value":86500},{"address":"20024.0 50 AVENUE NW","assessed_value":564000},{"address":"722.0 TODD LANDING NW","assessed_value":958000},{"address":"2903.0 RABBIT HILL ROAD NW","assessed_value":213500},{"address":"9819.0 96A STREET NW","assessed_value":357500},{"address":"251.0 GALLAND CLOSE NW","assessed_value":1068000},{"address":"1021.0 DOWNEY WAY NW","assessed_value":758000},{"address":"345.0 KIRKNESS ROAD NW","assessed_value":258500},{"address":"3307.0 26 AVENUE NW","assessed_value":508000},{"address":"13727.0 149 AVENUE NW","assessed_value":511500},{"address":"8920.0 7 AVENUE SW","assessed_value":454000},{"address":"825.0 BARNES LINK SW","assessed_value":508500},{"address":"16416.0 87 STREET NW","assessed_value":515000},{"address":"10308.0 114 STREET NW","assessed_value":278000},{"address":"3432.0 MCKAY LANE SW","assessed_value":354500},{"address":"3511.0 18 STREET NW","assessed_value":469000},{"address":"249.0 EDWARDS DRIVE SW","assessed_value":252500},{"address":"10106.0 105 STREET NW","assessed_value":125000},{"address":"11104.0 87 AVENUE NW","assessed_value":46454000},{"address":"719.0 89 STREET SW","assessed_value":438500},{"address":"9815.0 96A STREET NW","assessed_value":8000},{"address":"10230.0 105 AVENUE NW","assessed_value":534500},{"address":"9503.0 101 AVENUE NW","assessed_value":216000},{"address":"14963.0 138 STREET NW","assessed_value":434000},{"address":"3752.0 21 STREET NW","assessed_value":335500},{"address":"nan nan","assessed_value":17500},{"address":"1116.0 RUTHERFORD CLOSE SW","assessed_value":536500},{"address":"9804.0 101 STREET NW","assessed_value":317500},{"address":"13805.0 158 AVENUE NW","assessed_value":442500},{"address":"7022.0 162A AVENUE NW","assessed_value":513000},{"address":"12425.0 66 STREET NW","assessed_value":29917500},{"address":"12763.0 136 STREET NW","assessed_value":387500},{"address":"6919.0 166 AVENUE NW","assessed_value":488000},{"address":"8942.0 156 STREET NW","assessed_value":6500},{"address":"15812.0 92 STREET NW","assessed_value":514500},{"address":"nan nan","assessed_value":7000},{"address":"9741.0 110 STREET NW","assessed_value":344500},{"address":"249.0 EDWARDS DRIVE SW","assessed_value":258500},{"address":"625.0 DALHOUSIE CRESCENT NW","assessed_value":1062500},{"address":"nan nan","assessed_value":13000},{"address":"9828.0 112 STREET NW","assessed_value":210500},{"address":"607.0 88 STREET SW","assessed_value":442000},{"address":"736.0 HALIBURTON CRESCENT NW","assessed_value":576000},{"address":"2313.0 BAILEY COURT SW","assessed_value":509500},{"address":"1104.0 BARNES WAY SW","assessed_value":334500},{"address":"7207.0 161 AVENUE NW","assessed_value":471500},{"address":"3336.0 24 AVENUE NW","assessed_value":440500},{"address":"16415.0 77 STREET NW","assessed_value":378500},{"address":"nan nan","assessed_value":7500},{"address":"1536.0 BLACKMORE WAY SW","assessed_value":802500},{"address":"16531.0 75 STREET NW","assessed_value":457500},{"address":"12910.0 162A AVENUE NW","assessed_value":495000},{"address":"17214.0 88 STREET NW","assessed_value":435000},{"address":"8522.0 7 AVENUE SW","assessed_value":449500},{"address":"nan nan","assessed_value":7000},{"address":"15712.0 93 STREET NW","assessed_value":559500},{"address":"13445.0 113A STREET NW","assessed_value":6000},{"address":"nan nan","assessed_value":7000},{"address":"10855.0 SASKATCHEWAN DRIVE NW","assessed_value":418000},{"address":"14848.0 139 STREET NW","assessed_value":397500},{"address":"1818.0 GARNETT WAY NW","assessed_value":447500},{"address":"2815.0 LAKESIDE CRESCENT NW","assessed_value":100500},{"address":"11025.0 JASPER AVENUE NW","assessed_value":83500},{"address":"nan nan","assessed_value":6000},{"address":"1084.0 TORY ROAD NW","assessed_value":108000},{"address":"4069.0 106 STREET NW","assessed_value":20988500},{"address":"nan nan","assessed_value":6000},{"address":"15219.0 44 STREET NW","assessed_value":558500},{"address":"nan nan","assessed_value":4500},{"address":"nan nan","assessed_value":4500},{"address":"13016.0 141C AVENUE NW","assessed_value":466500},{"address":"2420.0 108 STREET NW","assessed_value":219000},{"address":"14120.0 ELLERSLIE ROAD SW","assessed_value":696000},{"address":"nan nan","assessed_value":9000},{"address":"17347.0 90 STREET NW","assessed_value":400500},{"address":"674.0 GEISSINGER ROAD NW","assessed_value":489000},{"address":"14603.0 MILLER BOULEVARD NW","assessed_value":271000},{"address":"5084.0 THIBAULT WAY NW","assessed_value":639500},{"address":"9503.0 101 AVENUE NW","assessed_value":238000},{"address":"nan nan","assessed_value":6000},{"address":"5226.0 162A AVENUE NW","assessed_value":430000},{"address":"4312.0 151A AVENUE NW","assessed_value":451500},{"address":"20012.0 53A AVENUE NW","assessed_value":361500},{"address":"1717.0 HASWELL COVE NW","assessed_value":700000},{"address":"2741.0 55 STREET NW","assessed_value":108500},{"address":"16203.0 64 STREET NW","assessed_value":473500},{"address":"nan nan","assessed_value":7000},{"address":"228.0 GALLAND CLOSE NW","assessed_value":570000},{"address":"5312.0 201 STREET NW","assessed_value":364000},{"address":"3027.0 32 AVENUE NW","assessed_value":414000},{"address":"11103.0 84 AVENUE NW","assessed_value":319500},{"address":"10811.0 177 AVENUE NW","assessed_value":695000},{"address":"3704.0 22A STREET NW","assessed_value":517000},{"address":"10308.0 114 STREET NW","assessed_value":275000},{"address":"11833.0 71A AVENUE NW","assessed_value":883000},{"address":"1342.0 RUTHERFORD ROAD SW","assessed_value":547500},{"address":"1087.0 TORY ROAD NW","assessed_value":1319000},{"address":"9911.0 145 AVENUE NW","assessed_value":504000},{"address":"1112.0 KLARVATTEN COVE NW","assessed_value":518000},{"address":"nan nan","assessed_value":7000},{"address":"nan nan","assessed_value":13000},{"address":"18111.0 108 STREET NW","assessed_value":436500},{"address":"nan nan","assessed_value":8500},{"address":"15920.0 38 STREET NW","assessed_value":388500},{"address":"nan nan","assessed_value":500},{"address":"9913.0 112 STREET NW","assessed_value":1045000},{"address":"1625.0 ROBERTSON CLOSE SW","assessed_value":552500},{"address":"504.0 SILVER BERRY ROAD NW","assessed_value":471000},{"address":"16351.0 88 STREET NW","assessed_value":513000},{"address":"nan nan","assessed_value":7000},{"address":"nan nan","assessed_value":8500},{"address":"2231.0 GARNETT COURT NW","assessed_value":453000},{"address":"722.0 BARRIE CLOSE SW","assessed_value":573500},{"address":"16304.0 142 STREET NW","assessed_value":1501000},{"address":"16230.0 83A STREET NW","assessed_value":418000},{"address":"10105.0 109 STREET NW","assessed_value":96000},{"address":"nan nan","assessed_value":7000},{"address":"nan nan","assessed_value":8500},{"address":"3407.0 LAKEVIEW POINT NW","assessed_value":126000},{"address":"11532.0 167A AVENUE NW","assessed_value":438500},{"address":"3218.0 31 AVENUE NW","assessed_value":556000},{"address":"2741.0 55 STREET NW","assessed_value":111500},{"address":"2616.0 HANNA CRESCENT NW","assessed_value":515000},{"address":"nan nan","assessed_value":9000},{"address":"nan nan","assessed_value":10000},{"address":"16222.0 93 STREET NW","assessed_value":315000},{"address":"1708.0 BOWNESS WYND SW","assessed_value":692500},{"address":"12910.0 160A AVENUE NW","assessed_value":485500},{"address":"9325.0 104 AVENUE NW","assessed_value":62500},{"address":"3718.0 MCLEAN COURT SW","assessed_value":482000},{"address":"16415.0 88 STREET NW","assessed_value":556000},{"address":"3303.0 40B AVENUE NW","assessed_value":481000}]