[{"address":"1145.0 37 AVENUE NW","assessed_value":477500},{"address":"150.0 EDWARDS DRIVE SW","assessed_value":167500},{"address":"12550.0 140 AVENUE NW","assessed_value":149500},{"address":"150.0 EDWARDS DRIVE SW","assessed_value":238000},{"address":"5350.0 199 STREET NW","assessed_value":223000},{"address":"10719.0 110 STREET NW","assessed_value":81000},{"address":"1804.0 ROBERTSON CRESCENT SW","assessed_value":539500},{"address":"4507.0 210 STREET NW","assessed_value":578500},{"address":"6114.0 STINSON WAY NW","assessed_value":562500},{"address":"nan nan","assessed_value":16000},{"address":"10514.0 92 STREET NW","assessed_value":55000},{"address":"nan nan","assessed_value":3000},{"address":"226.0 MACEWAN ROAD SW","assessed_value":157000},{"address":"150.0 EDWARDS DRIVE SW","assessed_value":166500},{"address":"1451.0 37A AVENUE NW","assessed_value":550000},{"address":"1798.0 HAMMOND CRESCENT NW","assessed_value":457000},{"address":"423.0 AINSLIE CRESCENT SW","assessed_value":602500},{"address":"10503.0 98 AVENUE NW","assessed_value":179500},{"address":"103.0 64 STREET SW","assessed_value":365000},{"address":"nan nan","assessed_value":9500},{"address":"nan nan","assessed_value":8500},{"address":"9147.0 SCOTT CRESCENT NW","assessed_value":376000},{"address":"13710.0 150 AVENUE NW","assessed_value":153000},{"address":"16120.0 43 STREET NW","assessed_value":406500},{"address":"8511.0 16A AVENUE SW","assessed_value":607000},{"address":"10621.0 79 AVENUE NW","assessed_value":137000},{"address":"4915.0 MACTAGGART COURT NW","assessed_value":820500},{"address":"10165.0 113 STREET NW","assessed_value":176500},{"address":"10225.0 117 STREET NW","assessed_value":125500},{"address":"2618.0 BOWEN WAY SW","assessed_value":618500},{"address":"6203.0 MAYNARD POINT NW","assessed_value":788500},{"address":"7510.0 89 STREET NW","assessed_value":384500},{"address":"13615.0 34 STREET NW","assessed_value":319000},{"address":"3415.0 21 STREET NW","assessed_value":506500},{"address":"9939.0 109 STREET NW","assessed_value":197500},{"address":"nan nan","assessed_value":14000},{"address":"7104.0 19A AVENUE SW","assessed_value":368500},{"address":"4951.0 TERWILLEGAR COMMON NW","assessed_value":477500},{"address":"21007.0 60 AVENUE NW","assessed_value":352500},{"address":"nan nan","assessed_value":4000},{"address":"4831.0 104A STREET NW","assessed_value":191500},{"address":"7923.0 172 AVENUE NW","assessed_value":534000},{"address":"4407.0 23 STREET NW","assessed_value":155500},{"address":"304.0 LEWIS ESTATES BOULEVARD NW","assessed_value":213500},{"address":"16220.0 55 STREET NW","assessed_value":395000},{"address":"1123.0 36 AVENUE NW","assessed_value":462000},{"address":"6712.0 18 AVENUE SW","assessed_value":754000},{"address":"9012.0 160 AVENUE NW","assessed_value":658500},{"address":"4007.0 161 AVENUE NW","assessed_value":372000},{"address":"14720.0 140 STREET NW","assessed_value":413000},{"address":"21231.0 91 AVENUE NW","assessed_value":395500},{"address":"8640.0 106 AVENUE NW","assessed_value":44000},{"address":"12048.0 21 AVENUE SW","assessed_value":541500},{"address":"2519.0 PEGASUS BOULEVARD NW","assessed_value":760500},{"address":"4913.0 TERWILLEGAR COMMON NW","assessed_value":460500},{"address":"226.0 MACEWAN ROAD SW","assessed_value":153500},{"address":"nan nan","assessed_value":5500},{"address":"14747.0 140 STREET NW","assessed_value":387500},{"address":"11453.0 ELLERSLIE ROAD SW","assessed_value":163500},{"address":"10720.0 84 AVENUE NW","assessed_value":147000},{"address":"9707.0 106 STREET NW","assessed_value":177000},{"address":"2436.0 GUARDIAN ROAD NW","assessed_value":208000},{"address":"3211.0 21 STREET NW","assessed_value":469000},{"address":"12925.0 65 STREET NW","assessed_value":80000},{"address":"6957.0 STROM LANE NW","assessed_value":601000},{"address":"nan nan","assessed_value":4000},{"address":"2023.0 126 STREET SW","assessed_value":553500},{"address":"9707.0 106 STREET NW","assessed_value":275000},{"address":"11214.0 80 STREET NW","assessed_value":141000},{"address":"16412.0 49 STREET NW","assessed_value":427000},{"address":"646.0 MCALLISTER LOOP SW","assessed_value":134500},{"address":"2132.0 HAMMOND COURT NW","assessed_value":345000},{"address":"10319.0 111 STREET NW","assessed_value":479000},{"address":"nan nan","assessed_value":4000},{"address":"21632.0 94B AVENUE NW","assessed_value":485500},{"address":"10620.0 122 STREET NW","assessed_value":116000},{"address":"120.0 MAGRATH ROAD NW","assessed_value":348500},{"address":"13508.0 160 AVENUE NW","assessed_value":660500},{"address":"4013.0 MACTAGGART DRIVE NW","assessed_value":821000},{"address":"226.0 MACEWAN ROAD SW","assessed_value":176000},{"address":"8640.0 106 AVENUE NW","assessed_value":45000},{"address":"160.0 MAGRATH ROAD NW","assessed_value":208000},{"address":"nan nan","assessed_value":7500},{"address":"17013.0 78A STREET NW","assessed_value":451500},{"address":"10139.0 155 STREET NW","assessed_value":89000},{"address":"21147.0 48 AVENUE NW","assessed_value":699000},{"address":"3010.0 33 AVENUE NW","assessed_value":204500},{"address":"10415.0 93 STREET NW","assessed_value":100000},{"address":"21304.0 91A AVENUE NW","assessed_value":471000},{"address":"1719.0 67 STREET SW","assessed_value":766000},{"address":"nan nan","assessed_value":7000},{"address":"10309.0 107 STREET NW","assessed_value":408000},{"address":"16019.0 134 STREET NW","assessed_value":721500},{"address":"5350.0 199 STREET NW","assessed_value":169000},{"address":"9020.0 JASPER AVENUE NW","assessed_value":248000},{"address":"nan nan","assessed_value":9500},{"address":"9117.0 SCOTT CRESCENT NW","assessed_value":403000},{"address":"nan nan","assessed_value":14000},{"address":"4835.0 104A STREET NW","assessed_value":223000},{"address":"nan nan","assessed_value":9500},{"address":"2096.0 BLACKMUD CREEK DRIVE SW","assessed_value":171000},{"address":"8610.0 SLOANE COURT NW","assessed_value":590000},{"address":"5840.0 214 STREET NW","assessed_value":551500},{"address":"nan nan","assessed_value":9500},{"address":"nan nan","assessed_value":3000},{"address":"16732.0 119 STREET NW","assessed_value":470000},{"address":"11214.0 80 STREET NW","assessed_value":137500},{"address":"3551.0 MCLAY CRESCENT NW","assessed_value":861500},{"address":"2565.0 HANNA CRESCENT NW","assessed_value":230500},{"address":"6911.0 18 AVENUE SW","assessed_value":831500},{"address":"11453.0 ELLERSLIE ROAD SW","assessed_value":176000},{"address":"nan nan","assessed_value":4000},{"address":"nan nan","assessed_value":14000},{"address":"9561.0 143 STREET NW","assessed_value":608000},{"address":"12925.0 65 STREET NW","assessed_value":90500},{"address":"2096.0 BLACKMUD CREEK DRIVE SW","assessed_value":184000},{"address":"10131.0 159 STREET NW","assessed_value":123000},{"address":"5916.0 5 AVENUE SW","assessed_value":514000},{"address":"7211.0 168 AVENUE NW","assessed_value":556500},{"address":"11949.0 70 STREET NW","assessed_value":238000},{"address":"nan nan","assessed_value":7500},{"address":"7511.0 171 STREET NW","assessed_value":164500},{"address":"150.0 EDWARDS DRIVE SW","assessed_value":173000},{"address":"3380.0 28A AVENUE NW","assessed_value":253000},{"address":"17019.0 74 STREET NW","assessed_value":464500},{"address":"4831.0 104A STREET NW","assessed_value":155000},{"address":"110.0 65 STREET SW","assessed_value":503500},{"address":"nan nan","assessed_value":16000},{"address":"2436.0 GUARDIAN ROAD NW","assessed_value":146000},{"address":"nan nan","assessed_value":5000},{"address":"118.0 65 STREET SW","assessed_value":450000},{"address":"9112.0 SCOTT CRESCENT NW","assessed_value":465500},{"address":"4407.0 23 STREET NW","assessed_value":129000},{"address":"13111.0 140 AVENUE NW","assessed_value":171000},{"address":"1371.0 117 STREET SW","assessed_value":527500},{"address":"nan nan","assessed_value":8000},{"address":"nan nan","assessed_value":8500},{"address":"451.0 HYNDMAN CRESCENT NW","assessed_value":500},{"address":"10640.0 111 STREET NW","assessed_value":89500},{"address":"10639.0 112 STREET NW","assessed_value":99000},{"address":"10939.0 109 STREET NW","assessed_value":118000},{"address":"5928.0 8 AVENUE SW","assessed_value":466500},{"address":"3546.0 MCLAY CRESCENT NW","assessed_value":762000},{"address":"16035.0 132 STREET NW","assessed_value":199000},{"address":"13635.0 34 STREET NW","assessed_value":159500},{"address":"nan nan","assessed_value":9500},{"address":"4616.0 204 STREET NW","assessed_value":509000},{"address":"2545.0 116 STREET NW","assessed_value":101500},{"address":"11140.0 68 AVENUE NW","assessed_value":317000},{"address":"12050.0 17 AVENUE SW","assessed_value":256500},{"address":"5340.0 199 STREET NW","assessed_value":169500},{"address":"12050.0 17 AVENUE SW","assessed_value":240500},{"address":"4823.0 104A STREET NW","assessed_value":215000},{"address":"5919.0 7 AVENUE SW","assessed_value":491500},{"address":"7510.0 89 STREET NW","assessed_value":371500},{"address":"nan nan","assessed_value":3000},{"address":"11224.0 116 STREET NW","assessed_value":137500},{"address":"3040.0 SPENCE WYND SW","assessed_value":192000},{"address":"665.0 LEGER WAY NW","assessed_value":535000},{"address":"11453.0 ELLERSLIE ROAD SW","assessed_value":138500},{"address":"nan nan","assessed_value":4000},{"address":"3425.0 19 STREET NW","assessed_value":153000},{"address":"10149.0 83 AVENUE NW","assessed_value":190000},{"address":"nan nan","assessed_value":7500},{"address":"10309.0 107 STREET NW","assessed_value":288000},{"address":"3312.0 20 STREET NW","assessed_value":520000},{"address":"3224.0 18 STREET NW","assessed_value":663500},{"address":"4818.0 213 STREET NW","assessed_value":405000},{"address":"5509.0 MCLUHAN BLUFF NW","assessed_value":1154000},{"address":"nan nan","assessed_value":18500},{"address":"nan nan","assessed_value":6500},{"address":"11840.0 88 STREET NW","assessed_value":64000},{"address":"160.0 MAGRATH ROAD NW","assessed_value":273000},{"address":"13111.0 140 AVENUE NW","assessed_value":194500},{"address":"nan nan","assessed_value":22500},{"address":"1144.0 36 AVENUE NW","assessed_value":412500},{"address":"17536.0 109 STREET NW","assessed_value":1023000},{"address":"4706.0 160 AVENUE NW","assessed_value":564000},{"address":"11441.0 ELLERSLIE ROAD SW","assessed_value":165000},{"address":"9139.0 213 STREET NW","assessed_value":422000},{"address":"10203.0 156 STREET NW","assessed_value":76500},{"address":"2327.0 LEMIEUX PLACE NW","assessed_value":420500},{"address":"6112.0 3 AVENUE SW","assessed_value":459000},{"address":"9525.0 162 AVENUE NW","assessed_value":162500},{"address":"2911.0 25 AVENUE NW","assessed_value":483500},{"address":"9336.0 JASPER AVENUE NW","assessed_value":119000},{"address":"nan nan","assessed_value":7000},{"address":"nan nan","assessed_value":6500},{"address":"nan nan","assessed_value":500},{"address":"nan nan","assessed_value":8500},{"address":"517.0 CALLAGHAN POINTE SW","assessed_value":895500},{"address":"nan nan","assessed_value":10000},{"address":"nan nan","assessed_value":7000},{"address":"16035.0 132 STREET NW","assessed_value":233500},{"address":"14755.0 141 STREET NW","assessed_value":433000},{"address":"9725.0 82 AVENUE NW","assessed_value":128000},{"address":"389.0 91 STREET SW","assessed_value":1827000},{"address":"17063.0 81 STREET NW","assessed_value":529000},{"address":"2314.0 LEMIEUX PLACE NW","assessed_value":368500},{"address":"nan nan","assessed_value":3000},{"address":"21303.0 59 AVENUE NW","assessed_value":415000},{"address":"8104.0 16A AVENUE SW","assessed_value":588500},{"address":"9914.0 76 AVENUE NW","assessed_value":2633500},{"address":"nan nan","assessed_value":18500},{"address":"5828.0 166 AVENUE NW","assessed_value":460500},{"address":"3610.0 43 AVENUE NW","assessed_value":105500},{"address":"nan nan","assessed_value":6500},{"address":"nan nan","assessed_value":7000},{"address":"nan nan","assessed_value":22500},{"address":"nan nan","assessed_value":3000},{"address":"nan nan","assessed_value":7500},{"address":"7128.0 170 AVENUE NW","assessed_value":877500},{"address":"11963.0 20 AVENUE SW","assessed_value":425000},{"address":"5340.0 199 STREET NW","assessed_value":184500},{"address":"841.0 156 STREET NW","assessed_value":508500},{"address":"6336.0 SANDIN WAY NW","assessed_value":586000},{"address":"4304.0 139 AVENUE NW","assessed_value":150000},{"address":"9414.0 STEIN WAY NW","assessed_value":423500},{"address":"nan nan","assessed_value":18500},{"address":"10035.0 155 STREET NW","assessed_value":62500},{"address":"7204.0 81 AVENUE NW","assessed_value":164500},{"address":"16630.0 58A STREET NW","assessed_value":632500},{"address":"8215.0 83 AVENUE NW","assessed_value":126000},{"address":"11441.0 ELLERSLIE ROAD SW","assessed_value":177500},{"address":"3116.0 25 AVENUE NW","assessed_value":529500},{"address":"nan nan","assessed_value":18500},{"address":"8719.0 79 AVENUE NW","assessed_value":458500},{"address":"9107.0 207 STREET NW","assessed_value":482500},{"address":"5845.0 RIVERBEND ROAD NW","assessed_value":188000},{"address":"12550.0 140 AVENUE NW","assessed_value":124000},{"address":"1128.0 156 STREET NW","assessed_value":302500},{"address":"5517.0 206A STREET NW","assessed_value":633500},{"address":"5912.0 7 AVENUE SW","assessed_value":567500},{"address":"887.0 HODGINS ROAD NW","assessed_value":719500},{"address":"5340.0 199 STREET NW","assessed_value":195000},{"address":"2503.0 24 STREET NW","assessed_value":278500},{"address":"20611.0 57 AVENUE NW","assessed_value":585500},{"address":"4304.0 139 AVENUE NW","assessed_value":149500},{"address":"3607.0 MCLAY COURT NW","assessed_value":786500},{"address":"7211.0 19A AVENUE SW","assessed_value":405500},{"address":"nan nan","assessed_value":6500},{"address":"22003.0 95 AVENUE NW","assessed_value":542000},{"address":"16209.0 55 STREET NW","assessed_value":432500},{"address":"5604.0 199 STREET NW","assessed_value":270000},{"address":"14208.0 36 STREET NW","assessed_value":305000},{"address":"11445.0 ELLERSLIE ROAD SW","assessed_value":128500},{"address":"nan nan","assessed_value":2500},{"address":"21809.0 94A AVENUE NW","assessed_value":542000},{"address":"10155.0 153 STREET NW","assessed_value":69500},{"address":"398.0 BRINTNELL BOULEVARD NW","assessed_value":553500},{"address":"nan nan","assessed_value":4000},{"address":"5350.0 199 STREET NW","assessed_value":165000},{"address":"155.0 EDWARDS DRIVE SW","assessed_value":151000},{"address":"11218.0 80 STREET NW","assessed_value":129500},{"address":"11834.0 86 STREET NW","assessed_value":74000},{"address":"309.0 CLAREVIEW STATION DRIVE NW","assessed_value":162500},{"address":"11065.0 149 STREET NW","assessed_value":91500},{"address":"21115.0 48 AVENUE NW","assessed_value":718500},{"address":"nan nan","assessed_value":7500},{"address":"131.0 60 STREET SW","assessed_value":440500},{"address":"524.0 STEWART CRESCENT SW","assessed_value":638000},{"address":"9925.0 83 AVENUE NW","assessed_value":210500},{"address":"150.0 EDWARDS DRIVE SW","assessed_value":228000},{"address":"155.0 EDWARDS DRIVE SW","assessed_value":200000},{"address":"16804.0 73 STREET NW","assessed_value":613500},{"address":"nan nan","assessed_value":6500},{"address":"nan nan","assessed_value":4000},{"address":"16216.0 54B STREET NW","assessed_value":458500},{"address":"620.0 61 STREET SW","assessed_value":550500},{"address":"2443.0 BOWEN WYND SW","assessed_value":1011000},{"address":"6136.0 STINSON WAY NW","assessed_value":494500},{"address":"nan nan","assessed_value":22500},{"address":"16104.0 43 STREET NW","assessed_value":450000},{"address":"13111.0 140 AVENUE NW","assessed_value":194500},{"address":"845.0 CHAHLEY WAY NW","assessed_value":478500},{"address":"4408.0 MCCLUNG COURT NW","assessed_value":767000},{"address":"6416.0 1A AVENUE SW","assessed_value":360000},{"address":"16624.0 59 STREET NW","assessed_value":496000},{"address":"2565.0 HANNA CRESCENT NW","assessed_value":223500},{"address":"14208.0 36 STREET NW","assessed_value":292000},{"address":"11453.0 ELLERSLIE ROAD SW","assessed_value":133000},{"address":"4887.0 TERWILLEGAR COMMON NW","assessed_value":457000},{"address":"7211.0 14A AVENUE SW","assessed_value":434500},{"address":"2116.0 HAMMOND COURT NW","assessed_value":362500},{"address":"21324.0 48 AVENUE NW","assessed_value":350000},{"address":"2436.0 GUARDIAN ROAD NW","assessed_value":196500},{"address":"450.0 HYNDMAN CRESCENT NW","assessed_value":274000},{"address":"7511.0 171 STREET NW","assessed_value":159000},{"address":"9525.0 162 AVENUE NW","assessed_value":155500},{"address":"12831.0 66 STREET NW","assessed_value":54000},{"address":"16807.0 100 AVENUE NW","assessed_value":117000},{"address":"7316.0 19A AVENUE SW","assessed_value":342500},{"address":"nan nan","assessed_value":8500},{"address":"13005.0 140 AVENUE NW","assessed_value":181500},{"address":"1912.0 125 STREET SW","assessed_value":645500},{"address":"16006.0 48 STREET NW","assessed_value":456000},{"address":"3721.0 144 AVENUE NW","assessed_value":3831500},{"address":"12550.0 140 AVENUE NW","assessed_value":157000},{"address":"889.0 HODGINS ROAD NW","assessed_value":685500},{"address":"1130.0 TORY ROAD NW","assessed_value":201500},{"address":"10255.0 117 STREET NW","assessed_value":116000},{"address":"1607.0 KERR ROAD NW","assessed_value":525500},{"address":"21918.0 94A AVENUE NW","assessed_value":482000},{"address":"10160.0 83 AVENUE NW","assessed_value":151500},{"address":"11449.0 ELLERSLIE ROAD SW","assessed_value":138500},{"address":"nan nan","assessed_value":16000},{"address":"7703.0 SCHMID CRESCENT NW","assessed_value":439500},{"address":"325.0 MAPLE WOOD DRIVE NW","assessed_value":118500},{"address":"nan nan","assessed_value":500},{"address":"5604.0 208 STREET NW","assessed_value":530500},{"address":"21128.0 46 AVENUE NW","assessed_value":549000},{"address":"111.0 EDWARDS DRIVE SW","assessed_value":170000},{"address":"4304.0 139 AVENUE NW","assessed_value":140000},{"address":"160.0 MAGRATH ROAD NW","assessed_value":218000},{"address":"nan nan","assessed_value":8500},{"address":"5350.0 199 STREET NW","assessed_value":159500},{"address":"nan nan","assessed_value":7500},{"address":"2503.0 24 STREET NW","assessed_value":278000},{"address":"16807.0 100 AVENUE NW","assessed_value":147000},{"address":"841.0 156 STREET NW","assessed_value":452000},{"address":"16104.0 136 STREET NW","assessed_value":738500},{"address":"4608.0 201 STREET NW","assessed_value":569000},{"address":"nan nan","assessed_value":9500},{"address":"111.0 EDWARDS DRIVE SW","assessed_value":119500},{"address":"nan nan","assessed_value":7500},{"address":"1107.0 35 AVENUE NW","assessed_value":462000},{"address":"8740.0 178 AVENUE NW","assessed_value":489500},{"address":"11445.0 ELLERSLIE ROAD SW","assessed_value":135500},{"address":"nan nan","assessed_value":9500},{"address":"nan nan","assessed_value":7500},{"address":"2443.0 29 STREET NW","assessed_value":387500},{"address":"1481.0 37A AVENUE NW","assessed_value":661500},{"address":"17708.0 87 STREET NW","assessed_value":551500},{"address":"5604.0 199 STREET NW","assessed_value":270000},{"address":"5554.0 MCLUHAN BLUFF NW","assessed_value":1863000},{"address":"nan nan","assessed_value":6500},{"address":"nan nan","assessed_value":6500},{"address":"9020.0 JASPER AVENUE NW","assessed_value":264500},{"address":"1130.0 TORY ROAD NW","assessed_value":206500},{"address":"11449.0 ELLERSLIE ROAD SW","assessed_value":130000},{"address":"8607.0 178 AVENUE NW","assessed_value":637500},{"address":"5308.0 164 AVENUE NW","assessed_value":474500},{"address":"nan nan","assessed_value":22500},{"address":"1306.0 114B STREET SW","assessed_value":479500},{"address":"4605.0 160 AVENUE NW","assessed_value":379500},{"address":"20739.0 90 AVENUE NW","assessed_value":663000},{"address":"469.0 AINSLIE CRESCENT SW","assessed_value":550000},{"address":"nan nan","assessed_value":8500},{"address":"160.0 MAGRATH ROAD NW","assessed_value":270500},{"address":"11940.0 21 AVENUE SW","assessed_value":570000},{"address":"5340.0 199 STREET NW","assessed_value":128500},{"address":"nan nan","assessed_value":4000},{"address":"5315.0 165 AVENUE NW","assessed_value":565500},{"address":"8508.0 16A AVENUE SW","assessed_value":580500},{"address":"20707.0 46 AVENUE NW","assessed_value":456000},{"address":"13710.0 150 AVENUE NW","assessed_value":156500},{"address":"13111.0 140 AVENUE NW","assessed_value":167000},{"address":"nan nan","assessed_value":6500},{"address":"1625.0 RUTHERFORD ROAD SW","assessed_value":409000},{"address":"12050.0 17 AVENUE SW","assessed_value":238500},{"address":"5312.0 MULLEN BEND NW","assessed_value":1227000},{"address":"13908.0 136 STREET NW","assessed_value":163000},{"address":"519.0 59 STREET SW","assessed_value":599000},{"address":"6013.0 STINSON ROAD NW","assessed_value":606500},{"address":"1516.0 75 STREET SW","assessed_value":371000},{"address":"4823.0 104A STREET NW","assessed_value":199500},{"address":"8304.0 107 STREET NW","assessed_value":123500},{"address":"3010.0 33 AVENUE NW","assessed_value":230500},{"address":"nan nan","assessed_value":7000},{"address":"14259.0 50 STREET NW","assessed_value":156500},{"address":"11323.0 13 AVENUE SW","assessed_value":504000},{"address":"2215.0 MARTELL PLACE NW","assessed_value":1436500},{"address":"4910.0 MACTAGGART COURT NW","assessed_value":984000},{"address":"11441.0 ELLERSLIE ROAD SW","assessed_value":176000},{"address":"4539.0 212A STREET NW","assessed_value":351500},{"address":"4116.0 MACNEIL COURT NW","assessed_value":887000},{"address":"3040.0 SPENCE WYND SW","assessed_value":184000},{"address":"4304.0 139 AVENUE NW","assessed_value":157000},{"address":"17923.0 85 STREET NW","assessed_value":410500},{"address":"4527.0 211 STREET NW","assessed_value":494000},{"address":"147.0 63 STREET SW","assessed_value":441500},{"address":"111.0 EDWARDS DRIVE SW","assessed_value":128500},{"address":"1130.0 TORY ROAD NW","assessed_value":197500},{"address":"nan nan","assessed_value":7500},{"address":"5350.0 199 STREET NW","assessed_value":212000},{"address":"5340.0 199 STREET NW","assessed_value":159500},{"address":"5350.0 199 STREET NW","assessed_value":165000},{"address":"813.0 HARDY PLACE NW","assessed_value":582500},{"address":"nan nan","assessed_value":6500},{"address":"3720.0 163 AVENUE NW","assessed_value":555000},{"address":"11728.0 10 AVENUE SW","assessed_value":351000},{"address":"1703.0 67 STREET SW","assessed_value":702500},{"address":"nan nan","assessed_value":4000},{"address":"1530.0 37B AVENUE NW","assessed_value":484000},{"address":"1467.0 37C AVENUE NW","assessed_value":558000},{"address":"6016.0 8 AVENUE SW","assessed_value":619500},{"address":"1128.0 156 STREET NW","assessed_value":298500},{"address":"20015.0 46 AVENUE NW","assessed_value":539000},{"address":"nan nan","assessed_value":18500},{"address":"nan nan","assessed_value":5500},{"address":"4827.0 104A STREET NW","assessed_value":153000},{"address":"nan nan","assessed_value":6500},{"address":"12069.0 97 STREET NW","assessed_value":249500},{"address":"12722.0 118 AVENUE NW","assessed_value":56000},{"address":"11224.0 116 STREET NW","assessed_value":133500},{"address":"10639.0 112 STREET NW","assessed_value":119000},{"address":"11308.0 127 AVENUE NW","assessed_value":70500},{"address":"160.0 MAGRATH ROAD NW","assessed_value":280500},{"address":"16417.0 53 STREET NW","assessed_value":370500},{"address":"10205.0 72 STREET NW","assessed_value":604500},{"address":"1120.0 ARMITAGE CRESCENT SW","assessed_value":597500},{"address":"nan nan","assessed_value":7000},{"address":"150.0 EDWARDS DRIVE SW","assessed_value":168500},{"address":"5829.0 RIVERBEND ROAD NW","assessed_value":177000},{"address":"5421.0 MCLUHAN END NW","assessed_value":683000},{"address":"3040.0 SPENCE WYND SW","assessed_value":192000},{"address":"1821.0 HAMMOND CRESCENT NW","assessed_value":447000},{"address":"4715.0 203 STREET NW","assessed_value":483000},{"address":"20324.0 46 AVENUE NW","assessed_value":555000},{"address":"4831.0 104A STREET NW","assessed_value":209500},{"address":"11903.0 21 AVENUE SW","assessed_value":385500},{"address":"nan nan","assessed_value":14500},{"address":"nan nan","assessed_value":4000},{"address":"8528.0 82 AVENUE NW","assessed_value":139500},{"address":"1916.0 126 STREET SW","assessed_value":553500},{"address":"2436.0 GUARDIAN ROAD NW","assessed_value":194000},{"address":"9510.0 85 STREET NW","assessed_value":100500},{"address":"4011.0 MACTAGGART DRIVE NW","assessed_value":745000},{"address":"3103.0 25 AVENUE NW","assessed_value":554000},{"address":"nan nan","assessed_value":4000},{"address":"6404.0 SANDIN CRESCENT NW","assessed_value":578000},{"address":"20507.0 46 AVENUE NW","assessed_value":528000},{"address":"nan nan","assessed_value":6500},{"address":"10514.0 92 STREET NW","assessed_value":53500},{"address":"5960.0 164 AVENUE NW","assessed_value":336500},{"address":"nan nan","assessed_value":14000},{"address":"10028.0 119 STREET NW","assessed_value":464500},{"address":"11449.0 ELLERSLIE ROAD SW","assessed_value":167000},{"address":"9939.0 109 STREET NW","assessed_value":204500},{"address":"nan nan","assessed_value":3000},{"address":"8713.0 STEIN LANE NW","assessed_value":376000},{"address":"nan nan","assessed_value":6500},{"address":"10555.0 93 STREET NW","assessed_value":76000},{"address":"nan nan","assessed_value":4500},{"address":"nan nan","assessed_value":6500},{"address":"10434.0 125 STREET NW","assessed_value":117000},{"address":"11445.0 ELLERSLIE ROAD SW","assessed_value":174000},{"address":"4333.0 MCCLUNG CRESCENT NW","assessed_value":843000},{"address":"15211.0 139 STREET NW","assessed_value":150000},{"address":"9057.0 SCOTT CRESCENT NW","assessed_value":349000},{"address":"4407.0 23 STREET NW","assessed_value":152500},{"address":"16807.0 100 AVENUE NW","assessed_value":153000},{"address":"2816.0 34 AVENUE NW","assessed_value":261500},{"address":"6724.0 17 AVENUE SW","assessed_value":742000},{"address":"nan nan","assessed_value":16000},{"address":"10319.0 111 STREET NW","assessed_value":250000},{"address":"11120.0 68 AVENUE NW","assessed_value":335000},{"address":"4407.0 23 STREET NW","assessed_value":129500},{"address":"841.0 156 STREET NW","assessed_value":507500},{"address":"nan nan","assessed_value":7500},{"address":"10124.0 159 STREET NW","assessed_value":94000},{"address":"330.0 CALLAGHAN CLOSE SW","assessed_value":669000},{"address":"nan nan","assessed_value":7500},{"address":"7307.0 97 STREET NW","assessed_value":487500},{"address":"10319.0 111 STREET NW","assessed_value":274000},{"address":"9108.0 207 STREET NW","assessed_value":592000},{"address":"9020.0 JASPER AVENUE NW","assessed_value":272500},{"address":"111.0 EDWARDS DRIVE SW","assessed_value":121000},{"address":"nan nan","assessed_value":3000},{"address":"16724.0 114 STREET NW","assessed_value":500000},{"address":"20725.0 56A AVENUE NW","assessed_value":513000},{"address":"nan nan","assessed_value":8000},{"address":"7510.0 89 STREET NW","assessed_value":372000},{"address":"nan nan","assessed_value":9500},{"address":"10225.0 117 STREET NW","assessed_value":135000},{"address":"11425.0 13 AVENUE SW","assessed_value":372000},{"address":"nan nan","assessed_value":7500},{"address":"10028.0 119 STREET NW","assessed_value":338500},{"address":"11806.0 21 AVENUE SW","assessed_value":368000},{"address":"nan nan","assessed_value":4000},{"address":"3409.0 21A STREET NW","assessed_value":594500},{"address":"10309.0 107 STREET NW","assessed_value":628500},{"address":"16035.0 132 STREET NW","assessed_value":203500},{"address":"6224.0 4 AVENUE SW","assessed_value":524000},{"address":"13907.0 136 STREET NW","assessed_value":125000},{"address":"nan nan","assessed_value":9500},{"address":"nan nan","assessed_value":4500},{"address":"10154.0 103 STREET NW","assessed_value":385000},{"address":"nan nan","assessed_value":9500},{"address":"6125.0 98 AVENUE NW","assessed_value":55500},{"address":"16417.0 60A STREET NW","assessed_value":515500},{"address":"10945.0 83 STREET NW","assessed_value":97000},{"address":"171.0 BRINTNELL BOULEVARD NW","assessed_value":275500},{"address":"nan nan","assessed_value":3000},{"address":"1637.0 MALONE WAY NW","assessed_value":728000},{"address":"nan nan","assessed_value":7500},{"address":"nan nan","assessed_value":4000},{"address":"4518.0 162 AVENUE NW","assessed_value":557500},{"address":"8528.0 82 AVENUE NW","assessed_value":161000},{"address":"13111.0 140 AVENUE NW","assessed_value":167000},{"address":"8607.0 176 AVENUE NW","assessed_value":423500},{"address":"16219.0 54B STREET NW","assessed_value":517000},{"address":"4808.0 164A AVENUE NW","assessed_value":441500},{"address":"5915.0 166 AVENUE NW","assessed_value":595000},{"address":"nan nan","assessed_value":9500},{"address":"5280.0 TERWILLEGAR BOULEVARD NW","assessed_value":217500},{"address":"nan nan","assessed_value":14000},{"address":"nan nan","assessed_value":9500},{"address":"6016.0 SOUTH TERWILLEGAR BOULEVARD NW","assessed_value":371000},{"address":"1376.0 118A STREET SW","assessed_value":503000},{"address":"16823.0 73 STREET NW","assessed_value":542500},{"address":"8079.0 SHASKE DRIVE NW","assessed_value":418000},{"address":"16231.0 55 STREET NW","assessed_value":462000},{"address":"21206.0 60 AVENUE NW","assessed_value":328500},{"address":"14007.0 37 STREET NW","assessed_value":463500},{"address":"3040.0 SPENCE WYND SW","assessed_value":182500},{"address":"nan nan","assessed_value":7500},{"address":"17907.0 84 STREET NW","assessed_value":519000},{"address":"10021.0 116 STREET NW","assessed_value":86000},{"address":"10003.0 87 AVENUE NW","assessed_value":164500},{"address":"2023.0 125 STREET SW","assessed_value":586500},{"address":"21015.0 60 AVENUE NW","assessed_value":357000},{"address":"7207.0 170 AVENUE NW","assessed_value":659000},{"address":"2704.0 TERWILLEGAR WAY NW","assessed_value":405000},{"address":"2119.0 HAMMOND COURT NW","assessed_value":366500},{"address":"160.0 MAGRATH ROAD NW","assessed_value":217000},{"address":"2304.0 FREZENBERG AVENUE NW","assessed_value":947500},{"address":"10021.0 116 STREET NW","assessed_value":88500},{"address":"11913.0 21 AVENUE SW","assessed_value":360500},{"address":"17915.0 84 STREET NW","assessed_value":461500},{"address":"8487.0 SLOANE CRESCENT NW","assessed_value":539000},{"address":"nan nan","assessed_value":14500},{"address":"4304.0 139 AVENUE NW","assessed_value":158500},{"address":"3610.0 43 AVENUE NW","assessed_value":106000},{"address":"111.0 EDWARDS DRIVE SW","assessed_value":167500},{"address":"nan nan","assessed_value":7000},{"address":"12734.0 118 AVENUE NW","assessed_value":63000},{"address":"150.0 EDWARDS DRIVE SW","assessed_value":159000},{"address":"16224.0 38 STREET NW","assessed_value":439500},{"address":"14119.0 147 AVENUE NW","assessed_value":427500},{"address":"nan nan","assessed_value":9500},{"address":"5917.0 8 AVENUE SW","assessed_value":347000},{"address":"10740.0 105 STREET NW","assessed_value":113000},{"address":"707.0 58 STREET SW","assessed_value":515500},{"address":"437.0 MACEWAN ROAD SW","assessed_value":492500},{"address":"nan nan","assessed_value":8500},{"address":"3339.0 22 STREET NW","assessed_value":467500},{"address":"2717.0 23 STREET NW","assessed_value":340000},{"address":"1794.0 HAMMOND CRESCENT NW","assessed_value":487000},{"address":"1036.0 118A STREET SW","assessed_value":456000},{"address":"nan nan","assessed_value":7500},{"address":"5832.0 166 AVENUE NW","assessed_value":444500},{"address":"9939.0 109 STREET NW","assessed_value":234500},{"address":"3715.0 14 STREET NW","assessed_value":641500},{"address":"nan nan","assessed_value":4500},{"address":"7104.0 16 AVENUE SW","assessed_value":338000},{"address":"4815.0 213 STREET NW","assessed_value":483000},{"address":"4723.0 204 STREET NW","assessed_value":498000},{"address":"nan nan","assessed_value":8500},{"address":"10319.0 111 STREET NW","assessed_value":350500},{"address":"16103.0 49 STREET NW","assessed_value":519000},{"address":"12925.0 65 STREET NW","assessed_value":96500},{"address":"nan nan","assessed_value":9500},{"address":"9553.0 73 AVENUE NW","assessed_value":429500},{"address":"nan nan","assessed_value":4500},{"address":"11445.0 ELLERSLIE ROAD SW","assessed_value":167000},{"address":"6015.0 STINSON ROAD NW","assessed_value":684000},{"address":"10415.0 93 STREET NW","assessed_value":80000},{"address":"21635.0 115 AVENUE NW","assessed_value":3732500},{"address":"2503.0 24 STREET NW","assessed_value":279500},{"address":"5604.0 199 STREET NW","assessed_value":275500},{"address":"1803.0 32 AVENUE NW","assessed_value":600500},{"address":"8807.0 101 STREET NW","assessed_value":107000},{"address":"nan nan","assessed_value":7500},{"address":"16811.0 74 STREET NW","assessed_value":647000},{"address":"247.0 AMBLESIDE DRIVE SW","assessed_value":749000},{"address":"nan nan","assessed_value":6500},{"address":"9707.0 106 STREET NW","assessed_value":241500},{"address":"nan nan","assessed_value":14000},{"address":"nan nan","assessed_value":6500},{"address":"6968.0 STROM LANE NW","assessed_value":529500},{"address":"nan nan","assessed_value":2500},{"address":"9020.0 JASPER AVENUE NW","assessed_value":270500},{"address":"4304.0 139 AVENUE NW","assessed_value":149000},{"address":"2031.0 BRENNAN CRESCENT NW","assessed_value":502000},{"address":"7510.0 89 STREET NW","assessed_value":299500},{"address":"4377.0 MCCLUNG CRESCENT NW","assessed_value":836000},{"address":"7511.0 171 STREET NW","assessed_value":147500},{"address":"3425.0 19 STREET NW","assessed_value":169500},{"address":"nan nan","assessed_value":4000},{"address":"21611.0 18 STREET NW","assessed_value":1157500},{"address":"nan nan","assessed_value":3000},{"address":"2068.0 126 STREET SW","assessed_value":533500},{"address":"nan nan","assessed_value":9500},{"address":"6307.0 118 AVENUE NW","assessed_value":76500},{"address":"877.0 HODGINS ROAD NW","assessed_value":728000},{"address":"3054.0 SPENCE WYND SW","assessed_value":519000},{"address":"10555.0 83 AVENUE NW","assessed_value":145000},{"address":"9408.0 STEIN WAY NW","assessed_value":415500},{"address":"6109.0 MAYNARD CRESCENT NW","assessed_value":770500},{"address":"10335.0 117 STREET NW","assessed_value":130500},{"address":"4615.0 209 STREET NW","assessed_value":594000},{"address":"17024.0 73 STREET NW","assessed_value":574500},{"address":"nan nan","assessed_value":9500},{"address":"3124.0 153 AVENUE NW","assessed_value":483000},{"address":"nan nan","assessed_value":5500},{"address":"12550.0 140 AVENUE NW","assessed_value":149000},{"address":"16408.0 59 STREET NW","assessed_value":388000},{"address":"632.0 60 STREET SW","assessed_value":517000},{"address":"nan nan","assessed_value":6500},{"address":"13907.0 136 STREET NW","assessed_value":169500},{"address":"nan nan","assessed_value":7500},{"address":"nan nan","assessed_value":6500},{"address":"150.0 EDWARDS DRIVE SW","assessed_value":243000},{"address":"10640.0 111 STREET NW","assessed_value":67500},{"address":"21307.0 59 AVENUE NW","assessed_value":435000},{"address":"13111.0 140 AVENUE NW","assessed_value":163000},{"address":"nan nan","assessed_value":9500},{"address":"10949.0 109 STREET NW","assessed_value":92500},{"address":"5836.0 214 STREET NW","assessed_value":455000},{"address":"216.0 60 STREET SW","assessed_value":458000},{"address":"1632.0 HAMMOND CRESCENT NW","assessed_value":534500},{"address":"3610.0 43 AVENUE NW","assessed_value":84500},{"address":"671.0 SILVER BERRY ROAD NW","assessed_value":222500},{"address":"8528.0 82 AVENUE NW","assessed_value":130000},{"address":"3805.0 MACNEIL HEATH NW","assessed_value":993500},{"address":"9925.0 83 AVENUE NW","assessed_value":220500},{"address":"16035.0 132 STREET NW","assessed_value":189000},{"address":"3040.0 SPENCE WYND SW","assessed_value":178000},{"address":"4831.0 104A STREET NW","assessed_value":150000},{"address":"10131.0 159 STREET NW","assessed_value":102500},{"address":"nan nan","assessed_value":9500},{"address":"nan nan","assessed_value":7000},{"address":"nan nan","assessed_value":22500},{"address":"nan nan","assessed_value":7500},{"address":"11218.0 80 STREET NW","assessed_value":168000},{"address":"991.0 RUTHERFORD ROAD SW","assessed_value":526500},{"address":"nan nan","assessed_value":7000},{"address":"5103.0 164 AVENUE NW","assessed_value":369000},{"address":"3144.0 25 AVENUE NW","assessed_value":483500},{"address":"13104.0 132 AVENUE NW","assessed_value":97500},{"address":"nan nan","assessed_value":10000},{"address":"nan nan","assessed_value":5000},{"address":"11140.0 68 AVENUE NW","assessed_value":337000},{"address":"1592.0 37C AVENUE NW","assessed_value":595000},{"address":"16208.0 55 STREET NW","assessed_value":409500},{"address":"4406.0 MCCLUNG COURT NW","assessed_value":684000},{"address":"nan nan","assessed_value":3000},{"address":"13420.0 161 AVENUE NW","assessed_value":649500},{"address":"8316.0 SUMMERSIDE GRANDE BOULEVARD SW","assessed_value":610000},{"address":"2031.0 BRENNAN CRESCENT NW","assessed_value":485000},{"address":"6164.0 34 STREET NW","assessed_value":67000},{"address":"nan nan","assessed_value":4000},{"address":"8528.0 82 AVENUE NW","assessed_value":130500},{"address":"344.0 65 STREET SW","assessed_value":618500},{"address":"nan nan","assessed_value":5000},{"address":"nan nan","assessed_value":14000},{"address":"nan nan","assessed_value":9500},{"address":"8423.0 SLOANE CRESCENT NW","assessed_value":548500},{"address":"16106.0 43 STREET NW","assessed_value":401000},{"address":"5949.0 164 AVENUE NW","assessed_value":335500},{"address":"11935.0 21 AVENUE SW","assessed_value":590500},{"address":"3564.0 MCLAY CRESCENT NW","assessed_value":817500},{"address":"5340.0 199 STREET NW","assessed_value":133000},{"address":"nan nan","assessed_value":18500},{"address":"5631.0 209 STREET NW","assessed_value":548500},{"address":"11916.0 104 STREET NW","assessed_value":85000},{"address":"21123.0 59 AVENUE NW","assessed_value":397500},{"address":"5319.0 164 AVENUE NW","assessed_value":578000},{"address":"120.0 MAGRATH ROAD NW","assessed_value":329500},{"address":"1216.0 37C AVENUE NW","assessed_value":484500},{"address":"15211.0 139 STREET NW","assessed_value":157500},{"address":"10710.0 84 AVENUE NW","assessed_value":183000},{"address":"150.0 EDWARDS DRIVE SW","assessed_value":160000},{"address":"4719.0 160 AVENUE NW","assessed_value":408500},{"address":"13907.0 136 STREET NW","assessed_value":133000},{"address":"10319.0 111 STREET NW","assessed_value":263000},{"address":"3218.0 152 AVENUE NW","assessed_value":356000},{"address":"20732.0 90 AVENUE NW","assessed_value":570000},{"address":"11434.0 13 AVENUE SW","assessed_value":360500},{"address":"3717.0 12 STREET NW","assessed_value":463500},{"address":"7606.0 SCHMID CRESCENT NW","assessed_value":470000},{"address":"1128.0 156 STREET NW","assessed_value":342500},{"address":"10640.0 111 STREET NW","assessed_value":66000},{"address":"nan nan","assessed_value":9500},{"address":"11453.0 ELLERSLIE ROAD SW","assessed_value":169500},{"address":"10805.0 175A AVENUE NW","assessed_value":1155000},{"address":"6431.0 SANDIN CRESCENT NW","assessed_value":635500},{"address":"8631.0 177 AVENUE NW","assessed_value":460000},{"address":"309.0 CLAREVIEW STATION DRIVE NW","assessed_value":160000},{"address":"1128.0 156 STREET NW","assessed_value":355000},{"address":"4331.0 MCCLUNG CRESCENT NW","assessed_value":766500},{"address":"244.0 MAGRATH BOULEVARD NW","assessed_value":793500},{"address":"11303.0 103 AVENUE NW","assessed_value":130000},{"address":"16430.0 59 STREET NW","assessed_value":421000},{"address":"661.0 LEGER WAY NW","assessed_value":560000},{"address":"8754.0 STEIN LANE NW","assessed_value":445500},{"address":"12915.0 65 STREET NW","assessed_value":95000},{"address":"nan nan","assessed_value":4000},{"address":"nan nan","assessed_value":516000},{"address":"16904.0 76 STREET NW","assessed_value":705000},{"address":"17915.0 89 STREET NW","assessed_value":461500},{"address":"854.0 CHAHLEY WAY NW","assessed_value":606500},{"address":"9020.0 JASPER AVENUE NW","assessed_value":219000},{"address":"7204.0 81 AVENUE NW","assessed_value":132500},{"address":"10149.0 83 AVENUE NW","assessed_value":125500},{"address":"nan nan","assessed_value":16000},{"address":"nan nan","assessed_value":5500},{"address":"8616.0 176 AVENUE NW","assessed_value":415000},{"address":"6421.0 SANDIN CRESCENT NW","assessed_value":602500},{"address":"15211.0 139 STREET NW","assessed_value":139500},{"address":"712.0 WILDWOOD POINT NW","assessed_value":543000},{"address":"6460.0 SANDIN CRESCENT NW","assessed_value":589000},{"address":"6103.0 98 AVENUE NW","assessed_value":67500},{"address":"8417.0 SLOANE CRESCENT NW","assessed_value":590500},{"address":"nan nan","assessed_value":9500},{"address":"10155.0 153 STREET NW","assessed_value":93500},{"address":"nan nan","assessed_value":10000},{"address":"11735.0 124 STREET NW","assessed_value":81500},{"address":"nan nan","assessed_value":5500},{"address":"nan nan","assessed_value":4500},{"address":"2343.0 28 AVENUE NW","assessed_value":408500},{"address":"nan nan","assessed_value":3000},{"address":"2565.0 HANNA CRESCENT NW","assessed_value":230500},{"address":"nan nan","assessed_value":7000},{"address":"nan nan","assessed_value":22500},{"address":"1109.0 35A AVENUE NW","assessed_value":468000},{"address":"5707.0 MCLUHAN BAY NW","assessed_value":789000},{"address":"nan nan","assessed_value":9500},{"address":"nan nan","assessed_value":7500},{"address":"5213.0 164 AVENUE NW","assessed_value":391500},{"address":"nan nan","assessed_value":9500},{"address":"18227.0 103 STREET NW","assessed_value":506500},{"address":"nan nan","assessed_value":22500},{"address":"10760.0 95 STREET NW","assessed_value":1917000},{"address":"nan nan","assessed_value":9500},{"address":"1516.0 KINROSS ROAD NW","assessed_value":579500},{"address":"14020.0 38 STREET NW","assessed_value":448000},{"address":"11321.0 167A AVENUE NW","assessed_value":466000},{"address":"13808.0 155 AVENUE NW","assessed_value":444000},{"address":"765.0 HARDY POINT NW","assessed_value":599500},{"address":"3610.0 43 AVENUE NW","assessed_value":102000},{"address":"6307.0 118 AVENUE NW","assessed_value":60500},{"address":"nan nan","assessed_value":5500},{"address":"nan nan","assessed_value":9500},{"address":"4304.0 139 AVENUE NW","assessed_value":144500},{"address":"nan nan","assessed_value":7000},{"address":"10615.0 110 STREET NW","assessed_value":70500},{"address":"nan nan","assessed_value":7500},{"address":"nan nan","assessed_value":7000},{"address":"10503.0 98 AVENUE NW","assessed_value":186000},{"address":"2329.0 27 AVENUE NW","assessed_value":369000},{"address":"11335.0 76 AVENUE NW","assessed_value":551500},{"address":"4661.0 ROPER ROAD NW","assessed_value":18048500},{"address":"nan nan","assessed_value":7500},{"address":"nan nan","assessed_value":18500},{"address":"13615.0 34 STREET NW","assessed_value":331500},{"address":"7510.0 89 STREET NW","assessed_value":259500},{"address":"nan nan","assessed_value":18500},{"address":"nan nan","assessed_value":8500},{"address":"7511.0 171 STREET NW","assessed_value":154500},{"address":"160.0 MAGRATH ROAD NW","assessed_value":210500},{"address":"nan nan","assessed_value":7500},{"address":"10555.0 93 STREET NW","assessed_value":74500},{"address":"1105.0 36A AVENUE NW","assessed_value":428000},{"address":"1508.0 70 STREET SW","assessed_value":491000},{"address":"952.0 SUMMERSIDE LINK SW","assessed_value":592000},{"address":"7447.0 SASKATCHEWAN DRIVE NW","assessed_value":4500},{"address":"15211.0 139 STREET NW","assessed_value":179500},{"address":"nan nan","assessed_value":6500},{"address":"1236.0 37C AVENUE NW","assessed_value":521500},{"address":"8528.0 82 AVENUE NW","assessed_value":134500},{"address":"3380.0 28A AVENUE NW","assessed_value":265500},{"address":"nan nan","assessed_value":3000},{"address":"6215.0 98 AVENUE NW","assessed_value":74500},{"address":"16035.0 132 STREET NW","assessed_value":154000},{"address":"3422.0 21A STREET NW","assessed_value":530500},{"address":"4215.0 162 AVENUE NW","assessed_value":481000},{"address":"3622.0 28A STREET NW","assessed_value":886500},{"address":"10503.0 98 AVENUE NW","assessed_value":179500},{"address":"232.0 61 STREET SW","assessed_value":477000},{"address":"16035.0 132 STREET NW","assessed_value":218000},{"address":"21754.0 94A AVENUE NW","assessed_value":612000},{"address":"3610.0 43 AVENUE NW","assessed_value":100000},{"address":"1517.0 37B AVENUE NW","assessed_value":496500},{"address":"8412.0 16A AVENUE SW","assessed_value":676500},{"address":"16417.0 59 STREET NW","assessed_value":342000},{"address":"141.0 62 STREET SW","assessed_value":432000},{"address":"111.0 EDWARDS DRIVE SW","assessed_value":172000},{"address":"nan nan","assessed_value":8500},{"address":"2545.0 116 STREET NW","assessed_value":74500},{"address":"10815.0 83 AVENUE NW","assessed_value":148000},{"address":"13408.0 160 AVENUE NW","assessed_value":470500},{"address":"4831.0 104A STREET NW","assessed_value":207500},{"address":"10160.0 83 AVENUE NW","assessed_value":119000},{"address":"12781.0 115 STREET NW","assessed_value":311000},{"address":"nan nan","assessed_value":6500},{"address":"10503.0 98 AVENUE NW","assessed_value":142500},{"address":"20523.0 92 AVENUE NW","assessed_value":507500},{"address":"12915.0 65 STREET NW","assessed_value":79500},{"address":"14711.0 140 STREET NW","assessed_value":461500},{"address":"155.0 EDWARDS DRIVE SW","assessed_value":152500},{"address":"3909.0 MACNEIL BAY NW","assessed_value":968000},{"address":"15130.0 33 STREET NW","assessed_value":342000},{"address":"nan nan","assessed_value":7500},{"address":"8628.0 177 AVENUE NW","assessed_value":491500},{"address":"17608.0 87 STREET NW","assessed_value":568000},{"address":"nan nan","assessed_value":7000},{"address":"21152.0 46 AVENUE NW","assessed_value":568000},{"address":"nan nan","assessed_value":8000},{"address":"nan nan","assessed_value":4000},{"address":"3040.0 SPENCE WYND SW","assessed_value":180500},{"address":"10703.0 174 AVENUE NW","assessed_value":906500},{"address":"nan nan","assessed_value":2500},{"address":"10021.0 62 STREET NW","assessed_value":79500},{"address":"4473.0 MCCRAE AVENUE NW","assessed_value":385000},{"address":"6224.0 1A AVENUE SW","assessed_value":347500},{"address":"nan nan","assessed_value":7000},{"address":"50.0 THE PARKWAY NW","assessed_value":115000},{"address":"2907.0 24 AVENUE NW","assessed_value":532500},{"address":"10515.0 80 AVENUE NW","assessed_value":85500},{"address":"646.0 MCALLISTER LOOP SW","assessed_value":175500},{"address":"13615.0 34 STREET NW","assessed_value":324500},{"address":"9124.0 213 STREET NW","assessed_value":392000},{"address":"181.0 62 STREET SW","assessed_value":473500},{"address":"9525.0 162 AVENUE NW","assessed_value":152500},{"address":"304.0 LEWIS ESTATES BOULEVARD NW","assessed_value":204500},{"address":"16807.0 100 AVENUE NW","assessed_value":166000},{"address":"20743.0 56 AVENUE NW","assessed_value":463500},{"address":"243.0 MAGRATH BOULEVARD NW","assessed_value":300000},{"address":"nan nan","assessed_value":7500},{"address":"9925.0 83 AVENUE NW","assessed_value":198500},{"address":"17415.0 99 AVENUE NW","assessed_value":201000},{"address":"16112.0 49 STREET NW","assessed_value":501500},{"address":"160.0 MAGRATH ROAD NW","assessed_value":262500},{"address":"nan nan","assessed_value":4000},{"address":"nan nan","assessed_value":9500},{"address":"8223.0 99 STREET NW","assessed_value":176000},{"address":"8532.0 16A AVENUE SW","assessed_value":699000},{"address":"nan nan","assessed_value":7500},{"address":"7811.0 SCHMID PLACE NW","assessed_value":400000},{"address":"4208.0 157 AVENUE NW","assessed_value":516000},{"address":"nan nan","assessed_value":18500},{"address":"nan nan","assessed_value":7500},{"address":"320.0 65 STREET SW","assessed_value":688000},{"address":"13407.0 96 STREET NW","assessed_value":67500},{"address":"2816.0 34 AVENUE NW","assessed_value":266500},{"address":"1434.0 75 STREET SW","assessed_value":359500},{"address":"318.0 MAPLE WOOD DRIVE NW","assessed_value":98000},{"address":"nan nan","assessed_value":9500},{"address":"5340.0 199 STREET NW","assessed_value":159500},{"address":"5350.0 199 STREET NW","assessed_value":141000},{"address":"5169.0 MULLEN ROAD NW","assessed_value":1076500},{"address":"12106.0 90 STREET NW","assessed_value":867000},{"address":"nan nan","assessed_value":9500},{"address":"9939.0 109 STREET NW","assessed_value":203500},{"address":"20616.0 92 AVENUE NW","assessed_value":480000},{"address":"1967.0 119 STREET SW","assessed_value":419000},{"address":"nan nan","assessed_value":6500},{"address":"1040.0 117A STREET SW","assessed_value":458500},{"address":"120.0 MAGRATH ROAD NW","assessed_value":328000},{"address":"5915.0 3 AVENUE SW","assessed_value":454500},{"address":"2073.0 126 STREET SW","assessed_value":10500},{"address":"10725.0 111 STREET NW","assessed_value":89000},{"address":"16405.0 59 STREET NW","assessed_value":333500},{"address":"nan nan","assessed_value":7500},{"address":"3123.0 SPENCE WYND SW","assessed_value":595500},{"address":"4703.0 161 AVENUE NW","assessed_value":464000},{"address":"2750.0 55 STREET NW","assessed_value":141000},{"address":"10945.0 83 STREET NW","assessed_value":67000},{"address":"2310.0 MARTELL LANE NW","assessed_value":892000},{"address":"2508.0 HANNA CRESCENT NW","assessed_value":193500},{"address":"11040.0 129 STREET NW","assessed_value":80000},{"address":"7511.0 171 STREET NW","assessed_value":147500},{"address":"612.0 LEGER WAY NW","assessed_value":571000},{"address":"2508.0 HANNA CRESCENT NW","assessed_value":250500},{"address":"17407.0 99 AVENUE NW","assessed_value":214000},{"address":"3040.0 SPENCE WYND SW","assessed_value":189000},{"address":"nan nan","assessed_value":7500},{"address":"15639.0 42 STREET NW","assessed_value":575500},{"address":"20620.0 50 AVENUE NW","assessed_value":475000},{"address":"nan nan","assessed_value":9500},{"address":"11040.0 82 STREET NW","assessed_value":81000},{"address":"8631.0 108 STREET NW","assessed_value":397000},{"address":"3123.0 25 AVENUE NW","assessed_value":475500},{"address":"20627.0 49 AVENUE NW","assessed_value":613000},{"address":"6228.0 5 AVENUE SW","assessed_value":637500},{"address":"16828.0 72 STREET NW","assessed_value":776500},{"address":"14760.0 140 STREET NW","assessed_value":430000},{"address":"10021.0 116 STREET NW","assessed_value":71000},{"address":"3204.0 20 STREET NW","assessed_value":683000},{"address":"1109.0 SUMMERSIDE DRIVE SW","assessed_value":430000},{"address":"13908.0 136 STREET NW","assessed_value":174000},{"address":"nan nan","assessed_value":6500},{"address":"nan nan","assessed_value":3000},{"address":"1420.0 MALONE GREEN NW","assessed_value":901500},{"address":"11844.0 21 AVENUE SW","assessed_value":367500},{"address":"15211.0 139 STREET NW","assessed_value":7500},{"address":"8727.0 STEIN LANE NW","assessed_value":403500},{"address":"3425.0 19 STREET NW","assessed_value":156000},{"address":"150.0 EDWARDS DRIVE SW","assessed_value":248000},{"address":"150.0 EDWARDS DRIVE SW","assessed_value":160500},{"address":"10305.0 116 STREET NW","assessed_value":88500},{"address":"11708.0 124 STREET NW","assessed_value":65000},{"address":"12925.0 65 STREET NW","assessed_value":79500},{"address":"nan nan","assessed_value":10500},{"address":"3712.0 16 STREET NW","assessed_value":428500},{"address":"1411.0 MALONE GREEN NW","assessed_value":690500},{"address":"11447.0 ELLERSLIE ROAD SW","assessed_value":175500},{"address":"nan nan","assessed_value":7000},{"address":"10309.0 107 STREET NW","assessed_value":608000},{"address":"17415.0 99 AVENUE NW","assessed_value":207000},{"address":"10124.0 159 STREET NW","assessed_value":91000},{"address":"8215.0 83 AVENUE NW","assessed_value":98500},{"address":"111.0 EDWARDS DRIVE SW","assessed_value":117000},{"address":"4018.0 MACTAGGART DRIVE NW","assessed_value":844000},{"address":"5604.0 199 STREET NW","assessed_value":268000},{"address":"nan nan","assessed_value":7500},{"address":"13908.0 136 STREET NW","assessed_value":129500},{"address":"4534.0 214 STREET NW","assessed_value":346500},{"address":"10345.0 123 STREET NW","assessed_value":119500},{"address":"10155.0 153 STREET NW","assessed_value":71500},{"address":"nan nan","assessed_value":7500},{"address":"3903.0 161 AVENUE NW","assessed_value":375000},{"address":"120.0 MAGRATH ROAD NW","assessed_value":328500},{"address":"4022.0 MACTAGGART DRIVE NW","assessed_value":1282000},{"address":"15135.0 33 STREET NW","assessed_value":554000},{"address":"nan nan","assessed_value":5000},{"address":"123.0 AMBLESIDE DRIVE SW","assessed_value":594000},{"address":"10920.0 53 AVENUE NW","assessed_value":88500},{"address":"nan nan","assessed_value":8500},{"address":"3532.0 11 STREET NW","assessed_value":433500},{"address":"9319.0 SIMPSON DRIVE NW","assessed_value":440000},{"address":"2816.0 34 AVENUE NW","assessed_value":273500},{"address":"160.0 MAGRATH ROAD NW","assessed_value":219000},{"address":"nan nan","assessed_value":7000},{"address":"150.0 EDWARDS DRIVE SW","assessed_value":166500},{"address":"304.0 LEWIS ESTATES BOULEVARD NW","assessed_value":197500},{"address":"11445.0 ELLERSLIE ROAD SW","assessed_value":143000},{"address":"9020.0 JASPER AVENUE NW","assessed_value":204000},{"address":"13005.0 140 AVENUE NW","assessed_value":176500},{"address":"9510.0 85 STREET NW","assessed_value":98000},{"address":"nan nan","assessed_value":6500},{"address":"nan nan","assessed_value":4500},{"address":"10021.0 116 STREET NW","assessed_value":83500},{"address":"nan nan","assessed_value":18500},{"address":"1024.0 118A STREET SW","assessed_value":495500},{"address":"1102.0 WEST VIEW HILL NW","assessed_value":85000},{"address":"155.0 EDWARDS DRIVE SW","assessed_value":118000},{"address":"5340.0 199 STREET NW","assessed_value":159500},{"address":"6125.0 98 AVENUE NW","assessed_value":70000},{"address":"14108.0 147 AVENUE NW","assessed_value":501000},{"address":"12831.0 66 STREET NW","assessed_value":79500},{"address":"11040.0 82 STREET NW","assessed_value":79500},{"address":"10230.0 114 STREET NW","assessed_value":146000},{"address":"nan nan","assessed_value":6500},{"address":"nan nan","assessed_value":10000},{"address":"11233.0 124 STREET NW","assessed_value":71500},{"address":"9939.0 109 STREET NW","assessed_value":197500},{"address":"2503.0 24 STREET NW","assessed_value":284500},{"address":"8116.0 SHASKE DRIVE NW","assessed_value":507500},{"address":"13535.0 122 AVENUE NW","assessed_value":1610000},{"address":"12915.0 65 STREET NW","assessed_value":78500},{"address":"511.0 60 STREET SW","assessed_value":510500},{"address":"3633.0 12 STREET NW","assessed_value":412000},{"address":"nan nan","assessed_value":14000},{"address":"nan nan","assessed_value":7500},{"address":"11910.0 167B AVENUE NW","assessed_value":523000},{"address":"nan nan","assessed_value":9500},{"address":"11753.0 13A AVENUE SW","assessed_value":553000},{"address":"10555.0 83 AVENUE NW","assessed_value":183000},{"address":"6119.0 MAYNARD CRESCENT NW","assessed_value":647000},{"address":"1416.0 75 STREET SW","assessed_value":360000},{"address":"4116.0 157 AVENUE NW","assessed_value":503500},{"address":"226.0 MACEWAN ROAD SW","assessed_value":177000},{"address":"10945.0 83 STREET NW","assessed_value":71000},{"address":"nan nan","assessed_value":7000},{"address":"21105.0 60 AVENUE NW","assessed_value":352000},{"address":"nan nan","assessed_value":6500},{"address":"nan nan","assessed_value":3000},{"address":"nan nan","assessed_value":5500},{"address":"7511.0 171 STREET NW","assessed_value":128500},{"address":"150.0 EDWARDS DRIVE SW","assessed_value":159000},{"address":"646.0 MCALLISTER LOOP SW","assessed_value":166500},{"address":"nan nan","assessed_value":7500},{"address":"10131.0 159 STREET NW","assessed_value":118000},{"address":"14208.0 36 STREET NW","assessed_value":295000},{"address":"nan nan","assessed_value":9500},{"address":"12550.0 140 AVENUE NW","assessed_value":154500},{"address":"11735.0 124 STREET NW","assessed_value":45000},{"address":"2334.0 FREZENBERG AVENUE NW","assessed_value":857000},{"address":"151.0 KARL CLARK ROAD NW","assessed_value":29783000},{"address":"nan nan","assessed_value":9500},{"address":"10145.0 113 STREET NW","assessed_value":143500},{"address":"226.0 MACEWAN ROAD SW","assessed_value":175500},{"address":"841.0 156 STREET NW","assessed_value":550000},{"address":"3425.0 19 STREET NW","assessed_value":156000},{"address":"nan nan","assessed_value":18500},{"address":"1119.0 37B AVENUE NW","assessed_value":394000},{"address":"nan nan","assessed_value":14000}]