[{"address":"nan nan","assessed_value":8000},{"address":"9611.0 160 STREET NW","assessed_value":301500},{"address":"12121.0 JASPER AVENUE NW","assessed_value":114500},{"address":"9738.0 159 STREET NW","assessed_value":536000},{"address":"7268.0 152B AVENUE NW","assessed_value":380000},{"address":"3221.0 37 STREET NW","assessed_value":298500},{"address":"8315.0 69 AVENUE NW","assessed_value":264500},{"address":"2908.0 116A AVENUE NW","assessed_value":103000},{"address":"16207.0 84 AVENUE NW","assessed_value":432000},{"address":"9615.0 167 STREET NW","assessed_value":388500},{"address":"3513.0 43A AVENUE NW","assessed_value":316500},{"address":"10145.0 121 STREET NW","assessed_value":82000},{"address":"7312.0 152C AVENUE NW","assessed_value":356500},{"address":"3812.0 41 AVENUE NW","assessed_value":353500},{"address":"4110.0 35 STREET NW","assessed_value":331000},{"address":"9514.0 161 STREET NW","assessed_value":351000},{"address":"9716.0 157 STREET NW","assessed_value":279500},{"address":"8412.0 189A STREET NW","assessed_value":396000},{"address":"8115.0 160 STREET NW","assessed_value":286000},{"address":"13704.0 24 STREET NW","assessed_value":82000},{"address":"15020.0 87 AVENUE NW","assessed_value":733500},{"address":"15611.0 79A STREET NW","assessed_value":465500},{"address":"229.0 GRANDISLE POINT NW","assessed_value":647000},{"address":"3905.0 41 AVENUE NW","assessed_value":342500},{"address":"1820.0 56 STREET NW","assessed_value":244500},{"address":"179.0 WESTRIDGE ROAD NW","assessed_value":470500},{"address":"9816.0 156 STREET NW","assessed_value":70000},{"address":"3511.0 43A AVENUE NW","assessed_value":305000},{"address":"18923.0 70 AVENUE NW","assessed_value":359000},{"address":"15421.0 79A AVENUE NW","assessed_value":401000},{"address":"15411.0 90 AVENUE NW","assessed_value":582500},{"address":"9519.0 155 STREET NW","assessed_value":453500},{"address":"10050.0 100A STREET NW","assessed_value":2080000},{"address":"9711.0 158 STREET NW","assessed_value":274500},{"address":"4524.0 127 AVENUE NW","assessed_value":166000},{"address":"nan nan","assessed_value":5500},{"address":"nan nan","assessed_value":8000},{"address":"2620.0 MILL WOODS ROAD EAST NW","assessed_value":77500},{"address":"7260.0 152B AVENUE NW","assessed_value":370500},{"address":"110.0 161 AVENUE NW","assessed_value":869500},{"address":"18220.0 100 AVENUE NW","assessed_value":8290500},{"address":"nan nan","assessed_value":5500},{"address":"16315.0 130 AVENUE NW","assessed_value":301000},{"address":"nan nan","assessed_value":5500},{"address":"8107.0 160 STREET NW","assessed_value":432000},{"address":"16102.0 79A AVENUE NW","assessed_value":380000},{"address":"9917.0 110 STREET NW","assessed_value":214000},{"address":"1904.0 48 STREET NW","assessed_value":180500},{"address":"16103.0 78A AVENUE NW","assessed_value":466500},{"address":"12141.0 JASPER AVENUE NW","assessed_value":88500},{"address":"2032.0 108 STREET NW","assessed_value":342500},{"address":"10045.0 117 STREET NW","assessed_value":129500},{"address":"16614.0 90 AVENUE NW","assessed_value":397500},{"address":"10010.0 119 STREET NW","assessed_value":590500},{"address":"7011.0 189 STREET NW","assessed_value":457000},{"address":"16106.0 88A AVENUE NW","assessed_value":513500},{"address":"8103.0 169 STREET NW","assessed_value":357000},{"address":"10205.0 158 AVENUE NW","assessed_value":204000},{"address":"15012.0 75 AVENUE NW","assessed_value":762500},{"address":"4213.0 40 AVENUE NW","assessed_value":364500},{"address":"9801.0 153 STREET NW","assessed_value":2061500},{"address":"756.0 SADDLEBACK ROAD NW","assessed_value":224000},{"address":"1628.0 48 STREET NW","assessed_value":101000},{"address":"7403.0 18 STREET NW","assessed_value":1727000},{"address":"10415.0 78 AVENUE NW","assessed_value":122500},{"address":"19915.0 111 AVENUE NW","assessed_value":5000},{"address":"10815.0 20 AVENUE NW","assessed_value":334000},{"address":"17820.0 98 AVENUE NW","assessed_value":105000},{"address":"18823.0 80 AVENUE NW","assessed_value":410500},{"address":"17308.0 94A AVENUE NW","assessed_value":348000},{"address":"22743.0 112 AVENUE NW","assessed_value":1259000},{"address":"7607.0 153 STREET NW","assessed_value":524500},{"address":"14707.0 17 STREET NE","assessed_value":1663500},{"address":"18010.0 98 AVENUE NW","assessed_value":191000},{"address":"17820.0 98 AVENUE NW","assessed_value":95000},{"address":"7206.0 183B STREET NW","assessed_value":1000},{"address":"7613.0 150 STREET NW","assessed_value":497500},{"address":"11030.0 205 STREET NW","assessed_value":2195000},{"address":"2204.0 118 STREET NW","assessed_value":158500},{"address":"7320.0 158 STREET NW","assessed_value":4205500},{"address":"16206.0 86 AVENUE NW","assessed_value":453000},{"address":"231.0 HEAGLE CRESCENT NW","assessed_value":489000},{"address":"10205.0 158 AVENUE NW","assessed_value":189000},{"address":"11204.0 205 STREET NW","assessed_value":2304500},{"address":"9706.0 155 STREET NW","assessed_value":326000},{"address":"16061.0 95 AVENUE NW","assessed_value":383000},{"address":"69.0 KINISKI CRESCENT NW","assessed_value":340000},{"address":"10160.0 119 STREET NW","assessed_value":164500},{"address":"8326.0 157 AVENUE NW","assessed_value":287000},{"address":"7611.0 189 STREET NW","assessed_value":356000},{"address":"276.0 RHATIGAN ROAD WEST NW","assessed_value":553500},{"address":"16703.0 91 AVENUE NW","assessed_value":447500},{"address":"158.0 KINISKI CRESCENT NW","assessed_value":340000},{"address":"17034.0 100 STREET NW","assessed_value":189000},{"address":"14632.0 25 STREET NW","assessed_value":159000},{"address":"10803.0 23 AVENUE NW","assessed_value":15277500},{"address":"15913.0 95 AVENUE NW","assessed_value":320000},{"address":"8325.0 ROWLAND ROAD NW","assessed_value":357500},{"address":"9905.0 150 STREET NW","assessed_value":341500},{"address":"5906.0 188 STREET NW","assessed_value":335000},{"address":"15247.0 75 STREET NW","assessed_value":385500},{"address":"13168.0 159 STREET NW","assessed_value":446000},{"address":"8105.0 162 STREET NW","assessed_value":358000},{"address":"9203.0 152 STREET NW","assessed_value":287000},{"address":"14620.0 26 STREET NW","assessed_value":155000},{"address":"5506.0 186 STREET NW","assessed_value":363000},{"address":"21740.0 STONY PLAIN ROAD NW","assessed_value":5777500},{"address":"9902.0 154 STREET NW","assessed_value":582500},{"address":"1018.0 106 STREET NW","assessed_value":461000},{"address":"9212.0 156 STREET NW","assessed_value":13000},{"address":"9508.0 154 STREET NW","assessed_value":406500},{"address":"2903.0 151 AVENUE NW","assessed_value":195500},{"address":"2548.0 79 STREET NW","assessed_value":187500},{"address":"216.0 HEAGLE CRESCENT NW","assessed_value":497500},{"address":"1223.0 104 STREET NW","assessed_value":382500},{"address":"15507.0 76 AVENUE NW","assessed_value":481000},{"address":"7104.0 188 STREET NW","assessed_value":391000},{"address":"17731.0 94 STREET NW","assessed_value":391000},{"address":"1211.0 29 STREET NW","assessed_value":417000},{"address":"15926.0 92A AVENUE NW","assessed_value":576500},{"address":"8104.0 162 STREET NW","assessed_value":338500},{"address":"3308.0 145 AVENUE NW","assessed_value":344500},{"address":"3111.0 142 AVENUE NW","assessed_value":146000},{"address":"4403.0 RIVERBEND ROAD NW","assessed_value":214000},{"address":"250.0 HEATH ROAD NW","assessed_value":671500},{"address":"10920.0 124 STREET NW","assessed_value":95000},{"address":"9513.0 151 STREET NW","assessed_value":275500},{"address":"16810.0 92 AVENUE NW","assessed_value":347500},{"address":"14620.0 26 STREET NW","assessed_value":170500},{"address":"20903.0 97 AVENUE NW","assessed_value":1291000},{"address":"8117.0 160 STREET NW","assessed_value":4000},{"address":"16949.0 95 STREET NW","assessed_value":208000},{"address":"4610.0 17 AVENUE NW","assessed_value":197000},{"address":"1820.0 56 STREET NW","assessed_value":191000},{"address":"22724.0 98 AVENUE NW","assessed_value":4923000},{"address":"20410.0 107 AVENUE NW","assessed_value":226500},{"address":"12510.0 WINTERBURN ROAD NW","assessed_value":5293500},{"address":"128.0 WESTRIDGE ROAD NW","assessed_value":559000},{"address":"15414.0 81 AVENUE NW","assessed_value":488500},{"address":"12005.0 162 AVENUE NW","assessed_value":185000},{"address":"15611.0 93A AVENUE NW","assessed_value":376000},{"address":"1945.0 105 STREET NW","assessed_value":105500},{"address":"9528.0 155 STREET NW","assessed_value":297000},{"address":"nan nan","assessed_value":8000},{"address":"7511.0 189 STREET NW","assessed_value":453000},{"address":"12036.0 66 STREET NW","assessed_value":46000},{"address":"9226.0 168 STREET NW","assessed_value":346000},{"address":"15403.0 92 AVENUE NW","assessed_value":386000},{"address":"17820.0 98 AVENUE NW","assessed_value":112500},{"address":"9291.0 172 STREET NW","assessed_value":163500},{"address":"7310.0 156 STREET NW","assessed_value":639000},{"address":"7259.0 152C AVENUE NW","assessed_value":383000},{"address":"10045.0 117 STREET NW","assessed_value":138500},{"address":"14916.0 26 STREET NW","assessed_value":71500},{"address":"16607.0 95 AVENUE NW","assessed_value":371000},{"address":"12841.0 65 STREET NW","assessed_value":57500},{"address":"7328.0 188 STREET NW","assessed_value":340000},{"address":"16125.0 STONY PLAIN ROAD NW","assessed_value":1187000},{"address":"931.0 195 AVENUE NE","assessed_value":383000},{"address":"8912.0 153 STREET NW","assessed_value":381500},{"address":"2604.0 139 AVENUE NW","assessed_value":77500},{"address":"11803.0 32A AVENUE NW","assessed_value":250000},{"address":"9840.0 153 STREET NW","assessed_value":315500},{"address":"16113.0 86 AVENUE NW","assessed_value":369500},{"address":"3951.0 78 AVENUE NW","assessed_value":2495500},{"address":"27.0 WILLOW WAY NW","assessed_value":534500},{"address":"15415.0 81 AVENUE NW","assessed_value":422000},{"address":"8724.0 163 STREET NW","assessed_value":394500},{"address":"251.0 RHATIGAN ROAD WEST NW","assessed_value":667500},{"address":"9804.0 167 STREET NW","assessed_value":335500},{"address":"6107.0 34 STREET NW","assessed_value":1225000},{"address":"10149.0 SASKATCHEWAN DRIVE NW","assessed_value":157000},{"address":"16422.0 99A AVENUE NW","assessed_value":327500},{"address":"16730.0 79A AVENUE NW","assessed_value":500},{"address":"29.0 HUNTINGTON HILL NW","assessed_value":148500},{"address":"18727.0 95A AVENUE NW","assessed_value":370500},{"address":"nan nan","assessed_value":8000},{"address":"11141.0 26 AVENUE NW","assessed_value":343500},{"address":"1904.0 48 STREET NW","assessed_value":197500},{"address":"10145.0 121 STREET NW","assessed_value":85500},{"address":"16005.0 83 AVENUE NW","assessed_value":405500},{"address":"103.0 WINDERMERE DRIVE NW","assessed_value":46500},{"address":"10175.0 114 STREET NW","assessed_value":115000},{"address":"10149.0 SASKATCHEWAN DRIVE NW","assessed_value":144000},{"address":"17704.0 92 STREET NW","assessed_value":593500},{"address":"8310.0 JASPER AVENUE NW","assessed_value":94500},{"address":"14808.0 26 STREET NW","assessed_value":70000},{"address":"7504.0 155 STREET NW","assessed_value":470000},{"address":"9116.0 151 STREET NW","assessed_value":256500},{"address":"10831.0 CASTLE DOWNS ROAD NW","assessed_value":269500},{"address":"nan nan","assessed_value":8000},{"address":"15900.0 93 AVENUE NW","assessed_value":434000},{"address":"10010.0 119 STREET NW","assessed_value":618000},{"address":"20330.0 STONY PLAIN ROAD NW","assessed_value":4422500},{"address":"1704.0 170 STREET SW","assessed_value":15623000},{"address":"9917.0 110 STREET NW","assessed_value":166500},{"address":"15108.0 76A AVENUE NW","assessed_value":518000},{"address":"10160.0 119 STREET NW","assessed_value":164500},{"address":"14808.0 45 AVENUE NW","assessed_value":270000},{"address":"912.0 RICE ROAD NW","assessed_value":598000},{"address":"18240.0 84 AVENUE NW","assessed_value":95000},{"address":"1820.0 56 STREET NW","assessed_value":195000},{"address":"7727.0 152C AVENUE NW","assessed_value":402000},{"address":"14727.0 35 STREET NW","assessed_value":369000},{"address":"8123.0 188A STREET NW","assessed_value":515000},{"address":"9111.0 151 STREET NW","assessed_value":338000},{"address":"13805.0 75 STREET NW","assessed_value":14213000},{"address":"13833.0 30 STREET NW","assessed_value":175500},{"address":"9840.0 169 STREET NW","assessed_value":362500},{"address":"8216.0 150 STREET NW","assessed_value":405000},{"address":"16507.0 83 AVENUE NW","assessed_value":77500},{"address":"8630.0 161 STREET NW","assessed_value":333000},{"address":"327.0 KIRKPATRICK CRESCENT NW","assessed_value":292500},{"address":"13806.0 24 STREET NW","assessed_value":69500},{"address":"2908.0 116A AVENUE NW","assessed_value":82000},{"address":"18811.0 73 AVENUE NW","assessed_value":408000},{"address":"10006.0 154 STREET NW","assessed_value":565000},{"address":"14808.0 26 STREET NW","assessed_value":101500},{"address":"8104.0 156 STREET NW","assessed_value":351500},{"address":"10135.0 SASKATCHEWAN DRIVE NW","assessed_value":207500},{"address":"9826.0 159 STREET NW","assessed_value":484500},{"address":"16010.0 94 AVENUE NW","assessed_value":417000},{"address":"10721.0 116 STREET NW","assessed_value":118500},{"address":"18947.0 81A AVENUE NW","assessed_value":434000},{"address":"43.0 PATRICIA CRESCENT NW","assessed_value":780500},{"address":"2908.0 116A AVENUE NW","assessed_value":75500},{"address":"18611.0 95A AVENUE NW","assessed_value":314500},{"address":"10641.0 103 STREET NW","assessed_value":3225500},{"address":"4138.0 36 STREET NW","assessed_value":337000},{"address":"225.0 HEATH ROAD NW","assessed_value":511000},{"address":"nan nan","assessed_value":5500},{"address":"18006.0 96 AVENUE NW","assessed_value":195500},{"address":"10135.0 SASKATCHEWAN DRIVE NW","assessed_value":186000},{"address":"8612.0 157 STREET NW","assessed_value":469000},{"address":"9112.0 175 AVENUE NW","assessed_value":374000},{"address":"214.0 WESTRIDGE ROAD NW","assessed_value":609000},{"address":"1904.0 48 STREET NW","assessed_value":180500},{"address":"9550.0 149 STREET NW","assessed_value":2479500},{"address":"18941.0 80 AVENUE NW","assessed_value":413000},{"address":"9520.0 108 AVENUE NW","assessed_value":5291000},{"address":"2461.0 76 AVENUE NW","assessed_value":4107000},{"address":"2004.0 108 STREET NW","assessed_value":477500},{"address":"11826.0 100 AVENUE NW","assessed_value":315500},{"address":"10135.0 SASKATCHEWAN DRIVE NW","assessed_value":189500},{"address":"12944.0 53 STREET NW","assessed_value":170500},{"address":"nan nan","assessed_value":7000},{"address":"202.0 WOLF WILLOW CRESCENT NW","assessed_value":727000},{"address":"2628.0 MILL WOODS ROAD EAST NW","assessed_value":76500},{"address":"10917.0 109 STREET NW","assessed_value":96500},{"address":"11519.0 40 AVENUE NW","assessed_value":328000},{"address":"11260.0 228 STREET NW","assessed_value":1192000},{"address":"4319.0 35 STREET NW","assessed_value":285000},{"address":"2208.0 114 STREET NW","assessed_value":250500},{"address":"7315.0 158 STREET NW","assessed_value":805000},{"address":"nan nan","assessed_value":8000},{"address":"3221.0 119 STREET NW","assessed_value":233000},{"address":"9718.0 150 STREET NW","assessed_value":381000},{"address":"10175.0 114 STREET NW","assessed_value":126500},{"address":"10011.0 123 STREET NW","assessed_value":202500},{"address":"11650.0 199 STREET NW","assessed_value":9208500},{"address":"10125.0 121 STREET NW","assessed_value":48066000},{"address":"10305.0 172 AVENUE NW","assessed_value":202500},{"address":"103.0 184 STREET SW","assessed_value":1199500},{"address":"4703.0 72 AVENUE NW","assessed_value":1901500},{"address":"10050.0 118 STREET NW","assessed_value":290500},{"address":"9624.0 153 STREET NW","assessed_value":345500},{"address":"134.0 HEALY ROAD NW","assessed_value":601500},{"address":"10842.0 21 AVENUE NW","assessed_value":337000},{"address":"4610.0 17 AVENUE NW","assessed_value":196500},{"address":"5881.0 56 AVENUE NW","assessed_value":2479500},{"address":"178.0 WILLOW WAY NW","assessed_value":556500},{"address":"10671.0 10 AVENUE NW","assessed_value":431000},{"address":"87.0 KINISKI CRESCENT NW","assessed_value":397000},{"address":"1628.0 48 STREET NW","assessed_value":78500},{"address":"9827.0 168 STREET NW","assessed_value":712000},{"address":"15955.0 18 STREET NW","assessed_value":73000},{"address":"16108.0 84 AVENUE NW","assessed_value":402000},{"address":"9739.0 150 STREET NW","assessed_value":386500},{"address":"8420.0 169 STREET NW","assessed_value":3508000},{"address":"15822.0 95 AVENUE NW","assessed_value":389000},{"address":"16113.0 108 STREET NW","assessed_value":467500},{"address":"7808.0 152B AVENUE NW","assessed_value":404000},{"address":"11026.0 106 STREET NW","assessed_value":113000},{"address":"15611.0 83 STREET NW","assessed_value":286000},{"address":"9245.0 153 STREET NW","assessed_value":320500},{"address":"11103.0 224 STREET NW","assessed_value":1543500},{"address":"6715.0 152B AVENUE NW","assessed_value":361000},{"address":"2624.0 MILL WOODS ROAD EAST NW","assessed_value":76500},{"address":"2570.0 79 STREET NW","assessed_value":192000},{"address":"10529.0 93 STREET NW","assessed_value":60500},{"address":"3505.0 42 AVENUE NW","assessed_value":407000},{"address":"4403.0 RIVERBEND ROAD NW","assessed_value":208500},{"address":"17711.0 92 STREET NW","assessed_value":369000},{"address":"16619.0 83 AVENUE NW","assessed_value":86000},{"address":"17008.0 103 STREET NW","assessed_value":191000},{"address":"5407.0 186 STREET NW","assessed_value":316500},{"address":"7306.0 154 STREET NW","assessed_value":684000},{"address":"44.0 ST GEORGE'S CRESCENT NW","assessed_value":1185500},{"address":"16108.0 86 AVENUE NW","assessed_value":314500},{"address":"9236.0 151 STREET NW","assessed_value":278500},{"address":"9635.0 159 STREET NW","assessed_value":292500},{"address":"3007.0 35 STREET NW","assessed_value":139000},{"address":"8510.0 188 STREET NW","assessed_value":385000},{"address":"18629.0 57 AVENUE NW","assessed_value":364500},{"address":"12121.0 JASPER AVENUE NW","assessed_value":137000},{"address":"3349.0 145 AVENUE NW","assessed_value":385000},{"address":"12206.0 114 AVENUE NW","assessed_value":248500},{"address":"2020.0 105 STREET NW","assessed_value":214500},{"address":"100.0 WOLF WILLOW CRESCENT NW","assessed_value":928500},{"address":"17441.0 92 AVENUE NW","assessed_value":246500},{"address":"2908.0 116A AVENUE NW","assessed_value":82000},{"address":"15232.0 73 STREET NW","assessed_value":419000},{"address":"9316.0 180A AVENUE NW","assessed_value":329500},{"address":"2115.0 118 STREET NW","assessed_value":193000},{"address":"16008.0 88 AVENUE NW","assessed_value":371500},{"address":"18107.0 4 AVENUE SW","assessed_value":1597000},{"address":"1820.0 56 STREET NW","assessed_value":194500},{"address":"195.0 KINISKI CRESCENT NW","assessed_value":351000},{"address":"14903.0 92 AVENUE NW","assessed_value":137000},{"address":"10438.0 10A AVENUE NW","assessed_value":509500},{"address":"10452.0 16 AVENUE NW","assessed_value":3000},{"address":"13833.0 30 STREET NW","assessed_value":178500},{"address":"8527.0 82 AVENUE NW","assessed_value":147500},{"address":"14619.0 37 STREET NW","assessed_value":300000},{"address":"3301.0 137 AVENUE NW","assessed_value":22000},{"address":"2624.0 MILL WOODS ROAD EAST NW","assessed_value":100000},{"address":"16108.0 78 AVENUE NW","assessed_value":634000},{"address":"9408.0 149 STREET NW","assessed_value":86000},{"address":"12603.0 184 STREET NW","assessed_value":363500},{"address":"9626.0 161 STREET NW","assessed_value":283500},{"address":"9245.0 154 STREET NW","assessed_value":317000},{"address":"17128.0 63 AVENUE NW","assessed_value":133000},{"address":"389.0 KIRKPATRICK CRESCENT NW","assessed_value":347000},{"address":"2603.0 23 AVENUE NW","assessed_value":2126000},{"address":"7604.0 29 AVENUE NW","assessed_value":162500},{"address":"2908.0 116A AVENUE NW","assessed_value":84500},{"address":"14722.0 37 STREET NW","assessed_value":402500},{"address":"16402.0 88 AVENUE NW","assessed_value":272500},{"address":"12081.0 162 AVENUE NW","assessed_value":189500},{"address":"9106.0 153 STREET NW","assessed_value":369500},{"address":"708.0 HENDRA CRESCENT NW","assessed_value":530000},{"address":"10141.0 154 STREET NW","assessed_value":104000},{"address":"9816.0 153 STREET NW","assessed_value":587500},{"address":"2608.0 139 AVENUE NW","assessed_value":99000},{"address":"2123.0 53 STREET NW","assessed_value":308500},{"address":"16540.0 78 AVENUE NW","assessed_value":398000},{"address":"119.0 HEALY ROAD NW","assessed_value":635000},{"address":"16410.0 89 AVENUE NW","assessed_value":277500},{"address":"7903.0 159 STREET NW","assessed_value":355500},{"address":"10025.0 152 STREET NW","assessed_value":829500},{"address":"2628.0 MILL WOODS ROAD EAST NW","assessed_value":77500},{"address":"16509.0 92A AVENUE NW","assessed_value":420000},{"address":"14511.0 52 STREET NW","assessed_value":165500},{"address":"8409.0 159 STREET NW","assessed_value":368000},{"address":"10740.0 UNIVERSITY AVENUE NW","assessed_value":152500},{"address":"8745.0 151 STREET NW","assessed_value":691500},{"address":"7259.0 180 STREET NW","assessed_value":193000},{"address":"10045.0 117 STREET NW","assessed_value":127000},{"address":"24315.0 34 STREET NW","assessed_value":553000},{"address":"17128.0 63 AVENUE NW","assessed_value":132500},{"address":"544.0 WOLF WILLOW ROAD NW","assessed_value":616500},{"address":"16127.0 90 AVENUE NW","assessed_value":351000},{"address":"18037.0 105 AVENUE NW","assessed_value":1987500},{"address":"1628.0 48 STREET NW","assessed_value":75500},{"address":"7220.0 152C AVENUE NW","assessed_value":439500},{"address":"15912.0 95 AVENUE NW","assessed_value":354000},{"address":"7343.0 189 STREET NW","assessed_value":357500},{"address":"20311.0 106 AVENUE NW","assessed_value":1386500},{"address":"8103.0 189 STREET NW","assessed_value":429000},{"address":"4161.0 95 STREET NW","assessed_value":2631500},{"address":"3404.0 18 AVENUE NW","assessed_value":76000},{"address":"16211.0 96 AVENUE NW","assessed_value":344000},{"address":"8931.0 154 STREET NW","assessed_value":376000},{"address":"15941.0 STONY PLAIN ROAD NW","assessed_value":916500},{"address":"18010.0 98 AVENUE NW","assessed_value":239500},{"address":"7716.0 157 STREET NW","assessed_value":536000},{"address":"10743.0 107 STREET NW","assessed_value":133500},{"address":"8004.0 167 STREET NW","assessed_value":390000},{"address":"9720.0 149 STREET NW","assessed_value":2141500},{"address":"8948.0 150 STREET NW","assessed_value":283500},{"address":"18312.0 ELLERSLIE ROAD SW","assessed_value":3397000},{"address":"10145.0 121 STREET NW","assessed_value":113500},{"address":"7341.0 157 STREET NW","assessed_value":499000},{"address":"10456.0 14 AVENUE NW","assessed_value":513500},{"address":"7623.0 152C AVENUE NW","assessed_value":408000},{"address":"2934.0 36 STREET NW","assessed_value":178500},{"address":"16719.0 97 AVENUE NW","assessed_value":360500},{"address":"7227.0 184 STREET NW","assessed_value":322500},{"address":"12141.0 JASPER AVENUE NW","assessed_value":116000},{"address":"8906.0 162 STREET NW","assessed_value":360500},{"address":"2703.0 79 STREET NW","assessed_value":136500},{"address":"21250.0 100 AVENUE NW","assessed_value":626000},{"address":"1063.0 109 STREET NW","assessed_value":353000},{"address":"20521.0 17 STREET NE","assessed_value":1041000},{"address":"17122.0 100 STREET NW","assessed_value":174500},{"address":"15252.0 81 STREET NW","assessed_value":363000},{"address":"8115.0 190 STREET NW","assessed_value":422500},{"address":"16814.0 94 AVENUE NW","assessed_value":363500},{"address":"15710.0 BEAUMARIS ROAD NW","assessed_value":195000},{"address":"10603.0 184 STREET NW","assessed_value":2595500},{"address":"20404.0 113 AVENUE NW","assessed_value":2139000},{"address":"10806.0 21 AVENUE NW","assessed_value":377000},{"address":"17820.0 98 AVENUE NW","assessed_value":100500},{"address":"14608.0 54 STREET NW","assessed_value":163000},{"address":"9704.0 180 STREET NW","assessed_value":174000},{"address":"9813.0 154 STREET NW","assessed_value":428000},{"address":"18706.0 61 AVENUE NW","assessed_value":313000},{"address":"16021.0 94A AVENUE NW","assessed_value":355500},{"address":"15109.0 76A AVENUE NW","assessed_value":497000},{"address":"304.0 HEATH ROAD NW","assessed_value":564500},{"address":"10149.0 SASKATCHEWAN DRIVE NW","assessed_value":202500},{"address":"1415.0 62 STREET NW","assessed_value":162500},{"address":"16103.0 87A AVENUE NW","assessed_value":352000},{"address":"14852.0 35 STREET NW","assessed_value":281000},{"address":"16720.0 94 STREET NW","assessed_value":340500},{"address":"1861.0 151 AVENUE NW","assessed_value":500},{"address":"10511.0 19 AVENUE NW","assessed_value":124500},{"address":"8340.0 JASPER AVENUE NW","assessed_value":144000},{"address":"14816.0 26 STREET NW","assessed_value":58000},{"address":"14614.0 25 STREET NW","assessed_value":163500},{"address":"3405.0 48 STREET NW","assessed_value":167500},{"address":"15410.0 74 AVENUE NW","assessed_value":589500},{"address":"716.0 40 STREET SW","assessed_value":800000},{"address":"11841.0 154 STREET NW","assessed_value":1632000},{"address":"15322.0 95 AVENUE NW","assessed_value":1967000},{"address":"15232.0 84 AVENUE NW","assessed_value":379500},{"address":"9613.0 151 STREET NW","assessed_value":402000},{"address":"15015.0 84 AVENUE NW","assessed_value":435500},{"address":"155.0 WESTRIDGE ROAD NW","assessed_value":485000},{"address":"8708.0 160A STREET NW","assessed_value":363500},{"address":"9620.0 102 AVENUE NW","assessed_value":5388500},{"address":"15720.0 78 STREET NW","assessed_value":309500},{"address":"nan nan","assessed_value":7000},{"address":"17528.0 94 STREET NW","assessed_value":386500},{"address":"13704.0 24 STREET NW","assessed_value":69500},{"address":"2908.0 116A AVENUE NW","assessed_value":75500},{"address":"135.0 WOLF WILLOW CRESCENT NW","assessed_value":290500},{"address":"9738.0 154 STREET NW","assessed_value":346500},{"address":"14004.0 26 STREET NW","assessed_value":79500},{"address":"2923.0 151 AVENUE NW","assessed_value":183500},{"address":"7608.0 152 STREET NW","assessed_value":527000},{"address":"16207.0 79A AVENUE NW","assessed_value":356500},{"address":"16931.0 95 STREET NW","assessed_value":218000},{"address":"nan nan","assessed_value":8000},{"address":"14219.0 63 STREET NW","assessed_value":243500},{"address":"9817.0 151 STREET NW","assessed_value":410000},{"address":"10149.0 SASKATCHEWAN DRIVE NW","assessed_value":154500},{"address":"16214.0 84 AVENUE NW","assessed_value":328500},{"address":"19015.0 86A AVENUE NW","assessed_value":386500},{"address":"nan nan","assessed_value":7000},{"address":"7911.0 167 STREET NW","assessed_value":429000},{"address":"1481.0 34 STREET SW","assessed_value":1650000},{"address":"3613.0 30 AVENUE NW","assessed_value":201500},{"address":"9941.0 156 STREET NW","assessed_value":323500},{"address":"12840.0 64 STREET NW","assessed_value":10490500},{"address":"18661.0 61 AVENUE NW","assessed_value":319000},{"address":"7731.0 152 STREET NW","assessed_value":594500},{"address":"4105.0 91A STREET NW","assessed_value":498000},{"address":"10015.0 168 STREET NW","assessed_value":2727000},{"address":"11125.0 157A AVENUE NW","assessed_value":360000},{"address":"16731.0 79A AVENUE NW","assessed_value":337500},{"address":"78.0 WILLOW WAY NW","assessed_value":484000},{"address":"1112.0 108 STREET NW","assessed_value":511500},{"address":"1651.0 46 STREET NW","assessed_value":215500},{"address":"9313.0 166 STREET NW","assessed_value":403500},{"address":"1523.0 54 STREET NW","assessed_value":129000},{"address":"4123.0 37A STREET NW","assessed_value":356500},{"address":"10149.0 SASKATCHEWAN DRIVE NW","assessed_value":186000},{"address":"118.0 KIRKWOOD WAY NW","assessed_value":306500},{"address":"8406.0 163 STREET NW","assessed_value":334500},{"address":"9535.0 152 STREET NW","assessed_value":418500},{"address":"117.0 WINDERMERE CRESCENT NW","assessed_value":2852000},{"address":"9304.0 165 STREET NW","assessed_value":360000},{"address":"18019.0 96 STREET NW","assessed_value":479000},{"address":"9829.0 157 STREET NW","assessed_value":328500},{"address":"1651.0 46 STREET NW","assessed_value":245000},{"address":"11513.0 40 AVENUE NW","assessed_value":372500},{"address":"9341.0 158 STREET NW","assessed_value":382000},{"address":"9917.0 110 STREET NW","assessed_value":181500},{"address":"9243.0 172 STREET NW","assessed_value":181500},{"address":"6504.0 184 STREET NW","assessed_value":163000},{"address":"9320.0 161 STREET NW","assessed_value":427000},{"address":"7116.0 188 STREET NW","assessed_value":419000},{"address":"8921.0 150 STREET NW","assessed_value":366500},{"address":"15712.0 84 STREET NW","assessed_value":367000},{"address":"11826.0 100 AVENUE NW","assessed_value":851000},{"address":"108.0 WOODBEND WYND NW","assessed_value":1454000},{"address":"16419.0 87 AVENUE NW","assessed_value":287000},{"address":"9332.0 167A AVENUE NW","assessed_value":358500},{"address":"12039.0 162 AVENUE NW","assessed_value":182000},{"address":"2019.0 108A STREET NW","assessed_value":314000},{"address":"4606.0 127 AVENUE NW","assessed_value":162000},{"address":"10511.0 19 AVENUE NW","assessed_value":103000},{"address":"16508.0 90 AVENUE NW","assessed_value":386000},{"address":"16621.0 83 AVENUE NW","assessed_value":209500},{"address":"8935.0 155 STREET NW","assessed_value":338000},{"address":"10151.0 158 AVENUE NW","assessed_value":255500},{"address":"9106.0 150 STREET NW","assessed_value":360500},{"address":"9208.0 179 AVENUE NW","assessed_value":371000},{"address":"6323.0 172 STREET NW","assessed_value":133000},{"address":"8209.0 150 STREET NW","assessed_value":415500},{"address":"854.0 78 AVENUE NW","assessed_value":1969500},{"address":"15708.0 78 STREET NW","assessed_value":301500},{"address":"18906.0 74 AVENUE NW","assessed_value":308000},{"address":"588.0 WOLF WILLOW ROAD NW","assessed_value":9500},{"address":"nan nan","assessed_value":8000},{"address":"16308.0 83 AVENUE NW","assessed_value":417000},{"address":"16222.0 92 AVENUE NW","assessed_value":370000},{"address":"2703.0 79 STREET NW","assessed_value":128500},{"address":"15240.0 71 STREET NW","assessed_value":390500},{"address":"18735.0 72 AVENUE NW","assessed_value":348500},{"address":"2119.0 53 STREET NW","assessed_value":309500},{"address":"15915.0 83 AVENUE NW","assessed_value":366500},{"address":"15425.0 75 AVENUE NW","assessed_value":544000},{"address":"11115.0 27 AVENUE NW","assessed_value":288500},{"address":"9425.0 150 STREET NW","assessed_value":354000},{"address":"17103.0 64 AVENUE NW","assessed_value":103500},{"address":"nan nan","assessed_value":8000},{"address":"9167.0 179 AVENUE NW","assessed_value":401000},{"address":"2504.0 MERIDIAN STREET SW","assessed_value":25000},{"address":"10440.0 13 AVENUE NW","assessed_value":442500},{"address":"8020.0 188 STREET NW","assessed_value":396000},{"address":"10145.0 121 STREET NW","assessed_value":80000},{"address":"17041.0 18 STREET NW","assessed_value":661500},{"address":"9310.0 157 STREET NW","assessed_value":380500},{"address":"15611.0 87 AVENUE NW","assessed_value":319000},{"address":"7280.0 152B AVENUE NW","assessed_value":366000},{"address":"20212.0 5 AVENUE SW","assessed_value":951500},{"address":"8714.0 160A STREET NW","assessed_value":376000},{"address":"15521.0 92 AVENUE NW","assessed_value":354500},{"address":"15004.0 89 AVENUE NW","assessed_value":1997000},{"address":"11848.0 87 STREET NW","assessed_value":88000},{"address":"16427.0 79A AVENUE NW","assessed_value":417500},{"address":"6319.0 172 STREET NW","assessed_value":132000},{"address":"15401.0 95 AVENUE NW","assessed_value":274500},{"address":"23931.0 34 STREET NW","assessed_value":11000},{"address":"15303.0 18 STREET NW","assessed_value":161000},{"address":"14915.0 84 AVENUE NW","assessed_value":386500},{"address":"7239.0 180 STREET NW","assessed_value":187500},{"address":"9608.0 169 STREET NW","assessed_value":334000},{"address":"14004.0 26 STREET NW","assessed_value":100000},{"address":"1220.0 104 STREET NW","assessed_value":394000},{"address":"919.0 RICE ROAD NW","assessed_value":591000},{"address":"1624.0 48 STREET NW","assessed_value":81500},{"address":"12935.0 72 STREET NW","assessed_value":317000},{"address":"16713.0 94 AVENUE NW","assessed_value":353000},{"address":"305.0 HEDLEY WAY NW","assessed_value":821000},{"address":"10511.0 19 AVENUE NW","assessed_value":95500},{"address":"7271.0 152C AVENUE NW","assessed_value":337500},{"address":"9860.0 82 AVENUE NW","assessed_value":123500},{"address":"8527.0 82 AVENUE NW","assessed_value":147000},{"address":"18010.0 98 AVENUE NW","assessed_value":191000},{"address":"16503.0 93 AVENUE NW","assessed_value":438000},{"address":"nan nan","assessed_value":8000},{"address":"2908.0 116A AVENUE NW","assessed_value":74500},{"address":"11043.0 201 STREET NW","assessed_value":2629500},{"address":"15246.0 85 AVENUE NW","assessed_value":389500},{"address":"1023.0 107 STREET NW","assessed_value":534000},{"address":"5810.0 53 AVENUE NW","assessed_value":353000},{"address":"2628.0 MILL WOODS ROAD EAST NW","assessed_value":113000},{"address":"10345.0 152 STREET NW","assessed_value":268000},{"address":"15012.0 77 AVENUE NW","assessed_value":465500},{"address":"nan nan","assessed_value":8000},{"address":"4115.0 41 STREET NW","assessed_value":320500},{"address":"8910.0 168 STREET NW","assessed_value":351500},{"address":"nan nan","assessed_value":8000},{"address":"10121.0 158 AVENUE NW","assessed_value":243000},{"address":"19004.0 86A AVENUE NW","assessed_value":396000},{"address":"10172.0 118 STREET NW","assessed_value":307000},{"address":"15910.0 83 AVENUE NW","assessed_value":413000},{"address":"14916.0 26 STREET NW","assessed_value":48500},{"address":"8023.0 188 STREET NW","assessed_value":460000},{"address":"16819.0 96 AVENUE NW","assessed_value":358500},{"address":"263.0 HEATH ROAD NW","assessed_value":535500},{"address":"1926.0 108 STREET NW","assessed_value":374500},{"address":"9816.0 156 STREET NW","assessed_value":70500},{"address":"9031.0 151 STREET NW","assessed_value":451500},{"address":"2020.0 105 STREET NW","assessed_value":219000},{"address":"4725.0 35 AVENUE NW","assessed_value":171500},{"address":"14620.0 26 STREET NW","assessed_value":155500},{"address":"8825.0 161 STREET NW","assessed_value":354000},{"address":"10934.0 120 STREET NW","assessed_value":2901500},{"address":"9811.0 164 STREET NW","assessed_value":354500},{"address":"24.0 WESTRIDGE ROAD NW","assessed_value":474500},{"address":"17128.0 63 AVENUE NW","assessed_value":101000},{"address":"14004.0 26 STREET NW","assessed_value":82500},{"address":"132.0 GUTHRIE POINT SW","assessed_value":1174500},{"address":"nan nan","assessed_value":0},{"address":"9723.0 164 STREET NW","assessed_value":357000},{"address":"10136.0 160 STREET NW","assessed_value":71500},{"address":"9403.0 150 STREET NW","assessed_value":259500},{"address":"12121.0 JASPER AVENUE NW","assessed_value":82500},{"address":"8723.0 160 STREET NW","assessed_value":340500},{"address":"7028.0 189 STREET NW","assessed_value":378000},{"address":"10149.0 SASKATCHEWAN DRIVE NW","assessed_value":174500},{"address":"17217.0 92 AVENUE NW","assessed_value":182500},{"address":"4544.0 127 AVENUE NW","assessed_value":166000},{"address":"10160.0 119 STREET NW","assessed_value":148000},{"address":"9524.0 168 STREET NW","assessed_value":366500},{"address":"10149.0 SASKATCHEWAN DRIVE NW","assessed_value":164500},{"address":"3520.0 41B AVENUE NW","assessed_value":256500},{"address":"9106.0 156 STREET NW","assessed_value":345000},{"address":"9528.0 178 AVENUE NW","assessed_value":399000},{"address":"8611.0 157 STREET NW","assessed_value":439500},{"address":"8407.0 156 AVENUE NW","assessed_value":314500},{"address":"738.0 HENDRA CRESCENT NW","assessed_value":619000},{"address":"15721.0 86 AVENUE NW","assessed_value":446000},{"address":"8528.0 189 STREET NW","assessed_value":389500},{"address":"4516.0 127 AVENUE NW","assessed_value":181500},{"address":"15620.0 83 AVENUE NW","assessed_value":386500},{"address":"10511.0 19 AVENUE NW","assessed_value":130000},{"address":"8223.0 DAVIES ROAD NW","assessed_value":396500},{"address":"11111.0 26 AVENUE NW","assessed_value":264500},{"address":"2204.0 118 STREET NW","assessed_value":165000},{"address":"15604.0 83A STREET NW","assessed_value":314500},{"address":"13833.0 30 STREET NW","assessed_value":183500},{"address":"9624.0 169 STREET NW","assessed_value":413500},{"address":"11618.0 100 AVENUE NW","assessed_value":234500},{"address":"12531.0 125 STREET NW","assessed_value":490000},{"address":"7103.0 152B AVENUE NW","assessed_value":401000},{"address":"16807.0 95A AVENUE NW","assessed_value":367000},{"address":"8137.0 150 STREET NW","assessed_value":417500},{"address":"9001.0 150 STREET NW","assessed_value":377500},{"address":"14724.0 34 STREET NW","assessed_value":303000},{"address":"15620.0 79A STREET NW","assessed_value":380000},{"address":"199.0 CENTENNIAL COURT NW","assessed_value":181000},{"address":"9511.0 180A AVENUE NW","assessed_value":416500},{"address":"10808.0 209 STREET NW","assessed_value":1258500},{"address":"7211.0 152C AVENUE NW","assessed_value":414000},{"address":"232.0 WINDERMERE DRIVE NW","assessed_value":1221500},{"address":"8709.0 163 STREET NW","assessed_value":368000},{"address":"8317.0 156 AVENUE NW","assessed_value":314500},{"address":"9826.0 152 STREET NW","assessed_value":658500},{"address":"5915.0 87A STREET NW","assessed_value":1163000},{"address":"10423.0 16 AVENUE NW","assessed_value":405500},{"address":"16119.0 90 AVENUE NW","assessed_value":356500},{"address":"9837.0 152 STREET NW","assessed_value":398000},{"address":"3025.0 37 STREET NW","assessed_value":361500},{"address":"15603.0 81 STREET NW","assessed_value":463000},{"address":"7327.0 183B STREET NW","assessed_value":313500},{"address":"425.0 HEFFERNAN DRIVE NW","assessed_value":1105000},{"address":"14606.0 37 STREET NW","assessed_value":284500},{"address":"17127.0 63 AVENUE NW","assessed_value":103500},{"address":"nan nan","assessed_value":5500},{"address":"8340.0 JASPER AVENUE NW","assessed_value":108500},{"address":"9612.0 159 STREET NW","assessed_value":294000},{"address":"4321.0 RIVERBEND ROAD NW","assessed_value":302500},{"address":"18650.0 97 STREET NW","assessed_value":37500},{"address":"16507.0 91 AVENUE NW","assessed_value":348000},{"address":"14511.0 52 STREET NW","assessed_value":162500},{"address":"10149.0 SASKATCHEWAN DRIVE NW","assessed_value":198500},{"address":"9525.0 111 AVENUE NW","assessed_value":1912500},{"address":"2204.0 118 STREET NW","assessed_value":187000},{"address":"17103.0 64 AVENUE NW","assessed_value":125000},{"address":"10045.0 117 STREET NW","assessed_value":110000},{"address":"14714.0 34 STREET NW","assessed_value":291000},{"address":"16507.0 83 AVENUE NW","assessed_value":105000},{"address":"71.0 HUNTINGTON HILL NW","assessed_value":159000},{"address":"2204.0 118 STREET NW","assessed_value":165500},{"address":"8525.0 150 STREET NW","assessed_value":433000},{"address":"nan nan","assessed_value":12000},{"address":"304.0 KIRKPATRICK CRESCENT NW","assessed_value":310500},{"address":"nan nan","assessed_value":7000},{"address":"4542.0 20 AVENUE NW","assessed_value":292500},{"address":"148.0 WINDERMERE CRESCENT NW","assessed_value":3760500},{"address":"18010.0 98 AVENUE NW","assessed_value":191000},{"address":"9325.0 169 STREET NW","assessed_value":357500},{"address":"nan nan","assessed_value":8000},{"address":"12121.0 JASPER AVENUE NW","assessed_value":82500},{"address":"14620.0 26 STREET NW","assessed_value":171000},{"address":"111.0 HEALY ROAD NW","assessed_value":562000},{"address":"8001.0 160 STREET NW","assessed_value":287500},{"address":"810.0 HEPBURN AVENUE NW","assessed_value":907500},{"address":"18315.0 72 AVENUE NW","assessed_value":316500},{"address":"16497.0 115 STREET NW","assessed_value":186500},{"address":"4111.0 37 STREET NW","assessed_value":366500},{"address":"15059.0 26 STREET NW","assessed_value":154500},{"address":"8340.0 JASPER AVENUE NW","assessed_value":159000},{"address":"17411.0 92 STREET NW","assessed_value":409000},{"address":"8310.0 JASPER AVENUE NW","assessed_value":81500},{"address":"9104.0 176 AVENUE NW","assessed_value":382500},{"address":"4115.0 41 AVENUE NW","assessed_value":324500},{"address":"7604.0 29 AVENUE NW","assessed_value":171500},{"address":"11026.0 106 STREET NW","assessed_value":106500},{"address":"10335.0 172 AVENUE NW","assessed_value":196500},{"address":"150.0 WILLOW WAY NW","assessed_value":643000},{"address":"1201.0 78 AVENUE NW","assessed_value":1787500},{"address":"1503.0 MILL WOODS ROAD EAST NW","assessed_value":139500},{"address":"22604.0 122 AVENUE NW","assessed_value":634500},{"address":"8712.0 154 STREET NW","assessed_value":560500},{"address":"17527.0 92 STREET NW","assessed_value":376000},{"address":"15230.0 128 AVENUE NW","assessed_value":9471500},{"address":"19007.0 75 AVENUE NW","assessed_value":348000},{"address":"20103.0 111 AVENUE NW","assessed_value":730000},{"address":"10135.0 SASKATCHEWAN DRIVE NW","assessed_value":190500},{"address":"1043.0 107 STREET NW","assessed_value":439000},{"address":"14808.0 26 STREET NW","assessed_value":4500},{"address":"10135.0 SASKATCHEWAN DRIVE NW","assessed_value":260500},{"address":"7316.0 189 STREET NW","assessed_value":398500},{"address":"11320.0 YELLOWHEAD TRAIL NW","assessed_value":682500},{"address":"7730.0 152 STREET NW","assessed_value":451500},{"address":"nan nan","assessed_value":5500},{"address":"4114.0 37A STREET NW","assessed_value":358000},{"address":"12121.0 JASPER AVENUE NW","assessed_value":195500},{"address":"5319.0 21 AVENUE NW","assessed_value":297000},{"address":"8012.0 169 STREET NW","assessed_value":400000},{"address":"9221.0 48 STREET NW","assessed_value":3991500},{"address":"6003.0 125 AVENUE NW","assessed_value":1792000},{"address":"12841.0 65 STREET NW","assessed_value":61000},{"address":"2020.0 105 STREET NW","assessed_value":227000},{"address":"9924.0 158 STREET NW","assessed_value":353000},{"address":"8304.0 154 STREET NW","assessed_value":413000},{"address":"9930.0 153 STREET NW","assessed_value":383500},{"address":"7111.0 184 STREET NW","assessed_value":332500},{"address":"15401.0 75 AVENUE NW","assessed_value":513500},{"address":"8003.0 169 STREET NW","assessed_value":334000},{"address":"10139.0 157 STREET NW","assessed_value":86500},{"address":"9606.0 160 STREET NW","assessed_value":297500},{"address":"9816.0 112 STREET NW","assessed_value":152000},{"address":"14523.0 37 STREET NW","assessed_value":291500},{"address":"3403.0 18 AVENUE NW","assessed_value":102500},{"address":"6208.0 180 STREET NW","assessed_value":113500},{"address":"10529.0 93 STREET NW","assessed_value":62500},{"address":"9709.0 152 STREET NW","assessed_value":411500},{"address":"2115.0 118 STREET NW","assessed_value":177000},{"address":"10149.0 SASKATCHEWAN DRIVE NW","assessed_value":151500},{"address":"nan nan","assessed_value":7000},{"address":"12841.0 65 STREET NW","assessed_value":54500},{"address":"32.0 WEDGEWOOD CRESCENT NW","assessed_value":2379000},{"address":"7922.0 158 STREET NW","assessed_value":366500},{"address":"9622.0 162 STREET NW","assessed_value":371500},{"address":"16204.0 86 AVENUE NW","assessed_value":365500},{"address":"8603.0 189 STREET NW","assessed_value":427500},{"address":"10045.0 117 STREET NW","assessed_value":135500},{"address":"18148.0 96 AVENUE NW","assessed_value":257500},{"address":"nan nan","assessed_value":8000},{"address":"16925.0 95 STREET NW","assessed_value":212000},{"address":"9119.0 176 AVENUE NW","assessed_value":417000},{"address":"9519.0 178A AVENUE NW","assessed_value":389500},{"address":"7913.0 159 STREET NW","assessed_value":348000},{"address":"9428.0 149 STREET NW","assessed_value":86000},{"address":"18908.0 78 AVENUE NW","assessed_value":328000},{"address":"16029.0 92 AVENUE NW","assessed_value":398500},{"address":"171.0 WOLF WILLOW CRESCENT NW","assessed_value":637500},{"address":"8011.0 160 STREET NW","assessed_value":289500},{"address":"268.0 HEAGLE CRESCENT NW","assessed_value":546000},{"address":"12020.0 54 STREET NW","assessed_value":228000},{"address":"4810.0 MILL WOODS ROAD SOUTH NW","assessed_value":102500},{"address":"14511.0 52 STREET NW","assessed_value":155000},{"address":"9232.0 154 STREET NW","assessed_value":258500},{"address":"3812.0 20 AVENUE NW","assessed_value":175000},{"address":"9504.0 167 AVENUE NW","assessed_value":2500},{"address":"40.0 BLACKBURN DRIVE WEST SW","assessed_value":1641000},{"address":"35.0 CASTLE KEEP NW","assessed_value":719500},{"address":"15804.0 81 AVENUE NW","assessed_value":389500},{"address":"16725.0 106 STREET NW","assessed_value":177500},{"address":"10280.0 87 STREET NW","assessed_value":457500},{"address":"9525.0 150 STREET NW","assessed_value":355000},{"address":"15829.0 94A AVENUE NW","assessed_value":393000},{"address":"8823.0 160 STREET NW","assessed_value":359500},{"address":"15105.0 76 AVENUE NW","assessed_value":487500},{"address":"7604.0 29 AVENUE NW","assessed_value":167500},{"address":"12030.0 32 STREET NE","assessed_value":1784500},{"address":"6803.0 152B AVENUE NW","assessed_value":384000},{"address":"15608.0 78 STREET NW","assessed_value":328500},{"address":"9325.0 172 STREET NW","assessed_value":163500},{"address":"9916.0 155 STREET NW","assessed_value":792000},{"address":"nan nan","assessed_value":8000},{"address":"25.0 KINISKI CRESCENT NW","assessed_value":322000},{"address":"144.0 WESTRIDGE ROAD NW","assessed_value":631000},{"address":"1923.0 108 STREET NW","assessed_value":363500},{"address":"15519.0 98 AVENUE NW","assessed_value":99000},{"address":"9210.0 162 STREET NW","assessed_value":433500},{"address":"2908.0 116A AVENUE NW","assessed_value":84500},{"address":"2604.0 139 AVENUE NW","assessed_value":99000},{"address":"18413.0 66 AVENUE NW","assessed_value":167500},{"address":"14908.0 26 STREET NW","assessed_value":55500},{"address":"11915.0 87 STREET NW","assessed_value":276000},{"address":"5716.0 188 STREET NW","assessed_value":346000},{"address":"10013.0 169 STREET NW","assessed_value":1449000},{"address":"7604.0 29 AVENUE NW","assessed_value":162500},{"address":"9424.0 149 STREET NW","assessed_value":86000},{"address":"19016.0 86 AVENUE NW","assessed_value":393000},{"address":"8412.0 45 STREET NW","assessed_value":378000},{"address":"351.0 KIRKPATRICK CRESCENT NW","assessed_value":319500},{"address":"9528.0 188 STREET NW","assessed_value":331000},{"address":"12141.0 JASPER AVENUE NW","assessed_value":145000},{"address":"9605.0 159 STREET NW","assessed_value":425500},{"address":"nan nan","assessed_value":8000},{"address":"14224.0 91 AVENUE NW","assessed_value":256500},{"address":"10635.0 10 AVENUE NW","assessed_value":463500},{"address":"8101.0 168 STREET NW","assessed_value":366000},{"address":"9203.0 169 STREET NW","assessed_value":412000},{"address":"11826.0 100 AVENUE NW","assessed_value":622000},{"address":"16507.0 79A AVENUE NW","assessed_value":388000},{"address":"21351.0 107 AVENUE NW","assessed_value":686000},{"address":"16314.0 96A AVENUE NW","assessed_value":339500},{"address":"7516.0 189 STREET NW","assessed_value":409500},{"address":"9905.0 153 STREET NW","assessed_value":618500},{"address":"1651.0 46 STREET NW","assessed_value":223500},{"address":"8311.0 190 STREET NW","assessed_value":372500},{"address":"1829.0 151 AVENUE NW","assessed_value":265000},{"address":"201.0 GRANDISLE POINT NW","assessed_value":858000},{"address":"207.0 CENTENNIAL COURT NW","assessed_value":183000},{"address":"15634.0 80 AVENUE NW","assessed_value":380500},{"address":"56.0 HUNTINGTON HILL NW","assessed_value":158000},{"address":"17507.0 92 STREET NW","assessed_value":394500},{"address":"16816.0 98 AVENUE NW","assessed_value":341000},{"address":"10135.0 SASKATCHEWAN DRIVE NW","assessed_value":200500},{"address":"8108.0 125 AVENUE NW","assessed_value":41500},{"address":"9616.0 157 STREET NW","assessed_value":296500},{"address":"10459.0 14 AVENUE NW","assessed_value":432000},{"address":"7704.0 188 STREET NW","assessed_value":462000},{"address":"400.0 KIRKNESS ROAD NW","assessed_value":31500},{"address":"3111.0 142 AVENUE NW","assessed_value":137500},{"address":"10529.0 93 STREET NW","assessed_value":63000},{"address":"965.0 RICE ROAD NW","assessed_value":759500},{"address":"43.0 RIVER HEIGHTS DRIVE NW","assessed_value":963500},{"address":"16119.0 78 AVENUE NW","assessed_value":580500},{"address":"15456.0 92 AVENUE NW","assessed_value":299500},{"address":"3035.0 37 STREET NW","assessed_value":364500},{"address":"nan nan","assessed_value":7000},{"address":"303.0 197 AVENUE NE","assessed_value":749000},{"address":"5660.0 WINDERMERE BOULEVARD NW","assessed_value":133500},{"address":"156.0 HEALY ROAD NW","assessed_value":566500},{"address":"10149.0 SASKATCHEWAN DRIVE NW","assessed_value":192500},{"address":"14611.0 MARK MESSIER TRAIL NW","assessed_value":24793500},{"address":"9810.0 178 STREET NW","assessed_value":108000},{"address":"11114.0 83 AVENUE NW","assessed_value":336000},{"address":"9136.0 180A AVENUE NW","assessed_value":344000},{"address":"15914.0 92 AVENUE NW","assessed_value":413500},{"address":"10654.0 11 AVENUE NW","assessed_value":631500},{"address":"16605.0 93A AVENUE NW","assessed_value":367000},{"address":"1519.0 104 STREET NW","assessed_value":412500},{"address":"9931.0 161 STREET NW","assessed_value":565000},{"address":"187.0 CENTENNIAL COURT NW","assessed_value":186500},{"address":"10175.0 114 STREET NW","assessed_value":113000},{"address":"4747.0 35 AVENUE NW","assessed_value":171500},{"address":"15031.0 87 AVENUE NW","assessed_value":353000},{"address":"1411.0 MILL WOODS ROAD EAST NW","assessed_value":172500},{"address":"3607.0 42 AVENUE NW","assessed_value":353000},{"address":"9315.0 151 STREET NW","assessed_value":348500},{"address":"15701.0 92A AVENUE NW","assessed_value":424000},{"address":"95.0 WOLF CRESCENT NW","assessed_value":639000},{"address":"15225.0 86 AVENUE NW","assessed_value":381500},{"address":"10135.0 SASKATCHEWAN DRIVE NW","assessed_value":209000},{"address":"16214.0 86 AVENUE NW","assessed_value":328000},{"address":"4204.0 92 AVENUE NW","assessed_value":4235000},{"address":"4810.0 MILL WOODS ROAD SOUTH NW","assessed_value":105500},{"address":"2518.0 51 AVENUE NW","assessed_value":123500},{"address":"9717.0 154 STREET NW","assessed_value":649000},{"address":"9545.0 154 STREET NW","assessed_value":389000},{"address":"18718.0 95A AVENUE NW","assessed_value":331000},{"address":"8120.0 159 STREET NW","assessed_value":275500},{"address":"13833.0 30 STREET NW","assessed_value":170500},{"address":"15702.0 91 AVENUE NW","assessed_value":379500},{"address":"nan nan","assessed_value":4500},{"address":"11324.0 97 STREET NW","assessed_value":102000},{"address":"9334.0 151 STREET NW","assessed_value":205000},{"address":"10328.0 180 STREET NW","assessed_value":190000},{"address":"15219.0 79A AVENUE NW","assessed_value":391000},{"address":"9225.0 163 STREET NW","assessed_value":345500},{"address":"15418.0 74 AVENUE NW","assessed_value":454000},{"address":"nan nan","assessed_value":8000},{"address":"123.0 CASTLE KEEP NW","assessed_value":483500},{"address":"3812.0 20 AVENUE NW","assessed_value":178000},{"address":"10145.0 121 STREET NW","assessed_value":116000},{"address":"6212.0 180 STREET NW","assessed_value":123500},{"address":"131.0 197 AVENUE NE","assessed_value":534500},{"address":"7283.0 152B AVENUE NW","assessed_value":326500},{"address":"10051.0 93 STREET NW","assessed_value":465500},{"address":"2580.0 79 STREET NW","assessed_value":183000},{"address":"9126.0 180A AVENUE NW","assessed_value":357000},{"address":"1881.0 151 AVENUE NW","assessed_value":257000},{"address":"8308.0 166 STREET NW","assessed_value":4000},{"address":"11026.0 106 STREET NW","assessed_value":113500},{"address":"3512.0 41A AVENUE NW","assessed_value":331500},{"address":"15205.0 79A AVENUE NW","assessed_value":404500},{"address":"8610.0 152 STREET NW","assessed_value":404500},{"address":"12139.0 160 STREET NW","assessed_value":35000},{"address":"1624.0 48 STREET NW","assessed_value":78500},{"address":"104.0 34 STREET NW","assessed_value":373000},{"address":"8916.0 162 STREET NW","assessed_value":387000},{"address":"18415.0 75 AVENUE NW","assessed_value":8542000},{"address":"10205.0 158 AVENUE NW","assessed_value":194500},{"address":"11115.0 80 AVENUE NW","assessed_value":266000},{"address":"3404.0 18 AVENUE NW","assessed_value":59500},{"address":"432.0 KIRKPATRICK CRESCENT NW","assessed_value":341000},{"address":"10131.0 154 STREET NW","assessed_value":87500},{"address":"17832.0 92 STREET NW","assessed_value":414000},{"address":"8518.0 190 STREET NW","assessed_value":392500},{"address":"291.0 KIRKWOOD AVENUE NW","assessed_value":310500},{"address":"18424.0 95A AVENUE NW","assessed_value":311000},{"address":"216.0 WOLF WILLOW ROAD NW","assessed_value":483500},{"address":"9747.0 159 STREET NW","assessed_value":2338500},{"address":"nan nan","assessed_value":4500},{"address":"10131.0 154 STREET NW","assessed_value":81500},{"address":"10011.0 123 STREET NW","assessed_value":185000},{"address":"9426.0 156 STREET NW","assessed_value":277000},{"address":"17131.0 63 AVENUE NW","assessed_value":104000},{"address":"11026.0 106 STREET NW","assessed_value":145000},{"address":"2203.0 111 STREET SW","assessed_value":511000},{"address":"3018.0 36 STREET NW","assessed_value":375500},{"address":"15409.0 RIO TERRACE DRIVE NW","assessed_value":2998000},{"address":"14816.0 26 STREET NW","assessed_value":55000},{"address":"3402.0 43 AVENUE NW","assessed_value":894500},{"address":"21111.0 109 AVENUE NW","assessed_value":3141500},{"address":"16703.0 97 STREET NW","assessed_value":44500},{"address":"8208.0 169B STREET NW","assessed_value":333000},{"address":"8913.0 157 STREET NW","assessed_value":436500},{"address":"10916.0 BEARSPAW DRIVE WEST NW","assessed_value":2341000},{"address":"16301.0 87 AVENUE NW","assessed_value":346000},{"address":"20907.0 97 AVENUE NW","assessed_value":980000},{"address":"9438.0 156 STREET NW","assessed_value":295000},{"address":"7316.0 155 STREET NW","assessed_value":457000},{"address":"10045.0 117 STREET NW","assessed_value":131000},{"address":"9221.0 157 STREET NW","assessed_value":366500},{"address":"4907.0 154 STREET NW","assessed_value":808000},{"address":"11250.0 97 STREET NW","assessed_value":71000},{"address":"8340.0 JASPER AVENUE NW","assessed_value":128500},{"address":"8010.0 160 STREET NW","assessed_value":306000},{"address":"nan nan","assessed_value":5500},{"address":"2908.0 116A AVENUE NW","assessed_value":82000},{"address":"8119.0 188A STREET NW","assessed_value":455000},{"address":"2115.0 118 STREET NW","assessed_value":187000},{"address":"nan nan","assessed_value":8000},{"address":"9641.0 162 STREET NW","assessed_value":285000},{"address":"8816.0 161 STREET NW","assessed_value":384000},{"address":"15304.0 75 AVENUE NW","assessed_value":489500},{"address":"7604.0 29 AVENUE NW","assessed_value":171000},{"address":"145.0 WOLF WILLOW CRESCENT NW","assessed_value":273500},{"address":"7319.0 81 AVENUE NW","assessed_value":282500},{"address":"8925.0 150 STREET NW","assessed_value":342000},{"address":"2703.0 79 STREET NW","assessed_value":174000},{"address":"3812.0 20 AVENUE NW","assessed_value":182000},{"address":"17409.0 95 STREET NW","assessed_value":175500},{"address":"16801.0 95 AVENUE NW","assessed_value":374000},{"address":"9426.0 150 STREET NW","assessed_value":411500},{"address":"18720.0 77 AVENUE NW","assessed_value":346500},{"address":"18008.0 93 STREET NW","assessed_value":327500},{"address":"11111.0 26 AVENUE NW","assessed_value":269000},{"address":"15605.0 98 AVENUE NW","assessed_value":1385000},{"address":"16823.0 96 AVENUE NW","assessed_value":348500},{"address":"21.0 WOLF WILLOW POINT NW","assessed_value":914000},{"address":"3115.0 119 STREET NW","assessed_value":221000},{"address":"7112.0 152B AVENUE NW","assessed_value":498000},{"address":"14523.0 34 STREET NW","assessed_value":397000},{"address":"287.0 LAGO LINDO CRESCENT NW","assessed_value":326000},{"address":"44.0 HUNTINGTON HILL NW","assessed_value":155000},{"address":"2940.0 68 AVENUE NW","assessed_value":7778500},{"address":"114.0 KINISKI CRESCENT NW","assessed_value":350500},{"address":"18911.0 83 AVENUE NW","assessed_value":379500},{"address":"18029.0 98 AVENUE NW","assessed_value":180000},{"address":"10172.0 118 STREET NW","assessed_value":236000},{"address":"8902.0 168 STREET NW","assessed_value":413500},{"address":"11019.0 107 STREET NW","assessed_value":91500},{"address":"11238.0 51 STREET NW","assessed_value":324000},{"address":"15922.0 95 AVENUE NW","assessed_value":353500},{"address":"8822.0 160 STREET NW","assessed_value":399000},{"address":"15231.0 85 STREET NW","assessed_value":439000},{"address":"9720.0 210 STREET NW","assessed_value":1005500},{"address":"7230.0 178 STREET NW","assessed_value":196500},{"address":"18709.0 57 AVENUE NW","assessed_value":304500},{"address":"10820.0 21 AVENUE NW","assessed_value":370500},{"address":"3115.0 119 STREET NW","assessed_value":217500},{"address":"4129.0 37A STREET NW","assessed_value":347500},{"address":"1624.0 48 STREET NW","assessed_value":103000},{"address":"227.0 LYNNWOOD WAY NW","assessed_value":399500},{"address":"10616.0 153 STREET NW","assessed_value":281500},{"address":"186.0 CENTENNIAL COURT NW","assessed_value":186500},{"address":"1820.0 56 STREET NW","assessed_value":194500},{"address":"9412.0 162 STREET NW","assessed_value":387000},{"address":"11111.0 26 AVENUE NW","assessed_value":259000},{"address":"7707.0 189 STREET NW","assessed_value":342000},{"address":"13704.0 170 STREET NW","assessed_value":914000},{"address":"9226.0 157 STREET NW","assessed_value":365500},{"address":"nan nan","assessed_value":1500},{"address":"10135.0 SASKATCHEWAN DRIVE NW","assessed_value":147000},{"address":"4403.0 RIVERBEND ROAD NW","assessed_value":208500},{"address":"15108.0 77 AVENUE NW","assessed_value":492000},{"address":"7332.0 152C AVENUE NW","assessed_value":395000},{"address":"9206.0 169 STREET NW","assessed_value":381000},{"address":"3816.0 41 AVENUE NW","assessed_value":320500},{"address":"9604.0 151 STREET NW","assessed_value":377500},{"address":"460.0 KIRKPATRICK CRESCENT NW","assessed_value":301000},{"address":"14620.0 26 STREET NW","assessed_value":172500},{"address":"10415.0 78 AVENUE NW","assessed_value":109500},{"address":"1628.0 48 STREET NW","assessed_value":111500},{"address":"4610.0 17 AVENUE NW","assessed_value":192500},{"address":"12725.0 81 STREET NW","assessed_value":70500},{"address":"17712.0 92 STREET NW","assessed_value":555000},{"address":"110.0 CENTENNIAL COURT NW","assessed_value":219500},{"address":"15309.0 RIO TERRACE DRIVE NW","assessed_value":2912500},{"address":"15251.0 88A STREET NW","assessed_value":393500},{"address":"3608.0 42 AVENUE NW","assessed_value":336500},{"address":"15704.0 77A AVENUE NW","assessed_value":468000},{"address":"10852.0 21 AVENUE NW","assessed_value":332000},{"address":"1945.0 105 STREET NW","assessed_value":103000},{"address":"14628.0 54 STREET NW","assessed_value":154000},{"address":"1945.0 105 STREET NW","assessed_value":99000}]