[{"address":"10309.0 107 STREET NW","assessed_value":415500},{"address":"3016.0 31 AVENUE NW","assessed_value":348500},{"address":"9008.0 99 AVENUE NW","assessed_value":421000},{"address":"nan nan","assessed_value":7500},{"address":"403.0 HUDSON COURT NW","assessed_value":328500},{"address":"nan nan","assessed_value":7500},{"address":"nan nan","assessed_value":9500},{"address":"nan nan","assessed_value":4500},{"address":"8923.0 173 AVENUE NW","assessed_value":396000},{"address":"1105.0 HYNDMAN ROAD NW","assessed_value":386000},{"address":"4714.0 151A AVENUE NW","assessed_value":471000},{"address":"1919.0 36 AVENUE NW","assessed_value":361500},{"address":"1030.0 MACEWAN CLOSE SW","assessed_value":482500},{"address":"610.0 BECK CLOSE SW","assessed_value":469000},{"address":"543.0 BYRNE CRESCENT SW","assessed_value":925500},{"address":"5127.0 200 STREET NW","assessed_value":591000},{"address":"592.0 HOOKE ROAD NW","assessed_value":175500},{"address":"nan nan","assessed_value":12500},{"address":"568.0 SADDLEBACK ROAD NW","assessed_value":225000},{"address":"12212.0 17 AVENUE SW","assessed_value":402000},{"address":"717.0 DALHOUSIE WAY NW","assessed_value":690500},{"address":"295.0 OZERNA ROAD NW","assessed_value":604000},{"address":"2070.0 BLACKMUD CREEK DRIVE SW","assessed_value":512500},{"address":"305.0 GRIESBACH SCHOOL ROAD NW","assessed_value":337000},{"address":"10951.0 124 STREET NW","assessed_value":211000},{"address":"2334.0 RUTHERFORD WAY SW","assessed_value":549500},{"address":"nan nan","assessed_value":12500},{"address":"nan nan","assessed_value":13000},{"address":"329.0 CUTTS COURT NW","assessed_value":517000},{"address":"nan nan","assessed_value":6500},{"address":"nan nan","assessed_value":6000},{"address":"16614.0 75A STREET NW","assessed_value":519500},{"address":"548.0 HODGSON ROAD NW","assessed_value":802000},{"address":"12210.0 17 AVENUE SW","assessed_value":391000},{"address":"8715.0 82 AVENUE NW","assessed_value":190000},{"address":"1907.0 99 STREET NW","assessed_value":3157000},{"address":"1905.0 GARNETT WAY NW","assessed_value":488500},{"address":"nan nan","assessed_value":6000},{"address":"1519.0 BLACKMORE WAY SW","assessed_value":783500},{"address":"nan nan","assessed_value":3000},{"address":"nan nan","assessed_value":7500},{"address":"8942.0 156 STREET NW","assessed_value":245500},{"address":"nan nan","assessed_value":17500},{"address":"409.0 HUNTERS GREEN NW","assessed_value":585000},{"address":"13821.0 147A AVENUE NW","assessed_value":548000},{"address":"3835.0 107 STREET NW","assessed_value":113000},{"address":"11025.0 JASPER AVENUE NW","assessed_value":119500},{"address":"614.0 SILVER BERRY ROAD NW","assessed_value":579500},{"address":"708.0 LAUBER CRESCENT NW","assessed_value":521500},{"address":"885.0 GRAHAM WYND NW","assessed_value":574500},{"address":"nan nan","assessed_value":13000},{"address":"1245.0 RUTHERFORD ROAD SW","assessed_value":570000},{"address":"16520.0 69 STREET NW","assessed_value":494000},{"address":"nan nan","assessed_value":17500},{"address":"9938.0 104 STREET NW","assessed_value":209000},{"address":"10842.0 107 STREET NW","assessed_value":69500},{"address":"2920.0 MCPHADDEN WAY SW","assessed_value":480500},{"address":"8515.0 6 AVENUE SW","assessed_value":470000},{"address":"3511.0 MCLEAN CRESCENT SW","assessed_value":486000},{"address":"10153.0 117 STREET NW","assessed_value":163000},{"address":"19027.0 49 AVENUE NW","assessed_value":450000},{"address":"146.0 GALLAND CRESCENT NW","assessed_value":561500},{"address":"3312.0 27 AVENUE NW","assessed_value":413000},{"address":"21254.0 88A AVENUE NW","assessed_value":426500},{"address":"2942.0 MCPHADDEN WAY SW","assessed_value":452500},{"address":"nan nan","assessed_value":6500},{"address":"nan nan","assessed_value":12500},{"address":"9708.0 110 STREET NW","assessed_value":460000},{"address":"728.0 88 STREET SW","assessed_value":389500},{"address":"10105.0 95 STREET NW","assessed_value":372000},{"address":"10855.0 SASKATCHEWAN DRIVE NW","assessed_value":481500},{"address":"17404.0 90 STREET NW","assessed_value":479500},{"address":"8624.0 107 STREET NW","assessed_value":10500},{"address":"10603.0 175 AVENUE NW","assessed_value":508500},{"address":"8521.0 8 AVENUE SW","assessed_value":501500},{"address":"645.0 MCALLISTER LOOP SW","assessed_value":364500},{"address":"10124.0 166 AVENUE NW","assessed_value":12000},{"address":"3741.0 22 STREET NW","assessed_value":343500},{"address":"2021.0 GRANTHAM COURT NW","assessed_value":292000},{"address":"12649.0 70 STREET NW","assessed_value":325500},{"address":"9123.0 161 AVENUE NW","assessed_value":418000},{"address":"2060.0 BLACKMUD CREEK DRIVE SW","assessed_value":468500},{"address":"1809.0 37A AVENUE NW","assessed_value":413500},{"address":"4033.0 120 STREET NW","assessed_value":8000},{"address":"3504.0 MCLEAN CRESCENT SW","assessed_value":427000},{"address":"8536.0 106A STREET NW","assessed_value":248000},{"address":"14803.0 MILLER BOULEVARD NW","assessed_value":296000},{"address":"10308.0 114 STREET NW","assessed_value":265000},{"address":"5811.0 107 STREET NW","assessed_value":400000},{"address":"4412.0 150 AVENUE NW","assessed_value":380500},{"address":"1095.0 TORY ROAD NW","assessed_value":9500},{"address":"14640.0 115 AVENUE NW","assessed_value":1680500},{"address":"17231.0 91 STREET NW","assessed_value":391500},{"address":"13520.0 170 STREET NW","assessed_value":12449000},{"address":"16823.0 84 STREET NW","assessed_value":228000},{"address":"10913.0 8 AVENUE SW","assessed_value":363000},{"address":"612.0 STEWART CRESCENT SW","assessed_value":602500},{"address":"nan nan","assessed_value":7000},{"address":"10842.0 107 STREET NW","assessed_value":68500},{"address":"420.0 HUNTERS GREEN NW","assessed_value":296000},{"address":"nan nan","assessed_value":8500},{"address":"6103.0 104 STREET NW","assessed_value":2194000},{"address":"734.0 GREEN WYND NW","assessed_value":488000},{"address":"3119.0 LAKEWOOD CRESCENT NW","assessed_value":202500},{"address":"3123.0 35 AVENUE NW","assessed_value":545500},{"address":"nan nan","assessed_value":12500},{"address":"nan nan","assessed_value":8500},{"address":"2505.0 42 STREET NW","assessed_value":188000},{"address":"1133.0 RUTHERFORD CLOSE SW","assessed_value":592500},{"address":"nan nan","assessed_value":8000},{"address":"218.0 HILLIARD GREEN NW","assessed_value":605000},{"address":"4605.0 106A STREET NW","assessed_value":19589500},{"address":"516.0 90 STREET SW","assessed_value":427000},{"address":"1907.0 37A AVENUE NW","assessed_value":462000},{"address":"11809.0 173A AVENUE NW","assessed_value":480000},{"address":"10330.0 113 STREET NW","assessed_value":105000},{"address":"nan nan","assessed_value":6500},{"address":"659.0 GEISSINGER ROAD NW","assessed_value":548000},{"address":"3519.0 22 STREET NW","assessed_value":490000},{"address":"10108.0 125 STREET NW","assessed_value":357500},{"address":"2420.0 108 STREET NW","assessed_value":189000},{"address":"9741.0 110 STREET NW","assessed_value":301000},{"address":"11109.0 84 AVENUE NW","assessed_value":283500},{"address":"871.0 PROCTOR WYND NW","assessed_value":630500},{"address":"231.0 KLARVATTEN ROAD NW","assessed_value":484500},{"address":"8717.0 5 AVENUE SW","assessed_value":473000},{"address":"1805.0 37A AVENUE NW","assessed_value":420500},{"address":"544.0 BYRNE CRESCENT SW","assessed_value":604000},{"address":"3268.0 25 AVENUE NW","assessed_value":474500},{"address":"15723.0 92 STREET NW","assessed_value":601000},{"address":"12121.0 16 AVENUE SW","assessed_value":439500},{"address":"10719.0 80 AVENUE NW","assessed_value":209500},{"address":"nan nan","assessed_value":12500},{"address":"3619.0 130 AVENUE NW","assessed_value":499500},{"address":"3835.0 107 STREET NW","assessed_value":97500},{"address":"nan nan","assessed_value":6000},{"address":"3749.0 20 STREET NW","assessed_value":385500},{"address":"nan nan","assessed_value":6000},{"address":"3514.0 18 STREET NW","assessed_value":438500},{"address":"956.0 BLACKMUD CREEK CRESCENT SW","assessed_value":534000},{"address":"1163.0 RUTHERFORD CLOSE SW","assessed_value":495000},{"address":"11025.0 JASPER AVENUE NW","assessed_value":118000},{"address":"nan nan","assessed_value":7500},{"address":"1413.0 BRECKENRIDGE DRIVE NW","assessed_value":489500},{"address":"9927.0 114 STREET NW","assessed_value":14350500},{"address":"15223.0 45 STREET NW","assessed_value":490000},{"address":"12212.0 16 AVENUE SW","assessed_value":344000},{"address":"3148.0 LAKEWOOD CRESCENT NW","assessed_value":91000},{"address":"6707.0 164 AVENUE NW","assessed_value":417500},{"address":"1874.0 GARNETT WAY NW","assessed_value":462500},{"address":"nan nan","assessed_value":3000},{"address":"7813.0 12 AVENUE SW","assessed_value":418000},{"address":"9704.0 174 STREET NW","assessed_value":184000},{"address":"3204.0 27 AVENUE NW","assessed_value":448000},{"address":"1219.0 HALIBURTON CLOSE NW","assessed_value":836000},{"address":"nan nan","assessed_value":8000},{"address":"12030.0 226 STREET NW","assessed_value":776500},{"address":"3020.0 32 AVENUE NW","assessed_value":361000},{"address":"2422.0 TEGLER GREEN NW","assessed_value":991000},{"address":"nan nan","assessed_value":9500},{"address":"15015.0 135 STREET NW","assessed_value":400000},{"address":"10221.0 111 STREET NW","assessed_value":313000},{"address":"nan nan","assessed_value":6500},{"address":"13403.0 CUMBERLAND ROAD NW","assessed_value":305000},{"address":"nan nan","assessed_value":12500},{"address":"10840.0 8 AVENUE SW","assessed_value":474000},{"address":"9730.0 174 STREET NW","assessed_value":187000},{"address":"11413.0 167B AVENUE NW","assessed_value":415000},{"address":"7016.0 163 AVENUE NW","assessed_value":491500},{"address":"1212.0 ORMSBY LANE NW","assessed_value":470000},{"address":"3219.0 28A AVENUE NW","assessed_value":429500},{"address":"16303.0 95 STREET NW","assessed_value":175000},{"address":"1707.0 37A AVENUE NW","assessed_value":456500},{"address":"8956.0 156 STREET NW","assessed_value":244000},{"address":"2860.0 LAKESIDE CLOSE NW","assessed_value":91000},{"address":"21368.0 88 AVENUE NW","assessed_value":431500},{"address":"8014.0 129A AVENUE NW","assessed_value":8500},{"address":"nan nan","assessed_value":8500},{"address":"nan nan","assessed_value":500},{"address":"11830.0 85 STREET NW","assessed_value":58500},{"address":"4210.0 TERWILLEGAR VISTA NW","assessed_value":379000},{"address":"2741.0 55 STREET NW","assessed_value":109000},{"address":"9955.0 114 STREET NW","assessed_value":205000},{"address":"9392.0 153 AVENUE NW","assessed_value":850500},{"address":"9741.0 110 STREET NW","assessed_value":275500},{"address":"8519.0 173 AVENUE NW","assessed_value":483500},{"address":"nan nan","assessed_value":8500},{"address":"9507.0 101 AVENUE NW","assessed_value":240000},{"address":"754.0 LAUBER CRESCENT NW","assessed_value":529000},{"address":"4350.0 23 STREET NW","assessed_value":281000},{"address":"nan nan","assessed_value":6500},{"address":"1436.0 HERMITAGE ROAD NW","assessed_value":143000},{"address":"8942.0 156 STREET NW","assessed_value":250000},{"address":"nan nan","assessed_value":8500},{"address":"4312.0 TERWILLEGAR LINK NW","assessed_value":358000},{"address":"2004.0 101 STREET NW","assessed_value":7140500},{"address":"nan nan","assessed_value":5500},{"address":"nan nan","assessed_value":7000},{"address":"245.0 HILLIARD GREEN NW","assessed_value":601500},{"address":"16107.0 95 STREET NW","assessed_value":414000},{"address":"161.0 GALLAND CRESCENT NW","assessed_value":582500},{"address":"237.0 YOUVILLE DRIVE EAST NW","assessed_value":192000},{"address":"5712.0 72 STREET NW","assessed_value":426000},{"address":"nan nan","assessed_value":9000},{"address":"nan nan","assessed_value":6000},{"address":"538.0 HUNTERS GREEN NW","assessed_value":537500},{"address":"16040.0 95 STREET NW","assessed_value":376000},{"address":"nan nan","assessed_value":8000},{"address":"7446.0 162 AVENUE NW","assessed_value":554000},{"address":"13032.0 35 STREET NW","assessed_value":392500},{"address":"218.0 GALLAND CLOSE NW","assessed_value":635500},{"address":"2903.0 RABBIT HILL ROAD NW","assessed_value":213000},{"address":"886.0 MCALLISTER CRESCENT SW","assessed_value":389500},{"address":"10622.0 175A AVENUE NW","assessed_value":464500},{"address":"856.0 GRAHAM WYND NW","assessed_value":470000},{"address":"2426.0 32B STREET NW","assessed_value":454000},{"address":"133.0 CALDWELL WAY NW","assessed_value":603500},{"address":"10906.0 92 STREET NW","assessed_value":309500},{"address":"nan nan","assessed_value":8000},{"address":"3758.0 20 STREET NW","assessed_value":387000},{"address":"6912.0 166 AVENUE NW","assessed_value":431000},{"address":"1717.0 HECTOR PLACE NW","assessed_value":875000},{"address":"2021.0 GRANTHAM COURT NW","assessed_value":308000},{"address":"845.0 MCALLISTER CRESCENT SW","assessed_value":430500},{"address":"315.0 CALDERON CRESCENT NW","assessed_value":444000},{"address":"nan nan","assessed_value":17500},{"address":"16343.0 87 STREET NW","assessed_value":539000},{"address":"345.0 KIRKNESS ROAD NW","assessed_value":247500},{"address":"nan nan","assessed_value":12500},{"address":"7019.0 163 AVENUE NW","assessed_value":508500},{"address":"7316.0 162 AVENUE NW","assessed_value":504000},{"address":"3514.0 20 STREET NW","assessed_value":461500},{"address":"8765.0 5 AVENUE SW","assessed_value":496500},{"address":"11260.0 153 AVENUE NW","assessed_value":204500},{"address":"9815.0 96A STREET NW","assessed_value":300000},{"address":"10848.0 8 AVENUE SW","assessed_value":442000},{"address":"nan nan","assessed_value":9000},{"address":"2212.0 37A AVENUE NW","assessed_value":419500},{"address":"3444.0 LAKEVIEW POINT NW","assessed_value":74500},{"address":"16436.0 87 STREET NW","assessed_value":532000},{"address":"10707.0 102 AVENUE NW","assessed_value":173500},{"address":"10221.0 111 STREET NW","assessed_value":285500},{"address":"169.0 HAYWARD CRESCENT NW","assessed_value":548000},{"address":"10106.0 105 STREET NW","assessed_value":161500},{"address":"3105.0 33 AVENUE NW","assessed_value":394000},{"address":"4350.0 23 STREET NW","assessed_value":287000},{"address":"3509.0 20 STREET NW","assessed_value":460000},{"address":"1432.0 BISHOP POINT SW","assessed_value":793000},{"address":"9927.0 144 AVENUE NW","assessed_value":456500},{"address":"1428.0 BRECKENRIDGE DRIVE NW","assessed_value":455500},{"address":"nan nan","assessed_value":6000},{"address":"1780.0 GLASTONBURY BOULEVARD NW","assessed_value":280500},{"address":"nan nan","assessed_value":4500},{"address":"598.0 SADDLEBACK ROAD NW","assessed_value":230500},{"address":"nan nan","assessed_value":6500},{"address":"16026.0 90 STREET NW","assessed_value":311000},{"address":"9928.0 144 AVENUE NW","assessed_value":474500},{"address":"nan nan","assessed_value":18000},{"address":"420.0 HUDSON COURT NW","assessed_value":327000},{"address":"9708.0 110 STREET NW","assessed_value":418500},{"address":"1609.0 HASWELL COURT NW","assessed_value":923500},{"address":"14012.0 122 STREET NW","assessed_value":288000},{"address":"10909.0 106 STREET NW","assessed_value":299000},{"address":"225.0 BLACKBURN DRIVE EAST SW","assessed_value":284000},{"address":"3456.0 MCKAY LANE SW","assessed_value":343000},{"address":"5079.0 THIBAULT WAY NW","assessed_value":490500},{"address":"3778.0 20 STREET NW","assessed_value":465500},{"address":"500.0 LESSARD DRIVE NW","assessed_value":459000},{"address":"13118.0 50 STREET NW","assessed_value":5362000},{"address":"2004.0 GRANTHAM COURT NW","assessed_value":319000},{"address":"3308.0 MCPHADDEN CLOSE SW","assessed_value":468500},{"address":"9939.0 89 STREET NW","assessed_value":580000},{"address":"14803.0 MILLER BOULEVARD NW","assessed_value":276500},{"address":"nan nan","assessed_value":6000},{"address":"nan nan","assessed_value":18000},{"address":"1527.0 PALMER CLOSE NW","assessed_value":1007000},{"address":"592.0 HOOKE ROAD NW","assessed_value":173500},{"address":"18110.0 108 STREET NW","assessed_value":457500},{"address":"nan nan","assessed_value":21000},{"address":"182.0 HADDOW CLOSE NW","assessed_value":263500},{"address":"2106.0 GARNETT PLACE NW","assessed_value":499000},{"address":"873.0 MCALLISTER CRESCENT SW","assessed_value":446000},{"address":"3312.0 26 AVENUE NW","assessed_value":459000},{"address":"9730.0 174 STREET NW","assessed_value":170000},{"address":"6708.0 164 AVENUE NW","assessed_value":414000},{"address":"nan nan","assessed_value":6000},{"address":"nan nan","assessed_value":16500},{"address":"13836.0 147 AVENUE NW","assessed_value":549000},{"address":"592.0 HOOKE ROAD NW","assessed_value":152500},{"address":"531.0 89 STREET SW","assessed_value":439500},{"address":"13313.0 DELWOOD ROAD NW","assessed_value":7500},{"address":"8303.0 12 AVENUE SW","assessed_value":540000},{"address":"920.0 119 STREET NW","assessed_value":446000},{"address":"10153.0 117 STREET NW","assessed_value":198000},{"address":"1112.0 BARNES WAY SW","assessed_value":334500},{"address":"16024.0 38 STREET NW","assessed_value":364500},{"address":"454.0 HUNTERS GREEN NW","assessed_value":417000},{"address":"12218.0 17 AVENUE SW","assessed_value":390000},{"address":"324.0 HUDSON BEND NW","assessed_value":784500},{"address":"9924.0 145 AVENUE NW","assessed_value":601500},{"address":"1256.0 SUMMERSIDE DRIVE SW","assessed_value":614000},{"address":"66.0 WINDERMERE DRIVE SW","assessed_value":4074000},{"address":"1603.0 BLACKMORE COURT SW","assessed_value":874500},{"address":"903.0 HOLLINGSWORTH BEND NW","assessed_value":500},{"address":"249.0 EDWARDS DRIVE SW","assessed_value":252500},{"address":"422.0 TORY POINT NW","assessed_value":674000},{"address":"3223.0 28 AVENUE NW","assessed_value":485500},{"address":"9316.0 157 AVENUE NW","assessed_value":498500},{"address":"8610.0 6 AVENUE SW","assessed_value":609000},{"address":"3572.0 MCLEAN CRESCENT SW","assessed_value":457500},{"address":"16303.0 95 STREET NW","assessed_value":137500},{"address":"8034.0 166A AVENUE NW","assessed_value":390500},{"address":"9139.0 161 AVENUE NW","assessed_value":419000},{"address":"10141.0 95 STREET NW","assessed_value":273000},{"address":"13027.0 141C AVENUE NW","assessed_value":466500},{"address":"11025.0 JASPER AVENUE NW","assessed_value":79500},{"address":"3307.0 25 AVENUE NW","assessed_value":526000},{"address":"2307.0 BAILEY COURT SW","assessed_value":627500},{"address":"739.0 LAUBER CRESCENT NW","assessed_value":546500},{"address":"3218.0 MCPHADDEN PLACE SW","assessed_value":437500},{"address":"8942.0 156 STREET NW","assessed_value":273500},{"address":"2420.0 108 STREET NW","assessed_value":198500},{"address":"16245.0 70 STREET NW","assessed_value":507000},{"address":"1108.0 RUTHERFORD CLOSE SW","assessed_value":554000},{"address":"409.0 86 STREET SW","assessed_value":487500},{"address":"1063.0 TORY ROAD NW","assessed_value":1280500},{"address":"nan nan","assessed_value":17000},{"address":"9708.0 110 STREET NW","assessed_value":475000},{"address":"13813.0 158 AVENUE NW","assessed_value":486500},{"address":"nan nan","assessed_value":6000},{"address":"10403.0 98 AVENUE NW","assessed_value":179500},{"address":"429.0 86 STREET SW","assessed_value":553000},{"address":"667.0 DARTMOUTH POINT NW","assessed_value":1226500},{"address":"nan nan","assessed_value":17000},{"address":"11920.0 ANTHONY HENDAY DRIVE NW","assessed_value":105000},{"address":"3323.0 26 AVENUE NW","assessed_value":460000},{"address":"765.0 HALIBURTON CRESCENT NW","assessed_value":749500},{"address":"nan nan","assessed_value":6500},{"address":"10108.0 105 STREET NW","assessed_value":199000},{"address":"15414.0 138 STREET NW","assessed_value":387500},{"address":"3716.0 162 AVENUE NW","assessed_value":452500},{"address":"1325.0 GEORGE CLOSE NW","assessed_value":431500},{"address":"3445.0 32A STREET NW","assessed_value":665500},{"address":"11408.0 108 AVENUE NW","assessed_value":180500},{"address":"10169.0 104 STREET NW","assessed_value":483500},{"address":"3503.0 18 STREET NW","assessed_value":503000},{"address":"11010.0 124 STREET NW","assessed_value":100500},{"address":"811.0 HALIBURTON COURT NW","assessed_value":611000},{"address":"10011.0 110 STREET NW","assessed_value":228500},{"address":"1319.0 THOMPSON COURT NW","assessed_value":666500},{"address":"10106.0 105 STREET NW","assessed_value":122500},{"address":"739.0 GREEN WYND NW","assessed_value":499500},{"address":"10909.0 106 STREET NW","assessed_value":288000},{"address":"3024.0 32 AVENUE NW","assessed_value":372000},{"address":"13809.0 149 AVENUE NW","assessed_value":552500},{"address":"8922.0 156 STREET NW","assessed_value":264000},{"address":"13812.0 149 AVENUE NW","assessed_value":491000},{"address":"309.0 TORY VIEW NW","assessed_value":637500},{"address":"14931.0 138 STREET NW","assessed_value":444000},{"address":"16823.0 84 STREET NW","assessed_value":232500},{"address":"484.0 OZERNA ROAD NW","assessed_value":509500},{"address":"5423.0 202 STREET NW","assessed_value":425000},{"address":"12307.0 17 AVENUE SW","assessed_value":445000},{"address":"8488.0 111 STREET NW","assessed_value":376000},{"address":"524.0 BYRNE CRESCENT SW","assessed_value":575500},{"address":"592.0 HOOKE ROAD NW","assessed_value":175500},{"address":"9730.0 174 STREET NW","assessed_value":169000},{"address":"8619.0 111 STREET NW","assessed_value":356500},{"address":"2176.0 BRENNAN CRESCENT NW","assessed_value":554000},{"address":"5332.0 201 STREET NW","assessed_value":376000},{"address":"220.0 DARLINGTON CRESCENT NW","assessed_value":1023000},{"address":"10309.0 107 STREET NW","assessed_value":496000},{"address":"11111.0 82 AVENUE NW","assessed_value":302000},{"address":"1616.0 HECTOR ROAD NW","assessed_value":873000},{"address":"16120.0 74 STREET NW","assessed_value":525000},{"address":"7220.0 144 AVENUE NW","assessed_value":82000},{"address":"3616.0 130 AVENUE NW","assessed_value":491000},{"address":"nan nan","assessed_value":7000},{"address":"nan nan","assessed_value":3000},{"address":"16124.0 38 STREET NW","assessed_value":343500},{"address":"3835.0 107 STREET NW","assessed_value":93500},{"address":"nan nan","assessed_value":7000},{"address":"12220.0 16 AVENUE SW","assessed_value":353000},{"address":"10309.0 107 STREET NW","assessed_value":332000},{"address":"nan nan","assessed_value":500},{"address":"3711.0 161 AVENUE NW","assessed_value":447500},{"address":"nan nan","assessed_value":7500},{"address":"2917.0 31 STREET NW","assessed_value":402500},{"address":"nan nan","assessed_value":6000},{"address":"11010.0 124 STREET NW","assessed_value":76500},{"address":"9828.0 112 STREET NW","assessed_value":272500},{"address":"10116.0 80 AVENUE NW","assessed_value":268500},{"address":"2466.0 TEGLER GREEN NW","assessed_value":820500},{"address":"4709.0 151A AVENUE NW","assessed_value":460000},{"address":"2741.0 55 STREET NW","assessed_value":160500},{"address":"991.0 HOLLINGSWORTH BEND NW","assessed_value":706000},{"address":"13711.0 149 AVENUE NW","assessed_value":529000},{"address":"609.0 SILVER BERRY ROAD NW","assessed_value":512500},{"address":"9741.0 110 STREET NW","assessed_value":312000},{"address":"113.0 CASTLE DRIVE NW","assessed_value":472500},{"address":"nan nan","assessed_value":12500},{"address":"9741.0 110 STREET NW","assessed_value":322500},{"address":"1709.0 RUTHERFORD POINT SW","assessed_value":906000},{"address":"17240.0 88 STREET NW","assessed_value":427500},{"address":"1531.0 HASWELL CLOSE NW","assessed_value":616500},{"address":"nan nan","assessed_value":13000},{"address":"1511.0 BRECKENRIDGE CLOSE NW","assessed_value":505000},{"address":"432.0 HODGSON BOULEVARD NW","assessed_value":651000},{"address":"nan nan","assessed_value":12500},{"address":"15630.0 141 STREET NW","assessed_value":301500},{"address":"16211.0 83A STREET NW","assessed_value":466000},{"address":"10134.0 100 STREET NW","assessed_value":147500},{"address":"15216.0 47 STREET NW","assessed_value":490000},{"address":"197.0 CALDWELL WAY NW","assessed_value":570500},{"address":"109.0 CASTLE DRIVE NW","assessed_value":462000},{"address":"14428.0 MILLER BOULEVARD NW","assessed_value":306000},{"address":"nan nan","assessed_value":12500},{"address":"16359.0 87 STREET NW","assessed_value":447500},{"address":"3517.0 MCLEAN CRESCENT SW","assessed_value":449000},{"address":"9928.0 89 STREET NW","assessed_value":629500},{"address":"nan nan","assessed_value":13000},{"address":"711.0 108 STREET SW","assessed_value":515500},{"address":"592.0 HOOKE ROAD NW","assessed_value":227000},{"address":"6804.0 106 STREET NW","assessed_value":520000},{"address":"3240.0 28 AVENUE NW","assessed_value":457500},{"address":"15940.0 109 AVENUE NW","assessed_value":82000},{"address":"1017.0 80 STREET SW","assessed_value":436000},{"address":"nan nan","assessed_value":6500},{"address":"143.0 HAYWARD CRESCENT NW","assessed_value":637000},{"address":"11104.0 109 AVENUE NW","assessed_value":180500},{"address":"2181.0 HADDOW DRIVE NW","assessed_value":502500},{"address":"11547.0 167A AVENUE NW","assessed_value":384500},{"address":"17515.0 STONY PLAIN ROAD NW","assessed_value":38351500},{"address":"9741.0 110 STREET NW","assessed_value":293500},{"address":"857.0 GRAHAM WYND NW","assessed_value":463500},{"address":"188.0 SASKATCHEWAN DRIVE SOUTH NW","assessed_value":1553500},{"address":"4020.0 21 STREET NW","assessed_value":353500},{"address":"146.0 EVERGREEN PARK NW","assessed_value":72500},{"address":"14035.0 151 AVENUE NW","assessed_value":417000},{"address":"4720.0 TERWILLEGAR COMMON NW","assessed_value":361000},{"address":"605.0 BECK CLOSE SW","assessed_value":548000},{"address":"6831.0 6 AVENUE SW","assessed_value":853500},{"address":"10108.0 125 STREET NW","assessed_value":1086000},{"address":"2903.0 RABBIT HILL ROAD NW","assessed_value":177000},{"address":"4920.0 191 STREET NW","assessed_value":516000},{"address":"727.0 107A STREET SW","assessed_value":684500},{"address":"nan nan","assessed_value":13000},{"address":"16010.0 90 STREET NW","assessed_value":322000},{"address":"3767.0 21 STREET NW","assessed_value":341000},{"address":"16007.0 91 STREET NW","assessed_value":438500},{"address":"1429.0 THOROGOOD LANE NW","assessed_value":852000},{"address":"14976.0 138 STREET NW","assessed_value":456500},{"address":"4107.0 125 STREET NW","assessed_value":8000},{"address":"8956.0 156 STREET NW","assessed_value":273000},{"address":"15205.0 131 AVENUE NW","assessed_value":2587500},{"address":"1916.0 HOLMAN PLACE NW","assessed_value":523000},{"address":"nan nan","assessed_value":17500},{"address":"nan nan","assessed_value":16500},{"address":"2114.0 37B AVENUE NW","assessed_value":433500},{"address":"nan nan","assessed_value":7000},{"address":"14803.0 MILLER BOULEVARD NW","assessed_value":276000},{"address":"4406.0 151A AVENUE NW","assessed_value":444500},{"address":"700.0 EAST PARKVIEW ESTATES NW","assessed_value":15563000},{"address":"4719.0 152 AVENUE NW","assessed_value":453500},{"address":"8119.0 112 AVENUE NW","assessed_value":127500},{"address":"8619.0 111 STREET NW","assessed_value":330500},{"address":"9008.0 99 AVENUE NW","assessed_value":297500},{"address":"11211.0 85 STREET NW","assessed_value":127500},{"address":"nan nan","assessed_value":12500},{"address":"4792.0 TERWILLEGAR COMMON NW","assessed_value":344000},{"address":"6703.0 172 STREET NW","assessed_value":207000},{"address":"4070.0 33A STREET NW","assessed_value":635000},{"address":"704.0 TODD LANDING NW","assessed_value":870500},{"address":"72.0 WINDERMERE DRIVE SW","assessed_value":3223000},{"address":"nan nan","assessed_value":12500},{"address":"10225.0 114 STREET NW","assessed_value":147500},{"address":"930.0 HALIBURTON ROAD NW","assessed_value":788500},{"address":"16621.0 75A STREET NW","assessed_value":520000},{"address":"14920.0 139 STREET NW","assessed_value":387500},{"address":"445.0 HUNTERS GREEN NW","assessed_value":457000},{"address":"16515.0 75 STREET NW","assessed_value":476000},{"address":"165.0 EASTON ROAD SW","assessed_value":454500},{"address":"8010.0 145 STREET NW","assessed_value":4000},{"address":"11039.0 83 AVENUE NW","assessed_value":285000},{"address":"nan nan","assessed_value":7000},{"address":"181.0 MACEWAN ROAD SW","assessed_value":445500},{"address":"1814.0 37 AVENUE NW","assessed_value":441500},{"address":"10848.0 8 AVENUE SW","assessed_value":540000},{"address":"9704.0 174 STREET NW","assessed_value":179000},{"address":"16107.0 72 STREET NW","assessed_value":739000},{"address":"11260.0 153 AVENUE NW","assessed_value":242000},{"address":"nan nan","assessed_value":7000},{"address":"9741.0 110 STREET NW","assessed_value":375000},{"address":"9811.0 96A STREET NW","assessed_value":412500},{"address":"3251.0 24 AVENUE NW","assessed_value":431000},{"address":"nan nan","assessed_value":6000},{"address":"1671.0 TOMLINSON COMMON NW","assessed_value":648000},{"address":"13403.0 CUMBERLAND ROAD NW","assessed_value":333000},{"address":"16203.0 83 STREET NW","assessed_value":428500},{"address":"4309.0 TERWILLEGAR LINK NW","assessed_value":409000},{"address":"2322.0 35A AVENUE NW","assessed_value":517500},{"address":"8912.0 7 AVENUE SW","assessed_value":448500},{"address":"8619.0 111 STREET NW","assessed_value":345000},{"address":"17520.0 107 STREET NW","assessed_value":589000},{"address":"16223.0 64 STREET NW","assessed_value":512500},{"address":"15811.0 92 STREET NW","assessed_value":598500},{"address":"nan nan","assessed_value":8500},{"address":"9828.0 112 STREET NW","assessed_value":237500},{"address":"2021.0 GRANTHAM COURT NW","assessed_value":312000},{"address":"234.0 HYNDMAN CRESCENT NW","assessed_value":381500},{"address":"1868.0 ROBERTSON CRESCENT SW","assessed_value":639000},{"address":"1435.0 HASWELL PLACE NW","assessed_value":661500},{"address":"1148.0 RUTHERFORD CLOSE SW","assessed_value":539000},{"address":"1820.0 ROBERTSON CRESCENT SW","assessed_value":540000},{"address":"8956.0 156 STREET NW","assessed_value":269500},{"address":"nan nan","assessed_value":8500},{"address":"3835.0 107 STREET NW","assessed_value":77000},{"address":"12775.0 136 STREET NW","assessed_value":461000},{"address":"4215.0 TERWILLEGAR VISTA NW","assessed_value":351000},{"address":"3327.0 LAKEVIEW ROAD NW","assessed_value":110000},{"address":"nan nan","assessed_value":3000},{"address":"1855.0 GARNETT WAY NW","assessed_value":429500},{"address":"16209.0 129A STREET NW","assessed_value":551500},{"address":"4762.0 TERWILLEGAR COMMON NW","assessed_value":329000},{"address":"3044.0 LAKEVIEW DRIVE NW","assessed_value":85500},{"address":"3368.0 25 AVENUE NW","assessed_value":601000},{"address":"1527.0 BLACKMORE WAY SW","assessed_value":707000},{"address":"10178.0 117 STREET NW","assessed_value":364000},{"address":"13304.0 113A STREET NW","assessed_value":148000},{"address":"850.0 119 STREET SW","assessed_value":4804000},{"address":"1586.0 HECTOR ROAD NW","assessed_value":958000},{"address":"1407.0 RUTHERFORD COURT SW","assessed_value":618000},{"address":"10432.0 76 AVENUE NW","assessed_value":121500},{"address":"729.0 LAUBER CRESCENT NW","assessed_value":490000},{"address":"269.0 DUNVEGAN ROAD NW","assessed_value":392000},{"address":"6703.0 172 STREET NW","assessed_value":183500},{"address":"10848.0 8 AVENUE SW","assessed_value":459500},{"address":"nan nan","assessed_value":4500},{"address":"311.0 CUTTS COURT NW","assessed_value":539500},{"address":"16515.0 89 STREET NW","assessed_value":478000},{"address":"11260.0 153 AVENUE NW","assessed_value":288000},{"address":"345.0 SUMMERSIDE COVE SW","assessed_value":1209000},{"address":"9008.0 99 AVENUE NW","assessed_value":412500},{"address":"1322.0 GEORGE CLOSE NW","assessed_value":394000},{"address":"526.0 90 STREET SW","assessed_value":450500},{"address":"11303.0 167B AVENUE NW","assessed_value":426500},{"address":"7556.0 162 AVENUE NW","assessed_value":517500},{"address":"1622.0 123 STREET SW","assessed_value":422000},{"address":"9507.0 101 AVENUE NW","assessed_value":230500},{"address":"nan nan","assessed_value":6000},{"address":"nan nan","assessed_value":18000},{"address":"18039.0 66 STREET NW","assessed_value":4000},{"address":"731.0 108 STREET SW","assessed_value":577500},{"address":"8604.0 8 AVENUE SW","assessed_value":475000},{"address":"nan nan","assessed_value":6000},{"address":"8766.0 5 AVENUE SW","assessed_value":561500},{"address":"6442.0 163 AVENUE NW","assessed_value":434000},{"address":"606.0 TODD LINK NW","assessed_value":664500},{"address":"1931.0 GARNETT WAY NW","assessed_value":514000},{"address":"nan nan","assessed_value":3000},{"address":"nan nan","assessed_value":7000},{"address":"14603.0 MILLER BOULEVARD NW","assessed_value":266500},{"address":"9704.0 174 STREET NW","assessed_value":192500},{"address":"10848.0 8 AVENUE SW","assessed_value":433000},{"address":"10760.0 180 STREET NW","assessed_value":301000},{"address":"709.0 LAUBER CRESCENT NW","assessed_value":542000},{"address":"4921.0 DONSDALE DRIVE NW","assessed_value":15500},{"address":"56.0 WINDERMERE DRIVE SW","assessed_value":3231500},{"address":"nan nan","assessed_value":9000},{"address":"17603.0 99 STREET NW","assessed_value":338000},{"address":"11008.0 124 STREET NW","assessed_value":99500},{"address":"nan nan","assessed_value":8500},{"address":"373.0 CALDERON CRESCENT NW","assessed_value":485000},{"address":"3527.0 20 STREET NW","assessed_value":443500},{"address":"7220.0 144 AVENUE NW","assessed_value":81500},{"address":"1572.0 HECTOR ROAD NW","assessed_value":31500},{"address":"17344.0 115 STREET NW","assessed_value":456000},{"address":"430.0 HODGSON BOULEVARD NW","assessed_value":607500},{"address":"9008.0 99 AVENUE NW","assessed_value":291000},{"address":"12325.0 82 STREET NW","assessed_value":76500},{"address":"nan nan","assessed_value":12000},{"address":"10712.0 177 AVENUE NW","assessed_value":558500},{"address":"3517.0 21 STREET NW","assessed_value":468500},{"address":"12211.0 16 AVENUE SW","assessed_value":406500},{"address":"nan nan","assessed_value":6000},{"address":"3318.0 35A AVENUE NW","assessed_value":591000},{"address":"8812.0 166 AVENUE NW","assessed_value":430500},{"address":"16209.0 70 STREET NW","assessed_value":491000},{"address":"2629.0 LAKEVIEW DRIVE NW","assessed_value":114000},{"address":"1725.0 HASWELL COVE NW","assessed_value":532500},{"address":"4550.0 TURNER SQUARE NW","assessed_value":406500},{"address":"nan nan","assessed_value":8500},{"address":"17330.0 89 STREET NW","assessed_value":401500},{"address":"21355.0 89 AVENUE NW","assessed_value":411000},{"address":"nan nan","assessed_value":8500},{"address":"1420.0 HASWELL PLACE NW","assessed_value":655000},{"address":"10108.0 125 STREET NW","assessed_value":372500},{"address":"12986.0 160A AVENUE NW","assessed_value":625500},{"address":"1026.0 RUTHERFORD PLACE SW","assessed_value":562500},{"address":"9503.0 101 AVENUE NW","assessed_value":174000},{"address":"2812.0 30 STREET NW","assessed_value":327000},{"address":"nan nan","assessed_value":4000},{"address":"17613.0 109 STREET NW","assessed_value":747500},{"address":"3440.0 31 STREET NW","assessed_value":519500},{"address":"16640.0 75 STREET NW","assessed_value":531500},{"address":"3330.0 MCPHADDEN CLOSE SW","assessed_value":461000},{"address":"16303.0 95 STREET NW","assessed_value":184500},{"address":"10235.0 111 STREET NW","assessed_value":397500},{"address":"10153.0 117 STREET NW","assessed_value":221000},{"address":"11813.0 71A AVENUE NW","assessed_value":1008000},{"address":"458.0 HUNTERS GREEN NW","assessed_value":411000},{"address":"4325.0 MCMULLEN WAY SW","assessed_value":430000},{"address":"720.0 PORTER COURT NW","assessed_value":669000},{"address":"2004.0 GRANTHAM COURT NW","assessed_value":287000},{"address":"9329.0 104 AVENUE NW","assessed_value":102500},{"address":"15734.0 141 STREET NW","assessed_value":339500},{"address":"nan nan","assessed_value":8500},{"address":"6555.0 GATEWAY BOULEVARD NW","assessed_value":382000},{"address":"1780.0 GLASTONBURY BOULEVARD NW","assessed_value":303500},{"address":"1707.0 ROBERTSON PLACE SW","assessed_value":523500},{"address":"10330.0 113 STREET NW","assessed_value":92000},{"address":"592.0 HOOKE ROAD NW","assessed_value":195500},{"address":"6438.0 163 AVENUE NW","assessed_value":470500},{"address":"nan nan","assessed_value":7000},{"address":"16823.0 84 STREET NW","assessed_value":228000},{"address":"10033.0 116 STREET NW","assessed_value":186500},{"address":"2221.0 BAKER CLOSE SW","assessed_value":587500},{"address":"7315.0 162 AVENUE NW","assessed_value":1121000},{"address":"2826.0 LAKESIDE CRESCENT NW","assessed_value":119500},{"address":"10951.0 124 STREET NW","assessed_value":211000},{"address":"8010.0 138 STREET NW","assessed_value":6500},{"address":"11025.0 JASPER AVENUE NW","assessed_value":112000},{"address":"18230.0 107A STREET NW","assessed_value":428500},{"address":"7220.0 144 AVENUE NW","assessed_value":110500},{"address":"2174.0 37B AVENUE NW","assessed_value":477000},{"address":"8805.0 164 AVENUE NW","assessed_value":555500},{"address":"nan nan","assessed_value":7000},{"address":"21379.0 89 AVENUE NW","assessed_value":389000},{"address":"3054.0 LAKEVIEW DRIVE NW","assessed_value":119000},{"address":"10403.0 98 AVENUE NW","assessed_value":217000},{"address":"351.0 WILD ROSE WAY NW","assessed_value":442500},{"address":"119.0 CALDWELL WAY NW","assessed_value":595500},{"address":"11440.0 169 AVENUE NW","assessed_value":333000},{"address":"352.0 HUDSON BEND NW","assessed_value":1110000},{"address":"nan nan","assessed_value":6500},{"address":"3613.0 22 STREET NW","assessed_value":419000},{"address":"15025.0 135A STREET NW","assessed_value":362500},{"address":"1317.0 THOMPSON COURT NW","assessed_value":643500},{"address":"4132.0 TOMPKINS WAY NW","assessed_value":452500},{"address":"17456.0 89 STREET NW","assessed_value":409500},{"address":"13815.0 148 AVENUE NW","assessed_value":474000},{"address":"5416.0 201 STREET NW","assessed_value":347500},{"address":"nan nan","assessed_value":7500},{"address":"11407.0 169 AVENUE NW","assessed_value":346000},{"address":"284.0 OZERNA ROAD NW","assessed_value":613000},{"address":"nan nan","assessed_value":7000},{"address":"1808.0 36 AVENUE NW","assessed_value":449500},{"address":"16303.0 95 STREET NW","assessed_value":201000},{"address":"16303.0 95 STREET NW","assessed_value":193000},{"address":"nan nan","assessed_value":8000},{"address":"2830.0 121 AVENUE NE","assessed_value":2166500},{"address":"804.0 TODD COURT NW","assessed_value":801000},{"address":"nan nan","assessed_value":5000},{"address":"4350.0 23 STREET NW","assessed_value":282500},{"address":"15306.0 138B STREET NW","assessed_value":428500},{"address":"10011.0 110 STREET NW","assessed_value":228500},{"address":"5070.0 THIBAULT WAY NW","assessed_value":585500},{"address":"nan nan","assessed_value":17500},{"address":"nan nan","assessed_value":13000},{"address":"6944.0 ROPER ROAD NW","assessed_value":786500},{"address":"2334.0 TAYLOR CLOSE NW","assessed_value":550000},{"address":"nan nan","assessed_value":16500},{"address":"3811.0 85 STREET NW","assessed_value":202500},{"address":"2420.0 108 STREET NW","assessed_value":196500},{"address":"512.0 HUNTERS GREEN NW","assessed_value":526500},{"address":"10080.0 164 STREET NW","assessed_value":289000},{"address":"364.0 HUDSON BEND NW","assessed_value":483000},{"address":"3518.0 21 STREET NW","assessed_value":461000},{"address":"535.0 SILVER BERRY ROAD NW","assessed_value":396500},{"address":"nan nan","assessed_value":4500},{"address":"nan nan","assessed_value":7500},{"address":"11260.0 153 AVENUE NW","assessed_value":220500},{"address":"8942.0 156 STREET NW","assessed_value":6500},{"address":"12940.0 162 AVENUE NW","assessed_value":413000},{"address":"nan nan","assessed_value":13000},{"address":"139.0 GALLAND CRESCENT NW","assessed_value":590000},{"address":"5014.0 DONSDALE DRIVE NW","assessed_value":1056500},{"address":"10042.0 91 AVENUE NW","assessed_value":1426500},{"address":"nan nan","assessed_value":13000},{"address":"16103.0 76 STREET NW","assessed_value":796000},{"address":"1888.0 ROBERTSON CRESCENT SW","assessed_value":573000},{"address":"17303.0 89 STREET NW","assessed_value":459500},{"address":"nan nan","assessed_value":8500},{"address":"nan nan","assessed_value":8500},{"address":"9227.0 157 AVENUE NW","assessed_value":562500},{"address":"nan nan","assessed_value":9000},{"address":"1915.0 HOLMAN PLACE NW","assessed_value":543000},{"address":"20122.0 53 AVENUE NW","assessed_value":370500},{"address":"1514.0 BRECKENRIDGE CLOSE NW","assessed_value":454000},{"address":"14603.0 MILLER BOULEVARD NW","assessed_value":266500},{"address":"11607.0 125 STREET NW","assessed_value":386000},{"address":"nan nan","assessed_value":8500},{"address":"10134.0 100 STREET NW","assessed_value":155500},{"address":"nan nan","assessed_value":18000},{"address":"5060.0 THIBAULT WAY NW","assessed_value":478500},{"address":"nan nan","assessed_value":9500},{"address":"2309.0 BAILEY COURT SW","assessed_value":533000},{"address":"2107.0 BRENNAN CRESCENT NW","assessed_value":562000},{"address":"6718.0 106 AVENUE NW","assessed_value":10000},{"address":"627.0 WINDROSS CRESCENT NW","assessed_value":404500},{"address":"926.0 THOMPSON PLACE NW","assessed_value":757500},{"address":"21366.0 87A AVENUE NW","assessed_value":395000},{"address":"16236.0 90 STREET NW","assessed_value":519000},{"address":"9410.0 51 AVENUE NW","assessed_value":3630500},{"address":"6703.0 172 STREET NW","assessed_value":174000},{"address":"10414.0 132 AVENUE NW","assessed_value":9000},{"address":"nan nan","assessed_value":4000},{"address":"nan nan","assessed_value":4500},{"address":"5215.0 201 STREET NW","assessed_value":431000},{"address":"4350.0 23 STREET NW","assessed_value":288000},{"address":"16129.0 128A STREET NW","assessed_value":423000},{"address":"16823.0 84 STREET NW","assessed_value":232500},{"address":"9708.0 110 STREET NW","assessed_value":370500},{"address":"420.0 HUNTERS GREEN NW","assessed_value":347000},{"address":"nan nan","assessed_value":3000},{"address":"1611.0 ROBERTSON CLOSE SW","assessed_value":465500},{"address":"11025.0 176A AVENUE NW","assessed_value":491000},{"address":"nan nan","assessed_value":19500},{"address":"11033.0 127 STREET NW","assessed_value":255500},{"address":"9325.0 104 AVENUE NW","assessed_value":61500},{"address":"10815.0 5 AVENUE SW","assessed_value":500},{"address":"1752.0 HASWELL COVE NW","assessed_value":760000},{"address":"7707.0 166 AVENUE NW","assessed_value":568500},{"address":"13829.0 149 AVENUE NW","assessed_value":525000},{"address":"4413.0 151A AVENUE NW","assessed_value":445500},{"address":"1266.0 RUTHERFORD ROAD SW","assessed_value":706500},{"address":"404.0 GIBB WYND NW","assessed_value":424000},{"address":"16823.0 84 STREET NW","assessed_value":221000},{"address":"724.0 GREEN WYND NW","assessed_value":508000},{"address":"10134.0 100 STREET NW","assessed_value":131500},{"address":"314.0 TORY VIEW NW","assessed_value":569000},{"address":"10116.0 80 AVENUE NW","assessed_value":9500},{"address":"241.0 GALLAND CLOSE NW","assessed_value":915000},{"address":"16212.0 53 STREET NW","assessed_value":466000},{"address":"7524.0 161A AVENUE NW","assessed_value":712500},{"address":"2178.0 HADDOW DRIVE NW","assessed_value":503500},{"address":"7229.0 161B AVENUE NW","assessed_value":560500},{"address":"720.0 GREEN WYND NW","assessed_value":544500},{"address":"2306.0 RUTHERFORD WAY SW","assessed_value":607000},{"address":"822.0 HALIBURTON COURT NW","assessed_value":712500},{"address":"nan nan","assessed_value":6000},{"address":"15014.0 135A STREET NW","assessed_value":403500},{"address":"nan nan","assessed_value":4500},{"address":"4956.0 191 STREET NW","assessed_value":515500},{"address":"11211.0 85 STREET NW","assessed_value":117500},{"address":"1260.0 RUTHERFORD ROAD SW","assessed_value":717500},{"address":"nan nan","assessed_value":8500},{"address":"2064.0 BRENNAN CRESCENT NW","assessed_value":505000},{"address":"10403.0 98 AVENUE NW","assessed_value":199500},{"address":"13819.0 37 STREET NW","assessed_value":500000},{"address":"16118.0 129A STREET NW","assessed_value":450500},{"address":"16721.0 116 STREET NW","assessed_value":436000},{"address":"2606.0 LAKEVIEW CLOSE NW","assessed_value":142000},{"address":"13807.0 150 AVENUE NW","assessed_value":453000},{"address":"22.0 WINDERMERE DRIVE SW","assessed_value":5856000},{"address":"14603.0 MILLER BOULEVARD NW","assessed_value":258500},{"address":"nan nan","assessed_value":3000},{"address":"2505.0 42 STREET NW","assessed_value":230000},{"address":"2106.0 37 AVENUE NW","assessed_value":398500},{"address":"322.0 84 STREET SW","assessed_value":426500},{"address":"2004.0 GRANTHAM COURT NW","assessed_value":284500},{"address":"2722.0 LAKESIDE DRIVE NW","assessed_value":85500},{"address":"15217.0 49A STREET NW","assessed_value":502000},{"address":"8828.0 100 AVENUE NW","assessed_value":587500},{"address":"3582.0 MCLEAN CRESCENT SW","assessed_value":438000},{"address":"902.0 SUMMERSIDE LINK SW","assessed_value":14000},{"address":"10403.0 98 AVENUE NW","assessed_value":240000},{"address":"10723.0 181 STREET NW","assessed_value":356000},{"address":"10134.0 100 STREET NW","assessed_value":148500},{"address":"4403.0 94 STREET NW","assessed_value":549000},{"address":"10842.0 107 STREET NW","assessed_value":64500},{"address":"1821.0 37 AVENUE NW","assessed_value":460000},{"address":"4350.0 23 STREET NW","assessed_value":297500},{"address":"nan nan","assessed_value":13000},{"address":"14008.0 156 AVENUE NW","assessed_value":410000},{"address":"148.0 EVERGREEN PARK NW","assessed_value":65500},{"address":"nan nan","assessed_value":14500},{"address":"nan nan","assessed_value":6000},{"address":"nan nan","assessed_value":7000},{"address":"3359.0 26 AVENUE NW","assessed_value":464500},{"address":"15904.0 38 STREET NW","assessed_value":418000},{"address":"nan nan","assessed_value":7000},{"address":"nan nan","assessed_value":8500},{"address":"3112.0 PARSONS ROAD NW","assessed_value":1438000},{"address":"nan nan","assessed_value":6000},{"address":"4528.0 150 AVENUE NW","assessed_value":365000},{"address":"217.0 GALLAND CLOSE NW","assessed_value":728500},{"address":"11416.0 169 AVENUE NW","assessed_value":334500},{"address":"235.0 HILLIARD GREEN NW","assessed_value":483500},{"address":"8831.0 8 AVENUE SW","assessed_value":500000},{"address":"17412.0 89 STREET NW","assessed_value":403000},{"address":"311.0 GRIESBACH SCHOOL ROAD NW","assessed_value":547500},{"address":"nan nan","assessed_value":500},{"address":"2930.0 32A STREET NW","assessed_value":555500},{"address":"12144.0 16 AVENUE SW","assessed_value":338500},{"address":"10403.0 98 AVENUE NW","assessed_value":255000},{"address":"10949.0 72 AVENUE NW","assessed_value":500},{"address":"956.0 HOLLINGSWORTH BEND NW","assessed_value":863500},{"address":"13821.0 158 AVENUE NW","assessed_value":453500},{"address":"9131.0 100B AVENUE NW","assessed_value":537000},{"address":"14603.0 MILLER BOULEVARD NW","assessed_value":258500},{"address":"nan nan","assessed_value":8000},{"address":"278.0 DUNVEGAN ROAD NW","assessed_value":417500},{"address":"16511.0 68 STREET NW","assessed_value":534000},{"address":"nan nan","assessed_value":6000},{"address":"9008.0 99 AVENUE NW","assessed_value":340000},{"address":"nan nan","assessed_value":7000},{"address":"14428.0 MILLER BOULEVARD NW","assessed_value":297500},{"address":"8956.0 156 STREET NW","assessed_value":251500},{"address":"237.0 YOUVILLE DRIVE EAST NW","assessed_value":205000},{"address":"11004.0 177 AVENUE NW","assessed_value":563500},{"address":"10323.0 132 AVENUE NW","assessed_value":2500},{"address":"326.0 CUTTS COURT NW","assessed_value":550500},{"address":"10011.0 110 STREET NW","assessed_value":200500},{"address":"nan nan","assessed_value":17000},{"address":"14017.0 156 AVENUE NW","assessed_value":326500},{"address":"2021.0 GRANTHAM COURT NW","assessed_value":295500},{"address":"4350.0 23 STREET NW","assessed_value":290000},{"address":"3789.0 18 STREET NW","assessed_value":466000},{"address":"9741.0 110 STREET NW","assessed_value":304500},{"address":"9938.0 104 STREET NW","assessed_value":226500},{"address":"13704.0 149A AVENUE NW","assessed_value":455000},{"address":"464.0 OZERNA ROAD NW","assessed_value":488500},{"address":"15732.0 141 STREET NW","assessed_value":333500},{"address":"894.0 GRAHAM WYND NW","assessed_value":471000},{"address":"10330.0 113 STREET NW","assessed_value":87500},{"address":"10434.0 127 STREET NW","assessed_value":677000},{"address":"495.0 EVERGREEN PARK NW","assessed_value":82000},{"address":"nan nan","assessed_value":4500},{"address":"12807.0 161 AVENUE NW","assessed_value":453500},{"address":"1816.0 37C AVENUE NW","assessed_value":499500},{"address":"2505.0 42 STREET NW","assessed_value":223000},{"address":"3208.0 33 STREET NW","assessed_value":465000},{"address":"15406.0 137A STREET NW","assessed_value":389500},{"address":"13335.0 107A AVENUE NW","assessed_value":8000},{"address":"1605.0 BLACKMORE COURT SW","assessed_value":647000},{"address":"18103.0 66 STREET NW","assessed_value":4500},{"address":"1538.0 PALMER CLOSE NW","assessed_value":548500},{"address":"13858.0 37 STREET NW","assessed_value":314000},{"address":"11820.0 173 AVENUE NW","assessed_value":503000},{"address":"nan nan","assessed_value":4000},{"address":"8922.0 156 STREET NW","assessed_value":255000},{"address":"3126.0 32 AVENUE NW","assessed_value":383500},{"address":"13820.0 158 AVENUE NW","assessed_value":462500},{"address":"3779.0 18 STREET NW","assessed_value":407500},{"address":"nan nan","assessed_value":6000},{"address":"nan nan","assessed_value":6000},{"address":"nan nan","assessed_value":500},{"address":"3622.0 22 STREET NW","assessed_value":385500},{"address":"3103.0 PARSONS ROAD NW","assessed_value":11187000},{"address":"3523.0 31 STREET NW","assessed_value":643000},{"address":"nan nan","assessed_value":8500},{"address":"9815.0 96A STREET NW","assessed_value":386500},{"address":"2505.0 42 STREET NW","assessed_value":188000},{"address":"nan nan","assessed_value":500},{"address":"nan nan","assessed_value":4500},{"address":"9507.0 101 AVENUE NW","assessed_value":227500},{"address":"6935.0 166 AVENUE NW","assessed_value":506000},{"address":"15107.0 140 STREET NW","assessed_value":419000},{"address":"3725.0 138A AVENUE NW","assessed_value":401500},{"address":"1047.0 RUTHERFORD PLACE SW","assessed_value":539500},{"address":"464.0 EVERGREEN PARK NW","assessed_value":45500},{"address":"315.0 SUMMERSIDE COVE SW","assessed_value":873500},{"address":"864.0 GRAHAM WYND NW","assessed_value":484000},{"address":"12225.0 17 AVENUE SW","assessed_value":392500},{"address":"1227.0 ORMSBY LANE NW","assessed_value":557000},{"address":"2420.0 108 STREET NW","assessed_value":183500},{"address":"2327.0 TAYLOR CLOSE NW","assessed_value":581000},{"address":"237.0 YOUVILLE DRIVE EAST NW","assessed_value":174500},{"address":"21261.0 88A AVENUE NW","assessed_value":458500},{"address":"664.0 GEISSINGER ROAD NW","assessed_value":572000},{"address":"nan nan","assessed_value":1500},{"address":"345.0 KIRKNESS ROAD NW","assessed_value":247500},{"address":"nan nan","assessed_value":9500},{"address":"5122.0 162A AVENUE NW","assessed_value":440000},{"address":"427.0 HUNTERS GREEN NW","assessed_value":477000},{"address":"1922.0 ROBERTSON CRESCENT SW","assessed_value":562000},{"address":"nan nan","assessed_value":8500},{"address":"9329.0 158 AVENUE NW","assessed_value":519500},{"address":"7712.0 166 AVENUE NW","assessed_value":526000},{"address":"10249.0 104 STREET NW","assessed_value":432000},{"address":"1618.0 WEST ROYAL PLACE NW","assessed_value":31500},{"address":"10308.0 114 STREET NW","assessed_value":266500},{"address":"14032.0 151 AVENUE NW","assessed_value":390500},{"address":"3721.0 MCLEAN COURT SW","assessed_value":435000},{"address":"12744.0 136 STREET NW","assessed_value":387000},{"address":"9503.0 101 AVENUE NW","assessed_value":247000},{"address":"10730.0 105 STREET NW","assessed_value":88500},{"address":"11303.0 82 STREET NW","assessed_value":250500},{"address":"16013.0 90 STREET NW","assessed_value":309500},{"address":"10195.0 13 AVENUE NW","assessed_value":0},{"address":"13531.0 158 AVENUE NW","assessed_value":689500},{"address":"1146.0 BARNES WAY SW","assessed_value":336500},{"address":"2021.0 GRANTHAM COURT NW","assessed_value":292000},{"address":"15222.0 49A STREET NW","assessed_value":481000},{"address":"nan nan","assessed_value":18000},{"address":"nan nan","assessed_value":7500},{"address":"nan nan","assessed_value":500},{"address":"10141.0 95 STREET NW","assessed_value":280500},{"address":"16823.0 84 STREET NW","assessed_value":241000},{"address":"nan nan","assessed_value":500},{"address":"9803.0 96A STREET NW","assessed_value":296500},{"address":"16335.0 88 STREET NW","assessed_value":580000},{"address":"532.0 89 STREET SW","assessed_value":526500},{"address":"592.0 HOOKE ROAD NW","assessed_value":177500},{"address":"237.0 YOUVILLE DRIVE EAST NW","assessed_value":210500},{"address":"2916.0 33A STREET NW","assessed_value":501500},{"address":"6703.0 172 STREET NW","assessed_value":204500},{"address":"11504.0 102 AVENUE NW","assessed_value":443000},{"address":"4322.0 MCMULLEN WAY SW","assessed_value":416500},{"address":"12309.0 51 STREET NW","assessed_value":9000},{"address":"1228.0 KLARVATTEN COURT NW","assessed_value":491500},{"address":"4020.0 21 STREET NW","assessed_value":292500},{"address":"21328.0 88 AVENUE NW","assessed_value":430000},{"address":"15304.0 138 STREET NW","assessed_value":354500},{"address":"9955.0 114 STREET NW","assessed_value":261000},{"address":"814.0 TODD COURT NW","assessed_value":759000},{"address":"182.0 HADDOW CLOSE NW","assessed_value":232500},{"address":"8620.0 173 AVENUE NW","assessed_value":346000},{"address":"9008.0 156A AVENUE NW","assessed_value":523500},{"address":"8908.0 210 STREET NW","assessed_value":457500},{"address":"7220.0 144 AVENUE NW","assessed_value":81000},{"address":"2505.0 42 STREET NW","assessed_value":188000},{"address":"1911.0 37B AVENUE NW","assessed_value":384500},{"address":"3128.0 35 AVENUE NW","assessed_value":733000},{"address":"1912.0 35A AVENUE NW","assessed_value":459500},{"address":"nan nan","assessed_value":7000},{"address":"nan nan","assessed_value":6500},{"address":"nan nan","assessed_value":9000},{"address":"16303.0 95 STREET NW","assessed_value":157500},{"address":"2425.0 32B STREET NW","assessed_value":463500},{"address":"2814.0 30 STREET NW","assessed_value":327000},{"address":"9741.0 110 STREET NW","assessed_value":312500},{"address":"nan nan","assessed_value":12500},{"address":"nan nan","assessed_value":17000},{"address":"nan nan","assessed_value":9500},{"address":"nan nan","assessed_value":17000},{"address":"nan nan","assessed_value":9000},{"address":"8732.0 12 AVENUE SW","assessed_value":527500},{"address":"10409.0 87 AVENUE NW","assessed_value":595000},{"address":"2535.0 BELL COURT SW","assessed_value":506500},{"address":"9510.0 144 STREET NW","assessed_value":10000},{"address":"1204.0 84 STREET SW","assessed_value":537500},{"address":"13059.0 35 STREET NW","assessed_value":380500},{"address":"11103.0 84 AVENUE NW","assessed_value":312500},{"address":"4614.0 TURNER SQUARE NW","assessed_value":444500},{"address":"2220.0 80 AVENUE NW","assessed_value":541500},{"address":"9120.0 156 STREET NW","assessed_value":118500},{"address":"2094.0 BLACKMUD CREEK DRIVE SW","assessed_value":566500},{"address":"371.0 CALDERON CRESCENT NW","assessed_value":479000},{"address":"10265.0 107 STREET NW","assessed_value":239000},{"address":"6545.0 111 STREET NW","assessed_value":104500},{"address":"4020.0 21 STREET NW","assessed_value":290500},{"address":"nan nan","assessed_value":5500},{"address":"16222.0 83 STREET NW","assessed_value":451000},{"address":"6829.0 159A AVENUE NW","assessed_value":323500},{"address":"2021.0 GRANTHAM COURT NW","assessed_value":293500},{"address":"3108.0 LAKEWOOD CRESCENT NW","assessed_value":88500},{"address":"13403.0 CUMBERLAND ROAD NW","assessed_value":302000},{"address":"nan nan","assessed_value":12500},{"address":"2004.0 GRANTHAM COURT NW","assessed_value":282000},{"address":"8909.0 8 AVENUE SW","assessed_value":494500},{"address":"240.0 HILLIARD GREEN NW","assessed_value":1033500},{"address":"5203.0 200 STREET NW","assessed_value":410500},{"address":"15152.0 141 STREET NW","assessed_value":426000},{"address":"nan nan","assessed_value":9000},{"address":"1248.0 SUMMERSIDE DRIVE SW","assessed_value":677500},{"address":"1914.0 37B AVENUE NW","assessed_value":452000},{"address":"8956.0 156 STREET NW","assessed_value":228000},{"address":"4350.0 23 STREET NW","assessed_value":287000},{"address":"18026.0 34 STREET NW","assessed_value":4500},{"address":"nan nan","assessed_value":7000},{"address":"nan nan","assessed_value":4500},{"address":"309.0 HILLIARD CLOSE NW","assessed_value":577000},{"address":"nan nan","assessed_value":500},{"address":"421.0 CALDERON CRESCENT NW","assessed_value":671500},{"address":"11025.0 JASPER AVENUE NW","assessed_value":117500},{"address":"2420.0 108 STREET NW","assessed_value":196500},{"address":"7519.0 162 AVENUE NW","assessed_value":718500},{"address":"nan nan","assessed_value":3500},{"address":"1029.0 MACEWAN CLOSE SW","assessed_value":489000},{"address":"8516.0 8 AVENUE SW","assessed_value":442500},{"address":"17407.0 90 STREET NW","assessed_value":385500},{"address":"10707.0 179 AVENUE NW","assessed_value":576500},{"address":"3424.0 19 STREET NW","assessed_value":681500},{"address":"9850.0 60 AVENUE NW","assessed_value":2533000},{"address":"nan nan","assessed_value":500},{"address":"6703.0 172 STREET NW","assessed_value":200000},{"address":"9008.0 99 AVENUE NW","assessed_value":282500},{"address":"6812.0 166 AVENUE NW","assessed_value":481000}]