[{"address":"8721.0 88 AVENUE NW","assessed_value":442000},{"address":"6210.0 101 AVENUE NW","assessed_value":139000},{"address":"nan nan","assessed_value":18000},{"address":"9312.0 104 AVENUE NW","assessed_value":61000},{"address":"11540.0 11 AVENUE SW","assessed_value":324500},{"address":"21319.0 90 AVENUE NW","assessed_value":467000},{"address":"nan nan","assessed_value":10000},{"address":"17604.0 108 AVENUE NW","assessed_value":1570000},{"address":"931.0 HOPE WAY NW","assessed_value":683000},{"address":"16777.0 91 STREET NW","assessed_value":244000},{"address":"2305.0 35A AVENUE NW","assessed_value":108000},{"address":"864.0 HOLLANDS LANDING NW","assessed_value":1235000},{"address":"4312.0 139 AVENUE NW","assessed_value":149000},{"address":"17003.0 67 AVENUE NW","assessed_value":155500},{"address":"10835.0 114 STREET NW","assessed_value":81500},{"address":"nan nan","assessed_value":4000},{"address":"13009.0 161A AVENUE NW","assessed_value":545000},{"address":"nan nan","assessed_value":8000},{"address":"1120.0 TORY ROAD NW","assessed_value":192000},{"address":"2304.0 32 AVENUE NW","assessed_value":463000},{"address":"1157.0 GOODWIN CIRCLE NW","assessed_value":562500},{"address":"nan nan","assessed_value":9000},{"address":"12838.0 65 STREET NW","assessed_value":111000},{"address":"8903.0 127 AVENUE NW","assessed_value":887500},{"address":"nan nan","assessed_value":3500},{"address":"18208.0 106 STREET NW","assessed_value":468000},{"address":"1927.0 120 STREET SW","assessed_value":562500},{"address":"406.0 119 STREET SW","assessed_value":345500},{"address":"10147.0 112 STREET NW","assessed_value":177000},{"address":"7609.0 16 AVENUE SW","assessed_value":455000},{"address":"nan nan","assessed_value":13500},{"address":"10824.0 178 AVENUE NW","assessed_value":557000},{"address":"nan nan","assessed_value":7000},{"address":"622.0 MCALLISTER LOOP SW","assessed_value":162500},{"address":"10179.0 105 STREET NW","assessed_value":294500},{"address":"5808.0 204 STREET NW","assessed_value":441500},{"address":"nan nan","assessed_value":500},{"address":"245.0 EDWARDS DRIVE SW","assessed_value":176000},{"address":"17003.0 67 AVENUE NW","assessed_value":163000},{"address":"14843.0 141 STREET NW","assessed_value":353000},{"address":"2322.0 28A AVENUE NW","assessed_value":370000},{"address":"4819.0 155 AVENUE NW","assessed_value":535000},{"address":"10035.0 SASKATCHEWAN DRIVE NW","assessed_value":1394500},{"address":"530.0 HOOKE ROAD NW","assessed_value":160000},{"address":"nan nan","assessed_value":7000},{"address":"7925.0 7 AVENUE SW","assessed_value":354500},{"address":"nan nan","assessed_value":5000},{"address":"16221.0 95 STREET NW","assessed_value":149000},{"address":"5471.0 THIBAULT WYND NW","assessed_value":638000},{"address":"1112.0 MCKINNEY LINK NW","assessed_value":582500},{"address":"8919.0 210 STREET NW","assessed_value":505500},{"address":"nan nan","assessed_value":13500},{"address":"nan nan","assessed_value":7000},{"address":"nan nan","assessed_value":9500},{"address":"2005.0 TANNER WYND NW","assessed_value":423500},{"address":"12308.0 20 AVENUE SW","assessed_value":587500},{"address":"18007.0 105A STREET NW","assessed_value":711500},{"address":"2356.0 32 AVENUE NW","assessed_value":499500},{"address":"12111.0 51 AVENUE NW","assessed_value":216000},{"address":"7908.0 2 AVENUE SW","assessed_value":330500},{"address":"2098.0 BLACKMUD CREEK DRIVE SW","assessed_value":232500},{"address":"8207.0 5 AVENUE SW","assessed_value":555500},{"address":"8014.0 3 AVENUE SW","assessed_value":498500},{"address":"21239.0 90 AVENUE NW","assessed_value":355000},{"address":"11331.0 99 AVENUE NW","assessed_value":1816000},{"address":"nan nan","assessed_value":500},{"address":"2028.0 HILLIARD PLACE NW","assessed_value":649000},{"address":"279.0 SUDER GREENS DRIVE NW","assessed_value":196000},{"address":"16773.0 112A STREET NW","assessed_value":478500},{"address":"219.0 83 STREET SW","assessed_value":465000},{"address":"843.0 MASSEY LANDING NW","assessed_value":936500},{"address":"3248.0 26 STREET NW","assessed_value":471000},{"address":"2354.0 HAGEN LINK NW","assessed_value":524000},{"address":"1377.0 RUTHERFORD ROAD SW","assessed_value":369000},{"address":"16429.0 61A STREET NW","assessed_value":500500},{"address":"2098.0 BLACKMUD CREEK DRIVE SW","assessed_value":158000},{"address":"4513.0 154 AVENUE NW","assessed_value":437000},{"address":"nan nan","assessed_value":18000},{"address":"nan nan","assessed_value":7000},{"address":"4116.0 157A AVENUE NW","assessed_value":431000},{"address":"nan nan","assessed_value":4500},{"address":"nan nan","assessed_value":9500},{"address":"6418.0 164A AVENUE NW","assessed_value":513000},{"address":"1919.0 120 STREET SW","assessed_value":553500},{"address":"1565.0 RUTHERFORD ROAD SW","assessed_value":369500},{"address":"13509.0 141A AVENUE NW","assessed_value":473000},{"address":"15424.0 49 STREET NW","assessed_value":493500},{"address":"1612.0 HODGSON COURT NW","assessed_value":580000},{"address":"412.0 85 STREET SW","assessed_value":453500},{"address":"nan nan","assessed_value":9500},{"address":"3414.0 28 STREET NW","assessed_value":478500},{"address":"9323.0 105 AVENUE NW","assessed_value":76000},{"address":"5930.0 125A AVENUE NW","assessed_value":875500},{"address":"16221.0 95 STREET NW","assessed_value":155500},{"address":"120.0 CASTLE DRIVE NW","assessed_value":387000},{"address":"13033.0 162A AVENUE NW","assessed_value":348000},{"address":"16317.0 64 STREET NW","assessed_value":289000},{"address":"8108.0 7 AVENUE SW","assessed_value":411000},{"address":"10411.0 122 STREET NW","assessed_value":231500},{"address":"17404.0 64 AVENUE NW","assessed_value":179500},{"address":"11638.0 167B AVENUE NW","assessed_value":380500},{"address":"10815.0 178 AVENUE NW","assessed_value":556000},{"address":"10620.0 112 STREET NW","assessed_value":82500},{"address":"nan nan","assessed_value":7000},{"address":"5520.0 163 AVENUE NW","assessed_value":325000},{"address":"1659.0 MELROSE PLACE SW","assessed_value":350500},{"address":"nan nan","assessed_value":18000},{"address":"nan nan","assessed_value":9500},{"address":"nan nan","assessed_value":9000},{"address":"12244.0 18 AVENUE SW","assessed_value":390000},{"address":"nan nan","assessed_value":9000},{"address":"11715.0 124 STREET NW","assessed_value":91000},{"address":"1225.0 WANYANDI ROAD NW","assessed_value":678000},{"address":"nan nan","assessed_value":7000},{"address":"112.0 162 AVENUE NE","assessed_value":755000},{"address":"1845.0 LEMIEUX CLOSE NW","assessed_value":659000},{"address":"9116.0 106 AVENUE NW","assessed_value":52000},{"address":"9312.0 34 AVENUE NW","assessed_value":699500},{"address":"1015.0 87 STREET SW","assessed_value":538000},{"address":"12252.0 18 AVENUE SW","assessed_value":433000},{"address":"4731.0 202 STREET NW","assessed_value":481500},{"address":"nan nan","assessed_value":10000},{"address":"nan nan","assessed_value":9500},{"address":"1543.0 76 STREET SW","assessed_value":509000},{"address":"14708.0 50 STREET NW","assessed_value":122000},{"address":"10326.0 117 STREET NW","assessed_value":128500},{"address":"20123.0 60 AVENUE NW","assessed_value":470500},{"address":"8936.0 176 AVENUE NW","assessed_value":407000},{"address":"11325.0 83 STREET NW","assessed_value":96500},{"address":"8103.0 2 AVENUE SW","assessed_value":476500},{"address":"7434.0 SINGER LANDING NW","assessed_value":523000},{"address":"nan nan","assessed_value":9500},{"address":"11636.0 167A AVENUE NW","assessed_value":372500},{"address":"10303.0 105 STREET NW","assessed_value":170000},{"address":"13830.0 150 AVENUE NW","assessed_value":162000},{"address":"196.0 EDWARDS DRIVE SW","assessed_value":524500},{"address":"10180.0 104 STREET NW","assessed_value":227500},{"address":"10179.0 105 STREET NW","assessed_value":208500},{"address":"5615.0 204 STREET NW","assessed_value":456500},{"address":"nan nan","assessed_value":8000},{"address":"13604.0 140 AVENUE NW","assessed_value":340000},{"address":"nan nan","assessed_value":9000},{"address":"1406.0 HODGSON WAY NW","assessed_value":424500},{"address":"279.0 SUDER GREENS DRIVE NW","assessed_value":141500},{"address":"3814.0 MCLEAN CLOSE SW","assessed_value":477500},{"address":"4728.0 202 STREET NW","assessed_value":546000},{"address":"10024.0 JASPER AVENUE NW","assessed_value":101500},{"address":"10346.0 117 STREET NW","assessed_value":204500},{"address":"nan nan","assessed_value":3500},{"address":"2905.0 TREDGER GREEN NW","assessed_value":747500},{"address":"5893.0 SUTTER PLACE NW","assessed_value":416000},{"address":"5640.0 203 STREET NW","assessed_value":352000},{"address":"2442.0 34A AVENUE NW","assessed_value":571500},{"address":"8024.0 2 AVENUE SW","assessed_value":323000},{"address":"612.0 111 STREET SW","assessed_value":180000},{"address":"323.0 OZERNA ROAD NW","assessed_value":625000},{"address":"1155.0 LINCOLN CRESCENT NW","assessed_value":723000},{"address":"530.0 HOOKE ROAD NW","assessed_value":160000},{"address":"704.0 83 STREET SW","assessed_value":349500},{"address":"3223.0 26 STREET NW","assessed_value":435000},{"address":"5304.0 204 STREET NW","assessed_value":358500},{"address":"12048.0 19 AVENUE SW","assessed_value":386000},{"address":"1406.0 HODGSON WAY NW","assessed_value":401000},{"address":"20507.0 58 AVENUE NW","assessed_value":722000},{"address":"339.0 BRINTNELL BOULEVARD NW","assessed_value":388000},{"address":"15530.0 47A STREET NW","assessed_value":482500},{"address":"13121.0 162A AVENUE NW","assessed_value":463500},{"address":"1428.0 HODGSON WAY NW","assessed_value":320500},{"address":"10118.0 95 STREET NW","assessed_value":174500},{"address":"9918.0 75 AVENUE NW","assessed_value":1510500},{"address":"9715.0 110 STREET NW","assessed_value":145000},{"address":"4740.0 156 AVENUE NW","assessed_value":427500},{"address":"15531.0 131 AVENUE NW","assessed_value":909500},{"address":"nan nan","assessed_value":7000},{"address":"13412.0 62 STREET NW","assessed_value":345000},{"address":"16212.0 2 STREET NE","assessed_value":708500},{"address":"279.0 SUDER GREENS DRIVE NW","assessed_value":141500},{"address":"4808.0 154 AVENUE NW","assessed_value":559000},{"address":"1600.0 148 AVENUE NW","assessed_value":4000},{"address":"15423.0 44 STREET NW","assessed_value":464500},{"address":"17404.0 64 AVENUE NW","assessed_value":184500},{"address":"nan nan","assessed_value":17500},{"address":"17719.0 E L SMITH ROAD NW","assessed_value":586000},{"address":"10024.0 JASPER AVENUE NW","assessed_value":137500},{"address":"5352.0 204 STREET NW","assessed_value":352500},{"address":"3136.0 TRELLE LOOP NW","assessed_value":463000},{"address":"nan nan","assessed_value":18000},{"address":"nan nan","assessed_value":5000},{"address":"17404.0 64 AVENUE NW","assessed_value":115000},{"address":"10652.0 180 AVENUE NW","assessed_value":483500},{"address":"9008.0 99 AVENUE NW","assessed_value":295500},{"address":"2526.0 TAYLOR COVE NW","assessed_value":673000},{"address":"nan nan","assessed_value":7000},{"address":"4824.0 TERWILLEGAR COMMON NW","assessed_value":357500},{"address":"16612.0 72 STREET NW","assessed_value":617500},{"address":"14907.0 16 STREET NW","assessed_value":478000},{"address":"11103.0 84 AVENUE NW","assessed_value":477000},{"address":"564.0 STEWART CRESCENT SW","assessed_value":636000},{"address":"6027.0 166 AVENUE NW","assessed_value":502500},{"address":"16728.0 115 STREET NW","assessed_value":252000},{"address":"9211.0 98 AVENUE NW","assessed_value":428500},{"address":"5608.0 202 STREET NW","assessed_value":345000},{"address":"nan nan","assessed_value":10000},{"address":"17803.0 89 STREET NW","assessed_value":505500},{"address":"nan nan","assessed_value":18000},{"address":"1435.0 MCMILLIAN WAY SW","assessed_value":357500},{"address":"17011.0 67 AVENUE NW","assessed_value":152500},{"address":"nan nan","assessed_value":9500},{"address":"nan nan","assessed_value":7000},{"address":"2098.0 BLACKMUD CREEK DRIVE SW","assessed_value":162500},{"address":"17715.0 96 AVENUE NW","assessed_value":316000},{"address":"1229.0 TREDGER COURT NW","assessed_value":776000},{"address":"4612.0 163 AVENUE NW","assessed_value":469500},{"address":"16413.0 65 STREET NW","assessed_value":461500},{"address":"14030.0 145 AVENUE NW","assessed_value":503000},{"address":"12307.0 20 AVENUE SW","assessed_value":543500},{"address":"9008.0 99 AVENUE NW","assessed_value":336000},{"address":"4715.0 156 AVENUE NW","assessed_value":372500},{"address":"1225.0 WANYANDI ROAD NW","assessed_value":657500},{"address":"nan nan","assessed_value":4500},{"address":"10504.0 99 AVENUE NW","assessed_value":240000},{"address":"6220.0 166 AVENUE NW","assessed_value":452000},{"address":"2447.0 28B AVENUE NW","assessed_value":379500},{"address":"4729.0 201A STREET NW","assessed_value":531500},{"address":"560.0 STEWART CRESCENT SW","assessed_value":761000},{"address":"16419.0 73 STREET NW","assessed_value":970000},{"address":"343.0 OZERNA ROAD NW","assessed_value":515500},{"address":"1224.0 HOLLANDS CLOSE NW","assessed_value":828000},{"address":"13830.0 150 AVENUE NW","assessed_value":126000},{"address":"2750.0 55 STREET NW","assessed_value":186500},{"address":"nan nan","assessed_value":571000},{"address":"429.0 85 STREET SW","assessed_value":466500},{"address":"nan nan","assessed_value":7000},{"address":"nan nan","assessed_value":24000},{"address":"nan nan","assessed_value":3000},{"address":"9715.0 110 STREET NW","assessed_value":220500},{"address":"905.0 BLACKLOCK WAY SW","assessed_value":170500},{"address":"230.0 EDWARDS DRIVE SW","assessed_value":250500},{"address":"16769.0 112A STREET NW","assessed_value":459500},{"address":"17832.0 90 STREET NW","assessed_value":492000},{"address":"4225.0 199 STREET NW","assessed_value":4000},{"address":"4223.0 156 AVENUE NW","assessed_value":428500},{"address":"261.0 YOUVILLE DRIVE EAST NW","assessed_value":259500},{"address":"14708.0 50 STREET NW","assessed_value":137500},{"address":"nan nan","assessed_value":7000},{"address":"3225.0 TREDGER CLOSE NW","assessed_value":794000},{"address":"9312.0 104 AVENUE NW","assessed_value":56000},{"address":"nan nan","assessed_value":4500},{"address":"20215.0 56 AVENUE NW","assessed_value":343500},{"address":"nan nan","assessed_value":9500},{"address":"8715.0 208 STREET NW","assessed_value":631500},{"address":"10550.0 MAYFIELD ROAD NW","assessed_value":3510000},{"address":"nan nan","assessed_value":7000},{"address":"10909.0 103 AVENUE NW","assessed_value":295000},{"address":"3307.0 MCCALL COURT NW","assessed_value":689500},{"address":"1428.0 HODGSON WAY NW","assessed_value":298000},{"address":"16424.0 62 STREET NW","assessed_value":494500},{"address":"nan nan","assessed_value":7000},{"address":"292.0 SILVER BERRY ROAD NW","assessed_value":591500},{"address":"21332.0 91 AVENUE NW","assessed_value":413000},{"address":"2098.0 BLACKMUD CREEK DRIVE SW","assessed_value":163500},{"address":"5478.0 THIBAULT WYND NW","assessed_value":569500},{"address":"219.0 79 STREET SW","assessed_value":485500},{"address":"734.0 MCALLISTER LOOP SW","assessed_value":516500},{"address":"2430.0 GUARDIAN ROAD NW","assessed_value":171000},{"address":"20435.0 57 AVENUE NW","assessed_value":565500},{"address":"8304.0 11 AVENUE SW","assessed_value":276000},{"address":"nan nan","assessed_value":8000},{"address":"17428.0 86 STREET NW","assessed_value":455000},{"address":"nan nan","assessed_value":7000},{"address":"1718.0 RABBIT HILL ROAD NW","assessed_value":152500},{"address":"20423.0 51 AVENUE NW","assessed_value":489000},{"address":"8204.0 SHASKE PLACE NW","assessed_value":525000},{"address":"10507.0 SASKATCHEWAN DRIVE NW","assessed_value":1852000},{"address":"1031.0 HOPE ROAD NW","assessed_value":623000},{"address":"10180.0 104 STREET NW","assessed_value":241500},{"address":"814.0 MASSEY LANDING NW","assessed_value":783000},{"address":"451.0 HYNDMAN CRESCENT NW","assessed_value":220500},{"address":"278.0 SUDER GREENS DRIVE NW","assessed_value":192500},{"address":"1205.0 COLONEL STONE AVENUE NW","assessed_value":496000},{"address":"12110.0 106 AVENUE NW","assessed_value":192500},{"address":"1823.0 TOWNE CENTRE BOULEVARD NW","assessed_value":521500},{"address":"4615.0 163A AVENUE NW","assessed_value":470000},{"address":"4719.0 156 AVENUE NW","assessed_value":413500},{"address":"nan nan","assessed_value":5000},{"address":"nan nan","assessed_value":7000},{"address":"1179.0 SUMMERSIDE DRIVE SW","assessed_value":205000},{"address":"6925.0 13 AVENUE SW","assessed_value":823500},{"address":"10311.0 182 AVENUE NW","assessed_value":538000},{"address":"10647.0 180 AVENUE NW","assessed_value":526000},{"address":"4717.0 190A STREET NW","assessed_value":460500},{"address":"567.0 HODGSON ROAD NW","assessed_value":910000},{"address":"5405.0 205 STREET NW","assessed_value":494500},{"address":"10024.0 JASPER AVENUE NW","assessed_value":107500},{"address":"21141.0 92A AVENUE NW","assessed_value":4000},{"address":"16235.0 49 STREET NW","assessed_value":450500},{"address":"279.0 SUDER GREENS DRIVE NW","assessed_value":160000},{"address":"6316.0 166 AVENUE NW","assessed_value":563500},{"address":"nan nan","assessed_value":7000},{"address":"10535.0 122 STREET NW","assessed_value":127000},{"address":"3003.0 34 AVENUE NW","assessed_value":397500},{"address":"261.0 YOUVILLE DRIVE EAST NW","assessed_value":164000},{"address":"11811.0 174 AVENUE NW","assessed_value":471500},{"address":"nan nan","assessed_value":5000},{"address":"8011.0 SHASKE DRIVE NW","assessed_value":524500},{"address":"2561.0 HANNA CRESCENT NW","assessed_value":471000},{"address":"4605.0 201A STREET NW","assessed_value":558500},{"address":"1197.0 GOODWIN CIRCLE NW","assessed_value":594000},{"address":"2305.0 35A AVENUE NW","assessed_value":117000},{"address":"323.0 BRINTNELL BOULEVARD NW","assessed_value":366500},{"address":"5916.0 SOUTH TERWILLEGAR BOULEVARD NW","assessed_value":358000},{"address":"nan nan","assessed_value":4000},{"address":"12838.0 65 STREET NW","assessed_value":83500},{"address":"840.0 77 STREET SW","assessed_value":485000},{"address":"nan nan","assessed_value":5000},{"address":"1126.0 112 STREET SW","assessed_value":485500},{"address":"16517.0 63A STREET NW","assessed_value":474500},{"address":"nan nan","assessed_value":14000},{"address":"nan nan","assessed_value":4000},{"address":"530.0 HOOKE ROAD NW","assessed_value":204500},{"address":"nan nan","assessed_value":9500},{"address":"16206.0 48 STREET NW","assessed_value":429000},{"address":"10303.0 105 STREET NW","assessed_value":157500},{"address":"14049.0 159A AVENUE NW","assessed_value":337000},{"address":"8304.0 11 AVENUE SW","assessed_value":270500},{"address":"630.0 MCALLISTER LOOP SW","assessed_value":134000},{"address":"9707.0 105 STREET NW","assessed_value":114000},{"address":"1920.0 LEMIEUX COURT NW","assessed_value":719000},{"address":"14008.0 149 AVENUE NW","assessed_value":391500},{"address":"nan nan","assessed_value":9500},{"address":"nan nan","assessed_value":18000},{"address":"10909.0 103 AVENUE NW","assessed_value":253500},{"address":"8728.0 10 AVENUE SW","assessed_value":481000},{"address":"12710.0 127 STREET NW","assessed_value":110500},{"address":"14816.0 14 STREET NW","assessed_value":529500},{"address":"3053.0 MACNEIL WAY NW","assessed_value":677000},{"address":"2215.0 LEGER COURT NW","assessed_value":499000},{"address":"8023.0 SHASKE DRIVE NW","assessed_value":489000},{"address":"14708.0 50 STREET NW","assessed_value":92500},{"address":"16512.0 63 STREET NW","assessed_value":533000},{"address":"1864.0 HOLMAN CRESCENT NW","assessed_value":573500},{"address":"10180.0 104 STREET NW","assessed_value":172000},{"address":"17003.0 67 AVENUE NW","assessed_value":158000},{"address":"1780.0 GLASTONBURY BOULEVARD NW","assessed_value":273000},{"address":"nan nan","assessed_value":5000},{"address":"15930.0 109 AVENUE NW","assessed_value":102000},{"address":"1341.0 RUTHERFORD ROAD SW","assessed_value":364500},{"address":"13830.0 150 AVENUE NW","assessed_value":151000},{"address":"5819.0 SUTTER PLACE NW","assessed_value":434500},{"address":"471.0 MACEWAN ROAD SW","assessed_value":526500},{"address":"nan nan","assessed_value":9500},{"address":"15535.0 48 STREET NW","assessed_value":536000},{"address":"10909.0 103 AVENUE NW","assessed_value":245500},{"address":"nan nan","assessed_value":7000},{"address":"nan nan","assessed_value":7000},{"address":"nan nan","assessed_value":4500},{"address":"2750.0 55 STREET NW","assessed_value":184500},{"address":"9116.0 106 AVENUE NW","assessed_value":49500},{"address":"nan nan","assessed_value":13500},{"address":"279.0 SUDER GREENS DRIVE NW","assessed_value":207500},{"address":"2808.0 26 STREET NW","assessed_value":357500},{"address":"8304.0 11 AVENUE SW","assessed_value":270500},{"address":"1428.0 HODGSON WAY NW","assessed_value":298000},{"address":"2312.0 HAGEN LINK NW","assessed_value":657000},{"address":"1233.0 TREDGER COURT NW","assessed_value":777500},{"address":"7361.0 SINGER WAY NW","assessed_value":595500},{"address":"14259.0 50 STREET NW","assessed_value":153000},{"address":"16808.0 79 STREET NW","assessed_value":523500},{"address":"319.0 83 STREET SW","assessed_value":380000},{"address":"278.0 SUDER GREENS DRIVE NW","assessed_value":242500},{"address":"1322.0 KAPYONG AVENUE NW","assessed_value":631500},{"address":"nan nan","assessed_value":24000},{"address":"16311.0 95 STREET NW","assessed_value":169000},{"address":"nan nan","assessed_value":9000},{"address":"5909.0 SOUTH TERWILLEGAR BOULEVARD NW","assessed_value":358500},{"address":"nan nan","assessed_value":9500},{"address":"nan nan","assessed_value":13000},{"address":"13830.0 150 AVENUE NW","assessed_value":159000},{"address":"624.0 HODGSON ROAD NW","assessed_value":612000},{"address":"1206.0 76 STREET SW","assessed_value":340000},{"address":"230.0 EDWARDS DRIVE SW","assessed_value":250500},{"address":"279.0 SUDER GREENS DRIVE NW","assessed_value":157500},{"address":"nan nan","assessed_value":7000},{"address":"nan nan","assessed_value":9000},{"address":"nan nan","assessed_value":9500},{"address":"1103.0 95 STREET SW","assessed_value":15122500},{"address":"10321.0 160 STREET NW","assessed_value":359500},{"address":"704.0 MCALLISTER LOOP SW","assessed_value":465500},{"address":"230.0 EDWARDS DRIVE SW","assessed_value":245500},{"address":"1453.0 WOODWARD CRESCENT NW","assessed_value":1669500},{"address":"10180.0 104 STREET NW","assessed_value":234500},{"address":"nan nan","assessed_value":9500},{"address":"3315.0 LAKEVIEW ROAD NW","assessed_value":135000},{"address":"2809.0 TERWILLEGAR WYND NW","assessed_value":733500},{"address":"nan nan","assessed_value":4000},{"address":"nan nan","assessed_value":9500},{"address":"nan nan","assessed_value":7000},{"address":"7727.0 7A AVENUE SW","assessed_value":472500},{"address":"nan nan","assessed_value":7000},{"address":"4312.0 139 AVENUE NW","assessed_value":139000},{"address":"2427.0 HAGEN WAY NW","assessed_value":545500},{"address":"1120.0 TORY ROAD NW","assessed_value":174000},{"address":"14259.0 50 STREET NW","assessed_value":156000},{"address":"194.0 MACEWAN ROAD SW","assessed_value":449000},{"address":"13005.0 140 AVENUE NW","assessed_value":169000},{"address":"5904.0 204 STREET NW","assessed_value":428500},{"address":"9323.0 105 AVENUE NW","assessed_value":72000},{"address":"5863.0 SUTTER PLACE NW","assessed_value":418500},{"address":"4312.0 139 AVENUE NW","assessed_value":145000},{"address":"1300.0 MCALLISTER WAY SW","assessed_value":448500},{"address":"921.0 HOPE WAY NW","assessed_value":660000},{"address":"1237.0 MCKINNEY COURT NW","assessed_value":605000},{"address":"1175.0 GOODWIN CIRCLE NW","assessed_value":588500},{"address":"16222.0 2A STREET NE","assessed_value":691500},{"address":"10311.0 111 STREET NW","assessed_value":230000},{"address":"11325.0 83 STREET NW","assessed_value":99500},{"address":"nan nan","assessed_value":7000},{"address":"nan nan","assessed_value":7000},{"address":"7910.0 7 AVENUE SW","assessed_value":560000},{"address":"10620.0 112 STREET NW","assessed_value":70000},{"address":"5542.0 STEVENS CRESCENT NW","assessed_value":416000},{"address":"10024.0 JASPER AVENUE NW","assessed_value":102500},{"address":"10403.0 122 STREET NW","assessed_value":259000},{"address":"5620.0 205 STREET NW","assessed_value":471500},{"address":"17404.0 64 AVENUE NW","assessed_value":118000},{"address":"nan nan","assessed_value":5000},{"address":"387.0 SILVER BERRY ROAD NW","assessed_value":385500},{"address":"11827.0 171 AVENUE NW","assessed_value":507500},{"address":"13407.0 65 STREET NW","assessed_value":360000},{"address":"4224.0 MCMULLEN PLACE SW","assessed_value":411500},{"address":"2733.0 MILES PLACE SW","assessed_value":578500},{"address":"17011.0 67 AVENUE NW","assessed_value":154000},{"address":"nan nan","assessed_value":9500},{"address":"5427.0 204 STREET NW","assessed_value":355000},{"address":"nan nan","assessed_value":9500},{"address":"321.0 BRINTNELL BOULEVARD NW","assessed_value":386000},{"address":"2403.0 32 AVENUE NW","assessed_value":453500},{"address":"10620.0 112 STREET NW","assessed_value":46500},{"address":"nan nan","assessed_value":9500},{"address":"17824.0 89 STREET NW","assessed_value":400500},{"address":"10407.0 122 STREET NW","assessed_value":179000},{"address":"nan nan","assessed_value":18000},{"address":"10346.0 117 STREET NW","assessed_value":225500},{"address":"16224.0 73 STREET NW","assessed_value":359500},{"address":"nan nan","assessed_value":9500},{"address":"10608.0 113 STREET NW","assessed_value":96500},{"address":"nan nan","assessed_value":9500},{"address":"1120.0 TORY ROAD NW","assessed_value":227000},{"address":"143.0 BRINTNELL BOULEVARD NW","assessed_value":426000},{"address":"230.0 EDWARDS DRIVE SW","assessed_value":245500},{"address":"1844.0 BOWMAN POINT SW","assessed_value":902500},{"address":"nan nan","assessed_value":5000},{"address":"nan nan","assessed_value":5000},{"address":"19028.0 47 AVENUE NW","assessed_value":476000},{"address":"11446.0 40 AVENUE NW","assessed_value":114000},{"address":"1521.0 LAMBERT COURT NW","assessed_value":769500},{"address":"16230.0 49 STREET NW","assessed_value":444500},{"address":"2987.0 MCPHADDEN WAY SW","assessed_value":507000},{"address":"nan nan","assessed_value":5000},{"address":"8403.0 164 AVENUE NW","assessed_value":295000},{"address":"1406.0 HODGSON WAY NW","assessed_value":271000},{"address":"10909.0 103 AVENUE NW","assessed_value":281000},{"address":"nan nan","assessed_value":18000},{"address":"6147.0 166 AVENUE NW","assessed_value":463000},{"address":"1406.0 HODGSON WAY NW","assessed_value":324000},{"address":"nan nan","assessed_value":7000},{"address":"15516.0 104 AVENUE NW","assessed_value":95500},{"address":"1441.0 HODGSON WAY NW","assessed_value":556500},{"address":"10688.0 181 AVENUE NW","assessed_value":540500},{"address":"530.0 HOOKE ROAD NW","assessed_value":210500},{"address":"14108.0 136 STREET NW","assessed_value":465500},{"address":"2364.0 30 AVENUE NW","assessed_value":423000},{"address":"nan nan","assessed_value":18000},{"address":"10403.0 122 STREET NW","assessed_value":230000},{"address":"nan nan","assessed_value":3500},{"address":"10535.0 122 STREET NW","assessed_value":142000},{"address":"17707.0 89 STREET NW","assessed_value":534000},{"address":"nan nan","assessed_value":5000},{"address":"1886.0 RUTHERFORD ROAD SW","assessed_value":446000},{"address":"108.0 162 AVENUE NE","assessed_value":996000},{"address":"nan nan","assessed_value":18000},{"address":"1220.0 MCALLISTER WAY SW","assessed_value":495000},{"address":"nan nan","assessed_value":13000},{"address":"16728.0 115 STREET NW","assessed_value":244500},{"address":"16777.0 91 STREET NW","assessed_value":244000},{"address":"nan nan","assessed_value":18000},{"address":"10608.0 113 STREET NW","assessed_value":107000},{"address":"10649.0 SASKATCHEWAN DRIVE NW","assessed_value":296500},{"address":"2314.0 28A AVENUE NW","assessed_value":342500},{"address":"8821.0 ROWLAND ROAD NW","assessed_value":356000},{"address":"6708.0 90 AVENUE NW","assessed_value":163000},{"address":"18104.0 105 STREET NW","assessed_value":626000},{"address":"nan nan","assessed_value":6000},{"address":"1225.0 WANYANDI ROAD NW","assessed_value":662500},{"address":"nan nan","assessed_value":9000},{"address":"816.0 MASSEY LANDING NW","assessed_value":760000},{"address":"16128.0 131 STREET NW","assessed_value":463000},{"address":"2629.0 TAYLOR GREEN NW","assessed_value":258000},{"address":"1180.0 GOODWIN CIRCLE NW","assessed_value":536000},{"address":"4908.0 205 STREET NW","assessed_value":585000},{"address":"14720.0 139 STREET NW","assessed_value":402000},{"address":"920.0 119 STREET NW","assessed_value":560500},{"address":"6708.0 90 AVENUE NW","assessed_value":113500},{"address":"1766.0 MELROSE CRESCENT SW","assessed_value":513000},{"address":"12111.0 51 AVENUE NW","assessed_value":198500},{"address":"12418.0 17A AVENUE SW","assessed_value":593500},{"address":"230.0 EDWARDS DRIVE SW","assessed_value":274500},{"address":"5418.0 THIBAULT WYND NW","assessed_value":545000},{"address":"10616.0 156 STREET NW","assessed_value":54500},{"address":"3133.0 TRELLE LOOP NW","assessed_value":426500},{"address":"9910.0 111 STREET NW","assessed_value":285000},{"address":"10535.0 122 STREET NW","assessed_value":134500},{"address":"10180.0 104 STREET NW","assessed_value":231500},{"address":"13062.0 162A AVENUE NW","assessed_value":357500},{"address":"nan nan","assessed_value":12500},{"address":"530.0 HOOKE ROAD NW","assessed_value":159500},{"address":"261.0 YOUVILLE DRIVE EAST NW","assessed_value":168000},{"address":"17715.0 96 AVENUE NW","assessed_value":332500},{"address":"1071.0 MCKINNEY GREEN NW","assessed_value":627000},{"address":"565.0 HODGSON ROAD NW","assessed_value":905500},{"address":"3987.0 MCMULLEN GREEN SW","assessed_value":366500},{"address":"nan nan","assessed_value":18000},{"address":"nan nan","assessed_value":7000},{"address":"245.0 EDWARDS DRIVE SW","assessed_value":123000},{"address":"948.0 CHAHLEY CRESCENT NW","assessed_value":538000},{"address":"1745.0 MELROSE CRESCENT SW","assessed_value":521000},{"address":"6207.0 166 AVENUE NW","assessed_value":496500},{"address":"16223.0 2 STREET NE","assessed_value":732500},{"address":"2098.0 BLACKMUD CREEK DRIVE SW","assessed_value":162500},{"address":"nan nan","assessed_value":3500},{"address":"17404.0 64 AVENUE NW","assessed_value":165500},{"address":"nan nan","assessed_value":14000},{"address":"21347.0 91 AVENUE NW","assessed_value":406000},{"address":"279.0 SUDER GREENS DRIVE NW","assessed_value":170500},{"address":"nan nan","assessed_value":4500},{"address":"13042.0 162A AVENUE NW","assessed_value":362000},{"address":"9203.0 127 AVENUE NW","assessed_value":882500},{"address":"10235.0 147 STREET NW","assessed_value":452500},{"address":"136.0 FRASER WAY NW","assessed_value":519000},{"address":"17404.0 64 AVENUE NW","assessed_value":108000},{"address":"13808.0 155 AVENUE NW","assessed_value":413000},{"address":"278.0 SUDER GREENS DRIVE NW","assessed_value":261500},{"address":"2330.0 29A AVENUE NW","assessed_value":393000},{"address":"15423.0 47 STREET NW","assessed_value":431000},{"address":"nan nan","assessed_value":9000},{"address":"14259.0 50 STREET NW","assessed_value":136500},{"address":"3213.0 MCCALL PLACE NW","assessed_value":742500},{"address":"13624.0 140 AVENUE NW","assessed_value":337000},{"address":"13448.0 62 STREET NW","assessed_value":331500},{"address":"nan nan","assessed_value":7000},{"address":"2430.0 GUARDIAN ROAD NW","assessed_value":185500},{"address":"2818.0 TERWILLEGAR WYND NW","assessed_value":726000},{"address":"924.0 HOPE WAY NW","assessed_value":594000},{"address":"1910.0 120A STREET SW","assessed_value":560500},{"address":"nan nan","assessed_value":3000},{"address":"13142.0 162A AVENUE NW","assessed_value":482500},{"address":"4022.0 158 AVENUE NW","assessed_value":378000},{"address":"1612.0 150 AVENUE NW","assessed_value":492500},{"address":"2098.0 BLACKMUD CREEK DRIVE SW","assessed_value":217000},{"address":"11327.0 11 AVENUE SW","assessed_value":500000},{"address":"3228.0 25 STREET NW","assessed_value":496000},{"address":"nan nan","assessed_value":9000},{"address":"1746.0 MELROSE CRESCENT SW","assessed_value":636500},{"address":"2305.0 35A AVENUE NW","assessed_value":122000},{"address":"20416.0 60 AVENUE NW","assessed_value":495000},{"address":"16803.0 74 STREET NW","assessed_value":523500},{"address":"14708.0 50 STREET NW","assessed_value":148500},{"address":"16524.0 61 STREET NW","assessed_value":504000},{"address":"10180.0 104 STREET NW","assessed_value":214000},{"address":"10535.0 122 STREET NW","assessed_value":167000},{"address":"nan nan","assessed_value":7000},{"address":"nan nan","assessed_value":7000},{"address":"12110.0 106 AVENUE NW","assessed_value":202000},{"address":"612.0 111 STREET SW","assessed_value":281000},{"address":"279.0 SUDER GREENS DRIVE NW","assessed_value":183000},{"address":"362.0 MACEWAN ROAD SW","assessed_value":461500},{"address":"4616.0 163A AVENUE NW","assessed_value":456500},{"address":"1279.0 LATTA CRESCENT NW","assessed_value":507500},{"address":"1518.0 MCMILLIAN PLACE SW","assessed_value":398000},{"address":"11109.0 84 AVENUE NW","assessed_value":298500},{"address":"6410.0 134 AVENUE NW","assessed_value":290000},{"address":"8043.0 SHASKE DRIVE NW","assessed_value":641000},{"address":"310.0 79 STREET SW","assessed_value":497500},{"address":"8936.0 210 STREET NW","assessed_value":442500},{"address":"8304.0 6 AVENUE SW","assessed_value":567000},{"address":"nan nan","assessed_value":3000},{"address":"12405.0 17A AVENUE SW","assessed_value":640500},{"address":"1731.0 MELROSE CRESCENT SW","assessed_value":487500},{"address":"10303.0 105 STREET NW","assessed_value":134500},{"address":"1508.0 78 STREET SW","assessed_value":505500},{"address":"16311.0 95 STREET NW","assessed_value":185000},{"address":"10909.0 106 STREET NW","assessed_value":290500},{"address":"nan nan","assessed_value":7000},{"address":"9715.0 110 STREET NW","assessed_value":216500},{"address":"13419.0 65 STREET NW","assessed_value":377000},{"address":"12620.0 17 AVENUE SW","assessed_value":533500},{"address":"16268.0 51 STREET NW","assessed_value":439000},{"address":"nan nan","assessed_value":12500},{"address":"20168.0 48 AVENUE NW","assessed_value":545000},{"address":"1267.0 LATTA CRESCENT NW","assessed_value":494500},{"address":"14776.0 139 STREET NW","assessed_value":373500},{"address":"nan nan","assessed_value":4000},{"address":"nan nan","assessed_value":18000},{"address":"5480.0 THIBAULT WYND NW","assessed_value":619000},{"address":"7968.0 2 AVENUE SW","assessed_value":323000},{"address":"8236.0 5 AVENUE SW","assessed_value":486000},{"address":"10303.0 105 STREET NW","assessed_value":194000},{"address":"14259.0 50 STREET NW","assessed_value":151500},{"address":"10303.0 105 STREET NW","assessed_value":188000},{"address":"nan nan","assessed_value":17500},{"address":"1752.0 GLASTONBURY BOULEVARD NW","assessed_value":452000},{"address":"5107.0 162 AVENUE NW","assessed_value":443000},{"address":"10179.0 105 STREET NW","assessed_value":406500},{"address":"661.0 HODGSON ROAD NW","assessed_value":631000},{"address":"1816.0 121 STREET SW","assessed_value":438500},{"address":"3.0 CRYSTAL CRESCENT NW","assessed_value":135500},{"address":"10649.0 SASKATCHEWAN DRIVE NW","assessed_value":312000},{"address":"10625.0 115 STREET NW","assessed_value":61000},{"address":"245.0 EDWARDS DRIVE SW","assessed_value":163500},{"address":"14121.0 148A AVENUE NW","assessed_value":443000},{"address":"1303.0 69 STREET SW","assessed_value":894500},{"address":"nan nan","assessed_value":24000},{"address":"1541.0 RUTHERFORD ROAD SW","assessed_value":368000},{"address":"16221.0 95 STREET NW","assessed_value":175500},{"address":"717.0 82 STREET SW","assessed_value":344500},{"address":"414.0 79 STREET SW","assessed_value":486500},{"address":"3228.0 26 STREET NW","assessed_value":490500},{"address":"1069.0 LEGER BOULEVARD NW","assessed_value":503500},{"address":"2343.0 28B AVENUE NW","assessed_value":397500},{"address":"14009.0 146 AVENUE NW","assessed_value":486500},{"address":"730.0 83 STREET SW","assessed_value":363000},{"address":"9707.0 105 STREET NW","assessed_value":147000},{"address":"17011.0 67 AVENUE NW","assessed_value":135500},{"address":"1406.0 HODGSON WAY NW","assessed_value":262000},{"address":"nan nan","assessed_value":24000},{"address":"2305.0 35A AVENUE NW","assessed_value":152500},{"address":"4908.0 206 STREET NW","assessed_value":501500},{"address":"2750.0 55 STREET NW","assessed_value":232000},{"address":"2944.0 25 STREET NW","assessed_value":363000},{"address":"12625.0 16A AVENUE SW","assessed_value":503500},{"address":"107.0 163 AVENUE NE","assessed_value":686500},{"address":"14408.0 98 STREET NW","assessed_value":378000},{"address":"5819.0 203 STREET NW","assessed_value":374000},{"address":"10035.0 SASKATCHEWAN DRIVE NW","assessed_value":982000},{"address":"1842.0 HOLMAN CRESCENT NW","assessed_value":523500},{"address":"21009.0 92A AVENUE NW","assessed_value":472500},{"address":"10535.0 122 STREET NW","assessed_value":171500},{"address":"nan nan","assessed_value":7000},{"address":"138.0 HEMINGWAY ROAD NW","assessed_value":331500},{"address":"12504.0 15 AVENUE SW","assessed_value":467000},{"address":"nan nan","assessed_value":9500},{"address":"nan nan","assessed_value":9500},{"address":"10024.0 JASPER AVENUE NW","assessed_value":97000},{"address":"1442.0 WOODWARD CRESCENT NW","assessed_value":1167500},{"address":"5942.0 SOUTH TERWILLEGAR BOULEVARD NW","assessed_value":376000},{"address":"2539.0 HANNA CRESCENT NW","assessed_value":437000},{"address":"nan nan","assessed_value":3000},{"address":"1830.0 102 STREET NW","assessed_value":2125000},{"address":"4.0 VALLEYVIEW POINT NW","assessed_value":13750000},{"address":"11109.0 84 AVENUE NW","assessed_value":352500},{"address":"17736.0 90 STREET NW","assessed_value":455000},{"address":"12104.0 16 AVENUE SW","assessed_value":304500},{"address":"208.0 MACEWAN ROAD SW","assessed_value":463500},{"address":"903.0 RUTHERFORD ROAD SW","assessed_value":319000},{"address":"16249.0 45 STREET NW","assessed_value":453500},{"address":"1206.0 MCKINNEY COURT NW","assessed_value":663000},{"address":"13005.0 140 AVENUE NW","assessed_value":192500},{"address":"nan nan","assessed_value":9500},{"address":"nan nan","assessed_value":9500},{"address":"17404.0 64 AVENUE NW","assessed_value":113500},{"address":"11325.0 83 STREET NW","assessed_value":139500},{"address":"10180.0 104 STREET NW","assessed_value":185000},{"address":"nan nan","assessed_value":18000},{"address":"10616.0 156 STREET NW","assessed_value":62500},{"address":"245.0 EDWARDS DRIVE SW","assessed_value":173500},{"address":"21024.0 92 AVENUE NW","assessed_value":451000},{"address":"3104.0 TRELLE LOOP NW","assessed_value":505500},{"address":"14823.0 140 STREET NW","assessed_value":375000},{"address":"126.0 BRINTNELL BOULEVARD NW","assessed_value":392000},{"address":"6723.0 11 AVENUE SW","assessed_value":1019500},{"address":"12611.0 16 AVENUE SW","assessed_value":512500},{"address":"16221.0 95 STREET NW","assessed_value":155500},{"address":"16415.0 55 STREET NW","assessed_value":439000},{"address":"16728.0 115 STREET NW","assessed_value":242000},{"address":"2801.0 25 STREET NW","assessed_value":417000},{"address":"nan nan","assessed_value":9500},{"address":"17828.0 109 STREET NW","assessed_value":598000},{"address":"1780.0 GLASTONBURY BOULEVARD NW","assessed_value":285500},{"address":"10303.0 105 STREET NW","assessed_value":180000},{"address":"9262.0 34 AVENUE NW","assessed_value":359500},{"address":"278.0 SUDER GREENS DRIVE NW","assessed_value":293500},{"address":"7004.0 MCINTYRE ROAD NW","assessed_value":673000},{"address":"nan nan","assessed_value":18000},{"address":"7816.0 5 AVENUE SW","assessed_value":483500},{"address":"612.0 111 STREET SW","assessed_value":205000},{"address":"1522.0 76 STREET SW","assessed_value":373000},{"address":"nan nan","assessed_value":6500},{"address":"11707.0 124 STREET NW","assessed_value":86500},{"address":"10024.0 JASPER AVENUE NW","assessed_value":94000},{"address":"2353.0 HAGEN LINK NW","assessed_value":519500},{"address":"16216.0 51 STREET NW","assessed_value":454000},{"address":"nan nan","assessed_value":3000},{"address":"14708.0 50 STREET NW","assessed_value":92500},{"address":"4312.0 139 AVENUE NW","assessed_value":142500},{"address":"20112.0 60 AVENUE NW","assessed_value":458500},{"address":"8624.0 175 AVENUE NW","assessed_value":493500},{"address":"1043.0 MCKINNEY GREEN NW","assessed_value":615000},{"address":"612.0 111 STREET SW","assessed_value":214500},{"address":"20124.0 46 AVENUE NW","assessed_value":414000},{"address":"nan nan","assessed_value":5000},{"address":"3339.0 26 STREET NW","assessed_value":522000},{"address":"278.0 SUDER GREENS DRIVE NW","assessed_value":243000},{"address":"2610.0 33 AVENUE NW","assessed_value":18500},{"address":"nan nan","assessed_value":18000},{"address":"10024.0 JASPER AVENUE NW","assessed_value":131000},{"address":"nan nan","assessed_value":6500},{"address":"530.0 HOOKE ROAD NW","assessed_value":190000},{"address":"16411.0 56 STREET NW","assessed_value":325500},{"address":"nan nan","assessed_value":18000},{"address":"nan nan","assessed_value":9000},{"address":"10024.0 JASPER AVENUE NW","assessed_value":105500},{"address":"5857.0 SUTTER PLACE NW","assessed_value":468500},{"address":"10649.0 SASKATCHEWAN DRIVE NW","assessed_value":320000},{"address":"211.0 LEWIS ESTATES BOULEVARD NW","assessed_value":502000},{"address":"3014.0 MACNEIL WAY NW","assessed_value":783500},{"address":"18107.0 101 STREET NW","assessed_value":485500},{"address":"16211.0 49 STREET NW","assessed_value":485500},{"address":"10303.0 105 STREET NW","assessed_value":141000},{"address":"17447.0 119 STREET NW","assessed_value":453000},{"address":"13830.0 150 AVENUE NW","assessed_value":179000},{"address":"630.0 MCALLISTER LOOP SW","assessed_value":165500},{"address":"14522.0 STONY PLAIN ROAD NW","assessed_value":350500},{"address":"nan nan","assessed_value":3000},{"address":"804.0 LAWRENCE COURT NW","assessed_value":519000},{"address":"4312.0 139 AVENUE NW","assessed_value":151500},{"address":"1459.0 WOODWARD CRESCENT NW","assessed_value":1913000},{"address":"168.0 HEMINGWAY ROAD NW","assessed_value":335000},{"address":"12111.0 51 AVENUE NW","assessed_value":141500},{"address":"16803.0 76 STREET NW","assessed_value":589000},{"address":"17616.0 90 STREET NW","assessed_value":443000},{"address":"7372.0 SINGER WAY NW","assessed_value":533500},{"address":"2653.0 TAYLOR GREEN NW","assessed_value":515500},{"address":"17807.0 90 STREET NW","assessed_value":392000},{"address":"2305.0 35A AVENUE NW","assessed_value":114500},{"address":"611.0 HODGSON ROAD NW","assessed_value":621500},{"address":"2508.0 HANNA CRESCENT NW","assessed_value":192000},{"address":"10179.0 105 STREET NW","assessed_value":269500},{"address":"10303.0 105 STREET NW","assessed_value":185500},{"address":"16221.0 95 STREET NW","assessed_value":153000},{"address":"851.0 DRYSDALE RUN NW","assessed_value":1027000},{"address":"8319.0 SHASKE CRESCENT NW","assessed_value":572500},{"address":"6035.0 165 AVENUE NW","assessed_value":452000},{"address":"503.0 77 STREET SW","assessed_value":493500},{"address":"230.0 EDWARDS DRIVE SW","assessed_value":250500},{"address":"5604.0 203 STREET NW","assessed_value":359500},{"address":"16231.0 49 STREET NW","assessed_value":416500},{"address":"16416.0 73 STREET NW","assessed_value":579000},{"address":"4315.0 154 AVENUE NW","assessed_value":455000},{"address":"10180.0 104 STREET NW","assessed_value":229000},{"address":"4312.0 139 AVENUE NW","assessed_value":146000},{"address":"nan nan","assessed_value":18000},{"address":"12104.0 16 AVENUE SW","assessed_value":318500},{"address":"nan nan","assessed_value":9500},{"address":"nan nan","assessed_value":500},{"address":"11933.0 106 AVENUE NW","assessed_value":199000},{"address":"14823.0 141 STREET NW","assessed_value":403000},{"address":"10180.0 104 STREET NW","assessed_value":222000},{"address":"nan nan","assessed_value":9500},{"address":"8407.0 5 AVENUE SW","assessed_value":596500},{"address":"1434.0 LATTA COURT NW","assessed_value":601000},{"address":"11325.0 83 STREET NW","assessed_value":125500},{"address":"11933.0 106 AVENUE NW","assessed_value":142500},{"address":"21403.0 25 AVENUE SW","assessed_value":28000},{"address":"8643.0 173 AVENUE NW","assessed_value":330000},{"address":"nan nan","assessed_value":500},{"address":"10311.0 111 STREET NW","assessed_value":216500},{"address":"18503.0 104 AVENUE NW","assessed_value":69500},{"address":"2430.0 GUARDIAN ROAD NW","assessed_value":193000},{"address":"4628.0 191 STREET NW","assessed_value":443000},{"address":"nan nan","assessed_value":7000},{"address":"261.0 YOUVILLE DRIVE EAST NW","assessed_value":168000},{"address":"nan nan","assessed_value":6500},{"address":"15920.0 139 STREET NW","assessed_value":396500},{"address":"12135.0 122 STREET NW","assessed_value":267500},{"address":"612.0 111 STREET SW","assessed_value":213500},{"address":"4530.0 154 AVENUE NW","assessed_value":459000},{"address":"926.0 CHAHLEY CRESCENT NW","assessed_value":482000},{"address":"nan nan","assessed_value":8000},{"address":"nan nan","assessed_value":3000},{"address":"15631.0 45 STREET NW","assessed_value":370500},{"address":"749.0 MCALLISTER LOOP SW","assessed_value":543000},{"address":"11325.0 83 STREET NW","assessed_value":129500},{"address":"nan nan","assessed_value":10000},{"address":"10909.0 103 AVENUE NW","assessed_value":252500},{"address":"15620.0 44 STREET NW","assessed_value":389500},{"address":"7436.0 168 AVENUE NW","assessed_value":694000},{"address":"8403.0 164 AVENUE NW","assessed_value":302500},{"address":"11658.0 111 AVENUE NW","assessed_value":368000},{"address":"612.0 111 STREET SW","assessed_value":234500},{"address":"10535.0 122 STREET NW","assessed_value":129500},{"address":"nan nan","assessed_value":6500},{"address":"nan nan","assessed_value":7000},{"address":"1179.0 SUMMERSIDE DRIVE SW","assessed_value":191000},{"address":"230.0 EDWARDS DRIVE SW","assessed_value":246500},{"address":"16505.0 56 STREET NW","assessed_value":417000},{"address":"1631.0 126 STREET SW","assessed_value":545500},{"address":"14259.0 50 STREET NW","assessed_value":132000},{"address":"10311.0 111 STREET NW","assessed_value":224000},{"address":"148.0 BRINTNELL BOULEVARD NW","assessed_value":375500},{"address":"3208.0 26 STREET NW","assessed_value":512000},{"address":"3460.0 29 STREET NW","assessed_value":442000},{"address":"2329.0 28A AVENUE NW","assessed_value":437500},{"address":"11325.0 83 STREET NW","assessed_value":128500},{"address":"5876.0 SUTTER PLACE NW","assessed_value":439000},{"address":"622.0 MCALLISTER LOOP SW","assessed_value":159500},{"address":"3042.0 MACNEIL WAY NW","assessed_value":717000},{"address":"10504.0 99 AVENUE NW","assessed_value":225500},{"address":"451.0 HYNDMAN CRESCENT NW","assessed_value":224500},{"address":"4619.0 156 AVENUE NW","assessed_value":457000},{"address":"5545.0 91 STREET NW","assessed_value":12224500},{"address":"20311.0 54 AVENUE NW","assessed_value":388500},{"address":"10407.0 122 STREET NW","assessed_value":212000},{"address":"nan nan","assessed_value":9500},{"address":"8304.0 11 AVENUE SW","assessed_value":274000},{"address":"15923.0 134 STREET NW","assessed_value":512000},{"address":"2430.0 GUARDIAN ROAD NW","assessed_value":139500},{"address":"2725.0 HANNA COURT NW","assessed_value":637500},{"address":"1107.0 115 STREET SW","assessed_value":537500},{"address":"5204.0 205 STREET NW","assessed_value":528000},{"address":"1291.0 MCALLISTER WAY SW","assessed_value":459500},{"address":"nan nan","assessed_value":9000},{"address":"nan nan","assessed_value":4500},{"address":"5504.0 STEVENS CRESCENT NW","assessed_value":399000},{"address":"nan nan","assessed_value":14000},{"address":"5413.0 164 AVENUE NW","assessed_value":475000},{"address":"nan nan","assessed_value":7000},{"address":"230.0 EDWARDS DRIVE SW","assessed_value":251500},{"address":"10303.0 105 STREET NW","assessed_value":172000},{"address":"137.0 FRASER WAY NW","assessed_value":561000},{"address":"16221.0 95 STREET NW","assessed_value":170500},{"address":"172.0 HEMINGWAY ROAD NW","assessed_value":319000},{"address":"1609.0 LACOMBE COURT NW","assessed_value":515500},{"address":"1999.0 TANNER WYND NW","assessed_value":394500},{"address":"10179.0 105 STREET NW","assessed_value":235000},{"address":"9008.0 99 AVENUE NW","assessed_value":325000},{"address":"nan nan","assessed_value":9000},{"address":"5506.0 165 AVENUE NW","assessed_value":495500},{"address":"16928.0 119 STREET NW","assessed_value":450500},{"address":"230.0 OZERNA ROAD NW","assessed_value":545500},{"address":"10123.0 112 STREET NW","assessed_value":347500},{"address":"4312.0 139 AVENUE NW","assessed_value":146000},{"address":"nan nan","assessed_value":5000},{"address":"11029.0 84 STREET NW","assessed_value":76000},{"address":"10411.0 122 STREET NW","assessed_value":236500},{"address":"14016.0 146 AVENUE NW","assessed_value":467000},{"address":"10411.0 122 STREET NW","assessed_value":236000},{"address":"616.0 MCALLISTER LOOP SW","assessed_value":122500},{"address":"nan nan","assessed_value":500},{"address":"nan nan","assessed_value":9500},{"address":"636.0 MCALLISTER LOOP SW","assessed_value":163500},{"address":"16616.0 70 STREET NW","assessed_value":511500},{"address":"12110.0 106 AVENUE NW","assessed_value":245500},{"address":"7305.0 SINGER WAY NW","assessed_value":542500},{"address":"2605.0 MARION PLACE SW","assessed_value":472500},{"address":"287.0 MACEWAN ROAD SW","assessed_value":302500},{"address":"2305.0 35A AVENUE NW","assessed_value":114500},{"address":"4731.0 TERWILLEGAR COMMON NW","assessed_value":303500},{"address":"17003.0 67 AVENUE NW","assessed_value":152500},{"address":"nan nan","assessed_value":9500},{"address":"nan nan","assessed_value":9500},{"address":"nan nan","assessed_value":3500},{"address":"14012.0 146 AVENUE NW","assessed_value":460000},{"address":"17404.0 64 AVENUE NW","assessed_value":171000},{"address":"9707.0 105 STREET NW","assessed_value":157500},{"address":"15635.0 44 STREET NW","assessed_value":432000},{"address":"9715.0 110 STREET NW","assessed_value":134000},{"address":"9120.0 106 AVENUE NW","assessed_value":43000},{"address":"2430.0 GUARDIAN ROAD NW","assessed_value":168500},{"address":"1204.0 82 STREET SW","assessed_value":507000},{"address":"8520.0 175 AVENUE NW","assessed_value":590500},{"address":"nan nan","assessed_value":7000},{"address":"21220.0 90 AVENUE NW","assessed_value":359000},{"address":"1517.0 76 STREET SW","assessed_value":471000},{"address":"9312.0 104 AVENUE NW","assessed_value":58500},{"address":"10024.0 JASPER AVENUE NW","assessed_value":105500},{"address":"8716.0 175 AVENUE NW","assessed_value":442000},{"address":"1214.0 TREDGER COURT NW","assessed_value":790000},{"address":"nan nan","assessed_value":7000},{"address":"11325.0 83 STREET NW","assessed_value":105000},{"address":"20319.0 56 AVENUE NW","assessed_value":350500},{"address":"8807.0 87 STREET NW","assessed_value":412000},{"address":"17414.0 88 STREET NW","assessed_value":421000},{"address":"3955.0 MCMULLEN GREEN SW","assessed_value":361500},{"address":"530.0 HOOKE ROAD NW","assessed_value":200500},{"address":"18127.0 101 STREET NW","assessed_value":504500},{"address":"16311.0 95 STREET NW","assessed_value":208000},{"address":"8748.0 208 STREET NW","assessed_value":589500},{"address":"6104.0 165 AVENUE NW","assessed_value":453500},{"address":"nan nan","assessed_value":9500},{"address":"9707.0 105 STREET NW","assessed_value":203500},{"address":"10311.0 111 STREET NW","assessed_value":214000},{"address":"10118.0 95 STREET NW","assessed_value":162500},{"address":"10649.0 SASKATCHEWAN DRIVE NW","assessed_value":282500},{"address":"nan nan","assessed_value":500},{"address":"10407.0 122 STREET NW","assessed_value":238500},{"address":"4947.0 206 STREET NW","assessed_value":467000},{"address":"13455.0 140 AVENUE NW","assessed_value":436500},{"address":"nan nan","assessed_value":6500},{"address":"22110.0 113 AVENUE NW","assessed_value":1315000},{"address":"7203.0 164 AVENUE NW","assessed_value":1123500},{"address":"10504.0 99 AVENUE NW","assessed_value":200000},{"address":"703.0 HUDSON PLACE NW","assessed_value":432500},{"address":"17715.0 96 AVENUE NW","assessed_value":335000},{"address":"nan nan","assessed_value":9500},{"address":"6215.0 164 AVENUE NW","assessed_value":447500},{"address":"1204.0 ELLWOOD ROAD SW","assessed_value":4473500},{"address":"801.0 CHAHLEY WAY NW","assessed_value":905500},{"address":"2935.0 25 STREET NW","assessed_value":370500},{"address":"1215.0 MCKINNEY COURT NW","assessed_value":626500},{"address":"10606.0 102 AVENUE NW","assessed_value":206500},{"address":"nan nan","assessed_value":9500},{"address":"16404.0 64 STREET NW","assessed_value":467500},{"address":"20516.0 58 AVENUE NW","assessed_value":669000},{"address":"10535.0 122 STREET NW","assessed_value":183500},{"address":"279.0 SUDER GREENS DRIVE NW","assessed_value":190000},{"address":"10535.0 122 STREET NW","assessed_value":182500},{"address":"11025.0 82 AVENUE NW","assessed_value":13890000},{"address":"16508.0 57 STREET NW","assessed_value":410000},{"address":"2508.0 HANNA CRESCENT NW","assessed_value":195000},{"address":"nan nan","assessed_value":9500},{"address":"1248.0 TREDGER COURT NW","assessed_value":810500},{"address":"10606.0 102 AVENUE NW","assessed_value":211000},{"address":"903.0 RUTHERFORD ROAD SW","assessed_value":331000},{"address":"411.0 84 STREET SW","assessed_value":486000},{"address":"2323.0 32 AVENUE NW","assessed_value":498500},{"address":"12838.0 65 STREET NW","assessed_value":103500},{"address":"10652.0 181 AVENUE NW","assessed_value":527500},{"address":"20147.0 46 AVENUE NW","assessed_value":434000},{"address":"16316.0 56 STREET NW","assessed_value":336500},{"address":"61.0 HOMESTEAD CRESCENT NW","assessed_value":606500},{"address":"2514.0 33A AVENUE NW","assessed_value":566000},{"address":"12104.0 16 AVENUE SW","assessed_value":313000},{"address":"nan nan","assessed_value":12500},{"address":"nan nan","assessed_value":3500},{"address":"nan nan","assessed_value":3000},{"address":"12838.0 65 STREET NW","assessed_value":109000},{"address":"704.0 HUDSON PLACE NW","assessed_value":474000},{"address":"1161.0 GOODWIN CIRCLE NW","assessed_value":594000},{"address":"nan nan","assessed_value":9500},{"address":"1687.0 HECTOR ROAD NW","assessed_value":594500},{"address":"10024.0 JASPER AVENUE NW","assessed_value":100500},{"address":"6144.0 165 AVENUE NW","assessed_value":438500},{"address":"nan nan","assessed_value":4000},{"address":"2750.0 55 STREET NW","assessed_value":131500},{"address":"451.0 HYNDMAN CRESCENT NW","assessed_value":225500},{"address":"7464.0 SINGER LANDING NW","assessed_value":694500},{"address":"4624.0 191 STREET NW","assessed_value":476000},{"address":"11512.0 11 AVENUE SW","assessed_value":305000},{"address":"8403.0 164 AVENUE NW","assessed_value":295000},{"address":"1826.0 LEMIEUX CLOSE NW","assessed_value":579500},{"address":"1406.0 HODGSON WAY NW","assessed_value":241000},{"address":"7848.0 7 AVENUE SW","assessed_value":481500},{"address":"8010.0 145 AVENUE NW","assessed_value":8500},{"address":"10147.0 112 STREET NW","assessed_value":229000},{"address":"7306.0 166A AVENUE NW","assessed_value":484500},{"address":"7967.0 2 AVENUE SW","assessed_value":446000},{"address":"7838.0 5 AVENUE SW","assessed_value":497000},{"address":"nan nan","assessed_value":17500},{"address":"10024.0 JASPER AVENUE NW","assessed_value":167000},{"address":"15539.0 48 STREET NW","assessed_value":514000},{"address":"10935.0 83 STREET NW","assessed_value":44500},{"address":"7026.0 SOUTH TERWILLEGAR DRIVE NW","assessed_value":404500},{"address":"1006.0 MCKINNEY GREEN NW","assessed_value":599500},{"address":"11919.0 19 AVENUE SW","assessed_value":447000},{"address":"4019.0 158 AVENUE NW","assessed_value":435500},{"address":"17003.0 67 AVENUE NW","assessed_value":156000},{"address":"10147.0 112 STREET NW","assessed_value":189000},{"address":"nan nan","assessed_value":9500},{"address":"2098.0 BLACKMUD CREEK DRIVE SW","assessed_value":213500},{"address":"12430.0 18A AVENUE SW","assessed_value":705000},{"address":"nan nan","assessed_value":7000},{"address":"18266.0 104A STREET NW","assessed_value":348000},{"address":"10305.0 97 STREET NW","assessed_value":466000},{"address":"nan nan","assessed_value":18000},{"address":"nan nan","assessed_value":18000},{"address":"2816.0 34A AVENUE NW","assessed_value":587000},{"address":"nan nan","assessed_value":9500},{"address":"1924.0 120 STREET SW","assessed_value":549000},{"address":"16311.0 95 STREET NW","assessed_value":143500},{"address":"nan nan","assessed_value":3500},{"address":"11325.0 83 STREET NW","assessed_value":122500},{"address":"nan nan","assessed_value":9500},{"address":"88.0 WIZE COURT NW","assessed_value":2701000},{"address":"10504.0 99 AVENUE NW","assessed_value":238500},{"address":"14708.0 50 STREET NW","assessed_value":94000},{"address":"10411.0 122 STREET NW","assessed_value":226000},{"address":"17808.0 110 STREET NW","assessed_value":553000},{"address":"1709.0 MELROSE CRESCENT SW","assessed_value":539500},{"address":"287.0 MACEWAN ROAD SW","assessed_value":292500},{"address":"20128.0 58 AVENUE NW","assessed_value":418000}]