[{"address":"9319.0 82 STREET NW","assessed_value":500},{"address":"10404.0 81 STREET NW","assessed_value":756500},{"address":"6903.0 11 AVENUE NW","assessed_value":442000},{"address":"8727.0 92B AVENUE NW","assessed_value":486500},{"address":"10624.0 57 STREET NW","assessed_value":467500},{"address":"7016.0 MILL WOODS ROAD SOUTH NW","assessed_value":185500},{"address":"7707.0 73 AVENUE NW","assessed_value":387500},{"address":"5512.0 97 AVENUE NW","assessed_value":440500},{"address":"1720.0 51 STREET NW","assessed_value":389500},{"address":"894.0 MILLBOURNE ROAD EAST NW","assessed_value":213000},{"address":"10103.0 76 STREET NW","assessed_value":681000},{"address":"7207.0 98A AVENUE NW","assessed_value":410500},{"address":"4211.0 105 AVENUE NW","assessed_value":360000},{"address":"9304.0 85 STREET NW","assessed_value":325500},{"address":"8739.0 85 AVENUE NW","assessed_value":426500},{"address":"7614.0 10 AVENUE NW","assessed_value":433000},{"address":"1635.0 89 STREET NW","assessed_value":385000},{"address":"9315.0 54 STREET NW","assessed_value":349000},{"address":"7067.0 32 AVENUE NW","assessed_value":191500},{"address":"7342.0 18 AVENUE NW","assessed_value":395000},{"address":"2315.0 85 STREET NW","assessed_value":181000},{"address":"1021.0 73 STREET NW","assessed_value":454000},{"address":"7215.0 98 AVENUE NW","assessed_value":380500},{"address":"10652.0 59 STREET NW","assessed_value":414000},{"address":"122.0 RICHFIELD ROAD NW","assessed_value":31500},{"address":"9819.0 69 AVENUE NW","assessed_value":385500},{"address":"4407.0 106 AVENUE NW","assessed_value":380500},{"address":"8711.0 40 AVENUE NW","assessed_value":371000},{"address":"1078.0 LAKEWOOD ROAD NORTH NW","assessed_value":205500},{"address":"1129.0 KNOTTWOOD ROAD EAST NW","assessed_value":189500},{"address":"6936.0 101 AVENUE NW","assessed_value":1452000},{"address":"7907.0 73 AVENUE NW","assessed_value":412000},{"address":"8441.0 CORONET ROAD NW","assessed_value":2602500},{"address":"6408.0 95 AVENUE NW","assessed_value":450000},{"address":"6712.0 40 AVENUE NW","assessed_value":522500},{"address":"1562.0 69 STREET NW","assessed_value":167000},{"address":"10212.0 70 STREET NW","assessed_value":462500},{"address":"5103.0 92 AVENUE NW","assessed_value":445000},{"address":"3867.0 76 STREET NW","assessed_value":114000},{"address":"9148.0 82 AVENUE NW","assessed_value":380000},{"address":"10536.0 48 STREET NW","assessed_value":397500},{"address":"8204.0 98 AVENUE NW","assessed_value":426000},{"address":"8740.0 92A AVENUE NW","assessed_value":710500},{"address":"7320.0 21 AVENUE NW","assessed_value":365000},{"address":"9120.0 83 STREET NW","assessed_value":415500},{"address":"3111.0 89 STREET NW","assessed_value":416500},{"address":"9068.0 52 STREET NW","assessed_value":500000},{"address":"1815.0 LAKEWOOD ROAD SOUTH NW","assessed_value":14500},{"address":"7412.0 38 AVENUE NW","assessed_value":114000},{"address":"6135.0 99 STREET NW","assessed_value":2615000},{"address":"9342.0 56 STREET NW","assessed_value":454500},{"address":"9714.0 70 AVENUE NW","assessed_value":440000},{"address":"10511.0 45 STREET NW","assessed_value":480500},{"address":"7004.0 92A AVENUE NW","assessed_value":465000},{"address":"2022.0 86 STREET NW","assessed_value":427000},{"address":"10635.0 76 STREET NW","assessed_value":645000},{"address":"6211.0 90 AVENUE NW","assessed_value":271000},{"address":"8519.0 67 AVENUE NW","assessed_value":992500},{"address":"2117.0 85 STREET NW","assessed_value":445500},{"address":"360.0 RICHFIELD ROAD NW","assessed_value":426000},{"address":"9344.0 70 AVENUE NW","assessed_value":410500},{"address":"415.0 RICHFIELD ROAD NW","assessed_value":380500},{"address":"8208.0 ROWLAND ROAD NW","assessed_value":643500},{"address":"4703.0 105A AVENUE NW","assessed_value":533000},{"address":"10238.0 83 STREET NW","assessed_value":445500},{"address":"154.0 LEE RIDGE ROAD NW","assessed_value":203500},{"address":"10735.0 50 STREET NW","assessed_value":416000},{"address":"9444.0 76 STREET NW","assessed_value":417500},{"address":"7220.0 100 AVENUE NW","assessed_value":481500},{"address":"5907.0 90 AVENUE NW","assessed_value":362500},{"address":"525.0 KNOTTWOOD ROAD WEST NW","assessed_value":213000},{"address":"4003.0 106B AVENUE NW","assessed_value":529500},{"address":"8556.0 64 AVENUE NW","assessed_value":412500},{"address":"1915.0 52 STREET NW","assessed_value":440500},{"address":"7932.0 76 AVENUE NW","assessed_value":388500},{"address":"1472.0 KNOTTWOOD ROAD EAST NW","assessed_value":283000},{"address":"266.0 RICHFIELD ROAD NW","assessed_value":146000},{"address":"2176.0 MILL WOODS ROAD NW","assessed_value":176000},{"address":"6912.0 93 AVENUE NW","assessed_value":595500},{"address":"10535.0 77 STREET NW","assessed_value":361500},{"address":"1744.0 LAKEWOOD ROAD SOUTH NW","assessed_value":171500},{"address":"9720.0 64 AVENUE NW","assessed_value":388000},{"address":"395.0 RICHFIELD ROAD NW","assessed_value":327500},{"address":"635.0 LAKEWOOD ROAD NORTH NW","assessed_value":294000},{"address":"9607.0 86 STREET NW","assessed_value":535500},{"address":"6703.0 41 AVENUE NW","assessed_value":378000},{"address":"6732.0 84 STREET NW","assessed_value":455500},{"address":"9919.0 82 STREET NW","assessed_value":620000},{"address":"6108.0 101 AVENUE NW","assessed_value":359500},{"address":"9034.0 92 STREET NW","assessed_value":521000},{"address":"4512.0 109 AVENUE NW","assessed_value":459000},{"address":"8307.0 10 AVENUE NW","assessed_value":378000},{"address":"7107.0 81 STREET NW","assessed_value":723000},{"address":"6703.0 22 AVENUE NW","assessed_value":372000},{"address":"9543.0 69 AVENUE NW","assessed_value":422000},{"address":"4816.0 99 STREET NW","assessed_value":3161000},{"address":"9932.0 78 STREET NW","assessed_value":536500},{"address":"10319.0 47 STREET NW","assessed_value":421000},{"address":"7927.0 77 AVENUE NW","assessed_value":415500},{"address":"6278.0 92 STREET NW","assessed_value":1115000},{"address":"6012.0 94A AVENUE NW","assessed_value":497500},{"address":"4720.0 105 AVENUE NW","assessed_value":506500},{"address":"4227.0 83 STREET NW","assessed_value":396000},{"address":"8412.0 44 AVENUE NW","assessed_value":408000},{"address":"7623.0 88 AVENUE NW","assessed_value":359500},{"address":"9624.0 67A STREET NW","assessed_value":425000},{"address":"9314.0 73 AVENUE NW","assessed_value":392500},{"address":"9827.0 70 AVENUE NW","assessed_value":378000},{"address":"7216.0 96B AVENUE NW","assessed_value":768000},{"address":"6804.0 32 AVENUE NW","assessed_value":381000},{"address":"201.0 MORIN MAZE NW","assessed_value":199000},{"address":"1586.0 69 STREET NW","assessed_value":165500},{"address":"9011.0 60 STREET NW","assessed_value":408000},{"address":"9022.0 91 STREET NW","assessed_value":454500},{"address":"9607.0 76 STREET NW","assessed_value":490500},{"address":"10744.0 67 STREET NW","assessed_value":459000},{"address":"1716.0 68 STREET NW","assessed_value":439000},{"address":"8512.0 64 AVENUE NW","assessed_value":445500},{"address":"7131.0 80 STREET NW","assessed_value":446000},{"address":"8925.0 62 AVENUE NW","assessed_value":3056500},{"address":"1509.0 KNOTTWOOD ROAD NORTH NW","assessed_value":190500},{"address":"8139.0 80 AVENUE NW","assessed_value":358500},{"address":"10228.0 82 STREET NW","assessed_value":463500},{"address":"2651.0 83 STREET NW","assessed_value":384000},{"address":"7211.0 95 AVENUE NW","assessed_value":406500},{"address":"8311.0 73 AVENUE NW","assessed_value":394500},{"address":"1904.0 73 STREET NW","assessed_value":393000},{"address":"9603.0 OTTEWELL ROAD NW","assessed_value":550500},{"address":"7107.0 87 AVENUE NW","assessed_value":430500},{"address":"7315.0 98A AVENUE NW","assessed_value":448500},{"address":"1118.0 MILLBOURNE ROAD EAST NW","assessed_value":192000},{"address":"9742.0 70 AVENUE NW","assessed_value":427000},{"address":"4207.0 89 STREET NW","assessed_value":401000},{"address":"1594.0 LAKEWOOD ROAD WEST NW","assessed_value":373000},{"address":"6420.0 84 STREET NW","assessed_value":470500},{"address":"10236.0 82 STREET NW","assessed_value":438000},{"address":"8507.0 52 STREET NW","assessed_value":327500},{"address":"7603.0 75 AVENUE NW","assessed_value":406500},{"address":"10619.0 61 STREET NW","assessed_value":420000},{"address":"6828.0 86 AVENUE NW","assessed_value":429500},{"address":"6311.0 94B AVENUE NW","assessed_value":417000},{"address":"8953.0 STRATHEARN DRIVE NW","assessed_value":2380500},{"address":"9743.0 65 AVENUE NW","assessed_value":382500},{"address":"7427.0 15 AVENUE NW","assessed_value":418000},{"address":"8616.0 CONNORS ROAD NW","assessed_value":468000},{"address":"9304.0 31 AVENUE NW","assessed_value":2491500},{"address":"6074.0 MILL WOODS ROAD SOUTH NW","assessed_value":184000},{"address":"3906.0 76 STREET NW","assessed_value":189000},{"address":"10215.0 80 STREET NW","assessed_value":425500},{"address":"8905.0 80 AVENUE NW","assessed_value":1029500},{"address":"7902.0 75 STREET NW","assessed_value":415000},{"address":"6912.0 100 AVENUE NW","assessed_value":548500},{"address":"412.0 LEE RIDGE ROAD NW","assessed_value":378500},{"address":"2012.0 89 STREET NW","assessed_value":409000},{"address":"8127.0 96 AVENUE NW","assessed_value":374000},{"address":"10531.0 67 STREET NW","assessed_value":413500},{"address":"260.0 RICHFIELD ROAD NW","assessed_value":146000},{"address":"6230.0 100 STREET NW","assessed_value":500},{"address":"10638.0 80 STREET NW","assessed_value":559000},{"address":"9543.0 75 AVENUE NW","assessed_value":359000},{"address":"10547.0 40 STREET NW","assessed_value":581500},{"address":"6708.0 72 AVENUE NW","assessed_value":1334500},{"address":"10541.0 83 STREET NW","assessed_value":345500},{"address":"3125.0 82 STREET NW","assessed_value":282500},{"address":"15.0 TWIN TERRACE NW","assessed_value":188000},{"address":"6813.0 92 AVENUE NW","assessed_value":542500},{"address":"1320.0 69 STREET NW","assessed_value":408500},{"address":"5403.0 105 AVENUE NW","assessed_value":475000},{"address":"10761.0 65 STREET NW","assessed_value":618500},{"address":"3863.0 76 STREET NW","assessed_value":107000},{"address":"6603.0 19 AVENUE NW","assessed_value":438500},{"address":"3889.0 85 STREET NW","assessed_value":342500},{"address":"3130.0 73 STREET NW","assessed_value":389000},{"address":"3543.0 99 STREET NW","assessed_value":60500},{"address":"667.0 MILLBOURNE ROAD EAST NW","assessed_value":179000},{"address":"10344.0 48 STREET NW","assessed_value":375500},{"address":"7025.0 11 AVENUE NW","assessed_value":377500},{"address":"4304.0 68 STREET NW","assessed_value":472500},{"address":"4266.0 91A STREET NW","assessed_value":312000},{"address":"7704.0 ROWLAND ROAD NW","assessed_value":974500},{"address":"4406.0 107A AVENUE NW","assessed_value":500},{"address":"10126.0 72 STREET NW","assessed_value":342500},{"address":"9539.0 87 STREET NW","assessed_value":410000},{"address":"10143.0 79 STREET NW","assessed_value":410500},{"address":"1131.0 80 STREET NW","assessed_value":310000},{"address":"5403.0 107 AVENUE NW","assessed_value":1155000},{"address":"5403.0 17 AVENUE NW","assessed_value":370500},{"address":"8911.0 80 AVENUE NW","assessed_value":599000},{"address":"10412.0 47 STREET NW","assessed_value":396500},{"address":"10327.0 44 STREET NW","assessed_value":403000},{"address":"4703.0 102A AVENUE NW","assessed_value":364000},{"address":"6738.0 36A AVENUE NW","assessed_value":201000},{"address":"119.0 EKOTA CRESCENT NW","assessed_value":506000},{"address":"9635.0 70 AVENUE NW","assessed_value":424000},{"address":"1605.0 KNOTTWOOD ROAD NORTH NW","assessed_value":295500},{"address":"1154.0 75 STREET NW","assessed_value":333000},{"address":"5312.0 90A AVENUE NW","assessed_value":541000},{"address":"7627.0 98 AVENUE NW","assessed_value":384500},{"address":"1308.0 69 STREET NW","assessed_value":373500},{"address":"4523.0 101 STREET NW","assessed_value":1661000},{"address":"297.0 LEE RIDGE ROAD NW","assessed_value":473000},{"address":"522.0 LEE RIDGE ROAD NW","assessed_value":140000},{"address":"6050.0 75 STREET NW","assessed_value":2721500},{"address":"8731.0 60 AVENUE NW","assessed_value":1698000},{"address":"9319.0 74 STREET NW","assessed_value":413500},{"address":"8718.0 80 AVENUE NW","assessed_value":283500},{"address":"216.0 MORIN MAZE NW","assessed_value":242000},{"address":"6520.0 98 STREET NW","assessed_value":437000},{"address":"6603.0 90 AVENUE NW","assessed_value":500},{"address":"1931.0 73 STREET NW","assessed_value":154500},{"address":"7511.0 10 AVENUE NW","assessed_value":514500},{"address":"6008.0 94 AVENUE NW","assessed_value":436500},{"address":"4031.0 75 STREET NW","assessed_value":412500},{"address":"nan nan","assessed_value":8500},{"address":"8819.0 31 AVENUE NW","assessed_value":414500},{"address":"10625.0 80 STREET NW","assessed_value":686000},{"address":"4615.0 104 AVENUE NW","assessed_value":390000},{"address":"9516.0 74 STREET NW","assessed_value":465000},{"address":"8620.0 43 AVENUE NW","assessed_value":364000},{"address":"4803.0 104A AVENUE NW","assessed_value":379500},{"address":"10518.0 78 STREET NW","assessed_value":480000},{"address":"9857.0 74 AVENUE NW","assessed_value":368500},{"address":"10556.0 45 STREET NW","assessed_value":495000},{"address":"6203.0 100 AVENUE NW","assessed_value":3322000},{"address":"3815.0 76 STREET NW","assessed_value":500},{"address":"8423.0 14 AVENUE NW","assessed_value":448000},{"address":"174.0 LEE RIDGE ROAD NW","assessed_value":250500},{"address":"9350.0 90 STREET NW","assessed_value":623000},{"address":"9115.0 76 STREET NW","assessed_value":396500},{"address":"8316.0 29 AVENUE NW","assessed_value":403500},{"address":"7316.0 83 STREET NW","assessed_value":371500},{"address":"9104.0 OTTEWELL ROAD NW","assessed_value":418000},{"address":"7815.0 33 AVENUE NW","assessed_value":310000},{"address":"2624.0 83 STREET NW","assessed_value":482000},{"address":"8105.0 27 AVENUE NW","assessed_value":166000},{"address":"10670.0 65 STREET NW","assessed_value":433500},{"address":"6731.0 94B AVENUE NW","assessed_value":539000},{"address":"10631.0 47 STREET NW","assessed_value":499500},{"address":"6765.0 39 AVENUE NW","assessed_value":391500},{"address":"5909.0 84 AVENUE NW","assessed_value":363000},{"address":"1109.0 MILLBOURNE ROAD EAST NW","assessed_value":186000},{"address":"10.0 TWIN TERRACE NW","assessed_value":185000},{"address":"6320.0 DAVIES ROAD NW","assessed_value":2602000},{"address":"7008.0 MILL WOODS ROAD SOUTH NW","assessed_value":182000},{"address":"4039.0 77 STREET NW","assessed_value":418500},{"address":"7011.0 82 STREET NW","assessed_value":499500},{"address":"10325.0 74 STREET NW","assessed_value":396000},{"address":"7615.0 99 AVENUE NW","assessed_value":512500},{"address":"4604.0 103A AVENUE NW","assessed_value":373000},{"address":"125.0 MORIN MAZE NW","assessed_value":203000},{"address":"7803.0 44 AVENUE NW","assessed_value":389000},{"address":"8420.0 19 AVENUE NW","assessed_value":382000},{"address":"6923.0 101A AVENUE NW","assessed_value":410500},{"address":"4311.0 88 STREET NW","assessed_value":387500},{"address":"1516.0 75 STREET NW","assessed_value":351000},{"address":"9015.0 52 STREET NW","assessed_value":421500},{"address":"9530.0 81 STREET NW","assessed_value":542500},{"address":"9636.0 76 STREET NW","assessed_value":615000},{"address":"2323.0 85 STREET NW","assessed_value":197500},{"address":"2345.0 MILLBOURNE ROAD WEST NW","assessed_value":386500},{"address":"579.0 KNOTTWOOD ROAD WEST NW","assessed_value":185500},{"address":"1012.0 88 STREET NW","assessed_value":391500},{"address":"9695.0 45 AVENUE NW","assessed_value":1500},{"address":"7004.0 91 AVENUE NW","assessed_value":427500},{"address":"9835.0 60 AVENUE NW","assessed_value":2526500},{"address":"7404.0 92A AVENUE NW","assessed_value":407000},{"address":"9848.0 74 AVENUE NW","assessed_value":498500},{"address":"9741.0 54 AVENUE NW","assessed_value":4126500},{"address":"9927.0 83 STREET NW","assessed_value":521000},{"address":"8408.0 74 AVENUE NW","assessed_value":523000},{"address":"5203.0 FULTON ROAD NW","assessed_value":479000},{"address":"9339.0 69 AVENUE NW","assessed_value":368500},{"address":"8624.0 73 STREET NW","assessed_value":431000},{"address":"6107.0 101A AVENUE NW","assessed_value":407000},{"address":"8704.0 33 AVENUE NW","assessed_value":377000},{"address":"9220.0 73 STREET NW","assessed_value":360000},{"address":"1735.0 62 STREET NW","assessed_value":379500},{"address":"8958.0 78 AVENUE NW","assessed_value":483500},{"address":"1844.0 54 STREET NW","assessed_value":395000},{"address":"926.0 LAKEWOOD ROAD NORTH NW","assessed_value":189500},{"address":"9715.0 70 AVENUE NW","assessed_value":470500},{"address":"1435.0 80 STREET NW","assessed_value":357000},{"address":"898.0 LEE RIDGE ROAD NW","assessed_value":185000},{"address":"1129.0 LAKEWOOD ROAD NORTH NW","assessed_value":403000},{"address":"5410.0 17A AVENUE NW","assessed_value":417000},{"address":"9521.0 65 AVENUE NW","assessed_value":445500},{"address":"8516.0 68 AVENUE NW","assessed_value":558000},{"address":"7947.0 83 AVENUE NW","assessed_value":493000},{"address":"6808.0 100 AVENUE NW","assessed_value":407500},{"address":"4260.0 74 STREET NW","assessed_value":391000},{"address":"7407.0 98 AVENUE NW","assessed_value":1266000},{"address":"9832.0 69 AVENUE NW","assessed_value":437000},{"address":"8118.0 ROWLAND ROAD NW","assessed_value":583000},{"address":"7711.0 ROWLAND ROAD NW","assessed_value":478000},{"address":"10311.0 80 STREET NW","assessed_value":442500},{"address":"10246.0 80 STREET NW","assessed_value":423000},{"address":"1808.0 81 STREET NW","assessed_value":376000},{"address":"2211.0 85 STREET NW","assessed_value":437500},{"address":"9617.0 57 STREET NW","assessed_value":410500},{"address":"1772.0 LAKEWOOD ROAD SOUTH NW","assessed_value":171500},{"address":"7120.0 39A AVENUE NW","assessed_value":340000},{"address":"5526.0 19A AVENUE NW","assessed_value":154000},{"address":"6324.0 102A AVENUE NW","assessed_value":454000},{"address":"7627.0 88 AVENUE NW","assessed_value":1066000},{"address":"3223.0 67 STREET NW","assessed_value":388500},{"address":"6901.0 99 STREET NW","assessed_value":269500},{"address":"8732.0 76 AVENUE NW","assessed_value":356500},{"address":"9123.0 75 AVENUE NW","assessed_value":482500},{"address":"10912.0 50 STREET NW","assessed_value":10000},{"address":"1820.0 54 STREET NW","assessed_value":382500},{"address":"1623.0 89 STREET NW","assessed_value":378000},{"address":"2024.0 57 STREET NW","assessed_value":192000},{"address":"759.0 LEE RIDGE ROAD NW","assessed_value":495500},{"address":"8516.0 75 AVENUE NW","assessed_value":404500},{"address":"1912.0 LAKEWOOD ROAD SOUTH NW","assessed_value":392500},{"address":"10745.0 65 STREET NW","assessed_value":488000},{"address":"9828.0 74 STREET NW","assessed_value":499000},{"address":"9111.0 83 STREET NW","assessed_value":425000},{"address":"9228.0 75 STREET NW","assessed_value":385500},{"address":"9606.0 85 STREET NW","assessed_value":460500},{"address":"7020.0 90 AVENUE NW","assessed_value":432500},{"address":"2024.0 57 STREET NW","assessed_value":208000},{"address":"8614.0 38A AVENUE NW","assessed_value":182500},{"address":"10511.0 FULTON DRIVE NW","assessed_value":500},{"address":"6732.0 31 AVENUE NW","assessed_value":356500},{"address":"4519.0 103A AVENUE NW","assessed_value":379000},{"address":"6108.0 18 AVENUE NW","assessed_value":425000},{"address":"10213.0 75 STREET NW","assessed_value":521000},{"address":"7543.0 79 AVENUE NW","assessed_value":389500},{"address":"7220.0 95 AVENUE NW","assessed_value":471000},{"address":"3932.0 67 STREET NW","assessed_value":445000},{"address":"7916.0 33 AVENUE NW","assessed_value":409000},{"address":"5812.0 89 AVENUE NW","assessed_value":442000},{"address":"1428.0 LAKEWOOD ROAD WEST NW","assessed_value":125000},{"address":"7416.0 81 STREET NW","assessed_value":385500},{"address":"7008.0 44 AVENUE NW","assessed_value":347000},{"address":"10819.0 48 STREET NW","assessed_value":915500},{"address":"8915.0 STRATHEARN DRIVE NW","assessed_value":1199500},{"address":"5811.0 105 AVENUE NW","assessed_value":500},{"address":"9527.0 91 STREET NW","assessed_value":400500},{"address":"9015.0 90 STREET NW","assessed_value":791000},{"address":"8556.0 38A AVENUE NW","assessed_value":138500},{"address":"7936.0 82 AVENUE NW","assessed_value":355500},{"address":"10204.0 52 STREET NW","assessed_value":610500},{"address":"8219.0 10 AVENUE NW","assessed_value":419000},{"address":"6011.0 93A AVENUE NW","assessed_value":529500},{"address":"3827.0 76 STREET NW","assessed_value":107500},{"address":"5307.0 109A AVENUE NW","assessed_value":595000},{"address":"430.0 MILLBOURNE ROAD EAST NW","assessed_value":13500},{"address":"8731.0 84 AVENUE NW","assessed_value":471500},{"address":"17.0 TWIN TERRACE NW","assessed_value":192000},{"address":"10722.0 CAPILANO STREET NW","assessed_value":500000},{"address":"8703.0 56 STREET NW","assessed_value":467000},{"address":"679.0 LEE RIDGE ROAD NW","assessed_value":486000},{"address":"8522.0 38A AVENUE NW","assessed_value":133500},{"address":"9143.0 73 AVENUE NW","assessed_value":562000},{"address":"150.0 KNOTTWOOD ROAD NORTH NW","assessed_value":178000},{"address":"6416.0 94B AVENUE NW","assessed_value":399500},{"address":"9639.0 65 AVENUE NW","assessed_value":434500},{"address":"9603.0 75 STREET NW","assessed_value":448000},{"address":"9248.0 77 STREET NW","assessed_value":414500},{"address":"6807.0 96A AVENUE NW","assessed_value":494500},{"address":"10244.0 74 STREET NW","assessed_value":322500},{"address":"1704.0 54 STREET NW","assessed_value":451000},{"address":"1083.0 MILLBOURNE ROAD EAST NW","assessed_value":198000},{"address":"1917.0 65 STREET NW","assessed_value":335000},{"address":"9027.0 58 STREET NW","assessed_value":450500},{"address":"9620.0 62 AVENUE NW","assessed_value":1415000},{"address":"6104.0 92A AVENUE NW","assessed_value":535000},{"address":"8408.0 54 STREET NW","assessed_value":470000},{"address":"9623.0 OTTEWELL ROAD NW","assessed_value":478000},{"address":"4639.0 103A AVENUE NW","assessed_value":386500},{"address":"5904.0 106A AVENUE NW","assessed_value":514500},{"address":"6723.0 88 STREET NW","assessed_value":447500},{"address":"5720.0 90 AVENUE NW","assessed_value":456500},{"address":"9248.0 69A STREET NW","assessed_value":412500},{"address":"9416.0 68A STREET NW","assessed_value":429500},{"address":"2946.0 89 STREET NW","assessed_value":431000},{"address":"8308.0 29 AVENUE NW","assessed_value":352000},{"address":"9023.0 90 STREET NW","assessed_value":375000},{"address":"1049.0 MILLBOURNE ROAD EAST NW","assessed_value":211500},{"address":"9315.0 90 STREET NW","assessed_value":364500},{"address":"5317.0 18A AVENUE NW","assessed_value":404000},{"address":"6803.0 22 AVENUE NW","assessed_value":420500},{"address":"9322.0 71 AVENUE NW","assessed_value":442000},{"address":"6924.0 90 AVENUE NW","assessed_value":360000},{"address":"6504.0 91 STREET NW","assessed_value":481500},{"address":"8960.0 79 AVENUE NW","assessed_value":323500},{"address":"8931.0 81 AVENUE NW","assessed_value":381000},{"address":"403.0 KNOTTWOOD ROAD WEST NW","assessed_value":406000},{"address":"9908.0 74 STREET NW","assessed_value":419500},{"address":"9128.0 73 STREET NW","assessed_value":413500},{"address":"1084.0 LAKEWOOD ROAD NORTH NW","assessed_value":199500},{"address":"7612.0 83 AVENUE NW","assessed_value":399500},{"address":"3643.0 75 STREET NW","assessed_value":409000},{"address":"6916.0 90 AVENUE NW","assessed_value":380000},{"address":"6008.0 101A AVENUE NW","assessed_value":519000},{"address":"4419.0 104A AVENUE NW","assessed_value":422500},{"address":"9704.0 67A STREET NW","assessed_value":504000},{"address":"9539.0 81 STREET NW","assessed_value":424000},{"address":"7535.0 81 AVENUE NW","assessed_value":324000},{"address":"10343.0 83 STREET NW","assessed_value":413500},{"address":"6913.0 102A AVENUE NW","assessed_value":8500},{"address":"8808.0 71 STREET NW","assessed_value":400500},{"address":"10146.0 79 STREET NW","assessed_value":2078500},{"address":"1649.0 89 STREET NW","assessed_value":379500},{"address":"1090.0 KNOTTWOOD ROAD EAST NW","assessed_value":161500},{"address":"1106.0 75 STREET NW","assessed_value":354000},{"address":"10631.0 40 STREET NW","assessed_value":370500},{"address":"2607.0 89 STREET NW","assessed_value":350000},{"address":"598.0 LAKEWOOD ROAD NORTH NW","assessed_value":186500},{"address":"438.0 LEE RIDGE ROAD NW","assessed_value":142500},{"address":"9239.0 69A STREET NW","assessed_value":487000},{"address":"926.0 LEE RIDGE ROAD NW","assessed_value":175500},{"address":"6303.0 17 AVENUE NW","assessed_value":435500},{"address":"9336.0 86 STREET NW","assessed_value":487000},{"address":"8708.0 75 AVENUE NW","assessed_value":406000},{"address":"8620.0 76 STREET NW","assessed_value":397000},{"address":"9210.0 94 STREET NW","assessed_value":762000},{"address":"10050.0 32 AVENUE NW","assessed_value":2500},{"address":"8923.0 81 AVENUE NW","assessed_value":326500},{"address":"9719.0 66 AVENUE NW","assessed_value":398500},{"address":"10223.0 70 STREET NW","assessed_value":497500},{"address":"6704.0 107 AVENUE NW","assessed_value":469000},{"address":"5103.0 94B AVENUE NW","assessed_value":480500},{"address":"9539.0 88 AVENUE NW","assessed_value":711500},{"address":"7504.0 75 STREET NW","assessed_value":281000},{"address":"7616.0 91 AVENUE NW","assessed_value":405000},{"address":"8804.0 22 AVENUE NW","assessed_value":358500},{"address":"1313.0 LAKEWOOD ROAD WEST NW","assessed_value":294000},{"address":"7922.0 24 AVENUE NW","assessed_value":420000},{"address":"1816.0 65 STREET NW","assessed_value":380000},{"address":"4203.0 88 STREET NW","assessed_value":393500},{"address":"8812.0 44 AVENUE NW","assessed_value":426000},{"address":"8511.0 68 AVENUE NW","assessed_value":510000},{"address":"7315.0 96B AVENUE NW","assessed_value":504500},{"address":"9241.0 52 STREET NW","assessed_value":287500},{"address":"9836.0 78 STREET NW","assessed_value":485500},{"address":"1908.0 52 STREET NW","assessed_value":379000},{"address":"8307.0 71 STREET NW","assessed_value":401500},{"address":"10655.0 67 STREET NW","assessed_value":493000},{"address":"6507.0 88 AVENUE NW","assessed_value":392000},{"address":"10403.0 56 STREET NW","assessed_value":628000},{"address":"9919.0 76 STREET NW","assessed_value":397000},{"address":"7108.0 103 AVENUE NW","assessed_value":561000},{"address":"9803.0 75 STREET NW","assessed_value":382500},{"address":"9324.0 67A STREET NW","assessed_value":500500},{"address":"7107.0 12 AVENUE NW","assessed_value":370000},{"address":"9816.0 63 AVENUE NW","assessed_value":371500},{"address":"10407.0 79 STREET NW","assessed_value":430500},{"address":"9648.0 69 AVENUE NW","assessed_value":483000},{"address":"3142.0 73 STREET NW","assessed_value":370500},{"address":"2024.0 57 STREET NW","assessed_value":200500},{"address":"10128.0 72 STREET NW","assessed_value":591500},{"address":"8811.0 43 AVENUE NW","assessed_value":372000},{"address":"10612.0 69 STREET NW","assessed_value":521000},{"address":"8105.0 DAVIES ROAD NW","assessed_value":2369000},{"address":"9216.0 79 STREET NW","assessed_value":444000},{"address":"3920.0 72 STREET NW","assessed_value":461000},{"address":"646.0 LEE RIDGE ROAD NW","assessed_value":420000},{"address":"10435.0 82 STREET NW","assessed_value":411500},{"address":"7008.0 10 AVENUE NW","assessed_value":365500},{"address":"9216.0 58 STREET NW","assessed_value":525500},{"address":"3851.0 76 STREET NW","assessed_value":117500},{"address":"6824.0 98 AVENUE NW","assessed_value":480000},{"address":"6620.0 99 STREET NW","assessed_value":1960000},{"address":"682.0 LEE RIDGE ROAD NW","assessed_value":408500},{"address":"7606.0 93 AVENUE NW","assessed_value":396000},{"address":"9635.0 74 AVENUE NW","assessed_value":2500},{"address":"924.0 KNOTTWOOD ROAD SOUTH NW","assessed_value":368500},{"address":"7029.0 32 AVENUE NW","assessed_value":231000},{"address":"1162.0 KNOTTWOOD ROAD EAST NW","assessed_value":186000},{"address":"8704.0 82 AVENUE NW","assessed_value":790500},{"address":"8114.0 81 AVENUE NW","assessed_value":353500},{"address":"7040.0 81 STREET NW","assessed_value":376500},{"address":"8421.0 29 AVENUE NW","assessed_value":125000},{"address":"7947.0 24 AVENUE NW","assessed_value":427500},{"address":"7006.0 75 STREET NW","assessed_value":500},{"address":"9014.0 58 STREET NW","assessed_value":307000},{"address":"6920.0 38 AVENUE NW","assessed_value":176500},{"address":"8408.0 60 STREET NW","assessed_value":505500},{"address":"8524.0 73 AVENUE NW","assessed_value":407000},{"address":"8714.0 81 AVENUE NW","assessed_value":420500},{"address":"10508.0 74 STREET NW","assessed_value":453500},{"address":"8803.0 52 STREET NW","assessed_value":409000},{"address":"4324.0 68 STREET NW","assessed_value":363500},{"address":"4604.0 106 AVENUE NW","assessed_value":403500},{"address":"1152.0 68 STREET NW","assessed_value":422500},{"address":"2007.0 67 STREET NW","assessed_value":331500},{"address":"6510.0 103 AVENUE NW","assessed_value":411500},{"address":"9639.0 77 STREET NW","assessed_value":410500},{"address":"5707.0 106 AVENUE NW","assessed_value":434000},{"address":"7404.0 38 AVENUE NW","assessed_value":107000},{"address":"9133.0 64 AVENUE NW","assessed_value":432000},{"address":"7824.0 83 STREET NW","assessed_value":302000},{"address":"9535.0 85 STREET NW","assessed_value":402500},{"address":"3120.0 78 STREET NW","assessed_value":377500},{"address":"10251.0 FULTON ROAD NW","assessed_value":415500},{"address":"4352.0 68 STREET NW","assessed_value":515500},{"address":"6711.0 94A AVENUE NW","assessed_value":561000},{"address":"3139.0 89 STREET NW","assessed_value":406000},{"address":"2135.0 78 STREET NW","assessed_value":384500},{"address":"7619.0 86 AVENUE NW","assessed_value":372500},{"address":"1320.0 85 STREET NW","assessed_value":465000},{"address":"106.0 RICHFIELD ROAD NW","assessed_value":306500},{"address":"9735.0 67 AVENUE NW","assessed_value":420000},{"address":"6207.0 94B AVENUE NW","assessed_value":400500},{"address":"7224.0 93 STREET NW","assessed_value":404500},{"address":"9127.0 66 AVENUE NW","assessed_value":360000},{"address":"8218.0 104 AVENUE NW","assessed_value":469500},{"address":"10648.0 CAPILANO STREET NW","assessed_value":432500},{"address":"603.0 MILLBOURNE ROAD EAST NW","assessed_value":189000},{"address":"9304.0 82 STREET NW","assessed_value":577500},{"address":"7747.0 77 AVENUE NW","assessed_value":395500},{"address":"9111.0 72 STREET NW","assessed_value":416000},{"address":"2128.0 MILL WOODS ROAD NW","assessed_value":168000},{"address":"10907.0 46 STREET NW","assessed_value":604000},{"address":"9508.0 OTTEWELL ROAD NW","assessed_value":405000},{"address":"9308.0 67 AVENUE NW","assessed_value":468000},{"address":"6724.0 94B AVENUE NW","assessed_value":559500},{"address":"6804.0 36A AVENUE NW","assessed_value":201500},{"address":"9303.0 67 AVENUE NW","assessed_value":834500},{"address":"7020.0 21 AVENUE NW","assessed_value":473500},{"address":"8403.0 27 AVENUE NW","assessed_value":383000},{"address":"1291.0 LAKEWOOD ROAD WEST NW","assessed_value":287000},{"address":"3832.0 85 STREET NW","assessed_value":117000},{"address":"8503.0 26 AVENUE NW","assessed_value":334000},{"address":"10716.0 65 STREET NW","assessed_value":468000},{"address":"7503.0 77 AVENUE NW","assessed_value":353000},{"address":"5313.0 18A AVENUE NW","assessed_value":366000},{"address":"728.0 KNOTTWOOD ROAD SOUTH NW","assessed_value":341000},{"address":"3946.0 76 STREET NW","assessed_value":183000},{"address":"8704.0 CONNORS ROAD NW","assessed_value":476000},{"address":"2449.0 78 STREET NW","assessed_value":284500},{"address":"10516.0 52 STREET NW","assessed_value":447000},{"address":"7910.0 77 AVENUE NW","assessed_value":778000},{"address":"6711.0 32 AVENUE NW","assessed_value":369500},{"address":"9338.0 90 STREET NW","assessed_value":423500},{"address":"1425.0 69 STREET NW","assessed_value":424500},{"address":"4516.0 102 AVENUE NW","assessed_value":358000},{"address":"1111.0 LAKEWOOD ROAD NORTH NW","assessed_value":347500},{"address":"6508.0 97 AVENUE NW","assessed_value":379500},{"address":"8527.0 64 AVENUE NW","assessed_value":369500},{"address":"8945.0 79 AVENUE NW","assessed_value":445000},{"address":"9108.0 81 AVENUE NW","assessed_value":302500},{"address":"8507.0 42A AVENUE NW","assessed_value":382000},{"address":"1806.0 LAKEWOOD ROAD SOUTH NW","assessed_value":171500},{"address":"1920.0 62 STREET NW","assessed_value":407000},{"address":"5708.0 97A AVENUE NW","assessed_value":375500},{"address":"1024.0 LAKEWOOD ROAD NORTH NW","assessed_value":318500},{"address":"8704.0 10 AVENUE NW","assessed_value":430500},{"address":"10647.0 52 STREET NW","assessed_value":440500},{"address":"10529.0 82 STREET NW","assessed_value":408500},{"address":"8623.0 80 STREET NW","assessed_value":342000},{"address":"1348.0 LAKEWOOD ROAD WEST NW","assessed_value":177500},{"address":"8508.0 26 AVENUE NW","assessed_value":386000},{"address":"5907.0 89 AVENUE NW","assessed_value":446500},{"address":"1430.0 KNOTTWOOD ROAD EAST NW","assessed_value":1000},{"address":"9239.0 68 STREET NW","assessed_value":470500},{"address":"4204.0 103 AVENUE NW","assessed_value":385000},{"address":"8624.0 80 STREET NW","assessed_value":338000},{"address":"8539.0 80 AVENUE NW","assessed_value":485500},{"address":"3154.0 78 STREET NW","assessed_value":411500},{"address":"283.0 KNOTTWOOD ROAD NORTH NW","assessed_value":386000},{"address":"8829.0 91 STREET NW","assessed_value":454500},{"address":"4015.0 89 STREET NW","assessed_value":398000},{"address":"8407.0 79 STREET NW","assessed_value":421000},{"address":"8224.0 17 AVENUE NW","assessed_value":1500},{"address":"5603.0 94 AVENUE NW","assessed_value":418000},{"address":"10456.0 82 STREET NW","assessed_value":553500},{"address":"8207.0 93A AVENUE NW","assessed_value":497500},{"address":"9115.0 81 AVENUE NW","assessed_value":397000},{"address":"5212.0 94A AVENUE NW","assessed_value":442000},{"address":"8511.0 35A AVENUE NW","assessed_value":419000},{"address":"8062.0 ARGYLL ROAD NW","assessed_value":562500},{"address":"9635.0 75 STREET NW","assessed_value":418500},{"address":"7.0 EKOTA CRESCENT NW","assessed_value":370000},{"address":"2415.0 81 STREET NW","assessed_value":413000},{"address":"10636.0 ROWLAND ROAD NW","assessed_value":535500},{"address":"9420.0 75 STREET NW","assessed_value":385000},{"address":"2111.0 69 STREET NW","assessed_value":537000},{"address":"6040.0 91 STREET NW","assessed_value":2767000},{"address":"9432.0 74 STREET NW","assessed_value":412000},{"address":"5710.0 92C AVENUE NW","assessed_value":333000},{"address":"59.0 LAKEWOOD VILLAGE NW","assessed_value":190000},{"address":"5404.0 103 AVENUE NW","assessed_value":431000},{"address":"7123.0 90 AVENUE NW","assessed_value":491500},{"address":"86.0 EKOTA CRESCENT NW","assessed_value":431500},{"address":"10636.0 47 STREET NW","assessed_value":500},{"address":"9014.0 92 STREET NW","assessed_value":339500},{"address":"6735.0 88 STREET NW","assessed_value":1001000},{"address":"9908.0 67 AVENUE NW","assessed_value":2352000},{"address":"8519.0 58 STREET NW","assessed_value":396000},{"address":"9507.0 69A STREET NW","assessed_value":458500},{"address":"10131.0 84 STREET NW","assessed_value":474000},{"address":"7211.0 99 AVENUE NW","assessed_value":429500},{"address":"3624.0 73 STREET NW","assessed_value":475500},{"address":"3088.0 79 STREET NW","assessed_value":396000},{"address":"5110.0 19 AVENUE NW","assessed_value":477000},{"address":"4320.0 86 STREET NW","assessed_value":416000},{"address":"8912.0 CONNORS ROAD NW","assessed_value":476000},{"address":"7229.0 84 AVENUE NW","assessed_value":484000},{"address":"9742.0 71 AVENUE NW","assessed_value":337500},{"address":"7220.0 11 AVENUE NW","assessed_value":379000},{"address":"7903.0 79 AVENUE NW","assessed_value":855000},{"address":"3224.0 75 STREET NW","assessed_value":369000},{"address":"3131.0 72 STREET NW","assessed_value":363500},{"address":"4307.0 106 AVENUE NW","assessed_value":482000},{"address":"1155.0 72 STREET NW","assessed_value":386500},{"address":"4315.0 74 STREET NW","assessed_value":396500},{"address":"10634.0 61 STREET NW","assessed_value":481500},{"address":"7621.0 40 AVENUE NW","assessed_value":187500},{"address":"7607.0 41 AVENUE NW","assessed_value":378000},{"address":"8512.0 87 STREET NW","assessed_value":550500},{"address":"9215.0 77 STREET NW","assessed_value":479000},{"address":"8431.0 76 STREET NW","assessed_value":346500},{"address":"5010.0 19 AVENUE NW","assessed_value":319500},{"address":"5218.0 17A AVENUE NW","assessed_value":363000},{"address":"6125.0 17A AVENUE NW","assessed_value":405500},{"address":"3223.0 PARSONS ROAD NW","assessed_value":2574500},{"address":"9735.0 71 AVENUE NW","assessed_value":440000},{"address":"8611.0 42A AVENUE NW","assessed_value":396500},{"address":"7115.0 44 AVENUE NW","assessed_value":404000},{"address":"5104.0 107A AVENUE NW","assessed_value":467000},{"address":"10110.0 71 STREET NW","assessed_value":377500},{"address":"9362.0 83 STREET NW","assessed_value":331500},{"address":"10669.0 ROWLAND ROAD NW","assessed_value":797000},{"address":"8211.0 17 AVENUE NW","assessed_value":487500},{"address":"208.0 RICHFIELD ROAD NW","assessed_value":290000},{"address":"7103.0 96 STREET NW","assessed_value":376500},{"address":"6727.0 31A AVENUE NW","assessed_value":351000},{"address":"3204.0 74 STREET NW","assessed_value":362000},{"address":"3844.0 85 STREET NW","assessed_value":145000},{"address":"6304.0 93 AVENUE NW","assessed_value":506500},{"address":"6811.0 31 AVENUE NW","assessed_value":293500},{"address":"9627.0 64 AVENUE NW","assessed_value":424500},{"address":"9536.0 63 AVENUE NW","assessed_value":363000},{"address":"8833.0 92 STREET NW","assessed_value":420500},{"address":"6710.0 19 AVENUE NW","assessed_value":351500},{"address":"8530.0 75 AVENUE NW","assessed_value":408000},{"address":"1708.0 LAKEWOOD ROAD SOUTH NW","assessed_value":164500},{"address":"106.0 KNOTTWOOD ROAD NORTH NW","assessed_value":175000},{"address":"8732.0 92B AVENUE NW","assessed_value":448000},{"address":"5507.0 84 AVENUE NW","assessed_value":373000},{"address":"8607.0 92A AVENUE NW","assessed_value":548500},{"address":"9408.0 73 STREET NW","assessed_value":510500},{"address":"6102.0 DAVIES ROAD NW","assessed_value":2325500},{"address":"9322.0 69 STREET NW","assessed_value":8000},{"address":"303.0 MORIN MAZE NW","assessed_value":203000},{"address":"7404.0 96A AVENUE NW","assessed_value":448000},{"address":"8303.0 ARGYLL ROAD NW","assessed_value":4347500},{"address":"5507.0 90 AVENUE NW","assessed_value":359500},{"address":"6511.0 94B AVENUE NW","assessed_value":500},{"address":"nan nan","assessed_value":5500},{"address":"114.0 MORIN MAZE NW","assessed_value":203000},{"address":"7720.0 83 AVENUE NW","assessed_value":350500},{"address":"1662.0 LAKEWOOD ROAD SOUTH NW","assessed_value":167500},{"address":"6103.0 94B AVENUE NW","assessed_value":420500},{"address":"8339.0 81 AVENUE NW","assessed_value":346000},{"address":"6915.0 13 AVENUE NW","assessed_value":382500},{"address":"5607.0 92 AVENUE NW","assessed_value":448500},{"address":"6610.0 36A AVENUE NW","assessed_value":230000},{"address":"5504.0 18 AVENUE NW","assessed_value":373500},{"address":"3419.0 81 STREET NW","assessed_value":367000},{"address":"852.0 MILLBOURNE ROAD EAST NW","assessed_value":368000},{"address":"7115.0 15 AVENUE NW","assessed_value":373500},{"address":"7312.0 100 AVENUE NW","assessed_value":411000},{"address":"8424.0 34A AVENUE NW","assessed_value":382000},{"address":"6603.0 90 AVENUE NW","assessed_value":380000},{"address":"5505.0 92C AVENUE NW","assessed_value":340000},{"address":"7773.0 37 AVENUE NW","assessed_value":175500},{"address":"1139.0 68 STREET NW","assessed_value":383000},{"address":"1008.0 LAKEWOOD ROAD NORTH NW","assessed_value":400000},{"address":"9310.0 62 AVENUE NW","assessed_value":1979000},{"address":"9049.0 93 STREET NW","assessed_value":501000},{"address":"10415.0 47 STREET NW","assessed_value":380500},{"address":"7955.0 79 AVENUE NW","assessed_value":379000},{"address":"1360.0 LAKEWOOD ROAD WEST NW","assessed_value":190000},{"address":"7808.0 ROWLAND ROAD NW","assessed_value":985000},{"address":"9926.0 78 STREET NW","assessed_value":447500},{"address":"1070.0 MILLBOURNE ROAD EAST NW","assessed_value":192000},{"address":"9850.0 75 AVENUE NW","assessed_value":370000},{"address":"8707.0 80 AVENUE NW","assessed_value":459000},{"address":"8150.0 77 AVENUE NW","assessed_value":391000},{"address":"9540.0 74 STREET NW","assessed_value":403500},{"address":"8829.0 31 AVENUE NW","assessed_value":460000},{"address":"10155.0 74 STREET NW","assessed_value":601000},{"address":"9304.0 63 AVENUE NW","assessed_value":301500},{"address":"1607.0 KNOTTWOOD ROAD NORTH NW","assessed_value":301500},{"address":"2024.0 57 STREET NW","assessed_value":190500},{"address":"5804.0 105A AVENUE NW","assessed_value":404500},{"address":"2915.0 83 STREET NW","assessed_value":354000},{"address":"10643.0 CAPILANO STREET NW","assessed_value":436500},{"address":"678.0 LEE RIDGE ROAD NW","assessed_value":534000},{"address":"1604.0 KNOTTWOOD ROAD NORTH NW","assessed_value":334500},{"address":"9750.0 45 AVENUE NW","assessed_value":3099500},{"address":"8759.0 92 AVENUE NW","assessed_value":448500},{"address":"7111.0 43 AVENUE NW","assessed_value":350500},{"address":"8811.0 33 AVENUE NW","assessed_value":425500},{"address":"9308.0 OTTEWELL ROAD NW","assessed_value":392000},{"address":"5503.0 102A AVENUE NW","assessed_value":402000},{"address":"10351.0 42 STREET NW","assessed_value":329000},{"address":"8322.0 71 STREET NW","assessed_value":484500},{"address":"9639.0 79 STREET NW","assessed_value":417000},{"address":"8337.0 79 AVENUE NW","assessed_value":369500},{"address":"10675.0 HARDISTY DRIVE NW","assessed_value":521000},{"address":"10116.0 52 STREET NW","assessed_value":411500},{"address":"5410.0 92B AVENUE NW","assessed_value":389500},{"address":"6007.0 97A AVENUE NW","assessed_value":431500},{"address":"1521.0 69 STREET NW","assessed_value":412500},{"address":"9231.0 76 STREET NW","assessed_value":399500},{"address":"9408.0 52 STREET NW","assessed_value":516500},{"address":"8125.0 CORONET ROAD NW","assessed_value":1385500},{"address":"948.0 KNOTTWOOD ROAD SOUTH NW","assessed_value":382500},{"address":"4407.0 109A AVENUE NW","assessed_value":569000},{"address":"8527.0 43 AVENUE NW","assessed_value":387000},{"address":"4704.0 108 AVENUE NW","assessed_value":585500},{"address":"9725.0 92 STREET NW","assessed_value":569500},{"address":"3008.0 67 STREET NW","assessed_value":438500},{"address":"7028.0 11 AVENUE NW","assessed_value":431000},{"address":"9603.0 54 STREET NW","assessed_value":505000},{"address":"9011.0 OTTEWELL ROAD NW","assessed_value":298000},{"address":"7003.0 39 AVENUE NW","assessed_value":367000},{"address":"6514.0 103 AVENUE NW","assessed_value":500},{"address":"9304.0 68 STREET NW","assessed_value":509000},{"address":"1678.0 LAKEWOOD ROAD SOUTH NW","assessed_value":167500},{"address":"9730.0 73 AVENUE NW","assessed_value":479000},{"address":"3004.0 79 STREET NW","assessed_value":411500},{"address":"8718.0 79 AVENUE NW","assessed_value":477000},{"address":"5704.0 93A AVENUE NW","assessed_value":362000},{"address":"10020.0 56 AVENUE NW","assessed_value":9174000},{"address":"5407.0 103A AVENUE NW","assessed_value":394500},{"address":"9236.0 87 STREET NW","assessed_value":482500},{"address":"3207.0 78 STREET NW","assessed_value":380500},{"address":"9203.0 93 STREET NW","assessed_value":416500},{"address":"9203.0 62 STREET NW","assessed_value":429000},{"address":"3523.0 84 STREET NW","assessed_value":362500},{"address":"9405.0 76 AVENUE NW","assessed_value":481000},{"address":"2012.0 52 STREET NW","assessed_value":368000},{"address":"6920.0 89 AVENUE NW","assessed_value":451000},{"address":"10507.0 77 STREET NW","assessed_value":367000},{"address":"6160.0 80 STREET NW","assessed_value":108000},{"address":"609.0 KNOTTWOOD ROAD WEST NW","assessed_value":192500},{"address":"9123.0 70 AVENUE NW","assessed_value":546500},{"address":"634.0 LAKEWOOD ROAD NORTH NW","assessed_value":186500},{"address":"9002.0 90 STREET NW","assessed_value":486500},{"address":"8304.0 DAVIES ROAD NW","assessed_value":6226000},{"address":"7955.0 80 AVENUE NW","assessed_value":478500},{"address":"10812.0 52 STREET NW","assessed_value":431500},{"address":"5207.0 94A AVENUE NW","assessed_value":528500},{"address":"6812.0 11 AVENUE NW","assessed_value":430500},{"address":"7620.0 106A AVENUE NW","assessed_value":848500},{"address":"9552.0 74 AVENUE NW","assessed_value":265500},{"address":"7215.0 21 AVENUE NW","assessed_value":445500},{"address":"5711.0 101A AVENUE NW","assessed_value":421500},{"address":"9641.0 OTTEWELL ROAD NW","assessed_value":500},{"address":"7623.0 70 AVENUE NW","assessed_value":401500},{"address":"6019.0 94B AVENUE NW","assessed_value":398500},{"address":"nan nan","assessed_value":68500},{"address":"3404.0 71 STREET NW","assessed_value":389000},{"address":"9311.0 75 AVENUE NW","assessed_value":473000},{"address":"10417.0 78 STREET NW","assessed_value":686500},{"address":"7104.0 75 STREET NW","assessed_value":341000},{"address":"7525.0 101 AVENUE NW","assessed_value":690000},{"address":"8755.0 92B AVENUE NW","assessed_value":640000},{"address":"1120.0 MILLBOURNE ROAD EAST NW","assessed_value":192000},{"address":"3867.0 85 STREET NW","assessed_value":2000},{"address":"8714.0 80 AVENUE NW","assessed_value":239000},{"address":"5652.0 19A AVENUE NW","assessed_value":149500},{"address":"8142.0 80 AVENUE NW","assessed_value":326000},{"address":"7314.0 101 AVENUE NW","assessed_value":235500},{"address":"5411.0 104 AVENUE NW","assessed_value":429500},{"address":"372.0 RICHFIELD ROAD NW","assessed_value":415500},{"address":"10328.0 47 STREET NW","assessed_value":393000},{"address":"10245.0 78 STREET NW","assessed_value":536000},{"address":"9744.0 75 AVENUE NW","assessed_value":486000},{"address":"623.0 MILLBOURNE ROAD EAST NW","assessed_value":175500},{"address":"9248.0 73 STREET NW","assessed_value":835000},{"address":"6703.0 85 STREET NW","assessed_value":589500},{"address":"7014.0 11 AVENUE NW","assessed_value":471500},{"address":"7643.0 92 AVENUE NW","assessed_value":426500},{"address":"712.0 LEE RIDGE ROAD NW","assessed_value":476000},{"address":"7944.0 76 AVENUE NW","assessed_value":385500},{"address":"8412.0 56 STREET NW","assessed_value":442000},{"address":"1147.0 KNOTTWOOD ROAD EAST NW","assessed_value":171000},{"address":"10531.0 50 STREET NW","assessed_value":345500},{"address":"8955.0 77 AVENUE NW","assessed_value":317500},{"address":"7504.0 73 AVENUE NW","assessed_value":374500},{"address":"10419.0 84 STREET NW","assessed_value":411000},{"address":"8607.0 40 AVENUE NW","assessed_value":371500},{"address":"8510.0 79 AVENUE NW","assessed_value":744000},{"address":"5825.0 98 STREET NW","assessed_value":2842000},{"address":"7955.0 98 AVENUE NW","assessed_value":424500},{"address":"8603.0 80 STREET NW","assessed_value":600500},{"address":"1167.0 75 STREET NW","assessed_value":372500},{"address":"6504.0 92 AVENUE NW","assessed_value":412500},{"address":"4313.0 79 STREET NW","assessed_value":314000},{"address":"6507.0 93A AVENUE NW","assessed_value":549000},{"address":"828.0 LEE RIDGE ROAD NW","assessed_value":359000},{"address":"8317.0 19 AVENUE NW","assessed_value":396000},{"address":"10303.0 78 STREET NW","assessed_value":431000},{"address":"7637.0 91 AVENUE NW","assessed_value":369000},{"address":"4210.0 102 AVENUE NW","assessed_value":1002500},{"address":"8625.0 77 STREET NW","assessed_value":384000},{"address":"871.0 LEE RIDGE ROAD NW","assessed_value":384000},{"address":"8354.0 76 AVENUE NW","assessed_value":431500},{"address":"1913.0 LAKEWOOD ROAD SOUTH NW","assessed_value":395500},{"address":"5619.0 93A AVENUE NW","assessed_value":317500},{"address":"546.0 LAKEWOOD ROAD NORTH NW","assessed_value":192000},{"address":"1939.0 68 STREET NW","assessed_value":399500},{"address":"9229.0 35 AVENUE NW","assessed_value":2306000},{"address":"9814.0 74 AVENUE NW","assessed_value":326000},{"address":"9336.0 64 AVENUE NW","assessed_value":423000},{"address":"10644.0 63 STREET NW","assessed_value":462000},{"address":"7007.0 81 STREET NW","assessed_value":483000},{"address":"3451.0 81 STREET NW","assessed_value":396500},{"address":"9981.0 29A AVENUE NW","assessed_value":382500},{"address":"9131.0 83 STREET NW","assessed_value":413000},{"address":"4411.0 109 AVENUE NW","assessed_value":429000},{"address":"5303.0 109 AVENUE NW","assessed_value":498000},{"address":"7623.0 89 AVENUE NW","assessed_value":367000},{"address":"9620.0 60 AVENUE NW","assessed_value":4001000},{"address":"6111.0 106A AVENUE NW","assessed_value":478500},{"address":"6611.0 97 AVENUE NW","assessed_value":440000},{"address":"8708.0 40 AVENUE NW","assessed_value":378000},{"address":"10239.0 46 STREET NW","assessed_value":408500},{"address":"1141.0 72 STREET NW","assessed_value":457500},{"address":"9211.0 81 STREET NW","assessed_value":374500},{"address":"3031.0 79 STREET NW","assessed_value":418000},{"address":"9128.0 74 AVENUE NW","assessed_value":395500},{"address":"8023.0 70 AVENUE NW","assessed_value":448500},{"address":"5608.0 97A AVENUE NW","assessed_value":483500},{"address":"10664.0 57 STREET NW","assessed_value":443000},{"address":"1129.0 77 STREET NW","assessed_value":381500},{"address":"3124.0 67 STREET NW","assessed_value":360000},{"address":"1482.0 KNOTTWOOD ROAD EAST NW","assessed_value":324000},{"address":"2132.0 79 STREET NW","assessed_value":347000},{"address":"4820.0 108A AVENUE NW","assessed_value":487000},{"address":"7207.0 100 AVENUE NW","assessed_value":500500},{"address":"6903.0 40 AVENUE NW","assessed_value":390000},{"address":"8530.0 89 STREET NW","assessed_value":502500},{"address":"5507.0 94B AVENUE NW","assessed_value":432000},{"address":"nan nan","assessed_value":8500},{"address":"8335.0 76 AVENUE NW","assessed_value":346500},{"address":"7503.0 96 AVENUE NW","assessed_value":472000},{"address":"1395.0 KNOTTWOOD ROAD EAST NW","assessed_value":57500},{"address":"9207.0 72 STREET NW","assessed_value":398000},{"address":"10216.0 71 STREET NW","assessed_value":410500},{"address":"9635.0 87 STREET NW","assessed_value":351500},{"address":"9425.0 79 STREET NW","assessed_value":336000},{"address":"9131.0 74 STREET NW","assessed_value":487500},{"address":"2024.0 72 STREET NW","assessed_value":353500},{"address":"1923.0 89 STREET NW","assessed_value":412500},{"address":"6908.0 FULTON DRIVE NW","assessed_value":782500},{"address":"1011.0 87 STREET NW","assessed_value":384500},{"address":"145.0 LEE RIDGE ROAD NW","assessed_value":249500},{"address":"5219.0 19 AVENUE NW","assessed_value":387000},{"address":"6004.0 94B AVENUE NW","assessed_value":387000},{"address":"9208.0 71 STREET NW","assessed_value":486500},{"address":"645.0 MILLBOURNE ROAD EAST NW","assessed_value":182000},{"address":"7131.0 83 STREET NW","assessed_value":338500},{"address":"7934.0 81 AVENUE NW","assessed_value":403500},{"address":"8712.0 62 STREET NW","assessed_value":460500},{"address":"6012.0 92 STREET NW","assessed_value":240500},{"address":"7558.0 80 AVENUE NW","assessed_value":394000},{"address":"8804.0 29 AVENUE NW","assessed_value":325500},{"address":"1444.0 LAKEWOOD ROAD WEST NW","assessed_value":125000},{"address":"1261.0 LAKEWOOD ROAD NORTH NW","assessed_value":354500},{"address":"5303.0 92 AVENUE NW","assessed_value":396500},{"address":"5630.0 92 STREET NW","assessed_value":1509500},{"address":"10551.0 45 STREET NW","assessed_value":378000},{"address":"7911.0 92 AVENUE NW","assessed_value":398500},{"address":"1826.0 75 STREET NW","assessed_value":416000},{"address":"9312.0 74 AVENUE NW","assessed_value":398000},{"address":"nan nan","assessed_value":8500},{"address":"7311.0 100 AVENUE NW","assessed_value":466000},{"address":"8120.0 95 AVENUE NW","assessed_value":401500},{"address":"10308.0 50 STREET NW","assessed_value":387500},{"address":"3956.0 76 STREET NW","assessed_value":178500},{"address":"7013.0 11 AVENUE NW","assessed_value":347500},{"address":"980.0 LAKEWOOD ROAD NORTH NW","assessed_value":181500},{"address":"9336.0 86 AVENUE NW","assessed_value":594000},{"address":"10157.0 73 STREET NW","assessed_value":374500},{"address":"7332.0 18 AVENUE NW","assessed_value":1000},{"address":"9852.0 67 AVENUE NW","assessed_value":488000},{"address":"10147.0 82 STREET NW","assessed_value":1243000},{"address":"7128.0 44 AVENUE NW","assessed_value":378000},{"address":"4640.0 102A AVENUE NW","assessed_value":381500},{"address":"9526.0 75 AVENUE NW","assessed_value":865500},{"address":"3092.0 79 STREET NW","assessed_value":5000},{"address":"10720.0 47 STREET NW","assessed_value":558500},{"address":"1787.0 LAKEWOOD ROAD SOUTH NW","assessed_value":179000},{"address":"2716.0 83 STREET NW","assessed_value":505000},{"address":"10519.0 42 STREET NW","assessed_value":395000},{"address":"859.0 KNOTTWOOD ROAD SOUTH NW","assessed_value":344000},{"address":"9504.0 74 AVENUE NW","assessed_value":421500},{"address":"8808.0 42A AVENUE NW","assessed_value":387000},{"address":"9722.0 71 AVENUE NW","assessed_value":1102000},{"address":"7204.0 94B AVENUE NW","assessed_value":550000},{"address":"7212.0 98A AVENUE NW","assessed_value":488500},{"address":"7307.0 103 AVENUE NW","assessed_value":383500},{"address":"7308.0 44 AVENUE NW","assessed_value":315500},{"address":"7.0 TWIN TERRACE NW","assessed_value":179500},{"address":"8104.0 82 AVENUE NW","assessed_value":1523500},{"address":"8529.0 83 AVENUE NW","assessed_value":413500},{"address":"8725.0 84 AVENUE NW","assessed_value":530500},{"address":"9554.0 72 AVENUE NW","assessed_value":450500},{"address":"5710.0 96 STREET NW","assessed_value":1615000},{"address":"1336.0 72 STREET NW","assessed_value":448000},{"address":"7940.0 98 AVENUE NW","assessed_value":464000},{"address":"9235.0 54 STREET NW","assessed_value":357000},{"address":"6316.0 89 AVENUE NW","assessed_value":442000},{"address":"7511.0 40 AVENUE NW","assessed_value":420000},{"address":"9529.0 73 AVENUE NW","assessed_value":790500},{"address":"5807.0 102 AVENUE NW","assessed_value":477500},{"address":"8753.0 89 AVENUE NW","assessed_value":417500},{"address":"3527.0 79 STREET NW","assessed_value":421000},{"address":"9311.0 51 AVENUE NW","assessed_value":658500},{"address":"8263.0 95 AVENUE NW","assessed_value":582500},{"address":"9423.0 65 AVENUE NW","assessed_value":405000},{"address":"1624.0 89 STREET NW","assessed_value":361500},{"address":"1172.0 MILLBOURNE ROAD EAST NW","assessed_value":198000},{"address":"2107.0 85 STREET NW","assessed_value":341500},{"address":"10231.0 84 STREET NW","assessed_value":384000},{"address":"5542.0 19A AVENUE NW","assessed_value":164000},{"address":"666.0 LAKEWOOD ROAD NORTH NW","assessed_value":227000},{"address":"8508.0 70 STREET NW","assessed_value":441500},{"address":"8608.0 66 AVENUE NW","assessed_value":720500},{"address":"9103.0 58 STREET NW","assessed_value":435000},{"address":"9825.0 76 AVENUE NW","assessed_value":375500},{"address":"7912.0 43A AVENUE NW","assessed_value":405500},{"address":"6903.0 92A AVENUE NW","assessed_value":465000},{"address":"9503.0 OTTEWELL ROAD NW","assessed_value":452500},{"address":"5604.0 94B AVENUE NW","assessed_value":408500},{"address":"7840.0 44 AVENUE NW","assessed_value":483500},{"address":"4527.0 106B AVENUE NW","assessed_value":827000},{"address":"2118.0 MILL WOODS ROAD NW","assessed_value":165500},{"address":"7268.0 MILL WOODS ROAD SOUTH NW","assessed_value":171000},{"address":"8526.0 76 AVENUE NW","assessed_value":395500},{"address":"9907.0 78 STREET NW","assessed_value":445500},{"address":"10718.0 63 STREET NW","assessed_value":550000},{"address":"6407.0 89 STREET NW","assessed_value":519000},{"address":"9330.0 27 AVENUE NW","assessed_value":4806000},{"address":"9239.0 79 STREET NW","assessed_value":432000},{"address":"9633.0 75 AVENUE NW","assessed_value":307000},{"address":"10315.0 50 STREET NW","assessed_value":350500},{"address":"7132.0 85 STREET NW","assessed_value":536500},{"address":"2452.0 78 STREET NW","assessed_value":420000},{"address":"3835.0 76 STREET NW","assessed_value":107500},{"address":"8029.0 27 AVENUE NW","assessed_value":166000},{"address":"10209.0 72 STREET NW","assessed_value":409000},{"address":"10807.0 52 STREET NW","assessed_value":458500},{"address":"4204.0 104A AVENUE NW","assessed_value":492500},{"address":"10535.0 46 STREET NW","assessed_value":487500},{"address":"2912.0 89 STREET NW","assessed_value":377000},{"address":"9265.0 87 STREET NW","assessed_value":388000},{"address":"8511.0 87 AVENUE NW","assessed_value":382500},{"address":"7307.0 77 STREET NW","assessed_value":384500},{"address":"3522.0 84 STREET NW","assessed_value":343000},{"address":"565.0 MILLBOURNE ROAD EAST NW","assessed_value":348500},{"address":"5204.0 86 STREET NW","assessed_value":6490500},{"address":"8004.0 22 AVENUE NW","assessed_value":339000},{"address":"8619.0 39A AVENUE NW","assessed_value":464500},{"address":"9309.0 54 STREET NW","assessed_value":339500},{"address":"9812.0 67 AVENUE NW","assessed_value":481000},{"address":"2.0 TWIN TERRACE NW","assessed_value":180500},{"address":"9832.0 63 AVENUE NW","assessed_value":330500},{"address":"9251.0 OTTEWELL ROAD NW","assessed_value":454000},{"address":"9624.0 52 STREET NW","assessed_value":545500},{"address":"7504.0 38 AVENUE NW","assessed_value":114000},{"address":"9355.0 64 AVENUE NW","assessed_value":373500},{"address":"6816.0 22 AVENUE NW","assessed_value":412000},{"address":"2015.0 89 STREET NW","assessed_value":435000},{"address":"8922.0 80 AVENUE NW","assessed_value":358500},{"address":"44.0 LAKEWOOD VILLAGE NW","assessed_value":183000},{"address":"7315.0 101 AVENUE NW","assessed_value":635500},{"address":"7412.0 33 AVENUE NW","assessed_value":416000},{"address":"9205.0 37 AVENUE NW","assessed_value":3214000},{"address":"10439.0 50 STREET NW","assessed_value":372500},{"address":"7720.0 38A AVENUE NW","assessed_value":576000},{"address":"4604.0 104A AVENUE NW","assessed_value":389500},{"address":"8812.0 79 STREET NW","assessed_value":331500},{"address":"8820.0 31 AVENUE NW","assessed_value":483000},{"address":"7607.0 106A AVENUE NW","assessed_value":657000},{"address":"9921.0 29 AVENUE NW","assessed_value":2823500},{"address":"5618.0 92C AVENUE NW","assessed_value":308500},{"address":"6407.0 88 AVENUE NW","assessed_value":421500},{"address":"8514.0 80 AVENUE NW","assessed_value":983500},{"address":"10331.0 50 STREET NW","assessed_value":321500},{"address":"6905.0 FULTON DRIVE NW","assessed_value":421000},{"address":"8224.0 10 AVENUE NW","assessed_value":12000},{"address":"10671.0 61 STREET NW","assessed_value":559500},{"address":"9236.0 81 STREET NW","assessed_value":414000},{"address":"1984.0 68 STREET NW","assessed_value":402000},{"address":"10203.0 50 STREET NW","assessed_value":411500},{"address":"7720.0 86 AVENUE NW","assessed_value":503500},{"address":"4003.0 106 AVENUE NW","assessed_value":449500},{"address":"264.0 LEE RIDGE ROAD NW","assessed_value":205000},{"address":"7912.0 70 AVENUE NW","assessed_value":409500},{"address":"9320.0 66 AVENUE NW","assessed_value":493500}]