[{"address":"563.0 KNOTTWOOD ROAD WEST NW","assessed_value":205000},{"address":"9406.0 75 STREET NW","assessed_value":362000},{"address":"9520.0 74 AVENUE NW","assessed_value":385500},{"address":"7007.0 85 STREET NW","assessed_value":560500},{"address":"9115.0 39 AVENUE NW","assessed_value":7013000},{"address":"9736.0 64 AVENUE NW","assessed_value":391000},{"address":"9710.0 72 AVENUE NW","assessed_value":652000},{"address":"8612.0 56 STREET NW","assessed_value":446500},{"address":"3423.0 83 STREET NW","assessed_value":409000},{"address":"3936.0 72 STREET NW","assessed_value":484000},{"address":"9319.0 88 AVENUE NW","assessed_value":372000},{"address":"1128.0 80 STREET NW","assessed_value":379000},{"address":"7718.0 79 AVENUE NW","assessed_value":346500},{"address":"9627.0 77 STREET NW","assessed_value":570000},{"address":"10714.0 CAPILANO STREET NW","assessed_value":493500},{"address":"1720.0 89 STREET NW","assessed_value":430000},{"address":"7611.0 95 AVENUE NW","assessed_value":490000},{"address":"8561.0 90 STREET NW","assessed_value":394500},{"address":"9342.0 89 STREET NW","assessed_value":368000},{"address":"2115.0 52 STREET NW","assessed_value":377500},{"address":"6203.0 89 AVENUE NW","assessed_value":423500},{"address":"7108.0 81 STREET NW","assessed_value":1236500},{"address":"9010.0 85 STREET NW","assessed_value":3914000},{"address":"9623.0 69 AVENUE NW","assessed_value":472500},{"address":"7216.0 93 AVENUE NW","assessed_value":419000},{"address":"1842.0 51 STREET NW","assessed_value":357500},{"address":"7011.0 83 AVENUE NW","assessed_value":435000},{"address":"5015.0 19 AVENUE NW","assessed_value":363500},{"address":"8126.0 79 AVENUE NW","assessed_value":341000},{"address":"8704.0 36A AVENUE NW","assessed_value":358500},{"address":"7511.0 83 STREET NW","assessed_value":346500},{"address":"7912.0 ROWLAND ROAD NW","assessed_value":899000},{"address":"9231.0 72 STREET NW","assessed_value":439000},{"address":"7608.0 75 STREET NW","assessed_value":545500},{"address":"9319.0 91 STREET NW","assessed_value":544500},{"address":"9415.0 68A STREET NW","assessed_value":477000},{"address":"3507.0 79 STREET NW","assessed_value":345000},{"address":"9638.0 72 AVENUE NW","assessed_value":505500},{"address":"nan nan","assessed_value":0},{"address":"7019.0 83 AVENUE NW","assessed_value":397500},{"address":"10140.0 73 STREET NW","assessed_value":533000},{"address":"5404.0 94A AVENUE NW","assessed_value":427500},{"address":"8307.0 27 AVENUE NW","assessed_value":468500},{"address":"9825.0 76 STREET NW","assessed_value":414000},{"address":"9904.0 72 AVENUE NW","assessed_value":538500},{"address":"9715.0 OTTEWELL ROAD NW","assessed_value":434000},{"address":"9829.0 75 AVENUE NW","assessed_value":382000},{"address":"10447.0 84 STREET NW","assessed_value":321000},{"address":"1562.0 LAKEWOOD ROAD WEST NW","assessed_value":387000},{"address":"9764.0 63 AVENUE NW","assessed_value":322500},{"address":"9655.0 81 STREET NW","assessed_value":481000},{"address":"9128.0 81 AVENUE NW","assessed_value":361000},{"address":"8747.0 64 AVENUE NW","assessed_value":364000},{"address":"3528.0 71 STREET NW","assessed_value":552000},{"address":"1936.0 89 STREET NW","assessed_value":368500},{"address":"590.0 LAKEWOOD ROAD NORTH NW","assessed_value":186500},{"address":"4239.0 74 STREET NW","assessed_value":378000},{"address":"1442.0 KNOTTWOOD ROAD EAST NW","assessed_value":453500},{"address":"1323.0 KNOTTWOOD ROAD EAST NW","assessed_value":393000},{"address":"10512.0 40 STREET NW","assessed_value":369500},{"address":"6905.0 21 AVENUE NW","assessed_value":441000},{"address":"7508.0 81 STREET NW","assessed_value":441500},{"address":"9748.0 66 AVENUE NW","assessed_value":510500},{"address":"8712.0 27 AVENUE NW","assessed_value":335500},{"address":"8751.0 76 AVENUE NW","assessed_value":378000},{"address":"7865.0 26 AVENUE NW","assessed_value":491000},{"address":"8438.0 14 AVENUE NW","assessed_value":407000},{"address":"6711.0 101 AVENUE NW","assessed_value":572000},{"address":"10320.0 42 STREET NW","assessed_value":445500},{"address":"7607.0 42 AVENUE NW","assessed_value":410000},{"address":"10514.0 67 STREET NW","assessed_value":416000},{"address":"782.0 LEE RIDGE ROAD NW","assessed_value":365500},{"address":"1048.0 KNOTTWOOD ROAD EAST NW","assessed_value":358500},{"address":"10717.0 ST GABRIEL SCHOOL ROAD NW","assessed_value":403000},{"address":"9627.0 76 STREET NW","assessed_value":445500},{"address":"6625.0 94 STREET NW","assessed_value":424500},{"address":"10556.0 44 STREET NW","assessed_value":377000},{"address":"5204.0 94A AVENUE NW","assessed_value":459000},{"address":"7012.0 90 AVENUE NW","assessed_value":349000},{"address":"8720.0 67 AVENUE NW","assessed_value":449000},{"address":"8110.0 34B AVENUE NW","assessed_value":432000},{"address":"4708.0 103 AVENUE NW","assessed_value":397500},{"address":"7912.0 85 AVENUE NW","assessed_value":393500},{"address":"9013.0 88 AVENUE NW","assessed_value":541500},{"address":"7920.0 82 AVENUE NW","assessed_value":416500},{"address":"5407.0 92B AVENUE NW","assessed_value":523500},{"address":"9051.0 52 STREET NW","assessed_value":409500},{"address":"10247.0 50 STREET NW","assessed_value":380000},{"address":"5213.0 18A AVENUE NW","assessed_value":406500},{"address":"2419.0 78 STREET NW","assessed_value":392000},{"address":"2431.0 81 STREET NW","assessed_value":469000},{"address":"8316.0 ROWLAND ROAD NW","assessed_value":627000},{"address":"7254.0 MILL WOODS ROAD SOUTH NW","assessed_value":189500},{"address":"8643.0 77 STREET NW","assessed_value":433000},{"address":"3852.0 85 STREET NW","assessed_value":139000},{"address":"6602.0 19 AVENUE NW","assessed_value":142500},{"address":"2092.0 74 STREET NW","assessed_value":445000},{"address":"9648.0 63 AVENUE NW","assessed_value":374500},{"address":"6608.0 94B AVENUE NW","assessed_value":476000},{"address":"1390.0 LAKEWOOD ROAD WEST NW","assessed_value":121000},{"address":"7124.0 98 AVENUE NW","assessed_value":376500},{"address":"5603.0 90A AVENUE NW","assessed_value":489500},{"address":"10444.0 50 STREET NW","assessed_value":439500},{"address":"10620.0 42 STREET NW","assessed_value":428500},{"address":"3861.0 85 STREET NW","assessed_value":283500},{"address":"7601.0 83 AVENUE NW","assessed_value":425000},{"address":"7215.0 90 AVENUE NW","assessed_value":405000},{"address":"10551.0 50 STREET NW","assessed_value":367000},{"address":"7008.0 94B AVENUE NW","assessed_value":387000},{"address":"5407.0 109A AVENUE NW","assessed_value":766500},{"address":"9350.0 52 STREET NW","assessed_value":440500},{"address":"2031.0 74 STREET NW","assessed_value":383500},{"address":"7731.0 71 AVENUE NW","assessed_value":416500},{"address":"2371.0 85 STREET NW","assessed_value":185500},{"address":"5604.0 94A AVENUE NW","assessed_value":452500},{"address":"9612.0 81 STREET NW","assessed_value":435000},{"address":"7508.0 102 AVENUE NW","assessed_value":408000},{"address":"9508.0 62 AVENUE NW","assessed_value":1204500},{"address":"977.0 MILLBOURNE ROAD EAST NW","assessed_value":217000},{"address":"10515.0 46 STREET NW","assessed_value":445500},{"address":"1419.0 80 STREET NW","assessed_value":370000},{"address":"8416.0 72 STREET NW","assessed_value":400500},{"address":"862.0 LEE RIDGE ROAD NW","assessed_value":421000},{"address":"7405.0 95 STREET NW","assessed_value":667000},{"address":"5403.0 FULTON ROAD NW","assessed_value":408000},{"address":"9608.0 OTTEWELL ROAD NW","assessed_value":398000},{"address":"10534.0 74 STREET NW","assessed_value":464500},{"address":"9557.0 83 STREET NW","assessed_value":425500},{"address":"7550.0 10 AVENUE NW","assessed_value":383000},{"address":"6708.0 33 AVENUE NW","assessed_value":337000},{"address":"4519.0 101A AVENUE NW","assessed_value":500},{"address":"1186.0 KNOTTWOOD ROAD EAST NW","assessed_value":178500},{"address":"3814.0 89 STREET NW","assessed_value":1000},{"address":"7370.0 68 STREET NW","assessed_value":1000},{"address":"8911.0 83 AVENUE NW","assessed_value":435000},{"address":"9811.0 73 AVENUE NW","assessed_value":598000},{"address":"8208.0 17 AVENUE NW","assessed_value":413500},{"address":"7643.0 89 AVENUE NW","assessed_value":437500},{"address":"8403.0 64 AVENUE NW","assessed_value":439000},{"address":"250.0 RICHFIELD ROAD NW","assessed_value":142500},{"address":"7211.0 94 AVENUE NW","assessed_value":485500},{"address":"9618.0 90 STREET NW","assessed_value":401000},{"address":"5404.0 89 AVENUE NW","assessed_value":497000},{"address":"8443.0 29 AVENUE NW","assessed_value":122000},{"address":"1097.0 MILLBOURNE ROAD EAST NW","assessed_value":170500},{"address":"7931.0 24 AVENUE NW","assessed_value":393000},{"address":"10632.0 75 STREET NW","assessed_value":831500},{"address":"2017.0 52 STREET NW","assessed_value":444500},{"address":"10643.0 67 STREET NW","assessed_value":468500},{"address":"9615.0 69A STREET NW","assessed_value":545500},{"address":"8423.0 34A AVENUE NW","assessed_value":370000},{"address":"2929.0 89 STREET NW","assessed_value":563500},{"address":"7307.0 82 STREET NW","assessed_value":405500},{"address":"8607.0 39A AVENUE NW","assessed_value":578000},{"address":"6815.0 12 AVENUE NW","assessed_value":335500},{"address":"10128.0 73 STREET NW","assessed_value":359500},{"address":"9621.0 74 AVENUE NW","assessed_value":337000},{"address":"7916.0 84 AVENUE NW","assessed_value":486000},{"address":"4608.0 102 AVENUE NW","assessed_value":357000},{"address":"8523.0 10 AVENUE NW","assessed_value":398000},{"address":"1915.0 68 STREET NW","assessed_value":384500},{"address":"8719.0 STRATHEARN DRIVE NW","assessed_value":394500},{"address":"3640.0 73 STREET NW","assessed_value":552000},{"address":"3208.0 80 STREET NW","assessed_value":435500},{"address":"10220.0 FULTON ROAD NW","assessed_value":453000},{"address":"307.0 MORIN MAZE NW","assessed_value":203000},{"address":"8748.0 66 AVENUE NW","assessed_value":400000},{"address":"8417.0 MILL WOODS ROAD NW","assessed_value":264000},{"address":"nan nan","assessed_value":140000},{"address":"9711.0 66 AVENUE NW","assessed_value":401000},{"address":"9803.0 47 AVENUE NW","assessed_value":2848500},{"address":"5208.0 95 AVENUE NW","assessed_value":419000},{"address":"6082.0 MILL WOODS ROAD SOUTH NW","assessed_value":183000},{"address":"2109.0 54 STREET NW","assessed_value":325500},{"address":"7508.0 ROWLAND ROAD NW","assessed_value":848500},{"address":"1054.0 KNOTTWOOD ROAD EAST NW","assessed_value":165500},{"address":"600.0 KNOTTWOOD ROAD WEST NW","assessed_value":288500},{"address":"5616.0 105A AVENUE NW","assessed_value":500},{"address":"110.0 MORIN MAZE NW","assessed_value":196000},{"address":"6204.0 106A AVENUE NW","assessed_value":742500},{"address":"10744.0 48 STREET NW","assessed_value":553000},{"address":"3811.0 86 STREET NW","assessed_value":380000},{"address":"9745.0 71 AVENUE NW","assessed_value":545000},{"address":"7924.0 79 AVENUE NW","assessed_value":368000},{"address":"7935.0 80 AVENUE NW","assessed_value":418000},{"address":"7009.0 32 AVENUE NW","assessed_value":191500},{"address":"9007.0 89 STREET NW","assessed_value":970000},{"address":"5412.0 102 AVENUE NW","assessed_value":432000},{"address":"5707.0 92A AVENUE NW","assessed_value":455000},{"address":"497.0 KNOTTWOOD ROAD WEST NW","assessed_value":220000},{"address":"3811.0 76 STREET NW","assessed_value":117500},{"address":"10435.0 83 STREET NW","assessed_value":459000},{"address":"8647.0 27 AVENUE NW","assessed_value":350500},{"address":"8640.0 64 AVENUE NW","assessed_value":440500},{"address":"9624.0 64 AVENUE NW","assessed_value":387500},{"address":"8515.0 17 AVENUE NW","assessed_value":1772500},{"address":"6713.0 90 AVENUE NW","assessed_value":342500},{"address":"9502.0 73 AVENUE NW","assessed_value":334000},{"address":"10615.0 67 STREET NW","assessed_value":453500},{"address":"9520.0 64 AVENUE NW","assessed_value":424000},{"address":"8736.0 80 AVENUE NW","assessed_value":550000},{"address":"2640.0 89 STREET NW","assessed_value":352000},{"address":"9526.0 86 STREET NW","assessed_value":1073000},{"address":"7516.0 ROWLAND ROAD NW","assessed_value":1005500},{"address":"1146.0 MILLBOURNE ROAD EAST NW","assessed_value":229500},{"address":"8547.0 64 AVENUE NW","assessed_value":358500},{"address":"9635.0 76 STREET NW","assessed_value":430500},{"address":"116.0 MILLBOURNE ROAD EAST NW","assessed_value":291000},{"address":"8716.0 92B AVENUE NW","assessed_value":473500},{"address":"7224.0 98 AVENUE NW","assessed_value":351000},{"address":"10652.0 69 STREET NW","assessed_value":509000},{"address":"3427.0 82 STREET NW","assessed_value":493500},{"address":"658.0 LAKEWOOD ROAD NORTH NW","assessed_value":192000},{"address":"8126.0 80 AVENUE NW","assessed_value":400500},{"address":"6716.0 101A AVENUE NW","assessed_value":512500},{"address":"7921.0 78 AVENUE NW","assessed_value":337000},{"address":"309.0 MORIN MAZE NW","assessed_value":205500},{"address":"6920.0 41A AVENUE NW","assessed_value":387500},{"address":"816.0 LEE RIDGE ROAD NW","assessed_value":442000},{"address":"6904.0 89 AVENUE NW","assessed_value":375000},{"address":"8543.0 74 AVENUE NW","assessed_value":430500},{"address":"5808.0 FULTON ROAD NW","assessed_value":483500},{"address":"7104.0 93 AVENUE NW","assessed_value":407000},{"address":"6012.0 92 AVENUE NW","assessed_value":421000},{"address":"9649.0 68A STREET NW","assessed_value":491000},{"address":"5311.0 102 AVENUE NW","assessed_value":478000},{"address":"7208.0 103 AVENUE NW","assessed_value":559000},{"address":"3208.0 72 STREET NW","assessed_value":357500},{"address":"7116.0 85 STREET NW","assessed_value":651000},{"address":"9622.0 73 AVENUE NW","assessed_value":341500},{"address":"5122.0 17A AVENUE NW","assessed_value":341500},{"address":"3142.0 78 STREET NW","assessed_value":424000},{"address":"7528.0 77 AVENUE NW","assessed_value":409500},{"address":"10225.0 72 STREET NW","assessed_value":389000},{"address":"7004.0 43 AVENUE NW","assessed_value":488500},{"address":"1737.0 65 STREET NW","assessed_value":385500},{"address":"7207.0 44 AVENUE NW","assessed_value":358000},{"address":"9630.0 74 AVENUE NW","assessed_value":398500},{"address":"10128.0 71 STREET NW","assessed_value":438000},{"address":"7929.0 81 AVENUE NW","assessed_value":647000},{"address":"8819.0 29 AVENUE NW","assessed_value":393500},{"address":"7419.0 32 AVENUE NW","assessed_value":344000},{"address":"5708.0 101 AVENUE NW","assessed_value":657000},{"address":"4512.0 103 AVENUE NW","assessed_value":368000},{"address":"7004.0 83 STREET NW","assessed_value":390000},{"address":"6824.0 98A AVENUE NW","assessed_value":425000},{"address":"8710.0 79 AVENUE NW","assessed_value":370500},{"address":"9903.0 82 STREET NW","assessed_value":469000},{"address":"6052.0 MILL WOODS ROAD SOUTH NW","assessed_value":206000},{"address":"1694.0 LAKEWOOD ROAD SOUTH NW","assessed_value":189000},{"address":"7524.0 82 AVENUE NW","assessed_value":332000},{"address":"374.0 KNOTTWOOD ROAD WEST NW","assessed_value":350500},{"address":"8304.0 81 AVENUE NW","assessed_value":339000},{"address":"6308.0 19 AVENUE NW","assessed_value":403500},{"address":"6803.0 40 AVENUE NW","assessed_value":380000},{"address":"5403.0 91 AVENUE NW","assessed_value":432000},{"address":"2024.0 57 STREET NW","assessed_value":184000},{"address":"5507.0 106 AVENUE NW","assessed_value":367500},{"address":"8607.0 44 AVENUE NW","assessed_value":392500},{"address":"9567.0 85 STREET NW","assessed_value":398000},{"address":"9830.0 54 AVENUE NW","assessed_value":1500},{"address":"1913.0 73 STREET NW","assessed_value":161500},{"address":"8607.0 16 AVENUE NW","assessed_value":417500},{"address":"8508.0 33 AVENUE NW","assessed_value":401000},{"address":"3623.0 75 STREET NW","assessed_value":464500},{"address":"7623.0 92 AVENUE NW","assessed_value":467000},{"address":"8830.0 88 AVENUE NW","assessed_value":533000},{"address":"3123.0 89 STREET NW","assessed_value":357500},{"address":"6815.0 98A AVENUE NW","assessed_value":488500},{"address":"7604.0 106A AVENUE NW","assessed_value":7000},{"address":"1819.0 56 STREET NW","assessed_value":366000},{"address":"6903.0 83 AVENUE NW","assessed_value":522500},{"address":"10731.0 HARDISTY DRIVE NW","assessed_value":657000},{"address":"10403.0 42 STREET NW","assessed_value":382000},{"address":"3483.0 87 STREET NW","assessed_value":428000},{"address":"1940.0 LAKEWOOD ROAD SOUTH NW","assessed_value":366500},{"address":"9322.0 52 STREET NW","assessed_value":397000},{"address":"2530.0 78 STREET NW","assessed_value":286000},{"address":"10328.0 82 STREET NW","assessed_value":521500},{"address":"8511.0 84 AVENUE NW","assessed_value":455000},{"address":"7731.0 82 AVENUE NW","assessed_value":295000},{"address":"8507.0 24 AVENUE NW","assessed_value":400500},{"address":"9215.0 72 STREET NW","assessed_value":390000},{"address":"125.0 KNOTTWOOD ROAD NORTH NW","assessed_value":66000},{"address":"6954.0 21 AVENUE NW","assessed_value":482000},{"address":"10550.0 80 STREET NW","assessed_value":299000},{"address":"9520.0 63 AVENUE NW","assessed_value":349000},{"address":"7403.0 96A AVENUE NW","assessed_value":437500},{"address":"7019.0 39 AVENUE NW","assessed_value":378000},{"address":"9247.0 75 STREET NW","assessed_value":361000},{"address":"8512.0 38A AVENUE NW","assessed_value":108000},{"address":"10570.0 42 STREET NW","assessed_value":400000},{"address":"7765.0 37 AVENUE NW","assessed_value":186500},{"address":"3118.0 89 STREET NW","assessed_value":398500},{"address":"8704.0 87 STREET NW","assessed_value":503500},{"address":"10744.0 44 STREET NW","assessed_value":447500},{"address":"1121.0 77 STREET NW","assessed_value":423500},{"address":"8815.0 40 AVENUE NW","assessed_value":394500},{"address":"8807.0 26 AVENUE NW","assessed_value":347000},{"address":"601.0 KNOTTWOOD ROAD WEST NW","assessed_value":182000},{"address":"4624.0 102A AVENUE NW","assessed_value":363500},{"address":"8107.0 102 AVENUE NW","assessed_value":445500},{"address":"8744.0 72 STREET NW","assessed_value":605000},{"address":"8611.0 58 STREET NW","assessed_value":531500},{"address":"9203.0 73 STREET NW","assessed_value":400000},{"address":"10232.0 71 STREET NW","assessed_value":449000},{"address":"9469.0 79 STREET NW","assessed_value":432000},{"address":"7408.0 83 STREET NW","assessed_value":358000},{"address":"8623.0 29 AVENUE NW","assessed_value":464500},{"address":"9654.0 85 STREET NW","assessed_value":474000},{"address":"8612.0 38 AVENUE NW","assessed_value":385000},{"address":"5607.0 92C AVENUE NW","assessed_value":358000},{"address":"8611.0 79 STREET NW","assessed_value":366000},{"address":"9619.0 75 AVENUE NW","assessed_value":501000},{"address":"8904.0 68 STREET NW","assessed_value":360000},{"address":"8609.0 33 AVENUE NW","assessed_value":471000},{"address":"8416.0 71 STREET NW","assessed_value":433500},{"address":"667.0 LEE RIDGE ROAD NW","assessed_value":403000},{"address":"2919.0 89 STREET NW","assessed_value":382500},{"address":"7939.0 98 AVENUE NW","assessed_value":409000},{"address":"9650.0 75 AVENUE NW","assessed_value":964000},{"address":"10433.0 81 STREET NW","assessed_value":363500},{"address":"2651.0 89 STREET NW","assessed_value":365000},{"address":"10446.0 80 STREET NW","assessed_value":324000},{"address":"9751.0 76 AVENUE NW","assessed_value":864000},{"address":"6807.0 97 AVENUE NW","assessed_value":462000},{"address":"3214.0 71 STREET NW","assessed_value":254000},{"address":"6320.0 94A AVENUE NW","assessed_value":461500},{"address":"6816.0 39 AVENUE NW","assessed_value":401000},{"address":"7011.0 21 AVENUE NW","assessed_value":450000},{"address":"10632.0 63 STREET NW","assessed_value":459500},{"address":"230.0 RICHFIELD ROAD NW","assessed_value":146000},{"address":"5707.0 93A AVENUE NW","assessed_value":343500},{"address":"5720.0 92C AVENUE NW","assessed_value":349500},{"address":"10647.0 65 STREET NW","assessed_value":439000},{"address":"8943.0 95 AVENUE NW","assessed_value":347000},{"address":"7282.0 MILL WOODS ROAD SOUTH NW","assessed_value":185000},{"address":"10515.0 40 STREET NW","assessed_value":362500},{"address":"8710.0 77 AVENUE NW","assessed_value":355000},{"address":"9715.0 73 AVENUE NW","assessed_value":1042000},{"address":"8782.0 97 AVENUE NW","assessed_value":417000},{"address":"6928.0 15 AVENUE NW","assessed_value":402000},{"address":"9413.0 91 STREET NW","assessed_value":442000},{"address":"9756.0 75 AVENUE NW","assessed_value":309500},{"address":"9334.0 74 AVENUE NW","assessed_value":367500},{"address":"8116.0 85 AVENUE NW","assessed_value":463000},{"address":"9127.0 72 AVENUE NW","assessed_value":539500},{"address":"5703.0 85 AVENUE NW","assessed_value":522500},{"address":"8840.0 90 STREET NW","assessed_value":335000},{"address":"7326.0 18 AVENUE NW","assessed_value":484000},{"address":"10343.0 78 STREET NW","assessed_value":1022500},{"address":"8519.0 40 AVENUE NW","assessed_value":356500},{"address":"1803.0 51 STREET NW","assessed_value":404500},{"address":"5303.0 91 STREET NW","assessed_value":11498000},{"address":"10654.0 ROWLAND ROAD NW","assessed_value":500},{"address":"488.0 LEE RIDGE ROAD NW","assessed_value":142500},{"address":"5.0 TWIN TERRACE NW","assessed_value":180500},{"address":"1723.0 LAKEWOOD ROAD SOUTH NW","assessed_value":169500},{"address":"10452.0 50 STREET NW","assessed_value":369000},{"address":"8918.0 88 AVENUE NW","assessed_value":498000},{"address":"8503.0 60 STREET NW","assessed_value":529500},{"address":"10414.0 77 STREET NW","assessed_value":626000},{"address":"nan nan","assessed_value":8000},{"address":"8805.0 53 AVENUE NW","assessed_value":2913000},{"address":"7736.0 77 AVENUE NW","assessed_value":401000},{"address":"5535.0 97 STREET NW","assessed_value":1576500},{"address":"1490.0 LAKEWOOD ROAD WEST NW","assessed_value":132000},{"address":"4827.0 109A AVENUE NW","assessed_value":446000},{"address":"7653.0 91 AVENUE NW","assessed_value":433500},{"address":"10515.0 81 STREET NW","assessed_value":454000},{"address":"1111.0 88 STREET NW","assessed_value":406500},{"address":"5303.0 94B AVENUE NW","assessed_value":456500},{"address":"8531.0 77 AVENUE NW","assessed_value":890000},{"address":"7511.0 82 AVENUE NW","assessed_value":339500},{"address":"10316.0 45 STREET NW","assessed_value":396000},{"address":"9619.0 54 STREET NW","assessed_value":473500},{"address":"6215.0 92B AVENUE NW","assessed_value":418000},{"address":"5803.0 90A AVENUE NW","assessed_value":325500},{"address":"240.0 RICHFIELD ROAD NW","assessed_value":142500},{"address":"5303.0 104 AVENUE NW","assessed_value":487500},{"address":"6007.0 92A AVENUE NW","assessed_value":402000},{"address":"856.0 KNOTTWOOD ROAD SOUTH NW","assessed_value":336000},{"address":"9447.0 52 STREET NW","assessed_value":369500},{"address":"8603.0 18 AVENUE NW","assessed_value":443500},{"address":"8824.0 95 AVENUE NW","assessed_value":1500},{"address":"10723.0 43 STREET NW","assessed_value":678500},{"address":"2007.0 89 STREET NW","assessed_value":361500},{"address":"8938.0 80 AVENUE NW","assessed_value":893500},{"address":"7420.0 41 AVENUE NW","assessed_value":377500},{"address":"9417.0 88 AVENUE NW","assessed_value":400000},{"address":"9339.0 64 AVENUE NW","assessed_value":366500},{"address":"10201.0 71 STREET NW","assessed_value":400000},{"address":"6736.0 22 AVENUE NW","assessed_value":369000},{"address":"4603.0 102A AVENUE NW","assessed_value":386500},{"address":"4319.0 83 STREET NW","assessed_value":387000},{"address":"2339.0 85 STREET NW","assessed_value":190000},{"address":"6928.0 83 AVENUE NW","assessed_value":405500},{"address":"8404.0 52 STREET NW","assessed_value":372500},{"address":"10716.0 45 STREET NW","assessed_value":500},{"address":"10667.0 59 STREET NW","assessed_value":458500},{"address":"6627.0 97 AVENUE NW","assessed_value":516500},{"address":"9216.0 72 STREET NW","assessed_value":419000},{"address":"5536.0 19A AVENUE NW","assessed_value":149500},{"address":"4211.0 105A AVENUE NW","assessed_value":435500},{"address":"363.0 LEE RIDGE ROAD NW","assessed_value":432500},{"address":"7920.0 97 AVENUE NW","assessed_value":416500},{"address":"6403.0 94A AVENUE NW","assessed_value":394000},{"address":"6212.0 95A STREET NW","assessed_value":312000},{"address":"6407.0 94A AVENUE NW","assessed_value":453000},{"address":"615.0 MILLBOURNE ROAD EAST NW","assessed_value":179000},{"address":"8919.0 78 AVENUE NW","assessed_value":399000},{"address":"9252.0 OTTEWELL ROAD NW","assessed_value":428000},{"address":"8923.0 76 AVENUE NW","assessed_value":447500},{"address":"nan nan","assessed_value":0},{"address":"8803.0 33 AVENUE NW","assessed_value":354500},{"address":"8512.0 69 STREET NW","assessed_value":411000},{"address":"6307.0 93A AVENUE NW","assessed_value":457500},{"address":"164.0 RICHFIELD ROAD NW","assessed_value":370000},{"address":"8560.0 89 STREET NW","assessed_value":779500},{"address":"5508.0 102A AVENUE NW","assessed_value":424000},{"address":"10615.0 74 STREET NW","assessed_value":498000},{"address":"9803.0 75 AVENUE NW","assessed_value":367000},{"address":"9247.0 76 STREET NW","assessed_value":390500},{"address":"6424.0 86 STREET NW","assessed_value":405000},{"address":"8051.0 27 AVENUE NW","assessed_value":166000},{"address":"10223.0 74 STREET NW","assessed_value":487500},{"address":"1897.0 LAKEWOOD ROAD SOUTH NW","assessed_value":358500},{"address":"4504.0 105A AVENUE NW","assessed_value":399500},{"address":"8020.0 22 AVENUE NW","assessed_value":367000},{"address":"nan nan","assessed_value":0},{"address":"1228.0 78 STREET NW","assessed_value":389500},{"address":"1022.0 88 STREET NW","assessed_value":446500},{"address":"6107.0 94A AVENUE NW","assessed_value":416000},{"address":"8310.0 80 AVENUE NW","assessed_value":362000},{"address":"9259.0 91 STREET NW","assessed_value":412000},{"address":"5504.0 92C AVENUE NW","assessed_value":333000},{"address":"298.0 KNOTTWOOD ROAD NORTH NW","assessed_value":2000},{"address":"7315.0 95 STREET NW","assessed_value":940500},{"address":"5008.0 97 STREET NW","assessed_value":2004500},{"address":"5416.0 105 AVENUE NW","assessed_value":432000},{"address":"4507.0 106B AVENUE NW","assessed_value":516000},{"address":"8732.0 73 STREET NW","assessed_value":391500},{"address":"7707.0 106A AVENUE NW","assessed_value":528000},{"address":"9516.0 75 STREET NW","assessed_value":414000},{"address":"8707.0 41 AVENUE NW","assessed_value":501500},{"address":"10335.0 56 STREET NW","assessed_value":418000},{"address":"10137.0 75 STREET NW","assessed_value":347000},{"address":"10322.0 50 STREET NW","assessed_value":500},{"address":"8042.0 ARGYLL ROAD NW","assessed_value":500},{"address":"6615.0 36A AVENUE NW","assessed_value":316500},{"address":"8546.0 76 AVENUE NW","assessed_value":425000},{"address":"4621.0 102A AVENUE NW","assessed_value":8000},{"address":"10720.0 69 STREET NW","assessed_value":435500},{"address":"10704.0 52 STREET NW","assessed_value":474500},{"address":"6620.0 86 STREET NW","assessed_value":428500},{"address":"4639.0 105 AVENUE NW","assessed_value":459500},{"address":"2081.0 74 STREET NW","assessed_value":367000},{"address":"1508.0 69 STREET NW","assessed_value":165500},{"address":"6708.0 98 AVENUE NW","assessed_value":486500},{"address":"7215.0 43 AVENUE NW","assessed_value":398500},{"address":"5707.0 AUSTIN O'BRIEN ROAD NW","assessed_value":395000},{"address":"10209.0 83 STREET NW","assessed_value":646500},{"address":"10346.0 76 STREET NW","assessed_value":495000},{"address":"4804.0 108 AVENUE NW","assessed_value":525500},{"address":"8726.0 64 AVENUE NW","assessed_value":458000},{"address":"1915.0 89 STREET NW","assessed_value":355500},{"address":"9647.0 66 AVENUE NW","assessed_value":407500},{"address":"471.0 KNOTTWOOD ROAD WEST NW","assessed_value":205000},{"address":"756.0 KNOTTWOOD ROAD SOUTH NW","assessed_value":381000},{"address":"3060.0 79 STREET NW","assessed_value":397500},{"address":"9150.0 72 AVENUE NW","assessed_value":416500},{"address":"6720.0 31A AVENUE NW","assessed_value":386500},{"address":"5703.0 92C AVENUE NW","assessed_value":339500},{"address":"8115.0 83 AVENUE NW","assessed_value":380500},{"address":"10681.0 69 STREET NW","assessed_value":461500},{"address":"6014.0 MILL WOODS ROAD SOUTH NW","assessed_value":189500},{"address":"7534.0 80 AVENUE NW","assessed_value":343500},{"address":"10329.0 77 STREET NW","assessed_value":392000},{"address":"7111.0 93 AVENUE NW","assessed_value":455000},{"address":"10715.0 43 STREET NW","assessed_value":687000},{"address":"8111.0 78 AVENUE NW","assessed_value":434500},{"address":"9902.0 79 STREET NW","assessed_value":466500},{"address":"8613.0 29 AVENUE NW","assessed_value":417000},{"address":"9837.0 78 STREET NW","assessed_value":457000},{"address":"8719.0 73 STREET NW","assessed_value":491500},{"address":"8507.0 56 STREET NW","assessed_value":545500},{"address":"8665.0 CORONET ROAD NW","assessed_value":112000},{"address":"9503.0 57 STREET NW","assessed_value":405000},{"address":"9539.0 70 AVENUE NW","assessed_value":408000},{"address":"9636.0 74 STREET NW","assessed_value":513000},{"address":"2115.0 79 STREET NW","assessed_value":367000},{"address":"9104.0 89 STREET NW","assessed_value":1007000},{"address":"952.0 KNOTTWOOD ROAD SOUTH NW","assessed_value":394500},{"address":"9332.0 82 STREET NW","assessed_value":537000},{"address":"8227.0 98 AVENUE NW","assessed_value":585000},{"address":"8115.0 70 AVENUE NW","assessed_value":378500},{"address":"9320.0 86 AVENUE NW","assessed_value":799500},{"address":"8728.0 66 AVENUE NW","assessed_value":412000},{"address":"7320.0 75 STREET NW","assessed_value":351000},{"address":"4232.0 86 STREET NW","assessed_value":387000},{"address":"9630.0 86 STREET NW","assessed_value":375000},{"address":"7708.0 94 AVENUE NW","assessed_value":429500},{"address":"1815.0 65 STREET NW","assessed_value":391500},{"address":"2462.0 78 STREET NW","assessed_value":373500},{"address":"9708.0 63 AVENUE NW","assessed_value":337500},{"address":"2941.0 89 STREET NW","assessed_value":528500},{"address":"116.0 EKOTA CRESCENT NW","assessed_value":404000},{"address":"2748.0 83 STREET NW","assessed_value":422500},{"address":"7509.0 36B AVENUE NW","assessed_value":291000},{"address":"9327.0 70 AVENUE NW","assessed_value":520500},{"address":"7440.0 33 AVENUE NW","assessed_value":350000},{"address":"2607.0 83 STREET NW","assessed_value":425500},{"address":"8232.0 98 AVENUE NW","assessed_value":461000},{"address":"6307.0 84 AVENUE NW","assessed_value":278500},{"address":"8952.0 77 AVENUE NW","assessed_value":339500},{"address":"9148.0 81 AVENUE NW","assessed_value":399500},{"address":"7916.0 93A AVENUE NW","assessed_value":655500},{"address":"8917.0 87 STREET NW","assessed_value":481000},{"address":"2939.0 89 STREET NW","assessed_value":520000},{"address":"9535.0 86 STREET NW","assessed_value":414500},{"address":"5203.0 19 AVENUE NW","assessed_value":393000},{"address":"8334.0 79 AVENUE NW","assessed_value":332000},{"address":"9659.0 76 AVENUE NW","assessed_value":330000},{"address":"7920.0 81 AVENUE NW","assessed_value":804500},{"address":"5607.0 103 AVENUE NW","assessed_value":387000},{"address":"8545.0 83 AVENUE NW","assessed_value":394500},{"address":"4356.0 76 STREET NW","assessed_value":151500},{"address":"7213.0 101 AVENUE NW","assessed_value":731500},{"address":"8413.0 29 AVENUE NW","assessed_value":125000},{"address":"8708.0 31 AVENUE NW","assessed_value":395000},{"address":"10236.0 78 STREET NW","assessed_value":975500},{"address":"4815.0 106A AVENUE NW","assessed_value":385500},{"address":"6807.0 11 AVENUE NW","assessed_value":423000},{"address":"9528.0 69 AVENUE NW","assessed_value":532000},{"address":"810.0 LEE RIDGE ROAD NW","assessed_value":476000},{"address":"4.0 TWIN TERRACE NW","assessed_value":180500},{"address":"6768.0 87 STREET NW","assessed_value":420500},{"address":"7215.0 11 AVENUE NW","assessed_value":368000},{"address":"6207.0 95 AVENUE NW","assessed_value":445500},{"address":"8564.0 88 STREET NW","assessed_value":718000},{"address":"1837.0 LAKEWOOD ROAD SOUTH NW","assessed_value":390500},{"address":"5607.0 94A AVENUE NW","assessed_value":425000},{"address":"4716.0 106A AVENUE NW","assessed_value":399500},{"address":"2648.0 83 STREET NW","assessed_value":399500},{"address":"2333.0 85 STREET NW","assessed_value":190000},{"address":"7927.0 22 AVENUE NW","assessed_value":392500},{"address":"10107.0 83 STREET NW","assessed_value":352000},{"address":"10743.0 44 STREET NW","assessed_value":411500},{"address":"5408.0 93A AVENUE NW","assessed_value":353500},{"address":"8813.0 93 STREET NW","assessed_value":503000},{"address":"nan nan","assessed_value":0},{"address":"3424.0 78 STREET NW","assessed_value":357500},{"address":"1300.0 LAKEWOOD ROAD WEST NW","assessed_value":174000},{"address":"9814.0 72 AVENUE NW","assessed_value":360000},{"address":"2116.0 72 STREET NW","assessed_value":426500},{"address":"6408.0 93 AVENUE NW","assessed_value":500500},{"address":"8208.0 10 AVENUE NW","assessed_value":364500},{"address":"nan nan","assessed_value":8000},{"address":"9175.0 31 AVENUE NW","assessed_value":3322000},{"address":"8104.0 98 AVENUE NW","assessed_value":851500},{"address":"9031.0 52 STREET NW","assessed_value":450500},{"address":"9247.0 62 STREET NW","assessed_value":627000},{"address":"6003.0 CAPILANO CRESCENT NW","assessed_value":1926000},{"address":"10216.0 48 STREET NW","assessed_value":361000},{"address":"9522.0 73 AVENUE NW","assessed_value":360500},{"address":"8540.0 10 AVENUE NW","assessed_value":449000},{"address":"7904.0 10A AVENUE NW","assessed_value":533500},{"address":"9538.0 74 AVENUE NW","assessed_value":357000},{"address":"8405.0 MILL WOODS ROAD NW","assessed_value":283000},{"address":"868.0 MILLBOURNE ROAD EAST NW","assessed_value":394000},{"address":"2024.0 57 STREET NW","assessed_value":209000},{"address":"7104.0 39 AVENUE NW","assessed_value":408000},{"address":"7104.0 21 AVENUE NW","assessed_value":386000},{"address":"288.0 LEE RIDGE ROAD NW","assessed_value":401500},{"address":"1040.0 82 STREET NW","assessed_value":339500},{"address":"8910.0 73 STREET NW","assessed_value":383500},{"address":"6721.0 29 AVENUE NW","assessed_value":363000},{"address":"7603.0 10 AVENUE NW","assessed_value":379000},{"address":"9743.0 75A STREET NW","assessed_value":448000},{"address":"7907.0 71 AVENUE NW","assessed_value":413000},{"address":"8907.0 89 STREET NW","assessed_value":562000},{"address":"4808.0 106A AVENUE NW","assessed_value":439000},{"address":"1951.0 73 STREET NW","assessed_value":167500},{"address":"9211.0 82 STREET NW","assessed_value":443500},{"address":"160.0 KNOTTWOOD ROAD NORTH NW","assessed_value":175000},{"address":"1551.0 LAKEWOOD ROAD WEST NW","assessed_value":271500},{"address":"7624.0 ARGYLL ROAD NW","assessed_value":388500},{"address":"nan nan","assessed_value":0},{"address":"8935.0 STRATHEARN DRIVE NW","assessed_value":1802500},{"address":"9231.0 81 STREET NW","assessed_value":779500},{"address":"9651.0 72 AVENUE NW","assessed_value":354500},{"address":"9745.0 72 AVENUE NW","assessed_value":703000},{"address":"8723.0 85 AVENUE NW","assessed_value":451000},{"address":"8839.0 90 STREET NW","assessed_value":347500},{"address":"5804.0 FULTON ROAD NW","assessed_value":457000},{"address":"6511.0 95 AVENUE NW","assessed_value":494500},{"address":"8720.0 73 STREET NW","assessed_value":443500},{"address":"6407.0 15 AVENUE NW","assessed_value":336000},{"address":"6504.0 88 AVENUE NW","assessed_value":425000},{"address":"9824.0 67 STREET NW","assessed_value":575000},{"address":"9104.0 88 AVENUE NW","assessed_value":311000},{"address":"4816.0 109A AVENUE NW","assessed_value":443000},{"address":"10517.0 69 STREET NW","assessed_value":420000},{"address":"1578.0 69 STREET NW","assessed_value":166000},{"address":"5907.0 92 AVENUE NW","assessed_value":414500},{"address":"1378.0 LAKEWOOD ROAD WEST NW","assessed_value":171000},{"address":"4327.0 85 STREET NW","assessed_value":399500},{"address":"5603.0 97A AVENUE NW","assessed_value":375000},{"address":"10138.0 74 STREET NW","assessed_value":391000},{"address":"3504.0 87 STREET NW","assessed_value":380500},{"address":"6507.0 92A AVENUE NW","assessed_value":494500},{"address":"1044.0 LAKEWOOD ROAD NORTH NW","assessed_value":205500},{"address":"9725.0 76 AVENUE NW","assessed_value":307500},{"address":"6914.0 105A AVENUE NW","assessed_value":453500},{"address":"10632.0 40 STREET NW","assessed_value":385500},{"address":"1040.0 73 STREET NW","assessed_value":381500},{"address":"10683.0 61 STREET NW","assessed_value":431000},{"address":"9116.0 80 AVENUE NW","assessed_value":402000},{"address":"9140.0 70 AVENUE NW","assessed_value":403500},{"address":"10675.0 ST GABRIEL SCHOOL ROAD NW","assessed_value":474000},{"address":"7431.0 32 AVENUE NW","assessed_value":358500},{"address":"9141.0 81 AVENUE NW","assessed_value":324000},{"address":"2153.0 78 STREET NW","assessed_value":360000},{"address":"10207.0 57 STREET NW","assessed_value":428500},{"address":"4804.0 89 STREET NW","assessed_value":8862500},{"address":"1944.0 68 STREET NW","assessed_value":409000},{"address":"8711.0 64 AVENUE NW","assessed_value":8000},{"address":"10434.0 78 STREET NW","assessed_value":488500},{"address":"10334.0 83 STREET NW","assessed_value":788500},{"address":"3411.0 71 STREET NW","assessed_value":506000},{"address":"10556.0 40 STREET NW","assessed_value":373000},{"address":"8127.0 80 AVENUE NW","assessed_value":552000},{"address":"8516.0 43 AVENUE NW","assessed_value":379000},{"address":"8104.0 99 AVENUE NW","assessed_value":603500},{"address":"7648.0 88 AVENUE NW","assessed_value":404000},{"address":"6120.0 99 STREET NW","assessed_value":2445500},{"address":"7207.0 86 AVENUE NW","assessed_value":411500},{"address":"10235.0 83 STREET NW","assessed_value":410500},{"address":"9562.0 83 STREET NW","assessed_value":426500},{"address":"9431.0 77 STREET NW","assessed_value":442000},{"address":"3151.0 78 STREET NW","assessed_value":392500},{"address":"10312.0 80 STREET NW","assessed_value":380500},{"address":"9273.0 86 STREET NW","assessed_value":417000},{"address":"8003.0 70 AVENUE NW","assessed_value":451000},{"address":"7624.0 83 STREET NW","assessed_value":380500},{"address":"2614.0 83 STREET NW","assessed_value":373500},{"address":"1322.0 LAKEWOOD ROAD WEST NW","assessed_value":165500},{"address":"8728.0 97 AVENUE NW","assessed_value":7000},{"address":"9813.0 76 AVENUE NW","assessed_value":408500},{"address":"9712.0 65 AVENUE NW","assessed_value":393000},{"address":"6404.0 19 AVENUE NW","assessed_value":359500},{"address":"6819.0 98 AVENUE NW","assessed_value":390500},{"address":"nan nan","assessed_value":8500},{"address":"7727.0 82 AVENUE NW","assessed_value":306000},{"address":"8529.0 CONNORS ROAD NW","assessed_value":414500},{"address":"9312.0 86 STREET NW","assessed_value":560500},{"address":"10903.0 65A STREET NW","assessed_value":589000},{"address":"5908.0 97A AVENUE NW","assessed_value":465500},{"address":"6828.0 83 AVENUE NW","assessed_value":404500},{"address":"7316.0 76 STREET NW","assessed_value":428000},{"address":"8914.0 83 AVENUE NW","assessed_value":332500},{"address":"8516.0 71 AVENUE NW","assessed_value":590500},{"address":"5615.0 90 STREET NW","assessed_value":2109000},{"address":"3416.0 71 STREET NW","assessed_value":384500},{"address":"6724.0 29 AVENUE NW","assessed_value":371000},{"address":"9752.0 69 AVENUE NW","assessed_value":403000},{"address":"6919.0 87 AVENUE NW","assessed_value":404000},{"address":"1790.0 LAKEWOOD ROAD SOUTH NW","assessed_value":193500},{"address":"4028.0 89 STREET NW","assessed_value":471000},{"address":"1027.0 LAKEWOOD ROAD NORTH NW","assessed_value":282000},{"address":"9308.0 64 AVENUE NW","assessed_value":403500},{"address":"9897.0 34 AVENUE NW","assessed_value":2869000},{"address":"8304.0 ROWLAND ROAD NW","assessed_value":951500},{"address":"3428.0 71 STREET NW","assessed_value":397500},{"address":"1825.0 51 STREET NW","assessed_value":373500},{"address":"911.0 80 STREET NW","assessed_value":431000},{"address":"5904.0 94B AVENUE NW","assessed_value":394000},{"address":"7605.0 40 AVENUE NW","assessed_value":178500},{"address":"6424.0 15 AVENUE NW","assessed_value":368000},{"address":"4315.0 105 AVENUE NW","assessed_value":387000},{"address":"7719.0 71 AVENUE NW","assessed_value":399500},{"address":"6920.0 101 AVENUE NW","assessed_value":72000},{"address":"118.0 RICHFIELD ROAD NW","assessed_value":285000},{"address":"7524.0 94 AVENUE NW","assessed_value":430000},{"address":"9639.0 69 AVENUE NW","assessed_value":424500},{"address":"8545.0 89 STREET NW","assessed_value":1129500},{"address":"1936.0 65 STREET NW","assessed_value":376500},{"address":"8706.0 STRATHEARN DRIVE NW","assessed_value":468500},{"address":"3831.0 76 STREET NW","assessed_value":114000},{"address":"1621.0 KNOTTWOOD ROAD NORTH NW","assessed_value":306500},{"address":"8139.0 77 AVENUE NW","assessed_value":364000},{"address":"8803.0 65 AVENUE NW","assessed_value":538000},{"address":"3543.0 84 STREET NW","assessed_value":346500},{"address":"3931.0 67 STREET NW","assessed_value":472000},{"address":"9915.0 75 STREET NW","assessed_value":380500},{"address":"9228.0 77 STREET NW","assessed_value":385500},{"address":"9412.0 HOLYROOD ROAD NW","assessed_value":601500},{"address":"7357.0 18 AVENUE NW","assessed_value":432500},{"address":"2361.0 85 STREET NW","assessed_value":185000},{"address":"10638.0 65 STREET NW","assessed_value":455500},{"address":"9440.0 77 STREET NW","assessed_value":420500},{"address":"6411.0 97 AVENUE NW","assessed_value":474500},{"address":"6712.0 94A AVENUE NW","assessed_value":500500},{"address":"6803.0 33 AVENUE NW","assessed_value":360000},{"address":"7534.0 81 AVENUE NW","assessed_value":340500},{"address":"7415.0 33 AVENUE NW","assessed_value":386500},{"address":"616.0 LAKEWOOD ROAD NORTH NW","assessed_value":186500},{"address":"6407.0 14 AVENUE NW","assessed_value":347500},{"address":"6415.0 98A STREET NW","assessed_value":471000},{"address":"2024.0 57 STREET NW","assessed_value":188500},{"address":"9116.0 70 AVENUE NW","assessed_value":432000},{"address":"401.0 MILLBOURNE ROAD EAST NW","assessed_value":291500},{"address":"4607.0 109A AVENUE NW","assessed_value":413000},{"address":"6927.0 91 AVENUE NW","assessed_value":483500},{"address":"10631.0 42 STREET NW","assessed_value":418000},{"address":"9752.0 63 AVENUE NW","assessed_value":294500},{"address":"1533.0 69 STREET NW","assessed_value":530000},{"address":"8403.0 DAVIES ROAD NW","assessed_value":1623500},{"address":"8631.0 79 STREET NW","assessed_value":333000},{"address":"8120.0 85 AVENUE NW","assessed_value":403500},{"address":"5403.0 106 AVENUE NW","assessed_value":373000},{"address":"3212.0 70 STREET NW","assessed_value":353500},{"address":"9612.0 54 STREET NW","assessed_value":466500},{"address":"9527.0 87 STREET NW","assessed_value":434500},{"address":"7803.0 15 AVENUE NW","assessed_value":466500},{"address":"3051.0 79 STREET NW","assessed_value":385500},{"address":"4115.0 105 AVENUE NW","assessed_value":367000},{"address":"4711.0 105 AVENUE NW","assessed_value":434500},{"address":"6714.0 106 AVENUE NW","assessed_value":362500},{"address":"8803.0 38A AVENUE NW","assessed_value":348000},{"address":"nan nan","assessed_value":11000},{"address":"10113.0 81 STREET NW","assessed_value":428000},{"address":"7107.0 94 AVENUE NW","assessed_value":497500},{"address":"7408.0 86 AVENUE NW","assessed_value":405500},{"address":"7716.0 82 AVENUE NW","assessed_value":362000},{"address":"10645.0 59 STREET NW","assessed_value":1000},{"address":"10447.0 52 STREET NW","assessed_value":617000},{"address":"4256.0 91A STREET NW","assessed_value":554500},{"address":"10202.0 76 STREET NW","assessed_value":696500},{"address":"8315.0 81 AVENUE NW","assessed_value":382000},{"address":"1215.0 80 STREET NW","assessed_value":397500},{"address":"8513.0 75 AVENUE NW","assessed_value":625000},{"address":"4611.0 103 AVENUE NW","assessed_value":372000},{"address":"4324.0 74 STREET NW","assessed_value":398000},{"address":"10645.0 81 STREET NW","assessed_value":946500},{"address":"2435.0 89 STREET NW","assessed_value":469500},{"address":"6420.0 86 STREET NW","assessed_value":500},{"address":"10403.0 FULTON DRIVE NW","assessed_value":500},{"address":"4608.0 104 AVENUE NW","assessed_value":445500},{"address":"9712.0 92 STREET NW","assessed_value":702500},{"address":"9240.0 85 STREET NW","assessed_value":472000},{"address":"6115.0 97A AVENUE NW","assessed_value":460500},{"address":"8718.0 64 AVENUE NW","assessed_value":381000},{"address":"6520.0 96 STREET NW","assessed_value":1131000},{"address":"10422.0 76 STREET NW","assessed_value":423500},{"address":"147.0 RICHFIELD ROAD NW","assessed_value":393000},{"address":"6724.0 39 AVENUE NW","assessed_value":388500},{"address":"10612.0 80 STREET NW","assessed_value":644000},{"address":"1736.0 LAKEWOOD ROAD SOUTH NW","assessed_value":177500},{"address":"9331.0 73 AVENUE NW","assessed_value":541000},{"address":"10503.0 FULTON DRIVE NW","assessed_value":576500},{"address":"2425.0 89 STREET NW","assessed_value":408500},{"address":"1832.0 51 STREET NW","assessed_value":357500},{"address":"8815.0 38 AVENUE NW","assessed_value":461500},{"address":"2516.0 78 STREET NW","assessed_value":319000},{"address":"4208.0 104 AVENUE NW","assessed_value":347500},{"address":"7711.0 37 AVENUE NW","assessed_value":181000},{"address":"9620.0 83 STREET NW","assessed_value":498500},{"address":"9512.0 76 STREET NW","assessed_value":521500},{"address":"10219.0 71 STREET NW","assessed_value":370500},{"address":"4040.0 66 STREET NW","assessed_value":136500},{"address":"4503.0 108 AVENUE NW","assessed_value":489500},{"address":"3528.0 79 STREET NW","assessed_value":702000},{"address":"10347.0 52 STREET NW","assessed_value":491500},{"address":"9.0 LAKEWOOD VILLAGE NW","assessed_value":188500},{"address":"8819.0 76 STREET NW","assessed_value":370000},{"address":"8303.0 80 AVENUE NW","assessed_value":571000},{"address":"nan nan","assessed_value":0},{"address":"7604.0 102A AVENUE NW","assessed_value":500},{"address":"10663.0 65 STREET NW","assessed_value":426000},{"address":"7636.0 70 AVENUE NW","assessed_value":377500},{"address":"10134.0 80 STREET NW","assessed_value":493000},{"address":"8530.0 79 AVENUE NW","assessed_value":349000},{"address":"8608.0 35A AVENUE NW","assessed_value":480000},{"address":"8830.0 85 AVENUE NW","assessed_value":544500},{"address":"8715.0 67 AVENUE NW","assessed_value":408500},{"address":"5207.0 103 AVENUE NW","assessed_value":409500},{"address":"9329.0 87 AVENUE NW","assessed_value":810000},{"address":"391.0 LEE RIDGE ROAD NW","assessed_value":488000},{"address":"8310.0 102 AVENUE NW","assessed_value":429000},{"address":"10215.0 73 STREET NW","assessed_value":403000},{"address":"4003.0 86 STREET NW","assessed_value":372000},{"address":"6819.0 95 AVENUE NW","assessed_value":1342500},{"address":"7208.0 81 STREET NW","assessed_value":570500},{"address":"6919.0 15 AVENUE NW","assessed_value":401000},{"address":"9219.0 69 STREET NW","assessed_value":470000},{"address":"7116.0 82 STREET NW","assessed_value":372000},{"address":"5400.0 101 AVENUE NW","assessed_value":10000},{"address":"6915.0 90 AVENUE NW","assessed_value":350500},{"address":"6824.0 94B AVENUE NW","assessed_value":439500},{"address":"6740.0 87 STREET NW","assessed_value":400500},{"address":"9131.0 83 AVENUE NW","assessed_value":542000},{"address":"7908.0 84 AVENUE NW","assessed_value":431500},{"address":"1017.0 MILLBOURNE ROAD EAST NW","assessed_value":224500},{"address":"8663.0 77 STREET NW","assessed_value":358000},{"address":"4307.0 103 AVENUE NW","assessed_value":365000},{"address":"2627.0 83 STREET NW","assessed_value":367000},{"address":"455.0 KNOTTWOOD ROAD WEST NW","assessed_value":195000},{"address":"7024.0 MILL WOODS ROAD SOUTH NW","assessed_value":183000},{"address":"7914.0 ARGYLL ROAD NW","assessed_value":0},{"address":"8215.0 19 AVENUE NW","assessed_value":490000},{"address":"6228.0 13 AVENUE NW","assessed_value":370500},{"address":"10232.0 79 STREET NW","assessed_value":632500},{"address":"10135.0 76 STREET NW","assessed_value":610500},{"address":"7923.0 43A AVENUE NW","assessed_value":447000},{"address":"7515.0 94 AVENUE NW","assessed_value":428000},{"address":"3524.0 87 STREET NW","assessed_value":434000},{"address":"9507.0 88 AVENUE NW","assessed_value":377500},{"address":"10708.0 52 STREET NW","assessed_value":500},{"address":"1135.0 72 STREET NW","assessed_value":372000},{"address":"7944.0 97 AVENUE NW","assessed_value":426500},{"address":"8712.0 24 AVENUE NW","assessed_value":316500},{"address":"9203.0 90 STREET NW","assessed_value":455500},{"address":"10643.0 50 STREET NW","assessed_value":407000},{"address":"8110.0 78 AVENUE NW","assessed_value":429000},{"address":"10120.0 70 STREET NW","assessed_value":397000},{"address":"8104.0 76 AVENUE NW","assessed_value":360000},{"address":"6004.0 109B AVENUE NW","assessed_value":479000},{"address":"2024.0 57 STREET NW","assessed_value":176500},{"address":"7971.0 91 AVENUE NW","assessed_value":391000},{"address":"552.0 LAKEWOOD ROAD NORTH NW","assessed_value":192500},{"address":"4308.0 104 AVENUE NW","assessed_value":506500},{"address":"477.0 KNOTTWOOD ROAD WEST NW","assessed_value":226000},{"address":"9849.0 73 AVENUE NW","assessed_value":392500},{"address":"10427.0 78 STREET NW","assessed_value":687000},{"address":"9803.0 33 AVENUE NW","assessed_value":2697500},{"address":"9545.0 65 AVENUE NW","assessed_value":413000},{"address":"7307.0 95 AVENUE NW","assessed_value":506500},{"address":"10540.0 82 STREET NW","assessed_value":725500},{"address":"216.0 LEE RIDGE ROAD NW","assessed_value":193500},{"address":"7211.0 91 AVENUE NW","assessed_value":482500},{"address":"7333.0 21 AVENUE NW","assessed_value":359500},{"address":"3016.0 79 STREET NW","assessed_value":421500},{"address":"6211.0 87 AVENUE NW","assessed_value":8000},{"address":"787.0 KNOTTWOOD ROAD SOUTH NW","assessed_value":299500},{"address":"5203.0 17 AVENUE NW","assessed_value":465000},{"address":"8727.0 CONNORS ROAD NW","assessed_value":637000},{"address":"343.0 RICHFIELD ROAD NW","assessed_value":382000},{"address":"8774.0 STRATHEARN DRIVE NW","assessed_value":1993000},{"address":"6720.0 84 STREET NW","assessed_value":549000},{"address":"7542.0 79 AVENUE NW","assessed_value":559500},{"address":"5807.0 95 AVENUE NW","assessed_value":519000},{"address":"9206.0 85 STREET NW","assessed_value":428500},{"address":"2916.0 68 STREET NW","assessed_value":354000},{"address":"7345.0 21 AVENUE NW","assessed_value":370000},{"address":"9920.0 82 STREET NW","assessed_value":470500},{"address":"468.0 LEE RIDGE ROAD NW","assessed_value":140000},{"address":"9616.0 57 STREET NW","assessed_value":426000},{"address":"4240.0 98 STREET NW","assessed_value":3000},{"address":"9311.0 72 AVENUE NW","assessed_value":369000},{"address":"1702.0 LAKEWOOD ROAD SOUTH NW","assessed_value":167500},{"address":"2543.0 79 STREET NW","assessed_value":354000},{"address":"7523.0 77 AVENUE NW","assessed_value":426000},{"address":"890.0 KNOTTWOOD ROAD SOUTH NW","assessed_value":377500},{"address":"10405.0 82 STREET NW","assessed_value":404000},{"address":"10623.0 43 STREET NW","assessed_value":525500},{"address":"8607.0 54 STREET NW","assessed_value":427000},{"address":"10548.0 40 STREET NW","assessed_value":440000},{"address":"9620.0 75 STREET NW","assessed_value":384500},{"address":"6512.0 95 AVENUE NW","assessed_value":430500},{"address":"4622.0 104A AVENUE NW","assessed_value":8000},{"address":"10677.0 67 STREET NW","assessed_value":500},{"address":"10313.0 84 STREET NW","assessed_value":381500},{"address":"984.0 KNOTTWOOD ROAD SOUTH NW","assessed_value":271000},{"address":"9512.0 54 STREET NW","assessed_value":385500},{"address":"6112.0 85 AVENUE NW","assessed_value":415000},{"address":"9320.0 63 AVENUE NW","assessed_value":360500},{"address":"8403.0 19 AVENUE NW","assessed_value":379000},{"address":"936.0 LAKEWOOD ROAD NORTH NW","assessed_value":222000},{"address":"3807.0 76 STREET NW","assessed_value":114000},{"address":"7437.0 87 AVENUE NW","assessed_value":399000},{"address":"8016.0 70 AVENUE NW","assessed_value":422000},{"address":"7207.0 35 AVENUE NW","assessed_value":355500},{"address":"9906.0 79 STREET NW","assessed_value":342000},{"address":"8303.0 42 AVENUE NW","assessed_value":383000},{"address":"5804.0 102 AVENUE NW","assessed_value":408000},{"address":"8310.0 79 AVENUE NW","assessed_value":320000},{"address":"172.0 MILLBOURNE ROAD EAST NW","assessed_value":261000},{"address":"1215.0 85 STREET NW","assessed_value":397500},{"address":"7903.0 92 AVENUE NW","assessed_value":455000},{"address":"7620.0 75 AVENUE NW","assessed_value":401500},{"address":"10739.0 45 STREET NW","assessed_value":427000},{"address":"8312.0 10 AVENUE NW","assessed_value":457500},{"address":"8512.0 87 AVENUE NW","assessed_value":438500},{"address":"8722.0 75 AVENUE NW","assessed_value":680000},{"address":"9341.0 82 STREET NW","assessed_value":408000},{"address":"10331.0 81 STREET NW","assessed_value":689500},{"address":"2006.0 55 STREET NW","assessed_value":306500},{"address":"6931.0 13 AVENUE NW","assessed_value":359000},{"address":"1821.0 65 STREET NW","assessed_value":446000},{"address":"6919.0 84 AVENUE NW","assessed_value":420500},{"address":"6707.0 89 AVENUE NW","assessed_value":382500},{"address":"7620.0 41 AVENUE NW","assessed_value":426000},{"address":"7917.0 22 AVENUE NW","assessed_value":378000},{"address":"5306.0 17A AVENUE NW","assessed_value":376000},{"address":"1812.0 85 STREET NW","assessed_value":387000},{"address":"1123.0 68 STREET NW","assessed_value":349000},{"address":"9119.0 69 STREET NW","assessed_value":460500},{"address":"9833.0 76 STREET NW","assessed_value":1330000},{"address":"8711.0 STRATHEARN CRESCENT NW","assessed_value":463000},{"address":"9702.0 39 AVENUE NW","assessed_value":232500},{"address":"7837.0 26 AVENUE NW","assessed_value":437000},{"address":"7963.0 91 AVENUE NW","assessed_value":453500},{"address":"10612.0 63 STREET NW","assessed_value":477000},{"address":"8740.0 84 AVENUE NW","assessed_value":320000},{"address":"9267.0 79 STREET NW","assessed_value":578000},{"address":"7262.0 MILL WOODS ROAD SOUTH NW","assessed_value":189500},{"address":"6719.0 101A AVENUE NW","assessed_value":515000},{"address":"273.0 LEE RIDGE ROAD NW","assessed_value":275000},{"address":"9608.0 64 STREET NW","assessed_value":464500},{"address":"8843.0 90 STREET NW","assessed_value":948000},{"address":"6503.0 98A STREET NW","assessed_value":419500},{"address":"nan nan","assessed_value":0},{"address":"7944.0 84 AVENUE NW","assessed_value":350500},{"address":"2207.0 MILLBOURNE ROAD WEST NW","assessed_value":382000},{"address":"1020.0 75 STREET NW","assessed_value":408500},{"address":"4407.0 105 AVENUE NW","assessed_value":385000},{"address":"7216.0 21 AVENUE NW","assessed_value":386000},{"address":"369.0 LEE RIDGE ROAD NW","assessed_value":336500},{"address":"6420.0 98A STREET NW","assessed_value":348000},{"address":"6924.0 83 AVENUE NW","assessed_value":421000},{"address":"8608.0 22 AVENUE NW","assessed_value":396000},{"address":"10148.0 82 STREET NW","assessed_value":644500},{"address":"10540.0 50A STREET NW","assessed_value":370500},{"address":"1.0 TWIN TERRACE NW","assessed_value":179500},{"address":"3496.0 87 STREET NW","assessed_value":428500},{"address":"4503.0 107 AVENUE NW","assessed_value":526500},{"address":"9348.0 85 STREET NW","assessed_value":370000},{"address":"6208.0 94 AVENUE NW","assessed_value":441000},{"address":"10607.0 75 STREET NW","assessed_value":522500},{"address":"10637.0 ST GABRIEL SCHOOL ROAD NW","assessed_value":590500},{"address":"10303.0 79 STREET NW","assessed_value":376500},{"address":"9212.0 76 STREET NW","assessed_value":424000},{"address":"1498.0 KNOTTWOOD ROAD NORTH NW","assessed_value":394000},{"address":"8912.0 78 AVENUE NW","assessed_value":362500},{"address":"8605.0 39B AVENUE NW","assessed_value":485000},{"address":"7421.0 81 STREET NW","assessed_value":543500},{"address":"7120.0 99 AVENUE NW","assessed_value":422500},{"address":"8322.0 76 AVENUE NW","assessed_value":347000},{"address":"9516.0 52 STREET NW","assessed_value":408000},{"address":"5820.0 87 AVENUE NW","assessed_value":483500},{"address":"6204.0 20 AVENUE NW","assessed_value":417500},{"address":"8527.0 77 AVENUE NW","assessed_value":366000},{"address":"7123.0 82 STREET NW","assessed_value":406000},{"address":"6211.0 92B AVENUE NW","assessed_value":428500},{"address":"3219.0 67 STREET NW","assessed_value":321000},{"address":"7103.0 39A AVENUE NW","assessed_value":469000},{"address":"6104.0 109B AVENUE NW","assessed_value":674000},{"address":"8503.0 72 STREET NW","assessed_value":399500},{"address":"8152.0 81 AVENUE NW","assessed_value":336000},{"address":"8611.0 37 AVENUE NW","assessed_value":434500},{"address":"4323.0 85 STREET NW","assessed_value":402500},{"address":"1177.0 68 STREET NW","assessed_value":385000},{"address":"4312.0 74 STREET NW","assessed_value":406500},{"address":"6708.0 92B AVENUE NW","assessed_value":511000},{"address":"543.0 KNOTTWOOD ROAD WEST NW","assessed_value":188500},{"address":"8103.0 85 AVENUE NW","assessed_value":382500},{"address":"9445.0 76 STREET NW","assessed_value":438000},{"address":"6404.0 103A AVENUE NW","assessed_value":420000},{"address":"7356.0 75 STREET NW","assessed_value":344500},{"address":"6804.0 108 AVENUE NW","assessed_value":522000},{"address":"8918.0 79 AVENUE NW","assessed_value":905500},{"address":"9624.0 65 AVENUE NW","assessed_value":410000},{"address":"1176.0 KNOTTWOOD ROAD EAST NW","assessed_value":176000},{"address":"9529.0 87 AVENUE NW","assessed_value":420500},{"address":"3650.0 91 STREET NW","assessed_value":4585500},{"address":"251.0 LEE RIDGE ROAD NW","assessed_value":191500},{"address":"9916.0 81 STREET NW","assessed_value":454000},{"address":"4620.0 106A AVENUE NW","assessed_value":402500},{"address":"730.0 LEE RIDGE ROAD NW","assessed_value":373500},{"address":"8648.0 76 STREET NW","assessed_value":449000},{"address":"7519.0 95 AVENUE NW","assessed_value":422500},{"address":"7028.0 82 STREET NW","assessed_value":458000},{"address":"4362.0 76 STREET NW","assessed_value":160500},{"address":"10215.0 79 STREET NW","assessed_value":484000},{"address":"6904.0 41 AVENUE NW","assessed_value":377500},{"address":"9915.0 83 STREET NW","assessed_value":578000},{"address":"8734.0 92A AVENUE NW","assessed_value":500},{"address":"7719.0 78 AVENUE NW","assessed_value":392500},{"address":"1127.0 72 STREET NW","assessed_value":405000},{"address":"1416.0 LAKEWOOD ROAD WEST NW","assessed_value":122000},{"address":"7214.0 96A AVENUE NW","assessed_value":626000},{"address":"1703.0 51 STREET NW","assessed_value":744000},{"address":"3216.0 73 STREET NW","assessed_value":394000},{"address":"2024.0 57 STREET NW","assessed_value":209000},{"address":"10119.0 84 STREET NW","assessed_value":625500},{"address":"8930.0 81 AVENUE NW","assessed_value":354500},{"address":"7752.0 76 AVENUE NW","assessed_value":462000},{"address":"6428.0 87 STREET NW","assessed_value":486000},{"address":"8213.0 19 AVENUE NW","assessed_value":490000}]