[{"address":"3824.0 KIDD BAY SW","assessed_value":745500},{"address":"3631.0 WESTCLIFF WAY SW","assessed_value":1289000},{"address":"7030.0 170A AVENUE NW","assessed_value":591000},{"address":"6694.0 CARDINAL ROAD SW","assessed_value":455500},{"address":"14808.0 125 STREET NW","assessed_value":225500},{"address":"9523.0 160 AVENUE NW","assessed_value":183500},{"address":"nan nan","assessed_value":11000},{"address":"2003.0 RABBIT HILL ROAD NW","assessed_value":375500},{"address":"5317.0 3 AVENUE SW","assessed_value":340500},{"address":"9531.0 105 AVENUE NW","assessed_value":24500},{"address":"17219.0 126 STREET NW","assessed_value":530500},{"address":"12845.0 205 STREET NW","assessed_value":423000},{"address":"1316.0 HAINSTOCK WAY SW","assessed_value":979000},{"address":"16044.0 11 AVENUE SW","assessed_value":518500},{"address":"1639.0 28 STREET NW","assessed_value":535000},{"address":"nan nan","assessed_value":11500},{"address":"nan nan","assessed_value":4500},{"address":"7268.0 MORGAN ROAD NW","assessed_value":695500},{"address":"508.0 ALBANY WAY NW","assessed_value":189500},{"address":"16263.0 134 STREET NW","assessed_value":633500},{"address":"15164.0 16 STREET NW","assessed_value":609000},{"address":"1911.0 77 STREET SW","assessed_value":684000},{"address":"nan nan","assessed_value":12500},{"address":"5532.0 EDWORTHY WAY NW","assessed_value":545000},{"address":"10523.0 123 STREET NW","assessed_value":266500},{"address":"2036.0 90 STREET SW","assessed_value":1012500},{"address":"2617.0 BLUE JAY CLOSE NW","assessed_value":575000},{"address":"15550.0 128 AVENUE NW","assessed_value":4879500},{"address":"2186.0 TRUMPETER WAY NW","assessed_value":401500},{"address":"14123.0 138 STREET NW","assessed_value":531000},{"address":"17541.0 60A STREET NW","assessed_value":487000},{"address":"3316.0 HILTON CRESCENT NW","assessed_value":487000},{"address":"4050.0 SAVARYN DRIVE SW","assessed_value":229000},{"address":"4384.0 CRABAPPLE CRESCENT SW","assessed_value":637500},{"address":"3357.0 16A AVENUE NW","assessed_value":183500},{"address":"9350.0 211 STREET NW","assessed_value":379000},{"address":"2111.0 CASSELMAN LINK SW","assessed_value":306500},{"address":"nan nan","assessed_value":9000},{"address":"4332.0 ANNETT COMMON SW","assessed_value":405500},{"address":"175.0 MCCONACHIE DRIVE NW","assessed_value":373500},{"address":"2151.0 TRUMPETER WAY NW","assessed_value":398000},{"address":"nan nan","assessed_value":11000},{"address":"nan nan","assessed_value":9000},{"address":"3955.0 KENNEDY CRESCENT SW","assessed_value":1069000},{"address":"3353.0 16A AVENUE NW","assessed_value":186000},{"address":"5405.0 3 AVENUE SW","assessed_value":320000},{"address":"12025.0 22 AVENUE SW","assessed_value":183500},{"address":"17526.0 8 AVENUE SW","assessed_value":362500},{"address":"10945.0 90 AVENUE NW","assessed_value":1394000},{"address":"nan nan","assessed_value":6000},{"address":"20535.0 97 AVENUE NW","assessed_value":580500},{"address":"6229.0 167A AVENUE NW","assessed_value":694000},{"address":"nan nan","assessed_value":12000},{"address":"nan nan","assessed_value":12500},{"address":"nan nan","assessed_value":5500},{"address":"nan nan","assessed_value":12500},{"address":"nan nan","assessed_value":5500},{"address":"12041.0 103 STREET NW","assessed_value":478000},{"address":"2628.0 WHEATON CLOSE NW","assessed_value":829500},{"address":"945.0 CRYSTALLINA NERA WAY NW","assessed_value":455500},{"address":"1293.0 SECORD LANDING NW","assessed_value":546500},{"address":"2335.0 70 STREET SW","assessed_value":458000},{"address":"nan nan","assessed_value":8000},{"address":"nan nan","assessed_value":5000},{"address":"9025.0 218 STREET NW","assessed_value":395500},{"address":"17240.0 71 STREET NW","assessed_value":589500},{"address":"13909.0 138 STREET NW","assessed_value":440500},{"address":"612.0 175A STREET SW","assessed_value":379000},{"address":"4515.0 WESTCLIFF TERRACE SW","assessed_value":858500},{"address":"3735.0 KIDD CRESCENT SW","assessed_value":630000},{"address":"nan nan","assessed_value":5000},{"address":"2022.0 AINSLIE LINK SW","assessed_value":660500},{"address":"17320.0 124 STREET NW","assessed_value":393000},{"address":"9505.0 105 AVENUE NW","assessed_value":160000},{"address":"3928.0 GINSBURG CRESCENT NW","assessed_value":808500},{"address":"3108.0 PAISLEY ROAD SW","assessed_value":440500},{"address":"1815.0 AINSLIE COURT SW","assessed_value":811000},{"address":"13711.0 166 AVENUE NW","assessed_value":653000},{"address":"nan nan","assessed_value":11000},{"address":"nan nan","assessed_value":5000},{"address":"9413.0 118 AVENUE NW","assessed_value":74000},{"address":"610.0 41 AVENUE NW","assessed_value":421000},{"address":"6079.0 MAYNARD WAY NW","assessed_value":252000},{"address":"508.0 ALBANY WAY NW","assessed_value":177500},{"address":"7656.0 182 AVENUE NW","assessed_value":536000},{"address":"1306.0 162 STREET SW","assessed_value":395500},{"address":"1364.0 CUNNINGHAM DRIVE SW","assessed_value":608500},{"address":"3378.0 CUTLER CRESCENT SW","assessed_value":673000},{"address":"5393.0 CRABAPPLE LOOP SW","assessed_value":408500},{"address":"nan nan","assessed_value":8500},{"address":"534.0 WATT BOULEVARD SW","assessed_value":159000},{"address":"17629.0 60A STREET NW","assessed_value":425500},{"address":"7155.0 CARDINAL WAY SW","assessed_value":409500},{"address":"2816.0 16 STREET NW","assessed_value":586500},{"address":"10005.0 154 STREET NW","assessed_value":75500},{"address":"3195.0 CARPENTER LANDING SW","assessed_value":418500},{"address":"11323.0 84 STREET NW","assessed_value":327500},{"address":"3724.0 PARKER COURT SW","assessed_value":601000},{"address":"3357.0 16A AVENUE NW","assessed_value":175500},{"address":"21616.0 86 AVENUE NW","assessed_value":582500},{"address":"nan nan","assessed_value":12500},{"address":"nan nan","assessed_value":8000},{"address":"16764.0 60 STREET NW","assessed_value":554000},{"address":"175.0 MCCONACHIE DRIVE NW","assessed_value":416500},{"address":"5954.0 EDMONDS CRESCENT NW","assessed_value":608500},{"address":"7007.0 174 AVENUE NW","assessed_value":415500},{"address":"9042.0 24 AVENUE SW","assessed_value":1082500},{"address":"8518.0 106 STREET NW","assessed_value":111000},{"address":"21960.0 90 AVENUE NW","assessed_value":465500},{"address":"20123.0 106 AVENUE NW","assessed_value":386500},{"address":"2418.0 ASHCRAFT CRESCENT SW","assessed_value":986500},{"address":"655.0 TAMARACK ROAD NW","assessed_value":287000},{"address":"7804.0 19 AVENUE SW","assessed_value":721500},{"address":"4850.0 TERWILLEGAR COMMON NW","assessed_value":229500},{"address":"1060.0 GRAYDON HILL BOULEVARD SW","assessed_value":380000},{"address":"nan nan","assessed_value":5000},{"address":"nan nan","assessed_value":9000},{"address":"2003.0 RABBIT HILL ROAD NW","assessed_value":379000},{"address":"nan nan","assessed_value":11500},{"address":"15827.0 11 AVENUE SW","assessed_value":674000},{"address":"2148.0 CASSIDY WYND SW","assessed_value":417500},{"address":"508.0 ALBANY WAY NW","assessed_value":168000},{"address":"13020.0 127 STREET NW","assessed_value":132000},{"address":"nan nan","assessed_value":14500},{"address":"15113.0 31 STREET NW","assessed_value":381000},{"address":"530.0 WATT BOULEVARD SW","assessed_value":162500},{"address":"12236.0 173A AVENUE NW","assessed_value":11000},{"address":"3444.0 CAMERON HEIGHTS COVE NW","assessed_value":473000},{"address":"655.0 TAMARACK ROAD NW","assessed_value":293000},{"address":"6076.0 SCHONSEE WAY NW","assessed_value":215500},{"address":"7431.0 COLONEL MEWBURN ROAD NW","assessed_value":595500},{"address":"14621.0 121 STREET NW","assessed_value":303500},{"address":"nan nan","assessed_value":4500},{"address":"1196.0 HYNDMAN ROAD NW","assessed_value":164500},{"address":"3914.0 KENNEDY CRESCENT SW","assessed_value":768500},{"address":"4165.0 CAMERON HEIGHTS POINT NW","assessed_value":552000},{"address":"655.0 TAMARACK ROAD NW","assessed_value":295000},{"address":"3852.0 POWELL WYND SW","assessed_value":392500},{"address":"185.0 AMBLESIDE DRIVE SW","assessed_value":21000},{"address":"2910.0 16A AVENUE NW","assessed_value":390500},{"address":"3217.0 CAMERON HEIGHTS WAY NW","assessed_value":1510500},{"address":"nan nan","assessed_value":12000},{"address":"7271.0 ARMOUR CRESCENT SW","assessed_value":430500},{"address":"5444.0 CHAPPELLE ROAD SW","assessed_value":430000},{"address":"340.0 WINDERMERE ROAD NW","assessed_value":202500},{"address":"5409.0 14 AVENUE SW","assessed_value":405000},{"address":"3357.0 16A AVENUE NW","assessed_value":151000},{"address":"1306.0 HAINSTOCK WAY SW","assessed_value":28000},{"address":"3103.0 HILTON DRIVE NW","assessed_value":345500},{"address":"3931.0 KENNEDY CRESCENT SW","assessed_value":1120500},{"address":"20206.0 43 AVENUE NW","assessed_value":406500},{"address":"4305.0 PROWSE LINK SW","assessed_value":454500},{"address":"5248.0 21 AVENUE SW","assessed_value":382000},{"address":"2446.0 WARE CRESCENT NW","assessed_value":673000},{"address":"nan nan","assessed_value":12500},{"address":"6520.0 2 AVENUE SW","assessed_value":270500},{"address":"7862.0 ERASMUS WYND NW","assessed_value":551500},{"address":"12269.0 173A AVENUE NW","assessed_value":435000},{"address":"3007.0 16 AVENUE NW","assessed_value":356000},{"address":"5955.0 EDMONDS CRESCENT NW","assessed_value":670000},{"address":"nan nan","assessed_value":12000},{"address":"7048.0 173 AVENUE NW","assessed_value":538000},{"address":"1238.0 WINDERMERE WAY SW","assessed_value":203500},{"address":"16814.0 64 STREET NW","assessed_value":413500},{"address":"3321.0 HILTON CRESCENT NW","assessed_value":552000},{"address":"4413.0 WESTCLIFF CLOSE SW","assessed_value":953000},{"address":"1816.0 RUTHERFORD ROAD SW","assessed_value":305000},{"address":"2345.0 69A STREET SW","assessed_value":433500},{"address":"nan nan","assessed_value":5500},{"address":"nan nan","assessed_value":12500},{"address":"9907.0 217 STREET NW","assessed_value":352500},{"address":"3737.0 CAMERON HEIGHTS PLACE NW","assessed_value":585000},{"address":"2203.0 44 AVENUE NW","assessed_value":189000},{"address":"nan nan","assessed_value":9000},{"address":"1824.0 56 STREET SW","assessed_value":701000},{"address":"1610.0 TOWNE CENTRE BOULEVARD NW","assessed_value":283500},{"address":"6703.0 24 AVENUE SW","assessed_value":392500},{"address":"7911.0 ARGYLL ROAD NW","assessed_value":351000},{"address":"1399.0 GRAYDON HILL WAY SW","assessed_value":777500},{"address":"21921.0 99A AVENUE NW","assessed_value":424000},{"address":"7056.0 ARMOUR BEND SW","assessed_value":563500},{"address":"6110.0 175A AVENUE NW","assessed_value":545000},{"address":"4918.0 ROPER ROAD NW","assessed_value":256500},{"address":"1230.0 WINDERMERE WAY SW","assessed_value":197000},{"address":"1420.0 WATT DRIVE SW","assessed_value":376500},{"address":"8744.0 92A AVENUE NW","assessed_value":560000},{"address":"1915.0 AINSLIE LINK SW","assessed_value":629500},{"address":"7416.0 174 AVENUE NW","assessed_value":618000},{"address":"143.0 RAPPERSWILL DRIVE NW","assessed_value":635000},{"address":"4050.0 SAVARYN DRIVE SW","assessed_value":296500},{"address":"8364.0 ELLIS CRESCENT NW","assessed_value":476000},{"address":"nan nan","assessed_value":12500},{"address":"2909.0 MAPLE WAY NW","assessed_value":538000},{"address":"2448.0 ASHCRAFT CRESCENT SW","assessed_value":1026000},{"address":"nan nan","assessed_value":73000},{"address":"4116.0 CAMERON HEIGHTS POINT NW","assessed_value":876500},{"address":"1083.0 WATT PROMENADE SW","assessed_value":409000},{"address":"nan nan","assessed_value":7500},{"address":"nan nan","assessed_value":11500},{"address":"7026.0 174 AVENUE NW","assessed_value":393000},{"address":"11808.0 22 AVENUE SW","assessed_value":171500},{"address":"611.0 41 AVENUE NW","assessed_value":453500},{"address":"2312.0 67A STREET SW","assessed_value":438000},{"address":"3347.0 14 AVENUE NW","assessed_value":405500},{"address":"5260.0 17 AVENUE SW","assessed_value":595500},{"address":"2715.0 12 STREET NW","assessed_value":482000},{"address":"20614.0 97A AVENUE NW","assessed_value":608500},{"address":"nan nan","assessed_value":15000},{"address":"nan nan","assessed_value":8500},{"address":"5423.0 CRABAPPLE LOOP SW","assessed_value":393500},{"address":"3313.0 ABBOTT CRESCENT SW","assessed_value":627500},{"address":"217.0 EVERGREEN PARK NW","assessed_value":77500},{"address":"7757.0 GETTY WYND NW","assessed_value":543000},{"address":"3003.0 CARPENTER LANDING SW","assessed_value":545500},{"address":"9535.0 217 STREET NW","assessed_value":308500},{"address":"nan nan","assessed_value":4500},{"address":"12247.0 173 AVENUE NW","assessed_value":507500},{"address":"7723.0 177 AVENUE NW","assessed_value":559500},{"address":"17708.0 8 AVENUE SW","assessed_value":363000},{"address":"nan nan","assessed_value":11000},{"address":"4727.0 ALWOOD BEND SW","assessed_value":619000},{"address":"6079.0 MAYNARD WAY NW","assessed_value":313500},{"address":"7805.0 71 STREET NW","assessed_value":239000},{"address":"2632.0 BOWEN WAY SW","assessed_value":517500},{"address":"4369.0 ANNETT COMMON SW","assessed_value":464000},{"address":"10654.0 114 STREET NW","assessed_value":85000},{"address":"1450.0 33B STREET NW","assessed_value":397000},{"address":"9523.0 160 AVENUE NW","assessed_value":132500},{"address":"12025.0 22 AVENUE SW","assessed_value":159500},{"address":"17626.0 5A AVENUE SW","assessed_value":588500},{"address":"16235.0 51 STREET NW","assessed_value":164500},{"address":"5118.0 GODSON CLOSE NW","assessed_value":444500},{"address":"nan nan","assessed_value":5000},{"address":"3004.0 GRANVILLE DRIVE NW","assessed_value":18960000},{"address":"17147.0 75 STREET NW","assessed_value":685500},{"address":"5672.0 CRABAPPLE WAY SW","assessed_value":401500},{"address":"nan nan","assessed_value":5000},{"address":"21848.0 80 AVENUE NW","assessed_value":737000},{"address":"4310.0 CRABAPPLE CRESCENT SW","assessed_value":610000},{"address":"nan nan","assessed_value":9000},{"address":"627.0 HUDSON ROAD NW","assessed_value":19000},{"address":"12118.0 79 STREET NW","assessed_value":427000},{"address":"715.0 179 STREET SW","assessed_value":581500},{"address":"1438.0 WATT DRIVE SW","assessed_value":390000},{"address":"3660.0 CLAXTON PLACE SW","assessed_value":648000},{"address":"655.0 TAMARACK ROAD NW","assessed_value":288000},{"address":"4149.0 6A STREET NW","assessed_value":451000},{"address":"nan nan","assessed_value":11000},{"address":"3223.0 ABBOTT CRESCENT SW","assessed_value":804500},{"address":"nan nan","assessed_value":4500},{"address":"3387.0 PARKER LOOP SW","assessed_value":643000},{"address":"11812.0 22 AVENUE SW","assessed_value":193000},{"address":"nan nan","assessed_value":7500},{"address":"22029.0 99A AVENUE NW","assessed_value":497500},{"address":"17229.0 73 STREET NW","assessed_value":391000},{"address":"5057.0 DEWOLF ROAD NW","assessed_value":707000},{"address":"21703.0 85 AVENUE SW","assessed_value":632500},{"address":"7832.0 ERASMUS WYND NW","assessed_value":525000},{"address":"5272.0 21 AVENUE SW","assessed_value":409500},{"address":"5514.0 15 AVENUE SW","assessed_value":391000},{"address":"1420.0 152 AVENUE NW","assessed_value":331500},{"address":"3916.0 GINSBURG CRESCENT NW","assessed_value":899000},{"address":"1622.0 TOWNE CENTRE BOULEVARD NW","assessed_value":291000},{"address":"8315.0 180 AVENUE NW","assessed_value":274000},{"address":"173.0 RAPPERSWILL DRIVE NW","assessed_value":605000},{"address":"7343.0 SOUTH TERWILLEGAR DRIVE NW","assessed_value":189500},{"address":"10523.0 123 STREET NW","assessed_value":296000},{"address":"16512.0 132 STREET NW","assessed_value":579500},{"address":"445.0 BRINTNELL BOULEVARD NW","assessed_value":300500},{"address":"12203.0 172 AVENUE NW","assessed_value":529000},{"address":"nan nan","assessed_value":5500},{"address":"3396.0 WEIDLE WAY SW","assessed_value":455000},{"address":"nan nan","assessed_value":12500},{"address":"nan nan","assessed_value":106000},{"address":"8532.0 ELLIS LINK NW","assessed_value":469500},{"address":"7091.0 ARMOUR BEND SW","assessed_value":637000},{"address":"nan nan","assessed_value":7500},{"address":"17537.0 120 STREET NW","assessed_value":417500},{"address":"20524.0 131 AVENUE NW","assessed_value":693000},{"address":"4029.0 ORCHARDS DRIVE SW","assessed_value":289500},{"address":"17813.0 5A AVENUE SW","assessed_value":455000},{"address":"11820.0 22 AVENUE SW","assessed_value":161000},{"address":"12248.0 170 AVENUE NW","assessed_value":584000},{"address":"4133.0 CAMERON HEIGHTS POINT NW","assessed_value":714000},{"address":"4307.0 ROPER ROAD NW","assessed_value":1283000},{"address":"1804.0 70 STREET SW","assessed_value":289000},{"address":"2164.0 67 STREET SW","assessed_value":464000},{"address":"5208.0 19A AVENUE SW","assessed_value":533000},{"address":"4050.0 SAVARYN DRIVE SW","assessed_value":296500},{"address":"1070.0 MCCONACHIE BOULEVARD NW","assessed_value":194500},{"address":"1307.0 STARLING DRIVE NW","assessed_value":405500},{"address":"7503.0 GETTY GATE NW","assessed_value":301500},{"address":"3123.0 CARPENTER LANDING SW","assessed_value":426000},{"address":"10611.0 117 STREET NW","assessed_value":234500},{"address":"17124.0 49 STREET NW","assessed_value":397500},{"address":"5973.0 103A STREET NW","assessed_value":288500},{"address":"7832.0 GETTY WYND NW","assessed_value":573000},{"address":"2588.0 ANDERSON WAY SW","assessed_value":225000},{"address":"nan nan","assessed_value":8500},{"address":"9903.0 209 STREET NW","assessed_value":219000},{"address":"5967.0 167C AVENUE NW","assessed_value":385500},{"address":"21735.0 99 AVENUE NW","assessed_value":422000},{"address":"13816.0 165 AVENUE NW","assessed_value":500500},{"address":"13031.0 207 STREET NW","assessed_value":555000},{"address":"5369.0 SCHONSEE DRIVE NW","assessed_value":622000},{"address":"12035.0 22 AVENUE SW","assessed_value":125500},{"address":"674.0 SECORD BOULEVARD NW","assessed_value":431500},{"address":"17527.0 61 STREET NW","assessed_value":590000},{"address":"8838.0 19 AVENUE SW","assessed_value":1389500},{"address":"12126.0 122 STREET NW","assessed_value":352000},{"address":"2422.0 GLENRIDDING BOULEVARD SW","assessed_value":369500},{"address":"nan nan","assessed_value":11500},{"address":"16536.0 132 STREET NW","assessed_value":688000},{"address":"nan nan","assessed_value":11500},{"address":"2808.0 79 STREET NW","assessed_value":8772000},{"address":"nan nan","assessed_value":5000},{"address":"2588.0 ANDERSON WAY SW","assessed_value":218500},{"address":"8315.0 180 AVENUE NW","assessed_value":315500},{"address":"4184.0 CAMERON HEIGHTS POINT NW","assessed_value":363500},{"address":"16315.0 135 STREET NW","assessed_value":564000},{"address":"6013.0 167A AVENUE NW","assessed_value":519500},{"address":"1816.0 RUTHERFORD ROAD SW","assessed_value":288500},{"address":"9003.0 219 STREET NW","assessed_value":512500},{"address":"445.0 BRINTNELL BOULEVARD NW","assessed_value":302500},{"address":"3429.0 CAMERON HEIGHTS COVE NW","assessed_value":488500},{"address":"13816.0 142 AVENUE NW","assessed_value":533000},{"address":"nan nan","assessed_value":10000},{"address":"nan nan","assessed_value":11500},{"address":"16804.0 120 STREET NW","assessed_value":394000},{"address":"7027.0 174 AVENUE NW","assessed_value":390000},{"address":"12255.0 170 AVENUE NW","assessed_value":717500},{"address":"1030.0 CHAPPELLE BOULEVARD SW","assessed_value":299500},{"address":"1312.0 GRAYDON HILL WAY SW","assessed_value":445000},{"address":"9748.0 205 STREET NW","assessed_value":631500},{"address":"17637.0 60A STREET NW","assessed_value":454500},{"address":"1296.0 STARLING DRIVE NW","assessed_value":568000},{"address":"17627.0 7A AVENUE SW","assessed_value":436500},{"address":"4610.0 WESTCLIFF POINT SW","assessed_value":569000},{"address":"7436.0 GETTY WAY NW","assessed_value":502500},{"address":"nan nan","assessed_value":12500},{"address":"1722.0 52A STREET SW","assessed_value":591000},{"address":"17335.0 74 STREET NW","assessed_value":669500},{"address":"5326.0 21A AVENUE SW","assessed_value":755000},{"address":"1954.0 AINSLIE LINK SW","assessed_value":672000},{"address":"9809.0 70 AVENUE NW","assessed_value":545000},{"address":"9720.0 222 STREET NW","assessed_value":740000},{"address":"732.0 43 AVENUE NW","assessed_value":703000},{"address":"144.0 CY BECKER BOULEVARD NW","assessed_value":381000},{"address":"850.0 CRYSTALLINA NERA WAY NW","assessed_value":575000},{"address":"5306.0 21A AVENUE SW","assessed_value":796000},{"address":"2632.0 16 STREET NW","assessed_value":400000},{"address":"12912.0 207 STREET NW","assessed_value":641500},{"address":"708.0 179 STREET SW","assessed_value":577000},{"address":"nan nan","assessed_value":12500},{"address":"13815.0 139 AVENUE NW","assessed_value":426000},{"address":"8315.0 180 AVENUE NW","assessed_value":291000},{"address":"17835.0 78 STREET NW","assessed_value":785500},{"address":"1614.0 CHAPMAN WAY SW","assessed_value":409500},{"address":"nan nan","assessed_value":9000},{"address":"1419.0 WATT DRIVE SW","assessed_value":684000},{"address":"669.0 SECORD BOULEVARD NW","assessed_value":422000},{"address":"3216.0 ALLAN WAY SW","assessed_value":477500},{"address":"13823.0 138 AVENUE NW","assessed_value":427000},{"address":"11816.0 22 AVENUE SW","assessed_value":164000},{"address":"1764.0 28 STREET NW","assessed_value":605000},{"address":"325.0 WATT BOULEVARD SW","assessed_value":449500},{"address":"507.0 ALBANY WAY NW","assessed_value":258500},{"address":"21983.0 90 AVENUE NW","assessed_value":499000},{"address":"1346.0 AINSLIE WYND SW","assessed_value":573000},{"address":"16224.0 136 STREET NW","assessed_value":565000},{"address":"13113.0 205 STREET NW","assessed_value":428000},{"address":"17111.0 75 STREET NW","assessed_value":536000},{"address":"nan nan","assessed_value":9000},{"address":"16235.0 51 STREET NW","assessed_value":148500},{"address":"nan nan","assessed_value":4500},{"address":"nan nan","assessed_value":14500},{"address":"17015.0 43 STREET NW","assessed_value":651000},{"address":"685.0 ALLARD BOULEVARD SW","assessed_value":371500},{"address":"5609.0 19A AVENUE SW","assessed_value":443500},{"address":"3482.0 WEIDLE WAY SW","assessed_value":438500},{"address":"5144.0 CORVETTE STREET NW","assessed_value":804000},{"address":"3347.0 WEIDLE WAY SW","assessed_value":416500},{"address":"6906.0 CARDINAL WYND SW","assessed_value":477000},{"address":"1060.0 MCCONACHIE BOULEVARD NW","assessed_value":156000},{"address":"16003.0 12 AVENUE SW","assessed_value":534500},{"address":"nan nan","assessed_value":12500},{"address":"3122.0 PAISLEY ROAD SW","assessed_value":467000},{"address":"13907.0 138 STREET NW","assessed_value":440500},{"address":"16235.0 51 STREET NW","assessed_value":160000},{"address":"1080.0 MCCONACHIE BOULEVARD NW","assessed_value":194500},{"address":"1975.0 51 STREET SW","assessed_value":581000},{"address":"3238.0 CAMERON HEIGHTS WAY NW","assessed_value":30500},{"address":"806.0 HOWATT PLACE SW","assessed_value":1097000},{"address":"483.0 ALLARD BOULEVARD SW","assessed_value":755000},{"address":"nan nan","assessed_value":10000},{"address":"7239.0 ARMOUR CRESCENT SW","assessed_value":440000},{"address":"11816.0 22 AVENUE SW","assessed_value":154500},{"address":"1651.0 CUNNINGHAM WAY SW","assessed_value":321000},{"address":"nan nan","assessed_value":8500},{"address":"nan nan","assessed_value":7500},{"address":"nan nan","assessed_value":12500},{"address":"6076.0 SCHONSEE WAY NW","assessed_value":220000},{"address":"7907.0 ERASMUS CRESCENT NW","assessed_value":616500},{"address":"655.0 WATT BOULEVARD NW","assessed_value":319500},{"address":"675.0 ALBANY WAY NW","assessed_value":295000},{"address":"6520.0 2 AVENUE SW","assessed_value":217500},{"address":"17252.0 73 STREET NW","assessed_value":378500},{"address":"9016.0 ROSENTHAL LINK NW","assessed_value":511500},{"address":"2377.0 GLENRIDDING BOULEVARD SW","assessed_value":404500},{"address":"16216.0 136 STREET NW","assessed_value":578000},{"address":"3003.0 KESWICK WAY SW","assessed_value":13500},{"address":"nan nan","assessed_value":9000},{"address":"nan nan","assessed_value":12500},{"address":"7325.0 24 AVENUE SW","assessed_value":397500},{"address":"12203.0 112 AVENUE NW","assessed_value":392500},{"address":"nan nan","assessed_value":1228500},{"address":"nan nan","assessed_value":4500},{"address":"nan nan","assessed_value":11000},{"address":"16729.0 61 STREET NW","assessed_value":638500},{"address":"nan nan","assessed_value":8500},{"address":"2005.0 70 STREET SW","assessed_value":292000},{"address":"1964.0 AINSLIE LINK SW","assessed_value":613500},{"address":"1070.0 MCCONACHIE BOULEVARD NW","assessed_value":128500},{"address":"12045.0 22 AVENUE SW","assessed_value":190000},{"address":"1615.0 TAMARACK BOULEVARD NW","assessed_value":500},{"address":"3571.0 CHERRY LANDING SW","assessed_value":633500},{"address":"3240.0 WINSPEAR CRESCENT SW","assessed_value":708000},{"address":"6084.0 STANTON DRIVE SW","assessed_value":201000},{"address":"7472.0 GETTY WAY NW","assessed_value":582500},{"address":"nan nan","assessed_value":9000},{"address":"2004.0 TRUMPETER WAY NW","assessed_value":320000},{"address":"7289.0 SOUTH TERWILLEGAR DRIVE NW","assessed_value":307000},{"address":"10523.0 123 STREET NW","assessed_value":245500},{"address":"17620.0 120 STREET NW","assessed_value":795000},{"address":"3685.0 WESTCLIFF WAY SW","assessed_value":594500},{"address":"nan nan","assessed_value":4500},{"address":"13040.0 25 STREET NE","assessed_value":6450000},{"address":"16235.0 51 STREET NW","assessed_value":176500},{"address":"22231.0 96 AVENUE NW","assessed_value":626500},{"address":"9903.0 209 STREET NW","assessed_value":219000},{"address":"7329.0 EDGEMONT WAY NW","assessed_value":368000},{"address":"nan nan","assessed_value":6000},{"address":"3357.0 16A AVENUE NW","assessed_value":172500},{"address":"2036.0 AINSLIE LINK SW","assessed_value":730500},{"address":"3118.0 ALLAN LANDING SW","assessed_value":614000},{"address":"11808.0 22 AVENUE SW","assessed_value":159500},{"address":"nan nan","assessed_value":12500},{"address":"6520.0 2 AVENUE SW","assessed_value":260000},{"address":"3513.0 WATSON POINT SW","assessed_value":1596500},{"address":"5325.0 GODSON POINT NW","assessed_value":715000},{"address":"9505.0 105 AVENUE NW","assessed_value":151000},{"address":"2203.0 44 AVENUE NW","assessed_value":191500},{"address":"4011.0 97 STREET NW","assessed_value":366500},{"address":"3085.0 CARPENTER LANDING SW","assessed_value":600500},{"address":"3710.0 ALLAN DRIVE SW","assessed_value":295000},{"address":"610.0 178A STREET SW","assessed_value":464000},{"address":"nan nan","assessed_value":9000},{"address":"17403.0 11 AVENUE SW","assessed_value":598000},{"address":"2720.0 KIRKLAND WAY SW","assessed_value":729000},{"address":"2203.0 44 AVENUE NW","assessed_value":175500},{"address":"17629.0 5A AVENUE SW","assessed_value":453000},{"address":"450.0 MCCONACHIE WAY NW","assessed_value":312500},{"address":"nan nan","assessed_value":11000},{"address":"2410.0 CASSIDY WAY SW","assessed_value":387000},{"address":"12064.0 177 AVENUE NW","assessed_value":522000},{"address":"9535.0 217 STREET NW","assessed_value":300500},{"address":"7343.0 SOUTH TERWILLEGAR DRIVE NW","assessed_value":195500},{"address":"1920.0 78 STREET SW","assessed_value":630500},{"address":"9859.0 222 STREET NW","assessed_value":611000},{"address":"nan nan","assessed_value":12000},{"address":"17128.0 43 STREET NW","assessed_value":567500},{"address":"nan nan","assessed_value":8500},{"address":"1108.0 161 STREET SW","assessed_value":502500},{"address":"5965.0 EDMONDS CRESCENT NW","assessed_value":600500},{"address":"3625.0 144 AVENUE NW","assessed_value":291000},{"address":"10611.0 117 STREET NW","assessed_value":189000},{"address":"1291.0 STARLING DRIVE NW","assessed_value":431000},{"address":"nan nan","assessed_value":5000},{"address":"408.0 DRAGOON PLACE NW","assessed_value":631000},{"address":"1080.0 MCCONACHIE BOULEVARD NW","assessed_value":188000},{"address":"3710.0 ALLAN DRIVE SW","assessed_value":302000},{"address":"7531.0 173 AVENUE NW","assessed_value":749000},{"address":"2419.0 CASSIDY WAY SW","assessed_value":381000},{"address":"nan nan","assessed_value":4500},{"address":"nan nan","assessed_value":11500},{"address":"8439.0 216 STREET NW","assessed_value":605000},{"address":"nan nan","assessed_value":5500},{"address":"nan nan","assessed_value":12000},{"address":"nan nan","assessed_value":12500},{"address":"403.0 DRAGOON PLACE NW","assessed_value":542000},{"address":"2412.0 ASHCRAFT CRESCENT SW","assessed_value":1333000},{"address":"nan nan","assessed_value":9000},{"address":"3921.0 KENNEDY CRESCENT SW","assessed_value":773000},{"address":"3458.0 CUTLER CRESCENT SW","assessed_value":486500},{"address":"3313.0 WEIDLE WAY SW","assessed_value":434500},{"address":"nan nan","assessed_value":6500},{"address":"507.0 ALBANY WAY NW","assessed_value":211000},{"address":"nan nan","assessed_value":5000},{"address":"nan nan","assessed_value":9000},{"address":"8315.0 180 AVENUE NW","assessed_value":298500},{"address":"1441.0 WATT DRIVE SW","assessed_value":683000},{"address":"nan nan","assessed_value":11500},{"address":"11803.0 22 AVENUE SW","assessed_value":155000},{"address":"2452.0 GLENRIDDING BOULEVARD SW","assessed_value":369000},{"address":"nan nan","assessed_value":5000},{"address":"14808.0 125 STREET NW","assessed_value":233500},{"address":"623.0 HOWATT DRIVE SW","assessed_value":1230500},{"address":"5270.0 20 AVENUE SW","assessed_value":403000},{"address":"5507.0 3 AVENUE SW","assessed_value":328500},{"address":"20620.0 98 AVENUE NW","assessed_value":616000},{"address":"2908.0 151 AVENUE NW","assessed_value":252000},{"address":"7805.0 71 STREET NW","assessed_value":217500},{"address":"16822.0 40 STREET NW","assessed_value":462000},{"address":"118.0 CY BECKER BOULEVARD NW","assessed_value":410000},{"address":"15149.0 14 STREET NW","assessed_value":400000},{"address":"1816.0 RUTHERFORD ROAD SW","assessed_value":305000},{"address":"nan nan","assessed_value":12000},{"address":"7193.0 CARDINAL WAY SW","assessed_value":394500},{"address":"3123.0 PAISLEY ROAD SW","assessed_value":397000},{"address":"nan nan","assessed_value":9000},{"address":"3405.0 WEIDLE WAY SW","assessed_value":475500},{"address":"3714.0 PARKER COURT SW","assessed_value":548500},{"address":"3725.0 PARKER COURT SW","assessed_value":659500},{"address":"8129.0 223 STREET NW","assessed_value":402500},{"address":"18127.0 77 STREET NW","assessed_value":433500},{"address":"nan nan","assessed_value":11000},{"address":"8315.0 180 AVENUE NW","assessed_value":312500},{"address":"4050.0 SAVARYN DRIVE SW","assessed_value":236000},{"address":"1053.0 GRANTHAM DRIVE NW","assessed_value":786000},{"address":"nan nan","assessed_value":8500},{"address":"11539.0 16 AVENUE SW","assessed_value":539500},{"address":"728.0 SECORD BOULEVARD NW","assessed_value":442000},{"address":"9032.0 218 STREET NW","assessed_value":492500},{"address":"6084.0 STANTON DRIVE SW","assessed_value":217500},{"address":"3205.0 HILTON COURT NW","assessed_value":624500},{"address":"2450.0 ASHCRAFT CRESCENT SW","assessed_value":875500},{"address":"2325.0 69A STREET SW","assessed_value":437000},{"address":"5670.0 CRABAPPLE WAY SW","assessed_value":397000},{"address":"8133.0 223 STREET NW","assessed_value":401500},{"address":"4825.0 TERWILLEGAR COMMON NW","assessed_value":289500},{"address":"13047.0 207 STREET NW","assessed_value":749000},{"address":"3945.0 GINSBURG CRESCENT NW","assessed_value":1068000},{"address":"1522.0 52 STREET SW","assessed_value":396000},{"address":"1303.0 162 STREET SW","assessed_value":390000},{"address":"2045.0 GRANTHAM COURT NW","assessed_value":177000},{"address":"851.0 WINDERMERE WYND NW","assessed_value":915500},{"address":"3162.0 ALLAN LANDING SW","assessed_value":851500},{"address":"1196.0 HYNDMAN ROAD NW","assessed_value":152500},{"address":"504.0 ALBANY WAY NW","assessed_value":185000},{"address":"2065.0 WARE ROAD NW","assessed_value":720500},{"address":"4818.0 171A AVENUE NW","assessed_value":405000},{"address":"3195.0 WINSPEAR CRESCENT SW","assessed_value":704000},{"address":"1522.0 GRAYDON HILL POINT SW","assessed_value":428000},{"address":"233.0 ALBANY DRIVE NW","assessed_value":583000},{"address":"12215.0 168 AVENUE NW","assessed_value":499500},{"address":"nan nan","assessed_value":12500},{"address":"8537.0 ELLIS LINK NW","assessed_value":463500},{"address":"9811.0 222 STREET NW","assessed_value":560500},{"address":"nan nan","assessed_value":8000},{"address":"4207.0 8 STREET NW","assessed_value":593500},{"address":"nan nan","assessed_value":11000},{"address":"17736.0 78 STREET NW","assessed_value":724000},{"address":"11816.0 22 AVENUE SW","assessed_value":190500},{"address":"5424.0 CRABAPPLE LOOP SW","assessed_value":526000},{"address":"8811.0 95 STREET NW","assessed_value":681000},{"address":"nan nan","assessed_value":4500},{"address":"12045.0 22 AVENUE SW","assessed_value":164000},{"address":"10772.0 76 AVENUE NW","assessed_value":434000},{"address":"3710.0 ALLAN DRIVE SW","assessed_value":299500},{"address":"17220.0 121 STREET NW","assessed_value":654000},{"address":"nan nan","assessed_value":9000},{"address":"5139.0 CORVETTE STREET NW","assessed_value":728000},{"address":"2864.0 MAPLE WAY NW","assessed_value":385000},{"address":"3381.0 PARKER LOOP SW","assessed_value":674000},{"address":"7027.0 173 AVENUE NW","assessed_value":614500},{"address":"2114.0 CASSIDY WYND SW","assessed_value":412500},{"address":"7414.0 GETTY WAY NW","assessed_value":591000},{"address":"nan nan","assessed_value":9000},{"address":"13907.0 164 AVENUE NW","assessed_value":387000},{"address":"6307.0 170 AVENUE NW","assessed_value":493000},{"address":"1185.0 WINDERMERE WAY SW","assessed_value":33525000},{"address":"1335.0 158 STREET SW","assessed_value":555000},{"address":"20627.0 130 AVENUE NW","assessed_value":594500},{"address":"2588.0 ANDERSON WAY SW","assessed_value":151000},{"address":"9505.0 105 AVENUE NW","assessed_value":135000},{"address":"3912.0 169 AVENUE NW","assessed_value":509500},{"address":"1626.0 AINSLIE LANE SW","assessed_value":755500},{"address":"nan nan","assessed_value":11000},{"address":"21707.0 84 AVENUE NW","assessed_value":557000},{"address":"1070.0 MCCONACHIE BOULEVARD NW","assessed_value":131500},{"address":"10820.0 64 AVENUE NW","assessed_value":529000},{"address":"2224.0 BLUE JAY LANDING NW","assessed_value":736000},{"address":"10835.0 77 AVENUE NW","assessed_value":351500},{"address":"12045.0 22 AVENUE SW","assessed_value":159000},{"address":"3151.0 CAMERON HEIGHTS WAY NW","assessed_value":766500},{"address":"13244.0 166 AVENUE NW","assessed_value":694500},{"address":"13516.0 163 AVENUE NW","assessed_value":581500},{"address":"nan nan","assessed_value":12500},{"address":"28.0 ROUND ROAD NW","assessed_value":117000},{"address":"2622.0 WHEATON CLOSE NW","assessed_value":914000},{"address":"1395.0 WATT DRIVE SW","assessed_value":660000},{"address":"203.0 ALBANY DRIVE NW","assessed_value":598000},{"address":"1748.0 28 STREET NW","assessed_value":650500},{"address":"7124.0 ARMOUR LINK SW","assessed_value":589000},{"address":"2050.0 WARE ROAD NW","assessed_value":745000},{"address":"5223.0 18 AVENUE SW","assessed_value":634500},{"address":"6714.0 CARDINAL ROAD SW","assessed_value":391500},{"address":"5133.0 GODSON CLOSE NW","assessed_value":434500},{"address":"3018.0 CARPENTER LANDING SW","assessed_value":446500},{"address":"6076.0 SCHONSEE WAY NW","assessed_value":191500},{"address":"6084.0 STANTON DRIVE SW","assessed_value":189000},{"address":"8503.0 ELLIS LINK NW","assessed_value":419500},{"address":"1312.0 AINSLIE WYND SW","assessed_value":614500},{"address":"530.0 WATT BOULEVARD SW","assessed_value":156000},{"address":"nan nan","assessed_value":12500},{"address":"2140.0 BLUE JAY POINT NW","assessed_value":758500},{"address":"22312.0 82 AVENUE NW","assessed_value":420000},{"address":"3066.0 PAISLEY GREEN SW","assessed_value":385000},{"address":"1150.0 WINDERMERE WAY SW","assessed_value":336500},{"address":"10223.0 90 STREET NW","assessed_value":689000},{"address":"nan nan","assessed_value":7500},{"address":"1303.0 WATT DRIVE SW","assessed_value":506500},{"address":"3243.0 15 AVENUE NW","assessed_value":558000},{"address":"7352.0 ARMOUR CRESCENT SW","assessed_value":788000},{"address":"16744.0 64 STREET NW","assessed_value":420000},{"address":"2539.0 COUGHLAN ROAD SW","assessed_value":403000},{"address":"12132.0 121A STREET NW","assessed_value":794500},{"address":"nan nan","assessed_value":381000},{"address":"5323.0 20 AVENUE SW","assessed_value":717000},{"address":"nan nan","assessed_value":11500},{"address":"13804.0 139 AVENUE NW","assessed_value":589500},{"address":"3700.0 WESTCLIFF WAY SW","assessed_value":842500},{"address":"6955.0 EVANS WYND NW","assessed_value":475000},{"address":"1160.0 MERIDIAN STREET NW","assessed_value":2500},{"address":"3710.0 ALLAN DRIVE SW","assessed_value":308500},{"address":"5381.0 SCHONSEE DRIVE NW","assessed_value":516500},{"address":"3640.0 CLAXTON PLACE SW","assessed_value":609000},{"address":"5415.0 20 AVENUE SW","assessed_value":665500},{"address":"1933.0 ADAMSON TERRACE SW","assessed_value":607000},{"address":"4508.0 WESTCLIFF TERRACE SW","assessed_value":824500},{"address":"5449.0 CRABAPPLE LOOP SW","assessed_value":395500},{"address":"12025.0 22 AVENUE SW","assessed_value":196000},{"address":"9041.0 24 AVENUE SW","assessed_value":847000},{"address":"nan nan","assessed_value":10000},{"address":"658.0 178A STREET SW","assessed_value":882000},{"address":"nan nan","assessed_value":4500},{"address":"5110.0 CORVETTE STREET NW","assessed_value":496500},{"address":"2803.0 JAMES MOWATT TRAIL SW","assessed_value":285500},{"address":"18120.0 75 STREET NW","assessed_value":474500},{"address":"2590.0 ANDERSON WAY SW","assessed_value":159500},{"address":"5311.0 15 AVENUE SW","assessed_value":396000},{"address":"4319.0 ANNETT COMMON SW","assessed_value":371000},{"address":"nan nan","assessed_value":12500},{"address":"675.0 ALBANY WAY NW","assessed_value":298500},{"address":"3145.0 ALLAN LANDING SW","assessed_value":883000},{"address":"15855.0 13 AVENUE SW","assessed_value":634000},{"address":"1556.0 33B STREET NW","assessed_value":400000},{"address":"nan nan","assessed_value":177500},{"address":"nan nan","assessed_value":4500},{"address":"21936.0 91 AVENUE NW","assessed_value":410500},{"address":"6137.0 175A AVENUE NW","assessed_value":564500},{"address":"8715.0 218 STREET NW","assessed_value":601500},{"address":"17424.0 121 STREET NW","assessed_value":525000},{"address":"nan nan","assessed_value":8500},{"address":"6079.0 MAYNARD WAY NW","assessed_value":248500},{"address":"1010.0 HUCKELL PLACE SW","assessed_value":809000},{"address":"2151.0 67 STREET SW","assessed_value":436500},{"address":"21851.0 80 AVENUE NW","assessed_value":507000},{"address":"1649.0 TOWNE CENTRE BOULEVARD NW","assessed_value":332500},{"address":"8140.0 224 STREET NW","assessed_value":469500},{"address":"2337.0 WARE CRESCENT NW","assessed_value":460500},{"address":"1816.0 RUTHERFORD ROAD SW","assessed_value":291500},{"address":"534.0 WATT BOULEVARD SW","assessed_value":178500},{"address":"nan nan","assessed_value":11500},{"address":"2741.0 SPARROW PLACE NW","assessed_value":455500},{"address":"nan nan","assessed_value":11500},{"address":"7364.0 MAY COMMON NW","assessed_value":796000},{"address":"9759.0 205 STREET NW","assessed_value":646500},{"address":"6079.0 MAYNARD WAY NW","assessed_value":263000},{"address":"nan nan","assessed_value":8000},{"address":"nan nan","assessed_value":11500},{"address":"675.0 ALBANY WAY NW","assessed_value":313500},{"address":"12147.0 177 AVENUE NW","assessed_value":555000},{"address":"10523.0 123 STREET NW","assessed_value":375000},{"address":"2207.0 44 AVENUE NW","assessed_value":158000},{"address":"nan nan","assessed_value":11500},{"address":"5487.0 EDWORTHY WAY NW","assessed_value":865500},{"address":"17924.0 7 AVENUE SW","assessed_value":721000},{"address":"7298.0 MORGAN ROAD NW","assessed_value":651500},{"address":"1513.0 27 AVENUE NW","assessed_value":420000},{"address":"878.0 CY BECKER DRIVE NW","assessed_value":441500},{"address":"2003.0 AINSLIE LINK SW","assessed_value":845000},{"address":"8373.0 ELLIS CRESCENT NW","assessed_value":606000},{"address":"1076.0 WATT PROMENADE SW","assessed_value":437000},{"address":"2004.0 TRUMPETER WAY NW","assessed_value":318000},{"address":"3863.0 AGAR GREEN SW","assessed_value":594500},{"address":"1140.0 CHAPPELLE BOULEVARD SW","assessed_value":313500},{"address":"692.0 180 STREET SW","assessed_value":963500},{"address":"5236.0 20 AVENUE SW","assessed_value":408500},{"address":"16324.0 136 STREET NW","assessed_value":756000},{"address":"9016.0 218 STREET NW","assessed_value":440500},{"address":"2045.0 GRANTHAM COURT NW","assessed_value":265000},{"address":"21919.0 91 AVENUE NW","assessed_value":470000},{"address":"12833.0 205 STREET NW","assessed_value":420500},{"address":"9484.0 228 STREET NW","assessed_value":508500},{"address":"15844.0 11 AVENUE SW","assessed_value":544500},{"address":"2723.0 WHEATON DRIVE NW","assessed_value":1277000},{"address":"12939.0 103 STREET NW","assessed_value":228500},{"address":"5317.0 3 AVENUE SW","assessed_value":337500},{"address":"nan nan","assessed_value":6000},{"address":"nan nan","assessed_value":4500},{"address":"11808.0 22 AVENUE SW","assessed_value":193000},{"address":"1532.0 165 STREET SW","assessed_value":404500},{"address":"7289.0 SOUTH TERWILLEGAR DRIVE NW","assessed_value":300500},{"address":"16505.0 133 STREET NW","assessed_value":450500},{"address":"12219.0 89 STREET NW","assessed_value":301000},{"address":"1633.0 CHAPMAN WAY SW","assessed_value":389000},{"address":"nan nan","assessed_value":10000},{"address":"13824.0 163 AVENUE NW","assessed_value":609000},{"address":"8816.0 119 AVENUE NW","assessed_value":277500},{"address":"14621.0 121 STREET NW","assessed_value":291500},{"address":"7940.0 ERASMUS CRESCENT NW","assessed_value":497000},{"address":"17514.0 60A STREET NW","assessed_value":575500},{"address":"nan nan","assessed_value":500},{"address":"nan nan","assessed_value":12500},{"address":"13732.0 166 AVENUE NW","assessed_value":602500},{"address":"7081.0 ARMOUR BEND SW","assessed_value":700000},{"address":"5113.0 CORVETTE STREET NW","assessed_value":553000},{"address":"1449.0 33B STREET NW","assessed_value":395500},{"address":"12323.0 173 AVENUE NW","assessed_value":500500},{"address":"1384.0 SECORD LANDING NW","assessed_value":696000},{"address":"6079.0 MAYNARD WAY NW","assessed_value":283500},{"address":"nan nan","assessed_value":9000},{"address":"3617.0 WEIDLE BEND SW","assessed_value":448500},{"address":"nan nan","assessed_value":9000},{"address":"4128.0 8 STREET NW","assessed_value":1091500},{"address":"6133.0 176 AVENUE NW","assessed_value":426000},{"address":"8365.0 ELLIS CRESCENT NW","assessed_value":582500},{"address":"nan nan","assessed_value":8500},{"address":"16016.0 12 AVENUE SW","assessed_value":460500},{"address":"nan nan","assessed_value":4500},{"address":"7803.0 GETTY WYND NW","assessed_value":514500},{"address":"2423.0 ASHCRAFT CRESCENT SW","assessed_value":1042000},{"address":"nan nan","assessed_value":11000},{"address":"2104.0 YELLOWHEAD TRAIL NE","assessed_value":950000},{"address":"16805.0 64 STREET NW","assessed_value":437500},{"address":"5522.0 EDWORTHY WAY NW","assessed_value":620500},{"address":"7110.0 CARDINAL WAY SW","assessed_value":512000},{"address":"3204.0 ABBOTT CRESCENT SW","assessed_value":544000},{"address":"4185.0 CAMERON HEIGHTS POINT NW","assessed_value":1465500},{"address":"nan nan","assessed_value":7500},{"address":"450.0 MCCONACHIE WAY NW","assessed_value":332000},{"address":"nan nan","assessed_value":9000},{"address":"719.0 40 AVENUE NW","assessed_value":549000},{"address":"nan nan","assessed_value":12500},{"address":"21728.0 99 AVENUE NW","assessed_value":447000},{"address":"3717.0 CAMERON HEIGHTS PLACE NW","assessed_value":1952500},{"address":"5008.0 4 AVENUE SW","assessed_value":27506000},{"address":"nan nan","assessed_value":6000},{"address":"11816.0 22 AVENUE SW","assessed_value":116500},{"address":"16235.0 51 STREET NW","assessed_value":153500},{"address":"nan nan","assessed_value":11000},{"address":"3404.0 WEIDLE WAY SW","assessed_value":412500},{"address":"11812.0 22 AVENUE SW","assessed_value":178500},{"address":"5322.0 19 AVENUE SW","assessed_value":681000},{"address":"904.0 CRYSTALLINA NERA WAY NW","assessed_value":602500},{"address":"6209.0 167A AVENUE NW","assessed_value":600000},{"address":"1820.0 RUTHERFORD ROAD SW","assessed_value":223500},{"address":"2316.0 ASHCRAFT CAPE SW","assessed_value":630000},{"address":"nan nan","assessed_value":12000},{"address":"16004.0 11 AVENUE SW","assessed_value":505000},{"address":"5145.0 EDGEMONT BOULEVARD NW","assessed_value":6000},{"address":"11804.0 22 AVENUE SW","assessed_value":161000},{"address":"nan nan","assessed_value":11500},{"address":"3224.0 ALLAN WAY SW","assessed_value":506000},{"address":"9903.0 209 STREET NW","assessed_value":214500},{"address":"460.0 HEMINGWAY ROAD NW","assessed_value":298000},{"address":"1133.0 HAINSTOCK GREEN SW","assessed_value":1263500},{"address":"10719.0 72 AVENUE NW","assessed_value":603000},{"address":"nan nan","assessed_value":11500},{"address":"8930.0 99 STREET NW","assessed_value":284000},{"address":"2916.0 15 STREET NW","assessed_value":412000},{"address":"11721.0 92 STREET NW","assessed_value":306000},{"address":"509.0 ORCHARDS BOULEVARD SW","assessed_value":400000},{"address":"7202.0 CARDINAL WAY SW","assessed_value":438000},{"address":"11325.0 79 AVENUE NW","assessed_value":697000},{"address":"nan nan","assessed_value":6500},{"address":"13810.0 166 AVENUE NW","assessed_value":291000},{"address":"nan nan","assessed_value":9000},{"address":"11119.0 76 AVENUE NW","assessed_value":284000},{"address":"12045.0 22 AVENUE SW","assessed_value":152500},{"address":"655.0 TAMARACK ROAD NW","assessed_value":306000},{"address":"1353.0 CUNNINGHAM DRIVE SW","assessed_value":677500},{"address":"7655.0 179 AVENUE NW","assessed_value":769000},{"address":"nan nan","assessed_value":5500},{"address":"675.0 ALBANY WAY NW","assessed_value":298500},{"address":"9523.0 160 AVENUE NW","assessed_value":166000},{"address":"7024.0 93 STREET NW","assessed_value":454000},{"address":"8216.0 217 STREET NW","assessed_value":679500},{"address":"1196.0 HYNDMAN ROAD NW","assessed_value":171500},{"address":"8305.0 ELLIS CRESCENT NW","assessed_value":414500},{"address":"8948.0 20 AVENUE SW","assessed_value":2607500},{"address":"9779.0 54 AVENUE NW","assessed_value":1705500},{"address":"1150.0 WINDERMERE WAY SW","assessed_value":356500},{"address":"2844.0 MAPLE WAY NW","assessed_value":23000},{"address":"12025.0 22 AVENUE SW","assessed_value":166000},{"address":"3915.0 CHERRY COVE SW","assessed_value":691000},{"address":"2005.0 BLUE JAY COURT NW","assessed_value":520500},{"address":"nan nan","assessed_value":11000},{"address":"nan nan","assessed_value":7500},{"address":"4317.0 PROWSE LINK SW","assessed_value":410500},{"address":"7.0 WINDERMERE DRIVE SW","assessed_value":2822500},{"address":"nan nan","assessed_value":12500},{"address":"9903.0 209 STREET NW","assessed_value":216000},{"address":"140.0 YOUVILLE DRIVE EAST NW","assessed_value":293500},{"address":"1926.0 57 STREET SW","assessed_value":456500},{"address":"12035.0 22 AVENUE SW","assessed_value":147500},{"address":"2109.0 52A STREET SW","assessed_value":430000},{"address":"10611.0 117 STREET NW","assessed_value":238000},{"address":"13127.0 205 STREET NW","assessed_value":446500},{"address":"nan nan","assessed_value":12000},{"address":"8315.0 180 AVENUE NW","assessed_value":291000},{"address":"7503.0 GETTY GATE NW","assessed_value":301500},{"address":"4212.0 GORESKY CLOSE NW","assessed_value":827500},{"address":"706.0 177 STREET SW","assessed_value":388500},{"address":"7311.0 ARMOUR CRESCENT SW","assessed_value":372500},{"address":"17103.0 122 STREET NW","assessed_value":686000},{"address":"22115.0 96 AVENUE NW","assessed_value":563500},{"address":"534.0 WATT BOULEVARD SW","assessed_value":195500},{"address":"2003.0 RABBIT HILL ROAD NW","assessed_value":366000},{"address":"nan nan","assessed_value":9000},{"address":"nan nan","assessed_value":12000},{"address":"483.0 ORCHARDS BOULEVARD SW","assessed_value":395000},{"address":"2474.0 BOWEN WYND SW","assessed_value":14600500},{"address":"4908.0 TERWILLEGAR COMMON NW","assessed_value":299500},{"address":"10611.0 117 STREET NW","assessed_value":217000},{"address":"530.0 WATT BOULEVARD SW","assessed_value":169500},{"address":"2313.0 68 STREET SW","assessed_value":463500},{"address":"11816.0 22 AVENUE SW","assessed_value":193000},{"address":"2167.0 TRUMPETER WAY NW","assessed_value":361500},{"address":"nan nan","assessed_value":12500},{"address":"7317.0 24 AVENUE SW","assessed_value":424000},{"address":"nan nan","assessed_value":9000},{"address":"nan nan","assessed_value":12000},{"address":"nan nan","assessed_value":5000},{"address":"9350.0 211 STREET NW","assessed_value":397500},{"address":"3673.0 CLAXTON PLACE SW","assessed_value":527000},{"address":"2045.0 GRANTHAM COURT NW","assessed_value":206500},{"address":"4050.0 SAVARYN DRIVE SW","assessed_value":242000},{"address":"15823.0 10 AVENUE SW","assessed_value":734500},{"address":"nan nan","assessed_value":8500},{"address":"nan nan","assessed_value":11500},{"address":"1408.0 WATT DRIVE SW","assessed_value":384500},{"address":"15143.0 16 STREET NW","assessed_value":491500},{"address":"4215.0 GORESKY CLOSE NW","assessed_value":852000},{"address":"1230.0 WINDERMERE WAY SW","assessed_value":203000},{"address":"4313.0 CRABAPPLE CRESCENT SW","assessed_value":623000},{"address":"5317.0 3 AVENUE SW","assessed_value":339000},{"address":"9053.0 24 AVENUE SW","assessed_value":779000},{"address":"17905.0 6A AVENUE SW","assessed_value":715500},{"address":"7503.0 178 AVENUE NW","assessed_value":490000},{"address":"nan nan","assessed_value":11000},{"address":"7953.0 ERASMUS CRESCENT NW","assessed_value":558000},{"address":"1196.0 HYNDMAN RD NW","assessed_value":148000},{"address":"nan nan","assessed_value":9500},{"address":"1623.0 CUNNINGHAM WAY SW","assessed_value":301000},{"address":"nan nan","assessed_value":8000},{"address":"7613.0 MAY GATE NW","assessed_value":820000},{"address":"nan nan","assessed_value":12000},{"address":"2815.0 16 STREET NW","assessed_value":559000},{"address":"2207.0 44 AVENUE NW","assessed_value":196000},{"address":"nan nan","assessed_value":72500},{"address":"5304.0 GODSON POINT NW","assessed_value":453000},{"address":"11808.0 22 AVENUE SW","assessed_value":145000},{"address":"4050.0 SAVARYN DRIVE SW","assessed_value":305000},{"address":"17131.0 75 STREET NW","assessed_value":537000},{"address":"8315.0 180 AVENUE NW","assessed_value":330500},{"address":"1016.0 162 STREET SW","assessed_value":379500},{"address":"5332.0 GODSON POINT NW","assessed_value":578500},{"address":"17027.0 70 STREET NW","assessed_value":649000},{"address":"6084.0 STANTON DRIVE SW","assessed_value":218000},{"address":"1080.0 MCCONACHIE BOULEVARD NW","assessed_value":200500},{"address":"17116.0 43 STREET NW","assessed_value":587500},{"address":"9731.0 223 STREET NW","assessed_value":869000},{"address":"nan nan","assessed_value":5000},{"address":"7520.0 173 AVENUE NW","assessed_value":669500},{"address":"1080.0 MCCONACHIE BOULEVARD NW","assessed_value":173500},{"address":"6079.0 MAYNARD WAY NW","assessed_value":239500},{"address":"3625.0 144 AVENUE NW","assessed_value":290000},{"address":"3625.0 144 AVENUE NW","assessed_value":290000},{"address":"2247.0 BLUE JAY LANDING NW","assessed_value":496500},{"address":"1407.0 GRAYDON HILL WAY SW","assessed_value":757000},{"address":"nan nan","assessed_value":6500},{"address":"9927.0 76 AVENUE NW","assessed_value":270000},{"address":"nan nan","assessed_value":14500},{"address":"3305.0 KIDD CLOSE SW","assessed_value":616500},{"address":"3710.0 ALLAN DRIVE SW","assessed_value":299500},{"address":"20609.0 98A AVENUE NW","assessed_value":549000},{"address":"18123.0 76 STREET NW","assessed_value":464000},{"address":"7755.0 181 AVENUE NW","assessed_value":429500},{"address":"nan nan","assessed_value":12000},{"address":"6735.0 24 AVENUE SW","assessed_value":432000},{"address":"340.0 WINDERMERE ROAD NW","assessed_value":164500},{"address":"9341.0 74 AVENUE NW","assessed_value":635000},{"address":"nan nan","assessed_value":11500},{"address":"679.0 SECORD BOULEVARD NW","assessed_value":487500},{"address":"nan nan","assessed_value":7500},{"address":"nan nan","assessed_value":9000},{"address":"3521.0 WEIDLE WAY SW","assessed_value":431500},{"address":"3095.0 CARPENTER LANDING SW","assessed_value":622000},{"address":"504.0 ALBANY WAY NW","assessed_value":168000},{"address":"2226.0 WARE COURT NW","assessed_value":628500},{"address":"3358.0 WEIDLE WAY SW","assessed_value":552000},{"address":"9350.0 211 STREET NW","assessed_value":356500},{"address":"11736.0 129 STREET NW","assessed_value":512500},{"address":"21203.0 94 AVENUE NW","assessed_value":397000},{"address":"1030.0 CHAPPELLE BOULEVARD SW","assessed_value":312000},{"address":"10603.0 62 AVENUE NW","assessed_value":446000},{"address":"7764.0 181 AVENUE NW","assessed_value":453000},{"address":"17657.0 60A STREET NW","assessed_value":422000},{"address":"7216.0 174 AVENUE NW","assessed_value":431500},{"address":"3080.0 KESWICK WAY SW","assessed_value":412000},{"address":"3710.0 ALLAN DRIVE SW","assessed_value":302000},{"address":"2537.0 COUGHLAN ROAD SW","assessed_value":412500},{"address":"5639.0 19 AVENUE SW","assessed_value":514500},{"address":"12035.0 22 AVENUE SW","assessed_value":143500},{"address":"21708.0 80 AVENUE NW","assessed_value":557000},{"address":"3353.0 16A AVENUE NW","assessed_value":204500},{"address":"14621.0 121 STREET NW","assessed_value":295500},{"address":"450.0 MCCONACHIE WAY NW","assessed_value":293500},{"address":"11439.0 101 STREET NW","assessed_value":337500},{"address":"17517.0 120 STREET NW","assessed_value":428000},{"address":"13907.0 165 AVENUE NW","assessed_value":529500},{"address":"5309.0 ELLERSLIE ROAD SW","assessed_value":12568500},{"address":"14808.0 125 STREET NW","assessed_value":245000},{"address":"7212.0 CARDINAL WAY SW","assessed_value":495000},{"address":"3710.0 ALLAN DRIVE SW","assessed_value":295500},{"address":"nan nan","assessed_value":4500},{"address":"2138.0 BLUE JAY POINT NW","assessed_value":745000},{"address":"nan nan","assessed_value":8500},{"address":"nan nan","assessed_value":525500},{"address":"2224.0 74 STREET SW","assessed_value":499000},{"address":"2104.0 CASSIDY WYND SW","assessed_value":396500},{"address":"5644.0 19 AVENUE SW","assessed_value":621000},{"address":"16264.0 136 STREET NW","assessed_value":585500},{"address":"1377.0 GRAYDON HILL WAY SW","assessed_value":678500},{"address":"8703.0 218 STREET NW","assessed_value":545000},{"address":"5004.0 167 AVENUE NW","assessed_value":11789500},{"address":"8428.0 218 STREET NW","assessed_value":652500},{"address":"4204.0 204 STREET NW","assessed_value":395500},{"address":"10345.0 107 STREET NW","assessed_value":5776500},{"address":"655.0 TAMARACK ROAD NW","assessed_value":291500},{"address":"7508.0 MAY COMMON NW","assessed_value":448500},{"address":"3308.0 KIDD CLOSE SW","assessed_value":769500},{"address":"4613.0 118 AVENUE NW","assessed_value":155500},{"address":"20522.0 98A AVENUE NW","assessed_value":571500},{"address":"21860.0 80 AVENUE NW","assessed_value":696500},{"address":"1403.0 164 STREET SW","assessed_value":677000},{"address":"16030.0 145 AVENUE NW","assessed_value":2784000},{"address":"1716.0 52 STREET SW","assessed_value":392000},{"address":"340.0 WINDERMERE ROAD NW","assessed_value":191500},{"address":"nan nan","assessed_value":9000},{"address":"nan nan","assessed_value":11000},{"address":"64.0 MAPLE RIDGE DRIVE NW","assessed_value":134500},{"address":"nan nan","assessed_value":6500},{"address":"12028.0 177 AVENUE NW","assessed_value":513500},{"address":"3461.0 CUTLER CRESCENT SW","assessed_value":450000},{"address":"17144.0 75 STREET NW","assessed_value":678000},{"address":"18143.0 75 STREET NW","assessed_value":464500},{"address":"3340.0 CUTLER CRESCENT SW","assessed_value":584500},{"address":"nan nan","assessed_value":6000},{"address":"nan nan","assessed_value":4500},{"address":"1209.0 30 AVENUE NW","assessed_value":381000},{"address":"3163.0 WINSPEAR CRESCENT SW","assessed_value":668500},{"address":"7606.0 20A AVENUE SW","assessed_value":606500},{"address":"12127.0 177 AVENUE NW","assessed_value":742500},{"address":"18103.0 76 STREET NW","assessed_value":492500},{"address":"3744.0 KIDD CRESCENT SW","assessed_value":554500},{"address":"9724.0 205 STREET NW","assessed_value":563000},{"address":"13516.0 164 AVENUE NW","assessed_value":438500},{"address":"nan nan","assessed_value":9000},{"address":"2590.0 ANDERSON WAY SW","assessed_value":143000},{"address":"11127.0 78 AVENUE NW","assessed_value":619000},{"address":"5604.0 36 STREET NW","assessed_value":7316000},{"address":"1772.0 CUNNINGHAM WAY SW","assessed_value":261500},{"address":"530.0 WATT BOULEVARD SW","assessed_value":201000},{"address":"nan nan","assessed_value":11000},{"address":"13801.0 138 STREET NW","assessed_value":4000},{"address":"nan nan","assessed_value":14500},{"address":"340.0 WINDERMERE ROAD NW","assessed_value":186000},{"address":"nan nan","assessed_value":7500},{"address":"3907.0 6 STREET NW","assessed_value":476500},{"address":"nan nan","assessed_value":11500},{"address":"2588.0 ANDERSON WAY SW","assessed_value":209000},{"address":"530.0 WATT BOULEVARD SW","assessed_value":138500},{"address":"nan nan","assessed_value":8000},{"address":"nan nan","assessed_value":9000},{"address":"16416.0 54 STREET NW","assessed_value":608500},{"address":"1623.0 CUNNINGHAM WAY SW","assessed_value":334000},{"address":"450.0 MCCONACHIE WAY NW","assessed_value":346000}]