[{"address":"15920.0 95 STREET NW","assessed_value":352500},{"address":"263.0 MACEWAN ROAD SW","assessed_value":135000},{"address":"nan nan","assessed_value":4000},{"address":"12408.0 15 AVENUE SW","assessed_value":159000},{"address":"nan nan","assessed_value":10500},{"address":"9999.0 111 STREET NW","assessed_value":130500},{"address":"20679.0 93 AVENUE NW","assessed_value":651500},{"address":"nan nan","assessed_value":8000},{"address":"nan nan","assessed_value":10000},{"address":"nan nan","assessed_value":10500},{"address":"3010.0 33 AVENUE NW","assessed_value":217500},{"address":"301.0 CLAREVIEW STATION DRIVE NW","assessed_value":150500},{"address":"866.0 HODGINS ROAD NW","assessed_value":901500},{"address":"3733.0 13 STREET NW","assessed_value":618500},{"address":"6220.0 134 AVENUE NW","assessed_value":127000},{"address":"nan nan","assessed_value":10500},{"address":"6950.0 19A AVENUE SW","assessed_value":442000},{"address":"nan nan","assessed_value":15000},{"address":"130.0 HYNDMAN CRESCENT NW","assessed_value":239500},{"address":"1147.0 74 STREET SW","assessed_value":437000},{"address":"nan nan","assessed_value":7000},{"address":"6921.0 199 STREET NW","assessed_value":210000},{"address":"4703.0 52 AVENUE NW","assessed_value":21818000},{"address":"6842.0 SPEAKER VISTA NW","assessed_value":540000},{"address":"8931.0 156 STREET NW","assessed_value":206000},{"address":"735.0 85 STREET SW","assessed_value":317000},{"address":"14608.0 125 STREET NW","assessed_value":182000},{"address":"nan nan","assessed_value":15000},{"address":"1320.0 RUTHERFORD ROAD SW","assessed_value":166500},{"address":"nan nan","assessed_value":4000},{"address":"nan nan","assessed_value":7500},{"address":"6013.0 MAYNARD WAY NW","assessed_value":887000},{"address":"nan nan","assessed_value":4000},{"address":"11330.0 54 AVENUE NW","assessed_value":5125000},{"address":"nan nan","assessed_value":2500},{"address":"5951.0 165 AVENUE NW","assessed_value":167500},{"address":"5015.0 213 STREET NW","assessed_value":1010000},{"address":"612.0 111 STREET SW","assessed_value":207000},{"address":"7339.0 SOUTH TERWILLEGAR DRIVE NW","assessed_value":129500},{"address":"470.0 MACEWAN ROAD SW","assessed_value":134500},{"address":"1932.0 33B STREET NW","assessed_value":570500},{"address":"2113.0 32A STREET NW","assessed_value":481500},{"address":"423.0 HEMINGWAY ROAD NW","assessed_value":396000},{"address":"nan nan","assessed_value":7500},{"address":"3320.0 20 AVENUE NW","assessed_value":490000},{"address":"4245.0 139 AVENUE NW","assessed_value":162500},{"address":"10224.0 119 AVENUE NW","assessed_value":108000},{"address":"nan nan","assessed_value":10500},{"address":"7327.0 SOUTH TERWILLEGAR DRIVE NW","assessed_value":170000},{"address":"179.0 CALLAGHAN DRIVE SW","assessed_value":931000},{"address":"nan nan","assessed_value":5500},{"address":"7331.0 SOUTH TERWILLEGAR DRIVE NW","assessed_value":169000},{"address":"6124.0 11 AVENUE SW","assessed_value":549500},{"address":"7322.0 131A AVENUE NW","assessed_value":4000},{"address":"11633.0 105 AVENUE NW","assessed_value":465000},{"address":"6526.0 MANN LANE NW","assessed_value":934500},{"address":"nan nan","assessed_value":4000},{"address":"nan nan","assessed_value":10500},{"address":"3010.0 33 AVENUE NW","assessed_value":222500},{"address":"10224.0 119 AVENUE NW","assessed_value":132500},{"address":"7293.0 SOUTH TERWILLEGAR DRIVE NW","assessed_value":277500},{"address":"4306.0 WHITELAW WAY NW","assessed_value":809500},{"address":"10531.0 117 STREET NW","assessed_value":324000},{"address":"9927.0 79 AVENUE NW","assessed_value":322500},{"address":"12050.0 17 AVENUE SW","assessed_value":243000},{"address":"1164.0 35 AVENUE NW","assessed_value":483000},{"address":"7931.0 75 STREET NW","assessed_value":258500},{"address":"nan nan","assessed_value":5500},{"address":"20533.0 92A AVENUE NW","assessed_value":578500},{"address":"5865.0 168A AVENUE NW","assessed_value":444500},{"address":"6032.0 38 AVENUE NW","assessed_value":256500},{"address":"9813.0 104 STREET NW","assessed_value":116500},{"address":"10148.0 162 STREET NW","assessed_value":113000},{"address":"2449.0 AUSTIN CRESCENT SW","assessed_value":482500},{"address":"320.0 CLAREVIEW STATION DRIVE NW","assessed_value":152500},{"address":"9363.0 SIMPSON DRIVE NW","assessed_value":164000},{"address":"9603.0 98 AVENUE NW","assessed_value":281000},{"address":"nan nan","assessed_value":4000},{"address":"11481.0 14A AVENUE SW","assessed_value":539000},{"address":"15926.0 95 STREET NW","assessed_value":374000},{"address":"2420.0 CAMERON RAVINE DRIVE NW","assessed_value":1341500},{"address":"2672.0 ANDERSON CRESCENT SW","assessed_value":567000},{"address":"6205.0 SOUTHESK LANDING NW","assessed_value":642500},{"address":"1211.0 CUNNINGHAM DRIVE SW","assessed_value":680000},{"address":"717.0 173B STREET SW","assessed_value":518000},{"address":"112.0 55 STREET SW","assessed_value":593500},{"address":"12030.0 82 STREET NW","assessed_value":63500},{"address":"nan nan","assessed_value":4500},{"address":"2571.0 PEGASUS BOULEVARD NW","assessed_value":805000},{"address":"1718.0 RABBIT HILL ROAD NW","assessed_value":216000},{"address":"13035.0 69 STREET NW","assessed_value":78000},{"address":"nan nan","assessed_value":10500},{"address":"1204.0 156 STREET NW","assessed_value":209000},{"address":"2027.0 32 STREET NW","assessed_value":377500},{"address":"nan nan","assessed_value":8000},{"address":"nan nan","assessed_value":8000},{"address":"330.0 CLAREVIEW STATION DRIVE NW","assessed_value":200500},{"address":"9527.0 220 STREET NW","assessed_value":13500},{"address":"1603.0 68 STREET SW","assessed_value":833000},{"address":"nan nan","assessed_value":19500},{"address":"nan nan","assessed_value":7500},{"address":"330.0 CLAREVIEW STATION DRIVE NW","assessed_value":193500},{"address":"12408.0 15 AVENUE SW","assessed_value":202500},{"address":"6315.0 135 AVENUE NW","assessed_value":180000},{"address":"nan nan","assessed_value":4000},{"address":"nan nan","assessed_value":5500},{"address":"17927.0 87 STREET NW","assessed_value":392000},{"address":"20646.0 93A AVENUE NW","assessed_value":584000},{"address":"2524.0 WARRY BAY SW","assessed_value":809500},{"address":"10148.0 162 STREET NW","assessed_value":95000},{"address":"1326.0 CUNNINGHAM DRIVE SW","assessed_value":572500},{"address":"14612.0 125 STREET NW","assessed_value":198500},{"address":"13625.0 34 STREET NW","assessed_value":143000},{"address":"10316.0 76 AVENUE NW","assessed_value":8578000},{"address":"2904.0 20 AVENUE NW","assessed_value":461000},{"address":"130.0 HYNDMAN CRESCENT NW","assessed_value":231000},{"address":"nan nan","assessed_value":5500},{"address":"5005.0 165 AVENUE NW","assessed_value":153000},{"address":"5462.0 CALGARY TRAIL NW","assessed_value":429500},{"address":"7339.0 SOUTH TERWILLEGAR DRIVE NW","assessed_value":165500},{"address":"1718.0 RABBIT HILL ROAD NW","assessed_value":193500},{"address":"1224.0 74 STREET SW","assessed_value":467000},{"address":"nan nan","assessed_value":4000},{"address":"213.0 OAK WOOD DRIVE NW","assessed_value":103500},{"address":"20215.0 5 AVENUE SW","assessed_value":1445500},{"address":"17356.0 8 AVENUE SW","assessed_value":488500},{"address":"nan nan","assessed_value":8000},{"address":"4403.0 23 STREET NW","assessed_value":146000},{"address":"nan nan","assessed_value":2500},{"address":"9999.0 111 STREET NW","assessed_value":70000},{"address":"12837.0 151 STREET NW","assessed_value":379500},{"address":"3368.0 19 AVENUE NW","assessed_value":675500},{"address":"3408.0 20 STREET NW","assessed_value":689000},{"address":"8931.0 156 STREET NW","assessed_value":168000},{"address":"nan nan","assessed_value":4000},{"address":"1347.0 113 STREET SW","assessed_value":555000},{"address":"7909.0 71 STREET NW","assessed_value":203500},{"address":"10715.0 116 STREET NW","assessed_value":45000},{"address":"nan nan","assessed_value":4000},{"address":"7327.0 SOUTH TERWILLEGAR DRIVE NW","assessed_value":132500},{"address":"nan nan","assessed_value":4000},{"address":"1336.0 CUNNINGHAM DRIVE SW","assessed_value":582500},{"address":"nan nan","assessed_value":10000},{"address":"6320.0 MANN PLACE NW","assessed_value":807000},{"address":"nan nan","assessed_value":15000},{"address":"873.0 HODGINS ROAD NW","assessed_value":737500},{"address":"10046.0 117 STREET NW","assessed_value":307500},{"address":"nan nan","assessed_value":10500},{"address":"nan nan","assessed_value":4000},{"address":"1447.0 36A AVENUE NW","assessed_value":660000},{"address":"nan nan","assessed_value":87000},{"address":"nan nan","assessed_value":10500},{"address":"5604.0 199 STREET NW","assessed_value":266500},{"address":"1407.0 GLASTONBURY BOULEVARD NW","assessed_value":436000},{"address":"260.0 LEWIS ESTATES BOULEVARD NW","assessed_value":267000},{"address":"nan nan","assessed_value":10500},{"address":"10333.0 112 STREET NW","assessed_value":293000},{"address":"7129.0 SOUTH TERWILLEGAR DRIVE NW","assessed_value":516500},{"address":"nan nan","assessed_value":15000},{"address":"7315.0 ROPER ROAD NW","assessed_value":563000},{"address":"nan nan","assessed_value":10500},{"address":"1188.0 HYNDMAN ROAD NW","assessed_value":150000},{"address":"nan nan","assessed_value":7500},{"address":"nan nan","assessed_value":4500},{"address":"757.0 173B STREET SW","assessed_value":628500},{"address":"5951.0 165 AVENUE NW","assessed_value":157000},{"address":"14608.0 125 STREET NW","assessed_value":201500},{"address":"6707.0 19 AVENUE SW","assessed_value":528500},{"address":"nan nan","assessed_value":4000},{"address":"nan nan","assessed_value":4000},{"address":"nan nan","assessed_value":4000},{"address":"nan nan","assessed_value":2500},{"address":"nan nan","assessed_value":15000},{"address":"10118.0 106 AVENUE NW","assessed_value":185500},{"address":"4278.0 SAVARYN DRIVE SW","assessed_value":928500},{"address":"nan nan","assessed_value":4000},{"address":"nan nan","assessed_value":5500},{"address":"nan nan","assessed_value":9000},{"address":"nan nan","assessed_value":4000},{"address":"11025.0 124 STREET NW","assessed_value":76500},{"address":"10333.0 112 STREET NW","assessed_value":247000},{"address":"nan nan","assessed_value":5500},{"address":"nan nan","assessed_value":14500},{"address":"nan nan","assessed_value":10500},{"address":"1127.0 74 STREET SW","assessed_value":555500},{"address":"nan nan","assessed_value":8000},{"address":"nan nan","assessed_value":7500},{"address":"nan nan","assessed_value":8000},{"address":"6310.0 MANN PLACE NW","assessed_value":685000},{"address":"nan nan","assessed_value":7500},{"address":"301.0 CLAREVIEW STATION DRIVE NW","assessed_value":160500},{"address":"5604.0 199 STREET NW","assessed_value":271000},{"address":"309.0 MAGRATH BOULEVARD NW","assessed_value":699000},{"address":"nan nan","assessed_value":7500},{"address":"nan nan","assessed_value":4000},{"address":"7217.0 21 AVENUE SW","assessed_value":378500},{"address":"7909.0 71 STREET NW","assessed_value":245500},{"address":"9342.0 103 AVENUE NW","assessed_value":139000},{"address":"809.0 ARMITAGE WYND SW","assessed_value":587500},{"address":"9820.0 165 STREET NW","assessed_value":198500},{"address":"nan nan","assessed_value":8000},{"address":"1730.0 LEGER GATE NW","assessed_value":321500},{"address":"6608.0 28 AVENUE NW","assessed_value":461500},{"address":"22018.0 94A AVENUE NW","assessed_value":501000},{"address":"418.0 OAK WOOD CRESCENT NW","assessed_value":107000},{"address":"10145.0 161 STREET NW","assessed_value":103000},{"address":"1707.0 65 STREET SW","assessed_value":372000},{"address":"724.0 ADAMS WAY SW","assessed_value":809000},{"address":"320.0 CLAREVIEW STATION DRIVE NW","assessed_value":159500},{"address":"2115.0 32 STREET NW","assessed_value":384000},{"address":"nan nan","assessed_value":4000},{"address":"15438.0 131 AVENUE NW","assessed_value":1361500},{"address":"2706.0 ANDERSON CRESCENT SW","assessed_value":623500},{"address":"1243.0 72 STREET SW","assessed_value":540000},{"address":"13091.0 156 STREET NW","assessed_value":460500},{"address":"10232.0 115 STREET NW","assessed_value":296500},{"address":"10118.0 106 AVENUE NW","assessed_value":192000},{"address":"443.0 WINDERMERE ROAD NW","assessed_value":838000},{"address":"11615.0 ELLERSLIE ROAD SW","assessed_value":238000},{"address":"nan nan","assessed_value":10500},{"address":"nan nan","assessed_value":500},{"address":"nan nan","assessed_value":7000},{"address":"2915.0 26 AVENUE NW","assessed_value":458000},{"address":"1320.0 RUTHERFORD ROAD SW","assessed_value":229500},{"address":"2856.0 ANDERSON PLACE SW","assessed_value":600000},{"address":"8520.0 126 AVENUE NW","assessed_value":311500},{"address":"1762.0 HAMMOND CRESCENT NW","assessed_value":578500},{"address":"7171.0 SOUTH TERWILLEGAR DRIVE NW","assessed_value":415500},{"address":"466.0 MACEWAN ROAD SW","assessed_value":183500},{"address":"9862.0 78 AVENUE NW","assessed_value":442500},{"address":"nan nan","assessed_value":4500},{"address":"nan nan","assessed_value":4000},{"address":"6925.0 199 STREET NW","assessed_value":214500},{"address":"639.0 WATT BOULEVARD SW","assessed_value":329000},{"address":"nan nan","assessed_value":10500},{"address":"nan nan","assessed_value":10500},{"address":"10526.0 151 STREET NW","assessed_value":296500},{"address":"5517.0 168A AVENUE NW","assessed_value":636000},{"address":"nan nan","assessed_value":500},{"address":"nan nan","assessed_value":10000},{"address":"10210.0 122 STREET NW","assessed_value":98500},{"address":"nan nan","assessed_value":4000},{"address":"2546.0 ANDERSON WAY SW","assessed_value":370500},{"address":"1325.0 114B STREET SW","assessed_value":472000},{"address":"1520.0 HAMMOND GATE NW","assessed_value":180500},{"address":"6921.0 199 STREET NW","assessed_value":186000},{"address":"nan nan","assessed_value":4000},{"address":"2572.0 ANDERSON WAY SW","assessed_value":716500},{"address":"nan nan","assessed_value":4000},{"address":"1404.0 HERMITAGE ROAD NW","assessed_value":244500},{"address":"12610.0 15 AVENUE SW","assessed_value":430500},{"address":"9945.0 167 STREET NW","assessed_value":148000},{"address":"nan nan","assessed_value":14500},{"address":"nan nan","assessed_value":8500},{"address":"1003.0 GAULT BOULEVARD NW","assessed_value":233000},{"address":"11120.0 50 STREET NW","assessed_value":96500},{"address":"6120.0 118 AVENUE NW","assessed_value":79000},{"address":"335.0 MAGRATH BOULEVARD NW","assessed_value":901500},{"address":"1165.0 35A AVENUE NW","assessed_value":421000},{"address":"2503.0 HANNA CRESCENT NW","assessed_value":193500},{"address":"717.0 DECOTEAU WAY NW","assessed_value":643000},{"address":"694.0 ADAMS WAY SW","assessed_value":539000},{"address":"5115.0 156 AVENUE NW","assessed_value":735500},{"address":"nan nan","assessed_value":10500},{"address":"10235.0 112 STREET NW","assessed_value":218500},{"address":"18306.0 97A AVENUE NW","assessed_value":459000},{"address":"466.0 MACEWAN ROAD SW","assessed_value":206500},{"address":"9553.0 219A STREET NW","assessed_value":502000},{"address":"nan nan","assessed_value":10000},{"address":"nan nan","assessed_value":4500},{"address":"10531.0 117 STREET NW","assessed_value":240500},{"address":"16119.0 138 STREET NW","assessed_value":509000},{"address":"9363.0 SIMPSON DRIVE NW","assessed_value":156000},{"address":"932.0 VALOUR WAY NW","assessed_value":494500},{"address":"10121.0 80 AVENUE NW","assessed_value":196500},{"address":"263.0 MACEWAN ROAD SW","assessed_value":171500},{"address":"nan nan","assessed_value":8000},{"address":"10145.0 161 STREET NW","assessed_value":87000},{"address":"7327.0 SOUTH TERWILLEGAR DRIVE NW","assessed_value":177500},{"address":"1589.0 GLASTONBURY BOULEVARD NW","assessed_value":212500},{"address":"7331.0 SOUTH TERWILLEGAR DRIVE NW","assessed_value":135500},{"address":"nan nan","assessed_value":4000},{"address":"11930.0 100 AVENUE NW","assessed_value":1137000},{"address":"nan nan","assessed_value":7000},{"address":"nan nan","assessed_value":10500},{"address":"6730.0 SPEAKER PLACE NW","assessed_value":573000},{"address":"10235.0 112 STREET NW","assessed_value":169500},{"address":"16116.0 138 STREET NW","assessed_value":465500},{"address":"7331.0 SOUTH TERWILLEGAR DRIVE NW","assessed_value":175000},{"address":"6921.0 199 STREET NW","assessed_value":137000},{"address":"nan nan","assessed_value":10500},{"address":"6403.0 18 AVENUE SW","assessed_value":425000},{"address":"nan nan","assessed_value":15000},{"address":"nan nan","assessed_value":4000},{"address":"nan nan","assessed_value":15000},{"address":"7909.0 71 STREET NW","assessed_value":190500},{"address":"nan nan","assessed_value":10500},{"address":"2503.0 HANNA CRESCENT NW","assessed_value":212500},{"address":"188.0 AMBLESIDE DRIVE SW","assessed_value":806000},{"address":"1427.0 36A AVENUE NW","assessed_value":489000},{"address":"nan nan","assessed_value":4500},{"address":"nan nan","assessed_value":15000},{"address":"nan nan","assessed_value":7500},{"address":"1407.0 GLASTONBURY BOULEVARD NW","assessed_value":434500},{"address":"1901.0 126 STREET SW","assessed_value":464500},{"address":"10148.0 162 STREET NW","assessed_value":106500},{"address":"nan nan","assessed_value":4500},{"address":"11935.0 106 STREET NW","assessed_value":163000},{"address":"320.0 CLAREVIEW STATION DRIVE NW","assessed_value":153500},{"address":"9342.0 103 AVENUE NW","assessed_value":100500},{"address":"920.0 156 STREET NW","assessed_value":136000},{"address":"10620.0 105 STREET NW","assessed_value":72000},{"address":"379.0 GRIESBACH SCHOOL ROAD NW","assessed_value":594000},{"address":"1407.0 GLASTONBURY BOULEVARD NW","assessed_value":434000},{"address":"20743.0 58 AVENUE NW","assessed_value":479000},{"address":"nan nan","assessed_value":7500},{"address":"nan nan","assessed_value":4000},{"address":"nan nan","assessed_value":4000},{"address":"9730.0 156 STREET NW","assessed_value":87500},{"address":"3010.0 33 AVENUE NW","assessed_value":250500},{"address":"3104.0 27 AVENUE NW","assessed_value":561500},{"address":"10720.0 85 AVENUE NW","assessed_value":150000},{"address":"17940.0 85 STREET NW","assessed_value":408000},{"address":"nan nan","assessed_value":4500},{"address":"5951.0 165 AVENUE NW","assessed_value":163000},{"address":"5005.0 165 AVENUE NW","assessed_value":144000},{"address":"6504.0 129 AVENUE NW","assessed_value":60000},{"address":"2510.0 109 STREET NW","assessed_value":203000},{"address":"18004.0 89 STREET NW","assessed_value":259000},{"address":"nan nan","assessed_value":68500},{"address":"nan nan","assessed_value":8000},{"address":"21941.0 94A AVENUE NW","assessed_value":599000},{"address":"10910.0 110 STREET NW","assessed_value":111000},{"address":"6132.0 10 AVENUE SW","assessed_value":501500},{"address":"1320.0 RUTHERFORD ROAD SW","assessed_value":234500},{"address":"612.0 111 STREET SW","assessed_value":238000},{"address":"16827.0 58 STREET NW","assessed_value":425000},{"address":"nan nan","assessed_value":4500},{"address":"9999.0 111 STREET NW","assessed_value":90000},{"address":"2120.0 89B STREET SW","assessed_value":693000},{"address":"470.0 MACEWAN ROAD SW","assessed_value":139000},{"address":"8931.0 156 STREET NW","assessed_value":168000},{"address":"nan nan","assessed_value":9500},{"address":"3281.0 WHITELAW DRIVE NW","assessed_value":754000},{"address":"2051.0 TOWNE CENTRE BOULEVARD NW","assessed_value":292000},{"address":"9603.0 98 AVENUE NW","assessed_value":306500},{"address":"10609.0 80 AVENUE NW","assessed_value":207500},{"address":"1667.0 JAMES MOWATT TRAIL SW","assessed_value":479000},{"address":"nan nan","assessed_value":4000},{"address":"nan nan","assessed_value":15000},{"address":"756.0 WELSH DRIVE SW","assessed_value":330500},{"address":"nan nan","assessed_value":4000},{"address":"nan nan","assessed_value":19500},{"address":"nan nan","assessed_value":7000},{"address":"9820.0 165 STREET NW","assessed_value":156500},{"address":"10136.0 104 STREET NW","assessed_value":288500},{"address":"7117.0 SOUTH TERWILLEGAR DRIVE NW","assessed_value":517000},{"address":"nan nan","assessed_value":5500},{"address":"11410.0 14 AVENUE SW","assessed_value":392500},{"address":"6304.0 SANDIN WAY NW","assessed_value":305500},{"address":"nan nan","assessed_value":4000},{"address":"10011.0 62 STREET NW","assessed_value":109500},{"address":"nan nan","assessed_value":15000},{"address":"nan nan","assessed_value":5500},{"address":"10315.0 156 STREET NW","assessed_value":104500},{"address":"nan nan","assessed_value":10000},{"address":"130.0 HYNDMAN CRESCENT NW","assessed_value":226000},{"address":"nan nan","assessed_value":8000},{"address":"nan nan","assessed_value":4000},{"address":"nan nan","assessed_value":4000},{"address":"nan nan","assessed_value":4000},{"address":"7513.0 SPEAKER WAY NW","assessed_value":678000},{"address":"808.0 172 STREET SW","assessed_value":554500},{"address":"8021.0 115 AVENUE NW","assessed_value":113500},{"address":"4316.0 139 AVENUE NW","assessed_value":153000},{"address":"9363.0 SIMPSON DRIVE NW","assessed_value":160500},{"address":"2725.0 ANDERSON CRESCENT SW","assessed_value":573500},{"address":"nan nan","assessed_value":19500},{"address":"nan nan","assessed_value":19500},{"address":"1204.0 156 STREET NW","assessed_value":184000},{"address":"10710.0 80 AVENUE NW","assessed_value":110500},{"address":"3710.0 69 AVENUE NW","assessed_value":3014500},{"address":"9363.0 SIMPSON DRIVE NW","assessed_value":132500},{"address":"nan nan","assessed_value":7500},{"address":"6510.0 90 AVENUE NW","assessed_value":106500},{"address":"5005.0 165 AVENUE NW","assessed_value":142500},{"address":"1520.0 HAMMOND GATE NW","assessed_value":220500},{"address":"2210.0 47 STREET NW","assessed_value":292500},{"address":"4245.0 139 AVENUE NW","assessed_value":176500},{"address":"4245.0 139 AVENUE NW","assessed_value":170500},{"address":"1913.0 68 STREET SW","assessed_value":674500},{"address":"nan nan","assessed_value":14500},{"address":"10333.0 112 STREET NW","assessed_value":216500},{"address":"3237.0 WHITELAW DRIVE NW","assessed_value":537000},{"address":"1078.0 HOPE ROAD NW","assessed_value":810000},{"address":"103.0 AMBLESIDE DRIVE SW","assessed_value":165500},{"address":"nan nan","assessed_value":4500},{"address":"6119.0 11 AVENUE SW","assessed_value":561500},{"address":"2023.0 ARMITAGE GREEN SW","assessed_value":702500},{"address":"301.0 CLAREVIEW STATION DRIVE NW","assessed_value":169500},{"address":"7293.0 SOUTH TERWILLEGAR DRIVE NW","assessed_value":277500},{"address":"nan nan","assessed_value":7500},{"address":"9109.0 79 AVENUE NW","assessed_value":555000},{"address":"10303.0 111 STREET NW","assessed_value":194000},{"address":"10055.0 118 STREET NW","assessed_value":399000},{"address":"1418.0 114B STREET SW","assessed_value":482000},{"address":"7339.0 SOUTH TERWILLEGAR DRIVE NW","assessed_value":162000},{"address":"15004.0 45 AVENUE NW","assessed_value":138500},{"address":"nan nan","assessed_value":4000},{"address":"10724.0 105 STREET NW","assessed_value":95500},{"address":"2815.0 34 AVENUE NW","assessed_value":338500},{"address":"nan nan","assessed_value":4000},{"address":"nan nan","assessed_value":8000},{"address":"9278.0 210 STREET NW","assessed_value":482500},{"address":"1003.0 GAULT BOULEVARD NW","assessed_value":355500},{"address":"nan nan","assessed_value":15000},{"address":"2159.0 AUSTIN LINK SW","assessed_value":390500},{"address":"3327.0 WEST COURT NW","assessed_value":700000},{"address":"10620.0 105 STREET NW","assessed_value":90000},{"address":"263.0 MACEWAN ROAD SW","assessed_value":179000},{"address":"15739.0 95 STREET NW","assessed_value":616500},{"address":"9999.0 111 STREET NW","assessed_value":117500},{"address":"12050.0 17 AVENUE SW","assessed_value":243000},{"address":"10121.0 80 AVENUE NW","assessed_value":216500},{"address":"1901.0 126 STREET SW","assessed_value":499500},{"address":"3010.0 33 AVENUE NW","assessed_value":235500},{"address":"10531.0 117 STREET NW","assessed_value":276000},{"address":"232.0 SECORD DRIVE NW","assessed_value":483000},{"address":"nan nan","assessed_value":4000},{"address":"2146.0 AUSTIN LINK SW","assessed_value":495500},{"address":"nan nan","assessed_value":8000},{"address":"263.0 MACEWAN ROAD SW","assessed_value":180000},{"address":"6220.0 134 AVENUE NW","assessed_value":161500},{"address":"nan nan","assessed_value":4000},{"address":"1783.0 HAMMOND CRESCENT NW","assessed_value":444000},{"address":"7331.0 SOUTH TERWILLEGAR DRIVE NW","assessed_value":166000},{"address":"10644.0 109 STREET NW","assessed_value":34000},{"address":"1642.0 HAMMOND CRESCENT NW","assessed_value":488500},{"address":"nan nan","assessed_value":500},{"address":"nan nan","assessed_value":10500},{"address":"11811.0 106 STREET NW","assessed_value":240000},{"address":"720.0 DECOTEAU WAY NW","assessed_value":513500},{"address":"nan nan","assessed_value":10500},{"address":"470.0 MACEWAN ROAD SW","assessed_value":192000},{"address":"2230.0 AUSTIN WAY SW","assessed_value":424500},{"address":"604.0 62 STREET SW","assessed_value":176000},{"address":"nan nan","assessed_value":4500},{"address":"6032.0 38 AVENUE NW","assessed_value":261500},{"address":"20537.0 92A AVENUE NW","assessed_value":605000},{"address":"9006.0 149 STREET NW","assessed_value":75000},{"address":"21332.0 51 AVENUE NW","assessed_value":582000},{"address":"13825.0 155 AVENUE NW","assessed_value":236000},{"address":"1520.0 HAMMOND GATE NW","assessed_value":209500},{"address":"25.0 CRYSTAL CRESCENT NW","assessed_value":146500},{"address":"10945.0 84 STREET NW","assessed_value":70500},{"address":"1337.0 CUNNINGHAM DRIVE SW","assessed_value":350000},{"address":"12610.0 15 AVENUE SW","assessed_value":448500},{"address":"nan nan","assessed_value":10000},{"address":"2918.0 21A AVENUE NW","assessed_value":495000},{"address":"2815.0 34 AVENUE NW","assessed_value":445500},{"address":"600.0 KIRKNESS ROAD NW","assessed_value":94000},{"address":"nan nan","assessed_value":4000},{"address":"nan nan","assessed_value":10500},{"address":"nan nan","assessed_value":7000},{"address":"nan nan","assessed_value":10000},{"address":"nan nan","assessed_value":8000},{"address":"nan nan","assessed_value":4500},{"address":"2315.0 WARRY COURT SW","assessed_value":875000},{"address":"2665.0 ANDERSON CRESCENT SW","assessed_value":646000},{"address":"124.0 59 STREET SW","assessed_value":473500},{"address":"920.0 156 STREET NW","assessed_value":158000},{"address":"nan nan","assessed_value":10500},{"address":"18035.0 STONY PLAIN ROAD NW","assessed_value":5751500},{"address":"nan nan","assessed_value":15000},{"address":"10235.0 112 STREET NW","assessed_value":161500},{"address":"14612.0 125 STREET NW","assessed_value":188500},{"address":"139.0 57 STREET SW","assessed_value":496000},{"address":"10142.0 162 STREET NW","assessed_value":93500},{"address":"260.0 LEWIS ESTATES BOULEVARD NW","assessed_value":284500},{"address":"nan nan","assessed_value":72000},{"address":"2503.0 HANNA CRESCENT NW","assessed_value":209000},{"address":"nan nan","assessed_value":4500},{"address":"9933.0 85 AVENUE NW","assessed_value":126500},{"address":"10118.0 106 AVENUE NW","assessed_value":150500},{"address":"nan nan","assessed_value":7500},{"address":"7111.0 80 AVENUE NW","assessed_value":127000},{"address":"nan nan","assessed_value":4000},{"address":"600.0 KIRKNESS ROAD NW","assessed_value":114000},{"address":"nan nan","assessed_value":7500},{"address":"10235.0 116 STREET NW","assessed_value":212500},{"address":"2235.0 32A STREET NW","assessed_value":496000},{"address":"nan nan","assessed_value":4000},{"address":"1916.0 32 STREET NW","assessed_value":359500},{"address":"10333.0 112 STREET NW","assessed_value":173000},{"address":"4407.0 26 AVENUE NW","assessed_value":108000},{"address":"nan nan","assessed_value":4000},{"address":"nan nan","assessed_value":15000},{"address":"6820.0 SPEAKER VISTA NW","assessed_value":530500},{"address":"7327.0 SOUTH TERWILLEGAR DRIVE NW","assessed_value":177500},{"address":"10136.0 104 STREET NW","assessed_value":227000},{"address":"nan nan","assessed_value":3000},{"address":"11415.0 14 AVENUE SW","assessed_value":383500},{"address":"nan nan","assessed_value":7500},{"address":"1917.0 33A STREET NW","assessed_value":508500},{"address":"779.0 DRYSDALE RUN NW","assessed_value":7500},{"address":"11831.0 106 STREET NW","assessed_value":86000},{"address":"6409.0 18 AVENUE SW","assessed_value":403500},{"address":"7924.0 83 AVENUE NW","assessed_value":106500},{"address":"8306.0 JASPER AVENUE NW","assessed_value":96500},{"address":"7331.0 SOUTH TERWILLEGAR DRIVE NW","assessed_value":174500},{"address":"17932.0 87 STREET NW","assessed_value":477000},{"address":"nan nan","assessed_value":4000},{"address":"9576.0 221 STREET NW","assessed_value":572500},{"address":"920.0 156 STREET NW","assessed_value":142500},{"address":"nan nan","assessed_value":7000},{"address":"nan nan","assessed_value":4000},{"address":"10525.0 80 AVENUE NW","assessed_value":294500},{"address":"nan nan","assessed_value":19000},{"address":"1224.0 CHAHLEY LANDING NW","assessed_value":1012000},{"address":"10303.0 111 STREET NW","assessed_value":41500},{"address":"2297.0 AUSTIN WAY SW","assessed_value":385000},{"address":"nan nan","assessed_value":8000},{"address":"nan nan","assessed_value":8000},{"address":"10155.0 151 STREET NW","assessed_value":79500},{"address":"10303.0 111 STREET NW","assessed_value":296000},{"address":"nan nan","assessed_value":7500},{"address":"nan nan","assessed_value":10500},{"address":"2907.0 ELLWOOD DRIVE SW","assessed_value":1562500},{"address":"14608.0 125 STREET NW","assessed_value":174500},{"address":"nan nan","assessed_value":10000},{"address":"nan nan","assessed_value":7500},{"address":"1320.0 RUTHERFORD ROAD SW","assessed_value":223500},{"address":"nan nan","assessed_value":7000},{"address":"nan nan","assessed_value":4500},{"address":"330.0 CLAREVIEW STATION DRIVE NW","assessed_value":154000},{"address":"6030.0 MAYNARD WAY NW","assessed_value":804000},{"address":"nan nan","assessed_value":4000},{"address":"nan nan","assessed_value":7500},{"address":"5607.0 118 AVENUE NW","assessed_value":59500},{"address":"nan nan","assessed_value":4000},{"address":"nan nan","assessed_value":4000},{"address":"12931.0 64 STREET NW","assessed_value":57000},{"address":"263.0 MACEWAN ROAD SW","assessed_value":205500},{"address":"15820.0 95 STREET NW","assessed_value":368500},{"address":"2051.0 TOWNE CENTRE BOULEVARD NW","assessed_value":260000},{"address":"1520.0 HAMMOND GATE NW","assessed_value":210000},{"address":"nan nan","assessed_value":8000},{"address":"751.0 DECOTEAU WAY NW","assessed_value":466500},{"address":"10235.0 112 STREET NW","assessed_value":197000},{"address":"1520.0 HAMMOND GATE NW","assessed_value":148500},{"address":"10240.0 90 STREET NW","assessed_value":441500},{"address":"8618.0 106 AVENUE NW","assessed_value":76500},{"address":"612.0 111 STREET SW","assessed_value":246000},{"address":"nan nan","assessed_value":15000},{"address":"645.0 WATT BOULEVARD SW","assessed_value":329000},{"address":"nan nan","assessed_value":10500},{"address":"263.0 MACEWAN ROAD SW","assessed_value":134500},{"address":"3631.0 14 STREET NW","assessed_value":698000},{"address":"7293.0 SOUTH TERWILLEGAR DRIVE NW","assessed_value":280500},{"address":"20538.0 92A AVENUE NW","assessed_value":568000},{"address":"nan nan","assessed_value":8000},{"address":"17335.0 8 AVENUE SW","assessed_value":521000},{"address":"nan nan","assessed_value":8000},{"address":"nan nan","assessed_value":50000},{"address":"nan nan","assessed_value":4000},{"address":"nan nan","assessed_value":7500},{"address":"10135.0 120 STREET NW","assessed_value":89500},{"address":"12050.0 17 AVENUE SW","assessed_value":243000},{"address":"16816.0 57 STREET NW","assessed_value":568500},{"address":"nan nan","assessed_value":4500},{"address":"10740.0 107 STREET NW","assessed_value":88500},{"address":"nan nan","assessed_value":10500},{"address":"1401.0 HERMITAGE ROAD NW","assessed_value":269000},{"address":"nan nan","assessed_value":6500},{"address":"1013.0 CONNELLY WAY SW","assessed_value":600500},{"address":"11203.0 103A AVENUE NW","assessed_value":261000},{"address":"9925.0 156 STREET NW","assessed_value":106000},{"address":"10201.0 162 STREET NW","assessed_value":449500},{"address":"nan nan","assessed_value":19000},{"address":"4316.0 139 AVENUE NW","assessed_value":164000},{"address":"1718.0 RABBIT HILL ROAD NW","assessed_value":261500},{"address":"320.0 CLAREVIEW STATION DRIVE NW","assessed_value":116500},{"address":"12959.0 156 STREET NW","assessed_value":14296500},{"address":"12831.0 151 STREET NW","assessed_value":301000},{"address":"nan nan","assessed_value":19500},{"address":"nan nan","assessed_value":8000},{"address":"nan nan","assessed_value":19500},{"address":"nan nan","assessed_value":8000},{"address":"6713.0 SPEAKER PLACE NW","assessed_value":597500},{"address":"1227.0 37A AVENUE NW","assessed_value":633000},{"address":"6921.0 199 STREET NW","assessed_value":205500},{"address":"2275.0 AUSTIN WAY SW","assessed_value":416000},{"address":"920.0 156 STREET NW","assessed_value":131500},{"address":"12408.0 15 AVENUE SW","assessed_value":157000},{"address":"nan nan","assessed_value":7000},{"address":"nan nan","assessed_value":9500},{"address":"8716.0 180 AVENUE NW","assessed_value":446500},{"address":"10142.0 162 STREET NW","assessed_value":88000},{"address":"4245.0 139 AVENUE NW","assessed_value":188000},{"address":"7327.0 TERWILLEGAR DRIVE NW","assessed_value":172500},{"address":"7909.0 71 STREET NW","assessed_value":198000},{"address":"nan nan","assessed_value":4000},{"address":"8618.0 106 AVENUE NW","assessed_value":79000},{"address":"nan nan","assessed_value":5500},{"address":"nan nan","assessed_value":4000},{"address":"2225.0 WARRY LOOP SW","assessed_value":781500},{"address":"nan nan","assessed_value":10500},{"address":"2404.0 WARRY PLACE SW","assessed_value":698000},{"address":"9363.0 SIMPSON DRIVE NW","assessed_value":169000},{"address":"9316.0 82 AVENUE NW","assessed_value":336000},{"address":"6304.0 SANDIN WAY NW","assessed_value":339500},{"address":"nan nan","assessed_value":10000},{"address":"nan nan","assessed_value":7500},{"address":"2149.0 AUSTIN LINK SW","assessed_value":420500},{"address":"nan nan","assessed_value":8000},{"address":"5115.0 154 AVENUE NW","assessed_value":641000},{"address":"14612.0 125 STREET NW","assessed_value":165000},{"address":"nan nan","assessed_value":19000},{"address":"10425.0 150 STREET NW","assessed_value":296500},{"address":"16525.0 50 STREET NW","assessed_value":34444000},{"address":"466.0 MACEWAN ROAD SW","assessed_value":141500},{"address":"20754.0 58 AVENUE NW","assessed_value":487000},{"address":"nan nan","assessed_value":19500},{"address":"nan nan","assessed_value":10000},{"address":"nan nan","assessed_value":5500},{"address":"nan nan","assessed_value":7500},{"address":"nan nan","assessed_value":7500},{"address":"nan nan","assessed_value":7500},{"address":"814.0 WILDWOOD CRESCENT NW","assessed_value":961000},{"address":"6220.0 134 AVENUE NW","assessed_value":128500},{"address":"nan nan","assessed_value":4000},{"address":"14904.0 96 AVENUE NW","assessed_value":70500},{"address":"10910.0 110 STREET NW","assessed_value":92500},{"address":"1520.0 HAMMOND GATE NW","assessed_value":186500},{"address":"10303.0 111 STREET NW","assessed_value":277000},{"address":"nan nan","assessed_value":5500},{"address":"11705.0 83 STREET NW","assessed_value":64000},{"address":"4316.0 139 AVENUE NW","assessed_value":149500},{"address":"1426.0 114B STREET SW","assessed_value":578000},{"address":"10040.0 151 STREET NW","assessed_value":88500},{"address":"nan nan","assessed_value":10500},{"address":"6407.0 MANN COURT NW","assessed_value":857500},{"address":"nan nan","assessed_value":3000},{"address":"10142.0 162 STREET NW","assessed_value":95000},{"address":"9819.0 104 STREET NW","assessed_value":195500},{"address":"nan nan","assessed_value":7500},{"address":"1341.0 114B STREET SW","assessed_value":554000},{"address":"3567.0 14 STREET NW","assessed_value":630500},{"address":"604.0 62 STREET SW","assessed_value":178500},{"address":"612.0 111 STREET SW","assessed_value":254500},{"address":"nan nan","assessed_value":19500},{"address":"20639.0 93 AVENUE NW","assessed_value":619500},{"address":"7161.0 SOUTH TERWILLEGAR DRIVE NW","assessed_value":522500},{"address":"9820.0 165 STREET NW","assessed_value":151500},{"address":"nan nan","assessed_value":7500},{"address":"12408.0 15 AVENUE SW","assessed_value":177500},{"address":"828.0 173 STREET SW","assessed_value":539000},{"address":"nan nan","assessed_value":14500},{"address":"nan nan","assessed_value":7500},{"address":"465.0 HEMINGWAY ROAD NW","assessed_value":300500},{"address":"2503.0 HANNA CRESCENT NW","assessed_value":212000},{"address":"815.0 173 STREET SW","assessed_value":533500},{"address":"2231.0 AUSTIN WAY SW","assessed_value":366000},{"address":"2403.0 WARRY PLACE SW","assessed_value":918500},{"address":"nan nan","assessed_value":7500},{"address":"10303.0 111 STREET NW","assessed_value":273000},{"address":"1220.0 72 STREET SW","assessed_value":547500},{"address":"1516.0 TOWNE CENTRE BOULEVARD NW","assessed_value":602500},{"address":"nan nan","assessed_value":7000},{"address":"7315.0 21 AVENUE SW","assessed_value":470500},{"address":"7331.0 SOUTH TERWILLEGAR DRIVE NW","assessed_value":172000},{"address":"3216.0 WHITELAW DRIVE NW","assessed_value":954000},{"address":"1403.0 HERMITAGE ROAD NW","assessed_value":269000},{"address":"11930.0 100 AVENUE NW","assessed_value":2805000},{"address":"nan nan","assessed_value":4000},{"address":"nan nan","assessed_value":7500},{"address":"nan nan","assessed_value":10000},{"address":"3229.0 WHITELAW DRIVE NW","assessed_value":639500},{"address":"6304.0 SANDIN WAY NW","assessed_value":305500},{"address":"619.0 TAMARACK ROAD NW","assessed_value":514000},{"address":"11633.0 105 AVENUE NW","assessed_value":467000},{"address":"nan nan","assessed_value":8000},{"address":"4403.0 23 STREET NW","assessed_value":187000},{"address":"nan nan","assessed_value":3500},{"address":"4245.0 139 AVENUE NW","assessed_value":178500},{"address":"nan nan","assessed_value":4000},{"address":"11418.0 14 AVENUE SW","assessed_value":386000},{"address":"13215.0 153 AVENUE NW","assessed_value":222500},{"address":"6921.0 199 STREET NW","assessed_value":218000},{"address":"nan nan","assessed_value":10000},{"address":"11015.0 83 STREET NW","assessed_value":51000},{"address":"22075.0 95 AVENUE NW","assessed_value":559500},{"address":"nan nan","assessed_value":8000},{"address":"1726.0 64 STREET SW","assessed_value":393000},{"address":"10303.0 111 STREET NW","assessed_value":177000},{"address":"1650.0 TOWNE CENTER BOULEVARD NW","assessed_value":284500},{"address":"9363.0 SIMPSON DRIVE NW","assessed_value":166500},{"address":"4245.0 139 AVENUE NW","assessed_value":179500},{"address":"1188.0 HYNDMAN ROAD NW","assessed_value":145000},{"address":"6608.0 28 AVENUE NW","assessed_value":244500},{"address":"735.0 85 STREET SW","assessed_value":345500},{"address":"1772.0 HAMMOND CRESCENT NW","assessed_value":538000},{"address":"4303.0 WHITELAW WAY NW","assessed_value":906000},{"address":"211.0 55 STREET SW","assessed_value":502000},{"address":"10046.0 117 STREET NW","assessed_value":390500},{"address":"10106.0 162 STREET NW","assessed_value":88000},{"address":"nan nan","assessed_value":7500},{"address":"684.0 172 STREET SW","assessed_value":564000},{"address":"5816.0 1A AVENUE SW","assessed_value":345500},{"address":"852.0 WILDWOOD CRESCENT NW","assessed_value":896500},{"address":"10235.0 112 STREET NW","assessed_value":179000},{"address":"13250.0 33 STREET NE","assessed_value":6053000},{"address":"10235.0 112 STREET NW","assessed_value":185500},{"address":"9554.0 219A STREET NW","assessed_value":539500},{"address":"nan nan","assessed_value":10500},{"address":"nan nan","assessed_value":10000},{"address":"12311.0 184 STREET NW","assessed_value":55920500},{"address":"13625.0 34 STREET NW","assessed_value":158000},{"address":"13808.0 111 AVENUE NW","assessed_value":5530000},{"address":"21849.0 95A AVENUE NW","assessed_value":645000},{"address":"613.0 ADAMS WAY SW","assessed_value":691500},{"address":"841.0 HOLLANDS LANDING NW","assessed_value":1142000},{"address":"nan nan","assessed_value":4500},{"address":"nan nan","assessed_value":10500},{"address":"nan nan","assessed_value":15000},{"address":"330.0 CLAREVIEW STATION DRIVE NW","assessed_value":153500},{"address":"171.0 BRINTNELL BOULEVARD NW","assessed_value":275500},{"address":"1901.0 126 STREET SW","assessed_value":413500},{"address":"2536.0 CAMERON RAVINE LANDING NW","assessed_value":873000},{"address":"6811.0 19A AVENUE SW","assessed_value":550000},{"address":"nan nan","assessed_value":19000},{"address":"16738.0 58A STREET NW","assessed_value":555500},{"address":"5605.0 168A AVENUE NW","assessed_value":640000},{"address":"6315.0 135 AVENUE NW","assessed_value":155000},{"address":"11934.0 105 STREET NW","assessed_value":67000},{"address":"123.0 58 STREET SW","assessed_value":434500},{"address":"2303.0 CAMERON RAVINE COVE NW","assessed_value":907000},{"address":"nan nan","assessed_value":10500},{"address":"11603.0 ELLERSLIE ROAD SW","assessed_value":182000},{"address":"nan nan","assessed_value":5500},{"address":"13625.0 34 STREET NW","assessed_value":154000},{"address":"10303.0 111 STREET NW","assessed_value":178500},{"address":"nan nan","assessed_value":7500},{"address":"604.0 62 STREET SW","assessed_value":185500},{"address":"4849.0 TERWILLEGAR COMMON NW","assessed_value":380000},{"address":"1903.0 67 STREET SW","assessed_value":539000},{"address":"158.0 AMBLESIDE DRIVE SW","assessed_value":837000},{"address":"10531.0 117 STREET NW","assessed_value":231500},{"address":"nan nan","assessed_value":4000},{"address":"1520.0 HAMMOND GATE NW","assessed_value":180500},{"address":"nan nan","assessed_value":15000},{"address":"nan nan","assessed_value":10500},{"address":"14904.0 96 AVENUE NW","assessed_value":64500},{"address":"320.0 CLAREVIEW STATION DRIVE NW","assessed_value":158500},{"address":"1404.0 HERMITAGE ROAD NW","assessed_value":238500},{"address":"nan nan","assessed_value":10000},{"address":"8931.0 156 STREET NW","assessed_value":240500},{"address":"904.0 PARSONS ROAD SW","assessed_value":12256500},{"address":"4367.0 VETERANS WAY NW","assessed_value":387500},{"address":"7339.0 SOUTH TERWILLEGAR DRIVE NW","assessed_value":173000},{"address":"6608.0 28 AVENUE NW","assessed_value":250000},{"address":"nan nan","assessed_value":8000},{"address":"nan nan","assessed_value":4000},{"address":"10540.0 80 AVENUE NW","assessed_value":195000},{"address":"nan nan","assessed_value":4000},{"address":"9342.0 103 AVENUE NW","assessed_value":102500},{"address":"7426.0 78 AVENUE NW","assessed_value":323500},{"address":"nan nan","assessed_value":500},{"address":"2631.0 30 STREET NW","assessed_value":640000},{"address":"nan nan","assessed_value":4500},{"address":"nan nan","assessed_value":4000},{"address":"nan nan","assessed_value":4500},{"address":"nan nan","assessed_value":10000},{"address":"nan nan","assessed_value":8000},{"address":"22013.0 95A AVENUE NW","assessed_value":568500},{"address":"21304.0 58 AVENUE NW","assessed_value":445500},{"address":"735.0 ADAMS WAY SW","assessed_value":614500},{"address":"5922.0 207A STREET NW","assessed_value":537500},{"address":"2308.0 CAMERON RAVINE COVE NW","assessed_value":893000},{"address":"2214.0 AUSTIN WAY SW","assessed_value":507000},{"address":"nan nan","assessed_value":10000},{"address":"nan nan","assessed_value":14500},{"address":"nan nan","assessed_value":10500},{"address":"11203.0 103A AVENUE NW","assessed_value":270500},{"address":"10121.0 80 AVENUE NW","assessed_value":218000},{"address":"8803.0 123 AVENUE NW","assessed_value":293500},{"address":"16718.0 57A STREET NW","assessed_value":493000},{"address":"2014.0 32A STREET NW","assessed_value":737500},{"address":"nan nan","assessed_value":7500},{"address":"466.0 MACEWAN ROAD SW","assessed_value":143000},{"address":"nan nan","assessed_value":4000},{"address":"nan nan","assessed_value":4000},{"address":"1429.0 114B STREET SW","assessed_value":565000},{"address":"6032.0 38 AVENUE NW","assessed_value":277500},{"address":"nan nan","assessed_value":19500},{"address":"nan nan","assessed_value":8000},{"address":"nan nan","assessed_value":9500},{"address":"nan nan","assessed_value":4000},{"address":"nan nan","assessed_value":5500},{"address":"10637.0 105 STREET NW","assessed_value":68500},{"address":"11639.0 124 STREET NW","assessed_value":68500},{"address":"1003.0 GAULT BOULEVARD NW","assessed_value":215000},{"address":"1266.0 CUNNINGHAM DRIVE SW","assessed_value":555500},{"address":"6157.0 STINSON WAY NW","assessed_value":595500},{"address":"920.0 156 STREET NW","assessed_value":139000},{"address":"6315.0 135 AVENUE NW","assessed_value":174500},{"address":"10333.0 112 STREET NW","assessed_value":176500},{"address":"nan nan","assessed_value":9000},{"address":"10155.0 151 STREET NW","assessed_value":90000},{"address":"nan nan","assessed_value":5500},{"address":"6224.0 SOUTHESK LANDING NW","assessed_value":846000},{"address":"nan nan","assessed_value":4000},{"address":"1234.0 CHAHLEY LANDING NW","assessed_value":1158500},{"address":"7327.0 SOUTH TERWILLEGAR DRIVE NW","assessed_value":134500},{"address":"nan nan","assessed_value":4000},{"address":"nan nan","assessed_value":4000},{"address":"1003.0 GAULT BOULEVARD NW","assessed_value":227500},{"address":"nan nan","assessed_value":4500},{"address":"4245.0 139 AVENUE NW","assessed_value":168500},{"address":"4245.0 139 AVENUE NW","assessed_value":115500},{"address":"nan nan","assessed_value":10000},{"address":"2051.0 TOWNE CENTRE BOULEVARD NW","assessed_value":287500},{"address":"10121.0 80 AVENUE NW","assessed_value":188500},{"address":"6608.0 28 AVENUE NW","assessed_value":503500},{"address":"nan nan","assessed_value":7000},{"address":"nan nan","assessed_value":19500},{"address":"9945.0 167 STREET NW","assessed_value":148000},{"address":"nan nan","assessed_value":15000},{"address":"437.0 CALLAGHAN COURT SW","assessed_value":890500},{"address":"20726.0 58 AVENUE NW","assessed_value":503000},{"address":"2503.0 HANNA CRESCENT NW","assessed_value":204000},{"address":"2051.0 TOWNE CENTRE BOULEVARD NW","assessed_value":262500},{"address":"1148.0 74 STREET SW","assessed_value":475500},{"address":"nan nan","assessed_value":4000},{"address":"10145.0 161 STREET NW","assessed_value":82500},{"address":"11846.0 125 STREET NW","assessed_value":419000},{"address":"11633.0 105 AVENUE NW","assessed_value":791000},{"address":"453.0 WINDERMERE ROAD NW","assessed_value":797000},{"address":"12929.0 127 STREET NW","assessed_value":40000},{"address":"nan nan","assessed_value":3500},{"address":"5604.0 199 STREET NW","assessed_value":252000},{"address":"10136.0 104 STREET NW","assessed_value":275500},{"address":"6414.0 16 AVENUE SW","assessed_value":387000},{"address":"10135.0 120 STREET NW","assessed_value":119500},{"address":"17944.0 84 STREET NW","assessed_value":428500},{"address":"9357.0 SIMPSON DRIVE NW","assessed_value":135500},{"address":"7323.0 SOUTH TERWILLEGAR DRIVE NW","assessed_value":171500},{"address":"7331.0 SOUTH TERWILLEGAR DRIVE NW","assessed_value":167000},{"address":"11615.0 ELLERSLIE ROAD SW","assessed_value":179000},{"address":"nan nan","assessed_value":15000},{"address":"11734.0 85 STREET NW","assessed_value":67000},{"address":"263.0 MACEWAN ROAD SW","assessed_value":187500},{"address":"603.0 WATT BOULEVARD SW","assessed_value":277000},{"address":"862.0 ARMITAGE WYND SW","assessed_value":647000},{"address":"nan nan","assessed_value":4000},{"address":"nan nan","assessed_value":10500},{"address":"2919.0 22 AVENUE NW","assessed_value":379500},{"address":"5866.0 168A AVENUE NW","assessed_value":410500},{"address":"1589.0 GLASTONBURY BOULEVARD NW","assessed_value":235500},{"address":"10408.0 92 STREET NW","assessed_value":80500},{"address":"1508.0 67 STREET SW","assessed_value":978000},{"address":"6107.0 13 AVENUE SW","assessed_value":411000},{"address":"1023.0 HOLLANDS POINT NW","assessed_value":1161500},{"address":"nan nan","assessed_value":500},{"address":"nan nan","assessed_value":14500},{"address":"nan nan","assessed_value":4000},{"address":"5607.0 118 AVENUE NW","assessed_value":58000},{"address":"13825.0 155 AVENUE NW","assessed_value":234000},{"address":"nan nan","assessed_value":15000},{"address":"7909.0 71 STREET NW","assessed_value":246000},{"address":"12207.0 JASPER AVENUE NW","assessed_value":240000},{"address":"12914.0 64 STREET NW","assessed_value":53500},{"address":"4057.0 WHISPERING RIVER DRIVE NW","assessed_value":923000},{"address":"10235.0 116 STREET NW","assessed_value":151500},{"address":"6925.0 199 STREET NW","assessed_value":221000},{"address":"817.0 172 STREET SW","assessed_value":359500},{"address":"3436.0 WEST LANDING NW","assessed_value":1611500},{"address":"nan nan","assessed_value":107500},{"address":"10215.0 115 STREET NW","assessed_value":109500},{"address":"10637.0 105 STREET NW","assessed_value":78000},{"address":"13625.0 34 STREET NW","assessed_value":160500},{"address":"10315.0 156 STREET NW","assessed_value":106500},{"address":"1804.0 70 STREET SW","assessed_value":278000},{"address":"604.0 62 STREET SW","assessed_value":181500},{"address":"1204.0 156 STREET NW","assessed_value":192000},{"address":"447.0 CALLAGHAN COURT SW","assessed_value":791500},{"address":"10055.0 118 STREET NW","assessed_value":321000},{"address":"nan nan","assessed_value":4500},{"address":"nan nan","assessed_value":4500},{"address":"nan nan","assessed_value":3000},{"address":"nan nan","assessed_value":4000},{"address":"nan nan","assessed_value":8000},{"address":"330.0 CLAREVIEW STATION DRIVE NW","assessed_value":212500},{"address":"735.0 85 STREET SW","assessed_value":320500},{"address":"15151.0 43 STREET NW","assessed_value":293000},{"address":"nan nan","assessed_value":15000},{"address":"204.0 56 STREET SW","assessed_value":556000},{"address":"nan nan","assessed_value":10500},{"address":"1111.0 72 STREET SW","assessed_value":646500},{"address":"16813.0 58A STREET NW","assessed_value":469500},{"address":"10136.0 104 STREET NW","assessed_value":195000},{"address":"5604.0 199 STREET NW","assessed_value":280000},{"address":"4403.0 23 STREET NW","assessed_value":178500},{"address":"6708.0 16 AVENUE SW","assessed_value":776000},{"address":"1327.0 113 STREET SW","assessed_value":588000},{"address":"nan nan","assessed_value":9000},{"address":"10531.0 117 STREET NW","assessed_value":193500},{"address":"11614.0 JASPER AVENUE NW","assessed_value":3871000},{"address":"3306.0 21A AVENUE NW","assessed_value":626500},{"address":"1235.0 CUNNINGHAM DRIVE SW","assessed_value":647000},{"address":"5240.0 MULLEN CREST NW","assessed_value":845500},{"address":"12930.0 140 AVENUE NW","assessed_value":279500},{"address":"nan nan","assessed_value":4000},{"address":"6955.0 19A AVENUE SW","assessed_value":543000},{"address":"1771.0 HAMMOND CRESCENT NW","assessed_value":521500},{"address":"nan nan","assessed_value":10500},{"address":"10531.0 117 STREET NW","assessed_value":182000},{"address":"2011.0 HOPE ROAD NW","assessed_value":412000},{"address":"1520.0 HAMMOND GATE NW","assessed_value":192500},{"address":"14612.0 125 STREET NW","assessed_value":165000},{"address":"17115.0 7A AVENUE SW","assessed_value":367500},{"address":"nan nan","assessed_value":4000},{"address":"11136.0 124 STREET NW","assessed_value":47000},{"address":"nan nan","assessed_value":15000},{"address":"11603.0 ELLERSLIE ROAD SW","assessed_value":189000},{"address":"15718.0 95 STREET NW","assessed_value":338000},{"address":"612.0 111 STREET SW","assessed_value":168000},{"address":"nan nan","assessed_value":14500},{"address":"9919.0 105 STREET NW","assessed_value":124000},{"address":"1204.0 156 STREET NW","assessed_value":173500},{"address":"11639.0 124 STREET NW","assessed_value":66500},{"address":"10140.0 151 STREET NW","assessed_value":99500},{"address":"nan nan","assessed_value":5500},{"address":"nan nan","assessed_value":7500},{"address":"9357.0 SIMPSON DRIVE NW","assessed_value":156500},{"address":"nan nan","assessed_value":9000},{"address":"nan nan","assessed_value":10500},{"address":"nan nan","assessed_value":6500},{"address":"1003.0 GAULT BOULEVARD NW","assessed_value":324500},{"address":"9819.0 104 STREET NW","assessed_value":195000},{"address":"nan nan","assessed_value":5500},{"address":"2132.0 70 STREET SW","assessed_value":474500},{"address":"263.0 MACEWAN ROAD SW","assessed_value":200000},{"address":"6315.0 135 AVENUE NW","assessed_value":123000},{"address":"11639.0 124 STREET NW","assessed_value":93000},{"address":"nan nan","assessed_value":4000},{"address":"nan nan","assessed_value":6500},{"address":"9999.0 111 STREET NW","assessed_value":95000},{"address":"nan nan","assessed_value":19000},{"address":"2460.0 AUSTIN CRESCENT SW","assessed_value":464500},{"address":"11405.0 96 STREET NW","assessed_value":214000},{"address":"18110.0 96A AVENUE NW","assessed_value":620000},{"address":"nan nan","assessed_value":7500},{"address":"5845.0 168A AVENUE NW","assessed_value":375500},{"address":"nan nan","assessed_value":4000},{"address":"4245.0 139 AVENUE NW","assessed_value":188000},{"address":"20624.0 93 AVENUE NW","assessed_value":623500},{"address":"9819.0 104 STREET NW","assessed_value":227500},{"address":"9999.0 111 STREET NW","assessed_value":70500},{"address":"nan nan","assessed_value":10500},{"address":"nan nan","assessed_value":4000},{"address":"3720.0 118 AVENUE NW","assessed_value":59000},{"address":"1924.0 69 STREET SW","assessed_value":644500},{"address":"nan nan","assessed_value":7500},{"address":"4704.0 52 AVENUE NW","assessed_value":176500},{"address":"4316.0 139 AVENUE NW","assessed_value":147000},{"address":"nan nan","assessed_value":10500},{"address":"1395.0 113 STREET SW","assessed_value":624500},{"address":"125.0 WEBER CLOSE NW","assessed_value":722500},{"address":"10055.0 118 STREET NW","assessed_value":336500},{"address":"12914.0 64 STREET NW","assessed_value":57000},{"address":"10136.0 104 STREET NW","assessed_value":289000},{"address":"51.0 WINDERMERE DRIVE SW","assessed_value":1779500},{"address":"3418.0 19 STREET NW","assessed_value":596500},{"address":"10121.0 80 AVENUE NW","assessed_value":188000},{"address":"2616.0 29 STREET NW","assessed_value":569500},{"address":"nan nan","assessed_value":7500},{"address":"16113.0 137A STREET NW","assessed_value":473000},{"address":"3651.0 13 STREET NW","assessed_value":437500},{"address":"nan nan","assessed_value":15000},{"address":"5005.0 165 AVENUE NW","assessed_value":139500},{"address":"10121.0 80 AVENUE NW","assessed_value":242500},{"address":"nan nan","assessed_value":10500},{"address":"2705.0 ANDERSON CRESCENT SW","assessed_value":581500},{"address":"8931.0 156 STREET NW","assessed_value":205000},{"address":"nan nan","assessed_value":4000},{"address":"10558.0 78 AVENUE NW","assessed_value":343500},{"address":"6028.0 213 STREET NW","assessed_value":366000},{"address":"nan nan","assessed_value":10500},{"address":"4245.0 139 AVENUE NW","assessed_value":122000},{"address":"11025.0 124 STREET NW","assessed_value":119500},{"address":"17347.0 7A AVENUE SW","assessed_value":559500},{"address":"10121.0 80 AVENUE NW","assessed_value":216000},{"address":"nan nan","assessed_value":4500},{"address":"12931.0 64 STREET NW","assessed_value":40000},{"address":"2289.0 AUSTIN WAY SW","assessed_value":414500},{"address":"10135.0 120 STREET NW","assessed_value":111000},{"address":"1261.0 CUNNINGHAM DRIVE SW","assessed_value":612000},{"address":"1932.0 69 STREET SW","assessed_value":606500},{"address":"11025.0 124 STREET NW","assessed_value":60000}]