[{"address":"9725.0 106 STREET NW","assessed_value":107500},{"address":"1515.0 WELLWOOD WAY NW","assessed_value":575000},{"address":"16203.0 57 STREET NW","assessed_value":373000},{"address":"8116.0 27 AVENUE NW","assessed_value":272500},{"address":"10883.0 SASKATCHEWAN DRIVE NW","assessed_value":150000},{"address":"25.0 JACKSON ROAD NW","assessed_value":300000},{"address":"5360.0 23 AVENUE NW","assessed_value":1954000},{"address":"9930.0 BELLAMY HILL NW","assessed_value":168000},{"address":"9010.0 106 AVENUE NW","assessed_value":140000},{"address":"231.0 HOOPER CRESCENT NW","assessed_value":426000},{"address":"330.0 BUCHANAN WAY NW","assessed_value":1000},{"address":"12811.0 146 AVENUE NW","assessed_value":453500},{"address":"13108.0 39 STREET NW","assessed_value":398500},{"address":"10810.0 86 AVENUE NW","assessed_value":320000},{"address":"15403.0 70 STREET NW","assessed_value":404000},{"address":"10183.0 92 STREET NW","assessed_value":628000},{"address":"9554.0 111 AVENUE NW","assessed_value":561500},{"address":"15499.0 CASTLE DOWNS ROAD NW","assessed_value":210000},{"address":"704.0 ABBOTTSFIELD ROAD NW","assessed_value":166000},{"address":"11404.0 94 STREET NW","assessed_value":200000},{"address":"9528.0 107A AVENUE NW","assessed_value":1721000},{"address":"9312.0 114 AVENUE NW","assessed_value":611500},{"address":"11502.0 92 STREET NW","assessed_value":209500},{"address":"9818.0 175 AVENUE NW","assessed_value":526000},{"address":"206.0 ROY STREET NW","assessed_value":902500},{"address":"7111.0 190A STREET NW","assessed_value":423500},{"address":"nan nan","assessed_value":8000},{"address":"5611.0 152A AVENUE NW","assessed_value":496500},{"address":"6220.0 FULTON ROAD NW","assessed_value":262500},{"address":"119.0 IRONWOOD PLACE NW","assessed_value":845500},{"address":"432.0 REEVES CREST NW","assessed_value":653000},{"address":"nan nan","assessed_value":11500},{"address":"131.0 BLACKBURN DRIVE WEST SW","assessed_value":548000},{"address":"6212.0 159 AVENUE NW","assessed_value":431000},{"address":"12770.0 VICTORIA TRAIL NW","assessed_value":1900500},{"address":"9710.0 105 STREET NW","assessed_value":359500},{"address":"nan nan","assessed_value":11500},{"address":"10101.0 SASKATCHEWAN DRIVE NW","assessed_value":117000},{"address":"8745.0 165 STREET NW","assessed_value":88500},{"address":"9747.0 176 STREET NW","assessed_value":264500},{"address":"507.0 TWIN BROOKS BAY NW","assessed_value":1042500},{"address":"11542.0 97 STREET NW","assessed_value":250500},{"address":"9531.0 115 AVENUE NW","assessed_value":164000},{"address":"1580.0 MILL WOODS ROAD EAST NW","assessed_value":249000},{"address":"4620.0 151 STREET NW","assessed_value":377500},{"address":"11150.0 82 STREET NW","assessed_value":2026500},{"address":"18415.0 77 AVENUE NW","assessed_value":474500},{"address":"6220.0 FULTON ROAD NW","assessed_value":306000},{"address":"9923.0 103 STREET NW","assessed_value":268500},{"address":"1059.0 FALCONER ROAD NW","assessed_value":579000},{"address":"1040.0 POTTER GREENS DRIVE NW","assessed_value":533500},{"address":"nan nan","assessed_value":11500},{"address":"14420.0 88A STREET NW","assessed_value":117500},{"address":"15512.0 69 STREET NW","assessed_value":406500},{"address":"709.0 WELLS WYND NW","assessed_value":575000},{"address":"1033.0 JONES CRESCENT NW","assessed_value":505500},{"address":"9916.0 113 STREET NW","assessed_value":150000},{"address":"9138.0 83 AVENUE NW","assessed_value":227000},{"address":"4648.0 151 STREET NW","assessed_value":361500},{"address":"1119.0 KANE WYND NW","assessed_value":424000},{"address":"9710.0 105 STREET NW","assessed_value":99500},{"address":"1152.0 KANE WYND NW","assessed_value":550000},{"address":"10726.0 153 AVENUE NW","assessed_value":331500},{"address":"10155.0 116 STREET NW","assessed_value":52000},{"address":"131.0 MAYLIEWAN CLOSE NW","assessed_value":493500},{"address":"8745.0 165 STREET NW","assessed_value":95500},{"address":"4630.0 17 AVENUE NW","assessed_value":213500},{"address":"1139.0 FALCONER ROAD NW","assessed_value":837500},{"address":"815.0 REID PLACE NW","assessed_value":598500},{"address":"10636.0 120 STREET NW","assessed_value":165000},{"address":"5005.0 31 AVENUE NW","assessed_value":118000},{"address":"8735.0 165 STREET NW","assessed_value":116000},{"address":"8315.0 105 STREET NW","assessed_value":177000},{"address":"772.0 WELLS WYND NW","assessed_value":540000},{"address":"13122.0 137A STREET NW","assessed_value":422000},{"address":"5125.0 RIVERBEND ROAD NW","assessed_value":128500},{"address":"284.0 KIRKWOOD AVENUE NW","assessed_value":385000},{"address":"6920.0 31 AVENUE NW","assessed_value":253500},{"address":"nan nan","assessed_value":8000},{"address":"9921.0 104 STREET NW","assessed_value":243500},{"address":"150.0 WEAVER DRIVE NW","assessed_value":734500},{"address":"11013.0 84 STREET NW","assessed_value":627000},{"address":"11613.0 97 STREET NW","assessed_value":277500},{"address":"9866.0 41 AVENUE NW","assessed_value":386000},{"address":"8140.0 27 AVENUE NW","assessed_value":342000},{"address":"18935.0 91 AVENUE NW","assessed_value":510000},{"address":"905.0 BLACKETT WYND SW","assessed_value":628000},{"address":"13724.0 75 STREET NW","assessed_value":310000},{"address":"16119.0 58 STREET NW","assessed_value":509500},{"address":"6108.0 156 AVENUE NW","assessed_value":443500},{"address":"12804.0 157 AVENUE NW","assessed_value":539500},{"address":"11219.0 95A STREET NW","assessed_value":140000},{"address":"10264.0 92 STREET NW","assessed_value":1500},{"address":"11712.0 91 STREET NW","assessed_value":307000},{"address":"1736.0 MERIDIAN STREET NW","assessed_value":0},{"address":"1915.0 152 AVENUE NW","assessed_value":374000},{"address":"8745.0 165 STREET NW","assessed_value":177000},{"address":"11421.0 34 STREET NW","assessed_value":113000},{"address":"15507.0 67A STREET NW","assessed_value":406500},{"address":"10729.0 104 STREET NW","assessed_value":76500},{"address":"9340.0 108 AVENUE NW","assessed_value":206000},{"address":"3645.0 145 AVENUE NW","assessed_value":228000},{"address":"8315.0 105 STREET NW","assessed_value":260000},{"address":"18624.0 53 AVENUE NW","assessed_value":667500},{"address":"15829.0 69 STREET NW","assessed_value":322000},{"address":"4335.0 28 STREET NW","assessed_value":500000},{"address":"4916.0 14 AVENUE NW","assessed_value":394000},{"address":"7722.0 JASPER AVENUE NW","assessed_value":339000},{"address":"10155.0 116 STREET NW","assessed_value":154500},{"address":"640.0 JENNER COVE NW","assessed_value":434500},{"address":"2538.0 35 STREET NW","assessed_value":366000},{"address":"432.0 TWIN BROOKS CRESCENT NW","assessed_value":1449000},{"address":"9505.0 176 STREET NW","assessed_value":241000},{"address":"5924.0 152B AVENUE NW","assessed_value":449000},{"address":"5646.0 148 STREET NW","assessed_value":174500},{"address":"9930.0 BELLAMY HILL NW","assessed_value":129500},{"address":"7207.0 78 AVENUE NW","assessed_value":344500},{"address":"18020.0 95 AVENUE NW","assessed_value":160500},{"address":"7441.0 SASKATCHEWAN DRIVE NW","assessed_value":1240000},{"address":"6905.0 158A AVENUE NW","assessed_value":318000},{"address":"15520.0 132 STREET NW","assessed_value":424000},{"address":"3304.0 116A AVENUE NW","assessed_value":158500},{"address":"206.0 FERGUSON PLACE NW","assessed_value":544000},{"address":"9049.0 91 STREET NW","assessed_value":877500},{"address":"317.0 FERRIS WAY NW","assessed_value":946500},{"address":"9138.0 83 AVENUE NW","assessed_value":235500},{"address":"10011.0 116 STREET NW","assessed_value":108000},{"address":"10340.0 84 AVENUE NW","assessed_value":500},{"address":"107.0 COUNTRY CLUB PLACE NW","assessed_value":675500},{"address":"112.0 IRONWOOD PLACE NW","assessed_value":842000},{"address":"17240.0 113 STREET NW","assessed_value":462500},{"address":"11315.0 128 STREET NW","assessed_value":3500},{"address":"3239.0 36B AVENUE NW","assessed_value":503500},{"address":"14525.0 72 STREET NW","assessed_value":136500},{"address":"836.0 115A STREET NW","assessed_value":440000},{"address":"6504.0 158 AVENUE NW","assessed_value":333500},{"address":"1615.0 WELBOURN COVE NW","assessed_value":521000},{"address":"1399.0 JEFFERYS CRESCENT NW","assessed_value":487500},{"address":"1485.0 JEFFERYS CRESCENT NW","assessed_value":404500},{"address":"401.0 SOUTHRIDGE NW","assessed_value":166000},{"address":"18827.0 89 AVENUE NW","assessed_value":452000},{"address":"316.0 HUFFMAN CRESCENT NW","assessed_value":413500},{"address":"15828.0 74 STREET NW","assessed_value":517000},{"address":"8703.0 102 AVENUE NW","assessed_value":580500},{"address":"175.0 KULAWY DRIVE NORTH NW","assessed_value":551000},{"address":"13580.0 38 STREET NW","assessed_value":72500},{"address":"10945.0 21 AVENUE NW","assessed_value":189500},{"address":"15508.0 74 STREET NW","assessed_value":517500},{"address":"1033.0 YOUVILLE DRIVE WEST NW","assessed_value":254500},{"address":"nan nan","assessed_value":11500},{"address":"16120.0 112 STREET NW","assessed_value":572500},{"address":"404.0 RIVER POINT NW","assessed_value":5000},{"address":"13770.0 131 AVENUE NW","assessed_value":394500},{"address":"10030.0 114 STREET NW","assessed_value":126000},{"address":"11210.0 92 STREET NW","assessed_value":248000},{"address":"133.0 BAINBRIDGE CRESCENT NW","assessed_value":487500},{"address":"10125.0 109 STREET NW","assessed_value":128000},{"address":"11411.0 ANTHONY HENDAY DRIVE NW","assessed_value":404500},{"address":"13216.0 159 AVENUE NW","assessed_value":447000},{"address":"9421.0 100A STREET NW","assessed_value":751000},{"address":"9243.0 86 STREET NW","assessed_value":560500},{"address":"247.0 BULYEA ROAD NW","assessed_value":586500},{"address":"3656.0 31 STREET NW","assessed_value":532000},{"address":"11710.0 156 STREET NW","assessed_value":6488500},{"address":"3520.0 60 STREET NW","assessed_value":228500},{"address":"516.0 REID CLOSE NW","assessed_value":629500},{"address":"10883.0 SASKATCHEWAN DRIVE NW","assessed_value":128500},{"address":"11307.0 95 STREET NW","assessed_value":357000},{"address":"15827.0 69 STREET NW","assessed_value":321500},{"address":"255.0 KIRKWOOD AVENUE NW","assessed_value":341500},{"address":"416.0 REEVES CREST NW","assessed_value":660000},{"address":"8819.0 147 AVENUE NW","assessed_value":108500},{"address":"11804.0 49 STREET NW","assessed_value":48500},{"address":"711.0 WILKIN CLOSE NW","assessed_value":486500},{"address":"1367.0 FALCONER ROAD NW","assessed_value":598000},{"address":"15499.0 CASTLE DOWNS ROAD NW","assessed_value":18500},{"address":"5005.0 31 AVENUE NW","assessed_value":143000},{"address":"11701.0 142 STREET NW","assessed_value":4500},{"address":"10719.0 60 AVENUE NW","assessed_value":953000},{"address":"124.0 KULAWY DRIVE NORTH NW","assessed_value":132000},{"address":"931.0 BURLEY DRIVE NW","assessed_value":626000},{"address":"907.0 108 STREET NW","assessed_value":578000},{"address":"603.0 YOUVILLE DRIVE EAST NW","assessed_value":235500},{"address":"1936.0 151A AVENUE NW","assessed_value":349000},{"address":"17703.0 64 AVENUE NW","assessed_value":229500},{"address":"1225.0 KANE WYND NW","assessed_value":528000},{"address":"11503.0 100 AVENUE NW","assessed_value":353000},{"address":"4743.0 25 AVENUE NW","assessed_value":295500},{"address":"1206.0 KAASA ROAD EAST NW","assessed_value":510000},{"address":"1008.0 BURNS CLOSE NW","assessed_value":565000},{"address":"nan nan","assessed_value":7500},{"address":"12839.0 147 AVENUE NW","assessed_value":407000},{"address":"536.0 BUCHANAN ROAD NW","assessed_value":607500},{"address":"9760.0 176 STREET NW","assessed_value":155000},{"address":"5125.0 RIVERBEND ROAD NW","assessed_value":124500},{"address":"9010.0 106 AVENUE NW","assessed_value":168500},{"address":"4711.0 43 AVENUE NW","assessed_value":464000},{"address":"11316.0 103 AVENUE NW","assessed_value":268500},{"address":"10011.0 116 STREET NW","assessed_value":100500},{"address":"17834.0 106 AVENUE NW","assessed_value":2738000},{"address":"nan nan","assessed_value":11500},{"address":"3656.0 30 STREET NW","assessed_value":530500},{"address":"11208.0 161 AVENUE NW","assessed_value":461500},{"address":"11217.0 103 AVENUE NW","assessed_value":185000},{"address":"11034.0 102 STREET NW","assessed_value":29000},{"address":"9215.0 112 AVENUE NW","assessed_value":292000},{"address":"7001.0 153A AVENUE NW","assessed_value":1500},{"address":"10816.0 112 STREET NW","assessed_value":79000},{"address":"17519.0 98A AVENUE NW","assessed_value":162500},{"address":"8128.0 JASPER AVENUE NW","assessed_value":871500},{"address":"15308.0 131 STREET NW","assessed_value":436000},{"address":"917.0 116 STREET NW","assessed_value":503000},{"address":"8315.0 105 STREET NW","assessed_value":246000},{"address":"5125.0 RIVERBEND ROAD NW","assessed_value":95500},{"address":"17026.0 90A STREET NW","assessed_value":574500},{"address":"76.0 REHWINKEL ROAD NW","assessed_value":610000},{"address":"4035.0 30 STREET NW","assessed_value":489500},{"address":"nan nan","assessed_value":5500},{"address":"nan nan","assessed_value":11500},{"address":"10107.0 88 STREET NW","assessed_value":423500},{"address":"3811.0 85 STREET NW","assessed_value":219000},{"address":"9908.0 80 AVENUE NW","assessed_value":200000},{"address":"9747.0 102 STREET NW","assessed_value":450000},{"address":"8204.0 JASPER AVENUE NW","assessed_value":558500},{"address":"6578.0 158 AVENUE NW","assessed_value":342500},{"address":"3908.0 37 STREET NW","assessed_value":372000},{"address":"5065.0 31 AVENUE NW","assessed_value":137000},{"address":"3307.0 116A AVENUE NW","assessed_value":113000},{"address":"6484.0 178 STREET NW","assessed_value":155000},{"address":"118.0 WEAVER DRIVE NW","assessed_value":743500},{"address":"5537.0 138A AVENUE NW","assessed_value":382500},{"address":"4010.0 37 STREET NW","assessed_value":368500},{"address":"311.0 WEBER WAY NW","assessed_value":531000},{"address":"11440.0 97 STREET NW","assessed_value":238000},{"address":"10150.0 117 STREET NW","assessed_value":104500},{"address":"18409.0 76A AVENUE NW","assessed_value":402500},{"address":"12975.0 52 STREET NW","assessed_value":803000},{"address":"10333.0 121 STREET NW","assessed_value":168000},{"address":"nan nan","assessed_value":8000},{"address":"13129.0 137 STREET NW","assessed_value":385000},{"address":"574.0 BUCHANAN ROAD NW","assessed_value":598500},{"address":"3736.0 30 STREET NW","assessed_value":535000},{"address":"11402.0 154 STREET NW","assessed_value":1000},{"address":"nan nan","assessed_value":8000},{"address":"nan nan","assessed_value":8000},{"address":"10150.0 117 STREET NW","assessed_value":172500},{"address":"419.0 BUCHANAN ROAD NW","assessed_value":632500},{"address":"11234.0 92 STREET NW","assessed_value":198500},{"address":"5815.0 123A AVENUE NW","assessed_value":350500},{"address":"18020.0 95 AVENUE NW","assessed_value":127500},{"address":"15512.0 62B STREET NW","assessed_value":476500},{"address":"16204.0 56 STREET NW","assessed_value":381500},{"address":"9532.0 27 AVENUE NW","assessed_value":317000},{"address":"513.0 BUCHANAN ROAD NW","assessed_value":619000},{"address":"11541.0 97 STREET NW","assessed_value":144000},{"address":"nan nan","assessed_value":8000},{"address":"10331.0 178 AVENUE NW","assessed_value":559500},{"address":"11520.0 96 STREET NW","assessed_value":239000},{"address":"10155.0 116 STREET NW","assessed_value":140000},{"address":"1127.0 116 STREET NW","assessed_value":619000},{"address":"458.0 BURTON ROAD NW","assessed_value":619000},{"address":"11503.0 100 AVENUE NW","assessed_value":266500},{"address":"10101.0 SASKATCHEWAN DRIVE NW","assessed_value":93500},{"address":"15423.0 68 STREET NW","assessed_value":486500},{"address":"15811.0 133 STREET NW","assessed_value":457500},{"address":"16235.0 62 STREET NW","assessed_value":444000},{"address":"9914.0 80 AVENUE NW","assessed_value":200000},{"address":"1116.0 111A STREET NW","assessed_value":524000},{"address":"1132.0 116 STREET NW","assessed_value":599000},{"address":"6425.0 180 STREET NW","assessed_value":155000},{"address":"17207.0 114 STREET NW","assessed_value":449000},{"address":"10152.0 96 STREET NW","assessed_value":611000},{"address":"1107.0 116 STREET NW","assessed_value":649000},{"address":"11306.0 95A STREET NW","assessed_value":217500},{"address":"11636.0 94 STREET NW","assessed_value":185000},{"address":"4439.0 30 STREET NW","assessed_value":527500},{"address":"603.0 YOUVILLE DRIVE EAST NW","assessed_value":205000},{"address":"10040.0 81 AVENUE NW","assessed_value":355000},{"address":"11648.0 96 STREET NW","assessed_value":226000},{"address":"9734.0 101 STREET NW","assessed_value":462500},{"address":"510.0 BUTCHART DRIVE NW","assessed_value":949000},{"address":"19064.0 72 AVENUE NW","assessed_value":426000},{"address":"10325.0 85 AVENUE NW","assessed_value":500},{"address":"808.0 ABBOTTSFIELD ROAD NW","assessed_value":151000},{"address":"2311.0 39 AVENUE NW","assessed_value":369000},{"address":"242.0 CARMICHAEL CLOSE NW","assessed_value":704000},{"address":"18627.0 77 AVENUE NW","assessed_value":418000},{"address":"233.0 RIVER POINT NW","assessed_value":321500},{"address":"11120.0 10A AVENUE NW","assessed_value":660500},{"address":"1342.0 FALCONER ROAD NW","assessed_value":644500},{"address":"8220.0 JASPER AVENUE NW","assessed_value":137500},{"address":"5419.0 155 AVENUE NW","assessed_value":648500},{"address":"11263.0 11 AVENUE NW","assessed_value":569500},{"address":"17725.0 50 STREET NW","assessed_value":56500},{"address":"nan nan","assessed_value":7500},{"address":"5824.0 162 AVENUE NW","assessed_value":374500},{"address":"3731.0 32 STREET NW","assessed_value":509000},{"address":"nan nan","assessed_value":11500},{"address":"9918.0 176 AVENUE NW","assessed_value":255000},{"address":"12830.0 143A AVENUE NW","assessed_value":428500},{"address":"13910.0 STONY PLAIN ROAD NW","assessed_value":133000},{"address":"15839.0 74 STREET NW","assessed_value":552500},{"address":"528.0 TWIN BROOKS BAY NW","assessed_value":650000},{"address":"8220.0 JASPER AVENUE NW","assessed_value":122500},{"address":"533.0 BUCHANAN ROAD NW","assessed_value":621500},{"address":"3307.0 116A AVENUE NW","assessed_value":113000},{"address":"5125.0 RIVERBEND ROAD NW","assessed_value":124500},{"address":"4804.0 MERIDIAN STREET NW","assessed_value":5134500},{"address":"1235.0 48 STREET NW","assessed_value":357500},{"address":"6226.0 159A AVENUE NW","assessed_value":424000},{"address":"4331.0 47 STREET NW","assessed_value":501500},{"address":"7704.0 96 STREET NW","assessed_value":364500},{"address":"11503.0 100 AVENUE NW","assessed_value":325000},{"address":"9927.0 87 STREET NW","assessed_value":934500},{"address":"10710.0 116 STREET NW","assessed_value":178000},{"address":"7522.0 138A AVENUE NW","assessed_value":309000},{"address":"10711.0 103 STREET NW","assessed_value":96500},{"address":"11501.0 94 STREET NW","assessed_value":177500},{"address":"15436.0 55 STREET NW","assessed_value":685500},{"address":"916.0 ORMSBY WYND NW","assessed_value":495000},{"address":"10030.0 114 STREET NW","assessed_value":174000},{"address":"11532.0 92 STREET NW","assessed_value":281000},{"address":"829.0 112B STREET NW","assessed_value":465500},{"address":"1403.0 48 STREET NW","assessed_value":464500},{"address":"nan nan","assessed_value":11500},{"address":"62.0 ORMSBY ROAD WEST NW","assessed_value":582500},{"address":"15830.0 118 AVENUE NW","assessed_value":2697500},{"address":"14803.0 34 STREET NW","assessed_value":204000},{"address":"2911.0 36 STREET NW","assessed_value":266000},{"address":"10636.0 120 STREET NW","assessed_value":153500},{"address":"603.0 YOUVILLE DRIVE EAST NW","assessed_value":215500},{"address":"11817.0 50 STREET NW","assessed_value":237500},{"address":"2310.0 39 AVENUE NW","assessed_value":348500},{"address":"1923.0 152 AVENUE NW","assessed_value":542500},{"address":"882.0 RYAN PLACE NW","assessed_value":345000},{"address":"10324.0 119 STREET NW","assessed_value":127500},{"address":"8735.0 165 STREET NW","assessed_value":115000},{"address":"12347.0 58A STREET NW","assessed_value":421500},{"address":"138.0 RIVER POINT NW","assessed_value":327500},{"address":"110.0 WEBER CLOSE NW","assessed_value":610500},{"address":"3255.0 36A AVENUE NW","assessed_value":528500},{"address":"7530.0 186A STREET NW","assessed_value":428500},{"address":"12417.0 87 STREET NW","assessed_value":284000},{"address":"11647.0 94 STREET NW","assessed_value":254500},{"address":"nan nan","assessed_value":8000},{"address":"3923.0 131 AVENUE NW","assessed_value":423500},{"address":"820.0 112A STREET NW","assessed_value":507500},{"address":"6454.0 178 STREET NW","assessed_value":158500},{"address":"15403.0 67 STREET NW","assessed_value":464500},{"address":"965.0 YOUVILLE DRIVE WEST NW","assessed_value":347000},{"address":"7616.0 15 AVENUE NW","assessed_value":483000},{"address":"10025.0 113 STREET NW","assessed_value":178000},{"address":"412.0 JENNINGS BAY NW","assessed_value":554500},{"address":"2520.0 52 STREET NW","assessed_value":181000},{"address":"322.0 JILLINGS CRESCENT NW","assessed_value":439500},{"address":"14424.0 88A STREET NW","assessed_value":89000},{"address":"6024.0 37B AVENUE NW","assessed_value":473500},{"address":"10130.0 114 STREET NW","assessed_value":247000},{"address":"926.0 BLACKETT WYND SW","assessed_value":538000},{"address":"9023.0 105A AVENUE NW","assessed_value":88000},{"address":"nan nan","assessed_value":5000},{"address":"18944.0 91 AVENUE NW","assessed_value":493500},{"address":"10333.0 121 STREET NW","assessed_value":160000},{"address":"287.0 RIVER POINT NW","assessed_value":298500},{"address":"nan nan","assessed_value":9500},{"address":"935.0 116 STREET NW","assessed_value":464000},{"address":"8842.0 189 STREET NW","assessed_value":284500},{"address":"7327.0 118 STREET NW","assessed_value":450000},{"address":"nan nan","assessed_value":5500},{"address":"10155.0 116 STREET NW","assessed_value":143000},{"address":"10915.0 21 AVENUE NW","assessed_value":188000},{"address":"139.0 ELSINORE CLOSE NW","assessed_value":579500},{"address":"10125.0 109 STREET NW","assessed_value":120500},{"address":"10883.0 SASKATCHEWAN DRIVE NW","assessed_value":139000},{"address":"6436.0 157 AVENUE NW","assessed_value":525000},{"address":"517.0 HEFFERNAN DRIVE NW","assessed_value":924000},{"address":"10030.0 114 STREET NW","assessed_value":93500},{"address":"215.0 RUNNING CREEK LANE NW","assessed_value":579000},{"address":"9375.0 172 STREET NW","assessed_value":288500},{"address":"9809.0 110 STREET NW","assessed_value":261500},{"address":"15437.0 55 STREET NW","assessed_value":451000},{"address":"15915.0 59 STREET NW","assessed_value":430500},{"address":"10883.0 SASKATCHEWAN DRIVE NW","assessed_value":155500},{"address":"2911.0 36 STREET NW","assessed_value":245500},{"address":"11511.0 12 AVENUE NW","assessed_value":514000},{"address":"15110.0 103 AVENUE NW","assessed_value":317000},{"address":"11503.0 100 AVENUE NW","assessed_value":296000},{"address":"10636.0 120 STREET NW","assessed_value":156500},{"address":"15143.0 22 STREET NW","assessed_value":379500},{"address":"4320.0 28 STREET NW","assessed_value":468500},{"address":"320.0 WOLF RIDGE POINT NW","assessed_value":800500},{"address":"8745.0 165 STREET NW","assessed_value":97000},{"address":"10125.0 89 STREET NW","assessed_value":635000},{"address":"1568.0 54 STREET NW","assessed_value":231000},{"address":"11149.0 96 STREET NW","assessed_value":237000},{"address":"17923.0 104 STREET NW","assessed_value":11000},{"address":"9375.0 172 STREET NW","assessed_value":288500},{"address":"3031.0 36A AVENUE NW","assessed_value":514500},{"address":"15803.0 58 STREET NW","assessed_value":684000},{"address":"13910.0 STONY PLAIN ROAD NW","assessed_value":154000},{"address":"151.0 CORNELL COURT NW","assessed_value":140000},{"address":"13829.0 131A AVENUE NW","assessed_value":527500},{"address":"14420.0 88A STREET NW","assessed_value":129000},{"address":"nan nan","assessed_value":11500},{"address":"10883.0 SASKATCHEWAN DRIVE NW","assessed_value":141000},{"address":"10333.0 121 STREET NW","assessed_value":105500},{"address":"4606.0 151 STREET NW","assessed_value":370000},{"address":"3311.0 58 STREET NW","assessed_value":254000},{"address":"11241.0 96 STREET NW","assessed_value":267500},{"address":"7840.0 JASPER AVENUE NW","assessed_value":513000},{"address":"nan nan","assessed_value":5500},{"address":"10883.0 SASKATCHEWAN DRIVE NW","assessed_value":177500},{"address":"5748.0 162 AVENUE NW","assessed_value":379000},{"address":"3520.0 60 STREET NW","assessed_value":240000},{"address":"12944.0 122B AVENUE NW","assessed_value":90500},{"address":"617.0 FOREST LANE NW","assessed_value":565500},{"address":"11202.0 96 STREET NW","assessed_value":215000},{"address":"14839.0 103 AVENUE NW","assessed_value":483000},{"address":"904.0 JORDAN CRESCENT NW","assessed_value":471000},{"address":"324.0 WILKIN WYND NW","assessed_value":915500},{"address":"1306.0 CARTER CREST ROAD NW","assessed_value":625500},{"address":"19056.0 70 AVENUE NW","assessed_value":414500},{"address":"812.0 RYAN PLACE NW","assessed_value":599000},{"address":"11435.0 76 AVENUE NW","assessed_value":581500},{"address":"9916.0 113 STREET NW","assessed_value":154000},{"address":"4220.0 47 STREET NW","assessed_value":710000},{"address":"303.0 TWIN BROOKS DRIVE NW","assessed_value":366500},{"address":"18839.0 90 AVENUE NW","assessed_value":489500},{"address":"10333.0 121 STREET NW","assessed_value":164500},{"address":"nan nan","assessed_value":8000},{"address":"14524.0 115 AVENUE NW","assessed_value":941000},{"address":"15407.0 68 STREET NW","assessed_value":451000},{"address":"5730.0 RIVERBEND ROAD NW","assessed_value":126500},{"address":"15432.0 69 STREET NW","assessed_value":429000},{"address":"8915.0 147 AVENUE NW","assessed_value":90500},{"address":"11623.0 106 AVENUE NW","assessed_value":14500},{"address":"1038.0 CARTER CREST ROAD NW","assessed_value":387000},{"address":"2804.0 37 STREET NW","assessed_value":403000},{"address":"16242.0 57 STREET NW","assessed_value":323000},{"address":"1214.0 115A STREET NW","assessed_value":527500},{"address":"911.0 114A STREET NW","assessed_value":489500},{"address":"15443.0 65 STREET NW","assessed_value":504000},{"address":"2415.0 133 AVENUE NW","assessed_value":347000},{"address":"327.0 SOUTHRIDGE NW","assessed_value":152000},{"address":"10270.0 87 STREET NW","assessed_value":757500},{"address":"8604.0 GATEWAY BOULEVARD NW","assessed_value":118000},{"address":"705.0 BLACKWOOD CRESCENT SW","assessed_value":499500},{"address":"4104.0 29 AVENUE NW","assessed_value":692000},{"address":"9138.0 83 AVENUE NW","assessed_value":212000},{"address":"1113.0 HERMITAGE ROAD NW","assessed_value":404500},{"address":"15508.0 63 STREET NW","assessed_value":492000},{"address":"8745.0 165 STREET NW","assessed_value":99000},{"address":"8819.0 147 AVENUE NW","assessed_value":108500},{"address":"27.0 MEADOWLARK VILLAGE NW","assessed_value":193000},{"address":"11133.0 97 STREET NW","assessed_value":262000},{"address":"14407.0 130 STREET NW","assessed_value":485000},{"address":"16517.0 100 STREET NW","assessed_value":190500},{"address":"15611.0 59 STREET NW","assessed_value":696500},{"address":"515.0 TWIN BROOKS BAY NW","assessed_value":927500},{"address":"10636.0 120 STREET NW","assessed_value":173500},{"address":"13910.0 STONY PLAIN ROAD NW","assessed_value":99500},{"address":"1606.0 WELBOURN COVE NW","assessed_value":529000},{"address":"10935.0 81 STREET NW","assessed_value":518500},{"address":"5211.0 187 STREET NW","assessed_value":492500},{"address":"9505.0 176 STREET NW","assessed_value":244000},{"address":"3307.0 116A AVENUE NW","assessed_value":128000},{"address":"9023.0 105A AVENUE NW","assessed_value":74500},{"address":"8745.0 165 STREET NW","assessed_value":113500},{"address":"4950.0 137 AVENUE NW","assessed_value":34360000},{"address":"11144.0 95A STREET NW","assessed_value":186000},{"address":"10335.0 118 STREET NW","assessed_value":113000},{"address":"10023.0 164 STREET NW","assessed_value":88000},{"address":"15245.0 54 STREET NW","assessed_value":398000},{"address":"10851.0 92 STREET NW","assessed_value":283500},{"address":"12934.0 122B AVENUE NW","assessed_value":84500},{"address":"5516.0 152B AVENUE NW","assessed_value":400000},{"address":"14420.0 88A STREET NW","assessed_value":118500},{"address":"13590.0 38 STREET NW","assessed_value":118500},{"address":"5908.0 152B AVENUE NW","assessed_value":486000},{"address":"13910.0 STONY PLAIN ROAD NW","assessed_value":118500},{"address":"69.0 ORMSBY ROAD WEST NW","assessed_value":544000},{"address":"9131.0 99 STREET NW","assessed_value":276500},{"address":"nan nan","assessed_value":7500},{"address":"3308.0 113 AVENUE NW","assessed_value":113000},{"address":"303.0 TWIN BROOKS DRIVE NW","assessed_value":317000},{"address":"3726.0 131A AVENUE NW","assessed_value":400500},{"address":"708.0 BLACKWOOD CRESCENT SW","assessed_value":547000},{"address":"2843.0 44 AVENUE NW","assessed_value":560000},{"address":"131.0 COUNTRY CLUB PLACE NW","assessed_value":651500},{"address":"11804.0 49 STREET NW","assessed_value":55500},{"address":"3308.0 184 STREET NW","assessed_value":13000},{"address":"15815.0 69 STREET NW","assessed_value":337500},{"address":"12241.0 129A STREET NW","assessed_value":89000},{"address":"16211.0 57 STREET NW","assessed_value":344500},{"address":"12915.0 146 AVENUE NW","assessed_value":422500},{"address":"11508.0 95A STREET NW","assessed_value":269500},{"address":"6119.0 159 AVENUE NW","assessed_value":470000},{"address":"10035.0 164 STREET NW","assessed_value":90500},{"address":"11230.0 96 STREET NW","assessed_value":201000},{"address":"8728.0 GATEWAY BOULEVARD NW","assessed_value":245500},{"address":"nan nan","assessed_value":11500},{"address":"11217.0 103 AVENUE NW","assessed_value":136000},{"address":"1535.0 80A STREET NW","assessed_value":406500},{"address":"5065.0 31 AVENUE NW","assessed_value":135000},{"address":"1024.0 110B STREET NW","assessed_value":587500},{"address":"9245.0 JASPER AVENUE NW","assessed_value":4232000},{"address":"13830.0 55A STREET NW","assessed_value":396000},{"address":"10864.0 93 STREET NW","assessed_value":208500},{"address":"12936.0 159 AVENUE NW","assessed_value":500500},{"address":"15499.0 CASTLE DOWNS ROAD NW","assessed_value":201000},{"address":"1420.0 49A STREET NW","assessed_value":401000},{"address":"1920.0 152 AVENUE NW","assessed_value":368000},{"address":"1640.0 JAMHA ROAD NW","assessed_value":273500},{"address":"4227.0 47 STREET NW","assessed_value":625000},{"address":"3225.0 36 AVENUE NW","assessed_value":561500},{"address":"12247.0 60 STREET NW","assessed_value":379500},{"address":"415.0 HOLLICK-KENYON ROAD NW","assessed_value":469000},{"address":"5065.0 31 AVENUE NW","assessed_value":134500},{"address":"1724.0 KENSIT PLACE NW","assessed_value":430000},{"address":"1219.0 LAKEWOOD ROAD NORTH NW","assessed_value":429000},{"address":"804.0 115A STREET NW","assessed_value":495000},{"address":"11343.0 93 STREET NW","assessed_value":252500},{"address":"12016.0 94 STREET NW","assessed_value":241000},{"address":"151.0 COUNTRY CLUB PLACE NW","assessed_value":504500},{"address":"838.0 112B STREET NW","assessed_value":495500},{"address":"10649.0 67 AVENUE NW","assessed_value":438500},{"address":"973.0 YOUVILLE DRIVE WEST NW","assessed_value":308000},{"address":"741.0 REVELL CRESCENT NW","assessed_value":774500},{"address":"4204.0 48 STREET NW","assessed_value":646000},{"address":"15812.0 58 STREET NW","assessed_value":466000},{"address":"7503.0 157 AVENUE NW","assessed_value":551000},{"address":"1326.0 POTTER GREENS DRIVE NW","assessed_value":543000},{"address":"238.0 COUNTRY CLUB POINT NW","assessed_value":542000},{"address":"3772.0 30 STREET NW","assessed_value":486000},{"address":"6514.0 158 AVENUE NW","assessed_value":309000},{"address":"9023.0 105A AVENUE NW","assessed_value":71500},{"address":"11417.0 93 STREET NW","assessed_value":343500},{"address":"10145.0 109 STREET NW","assessed_value":119500},{"address":"308.0 JACKSON ROAD NW","assessed_value":287500},{"address":"12273.0 129A STREET NW","assessed_value":90500},{"address":"5204.0 25 AVENUE NW","assessed_value":220000},{"address":"12319.0 JASPER AVENUE NW","assessed_value":309000},{"address":"4103.0 44 STREET NW","assessed_value":65000},{"address":"5005.0 31 AVENUE NW","assessed_value":133000},{"address":"13837.0 55A STREET NW","assessed_value":388500},{"address":"188.0 GARIEPY CRESCENT NW","assessed_value":462000},{"address":"9418.0 110 AVENUE NW","assessed_value":322500},{"address":"11233.0 93 STREET NW","assessed_value":260500},{"address":"11323.0 10 AVENUE NW","assessed_value":629500},{"address":"10407.0 31 AVENUE NW","assessed_value":479000},{"address":"3645.0 145 AVENUE NW","assessed_value":234000},{"address":"11442.0 92 STREET NW","assessed_value":320500},{"address":"911.0 BLACKETT WYND SW","assessed_value":844000},{"address":"9039.0 176 STREET NW","assessed_value":501000},{"address":"1143.0 116 STREET NW","assessed_value":538500},{"address":"824.0 REID PLACE NW","assessed_value":549000},{"address":"9908.0 114 STREET NW","assessed_value":239000},{"address":"1178.0 KANE WYND NW","assessed_value":427500},{"address":"3512.0 44 AVENUE NW","assessed_value":334500},{"address":"nan nan","assessed_value":11500},{"address":"11214.0 97 STREET NW","assessed_value":284500},{"address":"11437.0 95A STREET NW","assessed_value":181000},{"address":"nan nan","assessed_value":11500},{"address":"3151.0 36 AVENUE NW","assessed_value":456000},{"address":"369.0 REEVES WAY NW","assessed_value":558500},{"address":"216.0 RUNNING CREEK LANE NW","assessed_value":742000},{"address":"15324.0 72 STREET NW","assessed_value":447500},{"address":"nan nan","assessed_value":8000},{"address":"18367.0 77 AVENUE NW","assessed_value":396500},{"address":"16203.0 18 STREET NW","assessed_value":500},{"address":"603.0 YOUVILLE DRIVE EAST NW","assessed_value":235500},{"address":"12916.0 147 AVENUE NW","assessed_value":422000},{"address":"410.0 KULAWY GATE NW","assessed_value":820500},{"address":"4552.0 30 AVENUE NW","assessed_value":385000},{"address":"nan nan","assessed_value":11500},{"address":"17519.0 98A AVENUE NW","assessed_value":171500},{"address":"9710.0 105 STREET NW","assessed_value":108500},{"address":"7327.0 118 STREET NW","assessed_value":349500},{"address":"11220.0 93 STREET NW","assessed_value":292500},{"address":"10155.0 116 STREET NW","assessed_value":140000},{"address":"1018.0 CARTER CREST ROAD NW","assessed_value":372500},{"address":"8104.0 182 STREET NW","assessed_value":106500},{"address":"4624.0 151 STREET NW","assessed_value":357500},{"address":"15908.0 128 STREET NW","assessed_value":428000},{"address":"10150.0 117 STREET NW","assessed_value":112500},{"address":"1147.0 116 STREET NW","assessed_value":606000},{"address":"6006.0 162B AVENUE NW","assessed_value":448000},{"address":"1315.0 CARTER CREST ROAD NW","assessed_value":527000},{"address":"3761.0 30 STREET NW","assessed_value":434000},{"address":"10883.0 SASKATCHEWAN DRIVE NW","assessed_value":117000},{"address":"770.0 JOHNS ROAD NW","assessed_value":424000},{"address":"9921.0 104 STREET NW","assessed_value":200000},{"address":"328.0 HUNTINGTON HILL NW","assessed_value":156500},{"address":"12501.0 104 AVENUE NW","assessed_value":17000},{"address":"4831.0 11A AVENUE NW","assessed_value":410500},{"address":"169.0 OSLAND DRIVE NW","assessed_value":2000},{"address":"16104.0 121A AVENUE NW","assessed_value":73000},{"address":"4807.0 40 AVENUE NW","assessed_value":531500},{"address":"13407.0 22 STREET NW","assessed_value":1000},{"address":"7259.0 190A STREET NW","assessed_value":418500},{"address":"1608.0 JAMHA ROAD NW","assessed_value":246000},{"address":"1402.0 FALCONER ROAD NW","assessed_value":553000},{"address":"1065.0 POTTER GREENS DRIVE NW","assessed_value":466500},{"address":"944.0 BURLEY DRIVE NW","assessed_value":638500},{"address":"5005.0 31 AVENUE NW","assessed_value":136000},{"address":"4812.0 13 AVENUE NW","assessed_value":415000},{"address":"10852.0 92 STREET NW","assessed_value":161500},{"address":"9923.0 103 STREET NW","assessed_value":232000},{"address":"14311.0 129 STREET NW","assessed_value":440000},{"address":"919.0 BURLEY DRIVE NW","assessed_value":643000},{"address":"1088.0 JONES CRESCENT NW","assessed_value":459500},{"address":"15907.0 132 STREET NW","assessed_value":628500},{"address":"519.0 BURTON CLOSE NW","assessed_value":629000},{"address":"15499.0 CASTLE DOWNS ROAD NW","assessed_value":147000},{"address":"269.0 KIRKWOOD AVENUE NW","assessed_value":343500},{"address":"6440.0 178 STREET NW","assessed_value":155000},{"address":"10868.0 92 STREET NW","assessed_value":156500},{"address":"15608.0 132 STREET NW","assessed_value":499500},{"address":"509.0 HEFFERNAN DRIVE NW","assessed_value":981500},{"address":"nan nan","assessed_value":9500},{"address":"nan nan","assessed_value":9500},{"address":"5747.0 161 AVENUE NW","assessed_value":500000},{"address":"924.0 ABBOTTSFIELD ROAD NW","assessed_value":145500},{"address":"5065.0 31 AVENUE NW","assessed_value":159000},{"address":"8230.0 112 AVENUE NW","assessed_value":477000},{"address":"14920.0 56 AVENUE NW","assessed_value":155500},{"address":"991.0 BURROWS CRESCENT NW","assessed_value":637500},{"address":"nan nan","assessed_value":8000},{"address":"3.0 MEADOWLARK VILLAGE NW","assessed_value":205500},{"address":"9809.0 110 STREET NW","assessed_value":186000},{"address":"nan nan","assessed_value":8000},{"address":"10175.0 109 STREET NW","assessed_value":119000},{"address":"11203.0 11 AVENUE NW","assessed_value":547000},{"address":"103.0 CORMACK CRESCENT NW","assessed_value":733500},{"address":"nan nan","assessed_value":10500},{"address":"602.0 SOUTHRIDGE NW","assessed_value":163000},{"address":"18643.0 72 AVENUE NW","assessed_value":429500},{"address":"11332.0 173 AVENUE NW","assessed_value":476000},{"address":"1199.0 LAKEWOOD ROAD NORTH NW","assessed_value":389500},{"address":"914.0 BURLEY DRIVE NW","assessed_value":754000},{"address":"17703.0 64 AVENUE NW","assessed_value":252000},{"address":"731.0 HENDRA CRESCENT NW","assessed_value":575500},{"address":"12226.0 65 STREET NW","assessed_value":245000},{"address":"9520.0 174 STREET NW","assessed_value":271500},{"address":"9710.0 105 STREET NW","assessed_value":102500},{"address":"379.0 HOLLICK-KENYON ROAD NW","assessed_value":532000},{"address":"11942.0 122 STREET NW","assessed_value":327000},{"address":"11426.0 96 STREET NW","assessed_value":434000},{"address":"5637.0 92 STREET NW","assessed_value":2713000},{"address":"10045.0 118 STREET NW","assessed_value":311000},{"address":"11319.0 96 STREET NW","assessed_value":134000},{"address":"420.0 OSBORNE CRESCENT NW","assessed_value":806500},{"address":"17511.0 98A AVENUE NW","assessed_value":162000},{"address":"2809.0 44B AVENUE NW","assessed_value":576500},{"address":"11219.0 97 STREET NW","assessed_value":309500},{"address":"406.0 JENNINGS BAY NW","assessed_value":441000},{"address":"nan nan","assessed_value":11500},{"address":"932.0 ORMSBY WYND NW","assessed_value":477500},{"address":"11322.0 96 STREET NW","assessed_value":216500},{"address":"5125.0 RIVERBEND ROAD NW","assessed_value":119500},{"address":"532.0 BUCHANAN ROAD NW","assessed_value":576000},{"address":"9375.0 172 STREET NW","assessed_value":313000},{"address":"11648.0 92 STREET NW","assessed_value":275000},{"address":"8604.0 GATEWAY BOULEVARD NW","assessed_value":113500},{"address":"1014.0 BUCHANAN PLACE NW","assessed_value":729500},{"address":"11331.0 10 AVENUE NW","assessed_value":573500},{"address":"8504.0 128 AVENUE NW","assessed_value":260500},{"address":"12810.0 143A AVENUE NW","assessed_value":381500},{"address":"nan nan","assessed_value":8000},{"address":"824.0 112A STREET NW","assessed_value":508000},{"address":"8104.0 182 STREET NW","assessed_value":101000},{"address":"1130.0 FALCONER ROAD NW","assessed_value":415000},{"address":"508.0 KULAWY POINT NW","assessed_value":602500},{"address":"5125.0 RIVERBEND ROAD NW","assessed_value":97000},{"address":"9314.0 110 AVENUE NW","assessed_value":232500},{"address":"14803.0 34 STREET NW","assessed_value":208000},{"address":"901.0 ABBOTTSFIELD ROAD NW","assessed_value":149500},{"address":"1386.0 JEFFERYS CRESCENT NW","assessed_value":361000},{"address":"nan nan","assessed_value":8000},{"address":"906.0 ORMSBY WYND NW","assessed_value":522000},{"address":"3386.0 116A AVENUE NW","assessed_value":133500},{"address":"117.0 FARNELL CLOSE NW","assessed_value":616000},{"address":"355.0 HOLLICK-KENYON ROAD NW","assessed_value":598500},{"address":"10636.0 120 STREET NW","assessed_value":153500},{"address":"12205.0 111 AVENUE NW","assessed_value":201500},{"address":"1130.0 FALCONER ROAD NW","assessed_value":390000},{"address":"15420.0 74 STREET NW","assessed_value":490000},{"address":"950.0 ORMSBY WYND NW","assessed_value":546500},{"address":"188.0 SOUTHRIDGE NW","assessed_value":149000},{"address":"1146.0 KANE WYND NW","assessed_value":424500},{"address":"8735.0 165 STREET NW","assessed_value":127500},{"address":"43.0 CORMACK CRESCENT NW","assessed_value":881000},{"address":"3308.0 113 AVENUE NW","assessed_value":113000},{"address":"379.0 HUNTINGTON HILL NW","assessed_value":163500},{"address":"10045.0 118 STREET NW","assessed_value":334500},{"address":"5065.0 31 AVENUE NW","assessed_value":129000},{"address":"9010.0 106 AVENUE NW","assessed_value":170500},{"address":"501.0 YOUVILLE DRIVE EAST NW","assessed_value":265500},{"address":"8315.0 105 STREET NW","assessed_value":165500},{"address":"9809.0 110 STREET NW","assessed_value":259000},{"address":"501.0 YOUVILLE DRIVE EAST NW","assessed_value":268000},{"address":"nan nan","assessed_value":9500},{"address":"11323.0 97 STREET NW","assessed_value":227500},{"address":"103.0 BAINBRIDGE CRESCENT NW","assessed_value":442500},{"address":"10180.0 90 STREET NW","assessed_value":578500},{"address":"21.0 MEADOWLARK VILLAGE NW","assessed_value":189500},{"address":"3520.0 60 STREET NW","assessed_value":230500},{"address":"369.0 JILLINGS CRESCENT NW","assessed_value":490500},{"address":"17511.0 98A AVENUE NW","assessed_value":155000},{"address":"107.0 MAYLIEWAN CLOSE NW","assessed_value":425500},{"address":"3811.0 85 STREET NW","assessed_value":239500},{"address":"8310.0 127 AVENUE NW","assessed_value":194500},{"address":"54.0 BLACKBURN DRIVE WEST SW","assessed_value":159500},{"address":"15515.0 74 STREET NW","assessed_value":530000},{"address":"16123.0 57 STREET NW","assessed_value":506000},{"address":"4.0 MAYLIEWAN PLACE NW","assessed_value":467500},{"address":"nan nan","assessed_value":14500},{"address":"11023.0 95 STREET NW","assessed_value":212000},{"address":"9012.0 190 STREET NW","assessed_value":479000},{"address":"14932.0 56 AVENUE NW","assessed_value":155500},{"address":"77.0 CORMACK CRESCENT NW","assessed_value":651500},{"address":"5204.0 25 AVENUE NW","assessed_value":191500},{"address":"8903.0 106A AVENUE NW","assessed_value":169500},{"address":"621.0 SOUTHRIDGE NW","assessed_value":144500},{"address":"10710.0 116 STREET NW","assessed_value":148500},{"address":"nan nan","assessed_value":8000},{"address":"85.0 OZERNA ROAD NW","assessed_value":486500},{"address":"4564.0 30 AVENUE NW","assessed_value":426000},{"address":"13720.0 131B AVENUE NW","assessed_value":403000},{"address":"16206.0 55A STREET NW","assessed_value":356000},{"address":"560.0 BUCHANAN ROAD NW","assessed_value":621500},{"address":"6103.0 35A AVENUE NW","assessed_value":114500},{"address":"11341.0 95A STREET NW","assessed_value":230500},{"address":"1428.0 HERRING-COOPER WAY NW","assessed_value":918000},{"address":"8034.0 17A AVENUE NW","assessed_value":389500},{"address":"17.0 JACKSON ROAD NW","assessed_value":269500},{"address":"10848.0 25 AVENUE NW","assessed_value":287500},{"address":"15711.0 59 STREET NW","assessed_value":22500},{"address":"9111.0 108A AVENUE NW","assessed_value":918500},{"address":"17107.0 91 STREET NW","assessed_value":389500},{"address":"11804.0 49 STREET NW","assessed_value":62500},{"address":"500.0 MANNING CROSSING NW","assessed_value":11054000},{"address":"1646.0 WELBOURN COVE NW","assessed_value":580000},{"address":"118.0 FARNELL CLOSE NW","assessed_value":594500},{"address":"13120.0 39 STREET NW","assessed_value":413500},{"address":"11020.0 19 AVENUE NW","assessed_value":162500},{"address":"1390.0 JEFFERYS CRESCENT NW","assessed_value":419000},{"address":"13756.0 131B AVENUE NW","assessed_value":470500},{"address":"13217.0 155 AVENUE NW","assessed_value":284000},{"address":"10194.0 88 STREET NW","assessed_value":561000},{"address":"15807.0 63 STREET NW","assessed_value":452000},{"address":"10101.0 SASKATCHEWAN DRIVE NW","assessed_value":116500},{"address":"11830.0 102 STREET NW","assessed_value":1941500},{"address":"10030.0 114 STREET NW","assessed_value":158500},{"address":"15308.0 59 STREET NW","assessed_value":491000},{"address":"310.0 BUCHANAN WAY NW","assessed_value":728500},{"address":"18827.0 90 AVENUE NW","assessed_value":453500},{"address":"11205.0 96 STREET NW","assessed_value":378000},{"address":"11322.0 173 AVENUE NW","assessed_value":460000},{"address":"206.0 COUNTRY CLUB POINT NW","assessed_value":576000},{"address":"5730.0 RIVERBEND ROAD NW","assessed_value":144500},{"address":"11645.0 101 STREET NW","assessed_value":246500},{"address":"10502.0 107 AVENUE NW","assessed_value":322500},{"address":"6212.0 187B STREET NW","assessed_value":521000},{"address":"501.0 YOUVILLE DRIVE EAST NW","assessed_value":278500},{"address":"13910.0 STONY PLAIN ROAD NW","assessed_value":163500},{"address":"nan nan","assessed_value":8000},{"address":"9603.0 114 AVENUE NW","assessed_value":303500},{"address":"12216.0 129 STREET NW","assessed_value":89000},{"address":"831.0 WHISTON BAY NW","assessed_value":628000},{"address":"5730.0 RIVERBEND ROAD NW","assessed_value":127500},{"address":"10333.0 121 STREET NW","assessed_value":101000},{"address":"nan nan","assessed_value":7500},{"address":"9930.0 BELLAMY HILL NW","assessed_value":139000},{"address":"nan nan","assessed_value":11500},{"address":"468.0 ORMSBY ROAD WEST NW","assessed_value":558500},{"address":"8315.0 105 STREET NW","assessed_value":234000},{"address":"5323.0 156 AVENUE NW","assessed_value":409500},{"address":"13716.0 131 AVENUE NW","assessed_value":443000},{"address":"1217.0 JOYCE CRESCENT NW","assessed_value":460000},{"address":"11650.0 79 AVENUE NW","assessed_value":350500},{"address":"135.0 RIVER POINT NW","assessed_value":320500},{"address":"711.0 BLACKWOOD CRESCENT SW","assessed_value":533500},{"address":"9555.0 118 AVENUE NW","assessed_value":646000},{"address":"11612.0 97 STREET NW","assessed_value":427000},{"address":"129.0 IRONWOOD PLACE NW","assessed_value":533500},{"address":"1214.0 WERSHOF ROAD NW","assessed_value":18000},{"address":"9923.0 103 STREET NW","assessed_value":245000},{"address":"10112.0 175 AVENUE NW","assessed_value":614500},{"address":"323.0 BUCHANAN WAY NW","assessed_value":591000},{"address":"3528.0 147A AVENUE NW","assessed_value":393000},{"address":"13910.0 STONY PLAIN ROAD NW","assessed_value":123500},{"address":"108.0 ROCHE CRESCENT NW","assessed_value":799500},{"address":"3410.0 16A AVENUE NW","assessed_value":242500},{"address":"1303.0 115 STREET NW","assessed_value":34500},{"address":"9710.0 105 STREET NW","assessed_value":98000},{"address":"456.0 BUCHANAN ROAD NW","assessed_value":662000},{"address":"237.0 WOODVALE ROAD WEST NW","assessed_value":103000},{"address":"10333.0 121 STREET NW","assessed_value":128000},{"address":"727.0 BUTTERWORTH DRIVE NW","assessed_value":837000},{"address":"1033.0 YOUVILLE DRIVE WEST NW","assessed_value":227000},{"address":"11227.0 101 STREET NW","assessed_value":232000},{"address":"12912.0 157 AVENUE NW","assessed_value":521500},{"address":"13910.0 STONY PLAIN ROAD NW","assessed_value":133000},{"address":"1604.0 80A STREET NW","assessed_value":343500},{"address":"1148.0 116 STREET NW","assessed_value":589000},{"address":"1568.0 MILL WOODS ROAD EAST NW","assessed_value":215500},{"address":"10101.0 SASKATCHEWAN DRIVE NW","assessed_value":86500},{"address":"915.0 YOUVILLE DRIVE WEST NW","assessed_value":332500},{"address":"16209.0 56 STREET NW","assessed_value":384000},{"address":"10838.0 93 STREET NW","assessed_value":271500},{"address":"3675.0 33 STREET NW","assessed_value":502500},{"address":"15527.0 67 STREET NW","assessed_value":492500},{"address":"10914.0 92 STREET NW","assessed_value":169500},{"address":"117.0 CORNELL COURT NW","assessed_value":149500},{"address":"11642.0 95 STREET NW","assessed_value":248000},{"address":"10150.0 117 STREET NW","assessed_value":141500},{"address":"10155.0 116 STREET NW","assessed_value":100500},{"address":"10292.0 89 STREET NW","assessed_value":13500},{"address":"9930.0 BELLAMY HILL NW","assessed_value":157500},{"address":"10636.0 120 STREET NW","assessed_value":184000},{"address":"9.0 MEADOWLARK VILLAGE NW","assessed_value":170500},{"address":"524.0 RIVER POINT NW","assessed_value":291500},{"address":"9760.0 176 STREET NW","assessed_value":136000},{"address":"9028.0 JASPER AVENUE NW","assessed_value":72000},{"address":"10011.0 116 STREET NW","assessed_value":147000},{"address":"11207.0 93 STREET NW","assessed_value":212000},{"address":"nan nan","assessed_value":5000},{"address":"9704.0 114 AVENUE NW","assessed_value":1008500},{"address":"769.0 WELLS WYND NW","assessed_value":547000},{"address":"4451.0 29 STREET NW","assessed_value":465000},{"address":"16128.0 57A STREET NW","assessed_value":518500},{"address":"4.0 MEADOWLARK VILLAGE NW","assessed_value":193000},{"address":"9422.0 110 AVENUE NW","assessed_value":295500},{"address":"11422.0 93 STREET NW","assessed_value":320000},{"address":"8803.0 101A AVENUE NW","assessed_value":382500},{"address":"232.0 KIRKWOOD AVENUE NW","assessed_value":392000},{"address":"903.0 109 STREET NW","assessed_value":302000},{"address":"4717.0 25 AVENUE NW","assessed_value":352500},{"address":"11528.0 95A STREET NW","assessed_value":261500},{"address":"1643.0 WELBOURN COVE NW","assessed_value":514500},{"address":"10333.0 121 STREET NW","assessed_value":119000},{"address":"10311.0 178 AVENUE NW","assessed_value":453500},{"address":"10636.0 120 STREET NW","assessed_value":140000},{"address":"nan nan","assessed_value":7500},{"address":"10883.0 SASKATCHEWAN DRIVE NW","assessed_value":151500},{"address":"1304.0 CARTER CREST ROAD NW","assessed_value":565500},{"address":"8328.0 JASPER AVENUE NW","assessed_value":1120000},{"address":"nan nan","assessed_value":500},{"address":"6204.0 162B AVENUE NW","assessed_value":629500},{"address":"12307.0 48 STREET NW","assessed_value":503000},{"address":"5569.0 138A AVENUE NW","assessed_value":415000},{"address":"nan nan","assessed_value":500},{"address":"14424.0 88A STREET NW","assessed_value":110500},{"address":"15415.0 64 STREET NW","assessed_value":457500},{"address":"9019.0 95 STREET NW","assessed_value":387000},{"address":"5767.0 161 AVENUE NW","assessed_value":408500},{"address":"9923.0 103 STREET NW","assessed_value":238500},{"address":"nan nan","assessed_value":9500},{"address":"17011.0 90A STREET NW","assessed_value":391500},{"address":"1461.0 JEFFERYS CRESCENT NW","assessed_value":431500},{"address":"3811.0 85 STREET NW","assessed_value":208500},{"address":"12811.0 147 AVENUE NW","assessed_value":426000},{"address":"nan nan","assessed_value":11500},{"address":"7704.0 183B STREET NW","assessed_value":386500},{"address":"8220.0 JASPER AVENUE NW","assessed_value":129500},{"address":"10121.0 88 STREET NW","assessed_value":589500},{"address":"7315.0 81 AVENUE NW","assessed_value":303000},{"address":"3166.0 36 AVENUE NW","assessed_value":492500},{"address":"4436.0 30 STREET NW","assessed_value":490000},{"address":"1204.0 WERSHOF ROAD NW","assessed_value":544500},{"address":"nan nan","assessed_value":10500},{"address":"6210.0 188 STREET NW","assessed_value":1828500},{"address":"11412.0 12 AVENUE NW","assessed_value":1034500},{"address":"11726.0 95A STREET NW","assessed_value":271500},{"address":"9404.0 SCONA ROAD NW","assessed_value":2000},{"address":"nan nan","assessed_value":14500},{"address":"8153.0 99 STREET NW","assessed_value":306000},{"address":"10305.0 154 STREET NW","assessed_value":283000},{"address":"255.0 RIVER POINT NW","assessed_value":297500},{"address":"5204.0 25 AVENUE NW","assessed_value":189000},{"address":"728.0 BLACKWOOD CRESCENT SW","assessed_value":497000},{"address":"10162.0 92 STREET NW","assessed_value":477500},{"address":"11421.0 34 STREET NW","assessed_value":113500},{"address":"12840.0 147 AVENUE NW","assessed_value":391000},{"address":"17107.0 ANTHONY HENDAY DRIVE NW","assessed_value":211500},{"address":"324.0 SOUTHRIDGE NW","assessed_value":149000},{"address":"1211.0 115A STREET NW","assessed_value":1062000},{"address":"5755.0 189 STREET NW","assessed_value":291000},{"address":"15499.0 CASTLE DOWNS ROAD NW","assessed_value":201000},{"address":"12704.0 133A AVENUE NW","assessed_value":87000},{"address":"13910.0 STONY PLAIN ROAD NW","assessed_value":135000},{"address":"9411.0 156 STREET NW","assessed_value":254000},{"address":"6508.0 154 AVENUE NW","assessed_value":495500},{"address":"29.0 MEADOWLARK VILLAGE NW","assessed_value":160000},{"address":"8812.0 188 STREET NW","assessed_value":454000},{"address":"10011.0 116 STREET NW","assessed_value":93500},{"address":"10160.0 116 STREET NW","assessed_value":150000},{"address":"17224.0 113 STREET NW","assessed_value":484500},{"address":"nan nan","assessed_value":5500},{"address":"7235.0 153A AVENUE NW","assessed_value":512000},{"address":"7327.0 118 STREET NW","assessed_value":332000},{"address":"16218.0 56 STREET NW","assessed_value":367500},{"address":"539.0 CARSE LANE NW","assessed_value":580500},{"address":"1645.0 WELBOURN COVE NW","assessed_value":517000},{"address":"9520.0 174 STREET NW","assessed_value":272000},{"address":"3936.0 131 AVENUE NW","assessed_value":390500},{"address":"8503.0 112 AVENUE NW","assessed_value":5500},{"address":"3414.0 GATEWAY BOULEVARD NW","assessed_value":14996500},{"address":"9023.0 105A AVENUE NW","assessed_value":74500},{"address":"6220.0 FULTON ROAD NW","assessed_value":312500},{"address":"4819.0 11A AVENUE NW","assessed_value":478500},{"address":"3308.0 113 AVENUE NW","assessed_value":113000},{"address":"7539.0 137A AVENUE NW","assessed_value":294500},{"address":"15711.0 67 STREET NW","assessed_value":409000},{"address":"12323.0 48 STREET NW","assessed_value":432000},{"address":"nan nan","assessed_value":11500},{"address":"10815.0 92 STREET NW","assessed_value":270000},{"address":"13107.0 155 AVENUE NW","assessed_value":583000},{"address":"7505.0 186A STREET NW","assessed_value":380000},{"address":"555.0 23 AVENUE NW","assessed_value":729000},{"address":"894.0 ABBOTTSFIELD ROAD NW","assessed_value":147000},{"address":"14823.0 RIVERBEND ROAD NW","assessed_value":207500},{"address":"13038.0 122B AVENUE NW","assessed_value":84500},{"address":"nan nan","assessed_value":5000},{"address":"3904.0 49 STREET NW","assessed_value":551000},{"address":"904.0 BURLEY DRIVE NW","assessed_value":1239500},{"address":"11242.0 10A AVENUE NW","assessed_value":583500},{"address":"9710.0 105 STREET NW","assessed_value":105000},{"address":"915.0 115 STREET NW","assessed_value":488500},{"address":"103.0 OSLAND DRIVE NW","assessed_value":734500},{"address":"164.0 KLARVATTEN ROAD NW","assessed_value":424000},{"address":"953.0 BURROWS CRESCENT NW","assessed_value":559000},{"address":"103.0 WEAVER DRIVE NW","assessed_value":862000},{"address":"296.0 SOUTHRIDGE NW","assessed_value":152000},{"address":"726.0 REVELL CRESCENT NW","assessed_value":655000},{"address":"3723.0 31A STREET NW","assessed_value":445000},{"address":"10011.0 116 STREET NW","assessed_value":85000},{"address":"5730.0 RIVERBEND ROAD NW","assessed_value":95500},{"address":"10883.0 SASKATCHEWAN DRIVE NW","assessed_value":145000},{"address":"19055.0 71 AVENUE NW","assessed_value":428000},{"address":"1107.0 112A STREET NW","assessed_value":531500},{"address":"9710.0 105 STREET NW","assessed_value":101000},{"address":"1008.0 CARTER CREST ROAD NW","assessed_value":343000},{"address":"12.0 MEADOWLARK VILLAGE NW","assessed_value":193000},{"address":"nan nan","assessed_value":10500},{"address":"353.0 SOUTHRIDGE NW","assessed_value":149000},{"address":"903.0 109 STREET NW","assessed_value":242500},{"address":"17226.0 113A STREET NW","assessed_value":457500},{"address":"9520.0 174 STREET NW","assessed_value":235500},{"address":"nan nan","assessed_value":8000},{"address":"903.0 109 STREET NW","assessed_value":346500},{"address":"12291.0 129A STREET NW","assessed_value":90500},{"address":"120.0 OSLAND DRIVE NW","assessed_value":48000},{"address":"1731.0 KENSIT PLACE NW","assessed_value":421500},{"address":"7124.0 106 STREET NW","assessed_value":275500},{"address":"9023.0 105A AVENUE NW","assessed_value":70500},{"address":"13910.0 STONY PLAIN ROAD NW","assessed_value":133000},{"address":"nan nan","assessed_value":5500},{"address":"13910.0 STONY PLAIN ROAD NW","assessed_value":123000},{"address":"112.0 FARNELL CLOSE NW","assessed_value":763000},{"address":"14819.0 RIVERBEND ROAD NW","assessed_value":184000},{"address":"10101.0 SASKATCHEWAN DRIVE NW","assessed_value":111500},{"address":"325.0 BERINGER CRESCENT NW","assessed_value":402000},{"address":"10333.0 121 STREET NW","assessed_value":162000},{"address":"3808.0 23 STREET NW","assessed_value":399000},{"address":"10130.0 114 STREET NW","assessed_value":220000},{"address":"15499.0 CASTLE DOWNS ROAD NW","assessed_value":237500},{"address":"226.0 HUNTINGTON HILL NW","assessed_value":158000},{"address":"1021.0 FALCONER ROAD NW","assessed_value":655000},{"address":"1036.0 110B STREET NW","assessed_value":482000},{"address":"8735.0 165 STREET NW","assessed_value":120000},{"address":"11229.0 8 AVENUE NW","assessed_value":431500},{"address":"9923.0 103 STREET NW","assessed_value":326500},{"address":"11105.0 98 AVENUE NW","assessed_value":461500},{"address":"16223.0 60 STREET NW","assessed_value":500500},{"address":"nan nan","assessed_value":8000},{"address":"8735.0 165 STREET NW","assessed_value":108000},{"address":"7636.0 15 AVENUE NW","assessed_value":496000},{"address":"168.0 ORMSBY ROAD EAST NW","assessed_value":437500},{"address":"319.0 CARMICHAEL WYND NW","assessed_value":0},{"address":"8811.0 106A AVENUE NW","assessed_value":162000},{"address":"11312.0 173 AVENUE NW","assessed_value":490000},{"address":"3219.0 37 AVENUE NW","assessed_value":472000},{"address":"781.0 JOHNS ROAD NW","assessed_value":488000},{"address":"5005.0 31 AVENUE NW","assessed_value":115500},{"address":"245.0 FERGUSON PLACE NW","assessed_value":551000},{"address":"10345.0 118 STREET NW","assessed_value":120000},{"address":"12944.0 52 STREET NW","assessed_value":370000},{"address":"nan nan","assessed_value":5500},{"address":"10011.0 116 STREET NW","assessed_value":99000},{"address":"501.0 YOUVILLE DRIVE EAST NW","assessed_value":256000},{"address":"319.0 HOLLICK-KENYON ROAD NW","assessed_value":510000},{"address":"7004.0 98 AVENUE NW","assessed_value":265000},{"address":"11302.0 97 STREET NW","assessed_value":202500},{"address":"10636.0 120 STREET NW","assessed_value":158500},{"address":"11512.0 94 STREET NW","assessed_value":244000},{"address":"10883.0 SASKATCHEWAN DRIVE NW","assessed_value":129500},{"address":"8735.0 165 STREET NW","assessed_value":94000},{"address":"8915.0 147 AVENUE NW","assessed_value":112500}]