[{"address":"13321.0 90 STREET NW","assessed_value":158500},{"address":"12307.0 107 STREET NW","assessed_value":242500},{"address":"16520.0 106 STREET NW","assessed_value":307000},{"address":"8807.0 130 AVENUE NW","assessed_value":242000},{"address":"9029.0 133 AVENUE NW","assessed_value":207500},{"address":"9907.0 165 AVENUE NW","assessed_value":327500},{"address":"15008.0 75 STREET NW","assessed_value":363500},{"address":"6408.0 146 AVENUE NW","assessed_value":343000},{"address":"11916.0 90 STREET NW","assessed_value":427000},{"address":"9140.0 144 AVENUE NW","assessed_value":109500},{"address":"9220.0 129B AVENUE NW","assessed_value":307000},{"address":"13803.0 73 STREET NW","assessed_value":352000},{"address":"13515.0 90 STREET NW","assessed_value":324000},{"address":"12815.0 74 STREET NW","assessed_value":359500},{"address":"16924.0 92 STREET NW","assessed_value":416000},{"address":"2908.0 148 AVENUE NW","assessed_value":347500},{"address":"13320.0 62 STREET NW","assessed_value":289500},{"address":"14219.0 79 STREET NW","assessed_value":343500},{"address":"14549.0 121 STREET NW","assessed_value":162000},{"address":"13517.0 74 STREET NW","assessed_value":0},{"address":"8007.0 128 AVENUE NW","assessed_value":401500},{"address":"10926.0 169A AVENUE NW","assessed_value":347500},{"address":"14611.0 21 STREET NW","assessed_value":231500},{"address":"9228.0 170 AVENUE NW","assessed_value":357000},{"address":"14240.0 80 STREET NW","assessed_value":124500},{"address":"8420.0 137 AVENUE NW","assessed_value":357500},{"address":"10836.0 169 AVENUE NW","assessed_value":427500},{"address":"11423.0 149 AVENUE NW","assessed_value":329000},{"address":"8928.0 152A AVENUE NW","assessed_value":367500},{"address":"5743.0 144 AVENUE NW","assessed_value":170000},{"address":"9516.0 147 AVENUE NW","assessed_value":396500},{"address":"12639.0 161 AVENUE NW","assessed_value":382500},{"address":"12908.0 87 STREET NW","assessed_value":334500},{"address":"5557.0 137 AVENUE NW","assessed_value":101500},{"address":"5924.0 140 AVENUE NW","assessed_value":338500},{"address":"6304.0 149 AVENUE NW","assessed_value":330500},{"address":"14115.0 121 STREET NW","assessed_value":186000},{"address":"11904.0 152B AVENUE NW","assessed_value":365500},{"address":"8904.0 144 AVENUE NW","assessed_value":115500},{"address":"14515.0 62 STREET NW","assessed_value":331500},{"address":"12725.0 69 STREET NW","assessed_value":279000},{"address":"222.0 VILLAGE ON THE GREEN NW","assessed_value":169500},{"address":"10310.0 173A AVENUE NW","assessed_value":347500},{"address":"6908.0 136 AVENUE NW","assessed_value":305500},{"address":"14891.0 21 STREET NW","assessed_value":428500},{"address":"2345.0 139 AVENUE NW","assessed_value":157500},{"address":"12824.0 104 STREET NW","assessed_value":269500},{"address":"14108.0 95 STREET NW","assessed_value":543500},{"address":"13507.0 84A STREET NW","assessed_value":309500},{"address":"15011.0 70 STREET NW","assessed_value":358000},{"address":"15111.0 94A STREET NW","assessed_value":343000},{"address":"15104.0 67 STREET NW","assessed_value":333500},{"address":"12232.0 104 STREET NW","assessed_value":261000},{"address":"13520.0 92 STREET NW","assessed_value":307500},{"address":"15228.0 65 STREET NW","assessed_value":324000},{"address":"12211.0 158 AVENUE NW","assessed_value":350000},{"address":"13230.0 FORT ROAD NW","assessed_value":47000},{"address":"11516.0 144 AVENUE NW","assessed_value":343500},{"address":"8712.0 137 AVENUE NW","assessed_value":327500},{"address":"6312.0 144 AVENUE NW","assessed_value":318500},{"address":"12110.0 94 STREET NW","assessed_value":237000},{"address":"10116.0 134 AVENUE NW","assessed_value":222000},{"address":"13519.0 78 STREET NW","assessed_value":324500},{"address":"15121.0 115 STREET NW","assessed_value":217000},{"address":"7304.0 130A AVENUE NW","assessed_value":338000},{"address":"13862.0 27 STREET NW","assessed_value":114500},{"address":"16210.0 102 STREET NW","assessed_value":1000},{"address":"9539.0 129B AVENUE NW","assessed_value":377500},{"address":"9015.0 132A AVENUE NW","assessed_value":206500},{"address":"11203.0 CASTLE DOWNS ROAD NW","assessed_value":14000},{"address":"12836.0 87 STREET NW","assessed_value":288000},{"address":"2503.0 149 AVENUE NW","assessed_value":257000},{"address":"73.0 LANCASTER TERRACE NW","assessed_value":133000},{"address":"11443.0 162 AVENUE NW","assessed_value":369500},{"address":"13023.0 63 STREET NW","assessed_value":239000},{"address":"13237.0 109 STREET NW","assessed_value":214500},{"address":"6215.0 139 AVENUE NW","assessed_value":312000},{"address":"12017.0 97 STREET NW","assessed_value":200000},{"address":"8005.0 144 AVENUE NW","assessed_value":124500},{"address":"11814.0 94 STREET NW","assessed_value":729000},{"address":"14404.0 63 STREET NW","assessed_value":299500},{"address":"15228.0 118 STREET NW","assessed_value":334500},{"address":"12020.0 95A STREET NW","assessed_value":418500},{"address":"8628.0 135 AVENUE NW","assessed_value":339000},{"address":"8012.0 133 AVENUE NW","assessed_value":294500},{"address":"13307.0 106 STREET NW","assessed_value":372000},{"address":"9208.0 171 AVENUE NW","assessed_value":338000},{"address":"5115.0 144 AVENUE NW","assessed_value":310000},{"address":"14514.0 31 STREET NW","assessed_value":357500},{"address":"17235.0 93 STREET NW","assessed_value":422500},{"address":"17108.0 96 STREET NW","assessed_value":334500},{"address":"15015.0 84 STREET NW","assessed_value":344000},{"address":"16520.0 113 STREET NW","assessed_value":394500},{"address":"10011.0 168 AVENUE NW","assessed_value":349000},{"address":"7728.0 143 AVENUE NW","assessed_value":330000},{"address":"6212.0 152A AVENUE NW","assessed_value":342500},{"address":"11919.0 96 STREET NW","assessed_value":182500},{"address":"13119.0 90 STREET NW","assessed_value":307500},{"address":"13862.0 27 STREET NW","assessed_value":116500},{"address":"12914.0 107 STREET NW","assessed_value":374500},{"address":"16715.0 98 STREET NW","assessed_value":327500},{"address":"9308.0 138 AVENUE NW","assessed_value":379000},{"address":"16919.0 110 STREET NW","assessed_value":376000},{"address":"10423.0 129 AVENUE NW","assessed_value":320000},{"address":"14720.0 95A STREET NW","assessed_value":363500},{"address":"7720.0 143 AVENUE NW","assessed_value":368500},{"address":"11808.0 158 AVENUE NW","assessed_value":379000},{"address":"12579.0 161 AVENUE NW","assessed_value":422500},{"address":"12408.0 161 AVENUE NW","assessed_value":104000},{"address":"419.0 VILLAGE ON THE GREEN NW","assessed_value":179000},{"address":"8013.0 149A AVENUE NW","assessed_value":8500},{"address":"7207.0 132 AVENUE NW","assessed_value":301500},{"address":"7204.0 DELWOOD ROAD NW","assessed_value":366000},{"address":"9418.0 132 AVENUE NW","assessed_value":230000},{"address":"11846.0 104 STREET NW","assessed_value":2148000},{"address":"16520.0 107 STREET NW","assessed_value":435000},{"address":"10313.0 164 AVENUE NW","assessed_value":267000},{"address":"7315.0 152A AVENUE NW","assessed_value":453500},{"address":"12986.0 50 STREET NW","assessed_value":2295500},{"address":"17314.0 107A STREET NW","assessed_value":355500},{"address":"13512.0 66 STREET NW","assessed_value":252500},{"address":"5118.0 149 AVENUE NW","assessed_value":189500},{"address":"14012.0 63 STREET NW","assessed_value":247500},{"address":"1916.0 145A AVENUE NW","assessed_value":268500},{"address":"6012.0 140 AVENUE NW","assessed_value":348000},{"address":"14243.0 83 STREET NW","assessed_value":296500},{"address":"14418.0 31 STREET NW","assessed_value":287000},{"address":"9124.0 137 AVENUE NW","assessed_value":346000},{"address":"11927.0 89 STREET NW","assessed_value":356000},{"address":"701.0 VILLAGE ON THE GREEN NW","assessed_value":147500},{"address":"13525.0 83 STREET NW","assessed_value":0},{"address":"105.0 MAYFAIR MEWS NW","assessed_value":157000},{"address":"3179.0 138 AVENUE NW","assessed_value":164500},{"address":"12342.0 91 STREET NW","assessed_value":253000},{"address":"13808.0 73 STREET NW","assessed_value":496000},{"address":"16803.0 109 STREET NW","assessed_value":362000},{"address":"13503.0 104A STREET NW","assessed_value":500},{"address":"11416.0 138 AVENUE NW","assessed_value":375000},{"address":"14208.0 71 STREET NW","assessed_value":317000},{"address":"10903.0 171 AVENUE NW","assessed_value":346000},{"address":"11303.0 137 AVENUE NW","assessed_value":317500},{"address":"112.0 DUNLUCE ROAD NW","assessed_value":366500},{"address":"5603.0 129 AVENUE NW","assessed_value":862000},{"address":"14911.0 95A STREET NW","assessed_value":342000},{"address":"13907.0 83 STREET NW","assessed_value":364500},{"address":"7011.0 150 AVENUE NW","assessed_value":334000},{"address":"12804.0 91 STREET NW","assessed_value":443500},{"address":"14279.0 23 STREET NW","assessed_value":167000},{"address":"14707.0 83 STREET NW","assessed_value":352000},{"address":"10710.0 173A AVENUE NW","assessed_value":382500},{"address":"13528.0 65 STREET NW","assessed_value":297000},{"address":"11.0 AMBERLY COURT NW","assessed_value":156000},{"address":"12207.0 159 AVENUE NW","assessed_value":366500},{"address":"12004.0 152 AVENUE NW","assessed_value":1000},{"address":"12707.0 77 STREET NW","assessed_value":300500},{"address":"15116.0 83 STREET NW","assessed_value":377500},{"address":"7407.0 137 AVENUE NW","assessed_value":281500},{"address":"10418.0 LAUDER AVENUE NW","assessed_value":202000},{"address":"8604.0 138 AVENUE NW","assessed_value":386000},{"address":"1932.0 145 AVENUE NW","assessed_value":314500},{"address":"9024.0 135A AVENUE NW","assessed_value":500},{"address":"10638.0 168 AVENUE NW","assessed_value":344500},{"address":"16919.0 101 STREET NW","assessed_value":269000},{"address":"nan nan","assessed_value":12500},{"address":"9120.0 130 AVENUE NW","assessed_value":329000},{"address":"11924.0 96 STREET NW","assessed_value":191500},{"address":"10806.0 173A AVENUE NW","assessed_value":373000},{"address":"8115.0 144 AVENUE NW","assessed_value":112000},{"address":"5912.0 142 AVENUE NW","assessed_value":347000},{"address":"16428.0 109 STREET NW","assessed_value":139500},{"address":"14812.0 55 STREET NW","assessed_value":428500},{"address":"5713.0 141 AVENUE NW","assessed_value":0},{"address":"6923.0 144 AVENUE NW","assessed_value":349500},{"address":"9535.0 145 AVENUE NW","assessed_value":356000},{"address":"9207.0 133 AVENUE NW","assessed_value":383500},{"address":"8820.0 139 AVENUE NW","assessed_value":345500},{"address":"17107.0 95 STREET NW","assessed_value":367500},{"address":"10411.0 128 AVENUE NW","assessed_value":233000},{"address":"13411.0 92 STREET NW","assessed_value":362500},{"address":"12618.0 161 AVENUE NW","assessed_value":275000},{"address":"12843.0 109 STREET NW","assessed_value":302500},{"address":"13227.0 68 STREET NW","assessed_value":281500},{"address":"7708.0 136 AVENUE NW","assessed_value":294000},{"address":"12246.0 95A STREET NW","assessed_value":216500},{"address":"10034.0 173 AVENUE NW","assessed_value":291000},{"address":"15105.0 121 STREET NW","assessed_value":83500},{"address":"14112.0 51 STREET NW","assessed_value":327000},{"address":"14412.0 64 STREET NW","assessed_value":352500},{"address":"2111.0 146 AVENUE NW","assessed_value":416500},{"address":"12837.0 82 STREET NW","assessed_value":225000},{"address":"14607.0 96 STREET NW","assessed_value":368500},{"address":"13211.0 85 STREET NW","assessed_value":206000},{"address":"13858.0 27 STREET NW","assessed_value":119000},{"address":"444.0 DUNLUCE ROAD NW","assessed_value":361500},{"address":"9004.0 135A AVENUE NW","assessed_value":323000},{"address":"33.0 LANCASTER TERRACE NW","assessed_value":119000},{"address":"11011.0 165 AVENUE NW","assessed_value":362500},{"address":"12951.0 109 STREET NW","assessed_value":299000},{"address":"14412.0 121 STREET NW","assessed_value":344500},{"address":"17119.0 100 STREET NW","assessed_value":252500},{"address":"13022.0 82 STREET NW","assessed_value":660500},{"address":"7216.0 143 AVENUE NW","assessed_value":382500},{"address":"639.0 KIRKNESS ROAD NW","assessed_value":393000},{"address":"11305.0 164 AVENUE NW","assessed_value":405500},{"address":"10603.0 135B AVENUE NW","assessed_value":341500},{"address":"11920.0 145 AVENUE NW","assessed_value":185000},{"address":"13867.0 24 STREET NW","assessed_value":158000},{"address":"8307.0 142 AVENUE NW","assessed_value":411500},{"address":"13304.0 94 STREET NW","assessed_value":350000},{"address":"14225.0 82 STREET NW","assessed_value":124500},{"address":"13211.0 74 STREET NW","assessed_value":338500},{"address":"16943.0 108 STREET NW","assessed_value":376500},{"address":"14515.0 63 STREET NW","assessed_value":342500},{"address":"11611.0 140 AVENUE NW","assessed_value":343000},{"address":"7807.0 132A AVENUE NW","assessed_value":291500},{"address":"15103.0 61 STREET NW","assessed_value":345000},{"address":"11827.0 95 STREET NW","assessed_value":196000},{"address":"12715.0 86 STREET NW","assessed_value":241000},{"address":"724.0 WARWICK ROAD NW","assessed_value":435000},{"address":"11426.0 162A AVENUE NW","assessed_value":352500},{"address":"14340.0 122 STREET NW","assessed_value":395500},{"address":"11519.0 138 AVENUE NW","assessed_value":326000},{"address":"11850.0 101 STREET NW","assessed_value":1967000},{"address":"14216.0 95 STREET NW","assessed_value":371000},{"address":"5928.0 148 AVENUE NW","assessed_value":379500},{"address":"7015.0 140 AVENUE NW","assessed_value":347000},{"address":"10208.0 136 AVENUE NW","assessed_value":322500},{"address":"8404.0 147 AVENUE NW","assessed_value":348500},{"address":"7532.0 152A AVENUE NW","assessed_value":440000},{"address":"13820.0 90 STREET NW","assessed_value":359000},{"address":"12215.0 142 AVENUE NW","assessed_value":380500},{"address":"13451.0 108 STREET NW","assessed_value":322000},{"address":"13108.0 79 STREET NW","assessed_value":332500},{"address":"8031.0 137 AVENUE NW","assessed_value":500},{"address":"12959.0 LAUDERDALE ROAD NW","assessed_value":331000},{"address":"14919.0 122 STREET NW","assessed_value":374000},{"address":"12309.0 152B AVENUE NW","assessed_value":368500},{"address":"8408.0 142 AVENUE NW","assessed_value":370500},{"address":"668.0 WARWICK ROAD NW","assessed_value":357000},{"address":"15029.0 22 STREET NW","assessed_value":1000},{"address":"13036.0 78 STREET NW","assessed_value":299000},{"address":"13242.0 59 STREET NW","assessed_value":238500},{"address":"15104.0 54A STREET NW","assessed_value":345000},{"address":"16344.0 109 STREET NW","assessed_value":162000},{"address":"13531.0 77 STREET NW","assessed_value":327500},{"address":"15716.0 119 STREET NW","assessed_value":343500},{"address":"11951.0 138 AVENUE NW","assessed_value":264500},{"address":"13439.0 81 STREET NW","assessed_value":390500},{"address":"17408.0 95 STREET NW","assessed_value":353500},{"address":"15116.0 25 STREET NW","assessed_value":254500},{"address":"5306.0 MCLEOD ROAD NW","assessed_value":181000},{"address":"7316.0 130 AVENUE NW","assessed_value":409500},{"address":"14607.0 114A STREET NW","assessed_value":350000},{"address":"13443.0 113A STREET NW","assessed_value":238500},{"address":"14511.0 32 STREET NW","assessed_value":384000},{"address":"13312.0 94 STREET NW","assessed_value":572500},{"address":"7815.0 149A AVENUE NW","assessed_value":370000},{"address":"12716.0 94 STREET NW","assessed_value":273000},{"address":"10503.0 137 AVENUE NW","assessed_value":337500},{"address":"7012.0 134 AVENUE NW","assessed_value":26500},{"address":"9932.0 170 AVENUE NW","assessed_value":333000},{"address":"12216.0 92 STREET NW","assessed_value":228500},{"address":"8315.0 140 AVENUE NW","assessed_value":346000},{"address":"15112.0 65 STREET NW","assessed_value":341000},{"address":"12118.0 101 STREET NW","assessed_value":549500},{"address":"9411.0 149 AVENUE NW","assessed_value":414500},{"address":"1815.0 147 AVENUE NW","assessed_value":347500},{"address":"13532.0 85A STREET NW","assessed_value":325500},{"address":"13428.0 61 STREET NW","assessed_value":301000},{"address":"130.0 LANCASTER TERRACE NW","assessed_value":136000},{"address":"14008.0 120 STREET NW","assessed_value":466500},{"address":"11411.0 161 AVENUE NW","assessed_value":391500},{"address":"10407.0 128 AVENUE NW","assessed_value":229000},{"address":"16924.0 103 STREET NW","assessed_value":279000},{"address":"8907.0 138 AVENUE NW","assessed_value":349500},{"address":"13220.0 67 STREET NW","assessed_value":313500},{"address":"7515.0 135A AVENUE NW","assessed_value":344500},{"address":"13410.0 105 STREET NW","assessed_value":0},{"address":"16352.0 119 STREET NW","assessed_value":353000},{"address":"12206.0 105 STREET NW","assessed_value":266500},{"address":"10108.0 134 AVENUE NW","assessed_value":500},{"address":"5928.0 149 AVENUE NW","assessed_value":337500},{"address":"14123.0 78 STREET NW","assessed_value":353000},{"address":"9107.0 135 AVENUE NW","assessed_value":308000},{"address":"11720.0 151 AVENUE NW","assessed_value":352500},{"address":"2603.0 145 AVENUE NW","assessed_value":408500},{"address":"10818.0 167A AVENUE NW","assessed_value":348000},{"address":"8908.0 130 AVENUE NW","assessed_value":268500},{"address":"6903.0 142 AVENUE NW","assessed_value":347000},{"address":"13119.0 86 STREET NW","assessed_value":208500},{"address":"12906.0 113 STREET NW","assessed_value":214000},{"address":"17332.0 106 STREET NW","assessed_value":371500},{"address":"13212.0 68 STREET NW","assessed_value":329000},{"address":"14211.0 80 STREET NW","assessed_value":330500},{"address":"10915.0 165 AVENUE NW","assessed_value":446500},{"address":"8020.0 130A AVENUE NW","assessed_value":294500},{"address":"11828.0 95A STREET NW","assessed_value":182500},{"address":"8915.0 130A AVENUE NW","assessed_value":273500},{"address":"8825.0 136 AVENUE NW","assessed_value":6000},{"address":"16532.0 114 STREET NW","assessed_value":386000},{"address":"7603.0 142 AVENUE NW","assessed_value":326500},{"address":"13416.0 70 STREET NW","assessed_value":321000},{"address":"9020.0 150 AVENUE NW","assessed_value":365500},{"address":"17315.0 106 STREET NW","assessed_value":343500},{"address":"8220.0 133 AVENUE NW","assessed_value":233500},{"address":"14215.0 95 STREET NW","assessed_value":345500},{"address":"11832.0 105 STREET NW","assessed_value":735500},{"address":"28.0 AMBERLY COURT NW","assessed_value":170000},{"address":"11820.0 140 AVENUE NW","assessed_value":369500},{"address":"2008.0 138 AVENUE NW","assessed_value":368000},{"address":"12718.0 67 STREET NW","assessed_value":334500},{"address":"8535.0 134A AVENUE NW","assessed_value":344000},{"address":"12712.0 93 STREET NW","assessed_value":251000},{"address":"14250.0 80 STREET NW","assessed_value":124500},{"address":"8219.0 137 AVENUE NW","assessed_value":312000},{"address":"13852.0 24 STREET NW","assessed_value":158000},{"address":"9844.0 164 AVENUE NW","assessed_value":347500},{"address":"6219.0 136 AVENUE NW","assessed_value":355000},{"address":"13312.0 91 STREET NW","assessed_value":243500},{"address":"17312.0 106 STREET NW","assessed_value":352500},{"address":"14011.0 71 STREET NW","assessed_value":401500},{"address":"8504.0 138 AVENUE NW","assessed_value":353500},{"address":"12123.0 150 AVENUE NW","assessed_value":361500},{"address":"13436.0 101 STREET NW","assessed_value":306000},{"address":"6219.0 134 AVENUE NW","assessed_value":309000},{"address":"5510.0 145 AVENUE NW","assessed_value":194000},{"address":"14310.0 80 STREET NW","assessed_value":130500},{"address":"14707.0 122 STREET NW","assessed_value":358000},{"address":"5703.0 141 AVENUE NW","assessed_value":377500},{"address":"10744.0 131A AVENUE NW","assessed_value":262500},{"address":"9519.0 133 AVENUE NW","assessed_value":305000},{"address":"6919.0 DELWOOD ROAD NW","assessed_value":286000},{"address":"13815.0 25 STREET NW","assessed_value":297000},{"address":"7307.0 149A AVENUE NW","assessed_value":349500},{"address":"13203.0 103 STREET NW","assessed_value":333000},{"address":"8023.0 132 AVENUE NW","assessed_value":291000},{"address":"11108.0 171 AVENUE NW","assessed_value":351500},{"address":"12910.0 FORT ROAD NW","assessed_value":1544500},{"address":"8416.0 138 AVENUE NW","assessed_value":356000},{"address":"13711.0 58 STREET NW","assessed_value":297500},{"address":"5711.0 141 AVENUE NW","assessed_value":316000},{"address":"7719.0 132A AVENUE NW","assessed_value":204500},{"address":"15712.0 125 STREET NW","assessed_value":367500},{"address":"13331.0 90 STREET NW","assessed_value":166000},{"address":"11615.0 138 AVENUE NW","assessed_value":328000},{"address":"11408.0 142 AVENUE NW","assessed_value":366000},{"address":"8511.0 134A AVENUE NW","assessed_value":324000},{"address":"10915.0 134A AVENUE NW","assessed_value":281000},{"address":"9219.0 170 AVENUE NW","assessed_value":386500},{"address":"13531.0 65 STREET NW","assessed_value":312000},{"address":"12206.0 92 STREET NW","assessed_value":298500},{"address":"19.0 STEELE CRESCENT NW","assessed_value":321000},{"address":"11110.0 134 AVENUE NW","assessed_value":4000},{"address":"13219.0 94 STREET NW","assessed_value":325000},{"address":"7711.0 144 AVENUE NW","assessed_value":332000},{"address":"11441.0 162A AVENUE NW","assessed_value":364000},{"address":"13604.0 111 STREET NW","assessed_value":309000},{"address":"13025.0 82 STREET NW","assessed_value":217500},{"address":"12923.0 64 STREET NW","assessed_value":2000},{"address":"11336.0 165 AVENUE NW","assessed_value":357000},{"address":"5604.0 139 AVENUE NW","assessed_value":312500},{"address":"7404.0 130 AVENUE NW","assessed_value":337500},{"address":"13504.0 77 STREET NW","assessed_value":405500},{"address":"14515.0 121 STREET NW","assessed_value":165000},{"address":"10540.0 LAUDERDALE ROAD NW","assessed_value":331500},{"address":"55.0 NORTHWOODS VILLAGE NW","assessed_value":149500},{"address":"10316.0 164 AVENUE NW","assessed_value":357500},{"address":"6822.0 127 AVENUE NW","assessed_value":250000},{"address":"5637.0 137 AVENUE NW","assessed_value":163000},{"address":"12707.0 87 STREET NW","assessed_value":324500},{"address":"5549.0 145A AVENUE NW","assessed_value":373500},{"address":"7.0 MCLEOD PLACE NW","assessed_value":190500},{"address":"13440.0 82 STREET NW","assessed_value":309500},{"address":"12056.0 157 AVENUE NW","assessed_value":232000},{"address":"14803.0 75A STREET NW","assessed_value":346000},{"address":"8520.0 142A AVENUE NW","assessed_value":378000},{"address":"8607.0 142 AVENUE NW","assessed_value":349500},{"address":"14315.0 79 STREET NW","assessed_value":330500},{"address":"6520.0 133 AVENUE NW","assessed_value":288000},{"address":"14112.0 78 STREET NW","assessed_value":335000},{"address":"80.0 AMBERLY COURT NW","assessed_value":158000},{"address":"6316.0 131 AVENUE NW","assessed_value":483000},{"address":"13003.0 82 STREET NW","assessed_value":223500},{"address":"14315.0 82 STREET NW","assessed_value":130500},{"address":"9116.0 139 AVENUE NW","assessed_value":353000},{"address":"12910.0 70 STREET NW","assessed_value":214500},{"address":"13112.0 63 STREET NW","assessed_value":261500},{"address":"6302.0 135 AVENUE NW","assessed_value":6500},{"address":"15003.0 83 STREET NW","assessed_value":353500},{"address":"5814.0 136 AVENUE NW","assessed_value":0},{"address":"180.0 DUNLUCE ROAD NW","assessed_value":427500},{"address":"12812.0 107 STREET NW","assessed_value":305500},{"address":"12722.0 71 STREET NW","assessed_value":296500},{"address":"9007.0 137 AVENUE NW","assessed_value":299000},{"address":"5915.0 134A AVENUE NW","assessed_value":319500},{"address":"14027.0 21 STREET NW","assessed_value":378500},{"address":"13716.0 20 STREET NW","assessed_value":532500},{"address":"10604.0 172 AVENUE NW","assessed_value":346000},{"address":"13344.0 105 STREET NW","assessed_value":348500},{"address":"11911.0 140 AVENUE NW","assessed_value":367000},{"address":"15116.0 92 STREET NW","assessed_value":352500},{"address":"384.0 DUNLUCE ROAD NW","assessed_value":376500},{"address":"10519.0 LAUDERDALE ROAD NW","assessed_value":322000},{"address":"13311.0 58 STREET NW","assessed_value":380000},{"address":"8016.0 128 AVENUE NW","assessed_value":289500},{"address":"13315.0 104 STREET NW","assessed_value":325500},{"address":"13103.0 102 STREET NW","assessed_value":344500},{"address":"16415.0 102 STREET NW","assessed_value":343500},{"address":"10811.0 137 AVENUE NW","assessed_value":299500},{"address":"14316.0 71 STREET NW","assessed_value":324000},{"address":"11909.0 95A STREET NW","assessed_value":176500},{"address":"12844.0 85 STREET NW","assessed_value":335500},{"address":"11608.0 157 AVENUE NW","assessed_value":355000},{"address":"14546.0 26 STREET NW","assessed_value":300500},{"address":"13011.0 86 STREET NW","assessed_value":312500},{"address":"6716.0 136 AVENUE NW","assessed_value":306500},{"address":"12127.0 91 STREET NW","assessed_value":229500},{"address":"10035.0 173 AVENUE NW","assessed_value":217000},{"address":"14332.0 123 STREET NW","assessed_value":342000},{"address":"14019.0 72 STREET NW","assessed_value":328000},{"address":"12220.0 144 AVENUE NW","assessed_value":405500},{"address":"13311.0 85 STREET NW","assessed_value":226000},{"address":"13886.0 24 STREET NW","assessed_value":150500},{"address":"12807.0 103 STREET NW","assessed_value":513000},{"address":"7824.0 147 AVENUE NW","assessed_value":359000},{"address":"5657.0 137 AVENUE NW","assessed_value":159000},{"address":"12827.0 81 STREET NW","assessed_value":292500},{"address":"15108.0 64 STREET NW","assessed_value":344500},{"address":"3127.0 138 AVENUE NW","assessed_value":175000},{"address":"6903.0 136 AVENUE NW","assessed_value":236500},{"address":"13532.0 64 STREET NW","assessed_value":315000},{"address":"12037.0 94 STREET NW","assessed_value":304000},{"address":"14219.0 116 STREET NW","assessed_value":179500},{"address":"12041.0 97 STREET NW","assessed_value":195000},{"address":"15023.0 116 STREET NW","assessed_value":367000},{"address":"2504.0 151 AVENUE NW","assessed_value":306500},{"address":"13898.0 24 STREET NW","assessed_value":158000},{"address":"17016.0 94 STREET NW","assessed_value":383500},{"address":"8008.0 148 AVENUE NW","assessed_value":352500},{"address":"40.0 DUNLUCE ROAD NW","assessed_value":361500},{"address":"14468.0 56 STREET NW","assessed_value":159500},{"address":"11544.0 139 AVENUE NW","assessed_value":173000},{"address":"14936.0 123 STREET NW","assessed_value":343000},{"address":"5611.0 152 AVENUE NW","assessed_value":515000},{"address":"14325.0 117 STREET NW","assessed_value":364500},{"address":"12228.0 95 STREET NW","assessed_value":264500},{"address":"14520.0 32 STREET NW","assessed_value":373500},{"address":"14339.0 23 STREET NW","assessed_value":169000},{"address":"8915.0 140 AVENUE NW","assessed_value":344500},{"address":"6027.0 141 AVENUE NW","assessed_value":332500},{"address":"9904.0 173 AVENUE NW","assessed_value":362500},{"address":"10714.0 172 AVENUE NW","assessed_value":272000},{"address":"8911.0 137 AVENUE NW","assessed_value":302000},{"address":"14219.0 120A STREET NW","assessed_value":357000},{"address":"13407.0 73 STREET NW","assessed_value":449000},{"address":"14711.0 118 STREET NW","assessed_value":344500},{"address":"12412.0 161 AVENUE NW","assessed_value":117000},{"address":"10513.0 173A AVENUE NW","assessed_value":354500},{"address":"12939.0 108 STREET NW","assessed_value":218000},{"address":"9427.0 144 AVENUE NW","assessed_value":340000},{"address":"7916.0 134A AVENUE NW","assessed_value":365000},{"address":"10439.0 137 AVENUE NW","assessed_value":298000},{"address":"13236.0 63 STREET NW","assessed_value":316000},{"address":"15620.0 123 STREET NW","assessed_value":376500},{"address":"14428.0 63 STREET NW","assessed_value":333000},{"address":"9831.0 169 AVENUE NW","assessed_value":360000},{"address":"13008.0 79 STREET NW","assessed_value":283500},{"address":"2016.0 139 AVENUE NW","assessed_value":372500},{"address":"15105.0 121 STREET NW","assessed_value":88000},{"address":"9925.0 171 AVENUE NW","assessed_value":159000},{"address":"10315.0 168 AVENUE NW","assessed_value":337500},{"address":"7812.0 135A AVENUE NW","assessed_value":330000},{"address":"2916.0 150 AVENUE NW","assessed_value":335000},{"address":"156.0 WARWICK ROAD NW","assessed_value":397500},{"address":"6807.0 DELWOOD ROAD NW","assessed_value":290000},{"address":"5704.0 134 AVENUE NW","assessed_value":319000},{"address":"12312.0 104 STREET NW","assessed_value":305500},{"address":"13519.0 75 STREET NW","assessed_value":423500},{"address":"10325.0 167A AVENUE NW","assessed_value":370000},{"address":"10228.0 136 AVENUE NW","assessed_value":308500},{"address":"12214.0 103 STREET NW","assessed_value":304500},{"address":"7111.0 140 AVENUE NW","assessed_value":443000},{"address":"12103.0 158 AVENUE NW","assessed_value":354000},{"address":"9220.0 128 AVENUE NW","assessed_value":374500},{"address":"8926.0 144 AVENUE NW","assessed_value":115500},{"address":"11707.0 148 AVENUE NW","assessed_value":337000},{"address":"14208.0 21 STREET NW","assessed_value":355500},{"address":"12207.0 146 AVENUE NW","assessed_value":395500},{"address":"12225.0 94 STREET NW","assessed_value":264500},{"address":"12820.0 102 STREET NW","assessed_value":355500},{"address":"14415.0 92 STREET NW","assessed_value":109000},{"address":"6132.0 142 AVENUE NW","assessed_value":359000},{"address":"11812.0 105 STREET NW","assessed_value":773500},{"address":"1927.0 145 AVENUE NW","assessed_value":345500},{"address":"13219.0 78 STREET NW","assessed_value":376500},{"address":"12816.0 96 STREET NW","assessed_value":385000},{"address":"8904.0 128 AVENUE NW","assessed_value":217000},{"address":"11915.0 96 STREET NW","assessed_value":462500},{"address":"11708.0 150 AVENUE NW","assessed_value":321500},{"address":"16932.0 111 STREET NW","assessed_value":382500},{"address":"12219.0 95 STREET NW","assessed_value":373500},{"address":"9007.0 136 AVENUE NW","assessed_value":320000},{"address":"13415.0 111 STREET NW","assessed_value":307000},{"address":"12059.0 94 STREET NW","assessed_value":276500},{"address":"10805.0 169 AVENUE NW","assessed_value":1000},{"address":"13208.0 77 STREET NW","assessed_value":336000},{"address":"5812.0 149 AVENUE NW","assessed_value":2084500},{"address":"11612.0 139 AVENUE NW","assessed_value":358000},{"address":"6907.0 137 AVENUE NW","assessed_value":248000},{"address":"17312.0 101 STREET NW","assessed_value":371000},{"address":"13423.0 113A STREET NW","assessed_value":282500},{"address":"17115.0 96 STREET NW","assessed_value":290500},{"address":"14608.0 59 STREET NW","assessed_value":324000},{"address":"34.0 AMBERLY COURT NW","assessed_value":172500},{"address":"14223.0 83 STREET NW","assessed_value":387500},{"address":"14522.0 56 STREET NW","assessed_value":172000},{"address":"9527.0 134 AVENUE NW","assessed_value":322500},{"address":"8005.0 144 AVENUE NW","assessed_value":123000},{"address":"14512.0 116 STREET NW","assessed_value":338000},{"address":"7104.0 129 AVENUE NW","assessed_value":280000},{"address":"2375.0 139 AVENUE NW","assessed_value":165500},{"address":"101.0 VILLAGE ON THE GREEN NW","assessed_value":164000},{"address":"12627.0 161 AVENUE NW","assessed_value":425500},{"address":"5020.0 MCLEOD ROAD NW","assessed_value":365000},{"address":"8316.0 136 AVENUE NW","assessed_value":354500},{"address":"5715.0 133 AVENUE NW","assessed_value":59500},{"address":"14720.0 61A STREET NW","assessed_value":343000},{"address":"12203.0 147 AVENUE NW","assessed_value":373500},{"address":"48.0 NORTHWOODS VILLAGE NW","assessed_value":169000},{"address":"12828.0 67 STREET NW","assessed_value":253500},{"address":"17303.0 102 STREET NW","assessed_value":367000},{"address":"13208.0 103 STREET NW","assessed_value":379500},{"address":"10313.0 173A AVENUE NW","assessed_value":355000},{"address":"2518.0 149 AVENUE NW","assessed_value":223500},{"address":"17047.0 98 STREET NW","assessed_value":328500},{"address":"12828.0 73 STREET NW","assessed_value":303500},{"address":"15107.0 75 STREET NW","assessed_value":373500},{"address":"8508.0 128 AVENUE NW","assessed_value":321500},{"address":"13208.0 64A STREET NW","assessed_value":305000},{"address":"12207.0 156 AVENUE NW","assessed_value":368500},{"address":"8711.0 137 AVENUE NW","assessed_value":307000},{"address":"7023.0 139 AVENUE NW","assessed_value":335000},{"address":"13524.0 107 STREET NW","assessed_value":336000},{"address":"14216.0 114A STREET NW","assessed_value":362000},{"address":"7811.0 136 AVENUE NW","assessed_value":303500},{"address":"7007.0 137 AVENUE NW","assessed_value":296500},{"address":"7248.0 149A AVENUE NW","assessed_value":399500},{"address":"16931.0 101 STREET NW","assessed_value":322000},{"address":"12115.0 152A AVENUE NW","assessed_value":380500},{"address":"13452.0 FORT ROAD NW","assessed_value":86000},{"address":"200.0 DUNLUCE ROAD NW","assessed_value":372000},{"address":"14723.0 78 STREET NW","assessed_value":366000},{"address":"14119.0 59 STREET NW","assessed_value":331500},{"address":"12851.0 86 STREET NW","assessed_value":11000},{"address":"9.0 CASTLE TERRACE NW","assessed_value":174000},{"address":"14212.0 72 STREET NW","assessed_value":331500},{"address":"212.0 WARWICK ROAD NW","assessed_value":206500},{"address":"14947.0 74 STREET NW","assessed_value":349500},{"address":"8024.0 152A AVENUE NW","assessed_value":389000},{"address":"14531.0 32 STREET NW","assessed_value":311500},{"address":"14511.0 31A STREET NW","assessed_value":270000},{"address":"14221.0 114 STREET NW","assessed_value":328000},{"address":"14720.0 117A STREET NW","assessed_value":337500},{"address":"13431.0 103 STREET NW","assessed_value":326500},{"address":"12920.0 87 STREET NW","assessed_value":334500},{"address":"6131.0 138 AVENUE NW","assessed_value":355500},{"address":"13611.0 111 STREET NW","assessed_value":271000},{"address":"12329.0 92 STREET NW","assessed_value":322000},{"address":"5504.0 145 AVENUE NW","assessed_value":214000},{"address":"2123.0 141 AVENUE NW","assessed_value":173500},{"address":"12903.0 96 STREET NW","assessed_value":415500},{"address":"10227.0 136 AVENUE NW","assessed_value":326000},{"address":"12810.0 86 STREET NW","assessed_value":337500},{"address":"12604.0 161 AVENUE NW","assessed_value":290500},{"address":"11392.0 139 AVENUE NW","assessed_value":179500},{"address":"9544.0 145 AVENUE NW","assessed_value":397500},{"address":"9935.0 170 AVENUE NW","assessed_value":320500},{"address":"15008.0 73A STREET NW","assessed_value":343500},{"address":"17110.0 109 STREET NW","assessed_value":262000},{"address":"5519.0 141 AVENUE NW","assessed_value":303000},{"address":"12128.0 146 AVENUE NW","assessed_value":461000},{"address":"2008.0 147 AVENUE NW","assessed_value":265500},{"address":"14620.0 60 STREET NW","assessed_value":334000},{"address":"9516.0 142 AVENUE NW","assessed_value":397500},{"address":"14310.0 80 STREET NW","assessed_value":130500},{"address":"76.0 NORTHWOODS VILLAGE NW","assessed_value":149500},{"address":"89.0 LORELEI CLOSE NW","assessed_value":250000},{"address":"15011.0 76 STREET NW","assessed_value":360500},{"address":"11607.0 158 AVENUE NW","assessed_value":398000},{"address":"6028.0 141 AVENUE NW","assessed_value":500},{"address":"14015.0 62 STREET NW","assessed_value":307000},{"address":"9416.0 144 AVENUE NW","assessed_value":341000},{"address":"13845.0 114 STREET NW","assessed_value":204000},{"address":"13812.0 56 STREET NW","assessed_value":309500},{"address":"13048.0 72 STREET NW","assessed_value":315500},{"address":"6503.0 137 AVENUE NW","assessed_value":293500},{"address":"10207.0 135 AVENUE NW","assessed_value":327000},{"address":"17315.0 107 STREET NW","assessed_value":362000},{"address":"123.0 WOODBOROUGH WAY NW","assessed_value":167000},{"address":"13331.0 105 STREET NW","assessed_value":338500},{"address":"13519.0 68 STREET NW","assessed_value":400000},{"address":"15105.0 121 STREET NW","assessed_value":85500},{"address":"7907.0 145 AVENUE NW","assessed_value":348500},{"address":"13029.0 102 STREET NW","assessed_value":281000},{"address":"13103.0 91 STREET NW","assessed_value":235000},{"address":"11901.0 145 AVENUE NW","assessed_value":3000},{"address":"11826.0 91 STREET NW","assessed_value":158000},{"address":"13124.0 86 STREET NW","assessed_value":240500},{"address":"7132.0 135A AVENUE NW","assessed_value":329500},{"address":"13511.0 83 STREET NW","assessed_value":326000},{"address":"14516.0 94 STREET NW","assessed_value":377500},{"address":"12918.0 53 STREET NW","assessed_value":170500},{"address":"5704.0 137 AVENUE NW","assessed_value":300500},{"address":"407.0 VILLAGE ON THE GREEN NW","assessed_value":146000},{"address":"15111.0 67 STREET NW","assessed_value":344500},{"address":"8910.0 144 AVENUE NW","assessed_value":118000},{"address":"14619.0 114 STREET NW","assessed_value":330500},{"address":"2236.0 143 AVENUE NW","assessed_value":340500},{"address":"14528.0 20 STREET NW","assessed_value":307500},{"address":"15211.0 88A STREET NW","assessed_value":359500},{"address":"14323.0 58 STREET NW","assessed_value":159000},{"address":"9304.0 139 AVENUE NW","assessed_value":395000},{"address":"15113.0 118 STREET NW","assessed_value":110500},{"address":"12808.0 103 STREET NW","assessed_value":241500},{"address":"5808.0 143 AVENUE NW","assessed_value":397500},{"address":"12717.0 70 STREET NW","assessed_value":258500},{"address":"12420.0 95A STREET NW","assessed_value":299500},{"address":"12015.0 105 STREET NW","assessed_value":223000},{"address":"9304.0 132 AVENUE NW","assessed_value":303000},{"address":"10924.0 134 AVENUE NW","assessed_value":255000},{"address":"5107.0 MCLEOD ROAD NW","assessed_value":178000},{"address":"14538.0 56 STREET NW","assessed_value":214000},{"address":"9328.0 151 AVENUE NW","assessed_value":357000},{"address":"15607.0 124 STREET NW","assessed_value":399500},{"address":"56.0 AMBERLY COURT NW","assessed_value":147500},{"address":"17111.0 94 STREET NW","assessed_value":507000},{"address":"12227.0 157 AVENUE NW","assessed_value":358000},{"address":"13438.0 107 STREET NW","assessed_value":0},{"address":"13523.0 112 STREET NW","assessed_value":306000},{"address":"11448.0 144 AVENUE NW","assessed_value":345500},{"address":"11824.0 152 AVENUE NW","assessed_value":415000},{"address":"13827.0 26 STREET NW","assessed_value":281000},{"address":"11929.0 139 AVENUE NW","assessed_value":268500},{"address":"8303.0 141 AVENUE NW","assessed_value":369500},{"address":"5907.0 142 AVENUE NW","assessed_value":336500},{"address":"17204.0 98 STREET NW","assessed_value":375500},{"address":"2308.0 138 AVENUE NW","assessed_value":347500},{"address":"8030.0 141 AVENUE NW","assessed_value":112000},{"address":"12234.0 105 STREET NW","assessed_value":267000},{"address":"12020.0 157 AVENUE NW","assessed_value":238000},{"address":"14007.0 118 STREET NW","assessed_value":361500},{"address":"14807.0 61A STREET NW","assessed_value":340500},{"address":"11332.0 166 AVENUE NW","assessed_value":421000},{"address":"17118.0 95 STREET NW","assessed_value":355000},{"address":"8839.0 140 AVENUE NW","assessed_value":425000},{"address":"11004.0 136 AVENUE NW","assessed_value":331500},{"address":"11632.0 151 AVENUE NW","assessed_value":1000},{"address":"11434.0 162A AVENUE NW","assessed_value":348500},{"address":"8112.0 135 AVENUE NW","assessed_value":371500},{"address":"83.0 MCLEOD PLACE NW","assessed_value":170500},{"address":"14911.0 75A STREET NW","assessed_value":342500},{"address":"13603.0 68 STREET NW","assessed_value":336500},{"address":"12840.0 88 STREET NW","assessed_value":305000},{"address":"10666.0 BEAUMARIS ROAD NW","assessed_value":183000},{"address":"12715.0 88 STREET NW","assessed_value":246500},{"address":"8023.0 135A AVENUE NW","assessed_value":447000},{"address":"14520.0 29 STREET NW","assessed_value":380500},{"address":"13004.0 FORT ROAD NW","assessed_value":262000},{"address":"6908.0 130 AVENUE NW","assessed_value":336000},{"address":"13912.0 92 STREET NW","assessed_value":388500},{"address":"15120.0 95 STREET NW","assessed_value":344500},{"address":"10506.0 173A AVENUE NW","assessed_value":346500},{"address":"17254.0 104 STREET NW","assessed_value":290000},{"address":"14021.0 21A STREET NW","assessed_value":324000},{"address":"96.0 LORELEI CLOSE NW","assessed_value":248000},{"address":"13909.0 23 STREET NW","assessed_value":375000},{"address":"3145.0 138 AVENUE NW","assessed_value":168000},{"address":"9516.0 175 AVENUE NW","assessed_value":372000},{"address":"11711.0 139 AVENUE NW","assessed_value":329500},{"address":"12907.0 95A STREET NW","assessed_value":309000},{"address":"7611.0 144 AVENUE NW","assessed_value":232500},{"address":"11809.0 145 AVENUE NW","assessed_value":216500},{"address":"7516.0 133 AVENUE NW","assessed_value":328000},{"address":"13228.0 59 STREET NW","assessed_value":210500},{"address":"11118.0 173A AVENUE NW","assessed_value":404500},{"address":"13423.0 62 STREET NW","assessed_value":350000},{"address":"13503.0 62 STREET NW","assessed_value":367500},{"address":"7003.0 132A AVENUE NW","assessed_value":320000},{"address":"9507.0 150 AVENUE NW","assessed_value":328500},{"address":"15024.0 115 STREET NW","assessed_value":355000},{"address":"17114.0 95 STREET NW","assessed_value":431000},{"address":"13865.0 114 STREET NW","assessed_value":200000},{"address":"12009.0 93 STREET NW","assessed_value":194000},{"address":"16308.0 119 STREET NW","assessed_value":363500},{"address":"11022.0 173A AVENUE NW","assessed_value":359000},{"address":"13328.0 103 STREET NW","assessed_value":315000},{"address":"13007.0 105 STREET NW","assessed_value":300500},{"address":"13304.0 77 STREET NW","assessed_value":341000},{"address":"3.0 NORTHWOODS VILLAGE NW","assessed_value":182500},{"address":"17007.0 100 STREET NW","assessed_value":172500},{"address":"2108.0 143 AVENUE NW","assessed_value":385500},{"address":"6827.0 135 AVENUE NW","assessed_value":328500},{"address":"12930.0 113 STREET NW","assessed_value":249500},{"address":"7922.0 128 AVENUE NW","assessed_value":303500},{"address":"14116.0 59 STREET NW","assessed_value":333000},{"address":"16028.0 123A STREET NW","assessed_value":1500},{"address":"11316.0 164 AVENUE NW","assessed_value":392000},{"address":"14203.0 74 STREET NW","assessed_value":335000},{"address":"9431.0 139 AVENUE NW","assessed_value":675000},{"address":"169.0 MAYFAIR MEWS NW","assessed_value":161500},{"address":"6715.0 131A AVENUE NW","assessed_value":68000},{"address":"9031.0 134 AVENUE NW","assessed_value":205500},{"address":"141.0 WOODBOROUGH WAY NW","assessed_value":156000},{"address":"7224.0 136 AVENUE NW","assessed_value":385500},{"address":"13709.0 64 STREET NW","assessed_value":8500},{"address":"15119.0 95 STREET NW","assessed_value":348000},{"address":"10931.0 134A AVENUE NW","assessed_value":316000},{"address":"9316.0 120 AVENUE NW","assessed_value":242000},{"address":"16531.0 102 STREET NW","assessed_value":345000},{"address":"12062.0 96 STREET NW","assessed_value":275000},{"address":"15003.0 58 STREET NW","assessed_value":400500},{"address":"14012.0 116 STREET NW","assessed_value":395500},{"address":"11927.0 94 STREET NW","assessed_value":315500},{"address":"5607.0 137 AVENUE NW","assessed_value":150500},{"address":"12504.0 161 AVENUE NW","assessed_value":16000},{"address":"13211.0 83 STREET NW","assessed_value":198500},{"address":"5303.0 141 AVENUE NW","assessed_value":322500},{"address":"14536.0 25 STREET NW","assessed_value":259500},{"address":"9528.0 173 AVENUE NW","assessed_value":360500},{"address":"12808.0 104 STREET NW","assessed_value":243500},{"address":"10904.0 136 AVENUE NW","assessed_value":300500},{"address":"7319.0 131A AVENUE NW","assessed_value":305000},{"address":"10810.0 132 AVENUE NW","assessed_value":227500},{"address":"11398.0 139 AVENUE NW","assessed_value":171500},{"address":"16051.0 123 STREET NW","assessed_value":331500},{"address":"7912.0 142 AVENUE NW","assessed_value":394500},{"address":"10719.0 132 AVENUE NW","assessed_value":275500},{"address":"13119.0 66 STREET NW","assessed_value":297000},{"address":"9903.0 173 AVENUE NW","assessed_value":413000},{"address":"13039.0 66 STREET NW","assessed_value":192000},{"address":"6120.0 136 AVENUE NW","assessed_value":302500},{"address":"14311.0 74 STREET NW","assessed_value":326500},{"address":"14508.0 77 STREET NW","assessed_value":343500},{"address":"13436.0 58 STREET NW","assessed_value":306000},{"address":"12112.0 150 AVENUE NW","assessed_value":311000},{"address":"15803.0 125 STREET NW","assessed_value":372000},{"address":"13005.0 90 STREET NW","assessed_value":10000},{"address":"17212.0 91 STREET NW","assessed_value":348500},{"address":"16219.0 101 STREET NW","assessed_value":357500},{"address":"7239.0 152A AVENUE NW","assessed_value":359000},{"address":"17418.0 96 STREET NW","assessed_value":298000},{"address":"64.0 MCLEOD PLACE NW","assessed_value":169000},{"address":"2924.0 149 AVENUE NW","assessed_value":323500},{"address":"8309.0 134 AVENUE NW","assessed_value":284000},{"address":"8816.0 150 AVENUE NW","assessed_value":350500},{"address":"14618.0 121 STREET NW","assessed_value":128000},{"address":"6612.0 132A AVENUE NW","assessed_value":319500},{"address":"14230.0 80 STREET NW","assessed_value":124500},{"address":"11424.0 165 AVENUE NW","assessed_value":332500},{"address":"13124.0 97 STREET NW","assessed_value":273500},{"address":"13322.0 82 STREET NW","assessed_value":201000},{"address":"14128.0 95A STREET NW","assessed_value":363500},{"address":"15008.0 60 STREET NW","assessed_value":336500},{"address":"9115.0 137 AVENUE NW","assessed_value":308000},{"address":"5803.0 136 AVENUE NW","assessed_value":283000},{"address":"10535.0 128 AVENUE NW","assessed_value":201500},{"address":"6207.0 152A AVENUE NW","assessed_value":343000},{"address":"nan nan","assessed_value":0},{"address":"12717.0 91 STREET NW","assessed_value":233000},{"address":"13033.0 82 STREET NW","assessed_value":222000},{"address":"14923.0 123 STREET NW","assessed_value":360500},{"address":"14118.0 21A STREET NW","assessed_value":344000},{"address":"2023.0 139 AVENUE NW","assessed_value":365500},{"address":"15105.0 121 STREET NW","assessed_value":97000},{"address":"13307.0 60 STREET NW","assessed_value":329500},{"address":"10608.0 135A AVENUE NW","assessed_value":312500},{"address":"14111.0 71 STREET NW","assessed_value":336000},{"address":"14320.0 80 STREET NW","assessed_value":127000},{"address":"75.0 STEELE CRESCENT NW","assessed_value":312500},{"address":"7927.0 129 AVENUE NW","assessed_value":292500},{"address":"12820.0 70 STREET NW","assessed_value":476000},{"address":"13443.0 103 STREET NW","assessed_value":330000},{"address":"14124.0 78 STREET NW","assessed_value":333500},{"address":"13230.0 FORT ROAD NW","assessed_value":55000},{"address":"9310.0 YELLOWHEAD TRAIL NW","assessed_value":4885000},{"address":"13512.0 110 STREET NW","assessed_value":310500},{"address":"14803.0 73 STREET NW","assessed_value":387500},{"address":"15629.0 34 STREET NW","assessed_value":885000},{"address":"8912.0 137 AVENUE NW","assessed_value":344000},{"address":"11909.0 102 STREET NW","assessed_value":1387500},{"address":"6312.0 132 AVENUE NW","assessed_value":336500},{"address":"525.0 DUNLUCE ROAD NW","assessed_value":151000},{"address":"13108.0 89 STREET NW","assessed_value":389500},{"address":"159.0 WOODBOROUGH WAY NW","assessed_value":167000},{"address":"12202.0 91 STREET NW","assessed_value":198000},{"address":"13507.0 111 STREET NW","assessed_value":328500},{"address":"571.0 DUNLUCE ROAD NW","assessed_value":148500},{"address":"2928.0 146 AVENUE NW","assessed_value":322000},{"address":"8914.0 144 AVENUE NW","assessed_value":117500},{"address":"10321.0 131A AVENUE NW","assessed_value":5500},{"address":"11807.0 141 AVENUE NW","assessed_value":347500},{"address":"15108.0 22 STREET NW","assessed_value":230500},{"address":"10304.0 172 AVENUE NW","assessed_value":351000},{"address":"7003.0 135A AVENUE NW","assessed_value":316500},{"address":"13126.0 64 STREET NW","assessed_value":164000},{"address":"13803.0 92 STREET NW","assessed_value":377500},{"address":"16923.0 108 STREET NW","assessed_value":394500},{"address":"13431.0 110 STREET NW","assessed_value":310000},{"address":"12905.0 72 STREET NW","assessed_value":313500},{"address":"7124.0 136 AVENUE NW","assessed_value":410000},{"address":"17312.0 105 STREET NW","assessed_value":359500},{"address":"14411.0 87 STREET NW","assessed_value":337000},{"address":"14235.0 82 STREET NW","assessed_value":122500},{"address":"6307.0 152 AVENUE NW","assessed_value":596500},{"address":"10807.0 136 AVENUE NW","assessed_value":365000},{"address":"13447.0 59 STREET NW","assessed_value":301500},{"address":"9615.0 123 AVENUE NW","assessed_value":782500},{"address":"9111.0 138 AVENUE NW","assessed_value":373500},{"address":"6023.0 132 AVENUE NW","assessed_value":346500},{"address":"12904.0 89 STREET NW","assessed_value":335000},{"address":"15231.0 119 STREET NW","assessed_value":360000},{"address":"7315.0 140 AVENUE NW","assessed_value":345000},{"address":"16220.0 100 STREET NW","assessed_value":406500},{"address":"16216.0 114 STREET NW","assessed_value":436500},{"address":"11930.0 94 STREET NW","assessed_value":334000},{"address":"429.0 DUNLUCE ROAD NW","assessed_value":176000},{"address":"9140.0 144 AVENUE NW","assessed_value":109500},{"address":"5427.0 150 AVENUE NW","assessed_value":395000},{"address":"36.0 NORTHWOODS VILLAGE NW","assessed_value":149500},{"address":"10935.0 137 AVENUE NW","assessed_value":301000},{"address":"7904.0 150 AVENUE NW","assessed_value":385000},{"address":"126.0 LANCASTER TERRACE NW","assessed_value":136000},{"address":"14211.0 61 STREET NW","assessed_value":334000},{"address":"12938.0 103 STREET NW","assessed_value":10500},{"address":"14103.0 95A STREET NW","assessed_value":435500},{"address":"12056.0 96 STREET NW","assessed_value":282000},{"address":"15124.0 88 STREET NW","assessed_value":363500},{"address":"13230.0 83 STREET NW","assessed_value":228000},{"address":"9227.0 171 AVENUE NW","assessed_value":404000},{"address":"12920.0 103 STREET NW","assessed_value":289000},{"address":"5632.0 138 AVENUE NW","assessed_value":327500},{"address":"13524.0 60 STREET NW","assessed_value":305500},{"address":"13168.0 102 STREET NW","assessed_value":494500},{"address":"17204.0 111 STREET NW","assessed_value":463500},{"address":"15103.0 114A STREET NW","assessed_value":365000},{"address":"15108.0 89 STREET NW","assessed_value":351500},{"address":"775.0 WARWICK ROAD NW","assessed_value":367000},{"address":"15011.0 69 STREET NW","assessed_value":368500},{"address":"16331.0 119 STREET NW","assessed_value":398000},{"address":"12715.0 78 STREET NW","assessed_value":332500},{"address":"7611.0 135A AVENUE NW","assessed_value":329500},{"address":"14207.0 22 STREET NW","assessed_value":331500},{"address":"13007.0 93 STREET NW","assessed_value":295000},{"address":"9216.0 135A AVENUE NW","assessed_value":303500},{"address":"12812.0 108 STREET NW","assessed_value":276000},{"address":"108.0 WARWICK ROAD NW","assessed_value":390500},{"address":"14911.0 123 STREET NW","assessed_value":363000},{"address":"7607.0 130 AVENUE NW","assessed_value":300000},{"address":"10109.0 167A AVENUE NW","assessed_value":348500},{"address":"7532.0 149A AVENUE NW","assessed_value":349500},{"address":"7535.0 149A AVENUE NW","assessed_value":352500},{"address":"13036.0 65 STREET NW","assessed_value":213500},{"address":"15003.0 69 STREET NW","assessed_value":493000},{"address":"8504.0 134A AVENUE NW","assessed_value":500},{"address":"5503.0 144A AVENUE NW","assessed_value":175500},{"address":"13021.0 64 STREET NW","assessed_value":270500},{"address":"8910.0 133 AVENUE NW","assessed_value":176500},{"address":"2716.0 138 AVENUE NW","assessed_value":307500},{"address":"10121.0 162A AVENUE NW","assessed_value":344500},{"address":"11440.0 143 AVENUE NW","assessed_value":362500},{"address":"15111.0 25 STREET NW","assessed_value":361500},{"address":"9947.0 171 AVENUE NW","assessed_value":156500},{"address":"211.0 LANCASTER TERRACE NW","assessed_value":119000},{"address":"7211.0 135A AVENUE NW","assessed_value":288000},{"address":"8720.0 150 AVENUE NW","assessed_value":430500},{"address":"11712.0 152B AVENUE NW","assessed_value":372000},{"address":"9008.0 122 AVENUE NW","assessed_value":278500},{"address":"7823.0 141 AVENUE NW","assessed_value":362500},{"address":"12911.0 73 STREET NW","assessed_value":310000},{"address":"652.0 WARWICK ROAD NW","assessed_value":390000},{"address":"8912.0 144 AVENUE NW","assessed_value":117500},{"address":"15215.0 72A STREET NW","assessed_value":394000},{"address":"11006.0 172 AVENUE NW","assessed_value":241000},{"address":"12303.0 101 STREET NW","assessed_value":330500},{"address":"6404.0 147 AVENUE NW","assessed_value":340000},{"address":"7311.0 132 AVENUE NW","assessed_value":282500},{"address":"11907.0 104 STREET NW","assessed_value":1144500},{"address":"5509.0 145A AVENUE NW","assessed_value":341000},{"address":"14285.0 23 STREET NW","assessed_value":156000},{"address":"13519.0 66 STREET NW","assessed_value":288500},{"address":"194.0 WARWICK ROAD NW","assessed_value":196000},{"address":"7918.0 136 AVENUE NW","assessed_value":8500},{"address":"13435.0 112 STREET NW","assessed_value":345000},{"address":"12820.0 95A STREET NW","assessed_value":303000},{"address":"8416.0 136 AVENUE NW","assessed_value":319000},{"address":"15251.0 121 STREET NW","assessed_value":4000},{"address":"9938.0 173 AVENUE NW","assessed_value":370000},{"address":"7604.0 144 AVENUE NW","assessed_value":6468000},{"address":"11715.0 146 AVENUE NW","assessed_value":347000},{"address":"13132.0 101 STREET NW","assessed_value":468500},{"address":"14603.0 78 STREET NW","assessed_value":379000},{"address":"13503.0 109 STREET NW","assessed_value":345500},{"address":"16808.0 110 STREET NW","assessed_value":407500},{"address":"5328.0 146 AVENUE NW","assessed_value":207000},{"address":"2205.0 151 AVENUE NW","assessed_value":227500},{"address":"5715.0 152 AVENUE NW","assessed_value":431000},{"address":"9503.0 139 AVENUE NW","assessed_value":379000},{"address":"8404.0 143 AVENUE NW","assessed_value":327500},{"address":"11456.0 152 AVENUE NW","assessed_value":340000},{"address":"12304.0 103 STREET NW","assessed_value":346500},{"address":"13516.0 112 STREET NW","assessed_value":401500},{"address":"12404.0 91 STREET NW","assessed_value":182000},{"address":"8408.0 134 AVENUE NW","assessed_value":365000},{"address":"13120.0 81 STREET NW","assessed_value":321500},{"address":"8511.0 152A AVENUE NW","assessed_value":361000},{"address":"9004.0 129B AVENUE NW","assessed_value":311500},{"address":"14936.0 69 STREET NW","assessed_value":8500},{"address":"8313.0 137 AVENUE NW","assessed_value":500},{"address":"10824.0 132 AVENUE NW","assessed_value":204000},{"address":"7607.0 132 AVENUE NW","assessed_value":281000},{"address":"9120.0 152A AVENUE NW","assessed_value":396500},{"address":"15720.0 121 STREET NW","assessed_value":323000},{"address":"9528.0 143 AVENUE NW","assessed_value":355000},{"address":"12155.0 92 STREET NW","assessed_value":179500},{"address":"12940.0 86 STREET NW","assessed_value":301000},{"address":"6135.0 137 AVENUE NW","assessed_value":280000},{"address":"12029.0 92 STREET NW","assessed_value":226000},{"address":"12129.0 96 STREET NW","assessed_value":302500},{"address":"12915.0 108 STREET NW","assessed_value":230500},{"address":"13228.0 108 STREET NW","assessed_value":231000},{"address":"1825.0 151 AVENUE NW","assessed_value":313000},{"address":"15008.0 96 STREET NW","assessed_value":343500},{"address":"9511.0 171 AVENUE NW","assessed_value":319500},{"address":"137.0 MAYFAIR MEWS NW","assessed_value":161500},{"address":"425.0 DUNLUCE ROAD NW","assessed_value":193000},{"address":"12343.0 95A STREET NW","assessed_value":275000},{"address":"12737.0 83 STREET NW","assessed_value":233000},{"address":"15217.0 54 STREET NW","assessed_value":178000},{"address":"15111.0 65 STREET NW","assessed_value":347500},{"address":"16718.0 109A STREET NW","assessed_value":356000},{"address":"13407.0 72 STREET NW","assessed_value":291500},{"address":"14216.0 86 STREET NW","assessed_value":346500},{"address":"13435.0 81 STREET NW","assessed_value":331500},{"address":"7915.0 148 AVENUE NW","assessed_value":344000},{"address":"17107.0 109 STREET NW","assessed_value":173500},{"address":"14108.0 20 STREET NW","assessed_value":408500},{"address":"16919.0 111 STREET NW","assessed_value":362500},{"address":"5612.0 MCLEOD ROAD NW","assessed_value":455500},{"address":"12028.0 93 STREET NW","assessed_value":278000},{"address":"14743.0 33 STREET NW","assessed_value":295000},{"address":"7224.0 140 AVENUE NW","assessed_value":332000},{"address":"2216.0 145 AVENUE NW","assessed_value":320500},{"address":"12940.0 104 STREET NW","assessed_value":282500},{"address":"8908.0 136 AVENUE NW","assessed_value":346000},{"address":"14919.0 76 STREET NW","assessed_value":395500},{"address":"11708.0 152A AVENUE NW","assessed_value":345500},{"address":"11476.0 139 AVENUE NW","assessed_value":175000},{"address":"12903.0 88 STREET NW","assessed_value":372000},{"address":"5542.0 145A AVENUE NW","assessed_value":438000},{"address":"12201.0 106 STREET NW","assessed_value":307000},{"address":"17275.0 104 STREET NW","assessed_value":339000},{"address":"13850.0 27 STREET NW","assessed_value":111000},{"address":"9010.0 144 AVENUE NW","assessed_value":3919500},{"address":"6123.0 140 AVENUE NW","assessed_value":327000},{"address":"14720.0 65 STREET NW","assessed_value":328000},{"address":"13214.0 66 STREET NW","assessed_value":284000},{"address":"nan nan","assessed_value":4500},{"address":"9203.0 130 AVENUE NW","assessed_value":309000},{"address":"7219.0 138 AVENUE NW","assessed_value":346500},{"address":"13904.0 57 STREET NW","assessed_value":360000},{"address":"5927.0 142 AVENUE NW","assessed_value":323500},{"address":"8020.0 129A AVENUE NW","assessed_value":315500},{"address":"7120.0 139 AVENUE NW","assessed_value":342500},{"address":"65.0 NORTHWOODS VILLAGE NW","assessed_value":148000},{"address":"162.0 MAYFAIR MEWS NW","assessed_value":173000},{"address":"1907.0 145A AVENUE NW","assessed_value":276000},{"address":"13811.0 93 STREET NW","assessed_value":382000},{"address":"14512.0 56 STREET NW","assessed_value":204500},{"address":"14125.0 82 STREET NW","assessed_value":139000},{"address":"12339.0 94 STREET NW","assessed_value":228000},{"address":"10709.0 167A AVENUE NW","assessed_value":340000},{"address":"52.0 MCLEOD PLACE NW","assessed_value":183500},{"address":"14203.0 122 STREET NW","assessed_value":390500},{"address":"6416.0 132A AVENUE NW","assessed_value":289500},{"address":"12120.0 152A AVENUE NW","assessed_value":375500},{"address":"12047.0 97 STREET NW","assessed_value":250000},{"address":"7312.0 132 AVENUE NW","assessed_value":305000},{"address":"14212.0 116 STREET NW","assessed_value":356000},{"address":"15107.0 95 STREET NW","assessed_value":347500},{"address":"16223.0 114 STREET NW","assessed_value":362000},{"address":"15204.0 94A STREET NW","assessed_value":351000},{"address":"12212.0 143 AVENUE NW","assessed_value":419000},{"address":"13433.0 101 STREET NW","assessed_value":234000},{"address":"12011.0 95 STREET NW","assessed_value":402000},{"address":"12220.0 151A AVENUE NW","assessed_value":461000},{"address":"8316.0 152A AVENUE NW","assessed_value":402000},{"address":"8404.0 134 AVENUE NW","assessed_value":327500},{"address":"320.0 DUNLUCE ROAD NW","assessed_value":453000},{"address":"12807.0 92 STREET NW","assessed_value":331000},{"address":"10515.0 LAUDER AVENUE NW","assessed_value":326500}]