[{"address":"1533.0 37A AVENUE NW","assessed_value":502000},{"address":"1519.0 MALONE CLOSE NW","assessed_value":735500},{"address":"5350.0 199 STREET NW","assessed_value":130000},{"address":"10319.0 111 STREET NW","assessed_value":288000},{"address":"nan nan","assessed_value":4500},{"address":"4809.0 209A STREET NW","assessed_value":674000},{"address":"6052.0 MAYNARD WAY NW","assessed_value":823000},{"address":"nan nan","assessed_value":7500},{"address":"10920.0 53 AVENUE NW","assessed_value":96500},{"address":"nan nan","assessed_value":9500},{"address":"9750.0 62 STREET NW","assessed_value":67500},{"address":"nan nan","assessed_value":7500},{"address":"7846.0 170A AVENUE NW","assessed_value":510500},{"address":"nan nan","assessed_value":5000},{"address":"11140.0 68 AVENUE NW","assessed_value":327500},{"address":"nan nan","assessed_value":9500},{"address":"5350.0 199 STREET NW","assessed_value":134000},{"address":"nan nan","assessed_value":5000},{"address":"3010.0 33 AVENUE NW","assessed_value":250500},{"address":"nan nan","assessed_value":8500},{"address":"9020.0 JASPER AVENUE NW","assessed_value":688500},{"address":"20724.0 55 AVENUE NW","assessed_value":481000},{"address":"451.0 HYNDMAN CRESCENT NW","assessed_value":227000},{"address":"nan nan","assessed_value":7500},{"address":"409.0 CALLAGHAN COURT SW","assessed_value":737000},{"address":"7204.0 81 AVENUE NW","assessed_value":103500},{"address":"9525.0 162 AVENUE NW","assessed_value":149500},{"address":"21216.0 92 AVENUE NW","assessed_value":423000},{"address":"13635.0 34 STREET NW","assessed_value":158000},{"address":"1514.0 KINROSS ROAD NW","assessed_value":357000},{"address":"2096.0 BLACKMUD CREEK DRIVE SW","assessed_value":188000},{"address":"8215.0 83 AVENUE NW","assessed_value":89500},{"address":"3541.0 MCLAY CRESCENT NW","assessed_value":845000},{"address":"13111.0 140 AVENUE NW","assessed_value":191000},{"address":"nan nan","assessed_value":9500},{"address":"21005.0 60 AVENUE NW","assessed_value":342500},{"address":"2316.0 28 AVENUE NW","assessed_value":369000},{"address":"nan nan","assessed_value":14000},{"address":"nan nan","assessed_value":6500},{"address":"nan nan","assessed_value":7500},{"address":"13907.0 136 STREET NW","assessed_value":163000},{"address":"4407.0 23 STREET NW","assessed_value":157500},{"address":"10945.0 83 STREET NW","assessed_value":81500},{"address":"4624.0 205 STREET NW","assessed_value":487500},{"address":"nan nan","assessed_value":7500},{"address":"10514.0 92 STREET NW","assessed_value":51000},{"address":"13615.0 34 STREET NW","assessed_value":312500},{"address":"13525.0 102 STREET NW","assessed_value":11968000},{"address":"358.0 GRIESBACH SCHOOL ROAD NW","assessed_value":340000},{"address":"11140.0 68 AVENUE NW","assessed_value":238500},{"address":"4755.0 TERWILLEGAR COMMON NW","assessed_value":308500},{"address":"21215.0 59 AVENUE NW","assessed_value":404500},{"address":"nan nan","assessed_value":7500},{"address":"10624.0 123 STREET NW","assessed_value":115000},{"address":"4607.0 209 STREET NW","assessed_value":547000},{"address":"nan nan","assessed_value":7500},{"address":"2603.0 HEWES WAY NW","assessed_value":1740000},{"address":"9020.0 JASPER AVENUE NW","assessed_value":270000},{"address":"2867.0 36 AVENUE NW","assessed_value":695500},{"address":"nan nan","assessed_value":5500},{"address":"8528.0 82 AVENUE NW","assessed_value":144500},{"address":"11218.0 80 STREET NW","assessed_value":132500},{"address":"2807.0 36 AVENUE NW","assessed_value":932500},{"address":"5331.0 MULLEN BEND NW","assessed_value":700500},{"address":"16035.0 132 STREET NW","assessed_value":240500},{"address":"6161.0 MAYNARD CRESCENT NW","assessed_value":770000},{"address":"4835.0 104A STREET NW","assessed_value":220000},{"address":"10514.0 92 STREET NW","assessed_value":73000},{"address":"1368.0 117 STREET SW","assessed_value":529000},{"address":"2410.0 CAMERON RAVINE DRIVE NW","assessed_value":4455000},{"address":"4707.0 213 STREET NW","assessed_value":492500},{"address":"10319.0 111 STREET NW","assessed_value":247000},{"address":"1005.0 ARMITAGE CRESCENT SW","assessed_value":657500},{"address":"307.0 CALLAGHAN CLOSE SW","assessed_value":817000},{"address":"203.0 60 STREET SW","assessed_value":426500},{"address":"1810.0 ROBERTSON CRESCENT SW","assessed_value":530500},{"address":"20731.0 89 AVENUE NW","assessed_value":595500},{"address":"nan nan","assessed_value":9500},{"address":"646.0 MCALLISTER LOOP SW","assessed_value":173000},{"address":"20608.0 57 AVENUE NW","assessed_value":698500},{"address":"nan nan","assessed_value":7000},{"address":"536.0 ADAMS WAY SW","assessed_value":639500},{"address":"3040.0 SPENCE WYND SW","assessed_value":192000},{"address":"3040.0 SPENCE WYND SW","assessed_value":180500},{"address":"9740.0 62 STREET NW","assessed_value":78000},{"address":"nan nan","assessed_value":14500},{"address":"16035.0 132 STREET NW","assessed_value":275500},{"address":"nan nan","assessed_value":7500},{"address":"8008.0 16A AVENUE SW","assessed_value":647000},{"address":"10028.0 119 STREET NW","assessed_value":396000},{"address":"6963.0 STROM LANE NW","assessed_value":634000},{"address":"10335.0 117 STREET NW","assessed_value":96000},{"address":"13908.0 136 STREET NW","assessed_value":165500},{"address":"21332.0 48 AVENUE NW","assessed_value":387000},{"address":"16793.0 118 STREET NW","assessed_value":489000},{"address":"nan nan","assessed_value":4000},{"address":"12928.0 64 STREET NW","assessed_value":58500},{"address":"9003.0 205 STREET NW","assessed_value":470500},{"address":"3075.0 TRELLE CRESCENT NW","assessed_value":266000},{"address":"nan nan","assessed_value":4500},{"address":"8024.0 SUMMERSIDE GRANDE BOULEVARD SW","assessed_value":582500},{"address":"nan nan","assessed_value":7500},{"address":"10980.0 124 STREET NW","assessed_value":58500},{"address":"9024.0 16 AVENUE SW","assessed_value":1044000},{"address":"nan nan","assessed_value":5500},{"address":"4369.0 MCCLUNG CRESCENT NW","assessed_value":772500},{"address":"12831.0 66 STREET NW","assessed_value":51500},{"address":"2316.0 27 AVENUE NW","assessed_value":351000},{"address":"4906.0 213 STREET NW","assessed_value":426500},{"address":"4208.0 161 AVENUE NW","assessed_value":414500},{"address":"3512.0 MCLAY CRESCENT NW","assessed_value":752500},{"address":"10633.0 81 AVENUE NW","assessed_value":124500},{"address":"20628.0 57 AVENUE NW","assessed_value":791000},{"address":"nan nan","assessed_value":500},{"address":"3251.0 22 STREET NW","assessed_value":462000},{"address":"13111.0 140 AVENUE NW","assessed_value":185000},{"address":"646.0 MCALLISTER LOOP SW","assessed_value":167500},{"address":"nan nan","assessed_value":7000},{"address":"11233.0 124 STREET NW","assessed_value":64000},{"address":"309.0 CLAREVIEW STATION DRIVE NW","assessed_value":155500},{"address":"155.0 EDWARDS DRIVE SW","assessed_value":170500},{"address":"nan nan","assessed_value":7000},{"address":"16828.0 73 STREET NW","assessed_value":600500},{"address":"10160.0 83 AVENUE NW","assessed_value":124000},{"address":"21837.0 94A AVENUE NW","assessed_value":513000},{"address":"17407.0 99 AVENUE NW","assessed_value":195500},{"address":"16413.0 45 STREET NW","assessed_value":507000},{"address":"14161.0 23 AVENUE NW","assessed_value":11991500},{"address":"9020.0 JASPER AVENUE NW","assessed_value":213500},{"address":"4235.0 162 AVENUE NW","assessed_value":534500},{"address":"5012.0 210 STREET NW","assessed_value":794000},{"address":"11214.0 80 STREET NW","assessed_value":129500},{"address":"nan nan","assessed_value":3000},{"address":"20727.0 55 AVENUE NW","assessed_value":523500},{"address":"6620.0 SANDIN COVE NW","assessed_value":742000},{"address":"443.0 AINSLIE CRESCENT SW","assessed_value":557500},{"address":"nan nan","assessed_value":4000},{"address":"nan nan","assessed_value":7500},{"address":"10815.0 83 AVENUE NW","assessed_value":185500},{"address":"5538.0 MCLUHAN BLUFF NW","assessed_value":1374500},{"address":"16409.0 45 STREET NW","assessed_value":471500},{"address":"nan nan","assessed_value":16000},{"address":"6912.0 17 AVENUE SW","assessed_value":891000},{"address":"9707.0 106 STREET NW","assessed_value":172000},{"address":"6311.0 2 AVENUE SW","assessed_value":547500},{"address":"11040.0 129 STREET NW","assessed_value":69000},{"address":"1934.0 119A STREET SW","assessed_value":374000},{"address":"11218.0 80 STREET NW","assessed_value":173000},{"address":"5350.0 199 STREET NW","assessed_value":163000},{"address":"4727.0 203 STREET NW","assessed_value":502500},{"address":"3040.0 SPENCE WYND SW","assessed_value":192000},{"address":"5280.0 TERWILLEGAR BOULEVARD NW","assessed_value":185000},{"address":"8631.0 108 STREET NW","assessed_value":435000},{"address":"nan nan","assessed_value":4000},{"address":"nan nan","assessed_value":4500},{"address":"4835.0 104A STREET NW","assessed_value":145500},{"address":"nan nan","assessed_value":4000},{"address":"16610.0 59A STREET NW","assessed_value":2808000},{"address":"10165.0 113 STREET NW","assessed_value":128500},{"address":"nan nan","assessed_value":7500},{"address":"160.0 MAGRATH ROAD NW","assessed_value":217500},{"address":"21151.0 48 AVENUE NW","assessed_value":859500},{"address":"21247.0 91 AVENUE NW","assessed_value":384500},{"address":"1071.0 HOPE ROAD NW","assessed_value":674500},{"address":"nan nan","assessed_value":5000},{"address":"10136.0 153 STREET NW","assessed_value":84000},{"address":"6932.0 14 AVENUE SW","assessed_value":845000},{"address":"9131.0 213 STREET NW","assessed_value":413500},{"address":"6475.0 SANDIN CRESCENT NW","assessed_value":639500},{"address":"646.0 MCALLISTER LOOP SW","assessed_value":140000},{"address":"10812.0 115 STREET NW","assessed_value":60500},{"address":"2096.0 BLACKMUD CREEK DRIVE SW","assessed_value":136500},{"address":"nan nan","assessed_value":7000},{"address":"12073.0 97 STREET NW","assessed_value":226000},{"address":"2565.0 HANNA CRESCENT NW","assessed_value":220500},{"address":"6007.0 4 AVENUE SW","assessed_value":576500},{"address":"5907.0 8 AVENUE SW","assessed_value":361000},{"address":"nan nan","assessed_value":16000},{"address":"12924.0 118 AVENUE NW","assessed_value":75500},{"address":"nan nan","assessed_value":8500},{"address":"nan nan","assessed_value":3000},{"address":"4823.0 104A STREET NW","assessed_value":146500},{"address":"5925.0 165 AVENUE NW","assessed_value":496500},{"address":"3311.0 18 STREET NW","assessed_value":522500},{"address":"nan nan","assessed_value":7500},{"address":"2816.0 34 AVENUE NW","assessed_value":261500},{"address":"16815.0 72 STREET NW","assessed_value":681500},{"address":"7811.0 16 AVENUE SW","assessed_value":515500},{"address":"11453.0 ELLERSLIE ROAD SW","assessed_value":130000},{"address":"14208.0 36 STREET NW","assessed_value":292000},{"address":"5604.0 199 STREET NW","assessed_value":275500},{"address":"nan nan","assessed_value":9500},{"address":"8661.0 SLOANE COURT NW","assessed_value":582500},{"address":"1646.0 MALONE WAY NW","assessed_value":610500},{"address":"16035.0 132 STREET NW","assessed_value":240000},{"address":"nan nan","assessed_value":6500},{"address":"8207.0 SUMMERSIDE GRANDE BOULEVARD SW","assessed_value":517000},{"address":"nan nan","assessed_value":8500},{"address":"3229.0 LAKEWOOD CLOSE NW","assessed_value":97500},{"address":"nan nan","assessed_value":6500},{"address":"3752.0 12 STREET NW","assessed_value":447500},{"address":"10415.0 93 STREET NW","assessed_value":97500},{"address":"nan nan","assessed_value":16000},{"address":"5923.0 6 AVENUE SW","assessed_value":534000},{"address":"11336.0 13 AVENUE SW","assessed_value":476500},{"address":"6420.0 4 AVENUE SW","assessed_value":592500},{"address":"16035.0 132 STREET NW","assessed_value":235000},{"address":"14205.0 96 AVENUE NW","assessed_value":435500},{"address":"nan nan","assessed_value":10000},{"address":"17031.0 74 STREET NW","assessed_value":463500},{"address":"736.0 HARDY POINT NW","assessed_value":651000},{"address":"3235.0 26 AVENUE NW","assessed_value":479000},{"address":"13635.0 34 STREET NW","assessed_value":151500},{"address":"1514.0 37C AVENUE NW","assessed_value":486500},{"address":"12831.0 66 STREET NW","assessed_value":67000},{"address":"3425.0 19 STREET NW","assessed_value":153500},{"address":"2431.0 MARTELL CRESCENT NW","assessed_value":1314000},{"address":"21304.0 59 AVENUE NW","assessed_value":463500},{"address":"17044.0 73 STREET NW","assessed_value":788500},{"address":"12550.0 140 AVENUE NW","assessed_value":157500},{"address":"2344.0 LEMIEUX PLACE NW","assessed_value":388500},{"address":"nan nan","assessed_value":4000},{"address":"5516.0 209 STREET NW","assessed_value":487000},{"address":"1918.0 74 STREET SW","assessed_value":361000},{"address":"11214.0 80 STREET NW","assessed_value":143500},{"address":"9077.0 SCOTT CRESCENT NW","assessed_value":342000},{"address":"1235.0 AINSLIE WAY SW","assessed_value":707500},{"address":"13710.0 150 AVENUE NW","assessed_value":189000},{"address":"6230.0 1A AVENUE SW","assessed_value":343500},{"address":"nan nan","assessed_value":7500},{"address":"9561.0 143 STREET NW","assessed_value":595500},{"address":"11916.0 104 STREET NW","assessed_value":88000},{"address":"5604.0 199 STREET NW","assessed_value":243000},{"address":"3331.0 20 STREET NW","assessed_value":530500},{"address":"nan nan","assessed_value":7500},{"address":"6919.0 18 AVENUE SW","assessed_value":84500},{"address":"10021.0 62 STREET NW","assessed_value":112500},{"address":"8632.0 176 AVENUE NW","assessed_value":552500},{"address":"5908.0 8 AVENUE SW","assessed_value":480500},{"address":"13412.0 162 AVENUE NW","assessed_value":687000},{"address":"nan nan","assessed_value":6500},{"address":"4531.0 162 AVENUE NW","assessed_value":526000},{"address":"nan nan","assessed_value":9500},{"address":"nan nan","assessed_value":4000},{"address":"2503.0 24 STREET NW","assessed_value":277000},{"address":"nan nan","assessed_value":7500},{"address":"7511.0 171 STREET NW","assessed_value":152000},{"address":"331.0 GRIESBACH SCHOOL ROAD NW","assessed_value":330000},{"address":"9020.0 JASPER AVENUE NW","assessed_value":222500},{"address":"nan nan","assessed_value":7500},{"address":"nan nan","assessed_value":9500},{"address":"538.0 CALLAGHAN POINTE SW","assessed_value":1009500},{"address":"3508.0 MCLAY CRESCENT NW","assessed_value":671000},{"address":"nan nan","assessed_value":18500},{"address":"nan nan","assessed_value":6500},{"address":"3425.0 19 STREET NW","assessed_value":153000},{"address":"15211.0 139 STREET NW","assessed_value":155000},{"address":"8511.0 SUMMERSIDE GRANDE BOULEVARD SW","assessed_value":593000},{"address":"646.0 MCALLISTER LOOP SW","assessed_value":161000},{"address":"5441.0 SCHONSEE DRIVE NW","assessed_value":471500},{"address":"4606.0 DONSDALE DRIVE NW","assessed_value":1185000},{"address":"21131.0 48 AVENUE NW","assessed_value":748500},{"address":"5103.0 WINDERMERE BOULEVARD SW","assessed_value":13553500},{"address":"10833.0 175A AVENUE NW","assessed_value":984000},{"address":"3762.0 12 STREET NW","assessed_value":478000},{"address":"17736.0 87 STREET NW","assessed_value":484000},{"address":"12550.0 140 AVENUE NW","assessed_value":151500},{"address":"10980.0 124 STREET NW","assessed_value":75500},{"address":"226.0 MACEWAN ROAD SW","assessed_value":167000},{"address":"6323.0 4 AVENUE SW","assessed_value":674000},{"address":"1930.0 119A STREET SW","assessed_value":370500},{"address":"2939.0 26 STREET NW","assessed_value":190000},{"address":"13907.0 136 STREET NW","assessed_value":129500},{"address":"11040.0 129 STREET NW","assessed_value":70000},{"address":"7837.0 SCHMID PLACE NW","assessed_value":484000},{"address":"1151.0 37 AVENUE NW","assessed_value":408500},{"address":"3219.0 24 AVENUE NW","assessed_value":433000},{"address":"nan nan","assessed_value":9500},{"address":"21721.0 94A AVENUE NW","assessed_value":654500},{"address":"14731.0 140 STREET NW","assessed_value":468500},{"address":"10615.0 110 STREET NW","assessed_value":76000},{"address":"11453.0 ELLERSLIE ROAD SW","assessed_value":138500},{"address":"nan nan","assessed_value":7000},{"address":"10620.0 122 STREET NW","assessed_value":79000},{"address":"4827.0 104A STREET NW","assessed_value":204000},{"address":"10028.0 119 STREET NW","assessed_value":403500},{"address":"10131.0 159 STREET NW","assessed_value":95500},{"address":"nan nan","assessed_value":7500},{"address":"13908.0 136 STREET NW","assessed_value":159500},{"address":"2049.0 ROCHESTER AVENUE NW","assessed_value":763000},{"address":"8640.0 106 AVENUE NW","assessed_value":52000},{"address":"nan nan","assessed_value":7500},{"address":"123.0 61 STREET SW","assessed_value":439000},{"address":"17415.0 99 AVENUE NW","assessed_value":218000},{"address":"nan nan","assessed_value":9500},{"address":"6969.0 STROM LANE NW","assessed_value":550000},{"address":"10910.0 53 AVENUE NW","assessed_value":88500},{"address":"nan nan","assessed_value":10000},{"address":"5340.0 199 STREET NW","assessed_value":194500},{"address":"nan nan","assessed_value":9500},{"address":"11805.0 21 AVENUE SW","assessed_value":372000},{"address":"3224.0 20 STREET NW","assessed_value":496500},{"address":"10644.0 113 STREET NW","assessed_value":75000},{"address":"16105.0 47 STREET NW","assessed_value":552500},{"address":"7004.0 STROM LANE NW","assessed_value":528000},{"address":"nan nan","assessed_value":7000},{"address":"3239.0 18 STREET NW","assessed_value":563500},{"address":"13635.0 34 STREET NW","assessed_value":158000},{"address":"1512.0 68 STREET SW","assessed_value":822500},{"address":"11120.0 68 AVENUE NW","assessed_value":329500},{"address":"6113.0 98 AVENUE NW","assessed_value":70000},{"address":"nan nan","assessed_value":8500},{"address":"3727.0 12 STREET NW","assessed_value":428000},{"address":"10305.0 116 STREET NW","assessed_value":96500},{"address":"16035.0 132 STREET NW","assessed_value":207000},{"address":"7419.0 170 AVENUE NW","assessed_value":464500},{"address":"10115.0 108 AVENUE NW","assessed_value":69500},{"address":"10719.0 110 STREET NW","assessed_value":76000},{"address":"7635.0 SCHMID CRESCENT NW","assessed_value":840500},{"address":"9525.0 162 AVENUE NW","assessed_value":122500},{"address":"11441.0 ELLERSLIE ROAD SW","assessed_value":131500},{"address":"10503.0 98 AVENUE NW","assessed_value":186000},{"address":"2436.0 GUARDIAN ROAD NW","assessed_value":186000},{"address":"6107.0 8 AVENUE SW","assessed_value":342500},{"address":"20616.0 48 AVENUE NW","assessed_value":442000},{"address":"11959.0 20 AVENUE SW","assessed_value":453000},{"address":"9750.0 62 STREET NW","assessed_value":71500},{"address":"10606.0 123 STREET NW","assessed_value":117500},{"address":"8351.0 SHASKE CRESCENT NW","assessed_value":587500},{"address":"9707.0 106 STREET NW","assessed_value":571500},{"address":"nan nan","assessed_value":8500},{"address":"9128.0 213 STREET NW","assessed_value":393000},{"address":"nan nan","assessed_value":4500},{"address":"nan nan","assessed_value":7500},{"address":"nan nan","assessed_value":5500},{"address":"11453.0 ELLERSLIE ROAD SW","assessed_value":179000},{"address":"5604.0 199 STREET NW","assessed_value":265500},{"address":"10309.0 107 STREET NW","assessed_value":310500},{"address":"nan nan","assessed_value":7500},{"address":"nan nan","assessed_value":7000},{"address":"3228.0 22 STREET NW","assessed_value":490000},{"address":"9525.0 162 AVENUE NW","assessed_value":149500},{"address":"nan nan","assessed_value":7500},{"address":"22015.0 95 AVENUE NW","assessed_value":495000},{"address":"16304.0 55 STREET NW","assessed_value":561000},{"address":"135.0 65 STREET SW","assessed_value":514000},{"address":"nan nan","assessed_value":14500},{"address":"8608.0 SUMMERSIDE GRANDE BOULEVARD SW","assessed_value":631500},{"address":"14208.0 36 STREET NW","assessed_value":292000},{"address":"8342.0 SHASKE CRESCENT NW","assessed_value":502000},{"address":"4803.0 MACTAGGART CREST NW","assessed_value":2246000},{"address":"1130.0 TORY ROAD NW","assessed_value":206500},{"address":"160.0 MAGRATH ROAD NW","assessed_value":315000},{"address":"509.0 STEWART CRESCENT SW","assessed_value":634000},{"address":"11040.0 82 STREET NW","assessed_value":64000},{"address":"nan nan","assessed_value":6500},{"address":"3059.0 SPENCE WYND SW","assessed_value":585500},{"address":"nan nan","assessed_value":7000},{"address":"2821.0 23 STREET NW","assessed_value":333500},{"address":"2408.0 32 STREET NW","assessed_value":487000},{"address":"nan nan","assessed_value":4000},{"address":"10035.0 155 STREET NW","assessed_value":66500},{"address":"3248.0 21 STREET NW","assessed_value":457500},{"address":"16703.0 113 STREET NW","assessed_value":419000},{"address":"2750.0 55 STREET NW","assessed_value":204000},{"address":"1627.0 MALONE WAY NW","assessed_value":810000},{"address":"nan nan","assessed_value":4000},{"address":"1511.0 KINROSS ROAD NW","assessed_value":608500},{"address":"13710.0 150 AVENUE NW","assessed_value":127500},{"address":"17808.0 84 STREET NW","assessed_value":565500},{"address":"1816.0 90A STREET SW","assessed_value":779000},{"address":"3840.0 76 AVENUE NW","assessed_value":2505500},{"address":"10520.0 80 AVENUE NW","assessed_value":181500},{"address":"5350.0 199 STREET NW","assessed_value":166500},{"address":"3425.0 19 STREET NW","assessed_value":154500},{"address":"nan nan","assessed_value":6500},{"address":"1020.0 117A STREET SW","assessed_value":492500},{"address":"7511.0 171 STREET NW","assessed_value":119000},{"address":"8779.0 STEIN LANE NW","assessed_value":359000},{"address":"4524.0 211 STREET NW","assessed_value":486500},{"address":"2028.0 126 STREET SW","assessed_value":514000},{"address":"309.0 CLAREVIEW STATION DRIVE NW","assessed_value":150000},{"address":"1453.0 37B AVENUE NW","assessed_value":489500},{"address":"6108.0 6 AVENUE SW","assessed_value":493500},{"address":"10434.0 125 STREET NW","assessed_value":88000},{"address":"1510.0 37A AVENUE NW","assessed_value":508500},{"address":"nan nan","assessed_value":9000},{"address":"nan nan","assessed_value":6500},{"address":"13615.0 34 STREET NW","assessed_value":318000},{"address":"541.0 107 STREET SW","assessed_value":3982000},{"address":"6019.0 3 AVENUE SW","assessed_value":472000},{"address":"9939.0 109 STREET NW","assessed_value":208000},{"address":"408.0 AINSLIE CRESCENT SW","assessed_value":665000},{"address":"8511.0 179 AVENUE NW","assessed_value":495000},{"address":"2096.0 BLACKMUD CREEK DRIVE SW","assessed_value":171000},{"address":"208.0 OAK WOOD DRIVE NW","assessed_value":120500},{"address":"7311.0 15A AVENUE SW","assessed_value":472000},{"address":"nan nan","assessed_value":18500},{"address":"2208.0 MARTELL PLACE NW","assessed_value":1716500},{"address":"4370.0 MCCLUNG CRESCENT NW","assessed_value":1019000},{"address":"6060.0 STANTON DRIVE SW","assessed_value":438000},{"address":"13241.0 109 STREET NW","assessed_value":257500},{"address":"15134.0 127 STREET NW","assessed_value":20980500},{"address":"11453.0 ELLERSLIE ROAD SW","assessed_value":138500},{"address":"6608.0 158 AVENUE NW","assessed_value":274500},{"address":"nan nan","assessed_value":6500},{"address":"4831.0 104A STREET NW","assessed_value":202000},{"address":"2096.0 BLACKMUD CREEK DRIVE SW","assessed_value":276500},{"address":"11606.0 108 AVENUE NW","assessed_value":104000},{"address":"841.0 156 STREET NW","assessed_value":578000},{"address":"4823.0 MACTAGGART CREST NW","assessed_value":1363500},{"address":"6608.0 158 AVENUE NW","assessed_value":285000},{"address":"4709.0 164A AVENUE NW","assessed_value":414000},{"address":"7510.0 89 STREET NW","assessed_value":329500},{"address":"9020.0 JASPER AVENUE NW","assessed_value":205000},{"address":"10503.0 98 AVENUE NW","assessed_value":176000},{"address":"309.0 CLAREVIEW STATION DRIVE NW","assessed_value":153500},{"address":"15920.0 109 AVENUE NW","assessed_value":68500},{"address":"11449.0 ELLERSLIE ROAD SW","assessed_value":133000},{"address":"nan nan","assessed_value":7500},{"address":"121.0 64 STREET SW","assessed_value":537500},{"address":"6468.0 SANDIN CRESCENT NW","assessed_value":704000},{"address":"3523.0 MCLAY CRESCENT NW","assessed_value":860500},{"address":"16035.0 132 STREET NW","assessed_value":213500},{"address":"2436.0 GUARDIAN ROAD NW","assessed_value":145500},{"address":"nan nan","assessed_value":6500},{"address":"nan nan","assessed_value":3000},{"address":"155.0 EDWARDS DRIVE SW","assessed_value":152500},{"address":"nan nan","assessed_value":6500},{"address":"9525.0 162 AVENUE NW","assessed_value":163000},{"address":"21938.0 94A AVENUE NW","assessed_value":534000},{"address":"6008.0 5 AVENUE SW","assessed_value":555500},{"address":"3425.0 19 STREET NW","assessed_value":147000},{"address":"4627.0 205 STREET NW","assessed_value":437000},{"address":"10172.0 113 STREET NW","assessed_value":143000},{"address":"21650.0 94B AVENUE NW","assessed_value":587000},{"address":"4111.0 157 AVENUE NW","assessed_value":538500},{"address":"2503.0 24 STREET NW","assessed_value":278000},{"address":"nan nan","assessed_value":22500},{"address":"nan nan","assessed_value":4000},{"address":"9939.0 109 STREET NW","assessed_value":203000},{"address":"3095.0 SPENCE WYND SW","assessed_value":562500},{"address":"6023.0 165 AVENUE NW","assessed_value":542000},{"address":"nan nan","assessed_value":7500},{"address":"15142.0 33 STREET NW","assessed_value":342000},{"address":"1035.0 117A STREET SW","assessed_value":387000},{"address":"7112.0 19A AVENUE SW","assessed_value":334000},{"address":"nan nan","assessed_value":9000},{"address":"4959.0 TERWILLEGAR COMMON NW","assessed_value":476500},{"address":"10309.0 107 STREET NW","assessed_value":285500},{"address":"nan nan","assessed_value":4000},{"address":"nan nan","assessed_value":14000},{"address":"15923.0 91 STREET NW","assessed_value":631000},{"address":"160.0 MAGRATH ROAD NW","assessed_value":215000},{"address":"455.0 AINSLIE CRESCENT SW","assessed_value":633000},{"address":"2535.0 PEGASUS BOULEVARD NW","assessed_value":631000},{"address":"3012.0 24 AVENUE NW","assessed_value":492500},{"address":"10771.0 174 AVENUE NW","assessed_value":590500},{"address":"nan nan","assessed_value":16000},{"address":"4819.0 211 STREET NW","assessed_value":687500},{"address":"nan nan","assessed_value":3000},{"address":"nan nan","assessed_value":3000},{"address":"nan nan","assessed_value":4000},{"address":"8640.0 106 AVENUE NW","assessed_value":52500},{"address":"451.0 HYNDMAN CRESCENT NW","assessed_value":258500},{"address":"4808.0 212 STREET NW","assessed_value":721500},{"address":"nan nan","assessed_value":9500},{"address":"226.0 MACEWAN ROAD SW","assessed_value":146500},{"address":"207.0 64 STREET SW","assessed_value":483000},{"address":"9316.0 SIMPSON DRIVE NW","assessed_value":417500},{"address":"160.0 MAGRATH ROAD NW","assessed_value":280000},{"address":"4603.0 204 STREET NW","assessed_value":501000},{"address":"3610.0 43 AVENUE NW","assessed_value":102000},{"address":"2843.0 16 AVENUE NW","assessed_value":425500},{"address":"10145.0 113 STREET NW","assessed_value":102000},{"address":"8527.0 16A AVENUE SW","assessed_value":670000},{"address":"11214.0 80 STREET NW","assessed_value":153000},{"address":"9025.0 SCOTT CRESCENT NW","assessed_value":402000},{"address":"6209.0 MAYNARD POINT NW","assessed_value":795500},{"address":"nan nan","assessed_value":18500},{"address":"10319.0 111 STREET NW","assessed_value":441000},{"address":"nan nan","assessed_value":9500},{"address":"646.0 MCALLISTER LOOP SW","assessed_value":171500},{"address":"11453.0 ELLERSLIE ROAD SW","assessed_value":141500},{"address":"7251.0 67 STREET NW","assessed_value":392000},{"address":"3910.0 MACNEIL BAY NW","assessed_value":854000},{"address":"3240.0 18 STREET NW","assessed_value":565500},{"address":"9525.0 162 AVENUE NW","assessed_value":155500},{"address":"226.0 MACEWAN ROAD SW","assessed_value":174500},{"address":"9707.0 106 STREET NW","assessed_value":243000},{"address":"7820.0 SCHMID PLACE NW","assessed_value":400500},{"address":"nan nan","assessed_value":6500},{"address":"6110.0 STINSON WAY NW","assessed_value":446000},{"address":"2545.0 116 STREET NW","assessed_value":122000},{"address":"12831.0 66 STREET NW","assessed_value":51000},{"address":"nan nan","assessed_value":9500},{"address":"4106.0 161 AVENUE NW","assessed_value":402500},{"address":"4608.0 205 STREET NW","assessed_value":531000},{"address":"15635.0 42 STREET NW","assessed_value":65000},{"address":"nan nan","assessed_value":9500},{"address":"11730.0 13A AVENUE SW","assessed_value":529000},{"address":"2456.0 MARTELL CRESCENT NW","assessed_value":1199500},{"address":"8607.0 SUMMERSIDE GRANDE BOULEVARD SW","assessed_value":656500},{"address":"17404.0 108 STREET NW","assessed_value":682000},{"address":"9127.0 206 STREET NW","assessed_value":474500},{"address":"841.0 156 STREET NW","assessed_value":520000},{"address":"17916.0 84 STREET NW","assessed_value":442500},{"address":"nan nan","assessed_value":7000},{"address":"9008.0 20 AVENUE SW","assessed_value":1378500},{"address":"3380.0 28A AVENUE NW","assessed_value":256000},{"address":"nan nan","assessed_value":6500},{"address":"nan nan","assessed_value":4000},{"address":"10434.0 125 STREET NW","assessed_value":110500},{"address":"10640.0 123 STREET NW","assessed_value":84500},{"address":"561.0 17 STREET NW","assessed_value":500},{"address":"671.0 SILVER BERRY ROAD NW","assessed_value":222500},{"address":"13111.0 140 AVENUE NW","assessed_value":191000},{"address":"nan nan","assessed_value":6500},{"address":"151.0 EDWARDS DRIVE SW","assessed_value":122500},{"address":"nan nan","assessed_value":4500},{"address":"10165.0 113 STREET NW","assessed_value":141000},{"address":"11445.0 ELLERSLIE ROAD SW","assessed_value":168000},{"address":"2096.0 BLACKMUD CREEK DRIVE SW","assessed_value":220000},{"address":"7511.0 171 STREET NW","assessed_value":167000},{"address":"10434.0 125 STREET NW","assessed_value":106500},{"address":"14259.0 50 STREET NW","assessed_value":148000},{"address":"4831.0 104A STREET NW","assessed_value":153500},{"address":"4021.0 MACTAGGART DRIVE NW","assessed_value":1153500},{"address":"1134.0 36A AVENUE NW","assessed_value":441500},{"address":"6608.0 158 AVENUE NW","assessed_value":277500},{"address":"2096.0 BLACKMUD CREEK DRIVE SW","assessed_value":171500},{"address":"11445.0 ELLERSLIE ROAD SW","assessed_value":179500},{"address":"nan nan","assessed_value":7000},{"address":"2411.0 CAMERON RAVINE DRIVE NW","assessed_value":1468000},{"address":"309.0 CLAREVIEW STATION DRIVE NW","assessed_value":171500},{"address":"6036.0 SOUTH TERWILLEGAR BOULEVARD NW","assessed_value":352500},{"address":"7007.0 STROM LANE NW","assessed_value":534500},{"address":"nan nan","assessed_value":8500},{"address":"1320.0 118A STREET SW","assessed_value":470000},{"address":"9012.0 208 STREET NW","assessed_value":746000},{"address":"nan nan","assessed_value":7000},{"address":"nan nan","assessed_value":18500},{"address":"nan nan","assessed_value":9500},{"address":"5823.0 RIVERBEND ROAD NW","assessed_value":188000},{"address":"4755.0 TERWILLEGAR COMMON NW","assessed_value":321000},{"address":"11414.0 13 AVENUE SW","assessed_value":359500},{"address":"2107.0 32 AVENUE NW","assessed_value":505500},{"address":"855.0 CHAHLEY WAY NW","assessed_value":547500},{"address":"3504.0 MCLAY CRESCENT NW","assessed_value":646500},{"address":"1130.0 TORY ROAD NW","assessed_value":194500},{"address":"646.0 MCALLISTER LOOP SW","assessed_value":166500},{"address":"16416.0 43 STREET NW","assessed_value":533000},{"address":"nan nan","assessed_value":8500},{"address":"11445.0 ELLERSLIE ROAD SW","assessed_value":165000},{"address":"16007.0 46 STREET NW","assessed_value":630000},{"address":"5604.0 199 STREET NW","assessed_value":243000},{"address":"9739.0 92 STREET NW","assessed_value":283500},{"address":"21231.0 45A AVENUE NW","assessed_value":354500},{"address":"13111.0 140 AVENUE NW","assessed_value":180000},{"address":"10035.0 155 STREET NW","assessed_value":64000},{"address":"1128.0 36 AVENUE NW","assessed_value":448000},{"address":"nan nan","assessed_value":9500},{"address":"12831.0 66 STREET NW","assessed_value":50500},{"address":"6715.0 17 AVENUE SW","assessed_value":740000},{"address":"11441.0 ELLERSLIE ROAD SW","assessed_value":130000},{"address":"nan nan","assessed_value":16000},{"address":"7204.0 81 AVENUE NW","assessed_value":101500},{"address":"nan nan","assessed_value":4000},{"address":"11441.0 ELLERSLIE ROAD SW","assessed_value":143000},{"address":"6933.0 STROM LANE NW","assessed_value":646500},{"address":"nan nan","assessed_value":7500},{"address":"nan nan","assessed_value":6500},{"address":"nan nan","assessed_value":18500},{"address":"5903.0 66A AVENUE NW","assessed_value":1955000},{"address":"nan nan","assessed_value":500},{"address":"20620.0 91 AVENUE NW","assessed_value":557000},{"address":"9336.0 JASPER AVENUE NW","assessed_value":108000},{"address":"nan nan","assessed_value":8500},{"address":"19.0 EVERGREEN PARK NW","assessed_value":73500},{"address":"4835.0 104A STREET NW","assessed_value":191500},{"address":"11445.0 ELLERSLIE ROAD SW","assessed_value":168000},{"address":"17916.0 90 STREET NW","assessed_value":464500},{"address":"14208.0 36 STREET NW","assessed_value":304500},{"address":"5926.0 164 AVENUE NW","assessed_value":336000},{"address":"5340.0 199 STREET NW","assessed_value":169500},{"address":"nan nan","assessed_value":22500},{"address":"226.0 MACEWAN ROAD SW","assessed_value":167500},{"address":"10136.0 153 STREET NW","assessed_value":81000},{"address":"10319.0 111 STREET NW","assessed_value":248000},{"address":"nan nan","assessed_value":4000},{"address":"16716.0 119 STREET NW","assessed_value":492000},{"address":"3040.0 SPENCE WYND SW","assessed_value":500},{"address":"12059.0 21 AVENUE SW","assessed_value":576000},{"address":"nan nan","assessed_value":4500},{"address":"6630.0 SANDIN COVE NW","assessed_value":746500},{"address":"nan nan","assessed_value":7000},{"address":"160.0 MAGRATH ROAD NW","assessed_value":315500},{"address":"4831.0 104A STREET NW","assessed_value":194000},{"address":"5043.0 MCLUHAN ROAD NW","assessed_value":1746000},{"address":"451.0 HYNDMAN CRESCENT NW","assessed_value":220500},{"address":"20704.0 90 AVENUE NW","assessed_value":660000},{"address":"8528.0 82 AVENUE NW","assessed_value":138000},{"address":"10165.0 113 STREET NW","assessed_value":175500},{"address":"nan nan","assessed_value":18500},{"address":"111.0 EDWARDS DRIVE SW","assessed_value":216500},{"address":"nan nan","assessed_value":18500},{"address":"171.0 BRINTNELL BOULEVARD NW","assessed_value":248000},{"address":"nan nan","assessed_value":9500},{"address":"2436.0 GUARDIAN ROAD NW","assessed_value":193500},{"address":"8528.0 82 AVENUE NW","assessed_value":149000},{"address":"3729.0 12 STREET NW","assessed_value":424000},{"address":"10639.0 112 STREET NW","assessed_value":83500},{"address":"nan nan","assessed_value":4500},{"address":"nan nan","assessed_value":4000},{"address":"11441.0 ELLERSLIE ROAD SW","assessed_value":187000},{"address":"5350.0 199 STREET NW","assessed_value":163000},{"address":"21352.0 91A AVENUE NW","assessed_value":388500},{"address":"4822.0 MACTAGGART CREST NW","assessed_value":2295500},{"address":"13515.0 162 AVENUE NW","assessed_value":556500},{"address":"nan nan","assessed_value":7500},{"address":"nan nan","assessed_value":22500},{"address":"4523.0 212 STREET NW","assessed_value":484000},{"address":"2088.0 126 STREET SW","assessed_value":606000},{"address":"nan nan","assessed_value":9500},{"address":"4304.0 139 AVENUE NW","assessed_value":143500},{"address":"3075.0 TRELLE CRESCENT NW","assessed_value":252000},{"address":"1723.0 69 STREET SW","assessed_value":749500},{"address":"nan nan","assessed_value":7500},{"address":"3304.0 21 STREET NW","assessed_value":452000},{"address":"7115.0 19A AVENUE SW","assessed_value":450500},{"address":"nan nan","assessed_value":9000},{"address":"10111.0 160 STREET NW","assessed_value":59000},{"address":"8528.0 82 AVENUE NW","assessed_value":153000},{"address":"nan nan","assessed_value":9500},{"address":"3425.0 19 STREET NW","assessed_value":167500},{"address":"9452.0 216 STREET NW","assessed_value":577000},{"address":"4524.0 55 AVENUE NW","assessed_value":8560500},{"address":"10149.0 83 AVENUE NW","assessed_value":131500},{"address":"2610.0 BOWEN WAY SW","assessed_value":581000},{"address":"10136.0 153 STREET NW","assessed_value":96500},{"address":"nan nan","assessed_value":8500},{"address":"1982.0 119A STREET SW","assessed_value":362000},{"address":"12110.0 119 AVENUE NW","assessed_value":116000},{"address":"5350.0 199 STREET NW","assessed_value":165000},{"address":"17520.0 109 STREET NW","assessed_value":726000},{"address":"nan nan","assessed_value":7500},{"address":"nan nan","assessed_value":22500},{"address":"4807.0 213 STREET NW","assessed_value":473500},{"address":"3425.0 19 STREET NW","assessed_value":242000},{"address":"516.0 STEWART CRESCENT SW","assessed_value":565500},{"address":"10725.0 111 STREET NW","assessed_value":112000},{"address":"5860.0 166 AVENUE NW","assessed_value":520500},{"address":"nan nan","assessed_value":9500},{"address":"16035.0 132 STREET NW","assessed_value":225000},{"address":"2335.0 LEMIEUX PLACE NW","assessed_value":369500},{"address":"10154.0 103 STREET NW","assessed_value":520500},{"address":"nan nan","assessed_value":7000},{"address":"nan nan","assessed_value":22500},{"address":"3207.0 24 AVENUE NW","assessed_value":473000},{"address":"4835.0 104A STREET NW","assessed_value":149000},{"address":"7507.0 170 AVENUE NW","assessed_value":478500},{"address":"10309.0 107 STREET NW","assessed_value":296000},{"address":"16807.0 100 AVENUE NW","assessed_value":119500},{"address":"9019.0 16 AVENUE SW","assessed_value":879500},{"address":"309.0 CLAREVIEW STATION DRIVE NW","assessed_value":122000},{"address":"10514.0 92 STREET NW","assessed_value":70000},{"address":"4304.0 139 AVENUE NW","assessed_value":161500},{"address":"nan nan","assessed_value":6500},{"address":"16807.0 100 AVENUE NW","assessed_value":149500},{"address":"4823.0 104A STREET NW","assessed_value":150500},{"address":"nan nan","assessed_value":18500},{"address":"7223.0 168 AVENUE NW","assessed_value":458000},{"address":"11453.0 ELLERSLIE ROAD SW","assessed_value":176000},{"address":"nan nan","assessed_value":4000},{"address":"7237.0 SOUTH TERWILLEGAR DRIVE NW","assessed_value":424000},{"address":"nan nan","assessed_value":7500},{"address":"5929.0 164 AVENUE NW","assessed_value":331500},{"address":"10160.0 83 AVENUE NW","assessed_value":124500},{"address":"nan nan","assessed_value":10000},{"address":"4307.0 MCCLUNG CRESCENT NW","assessed_value":939500},{"address":"17407.0 99 AVENUE NW","assessed_value":183500},{"address":"671.0 SILVER BERRY ROAD NW","assessed_value":274000},{"address":"155.0 EDWARDS DRIVE SW","assessed_value":195000},{"address":"5340.0 199 STREET NW","assessed_value":165000},{"address":"7216.0 170 AVENUE NW","assessed_value":721000},{"address":"nan nan","assessed_value":9500},{"address":"4620.0 160 AVENUE NW","assessed_value":544000},{"address":"4831.0 104A STREET NW","assessed_value":235000},{"address":"nan nan","assessed_value":22500},{"address":"10814.0 175A AVENUE NW","assessed_value":723500},{"address":"2212.0 38 STREET NW","assessed_value":190000},{"address":"nan nan","assessed_value":8000},{"address":"nan nan","assessed_value":9500},{"address":"9020.0 JASPER AVENUE NW","assessed_value":186500},{"address":"10230.0 114 STREET NW","assessed_value":97000},{"address":"1355.0 117 STREET SW","assessed_value":494500},{"address":"nan nan","assessed_value":6500},{"address":"123.0 60 STREET SW","assessed_value":455500},{"address":"5280.0 TERWILLEGAR BOULEVARD NW","assessed_value":211000},{"address":"3040.0 SPENCE WYND SW","assessed_value":179500},{"address":"7684.0 SCHMID CRESCENT NW","assessed_value":389500},{"address":"nan nan","assessed_value":7000},{"address":"nan nan","assessed_value":8500},{"address":"2412.0 32 STREET NW","assessed_value":455500},{"address":"nan nan","assessed_value":7500},{"address":"12703.0 153 AVENUE NW","assessed_value":25932500},{"address":"nan nan","assessed_value":8000},{"address":"3010.0 33 AVENUE NW","assessed_value":198500},{"address":"160.0 MAGRATH ROAD NW","assessed_value":283500},{"address":"nan nan","assessed_value":6500},{"address":"13908.0 136 STREET NW","assessed_value":166000},{"address":"509.0 CALLAGHAN POINTE SW","assessed_value":916000},{"address":"nan nan","assessed_value":6500},{"address":"11214.0 80 STREET NW","assessed_value":135000},{"address":"nan nan","assessed_value":9500},{"address":"nan nan","assessed_value":9500},{"address":"nan nan","assessed_value":9500},{"address":"14739.0 141 STREET NW","assessed_value":443500},{"address":"nan nan","assessed_value":3000},{"address":"10028.0 119 STREET NW","assessed_value":378500},{"address":"10624.0 123 STREET NW","assessed_value":96500},{"address":"4815.0 159 AVENUE NW","assessed_value":486000},{"address":"2816.0 34 AVENUE NW","assessed_value":261500},{"address":"11449.0 ELLERSLIE ROAD SW","assessed_value":173000},{"address":"20623.0 50 AVENUE NW","assessed_value":482500},{"address":"10640.0 123 STREET NW","assessed_value":86000},{"address":"21315.0 46 AVENUE NW","assessed_value":357500},{"address":"nan nan","assessed_value":8500},{"address":"2503.0 24 STREET NW","assessed_value":278500},{"address":"5173.0 MULLEN ROAD NW","assessed_value":796500},{"address":"11445.0 ELLERSLIE ROAD SW","assessed_value":143000},{"address":"nan nan","assessed_value":5500},{"address":"nan nan","assessed_value":6500},{"address":"532.0 60 STREET SW","assessed_value":510500},{"address":"1128.0 156 STREET NW","assessed_value":298500},{"address":"10305.0 116 STREET NW","assessed_value":110500},{"address":"1491.0 37C AVENUE NW","assessed_value":536500},{"address":"120.0 MAGRATH ROAD NW","assessed_value":328500},{"address":"6111.0 5 AVENUE SW","assessed_value":478000},{"address":"4835.0 104A STREET NW","assessed_value":147000},{"address":"7278.0 SOUTH TERWILLEGAR DRIVE NW","assessed_value":488500},{"address":"7510.0 89 STREET NW","assessed_value":386500},{"address":"15920.0 109 AVENUE NW","assessed_value":65500},{"address":"450.0 HYNDMAN CRESCENT NW","assessed_value":250000},{"address":"10111.0 160 STREET NW","assessed_value":60000},{"address":"160.0 MAGRATH ROAD NW","assessed_value":282500},{"address":"4835.0 104A STREET NW","assessed_value":204500},{"address":"21211.0 91 AVENUE NW","assessed_value":458500},{"address":"111.0 EDWARDS DRIVE SW","assessed_value":159000},{"address":"8528.0 82 AVENUE NW","assessed_value":130500},{"address":"nan nan","assessed_value":9500},{"address":"4803.0 74 AVENUE NW","assessed_value":4558000},{"address":"1316.0 MALONE PLACE NW","assessed_value":667500},{"address":"16120.0 136 STREET NW","assessed_value":617500},{"address":"2004.0 125 STREET SW","assessed_value":602500},{"address":"9545.0 73 AVENUE NW","assessed_value":438000},{"address":"2503.0 24 STREET NW","assessed_value":277000},{"address":"16035.0 132 STREET NW","assessed_value":208000},{"address":"3116.0 24 AVENUE NW","assessed_value":519000},{"address":"2436.0 GUARDIAN ROAD NW","assessed_value":192000},{"address":"7523.0 169 AVENUE NW","assessed_value":569500},{"address":"2426.0 SAN FORTUNATO STREET NW","assessed_value":799000},{"address":"3040.0 SPENCE WYND SW","assessed_value":196500},{"address":"3223.0 20 STREET NW","assessed_value":682000},{"address":"10319.0 111 STREET NW","assessed_value":257500},{"address":"15828.0 91 STREET NW","assessed_value":610000},{"address":"11445.0 ELLERSLIE ROAD SW","assessed_value":166000},{"address":"17816.0 87 STREET NW","assessed_value":498500},{"address":"11214.0 80 STREET NW","assessed_value":153000},{"address":"5533.0 MCLUHAN BLUFF NW","assessed_value":919500},{"address":"4808.0 159 AVENUE NW","assessed_value":485500},{"address":"nan nan","assessed_value":7000},{"address":"nan nan","assessed_value":14500},{"address":"4018.0 MACNEIL PLACE NW","assessed_value":9500},{"address":"973.0 SUMMERSIDE LINK SW","assessed_value":953000},{"address":"646.0 MCALLISTER LOOP SW","assessed_value":177500},{"address":"11065.0 149 STREET NW","assessed_value":99000},{"address":"2127.0 HAMMOND COURT NW","assessed_value":355500},{"address":"6912.0 STROM LANE NW","assessed_value":573500},{"address":"12734.0 118 AVENUE NW","assessed_value":64000},{"address":"1546.0 KINROSS ROAD NW","assessed_value":427000},{"address":"7545.0 SPEAKER WAY NW","assessed_value":693000},{"address":"nan nan","assessed_value":7500},{"address":"12550.0 140 AVENUE NW","assessed_value":121500},{"address":"16911.0 76 STREET NW","assessed_value":520500},{"address":"nan nan","assessed_value":8000},{"address":"10225.0 117 STREET NW","assessed_value":117000},{"address":"10309.0 107 STREET NW","assessed_value":356000},{"address":"111.0 EDWARDS DRIVE SW","assessed_value":161000},{"address":"nan nan","assessed_value":7500},{"address":"1935.0 126 STREET SW","assessed_value":728000},{"address":"nan nan","assessed_value":648500},{"address":"16410.0 60A STREET NW","assessed_value":612500},{"address":"9707.0 106 STREET NW","assessed_value":259500},{"address":"4512.0 209 STREET NW","assessed_value":559500},{"address":"4908.0 210 STREET NW","assessed_value":697000},{"address":"7511.0 171 STREET NW","assessed_value":172500},{"address":"4624.0 201 STREET NW","assessed_value":541500},{"address":"2508.0 HANNA CRESCENT NW","assessed_value":260000},{"address":"nan nan","assessed_value":10000},{"address":"8437.0 SLOANE CRESCENT NW","assessed_value":618000},{"address":"20636.0 50 AVENUE NW","assessed_value":469000},{"address":"12110.0 119 AVENUE NW","assessed_value":117000},{"address":"3425.0 19 STREET NW","assessed_value":166500},{"address":"4707.0 204 STREET NW","assessed_value":542500},{"address":"16807.0 100 AVENUE NW","assessed_value":159500},{"address":"20059.0 46 AVENUE NW","assessed_value":478500},{"address":"11830.0 13A AVENUE SW","assessed_value":567500},{"address":"nan nan","assessed_value":7500},{"address":"363.0 MAGRATH BOULEVARD NW","assessed_value":773500},{"address":"13635.0 34 STREET NW","assessed_value":138500},{"address":"13907.0 136 STREET NW","assessed_value":134000},{"address":"12831.0 66 STREET NW","assessed_value":50500},{"address":"7412.0 15A AVENUE SW","assessed_value":481500},{"address":"11703.0 167A AVENUE NW","assessed_value":466000},{"address":"3716.0 MCLAY GREEN NW","assessed_value":654500},{"address":"10255.0 117 STREET NW","assessed_value":117000},{"address":"15211.0 139 STREET NW","assessed_value":163500},{"address":"nan nan","assessed_value":5500},{"address":"12606.0 73 STREET NW","assessed_value":322500},{"address":"9939.0 109 STREET NW","assessed_value":208500},{"address":"11445.0 ELLERSLIE ROAD SW","assessed_value":128500},{"address":"nan nan","assessed_value":6500},{"address":"nan nan","assessed_value":9500},{"address":"5280.0 TERWILLEGAR BOULEVARD NW","assessed_value":184000},{"address":"17901.0 84 STREET NW","assessed_value":11500},{"address":"304.0 LEWIS ESTATES BOULEVARD NW","assessed_value":207000},{"address":"nan nan","assessed_value":9500},{"address":"7693.0 SCHMID CRESCENT NW","assessed_value":439000},{"address":"10164.0 150 STREET NW","assessed_value":64500},{"address":"9031.0 205 STREET NW","assessed_value":557000},{"address":"6135.0 98 AVENUE NW","assessed_value":54000},{"address":"10136.0 153 STREET NW","assessed_value":84500},{"address":"9020.0 JASPER AVENUE NW","assessed_value":278500},{"address":"10710.0 84 AVENUE NW","assessed_value":140500},{"address":"2436.0 BOWEN WYND SW","assessed_value":611500},{"address":"nan nan","assessed_value":7000},{"address":"4895.0 TERWILLEGAR COMMON NW","assessed_value":460500},{"address":"11218.0 80 STREET NW","assessed_value":131000},{"address":"3090.0 MACNEIL WAY NW","assessed_value":993000},{"address":"2436.0 GUARDIAN ROAD NW","assessed_value":155500},{"address":"nan nan","assessed_value":4000},{"address":"nan nan","assessed_value":18500},{"address":"8422.0 SLOANE CRESCENT NW","assessed_value":515500},{"address":"nan nan","assessed_value":9500},{"address":"nan nan","assessed_value":4500},{"address":"150.0 SUMMERSIDE GATE SW","assessed_value":1886500},{"address":"9020.0 JASPER AVENUE NW","assessed_value":264500},{"address":"nan nan","assessed_value":7500},{"address":"nan nan","assessed_value":18500},{"address":"nan nan","assessed_value":6500},{"address":"8528.0 82 AVENUE NW","assessed_value":168000},{"address":"150.0 EDWARDS DRIVE SW","assessed_value":169000},{"address":"21307.0 48 AVENUE NW","assessed_value":353500},{"address":"4827.0 104A STREET NW","assessed_value":149500},{"address":"1968.0 119 STREET SW","assessed_value":452000},{"address":"841.0 156 STREET NW","assessed_value":508500},{"address":"3348.0 22 STREET NW","assessed_value":601500},{"address":"151.0 EDWARD DRIVE SW","assessed_value":122500},{"address":"nan nan","assessed_value":3000},{"address":"17611.0 86 STREET NW","assessed_value":632000},{"address":"4614.0 164A AVENUE NW","assessed_value":509500},{"address":"nan nan","assessed_value":6500},{"address":"nan nan","assessed_value":9500},{"address":"13808.0 155 AVENUE NW","assessed_value":449000},{"address":"nan nan","assessed_value":5500},{"address":"8477.0 SLOANE CRESCENT NW","assessed_value":635500},{"address":"20004.0 46 AVENUE NW","assessed_value":648500},{"address":"nan nan","assessed_value":4000},{"address":"7692.0 SCHMID CRESCENT NW","assessed_value":460000},{"address":"11735.0 124 STREET NW","assessed_value":74000},{"address":"7803.0 SCHMID PLACE NW","assessed_value":429500},{"address":"nan nan","assessed_value":16000},{"address":"10145.0 113 STREET NW","assessed_value":104500},{"address":"10028.0 119 STREET NW","assessed_value":452000},{"address":"10139.0 155 STREET NW","assessed_value":87000},{"address":"nan nan","assessed_value":22500},{"address":"1656.0 MALONE WAY NW","assessed_value":751500},{"address":"nan nan","assessed_value":6500},{"address":"nan nan","assessed_value":10000},{"address":"nan nan","assessed_value":4000},{"address":"6133.0 MAYNARD CRESCENT NW","assessed_value":639500},{"address":"6422.0 1A AVENUE SW","assessed_value":344500},{"address":"10555.0 83 AVENUE NW","assessed_value":148500},{"address":"14112.0 60 AVENUE NW","assessed_value":5054500},{"address":"14259.0 50 STREET NW","assessed_value":176500},{"address":"12831.0 66 STREET NW","assessed_value":50500},{"address":"10720.0 84 AVENUE NW","assessed_value":159000},{"address":"12831.0 66 STREET NW","assessed_value":70500},{"address":"150.0 EDWARDS DRIVE SW","assessed_value":236500},{"address":"2436.0 GUARDIAN ROAD NW","assessed_value":193000},{"address":"8419.0 16A AVENUE SW","assessed_value":609500},{"address":"nan nan","assessed_value":9500},{"address":"11449.0 ELLERSLIE ROAD SW","assessed_value":134500},{"address":"nan nan","assessed_value":4000},{"address":"6012.0 165 AVENUE NW","assessed_value":539500},{"address":"9031.0 SCOTT CRESCENT NW","assessed_value":380500},{"address":"1554.0 37B AVENUE NW","assessed_value":497000},{"address":"5927.0 8 AVENUE SW","assessed_value":359000},{"address":"309.0 AMBLESIDE LINK SW","assessed_value":588500},{"address":"3075.0 TRELLE CRESCENT NW","assessed_value":252000},{"address":"nan nan","assessed_value":7000},{"address":"1130.0 TORY ROAD NW","assessed_value":209000},{"address":"nan nan","assessed_value":7000},{"address":"7510.0 89 STREET NW","assessed_value":252500},{"address":"8011.0 SUMMERSIDE GRANDE BOULEVARD SW","assessed_value":591500},{"address":"4708.0 164A AVENUE NW","assessed_value":434500},{"address":"3711.0 163 AVENUE NW","assessed_value":518500},{"address":"7207.0 16 AVENUE SW","assessed_value":363500},{"address":"5852.0 214 STREET NW","assessed_value":614000},{"address":"5604.0 199 STREET NW","assessed_value":271500},{"address":"2603.0 HEWES WAY NW","assessed_value":366000},{"address":"150.0 EDWARDS DRIVE SW","assessed_value":166500},{"address":"8640.0 106 AVENUE NW","assessed_value":53000},{"address":"9707.0 106 STREET NW","assessed_value":169000},{"address":"14208.0 36 STREET NW","assessed_value":305000},{"address":"646.0 MCALLISTER LOOP SW","assessed_value":166500},{"address":"9048.0 208 STREET NW","assessed_value":763500},{"address":"1911.0 32 AVENUE NW","assessed_value":644500},{"address":"nan nan","assessed_value":7500},{"address":"nan nan","assessed_value":7500},{"address":"nan nan","assessed_value":7000},{"address":"2709.0 23 STREET NW","assessed_value":342000},{"address":"12550.0 140 AVENUE NW","assessed_value":149000},{"address":"163.0 63 STREET SW","assessed_value":426500},{"address":"20319.0 47 AVENUE NW","assessed_value":578500},{"address":"3729.0 11 STREET NW","assessed_value":342000},{"address":"8528.0 82 AVENUE NW","assessed_value":147000},{"address":"11445.0 ELLERSLIE ROAD SW","assessed_value":137000},{"address":"15920.0 91 STREET NW","assessed_value":597500},{"address":"216.0 61 STREET SW","assessed_value":444500},{"address":"nan nan","assessed_value":22500},{"address":"11449.0 ELLERSLIE ROAD SW","assessed_value":143000},{"address":"431.0 AINSLIE CRESCENT SW","assessed_value":644500},{"address":"9207.0 SCOTT LANE NW","assessed_value":429000},{"address":"6007.0 213 STREET NW","assessed_value":345500},{"address":"2105.0 HAMMOND COURT NW","assessed_value":354000},{"address":"1039.0 118A STREET SW","assessed_value":487000},{"address":"17008.0 73 STREET NW","assessed_value":606500},{"address":"nan nan","assessed_value":8500},{"address":"1903.0 120 STREET SW","assessed_value":577500},{"address":"8103.0 127 AVENUE NW","assessed_value":376000},{"address":"4827.0 104A STREET NW","assessed_value":198000},{"address":"6608.0 158 AVENUE NW","assessed_value":269000},{"address":"nan nan","assessed_value":6500},{"address":"1718.0 RABBIT HILL ROAD NW","assessed_value":186000},{"address":"284.0 MAGRATH BOULEVARD NW","assessed_value":743500},{"address":"160.0 MAGRATH ROAD NW","assessed_value":202000},{"address":"2312.0 FREZENBERG AVENUE NW","assessed_value":795000},{"address":"304.0 LEWIS ESTATES BOULEVARD NW","assessed_value":200500},{"address":"10815.0 83 AVENUE NW","assessed_value":143500},{"address":"nan nan","assessed_value":9500},{"address":"1315.0 70 AVENUE NW","assessed_value":71000},{"address":"nan nan","assessed_value":9500},{"address":"5425.0 162A AVENUE NW","assessed_value":453000},{"address":"951.0 SUMMERSIDE LINK SW","assessed_value":819000},{"address":"8745.0 STEIN LANE NW","assessed_value":397000},{"address":"4304.0 139 AVENUE NW","assessed_value":146500},{"address":"nan nan","assessed_value":6500},{"address":"12925.0 65 STREET NW","assessed_value":96000},{"address":"10644.0 113 STREET NW","assessed_value":53000},{"address":"1149.0 37B AVENUE NW","assessed_value":387500},{"address":"7281.0 SOUTH TERWILLEGAR DRIVE NW","assessed_value":421000},{"address":"nan nan","assessed_value":5500},{"address":"nan nan","assessed_value":18500},{"address":"2096.0 BLACKMUD CREEK DRIVE SW","assessed_value":196000},{"address":"nan nan","assessed_value":9500},{"address":"nan nan","assessed_value":7000},{"address":"nan nan","assessed_value":9500},{"address":"4515.0 164A AVENUE NW","assessed_value":467000},{"address":"nan nan","assessed_value":9500},{"address":"10620.0 122 STREET NW","assessed_value":86000},{"address":"nan nan","assessed_value":18500},{"address":"7510.0 89 STREET NW","assessed_value":299000},{"address":"12915.0 65 STREET NW","assessed_value":80500},{"address":"nan nan","assessed_value":4500},{"address":"2031.0 BRENNAN CRESCENT NW","assessed_value":555000},{"address":"3040.0 SPENCE WYND SW","assessed_value":188000},{"address":"11408.0 167A AVENUE NW","assessed_value":478000},{"address":"10719.0 110 STREET NW","assessed_value":49000},{"address":"841.0 156 STREET NW","assessed_value":507500},{"address":"nan nan","assessed_value":7000},{"address":"nan nan","assessed_value":6500},{"address":"5523.0 209 STREET NW","assessed_value":472500},{"address":"3239.0 21 STREET NW","assessed_value":441000},{"address":"12928.0 64 STREET NW","assessed_value":60000},{"address":"5708.0 MCLUHAN BAY NW","assessed_value":695000},{"address":"nan nan","assessed_value":3000},{"address":"11808.0 13 AVENUE SW","assessed_value":518500},{"address":"nan nan","assessed_value":4500},{"address":"7511.0 171 STREET NW","assessed_value":122000},{"address":"315.0 CALLAGHAN CLOSE SW","assessed_value":612500},{"address":"nan nan","assessed_value":6500},{"address":"9124.0 207 STREET NW","assessed_value":513500},{"address":"5961.0 164 AVENUE NW","assessed_value":359000},{"address":"4004.0 157 AVENUE NW","assessed_value":475500},{"address":"20709.0 56A AVENUE NW","assessed_value":559000},{"address":"nan nan","assessed_value":7500},{"address":"10503.0 98 AVENUE NW","assessed_value":154500},{"address":"4831.0 104A STREET NW","assessed_value":156000}]