[{"address":"3211.0 JAMES MOWATT TRAIL SW","assessed_value":127000},{"address":"5390.0 CHAPPELLE ROAD SW","assessed_value":192000},{"address":"nan nan","assessed_value":12000},{"address":"1144.0 ADAMSON DRIVE SW","assessed_value":212500},{"address":"nan nan","assessed_value":12000},{"address":"11969.0 JASPER AVENUE NW","assessed_value":224500},{"address":"nan nan","assessed_value":12000},{"address":"4029.0 ORCHARDS DRIVE SW","assessed_value":220000},{"address":"269.0 HAWKS RIDGE BOULEVARD NW","assessed_value":31000},{"address":"nan nan","assessed_value":5500},{"address":"8508.0 219 STREET NW","assessed_value":581500},{"address":"nan nan","assessed_value":14500},{"address":"nan nan","assessed_value":4500},{"address":"1510.0 WATT DRIVE SW","assessed_value":169500},{"address":"nan nan","assessed_value":14500},{"address":"nan nan","assessed_value":8000},{"address":"1509.0 21 STREET NW","assessed_value":476500},{"address":"903.0 CRYSTALLINA NERA WAY NW","assessed_value":310500},{"address":"4344.0 126B AVENUE NW","assessed_value":353500},{"address":"8582.0 CUSHING PLACE SW","assessed_value":409000},{"address":"503.0 ALBANY WAY NW","assessed_value":272500},{"address":"10226.0 104 STREET NW","assessed_value":297000},{"address":"431.0 41 AVENUE NW","assessed_value":574000},{"address":"8811.0 219 STREET NW","assessed_value":1079000},{"address":"1512.0 167 STREET SW","assessed_value":494000},{"address":"nan nan","assessed_value":4500},{"address":"5515.0 7 AVENUE SW","assessed_value":201000},{"address":"5810.0 MULLEN PLACE NW","assessed_value":168500},{"address":"2423.0 17 AVENUE NW","assessed_value":562000},{"address":"17520.0 124 STREET NW","assessed_value":563000},{"address":"8307.0 81 AVENUE NW","assessed_value":537500},{"address":"nan nan","assessed_value":12000},{"address":"nan nan","assessed_value":4500},{"address":"1030.0 CONNELLY WAY SW","assessed_value":486000},{"address":"nan nan","assessed_value":12000},{"address":"nan nan","assessed_value":40500},{"address":"9517.0 160 AVENUE NW","assessed_value":161500},{"address":"nan nan","assessed_value":5000},{"address":"17250.0 9B AVENUE SW","assessed_value":322000},{"address":"nan nan","assessed_value":9500},{"address":"7385.0 EDGEMONT WAY NW","assessed_value":319000},{"address":"nan nan","assessed_value":8500},{"address":"1305.0 29 STREET NW","assessed_value":455000},{"address":"712.0 40 STREET SW","assessed_value":722000},{"address":"6966.0 76 AVENUE NW","assessed_value":369500},{"address":"9122.0 74 AVENUE NW","assessed_value":731500},{"address":"nan nan","assessed_value":12500},{"address":"587.0 MERLIN LANDING NW","assessed_value":887000},{"address":"nan nan","assessed_value":9000},{"address":"433.0 ORCHARDS BOULEVARD SW","assessed_value":414000},{"address":"4810.0 CHARLES COURT SW","assessed_value":672500},{"address":"9433.0 67A AVENUE NW","assessed_value":195000},{"address":"270.0 MCCONACHIE DRIVE NW","assessed_value":179000},{"address":"3433.0 KESWICK BOULEVARD SW","assessed_value":1202500},{"address":"5151.0 WINDERMERE BOULEVARD SW","assessed_value":224500},{"address":"nan nan","assessed_value":12500},{"address":"2238.0 85 STREET SW","assessed_value":532500},{"address":"17806.0 9A AVENUE SW","assessed_value":583000},{"address":"1420.0 161 STREET SW","assessed_value":660000},{"address":"21943.0 84 AVENUE NW","assessed_value":592500},{"address":"11969.0 JASPER AVENUE NW","assessed_value":649500},{"address":"5804.0 MULLEN PLACE NW","assessed_value":201500},{"address":"667.0 WATT BOULEVARD SW","assessed_value":206500},{"address":"3670.0 139 AVENUE NW","assessed_value":258000},{"address":"nan nan","assessed_value":40500},{"address":"1510.0 WATT DRIVE SW","assessed_value":157500},{"address":"9517.0 160 AVENUE NW","assessed_value":188000},{"address":"10811.0 72 AVENUE NW","assessed_value":293000},{"address":"5950.0 168 AVENUE NW","assessed_value":456000},{"address":"5855.0 17 STREET NW","assessed_value":4215500},{"address":"10514.0 121 AVENUE NW","assessed_value":342000},{"address":"274.0 MCCONACHIE DRIVE NW","assessed_value":186000},{"address":"nan nan","assessed_value":8000},{"address":"216.0 HAWKS RIDGE BOULEVARD NW","assessed_value":383000},{"address":"4248.0 PROWSE WAY SW","assessed_value":391500},{"address":"451.0 42 AVENUE NW","assessed_value":665000},{"address":"nan nan","assessed_value":252000},{"address":"3234.0 CHERNOWSKI WAY SW","assessed_value":537500},{"address":"9613.0 41 AVENUE NW","assessed_value":177500},{"address":"5510.0 SCHONSEE DRIVE NW","assessed_value":201000},{"address":"3211.0 JAMES MOWATT TRAIL SW","assessed_value":144500},{"address":"nan nan","assessed_value":4500},{"address":"4467.0 5 STREET NW","assessed_value":632500},{"address":"5895.0 ANTHONY CRESCENT SW","assessed_value":475000},{"address":"21325.0 115 AVENUE NW","assessed_value":34476500},{"address":"6107.0 175 AVENUE NW","assessed_value":598000},{"address":"4454.0 ANNETT COMMON SW","assessed_value":446500},{"address":"nan nan","assessed_value":40500},{"address":"3211.0 JAMES MOWATT TRAIL SW","assessed_value":149000},{"address":"9725.0 119 AVENUE NW","assessed_value":81500},{"address":"7503.0 GETTY GATE NW","assessed_value":354500},{"address":"nan nan","assessed_value":3000},{"address":"11969.0 JASPER AVENUE NW","assessed_value":558500},{"address":"17067.0 38 STREET NW","assessed_value":417500},{"address":"nan nan","assessed_value":3000},{"address":"nan nan","assessed_value":12500},{"address":"nan nan","assessed_value":6000},{"address":"12650.0 142 AVENUE NW","assessed_value":196500},{"address":"nan nan","assessed_value":10500},{"address":"6835.0 EVANS WYND NW","assessed_value":426000},{"address":"nan nan","assessed_value":9000},{"address":"nan nan","assessed_value":14500},{"address":"997.0 MCCONACHIE BOULEVARD NW","assessed_value":470500},{"address":"nan nan","assessed_value":4500},{"address":"3932.0 5 STREET NW","assessed_value":631000},{"address":"nan nan","assessed_value":12000},{"address":"4468.0 ANNETT COMMON SW","assessed_value":368000},{"address":"5916.0 174 AVENUE NW","assessed_value":536000},{"address":"2505.0 CASEY WAY SW","assessed_value":449000},{"address":"nan nan","assessed_value":6000},{"address":"1234.0 MCCONACHIE BOULEVARD NW","assessed_value":450000},{"address":"18126.0 77 STREET NW","assessed_value":152500},{"address":"8415.0 23 AVENUE SW","assessed_value":479500},{"address":"1968.0 ADAMSON TERRACE SW","assessed_value":728500},{"address":"1610.0 33A STREET NW","assessed_value":321500},{"address":"15709.0 139 STREET NW","assessed_value":166500},{"address":"nan nan","assessed_value":8500},{"address":"nan nan","assessed_value":12000},{"address":"3315.0 JAMES MOWATT TRAIL SW","assessed_value":154000},{"address":"2620.0 21 AVENUE NW","assessed_value":745500},{"address":"5816.0 MULLEN PLACE NW","assessed_value":210500},{"address":"504.0 GRIESBACH PARADE NW","assessed_value":237000},{"address":"17163.0 38 STREET NW","assessed_value":446000},{"address":"nan nan","assessed_value":12000},{"address":"9239.0 156 AVENUE NW","assessed_value":430000},{"address":"11710.0 87 AVENUE NW","assessed_value":646500},{"address":"nan nan","assessed_value":8000},{"address":"2807.0 92 STREET NW","assessed_value":6189000},{"address":"9517.0 160 AVENUE NW","assessed_value":179500},{"address":"5521.0 7 AVENUE SW","assessed_value":150000},{"address":"3339.0 13 AVENUE NW","assessed_value":736000},{"address":"nan nan","assessed_value":6000},{"address":"nan nan","assessed_value":5000},{"address":"12348.0 176 AVENUE NW","assessed_value":633500},{"address":"2212.0 22 STREET NW","assessed_value":779500},{"address":"13112.0 208 STREET NW","assessed_value":562500},{"address":"2560.0 PEGASUS BOULEVARD NW","assessed_value":313500},{"address":"2604.0 22 AVENUE NW","assessed_value":424000},{"address":"16705.0 14 AVENUE SW","assessed_value":417000},{"address":"nan nan","assessed_value":9500},{"address":"nan nan","assessed_value":14500},{"address":"nan nan","assessed_value":9500},{"address":"5521.0 7 AVENUE SW","assessed_value":150000},{"address":"8525.0 91 STREET NW","assessed_value":368000},{"address":"2819.0 11 STREET NW","assessed_value":653500},{"address":"824.0 EAGLESON LINK NW","assessed_value":430000},{"address":"nan nan","assessed_value":5500},{"address":"7730.0 79 AVENUE NW","assessed_value":561500},{"address":"7723.0 176 AVENUE NW","assessed_value":612500},{"address":"2515.0 20 AVENUE NW","assessed_value":476000},{"address":"1510.0 WATT DRIVE SW","assessed_value":173500},{"address":"1415.0 25 AVENUE NW","assessed_value":432500},{"address":"7544.0 78 AVENUE NW","assessed_value":840000},{"address":"1267.0 PEREGRINE TERRACE NW","assessed_value":817000},{"address":"9151.0 SHAW WAY SW","assessed_value":292000},{"address":"1407.0 150 AVENUE NW","assessed_value":691500},{"address":"1260.0 PEREGRINE TERRACE NW","assessed_value":590500},{"address":"5128.0 20 AVENUE SW","assessed_value":411000},{"address":"3560.0 8 STREET NW","assessed_value":609000},{"address":"6114.0 171 AVENUE NW","assessed_value":480000},{"address":"5804.0 MULLEN PLACE NW","assessed_value":210500},{"address":"7867.0 170A AVENUE NW","assessed_value":361500},{"address":"1604.0 19 STREET NW","assessed_value":833000},{"address":"4029.0 ORCHARDS DRIVE SW","assessed_value":298000},{"address":"17904.0 61 STREET NW","assessed_value":477000},{"address":"916.0 180 STREET SW","assessed_value":917000},{"address":"2408.0 CASEY LINK SW","assessed_value":499000},{"address":"2027.0 WARE ROAD NW","assessed_value":649500},{"address":"5960.0 168 AVENUE NW","assessed_value":453500},{"address":"304.0 42 AVENUE NW","assessed_value":400500},{"address":"5151.0 WINDERMERE BOULEVARD SW","assessed_value":257500},{"address":"5816.0 MULLEN PLACE NW","assessed_value":168500},{"address":"18126.0 77 STREET NW","assessed_value":196000},{"address":"1031.0 173 STREET SW","assessed_value":191500},{"address":"nan nan","assessed_value":6000},{"address":"7203.0 MORGAN ROAD NW","assessed_value":429500},{"address":"nan nan","assessed_value":9500},{"address":"416.0 CRYSTALLINA NERA DRIVE NW","assessed_value":375500},{"address":"5515.0 7 AVENUE SW","assessed_value":203000},{"address":"1031.0 173 STREET SW","assessed_value":248000},{"address":"nan nan","assessed_value":12000},{"address":"nan nan","assessed_value":9500},{"address":"1416.0 29 STREET NW","assessed_value":625000},{"address":"548.0 MERLIN LANDING NW","assessed_value":581000},{"address":"11965.0 JASPER AVENUE NW","assessed_value":558000},{"address":"nan nan","assessed_value":8000},{"address":"903.0 CRYSTALLINA NERA WAY NW","assessed_value":310500},{"address":"20703.0 98 AVENUE NW","assessed_value":722500},{"address":"nan nan","assessed_value":5000},{"address":"10418.0 81 AVENUE NW","assessed_value":230000},{"address":"5810.0 MULLEN PLACE NW","assessed_value":180500},{"address":"5370.0 CHAPPELLE ROAD SW","assessed_value":133500},{"address":"2402.0 CASSIDY WAY SW","assessed_value":603500},{"address":"812.0 WELSH DRIVE SW","assessed_value":165500},{"address":"2803.0 JAMES MOWATT TRAIL SW","assessed_value":335500},{"address":"nan nan","assessed_value":14500},{"address":"nan nan","assessed_value":12500},{"address":"22522.0 98A AVENUE NW","assessed_value":552500},{"address":"2749.0 COUGHLAN GREEN SW","assessed_value":441000},{"address":"8812.0 219 STREET NW","assessed_value":661500},{"address":"311.0 40A AVENUE NW","assessed_value":433000},{"address":"1607.0 168 STREET SW","assessed_value":544500},{"address":"4471.0 ANNETT COMMON SW","assessed_value":429500},{"address":"17054.0 38 STREET NW","assessed_value":402000},{"address":"344.0 WINDERMERE ROAD NW","assessed_value":203000},{"address":"3707.0 WEIDLE CRESCENT SW","assessed_value":466000},{"address":"1227.0 24 AVENUE NW","assessed_value":758500},{"address":"12825.0 123 STREET NW","assessed_value":235500},{"address":"2914.0 KOSTASH DRIVE SW","assessed_value":646500},{"address":"nan nan","assessed_value":12500},{"address":"3315.0 JAMES MOWATT TRAIL SW","assessed_value":137000},{"address":"nan nan","assessed_value":9500},{"address":"6760.0 ELSTON LANE NW","assessed_value":570500},{"address":"nan nan","assessed_value":8000},{"address":"5540.0 WINDERMERE BOULEVARD NW","assessed_value":414000},{"address":"10915.0 71 AVENUE NW","assessed_value":394500},{"address":"2608.0 PRICE COMMON SW","assessed_value":498500},{"address":"107.0 WATT COMMON SW","assessed_value":181000},{"address":"1948.0 ADAMSON TERRACE SW","assessed_value":608500},{"address":"11803.0 26 AVENUE SW","assessed_value":31123500},{"address":"nan nan","assessed_value":10500},{"address":"nan nan","assessed_value":8000},{"address":"688.0 HOWATT DRIVE SW","assessed_value":1193000},{"address":"4010.0 171A AVENUE NW","assessed_value":819500},{"address":"6520.0 2 AVENUE SW","assessed_value":223000},{"address":"3466.0 KESWICK BOULEVARD SW","assessed_value":774000},{"address":"3413.0 CHICKADEE DRIVE NW","assessed_value":723000},{"address":"nan nan","assessed_value":8500},{"address":"1443.0 167 STREET SW","assessed_value":464500},{"address":"nan nan","assessed_value":4500},{"address":"5029.0 EDGEMONT BOULEVARD NW","assessed_value":303500},{"address":"6014.0 171 AVENUE NW","assessed_value":431000},{"address":"6477.0 ELSTON LOOP NW","assessed_value":581000},{"address":"15927.0 13 AVENUE SW","assessed_value":475500},{"address":"1647.0 18 STREET NW","assessed_value":630500},{"address":"7115.0 ARMOUR LINK SW","assessed_value":598500},{"address":"nan nan","assessed_value":12500},{"address":"5510.0 SCHONSEE DRIVE NW","assessed_value":207500},{"address":"17804.0 9 AVENUE SW","assessed_value":620500},{"address":"4065.0 PROWSE LANE SW","assessed_value":501500},{"address":"nan nan","assessed_value":8500},{"address":"270.0 MCCONACHIE DRIVE NW","assessed_value":143000},{"address":"nan nan","assessed_value":40500},{"address":"4871.0 WRIGHT DRIVE SW","assessed_value":663500},{"address":"nan nan","assessed_value":12000},{"address":"6027.0 168 AVENUE NW","assessed_value":625000},{"address":"4422.0 5A STREET NW","assessed_value":494000},{"address":"nan nan","assessed_value":12500},{"address":"10126.0 144 STREET NW","assessed_value":269000},{"address":"nan nan","assessed_value":12500},{"address":"104.0 ALLARD LINK SW","assessed_value":442000},{"address":"20744.0 98 AVENUE NW","assessed_value":576500},{"address":"2591.0 COUGHLAN ROAD SW","assessed_value":439000},{"address":"8927.0 24 AVENUE SW","assessed_value":658500},{"address":"nan nan","assessed_value":12000},{"address":"107.0 WATT COMMON SW","assessed_value":199000},{"address":"nan nan","assessed_value":12000},{"address":"10811.0 72 AVENUE NW","assessed_value":314500},{"address":"12644.0 44 STREET NW","assessed_value":164500},{"address":"11080.0 ELLERSLIE ROAD SW","assessed_value":309000},{"address":"2119.0 KOSHAL WAY SW","assessed_value":403000},{"address":"11969.0 JASPER AVENUE NW","assessed_value":213500},{"address":"nan nan","assessed_value":12500},{"address":"nan nan","assessed_value":8000},{"address":"17275.0 9 AVENUE SW","assessed_value":305500},{"address":"nan nan","assessed_value":3000},{"address":"107.0 WATT COMMON SW","assessed_value":193000},{"address":"18122.0 77 STREET NW","assessed_value":151000},{"address":"5151.0 WINDERMERE BOULEVARD SW","assessed_value":462500},{"address":"2223.0 22 STREET NW","assessed_value":780000},{"address":"508.0 GRIESBACH PARADE NW","assessed_value":278000},{"address":"846.0 35A AVENUE NW","assessed_value":481000},{"address":"2129.0 24 STREET NW","assessed_value":375500},{"address":"nan nan","assessed_value":5000},{"address":"nan nan","assessed_value":41000},{"address":"1919.0 15 AVENUE NW","assessed_value":441000},{"address":"5810.0 MULLEN PLACE NW","assessed_value":168500},{"address":"17824.0 9 AVENUE SW","assessed_value":495500},{"address":"1280.0 DANIELS CRESCENT SW","assessed_value":444500},{"address":"10226.0 104 STREET NW","assessed_value":296000},{"address":"213.0 41 AVENUE NW","assessed_value":471000},{"address":"7503.0 GETTY GATE NW","assessed_value":315500},{"address":"nan nan","assessed_value":5000},{"address":"305.0 DESROCHERS BOULEVARD SW","assessed_value":374000},{"address":"470.0 ORCHARDS BOULEVARD SW","assessed_value":401500},{"address":"nan nan","assessed_value":8000},{"address":"6006.0 107 STREET NW","assessed_value":1104500},{"address":"7224.0 MORGAN ROAD NW","assessed_value":449500},{"address":"1508.0 105 STREET NW","assessed_value":331500},{"address":"2008.0 105 STREET NW","assessed_value":2143000},{"address":"5324.0 22 AVENUE SW","assessed_value":526000},{"address":"107.0 WATT COMMON SW","assessed_value":187500},{"address":"nan nan","assessed_value":12500},{"address":"1140.0 CHAPPELLE BOULEVARD SW","assessed_value":291500},{"address":"12660.0 142 AVENUE NW","assessed_value":196500},{"address":"8107.0 CHAPPELLE WAY SW","assessed_value":377000},{"address":"nan nan","assessed_value":10500},{"address":"1065.0 WALKOWSKI PLACE NW","assessed_value":908500},{"address":"17559.0 57 STREET NW","assessed_value":503500},{"address":"274.0 MCCONACHIE DRIVE NW","assessed_value":160000},{"address":"2560.0 PEGASUS BOULEVARD NW","assessed_value":251500},{"address":"16281.0 141 STREET NW","assessed_value":917000},{"address":"3207.0 JAMES MOWATT TRAIL SW","assessed_value":149000},{"address":"2022.0 PRICE LANDING SW","assessed_value":418500},{"address":"1304.0 29 STREET NW","assessed_value":451000},{"address":"7015.0 SUMMERSIDE GRANDE BOULEVARD SW","assessed_value":480000},{"address":"804.0 WELSH DRIVE SW","assessed_value":311500},{"address":"6524.0 172 AVENUE NW","assessed_value":779500},{"address":"nan nan","assessed_value":4500},{"address":"1096.0 SECORD PROMENADE NW","assessed_value":530000},{"address":"10238.0 103 STREET NW","assessed_value":277000},{"address":"6519.0 ELSTON LOOP NW","assessed_value":612500},{"address":"38.0 ELSINORE PLACE NW","assessed_value":136500},{"address":"471.0 EBBERS WAY NW","assessed_value":417500},{"address":"20744.0 99 AVENUE NW","assessed_value":401000},{"address":"6419.0 ELSTON LOOP NW","assessed_value":510500},{"address":"5122.0 22 AVENUE SW","assessed_value":375500},{"address":"5025.0 EDGEMONT BOULEVARD NW","assessed_value":416500},{"address":"9914.0 207A STREET NW","assessed_value":422000},{"address":"3628.0 8 AVENUE SW","assessed_value":481500},{"address":"nan nan","assessed_value":5500},{"address":"17871.0 9 AVENUE SW","assessed_value":614500},{"address":"10811.0 72 AVENUE NW","assessed_value":285500},{"address":"475.0 EBBERS WAY NW","assessed_value":416500},{"address":"2670.0 MAPLE WAY NW","assessed_value":409000},{"address":"nan nan","assessed_value":4500},{"address":"897.0 EBBERS CRESCENT NW","assessed_value":424500},{"address":"10238.0 103 STREET NW","assessed_value":229000},{"address":"nan nan","assessed_value":8000},{"address":"2710.0 51 AVENUE NW","assessed_value":47388000},{"address":"nan nan","assessed_value":10500},{"address":"22613.0 94A AVENUE NW","assessed_value":642000},{"address":"nan nan","assessed_value":8000},{"address":"2004.0 TRUMPETER WAY NW","assessed_value":337500},{"address":"1104.0 30 AVENUE NW","assessed_value":471500},{"address":"nan nan","assessed_value":8000},{"address":"3910.0 171A AVENUE NW","assessed_value":646500},{"address":"16332.0 12 AVENUE SW","assessed_value":487000},{"address":"9330.0 95 STREET NW","assessed_value":964000},{"address":"6105.0 19A AVENUE SW","assessed_value":773500},{"address":"nan nan","assessed_value":4500},{"address":"8729.0 77 AVENUE NW","assessed_value":563000},{"address":"1372.0 WATT DRIVE SW","assessed_value":387500},{"address":"6922.0 JOHNNIE CAINE WAY NW","assessed_value":785000},{"address":"22527.0 98 AVENUE NW","assessed_value":537500},{"address":"nan nan","assessed_value":12000},{"address":"4891.0 WRIGHT DRIVE SW","assessed_value":676500},{"address":"903.0 CRYSTALLINA NERA WAY NW","assessed_value":272000},{"address":"nan nan","assessed_value":12500},{"address":"18126.0 77 STREET NW","assessed_value":160500},{"address":"2269.0 CASEY CRESCENT SW","assessed_value":423000},{"address":"415.0 CLAREVIEW ROAD NW","assessed_value":287000},{"address":"4039.0 3 STREET NW","assessed_value":466000},{"address":"4814.0 172A AVENUE NW","assessed_value":592500},{"address":"21928.0 86 AVENUE NW","assessed_value":574500},{"address":"nan nan","assessed_value":9500},{"address":"3670.0 139 AVENUE NW","assessed_value":211000},{"address":"1229.0 CHAPPELLE BOULEVARD SW","assessed_value":450500},{"address":"5203.0 149 AVENUE NW","assessed_value":267000},{"address":"4915.0 CHARLES POINT SW","assessed_value":624000},{"address":"nan nan","assessed_value":10000},{"address":"nan nan","assessed_value":12500},{"address":"625.0 LEGER WAY NW","assessed_value":387000},{"address":"2115.0 16 AVENUE NW","assessed_value":405000},{"address":"5151.0 WINDERMERE BOULEVARD SW","assessed_value":232500},{"address":"2424.0 19A AVENUE NW","assessed_value":401500},{"address":"2012.0 PRICE LANDING SW","assessed_value":405000},{"address":"2516.0 CASEY WAY SW","assessed_value":441000},{"address":"8150.0 CHAPPELLE WAY SW","assessed_value":396000},{"address":"1510.0 WATT DRIVE SW","assessed_value":159500},{"address":"111.0 WATT COMMON SW","assessed_value":217500},{"address":"nan nan","assessed_value":12000},{"address":"17817.0 60A STREET NW","assessed_value":680500},{"address":"5521.0 7 AVENUE SW","assessed_value":191500},{"address":"18122.0 77 STREET NW","assessed_value":133500},{"address":"3235.0 13 AVENUE NW","assessed_value":680000},{"address":"nan nan","assessed_value":5500},{"address":"812.0 WELSH DRIVE SW","assessed_value":192000},{"address":"925.0 WOOD PLACE NW","assessed_value":1366000},{"address":"1144.0 ADAMSON DRIVE SW","assessed_value":220500},{"address":"nan nan","assessed_value":6000},{"address":"274.0 MCCONACHIE DRIVE NW","assessed_value":166500},{"address":"12820.0 207 STREET NW","assessed_value":441000},{"address":"nan nan","assessed_value":12500},{"address":"2615.0 17 AVENUE NW","assessed_value":766000},{"address":"nan nan","assessed_value":8500},{"address":"nan nan","assessed_value":9500},{"address":"344.0 WINDERMERE ROAD NW","assessed_value":161000},{"address":"nan nan","assessed_value":8500},{"address":"12506.0 116 AVENUE NW","assessed_value":392500},{"address":"2174.0 52A STREET SW","assessed_value":403000},{"address":"7915.0 174 AVENUE NW","assessed_value":599000},{"address":"119.0 STREET NW","assessed_value":424000},{"address":"5521.0 7 AVENUE SW","assessed_value":199000},{"address":"2306.0 86 STREET SW","assessed_value":419500},{"address":"1037.0 WALKOWSKI PLACE NW","assessed_value":820000},{"address":"1423.0 167 STREET SW","assessed_value":460500},{"address":"9515.0 160 AVENUE NW","assessed_value":304500},{"address":"5151.0 WINDERMERE BOULEVARD SW","assessed_value":224500},{"address":"3009.0 14A AVENUE NW","assessed_value":759000},{"address":"3659.0 HUMMINGBIRD WAY NW","assessed_value":412000},{"address":"9220.0 154 STREET NW","assessed_value":566000},{"address":"4238.0 PROWSE WAY SW","assessed_value":396000},{"address":"6112.0 ROSENTHAL WAY NW","assessed_value":400000},{"address":"270.0 MCCONACHIE DRIVE NW","assessed_value":148000},{"address":"111.0 WATT COMMON SW","assessed_value":188000},{"address":"nan nan","assessed_value":41000},{"address":"10238.0 103 STREET NW","assessed_value":186000},{"address":"5521.0 7 AVENUE SW","assessed_value":173000},{"address":"18122.0 77 STREET NW","assessed_value":146000},{"address":"nan nan","assessed_value":12500},{"address":"nan nan","assessed_value":9000},{"address":"12319.0 176 AVENUE NW","assessed_value":587000},{"address":"nan nan","assessed_value":8500},{"address":"nan nan","assessed_value":8000},{"address":"10126.0 144 STREET","assessed_value":299500},{"address":"2570.0 CASEY WAY SW","assessed_value":413500},{"address":"2687.0 MAPLE WAY NW","assessed_value":426500},{"address":"9515.0 160 AVENUE NW","assessed_value":267000},{"address":"10319.0 120 STREET NW","assessed_value":515500},{"address":"3466.0 KESWICK BOULEVARD SW","assessed_value":570000},{"address":"9195.0 COOPER CRESCENT SW","assessed_value":595000},{"address":"15928.0 100 AVENUE NW","assessed_value":468500},{"address":"nan nan","assessed_value":40500},{"address":"1021.0 MCCONACHIE BOULEVARD NW","assessed_value":659000},{"address":"377.0 CY BECKER BOULEVARD NW","assessed_value":530000},{"address":"2827.0 16 AVENUE NW","assessed_value":422000},{"address":"nan nan","assessed_value":12500},{"address":"nan nan","assessed_value":9500},{"address":"6854.0 EVANS WYND NW","assessed_value":439000},{"address":"11969.0 JASPER AVENUE NW","assessed_value":400500},{"address":"2229.0 44 AVENUE NW","assessed_value":184000},{"address":"10226.0 104 STREET NW","assessed_value":199000},{"address":"320.0 SECORD BOULEVARD NW","assessed_value":301000},{"address":"2711.0 20 AVENUE NW","assessed_value":513000},{"address":"5151.0 WINDERMERE BOULEVARD SW","assessed_value":220000},{"address":"11235.0 79 AVENUE NW","assessed_value":858000},{"address":"nan nan","assessed_value":12500},{"address":"5631.0 22A AVENUE SW","assessed_value":627000},{"address":"7107.0 106 STREET NW","assessed_value":827000},{"address":"18122.0 77 STREET NW","assessed_value":196000},{"address":"nan nan","assessed_value":8000},{"address":"nan nan","assessed_value":8500},{"address":"nan nan","assessed_value":9000},{"address":"11616.0 126 STREET NW","assessed_value":532000},{"address":"1272.0 DANIELS CRESCENT SW","assessed_value":425500},{"address":"2609.0 22 AVENUE NW","assessed_value":525500},{"address":"nan nan","assessed_value":8500},{"address":"2872.0 KOSHAL CRESCENT SW","assessed_value":533000},{"address":"1510.0 WATT DRIVE SW","assessed_value":169500},{"address":"nan nan","assessed_value":5500},{"address":"10652.0 64 AVENUE NW","assessed_value":584000},{"address":"3770.0 WEIDLE CRESCENT SW","assessed_value":460500},{"address":"nan nan","assessed_value":12500},{"address":"9939.0 224 STREET NW","assessed_value":616000},{"address":"nan nan","assessed_value":14500},{"address":"nan nan","assessed_value":5500},{"address":"1144.0 ADAMSON DRIVE SW","assessed_value":259000},{"address":"18126.0 77 STREET NW","assessed_value":151500},{"address":"1403.0 25 AVENUE NW","assessed_value":473000},{"address":"nan nan","assessed_value":8500},{"address":"nan nan","assessed_value":12500},{"address":"1031.0 173 STREET SW","assessed_value":153500},{"address":"111.0 WATT COMMON SW","assessed_value":182000},{"address":"nan nan","assessed_value":12500},{"address":"1585.0 TAMARACK BOULEVARD NW","assessed_value":407000},{"address":"5647.0 22A AVENUE SW","assessed_value":652500},{"address":"17844.0 59 STREET NW","assessed_value":459000},{"address":"nan nan","assessed_value":12500},{"address":"176.0 DESROCHERS GATE SW","assessed_value":363000},{"address":"871.0 EBBERS CRESCENT NW","assessed_value":414500},{"address":"nan nan","assessed_value":40500},{"address":"4349.0 126B AVENUE NW","assessed_value":154000},{"address":"nan nan","assessed_value":12000},{"address":"5203.0 149 AVENUE NW","assessed_value":271500},{"address":"6060.0 ROSENTHAL WAY NW","assessed_value":373000},{"address":"20511.0 128 AVENUE NW","assessed_value":402000},{"address":"274.0 MCCONACHIE DRIVE NW","assessed_value":166000},{"address":"2905.0 141 STREET SW","assessed_value":314500},{"address":"2803.0 JAMES MOWATT TRAIL SW","assessed_value":306000},{"address":"1533.0 21 STREET NW","assessed_value":483000},{"address":"2911.0 KOSTASH DRIVE SW","assessed_value":638000},{"address":"18122.0 77 STREET NW","assessed_value":133500},{"address":"9812.0 225 STREET NW","assessed_value":587000},{"address":"1031.0 173 STREET SW","assessed_value":236500},{"address":"nan nan","assessed_value":8500},{"address":"915.0 176 STREET SW","assessed_value":685500},{"address":"5151.0 WINDERMERE BOULEVARD SW","assessed_value":284500},{"address":"1739.0 163 STREET SW","assessed_value":814000},{"address":"8132.0 217 STREET NW","assessed_value":400500},{"address":"5235.0 22 AVENUE SW","assessed_value":427500},{"address":"11721.0 127 STREET NW","assessed_value":488000},{"address":"9851.0 217 STREET NW","assessed_value":376500},{"address":"1039.0 EAST BEND NW","assessed_value":454500},{"address":"503.0 ALBANY WAY NW","assessed_value":295500},{"address":"nan nan","assessed_value":14500},{"address":"nan nan","assessed_value":8000},{"address":"3315.0 JAMES MOWATT TRAIL SW","assessed_value":146000},{"address":"555.0 MERLIN LANDING NW","assessed_value":615000},{"address":"6487.0 ELSTON LOOP NW","assessed_value":552500},{"address":"10238.0 103 STREET NW","assessed_value":291500},{"address":"1669.0 91 STREET NW","assessed_value":2685000},{"address":"nan nan","assessed_value":12000},{"address":"6958.0 76 AVENUE NW","assessed_value":330000},{"address":"11129.0 77 AVENUE NW","assessed_value":750000},{"address":"2106.0 24 STREET NW","assessed_value":408000},{"address":"4359.0 126 AVENUE NW","assessed_value":444000},{"address":"17910.0 9A AVENUE SW","assessed_value":587000},{"address":"11969.0 JASPER AVENUE NW","assessed_value":619000},{"address":"4008.0 SAVARYN DRIVE SW","assessed_value":207000},{"address":"274.0 MCCONACHIE DRIVE NW","assessed_value":158000},{"address":"nan nan","assessed_value":14500},{"address":"8921.0 217 STREET NW","assessed_value":421000},{"address":"2229.0 44 AVENUE NW","assessed_value":178500},{"address":"17319.0 49 STREET NW","assessed_value":465500},{"address":"6511.0 174 AVENUE NW","assessed_value":691500},{"address":"4235.0 VETERANS WAY NW","assessed_value":684500},{"address":"nan nan","assessed_value":40500},{"address":"2791.0 COUGHLAN GREEN SW","assessed_value":432000},{"address":"6424.0 173 AVENUE NW","assessed_value":641500},{"address":"nan nan","assessed_value":8000},{"address":"5370.0 CHAPPELLE ROAD SW","assessed_value":159500},{"address":"nan nan","assessed_value":12000},{"address":"nan nan","assessed_value":41000},{"address":"1617.0 DAVIDSON GREEN SW","assessed_value":574000},{"address":"nan nan","assessed_value":8000},{"address":"3625.0 144 AVENUE NW","assessed_value":286500},{"address":"7213.0 MORGAN ROAD NW","assessed_value":421500},{"address":"270.0 MCCONACHIE DRIVE NW","assessed_value":152500},{"address":"12323.0 86 STREET NW","assessed_value":393500},{"address":"5816.0 MULLEN PLACE NW","assessed_value":197500},{"address":"nan nan","assessed_value":5500},{"address":"5151.0 WINDERMERE BOULEVARD SW","assessed_value":334000},{"address":"316.0 WINDERMERE ROAD NW","assessed_value":348500},{"address":"3507.0 CHERRY LANDING SW","assessed_value":429500},{"address":"1934.0 24 STREET NW","assessed_value":398000},{"address":"nan nan","assessed_value":5000},{"address":"541.0 EBBERS WAY NW","assessed_value":370500},{"address":"4815.0 173 AVENUE NW","assessed_value":410500},{"address":"1621.0 DAVIDSON GREEN SW","assessed_value":572500},{"address":"452.0 42 AVENUE NW","assessed_value":632000},{"address":"nan nan","assessed_value":5000},{"address":"1875.0 KEENE CRESCENT SW","assessed_value":545500},{"address":"270.0 MCCONACHIE DRIVE NW","assessed_value":164000},{"address":"508.0 GRIESBACH PARADE NW","assessed_value":241500},{"address":"348.0 WINDERMERE ROAD NW","assessed_value":188500},{"address":"1198.0 CY BECKER ROAD NW","assessed_value":599500},{"address":"1734.0 TANAGER CLOSE NW","assessed_value":762000},{"address":"1415.0 26 AVENUE NW","assessed_value":452000},{"address":"2005.0 15 AVENUE NW","assessed_value":511000},{"address":"10226.0 104 STREET NW","assessed_value":281000},{"address":"16340.0 18 AVENUE SW","assessed_value":658500},{"address":"2711.0 11 STREET NW","assessed_value":688000},{"address":"3315.0 JAMES MOWATT TRAIL SW","assessed_value":159500},{"address":"nan nan","assessed_value":12500},{"address":"11623.0 88 STREET NW","assessed_value":386500},{"address":"11080.0 ELLERSLIE ROAD SW","assessed_value":254500},{"address":"8403.0 24 AVENUE SW","assessed_value":450500},{"address":"nan nan","assessed_value":4500},{"address":"3312.0 11 AVENUE NW","assessed_value":700500},{"address":"22220.0 88 AVENUE NW","assessed_value":494500},{"address":"nan nan","assessed_value":10500},{"address":"22123.0 89 AVENUE NW","assessed_value":515500},{"address":"2560.0 CASEY WAY SW","assessed_value":418000},{"address":"nan nan","assessed_value":372000},{"address":"nan nan","assessed_value":5000},{"address":"2844.0 16 AVENUE NW","assessed_value":411000},{"address":"1218.0 MCCONACHIE BOULEVARD NW","assessed_value":448500},{"address":"12735.0 205 STREET NW","assessed_value":435500},{"address":"10227.0 115 STREET NW","assessed_value":246000},{"address":"nan nan","assessed_value":9500},{"address":"2311.0 21 AVENUE NW","assessed_value":660000},{"address":"1632.0 18 STREET NW","assessed_value":547500},{"address":"504.0 GRIESBACH PARADE NW","assessed_value":277500},{"address":"12603.0 45 STREET NW","assessed_value":376500},{"address":"508.0 EBBERS WAY NW","assessed_value":483500},{"address":"3931.0 5 STREET NW","assessed_value":684000},{"address":"15709.0 139 STREET NW","assessed_value":220500},{"address":"nan nan","assessed_value":9000},{"address":"3806.0 171A AVENUE NW","assessed_value":501000},{"address":"17326.0 81 STREET NW","assessed_value":443000},{"address":"2370.0 CASSIDY WAY SW","assessed_value":16500},{"address":"10238.0 103 STREET NW","assessed_value":260000},{"address":"nan nan","assessed_value":12500},{"address":"22713.0 94B AVENUE NW","assessed_value":571000},{"address":"nan nan","assessed_value":8000},{"address":"17451.0 9 AVENUE SW","assessed_value":629500},{"address":"307.0 ALLARD BOULEVARD SW","assessed_value":412500},{"address":"nan nan","assessed_value":8500},{"address":"415.0 CLAREVIEW ROAD NW","assessed_value":296000},{"address":"nan nan","assessed_value":8500},{"address":"1004.0 ROSENTHAL BOULEVARD NW","assessed_value":217500},{"address":"3396.0 CHICKADEE DRIVE NW","assessed_value":612000},{"address":"nan nan","assessed_value":4500},{"address":"2762.0 COUGHLAN GREEN SW","assessed_value":391000},{"address":"17215.0 9 AVENUE SW","assessed_value":305500},{"address":"9744.0 223 STREET NW","assessed_value":603000},{"address":"5029.0 EDGEMONT BOULEVARD NW","assessed_value":336000},{"address":"1260.0 AINSLIE WAY SW","assessed_value":850500},{"address":"10548.0 130 STREET NW","assessed_value":672000},{"address":"8422.0 CUSHING COURT SW","assessed_value":556000},{"address":"2669.0 MAPLE WAY NW","assessed_value":397000},{"address":"625.0 LEGER WAY NW","assessed_value":399500},{"address":"1321.0 CHAPPELLE BOULEVARD SW","assessed_value":374000},{"address":"270.0 MCCONACHIE DRIVE NW","assessed_value":183000},{"address":"nan nan","assessed_value":4500},{"address":"6029.0 19A AVENUE SW","assessed_value":584000},{"address":"nan nan","assessed_value":9500},{"address":"nan nan","assessed_value":10000},{"address":"3718.0 WEIDLE CRESCENT SW","assessed_value":445000},{"address":"12650.0 142 AVENUE NW","assessed_value":210000},{"address":"nan nan","assessed_value":12500},{"address":"1431.0 30 STREET NW","assessed_value":691000},{"address":"nan nan","assessed_value":4500},{"address":"16431.0 17 AVENUE SW","assessed_value":742000},{"address":"905.0 174A STREET SW","assessed_value":732000},{"address":"nan nan","assessed_value":1693500},{"address":"3211.0 JAMES MOWATT TRAIL SW","assessed_value":187000},{"address":"nan nan","assessed_value":12000},{"address":"17066.0 38 STREET NW","assessed_value":408500},{"address":"3414.0 CHERRY WAY SW","assessed_value":472500},{"address":"8132.0 217 STREET NW","assessed_value":456000},{"address":"5370.0 CHAPPELLE ROAD SW","assessed_value":183500},{"address":"804.0 WELSH DRIVE SW","assessed_value":345500},{"address":"nan nan","assessed_value":10500},{"address":"935.0 EBBERS CRESCENT NW","assessed_value":422500},{"address":"1504.0 168 STREET SW","assessed_value":611500},{"address":"nan nan","assessed_value":8000},{"address":"2427.0 19A AVENUE NW","assessed_value":405000},{"address":"nan nan","assessed_value":9000},{"address":"nan nan","assessed_value":40500},{"address":"677.0 LEWIS GREENS DRIVE NW","assessed_value":409500},{"address":"nan nan","assessed_value":12000},{"address":"nan nan","assessed_value":4500},{"address":"nan nan","assessed_value":5000},{"address":"nan nan","assessed_value":9500},{"address":"4476.0 ANNETT COMMON SW","assessed_value":367500},{"address":"9330.0 87 STREET NW","assessed_value":71000},{"address":"4345.0 SAVARYN DRIVE SW","assessed_value":591500},{"address":"4036.0 BLACKBIRD LINK NW","assessed_value":383500},{"address":"nan nan","assessed_value":8000},{"address":"11080.0 ELLERSLIE ROAD SW","assessed_value":235500},{"address":"1719.0 158 STREET SW","assessed_value":558500},{"address":"9200.0 COOPER CRESCENT SW","assessed_value":409000},{"address":"2419.0 19A AVENUE NW","assessed_value":454000},{"address":"3407.0 8 STREET NW","assessed_value":595000},{"address":"2651.0 21 AVENUE NW","assessed_value":601000},{"address":"nan nan","assessed_value":14500},{"address":"nan nan","assessed_value":12500},{"address":"nan nan","assessed_value":8000},{"address":"nan nan","assessed_value":40500},{"address":"11969.0 JASPER AVENUE NW","assessed_value":275500},{"address":"16447.0 17 AVENUE SW","assessed_value":626000},{"address":"9171.0 SHAW WAY SW","assessed_value":306000},{"address":"1112.0 WAHL PLACE NW","assessed_value":402500},{"address":"2908.0 151 AVENUE NW","assessed_value":258500},{"address":"17259.0 9A AVENUE SW","assessed_value":329500},{"address":"1191.0 CY BECKER ROAD NW","assessed_value":385000},{"address":"nan nan","assessed_value":10000},{"address":"878.0 EBBERS CRESCENT NW","assessed_value":733000},{"address":"8815.0 223 STREET NW","assessed_value":490500},{"address":"810.0 EBBERS CRESCENT NW","assessed_value":513500},{"address":"5370.0 CHAPPELLE ROAD SW","assessed_value":166500},{"address":"10223.0 122 AVENUE NW","assessed_value":341500},{"address":"nan nan","assessed_value":9000},{"address":"nan nan","assessed_value":12000},{"address":"10238.0 103 STREET NW","assessed_value":286500},{"address":"nan nan","assessed_value":5500},{"address":"270.0 MCCONACHIE DRIVE NW","assessed_value":123500},{"address":"348.0 WINDERMERE ROAD NW","assessed_value":196500},{"address":"8437.0 CUSHING COURT SW","assessed_value":452000},{"address":"1041.0 COOPERS HAWK LINK NW","assessed_value":555500},{"address":"508.0 GRIESBACH PARADE NW","assessed_value":274500},{"address":"5510.0 SCHONSEE DRIVE NW","assessed_value":157000},{"address":"1521.0 24 STREET NW","assessed_value":407000},{"address":"12650.0 142 AVENUE NW","assessed_value":156500},{"address":"17519.0 122 STREET NW","assessed_value":559000},{"address":"nan nan","assessed_value":12000},{"address":"9843.0 225 STREET NW","assessed_value":599000},{"address":"295.0 EDGEMONT ROAD NW","assessed_value":380500},{"address":"5875.0 ANTHONY CRESCENT SW","assessed_value":387500},{"address":"nan nan","assessed_value":4500},{"address":"2205.0 16 AVENUE NW","assessed_value":385000},{"address":"7906.0 174 AVENUE NW","assessed_value":485500},{"address":"5151.0 WINDERMERE BOULEVARD SW","assessed_value":180500},{"address":"2627.0 17 AVENUE NW","assessed_value":592000},{"address":"5810.0 MULLEN PLACE NW","assessed_value":165000},{"address":"5213.0 22 AVENUE SW","assessed_value":418000},{"address":"8209.0 217 STREET NW","assessed_value":320500},{"address":"1745.0 27 STREET NW","assessed_value":432000},{"address":"nan nan","assessed_value":41000},{"address":"nan nan","assessed_value":5500},{"address":"1097.0 SECORD PROMENADE NW","assessed_value":569500},{"address":"17544.0 122 STREET NW","assessed_value":16500},{"address":"16311.0 18 AVENUE SW","assessed_value":687000},{"address":"10238.0 103 STREET NW","assessed_value":324500},{"address":"15709.0 139 STREET NW","assessed_value":182000},{"address":"5804.0 MULLEN PLACE NW","assessed_value":158500},{"address":"320.0 SECORD BOULEVARD NW","assessed_value":305500},{"address":"12660.0 142 AVENUE NW","assessed_value":210000},{"address":"1508.0 105 STREET NW","assessed_value":328500},{"address":"128.0 FAIRWAY DRIVE NW","assessed_value":1162500},{"address":"nan nan","assessed_value":8000},{"address":"nan nan","assessed_value":8500},{"address":"17130.0 38 STREET NW","assessed_value":394500},{"address":"nan nan","assessed_value":5500},{"address":"nan nan","assessed_value":12500},{"address":"nan nan","assessed_value":12000},{"address":"nan nan","assessed_value":9500},{"address":"18126.0 77 STREET NW","assessed_value":154000},{"address":"4016.0 KENNEDY CLOSE SW","assessed_value":725000},{"address":"1508.0 105 STREET NW","assessed_value":333000},{"address":"15709.0 139 STREET NW","assessed_value":220500},{"address":"1031.0 173 STREET SW","assessed_value":163500},{"address":"nan nan","assessed_value":10000},{"address":"nan nan","assessed_value":14500},{"address":"nan nan","assessed_value":6000},{"address":"13538.0 STONY PLAIN ROAD NW","assessed_value":806500},{"address":"15819.0 15 AVENUE SW","assessed_value":643500},{"address":"16407.0 12 AVENUE SW","assessed_value":682500},{"address":"17603.0 77 STREET NW","assessed_value":604500},{"address":"1762.0 KEENE CRESCENT SW","assessed_value":376500},{"address":"8209.0 217 STREET NW","assessed_value":326500},{"address":"nan nan","assessed_value":8500},{"address":"348.0 WINDERMERE ROAD NW","assessed_value":171500},{"address":"18126.0 77 STREET NW","assessed_value":193500},{"address":"nan nan","assessed_value":40500},{"address":"4157.0 CHARLES LINK SW","assessed_value":464500},{"address":"10510.0 85 AVENUE NW","assessed_value":772000},{"address":"4421.0 KENNEDY COVE SW","assessed_value":1373000},{"address":"3211.0 13 AVENUE NW","assessed_value":694000},{"address":"nan nan","assessed_value":8000},{"address":"6503.0 ELSTON LOOP NW","assessed_value":612000},{"address":"nan nan","assessed_value":12000},{"address":"297.0 ALLARD BOULEVARD SW","assessed_value":443000},{"address":"274.0 MCCONACHIE DRIVE NW","assessed_value":192500},{"address":"4029.0 ORCHARDS DRIVE SW","assessed_value":233000},{"address":"nan nan","assessed_value":11000},{"address":"nan nan","assessed_value":4500},{"address":"4420.0 ANNETT COMMON SW","assessed_value":408500},{"address":"698.0 HOWATT DRIVE SW","assessed_value":1151000},{"address":"4017.0 ORCHARDS DRIVE SW","assessed_value":300500},{"address":"nan nan","assessed_value":12000},{"address":"803.0 EAGLESON LINK NW","assessed_value":616000},{"address":"1140.0 CHAPPELLE BOULEVARD SW","assessed_value":295500},{"address":"22424.0 99 AVENUE NW","assessed_value":554000},{"address":"909.0 173A STREET SW","assessed_value":648000},{"address":"nan nan","assessed_value":8500},{"address":"2326.0 22 AVENUE NW","assessed_value":416000},{"address":"3121.0 11 AVENUE NW","assessed_value":455500},{"address":"11825.0 56 STREET NW","assessed_value":451500},{"address":"5945.0 168 AVENUE NW","assessed_value":486000},{"address":"22720.0 94B AVENUE NW","assessed_value":543500},{"address":"4020.0 3 STREET NW","assessed_value":466500},{"address":"2651.0 SIR ARTHUR CURRIE WAY NW","assessed_value":383500},{"address":"1654.0 DAVIDSON GREEN SW","assessed_value":616500},{"address":"344.0 WINDERMERE ROAD NW","assessed_value":184500},{"address":"2160.0 27 STREET NW","assessed_value":793500},{"address":"12650.0 142 AVENUE NW","assessed_value":210500},{"address":"7232.0 105A STREET NW","assessed_value":798500},{"address":"4008.0 SAVARYN DRIVE SW","assessed_value":239000},{"address":"9010.0 217 STREET NW","assessed_value":423000},{"address":"1304.0 26 AVENUE NW","assessed_value":572500},{"address":"nan nan","assessed_value":8000},{"address":"3399.0 CHICKADEE DRIVE NW","assessed_value":773000},{"address":"nan nan","assessed_value":6000},{"address":"2611.0 21 AVENUE NW","assessed_value":511000},{"address":"903.0 CRYSTALLINA NERA WAY NW","assessed_value":287500},{"address":"11915.0 22 AVENUE SW","assessed_value":3535500},{"address":"17644.0 58 STREET NW","assessed_value":441000},{"address":"8163.0 225 STREET NW","assessed_value":441500},{"address":"17719.0 9A AVENUE SW","assessed_value":585500},{"address":"2004.0 TRUMPETER WAY NW","assessed_value":324000},{"address":"1119.0 WAHL PLACE NW","assessed_value":1504000},{"address":"1205.0 WAHL COURT NW","assessed_value":1044500},{"address":"nan nan","assessed_value":12000},{"address":"3511.0 8 STREET NW","assessed_value":587500},{"address":"nan nan","assessed_value":3000},{"address":"8813.0 221 STREET NW","assessed_value":384000},{"address":"11080.0 ELLERSLIE ROAD SW","assessed_value":253500},{"address":"nan nan","assessed_value":40500},{"address":"9807.0 219 STREET NW","assessed_value":604500},{"address":"2560.0 PEGASUS BOULEVARD NW","assessed_value":301500},{"address":"1432.0 29 STREET NW","assessed_value":592000},{"address":"5916.0 19 AVENUE SW","assessed_value":563500},{"address":"7385.0 EDGEMONT WAY NW","assessed_value":311000},{"address":"11134.0 76 AVENUE NW","assessed_value":878000},{"address":"5224.0 CRABAPPLE LINK SW","assessed_value":400000},{"address":"4404.0 126 AVENUE NW","assessed_value":372000},{"address":"2584.0 COUGHLAN ROAD SW","assessed_value":429000},{"address":"953.0 EBBERS CRESCENT NW","assessed_value":426500},{"address":"9617.0 62 AVENUE NW","assessed_value":484500},{"address":"nan nan","assessed_value":9500},{"address":"nan nan","assessed_value":12500},{"address":"224.0 1820 RUTHERFORD ROAD SW","assessed_value":139000},{"address":"667.0 WATT BOULEVARD SW","assessed_value":178500},{"address":"nan nan","assessed_value":12000},{"address":"6448.0 ELSTON LOOP NW","assessed_value":551000},{"address":"nan nan","assessed_value":4500},{"address":"3508.0 9 STREET NW","assessed_value":440000},{"address":"nan nan","assessed_value":12000},{"address":"5853.0 ANTHONY CRESCENT SW","assessed_value":449000},{"address":"nan nan","assessed_value":14500},{"address":"1206.0 WAHL COURT NW","assessed_value":1058500},{"address":"5810.0 MULLEN PLACE NW","assessed_value":168500},{"address":"nan nan","assessed_value":9500},{"address":"320.0 AMBLESIDE LINK SW","assessed_value":204500},{"address":"2212.0 86 STREET SW","assessed_value":417000},{"address":"3203.0 11 AVENUE NW","assessed_value":485000},{"address":"17318.0 65A STREET NW","assessed_value":578500},{"address":"1651.0 DAVIDSON GREEN SW","assessed_value":610000},{"address":"1415.0 150 AVENUE NW","assessed_value":737500},{"address":"1004.0 EBY ROAD SW","assessed_value":1680000},{"address":"2803.0 JAMES MOWATT TRAIL SW","assessed_value":322500},{"address":"nan nan","assessed_value":40500},{"address":"5370.0 CHAPPELLE ROAD SW","assessed_value":179500},{"address":"5414.0 ALLBRIGHT SQUARE SW","assessed_value":540500},{"address":"8043.0 CHAPPELLE WAY SW","assessed_value":424500},{"address":"6520.0 2 AVENUE SW","assessed_value":262500},{"address":"6151.0 175 AVENUE NW","assessed_value":619500},{"address":"11969.0 JASPER AVENUE NW","assessed_value":784500},{"address":"1140.0 CHAPPELLE BOULEVARD SW","assessed_value":294500},{"address":"1110.0 KESWICK DRIVE SW","assessed_value":132500},{"address":"10114.0 160 STREET NW","assessed_value":347000},{"address":"2154.0 52A STREET SW","assessed_value":412000},{"address":"903.0 CRYSTALLINA NERA WAY NW","assessed_value":333000},{"address":"3640.0 HUMMINGBIRD WAY NW","assessed_value":702500},{"address":"706.0 HOWATT DRIVE SW","assessed_value":1350000},{"address":"nan nan","assessed_value":12000},{"address":"451.0 ORCHARDS BOULEVARD SW","assessed_value":473000},{"address":"785.0 WINDERMERE WYND NW","assessed_value":648000},{"address":"nan nan","assessed_value":8000},{"address":"1510.0 WATT DRIVE SW","assessed_value":178500},{"address":"nan nan","assessed_value":12000},{"address":"17864.0 9 AVENUE SW","assessed_value":584000},{"address":"5181.0 CHAPPELLE ROAD SW","assessed_value":371500},{"address":"nan nan","assessed_value":12000},{"address":"3434.0 CHERRY WAY SW","assessed_value":444000},{"address":"1259.0 CHAPPELLE BOULEVARD SW","assessed_value":406000},{"address":"361.0 DESROCHERS BOULEVARD SW","assessed_value":453500},{"address":"11080.0 ELLERSLIE ROAD SW","assessed_value":190500},{"address":"nan nan","assessed_value":41000},{"address":"233.0 40A AVENUE NW","assessed_value":414500},{"address":"nan nan","assessed_value":12000},{"address":"nan nan","assessed_value":8500},{"address":"10811.0 72 AVENUE NW","assessed_value":314000},{"address":"2231.0 CALHOUN LINK SW","assessed_value":655500},{"address":"12212.0 124 STREET NW","assessed_value":490000},{"address":"2772.0 KOSHAL PLACE SW","assessed_value":452500},{"address":"5151.0 WINDERMERE BOULEVARD SW","assessed_value":232000},{"address":"22917.0 94A AVENUE NW","assessed_value":564500},{"address":"6126.0 171 AVENUE NW","assessed_value":538000},{"address":"316.0 WINDERMERE ROAD NW","assessed_value":352500},{"address":"4029.0 ORCHARDS DRIVE SW","assessed_value":295000},{"address":"2060.0 PRICE LANDING SW","assessed_value":432000},{"address":"nan nan","assessed_value":12500},{"address":"7909.0 105 AVENUE NW","assessed_value":383000},{"address":"22104.0 88 AVENUE NW","assessed_value":531000},{"address":"nan nan","assessed_value":6000},{"address":"5816.0 MULLEN PLACE NW","assessed_value":163500},{"address":"8129.0 CHAPPELLE WAY SW","assessed_value":397500},{"address":"1709.0 27 STREET NW","assessed_value":438500},{"address":"9191.0 COOPER CRESCENT SW","assessed_value":491000},{"address":"1535.0 GRAYDON HILL POINT SW","assessed_value":491000},{"address":"2260.0 GLENRIDDING BOULEVARD SW","assessed_value":397000},{"address":"10075.0 95 STREET NW","assessed_value":28500},{"address":"2103.0 AUXIER COURT SW","assessed_value":783500},{"address":"nan nan","assessed_value":10500},{"address":"1204.0 25 AVENUE NW","assessed_value":679000},{"address":"3683.0 HUMMINGBIRD WAY NW","assessed_value":690000},{"address":"503.0 ALBANY WAY NW","assessed_value":221000},{"address":"1141.0 EBY ROAD SW","assessed_value":6196500},{"address":"17258.0 9 AVENUE SW","assessed_value":536000},{"address":"2036.0 88 STREET SW","assessed_value":1002500},{"address":"nan nan","assessed_value":10500},{"address":"111.0 WATT COMMON SW","assessed_value":193500},{"address":"325.0 HAWKS RIDGE BOULEVARD NW","assessed_value":478000},{"address":"4033.0 PROWSE LANE SW","assessed_value":534000},{"address":"9515.0 160 AVENUE NW","assessed_value":304500},{"address":"20504.0 128 AVENUE NW","assessed_value":465000},{"address":"277.0 ALLARD BOULEVARD SW","assessed_value":461000},{"address":"8719.0 CARSON WAY SW","assessed_value":561500},{"address":"nan nan","assessed_value":12000},{"address":"4008.0 SAVARYN DRIVE SW","assessed_value":218000},{"address":"1611.0 158 STREET SW","assessed_value":701000},{"address":"nan nan","assessed_value":5500},{"address":"1793.0 KEENE CRESCENT SW","assessed_value":336500},{"address":"5510.0 SCHONSEE DRIVE NW","assessed_value":194500},{"address":"1078.0 GAULT BOULEVARD NW","assessed_value":306000},{"address":"12009.0 MERIDIAN STREET NE","assessed_value":1152000},{"address":"1424.0 WATT DRIVE SW","assessed_value":405500},{"address":"5227.0 CRABAPPLE LINK SW","assessed_value":408500},{"address":"151.0 HAYS RIDGE BOULEVARD SW","assessed_value":619000},{"address":"17862.0 9A AVENUE SW","assessed_value":648500},{"address":"8403.0 CUSHING COURT SW","assessed_value":420500},{"address":"17837.0 60A STREET NW","assessed_value":626000},{"address":"16016.0 13 AVENUE SW","assessed_value":471500},{"address":"310.0 EDGEMONT ROAD NW","assessed_value":729000},{"address":"364.0 CHARLESWORTH DRIVE SW","assessed_value":404500},{"address":"17247.0 9A AVENUE SW","assessed_value":322000},{"address":"nan nan","assessed_value":12500},{"address":"8929.0 24 AVENUE SW","assessed_value":691000},{"address":"2328.0 86 STREET SW","assessed_value":403000},{"address":"nan nan","assessed_value":9000},{"address":"344.0 WINDERMERE ROAD NW","assessed_value":194500},{"address":"6144.0 176 AVENUE NW","assessed_value":497000},{"address":"22808.0 94B AVENUE NW","assessed_value":533500},{"address":"12815.0 CUMBERLAND ROAD NW","assessed_value":345500},{"address":"2138.0 57 STREET SW","assessed_value":757500},{"address":"2560.0 PEGASUS BOULEVARD NW","assessed_value":272000},{"address":"4226.0 VETERANS WAY NW","assessed_value":1467500},{"address":"17328.0 49 STREET NW","assessed_value":425500},{"address":"10226.0 104 STREET NW","assessed_value":211500},{"address":"5697.0 CRABAPPLE WAY SW","assessed_value":394500},{"address":"12815.0 CUMBERLAND ROAD NW","assessed_value":237000},{"address":"8164.0 225 STREET NW","assessed_value":489000},{"address":"2504.0 13 STREET NW","assessed_value":586500},{"address":"2319.0 86 STREET SW","assessed_value":504500},{"address":"3364.0 ORCHARDS LINK SW","assessed_value":470500},{"address":"nan nan","assessed_value":9500},{"address":"828.0 35 AVENUE NW","assessed_value":455500},{"address":"2560.0 PEGASUS BOULEVARD NW","assessed_value":335000},{"address":"3118.0 15 AVENUE NW","assessed_value":357000},{"address":"5810.0 MULLEN PLACE NW","assessed_value":170500},{"address":"1129.0 31 STREET NW","assessed_value":467500},{"address":"1540.0 21 STREET NW","assessed_value":471000},{"address":"5203.0 149 AVENUE NW","assessed_value":267000},{"address":"nan nan","assessed_value":9500},{"address":"1228.0 163 STREET SW","assessed_value":406500},{"address":"17074.0 38 STREET NW","assessed_value":402000},{"address":"17824.0 59 STREET NW","assessed_value":436000},{"address":"nan nan","assessed_value":40500},{"address":"nan nan","assessed_value":4500},{"address":"nan nan","assessed_value":8500},{"address":"4211.0 KENNEDY COURT SW","assessed_value":705500},{"address":"nan nan","assessed_value":12000},{"address":"3526.0 9 STREET NW","assessed_value":420500},{"address":"7385.0 EDGEMONT WAY NW","assessed_value":236500},{"address":"667.0 WATT BOULEVARD SW","assessed_value":182500},{"address":"5390.0 CHAPPELLE ROAD SW","assessed_value":189000},{"address":"2560.0 PEGASUS BOULEVARD NW","assessed_value":275500},{"address":"2882.0 KOSHAL CRESCENT SW","assessed_value":443000},{"address":"3214.0 CHERNOWSKI WAY SW","assessed_value":601000},{"address":"8920.0 217 STREET NW","assessed_value":429000},{"address":"451.0 EBBERS WAY NW","assessed_value":438500},{"address":"nan nan","assessed_value":10500},{"address":"nan nan","assessed_value":4500},{"address":"20526.0 128 AVENUE NW","assessed_value":491500},{"address":"20523.0 95 AVENUE NW","assessed_value":923500},{"address":"nan nan","assessed_value":9000},{"address":"3365.0 ORCHARDS LINK SW","assessed_value":464500},{"address":"nan nan","assessed_value":8000},{"address":"679.0 LEWIS GREENS DRIVE NW","assessed_value":406500},{"address":"667.0 WATT BOULEVARD SW","assessed_value":182500},{"address":"4511.0 126 AVENUE NW","assessed_value":139500},{"address":"2229.0 44 AVENUE NW","assessed_value":149500},{"address":"4008.0 SAVARYN DRIVE SW","assessed_value":273500},{"address":"1628.0 19 STREET NW","assessed_value":735000},{"address":"nan nan","assessed_value":8500},{"address":"12239.0 93 STREET NW","assessed_value":357000},{"address":"nan nan","assessed_value":12000},{"address":"2334.0 GLENRIDDING BOULEVARD SW","assessed_value":415500},{"address":"2653.0 MAPLE WAY NW","assessed_value":402500},{"address":"989.0 MCCONACHIE BOULEVARD NW","assessed_value":445000},{"address":"2631.0 11 STREET NW","assessed_value":668500},{"address":"1319.0 165 STREET SW","assessed_value":632500},{"address":"16324.0 17 AVENUE SW","assessed_value":655500},{"address":"nan nan","assessed_value":12500},{"address":"3621.0 HUMMINGBIRD WAY NW","assessed_value":471000},{"address":"nan nan","assessed_value":4500},{"address":"10606.0 84 AVENUE NW","assessed_value":400500},{"address":"5415.0 174 AVENUE NW","assessed_value":22000},{"address":"nan nan","assessed_value":14500},{"address":"nan nan","assessed_value":8000},{"address":"4314.0 KENNEDY BAY SW","assessed_value":1505500},{"address":"8132.0 217 STREET NW","assessed_value":430500},{"address":"nan nan","assessed_value":12500},{"address":"1237.0 163 STREET SW","assessed_value":396500},{"address":"6820.0 EVANS WYND NW","assessed_value":410500},{"address":"nan nan","assessed_value":8500},{"address":"11969.0 JASPER AVENUE NW","assessed_value":573000},{"address":"5804.0 MULLEN PLACE NW","assessed_value":201500},{"address":"nan nan","assessed_value":6000},{"address":"5521.0 7 AVENUE SW","assessed_value":181000},{"address":"6313.0 170 AVENUE NW","assessed_value":438000},{"address":"287.0 DESROCHERS BOULEVARD SW","assessed_value":396000},{"address":"2017.0 57 STREET SW","assessed_value":697500},{"address":"2341.0 CASSIDY WAY SW","assessed_value":622000},{"address":"3207.0 JAMES MOWATT TRAIL SW","assessed_value":161500},{"address":"1624.0 167 STREET SW","assessed_value":435500},{"address":"3315.0 JAMES MOWATT TRAIL SW","assessed_value":192000},{"address":"5151.0 WINDERMERE BOULEVARD SW","assessed_value":236000},{"address":"2923.0 11 STREET NW","assessed_value":586500},{"address":"4453.0 6A STREET NW","assessed_value":592500},{"address":"5810.0 MULLEN PLACE NW","assessed_value":170500},{"address":"3324.0 12 AVENUE NW","assessed_value":572500},{"address":"3664.0 KESWICK BOULEVARD SW","assessed_value":646000},{"address":"2329.0 90B STREET SW","assessed_value":830000},{"address":"408.0 42 AVENUE NW","assessed_value":645000},{"address":"8413.0 24 AVENUE SW","assessed_value":447500}]