[{"address":"3615.0 12 STREET NW","assessed_value":427000},{"address":"9999.0 111 STREET NW","assessed_value":67500},{"address":"4403.0 23 STREET NW","assessed_value":133500},{"address":"nan nan","assessed_value":7500},{"address":"7335.0 SOUTH TERWILLEGAR DRIVE NW","assessed_value":162000},{"address":"1915.0 HAMMOND PLACE NW","assessed_value":507000},{"address":"10563.0 172 STREET NW","assessed_value":442500},{"address":"263.0 MACEWAN ROAD SW","assessed_value":177000},{"address":"7293.0 SOUTH TERWILLEGAR DRIVE NW","assessed_value":315000},{"address":"10142.0 162 STREET NW","assessed_value":86500},{"address":"11934.0 105 STREET NW","assessed_value":67000},{"address":"nan nan","assessed_value":5500},{"address":"6315.0 135 AVENUE NW","assessed_value":155000},{"address":"11923.0 106 STREET NW","assessed_value":68500},{"address":"nan nan","assessed_value":19500},{"address":"nan nan","assessed_value":7500},{"address":"7133.0 SOUTH TERWILLEGAR DRIVE NW","assessed_value":499500},{"address":"nan nan","assessed_value":3000},{"address":"nan nan","assessed_value":14500},{"address":"1015.0 GAULT BOULEVARD NW","assessed_value":362000},{"address":"10315.0 156 STREET NW","assessed_value":118500},{"address":"nan nan","assessed_value":7000},{"address":"1188.0 HYNDMAN ROAD NW","assessed_value":160000},{"address":"9999.0 111 STREET NW","assessed_value":99000},{"address":"nan nan","assessed_value":8000},{"address":"215.0 58 STREET SW","assessed_value":479000},{"address":"9730.0 156 STREET NW","assessed_value":77000},{"address":"16019.0 132 STREET NW","assessed_value":324000},{"address":"2129.0 AUSTIN LINK SW","assessed_value":411500},{"address":"nan nan","assessed_value":4000},{"address":"12050.0 17 AVENUE SW","assessed_value":261500},{"address":"nan nan","assessed_value":9000},{"address":"695.0 ADAMS WAY SW","assessed_value":582000},{"address":"4367.0 VETERANS WAY NW","assessed_value":390500},{"address":"22068.0 95 AVENUE NW","assessed_value":471000},{"address":"nan nan","assessed_value":4000},{"address":"1703.0 23 AVENUE NW","assessed_value":2805000},{"address":"11247.0 180 STREET NW","assessed_value":521000},{"address":"2462.0 AUSTIN CRESCENT SW","assessed_value":474000},{"address":"3128.0 PARSONS ROAD NW","assessed_value":262000},{"address":"nan nan","assessed_value":4000},{"address":"10333.0 112 STREET NW","assessed_value":218500},{"address":"3010.0 33 AVENUE NW","assessed_value":217500},{"address":"nan nan","assessed_value":4000},{"address":"21904.0 34 STREET NW","assessed_value":25000},{"address":"3638.0 12 STREET NW","assessed_value":443000},{"address":"nan nan","assessed_value":9500},{"address":"1003.0 GAULT BOULEVARD NW","assessed_value":309000},{"address":"9084.0 SHAW WAY SW","assessed_value":345000},{"address":"10146.0 154 STREET NW","assessed_value":78000},{"address":"nan nan","assessed_value":19500},{"address":"nan nan","assessed_value":15000},{"address":"nan nan","assessed_value":4500},{"address":"12014.0 128 AVENUE NW","assessed_value":208500},{"address":"nan nan","assessed_value":4000},{"address":"9346.0 103A AVENUE NW","assessed_value":223500},{"address":"11203.0 103A AVENUE NW","assessed_value":221000},{"address":"9156.0 23 AVENUE NW","assessed_value":1215000},{"address":"nan nan","assessed_value":10000},{"address":"1901.0 126 STREET SW","assessed_value":411000},{"address":"nan nan","assessed_value":10500},{"address":"1131.0 74 STREET SW","assessed_value":460000},{"address":"nan nan","assessed_value":75000},{"address":"6024.0 MAYNARD WAY NW","assessed_value":776500},{"address":"6220.0 134 AVENUE NW","assessed_value":155000},{"address":"nan nan","assessed_value":7000},{"address":"7339.0 SOUTH TERWILLEGAR DRIVE NW","assessed_value":173000},{"address":"3720.0 118 AVENUE NW","assessed_value":58000},{"address":"301.0 CLAREVIEW STATTION DRIVE NW","assessed_value":164000},{"address":"10145.0 161 STREET NW","assessed_value":87000},{"address":"10055.0 118 STREET NW","assessed_value":383000},{"address":"5203.0 MULLEN CREST NW","assessed_value":1227500},{"address":"735.0 85 STREET SW","assessed_value":336000},{"address":"2283.0 AUSTIN WAY SW","assessed_value":416500},{"address":"7909.0 71 STREET NW","assessed_value":220000},{"address":"10910.0 110 STREET NW","assessed_value":113500},{"address":"nan nan","assessed_value":5500},{"address":"2107.0 89B STREET SW","assessed_value":905500},{"address":"10531.0 117 STREET NW","assessed_value":231500},{"address":"3824.0 ALLAN DRIVE SW","assessed_value":356500},{"address":"5005.0 165 AVENUE NW","assessed_value":144000},{"address":"1901.0 126 STREET SW","assessed_value":418000},{"address":"nan nan","assessed_value":4000},{"address":"10011.0 62 STREET NW","assessed_value":107000},{"address":"nan nan","assessed_value":5500},{"address":"1204.0 156 STREET NW","assessed_value":214000},{"address":"nan nan","assessed_value":15000},{"address":"nan nan","assessed_value":4000},{"address":"10724.0 105 STREET NW","assessed_value":75000},{"address":"7115.0 SOUTH TERWILLEGAR DRIVE NW","assessed_value":484500},{"address":"301.0 CLARVIEW STATION DRIVE NW","assessed_value":160000},{"address":"15151.0 43 STREET NW","assessed_value":293000},{"address":"10531.0 117 STREET NW","assessed_value":191000},{"address":"812.0 172 STREET SW","assessed_value":644000},{"address":"nan nan","assessed_value":152500},{"address":"nan nan","assessed_value":19500},{"address":"nan nan","assessed_value":3500},{"address":"10333.0 112 STREET NW","assessed_value":223000},{"address":"10232.0 115 STREET NW","assessed_value":292500},{"address":"nan nan","assessed_value":10500},{"address":"nan nan","assessed_value":4000},{"address":"nan nan","assessed_value":8000},{"address":"nan nan","assessed_value":7500},{"address":"nan nan","assessed_value":7500},{"address":"10136.0 104 STREET NW","assessed_value":304000},{"address":"nan nan","assessed_value":10500},{"address":"9622.0 106A AVENUE NW","assessed_value":257500},{"address":"4245.0 139 AVENUE NW","assessed_value":166500},{"address":"226.0 SECORD DRIVE NW","assessed_value":467000},{"address":"123.0 55 STREET SW","assessed_value":577000},{"address":"16003.0 132 STREET NW","assessed_value":332500},{"address":"6124.0 10 AVENUE SW","assessed_value":597000},{"address":"2440.0 CAMERON RAVINE DRIVE NW","assessed_value":4097000},{"address":"4245.0 139 AVENUE NW","assessed_value":185000},{"address":"nan nan","assessed_value":15000},{"address":"470.0 MACEWAN ROAD SW","assessed_value":145500},{"address":"13825.0 155 AVENUE NW","assessed_value":236000},{"address":"nan nan","assessed_value":19500},{"address":"103.0 AMBLESIDE DRIVE SW","assessed_value":165500},{"address":"nan nan","assessed_value":4000},{"address":"3509.0 WEST PLACE NW","assessed_value":788500},{"address":"6018.0 207A STREET NW","assessed_value":533000},{"address":"nan nan","assessed_value":10500},{"address":"1589.0 GLASTONBURY BOULEVARD NW","assessed_value":243000},{"address":"3128.0 WATSON GREEN SW","assessed_value":1958500},{"address":"3554.0 12 STREET NW","assessed_value":394500},{"address":"6827.0 19A AVENUE SW","assessed_value":642500},{"address":"736.0 CAINE BOULEVARD SW","assessed_value":696000},{"address":"672.0 ADAMS WAY SW","assessed_value":583000},{"address":"610.0 WINDERMERE COURT NW","assessed_value":815500},{"address":"1304.0 JAMES MOWATT TRAIL SW","assessed_value":153500},{"address":"16705.0 57A STREET NW","assessed_value":545000},{"address":"nan nan","assessed_value":4000},{"address":"10322.0 83 STREET NW","assessed_value":211500},{"address":"nan nan","assessed_value":7500},{"address":"6315.0 135 AVENUE NW","assessed_value":155000},{"address":"6023.0 208 STREET NW","assessed_value":487500},{"address":"6036.0 213 STREET NW","assessed_value":369000},{"address":"10040.0 151 STREET NW","assessed_value":54500},{"address":"2294.0 WARRY LOOP SW","assessed_value":783000},{"address":"7293.0 SOUTH TERWILLEGAR DRIVE NW","assessed_value":293500},{"address":"612.0 111 STREET SW","assessed_value":229000},{"address":"nan nan","assessed_value":7500},{"address":"920.0 156 STREET NW","assessed_value":152500},{"address":"10910.0 110 STREET NW","assessed_value":93500},{"address":"6608.0 28 AVENUE NW","assessed_value":284500},{"address":"nan nan","assessed_value":10500},{"address":"10710.0 80 AVENUE NW","assessed_value":118000},{"address":"10046.0 117 STREET NW","assessed_value":393500},{"address":"6032.0 38 AVENUE NW","assessed_value":261000},{"address":"301.0 CLARVIEW STATION DRIVE NW","assessed_value":156000},{"address":"nan nan","assessed_value":15000},{"address":"5850.0 168A AVENUE NW","assessed_value":387500},{"address":"11229.0 117 STREET NW","assessed_value":2598000},{"address":"735.0 85 STREET SW","assessed_value":332500},{"address":"11359.0 174 STREET NW","assessed_value":498000},{"address":"nan nan","assessed_value":5500},{"address":"1226.0 CHAHLEY LANDING NW","assessed_value":1137000},{"address":"nan nan","assessed_value":10000},{"address":"nan nan","assessed_value":4000},{"address":"1730.0 LEGER GATE NW","assessed_value":326500},{"address":"nan nan","assessed_value":4000},{"address":"450.0 HYNDMAN CRESCENT NW","assessed_value":255000},{"address":"nan nan","assessed_value":10500},{"address":"nan nan","assessed_value":7000},{"address":"11342.0 13A AVENUE SW","assessed_value":548500},{"address":"2012.0 HAMMOND CLOSE NW","assessed_value":364500},{"address":"2208.0 32B STREET NW","assessed_value":664000},{"address":"6023.0 213 STREET NW","assessed_value":369000},{"address":"1520.0 HAMMOND GATE NW","assessed_value":191000},{"address":"nan nan","assessed_value":15000},{"address":"nan nan","assessed_value":4000},{"address":"4316.0 139 AVENUE NW","assessed_value":153500},{"address":"4245.0 139 AVENUE NW","assessed_value":191500},{"address":"nan nan","assessed_value":7500},{"address":"8618.0 106 AVENUE NW","assessed_value":80000},{"address":"10945.0 84 STREET NW","assessed_value":88000},{"address":"nan nan","assessed_value":8000},{"address":"15525.0 103 AVENUE NW","assessed_value":101000},{"address":"nan nan","assessed_value":8000},{"address":"960.0 VALOUR WAY NW","assessed_value":328500},{"address":"10404.0 24 AVENUE NW","assessed_value":155500},{"address":"6032.0 38 AVENUE NW","assessed_value":261000},{"address":"6305.0 MANN PLACE NW","assessed_value":831500},{"address":"10121.0 80 AVENUE NW","assessed_value":212500},{"address":"12408.0 15 AVENUE SW","assessed_value":218500},{"address":"2469.0 AUSTIN CRESCENT SW","assessed_value":458500},{"address":"nan nan","assessed_value":4000},{"address":"10046.0 117 STREET NW","assessed_value":417500},{"address":"2115.0 28 STREET NW","assessed_value":368000},{"address":"8306.0 JASPER AVENUE NW","assessed_value":54500},{"address":"706.0 ADAMS WAY SW","assessed_value":643500},{"address":"1925.0 HAMMOND PLACE NW","assessed_value":522500},{"address":"nan nan","assessed_value":4000},{"address":"9357.0 SIMPSON DRIVE NW","assessed_value":185000},{"address":"nan nan","assessed_value":14500},{"address":"22044.0 95B AVENUE NW","assessed_value":504500},{"address":"nan nan","assessed_value":4000},{"address":"10625.0 83 AVENUE NW","assessed_value":148500},{"address":"nan nan","assessed_value":10500},{"address":"6304.0 SANDIN WAY NW","assessed_value":310500},{"address":"147.0 55 STREET SW","assessed_value":604500},{"address":"2815.0 34 AVENUE NW","assessed_value":420000},{"address":"1638.0 HAMMOND CRESCENT NW","assessed_value":442500},{"address":"112.0 57 STREET SW","assessed_value":499500},{"address":"9363.0 SIMPSON DRIVE NW","assessed_value":159000},{"address":"9999.0 111 STREET NW","assessed_value":79500},{"address":"10235.0 112 STREET NW","assessed_value":253500},{"address":"nan nan","assessed_value":10500},{"address":"5604.0 199 STREET NW","assessed_value":268000},{"address":"1705.0 64 STREET SW","assessed_value":385500},{"address":"1407.0 GLASTONBURY BOULEVARD NW","assessed_value":452000},{"address":"7331.0 SOUTH TERWILLEGAR DRIVE NW","assessed_value":174500},{"address":"1020.0 CONNELLY WAY SW","assessed_value":577000},{"address":"14703.0 137 AVENUE NW","assessed_value":7943500},{"address":"10235.0 116 STREET NW","assessed_value":149500},{"address":"4905.0 214 STREET NW","assessed_value":472000},{"address":"9945.0 167 STREET NW","assessed_value":149500},{"address":"1718.0 RABBIT HILL ROAD NW","assessed_value":182000},{"address":"611.0 TAMARACK ROAD NW","assessed_value":580000},{"address":"1718.0 RABBIT HILL ROAD NW","assessed_value":216500},{"address":"nan nan","assessed_value":8000},{"address":"2629.0 ANDERSON CRESCENT SW","assessed_value":578000},{"address":"10207.0 115 STREET NW","assessed_value":95500},{"address":"1094.0 HOPE ROAD NW","assessed_value":697500},{"address":"nan nan","assessed_value":10000},{"address":"nan nan","assessed_value":6500},{"address":"1108.0 CONNELLY COURT SW","assessed_value":816500},{"address":"nan nan","assessed_value":4500},{"address":"14608.0 125 STREET NW","assessed_value":193000},{"address":"1619.0 JAMES MOWAT TRAIL SW","assessed_value":162000},{"address":"5436.0 36 STREET NW","assessed_value":387500},{"address":"nan nan","assessed_value":8000},{"address":"17960.0 84 STREET NW","assessed_value":435500},{"address":"6608.0 28 AVENUE NW","assessed_value":462500},{"address":"11445.0 ANTHONY HENDAY DRIVE NW","assessed_value":263000},{"address":"nan nan","assessed_value":4000},{"address":"13825.0 155 AVENUE NW","assessed_value":213500},{"address":"nan nan","assessed_value":5500},{"address":"nan nan","assessed_value":4000},{"address":"2147.0 28 STREET NW","assessed_value":391500},{"address":"9819.0 104 STREET NW","assessed_value":190000},{"address":"12930.0 140 AVENUE NW","assessed_value":282000},{"address":"1285.0 CUNNINGHAM DRIVE SW","assessed_value":352500},{"address":"nan nan","assessed_value":7500},{"address":"9819.0 104 STREET NW","assessed_value":233500},{"address":"nan nan","assessed_value":7500},{"address":"nan nan","assessed_value":15000},{"address":"2503.0 HANNA CRESCENT NW","assessed_value":224000},{"address":"709.0 DECOTEAU WAY NW","assessed_value":370500},{"address":"10235.0 112 STREET NW","assessed_value":156500},{"address":"8931.0 156 STREET NW","assessed_value":209500},{"address":"1307.0 72 STREET SW","assessed_value":555500},{"address":"860.0 WILDWOOD CRESCENT NW","assessed_value":868500},{"address":"nan nan","assessed_value":8000},{"address":"2504.0 109 STREET NW","assessed_value":368000},{"address":"9105.0 SHAW WAY SW","assessed_value":364000},{"address":"1520.0 HAMMOND GATE NW","assessed_value":187000},{"address":"5304.0 1A AVENUE SW","assessed_value":525500},{"address":"742.0 WELSH DRIVE SW","assessed_value":344000},{"address":"920.0 156 STREET NW","assessed_value":121500},{"address":"nan nan","assessed_value":4000},{"address":"nan nan","assessed_value":10500},{"address":"nan nan","assessed_value":4000},{"address":"2504.0 109 STREET NW","assessed_value":369500},{"address":"6209.0 SOUTHESK LANDING NW","assessed_value":605500},{"address":"7111.0 80 AVENUE NW","assessed_value":129000},{"address":"nan nan","assessed_value":3000},{"address":"nan nan","assessed_value":112500},{"address":"2471.0 AUSTIN CRESCENT SW","assessed_value":489000},{"address":"nan nan","assessed_value":4500},{"address":"1612.0 64 STREET SW","assessed_value":378000},{"address":"4245.0 139 AVENUE NW","assessed_value":112500},{"address":"7909.0 71 STREET NW","assessed_value":204000},{"address":"nan nan","assessed_value":500},{"address":"4245.0 139 AVENUE NW","assessed_value":169500},{"address":"8618.0 106 AVENUE NW","assessed_value":78000},{"address":"25.0 EVERGREEN PARK NW","assessed_value":80500},{"address":"6220.0 134 AVENUE NW","assessed_value":159500},{"address":"nan nan","assessed_value":4000},{"address":"9919.0 105 STREET NW","assessed_value":158000},{"address":"4506.0 190 STREET NW","assessed_value":565500},{"address":"nan nan","assessed_value":5500},{"address":"9927.0 79 AVENUE NW","assessed_value":242500},{"address":"320.0 CLAREVIEW STATION DRIVE NW","assessed_value":168000},{"address":"466.0 MACEWAN ROAD SW","assessed_value":180500},{"address":"nan nan","assessed_value":4000},{"address":"10136.0 104 STREET NW","assessed_value":239000},{"address":"659.0 173A STREET SW","assessed_value":620000},{"address":"nan nan","assessed_value":10500},{"address":"18113.0 96A AVENUE NW","assessed_value":598000},{"address":"9363.0 SIMPSON DRIVE NW","assessed_value":166000},{"address":"nan nan","assessed_value":4000},{"address":"10644.0 109 STREET NW","assessed_value":72500},{"address":"7335.0 SOUTH TERWILLEGAR DRIVE NW","assessed_value":167500},{"address":"nan nan","assessed_value":7500},{"address":"nan nan","assessed_value":7000},{"address":"nan nan","assessed_value":8000},{"address":"5604.0 199 STREET NW","assessed_value":268000},{"address":"nan nan","assessed_value":10500},{"address":"1589.0 GLASTONBURY BOULEVARD NW","assessed_value":210000},{"address":"6220.0 134 AVENUE NW","assessed_value":117000},{"address":"nan nan","assessed_value":4000},{"address":"nan nan","assessed_value":5500},{"address":"2227.0 AUSTIN WAY SW","assessed_value":365500},{"address":"3419.0 WEST LANDING NW","assessed_value":598500},{"address":"5951.0 165 AVENUE NW","assessed_value":170000},{"address":"10303.0 111 STREET NW","assessed_value":276000},{"address":"3226.0 21A AVENUE NW","assessed_value":611000},{"address":"600.0 KIRKNESS ROAD NW","assessed_value":96500},{"address":"nan nan","assessed_value":8000},{"address":"7293.0 SOUTH TERWILLEGAR DRIVE NW","assessed_value":288500},{"address":"nan nan","assessed_value":19500},{"address":"nan nan","assessed_value":10500},{"address":"6220.0 134 AVENUE NW","assessed_value":174500},{"address":"9919.0 105 STREET NW","assessed_value":125500},{"address":"12408.0 15 AVENUE SW","assessed_value":248000},{"address":"4011.0 WHISPERING RIVER DRIVE NW","assessed_value":118500},{"address":"11615.0 ELLERSLIE ROAD SW","assessed_value":172500},{"address":"2504.0 109 STREET NW","assessed_value":209500},{"address":"5907.0 209 STREET NW","assessed_value":485000},{"address":"9933.0 85 AVENUE NW","assessed_value":126500},{"address":"20841.0 92A AVENUE NW","assessed_value":547500},{"address":"2003.0 HAMMOND CLOSE NW","assessed_value":373500},{"address":"1332.0 CUNNINGHAM DRIVE SW","assessed_value":566500},{"address":"10303.0 111 STREET NW","assessed_value":176500},{"address":"12207.0 JASPER AVENUE NW","assessed_value":228000},{"address":"2023.0 HAMMOND CLOSE NW","assessed_value":351500},{"address":"nan nan","assessed_value":10000},{"address":"130.0 HYNDMAN CRESCENT NW","assessed_value":239500},{"address":"nan nan","assessed_value":10000},{"address":"nan nan","assessed_value":5500},{"address":"nan nan","assessed_value":8500},{"address":"4245.0 139 AVENUE NW","assessed_value":157500},{"address":"7327.0 SOUTH TERWILLEGARD DRIVE NW","assessed_value":172500},{"address":"2132.0 30 STREET NW","assessed_value":419500},{"address":"2503.0 HANNA CRESCENT NW","assessed_value":236000},{"address":"16721.0 58A STREET NW","assessed_value":526000},{"address":"5005.0 165 AVENUE NW","assessed_value":148500},{"address":"9999.0 111 STREET NW","assessed_value":87500},{"address":"9231.0 160 AVENUE NW","assessed_value":764500},{"address":"nan nan","assessed_value":7000},{"address":"4245.0 139 AVENUE NW","assessed_value":190500},{"address":"1619.0 JAMES MOWATT TRAIL SW","assessed_value":215500},{"address":"1520.0 HAMMOND GATE NW","assessed_value":184500},{"address":"nan nan","assessed_value":7500},{"address":"815.0 172 STREET SW","assessed_value":367500},{"address":"6921.0 199 STREET NW","assessed_value":177000},{"address":"2825.0 21A AVENUE NW","assessed_value":419500},{"address":"6004.0 13 AVENUE SW","assessed_value":551000},{"address":"15514.0 52A STREET NW","assessed_value":478000},{"address":"466.0 MACEWAN ROAD SW","assessed_value":178500},{"address":"nan nan","assessed_value":4000},{"address":"1204.0 156 STREET NW","assessed_value":135500},{"address":"8116.0 123 AVENUE NW","assessed_value":85500},{"address":"nan nan","assessed_value":4000},{"address":"nan nan","assessed_value":7500},{"address":"nan nan","assessed_value":4500},{"address":"4316.0 139 AVENUE NW","assessed_value":143000},{"address":"nan nan","assessed_value":15000},{"address":"825.0 WILDWOOD CRESCENT NW","assessed_value":949000},{"address":"1320.0 RUTHERFORD ROAD SW","assessed_value":222000},{"address":"15506.0 52A STREET NW","assessed_value":637000},{"address":"nan nan","assessed_value":10000},{"address":"9363.0 SIMPSON DRIVE NW","assessed_value":173000},{"address":"nan nan","assessed_value":15000},{"address":"nan nan","assessed_value":9000},{"address":"2510.0 109 STREET NW","assessed_value":195000},{"address":"8411.0 119 AVENUE NW","assessed_value":72000},{"address":"nan nan","assessed_value":5500},{"address":"1004.0 PARSONS ROAD SW","assessed_value":592000},{"address":"7339.0 SOUTH TERWILLEGAR DRIVE NW","assessed_value":162000},{"address":"16716.0 58 STREET NW","assessed_value":507000},{"address":"9363.0 SIMPSON DRIVE NW","assessed_value":132500},{"address":"2108.0 30 STREET NW","assessed_value":455500},{"address":"nan nan","assessed_value":4000},{"address":"2631.0 29 STREET NW","assessed_value":370000},{"address":"6315.0 135 AVENUE NW","assessed_value":155000},{"address":"nan nan","assessed_value":58500},{"address":"nan nan","assessed_value":10000},{"address":"nan nan","assessed_value":8000},{"address":"10621.0 123 STREET NW","assessed_value":82500},{"address":"13215.0 153 AVENUE NW","assessed_value":237000},{"address":"1718.0 RABBIT HILL ROAD NW","assessed_value":162000},{"address":"9999.0 111 STREET NW","assessed_value":67500},{"address":"12050.0 17 AVENUE SW","assessed_value":261500},{"address":"nan nan","assessed_value":10500},{"address":"2559.0 ANDERSON WAY SW","assessed_value":579500},{"address":"1421.0 HERMITAGE ROAD NW","assessed_value":262500},{"address":"nan nan","assessed_value":4000},{"address":"9363.0 SIMPSON DRIVE NW","assessed_value":124000},{"address":"3514.0 WEST PLACE NW","assessed_value":862500},{"address":"nan nan","assessed_value":4000},{"address":"17146.0 6B AVENUE SW","assessed_value":765000},{"address":"nan nan","assessed_value":9000},{"address":"804.0 ARMITAGE WYND SW","assessed_value":574000},{"address":"nan nan","assessed_value":4000},{"address":"12035.0 82 STREET NW","assessed_value":73000},{"address":"679.0 171 STREET SW","assessed_value":468500},{"address":"nan nan","assessed_value":4000},{"address":"nan nan","assessed_value":10500},{"address":"1188.0 HYNDMAN ROAD NW","assessed_value":164500},{"address":"6220.0 134 AVENUE NW","assessed_value":124500},{"address":"11441.0 14A AVENUE SW","assessed_value":624500},{"address":"5303.0 36 STREET NW","assessed_value":12692500},{"address":"10408.0 92 STREET NW","assessed_value":88000},{"address":"2104.0 70 STREET SW","assessed_value":478500},{"address":"859.0 ARMITAGE WYND SW","assessed_value":809000},{"address":"301.0 CLAREVIEW STATION DRIVE NW","assessed_value":162000},{"address":"nan nan","assessed_value":19000},{"address":"975.0 VALOUR WAY NW","assessed_value":515000},{"address":"nan nan","assessed_value":10000},{"address":"9925.0 156 STREET NW","assessed_value":75000},{"address":"nan nan","assessed_value":10000},{"address":"nan nan","assessed_value":4500},{"address":"22018.0 95A AVENUE NW","assessed_value":540500},{"address":"7347.0 SOUTH TERWILLEGAR DRIVE NW","assessed_value":188000},{"address":"7025.0 106 STREET NW","assessed_value":531500},{"address":"nan nan","assessed_value":7500},{"address":"10121.0 80 AVENUE NW","assessed_value":185000},{"address":"6824.0 19 AVENUE SW","assessed_value":613500},{"address":"466.0 MACEWAN ROAD SW","assessed_value":179000},{"address":"nan nan","assessed_value":4500},{"address":"11015.0 83 STREET NW","assessed_value":104000},{"address":"nan nan","assessed_value":4000},{"address":"nan nan","assessed_value":10500},{"address":"201.0 CALLAGHAN DRIVE SW","assessed_value":818000},{"address":"1188.0 HYNDMAN ROAD NW","assessed_value":141000},{"address":"nan nan","assessed_value":5500},{"address":"nan nan","assessed_value":8000},{"address":"2464.0 CAMERON RAVINE DRIVE NW","assessed_value":1965000},{"address":"5005.0 165 AVENUE NW","assessed_value":178500},{"address":"9112.0 SHAW WAY SW","assessed_value":367000},{"address":"3231.0 WHITELAW DRIVE NW","assessed_value":624000},{"address":"1097.0 ARMITAGE CRESCENT SW","assessed_value":646500},{"address":"1730.0 LEGER GATE NW","assessed_value":354000},{"address":"12931.0 64 STREET NW","assessed_value":60500},{"address":"7111.0 80 AVENUE NW","assessed_value":107500},{"address":"21314.0 61 AVENUE NW","assessed_value":353500},{"address":"nan nan","assessed_value":4000},{"address":"6920.0 19A AVENUE SW","assessed_value":442500},{"address":"2226.0 32B STREET NW","assessed_value":563000},{"address":"nan nan","assessed_value":7500},{"address":"nan nan","assessed_value":10000},{"address":"nan nan","assessed_value":4000},{"address":"7909.0 71 STREET NW","assessed_value":208500},{"address":"182.0 CALLAGHAN DRIVE SW","assessed_value":883500},{"address":"nan nan","assessed_value":7500},{"address":"1522.0 TOWNE CENTRE BOULEVARD NW","assessed_value":482000},{"address":"330.0 CLAREVIEW STATION DRIVE NW","assessed_value":181500},{"address":"1520.0 HAMMOND GATE NW","assessed_value":184500},{"address":"2503.0 HANNA CRESCENT NW","assessed_value":185500},{"address":"2915.0 ELLWOOD DRIVE SW","assessed_value":753000},{"address":"5107.0 154 AVENUE NW","assessed_value":714500},{"address":"10404.0 24 AVENUE NW","assessed_value":154500},{"address":"1520.0 HAMMOND GATE NW","assessed_value":192000},{"address":"2118.0 AUSTIN LINK SW","assessed_value":439500},{"address":"nan nan","assessed_value":4000},{"address":"12914.0 64 STREET NW","assessed_value":51500},{"address":"861.0 WILDWOOD CRESCENT NW","assessed_value":1043000},{"address":"3312.0 20 AVENUE NW","assessed_value":540500},{"address":"nan nan","assessed_value":4000},{"address":"1188.0 HYNDMAN ROAD NW","assessed_value":159000},{"address":"17939.0 85 STREET NW","assessed_value":425500},{"address":"9006.0 149 STREET NW","assessed_value":64500},{"address":"852.0 LEWIS GREENS DRIVE NW","assessed_value":689000},{"address":"10531.0 117 STREET NW","assessed_value":206000},{"address":"1119.0 61 STREET SW","assessed_value":534000},{"address":"1231.0 CHAHLEY LANDING NW","assessed_value":657000},{"address":"10945.0 84 STREET NW","assessed_value":72500},{"address":"12408.0 15 AVENUE SW","assessed_value":241500},{"address":"5951.0 165 AVENUE NW","assessed_value":128000},{"address":"5630.0 1A AVENUE SW","assessed_value":407000},{"address":"nan nan","assessed_value":4500},{"address":"nan nan","assessed_value":8500},{"address":"10531.0 117 STREET NW","assessed_value":212000},{"address":"7327.0 SOUTH TERWILLEGAR DRIVE NW","assessed_value":166000},{"address":"1320.0 RUTHERFORD ROAD SW","assessed_value":252500},{"address":"7220.0 21 AVENUE SW","assessed_value":570000},{"address":"nan nan","assessed_value":4500},{"address":"604.0 62 STREET SW","assessed_value":236000},{"address":"6807.0 19A AVENUE SW","assessed_value":653000},{"address":"nan nan","assessed_value":7000},{"address":"nan nan","assessed_value":4000},{"address":"2505.0 WARRY BAY SW","assessed_value":776500},{"address":"nan nan","assessed_value":19500},{"address":"16021.0 137A STREET NW","assessed_value":472000},{"address":"22061.0 95B AVENUE NW","assessed_value":573500},{"address":"13625.0 34 STREET NW","assessed_value":170000},{"address":"10624.0 103 STREET NW","assessed_value":72000},{"address":"600.0 KIRKNESS ROAD NW","assessed_value":96500},{"address":"12223.0 82 STREET NW","assessed_value":64500},{"address":"6921.0 199 STREET NW","assessed_value":137500},{"address":"10118.0 106 AVENUE NW","assessed_value":154500},{"address":"nan nan","assessed_value":19500},{"address":"11535.0 124 STREET NW","assessed_value":71000},{"address":"nan nan","assessed_value":4000},{"address":"nan nan","assessed_value":9000},{"address":"246.0 AMBLESIDE DRIVE SW","assessed_value":720000},{"address":"12930.0 140 AVENUE NW","assessed_value":278000},{"address":"nan nan","assessed_value":7500},{"address":"2103.0 28 STREET NW","assessed_value":403000},{"address":"nan nan","assessed_value":7500},{"address":"nan nan","assessed_value":10500},{"address":"380.0 SILVER BERRY ROAD NW","assessed_value":280000},{"address":"1703.0 64 STREET SW","assessed_value":384000},{"address":"4245.0 139 AVENUE NW","assessed_value":185000},{"address":"10625.0 83 AVENUE NW","assessed_value":180000},{"address":"2051.0 TOWNE CENTRE BOULEVARD NW","assessed_value":262500},{"address":"6704.0 SPEAKER PLACE NW","assessed_value":575500},{"address":"10303.0 111 STREET NW","assessed_value":172000},{"address":"2503.0 HANNA CRESCENT NW","assessed_value":200000},{"address":"9529.0 106 AVENUE NW","assessed_value":245000},{"address":"nan nan","assessed_value":5500},{"address":"320.0 CLAREVIEW STATION DRIVE NW","assessed_value":155000},{"address":"920.0 156 STREET NW","assessed_value":124500},{"address":"9122.0 SHAW WAY SW","assessed_value":370000},{"address":"1087.0 ARMITAGE CRESCENT SW","assessed_value":654500},{"address":"nan nan","assessed_value":7500},{"address":"9760.0 76 AVENUE NW","assessed_value":91500},{"address":"10207.0 115 STREET NW","assessed_value":125500},{"address":"103.0 CALLAGHAN DRIVE SW","assessed_value":346000},{"address":"9148.0 23 AVENUE NW","assessed_value":349500},{"address":"11015.0 83 STREET NW","assessed_value":103500},{"address":"7347.0 SOUTH TERWILLEGAR DRIVE NW","assessed_value":178500},{"address":"nan nan","assessed_value":7000},{"address":"604.0 62 STREET SW","assessed_value":192000},{"address":"10715.0 112 STREET NW","assessed_value":84000},{"address":"nan nan","assessed_value":8000},{"address":"nan nan","assessed_value":10500},{"address":"10404.0 24 AVENUE NW","assessed_value":155500},{"address":"20670.0 93A AVENUE NW","assessed_value":441000},{"address":"nan nan","assessed_value":4500},{"address":"2503.0 HANNA CRESCENT NW","assessed_value":208500},{"address":"9342.0 103 AVENUE NW","assessed_value":103500},{"address":"nan nan","assessed_value":7500},{"address":"3720.0 118 AVENUE NW","assessed_value":56000},{"address":"20695.0 93 AVENUE NW","assessed_value":600500},{"address":"6218.0 SOUTHESK LANDING NW","assessed_value":792500},{"address":"1618.0 65 STREET SW","assessed_value":422500},{"address":"nan nan","assessed_value":7500},{"address":"9115.0 SHAW WAY SW","assessed_value":362000},{"address":"nan nan","assessed_value":4000},{"address":"330.0 CLAREVIEW STATION DRIVE NW","assessed_value":199500},{"address":"nan nan","assessed_value":8000},{"address":"3010.0 33 AVENUE NW","assessed_value":250500},{"address":"12207.0 JASPER AVENUE NW","assessed_value":174000},{"address":"1204.0 156 STREET NW","assessed_value":218500},{"address":"nan nan","assessed_value":4000},{"address":"10621.0 123 STREET NW","assessed_value":84000},{"address":"735.0 85 STREET SW","assessed_value":363000},{"address":"2139.0 28 STREET NW","assessed_value":382500},{"address":"10333.0 112 STREET NW","assessed_value":186000},{"address":"13825.0 155 AVENUE NW","assessed_value":213500},{"address":"8021.0 115 AVENUE NW","assessed_value":117000},{"address":"nan nan","assessed_value":4000},{"address":"9819.0 104 STREET NW","assessed_value":313000},{"address":"13422.0 118 AVENUE NW","assessed_value":383500},{"address":"3638.0 13 STREET NW","assessed_value":548000},{"address":"15004.0 45 AVENUE NW","assessed_value":139500},{"address":"12930.0 140 AVENUE NW","assessed_value":283500},{"address":"nan nan","assessed_value":4000},{"address":"5625.0 168A AVENUE NW","assessed_value":645500},{"address":"2510.0 109 STREET NW","assessed_value":215000},{"address":"7130.0 SOUTH TERWILLEGAR DRIVE NW","assessed_value":129500},{"address":"10333.0 112 STREET NW","assessed_value":387000},{"address":"466.0 MACEWAN ROAD SW","assessed_value":141500},{"address":"504.0 MAPLE WOOD CRESCENT NW","assessed_value":90000},{"address":"9820.0 165 STREET NW","assessed_value":207500},{"address":"1730.0 LEGER GATE NW","assessed_value":325500},{"address":"2105.0 32A STREET NW","assessed_value":534500},{"address":"15814.0 95 STREET NW","assessed_value":369000},{"address":"nan nan","assessed_value":10500},{"address":"10235.0 112 STREET NW","assessed_value":196000},{"address":"nan nan","assessed_value":8000},{"address":"1304.0 60 STREET SW","assessed_value":412000},{"address":"nan nan","assessed_value":4000},{"address":"1003.0 GAULT BOULEVARD NW","assessed_value":242500},{"address":"2125.0 AUSTIN LINK SW","assessed_value":413500},{"address":"2815.0 34 AVENUE NW","assessed_value":432000},{"address":"3346.0 21A AVENUE NW","assessed_value":575000},{"address":"2217.0 AUSTIN WAY SW","assessed_value":409000},{"address":"nan nan","assessed_value":10000},{"address":"600.0 KIRKNESS ROAD NW","assessed_value":113000},{"address":"5.0 ROUND ROAD NW","assessed_value":83500},{"address":"760.0 WELSH DRIVE SW","assessed_value":336500},{"address":"301.0 CLAREVIEW STATION DRIVE NW","assessed_value":159500},{"address":"nan nan","assessed_value":5500},{"address":"4367.0 VETERANS WAY NW","assessed_value":389000},{"address":"10333.0 112 STREET NW","assessed_value":181500},{"address":"nan nan","assessed_value":9000},{"address":"2133.0 32A STREET NW","assessed_value":550500},{"address":"nan nan","assessed_value":4000},{"address":"17923.0 87 STREET NW","assessed_value":414500},{"address":"1003.0 GAULT BOULEVARD NW","assessed_value":367000},{"address":"470.0 MACEWAN ROAD SW","assessed_value":177500},{"address":"3338.0 21A AVENUE NW","assessed_value":591500},{"address":"18007.0 85 STREET NW","assessed_value":363500},{"address":"10626.0 104 STREET NW","assessed_value":115000},{"address":"9357.0 SIMPSON DRIVE NW","assessed_value":167000},{"address":"10315.0 115 STREET NW","assessed_value":125500},{"address":"10633.0 153 STREET NW","assessed_value":365000},{"address":"13625.0 34 STREET NW","assessed_value":167500},{"address":"nan nan","assessed_value":10500},{"address":"8618.0 106 AVENUE NW","assessed_value":91000},{"address":"12408.0 15 AVENUE SW","assessed_value":202500},{"address":"7323.0 SOUTH TERWILLEGAR DRIVE NW","assessed_value":196500},{"address":"612.0 111 STREET SW","assessed_value":231000},{"address":"604.0 62 STREET SW","assessed_value":194500},{"address":"13215.0 153 AVENUE NW","assessed_value":237000},{"address":"11931.0 77 STREET NW","assessed_value":263500},{"address":"603.0 WATT BOULEVARD SW","assessed_value":273500},{"address":"11908.0 81 STREET NW","assessed_value":2065000},{"address":"nan nan","assessed_value":10500},{"address":"10303.0 111 STREET NW","assessed_value":205500},{"address":"330.0 CLAREVIEW STATION DRIVE NW","assessed_value":206000},{"address":"10215.0 115 STREET NW","assessed_value":103000},{"address":"nan nan","assessed_value":10500},{"address":"130.0 HYNDMAN CRESCENT NW","assessed_value":228500},{"address":"10136.0 104 STREET NW","assessed_value":260500},{"address":"1407.0 GLASTONBURY BOULEVARD NW","assessed_value":385000},{"address":"10531.0 117 STREET NW","assessed_value":228000},{"address":"1719.0 65 STREET SW","assessed_value":396000},{"address":"6925.0 199 STREET NW","assessed_value":206000},{"address":"2668.0 ANDERSON CRESCENT SW","assessed_value":607500},{"address":"10121.0 80 AVENUE NW","assessed_value":174000},{"address":"7327.0 SOUTH TERWILLEGAR DRIVE NW","assessed_value":166000},{"address":"450.0 HYNDMAN CRESCENT NW","assessed_value":232500},{"address":"nan nan","assessed_value":10000},{"address":"1320.0 RUTHERFORD ROAD SW","assessed_value":223500},{"address":"nan nan","assessed_value":7000},{"address":"10765.0 98 STREET NW","assessed_value":1947000},{"address":"5861.0 168A AVENUE NW","assessed_value":463500},{"address":"2631.0 31 STREET NW","assessed_value":600500},{"address":"10121.0 80 AVENUE NW","assessed_value":178500},{"address":"2034.0 HAMMOND CLOSE NW","assessed_value":374500},{"address":"7327.0 SOUTH TERWILLEGAR DRIVE NW","assessed_value":134500},{"address":"10333.0 112 STREET NW","assessed_value":206500},{"address":"103.0 AMBLESIDE DRIVE SW","assessed_value":160000},{"address":"2051.0 TOWNE CENTRE BOULEVARD NW","assessed_value":283000},{"address":"10910.0 110 STREET NW","assessed_value":117500},{"address":"nan nan","assessed_value":10500},{"address":"nan nan","assessed_value":10500},{"address":"nan nan","assessed_value":7000},{"address":"7339.0 SOUTH TERWILLEGAR DRIVE NW","assessed_value":167500},{"address":"10046.0 117 STREET NW","assessed_value":356500},{"address":"11025.0 124 STREET NW","assessed_value":76500},{"address":"10230.0 122 STREET NW","assessed_value":91500},{"address":"10333.0 112 STREET NW","assessed_value":190000},{"address":"6112.0 13 AVENUE SW","assessed_value":475500},{"address":"340.0 WINDERMERE ROAD NW","assessed_value":196000},{"address":"7210.0 96 STREET NW","assessed_value":447000},{"address":"13759.0 166 AVENUE NW","assessed_value":593000},{"address":"3366.0 18A AVENUE NW","assessed_value":498000},{"address":"9439.0 208 STREET NW","assessed_value":447500},{"address":"637.0 CANTOR LANDING SW","assessed_value":547000},{"address":"2606.0 109 STREET NW","assessed_value":330000},{"address":"1585.0 GLASTONBURY BOULEVARD NW","assessed_value":218000},{"address":"805.0 NORTHERN HARRIER LANE NW","assessed_value":588000},{"address":"18343.0 LESSARD ROAD NW","assessed_value":795500},{"address":"3655.0 8 STREET NW","assessed_value":585000},{"address":"2313.0 SPARROW CRESCENT NW","assessed_value":546500},{"address":"15151.0 43 STREET NW","assessed_value":300000},{"address":"3708.0 9 STREET NW","assessed_value":383000},{"address":"nan nan","assessed_value":10500},{"address":"1180.0 HYNDMAN ROAD NW","assessed_value":148500},{"address":"12211.0 171 AVENUE NW","assessed_value":550000},{"address":"11513.0 18A AVENUE SW","assessed_value":433000},{"address":"nan nan","assessed_value":7500},{"address":"6850.0 21A AVENUE SW","assessed_value":390000},{"address":"7317.0 22 AVENUE SW","assessed_value":380000},{"address":"6835.0 SPEAKER VISTA NW","assessed_value":351500},{"address":"2008.0 74 STREET SW","assessed_value":465500},{"address":"10530.0 56 AVENUE NW","assessed_value":253000},{"address":"nan nan","assessed_value":11500},{"address":"nan nan","assessed_value":4000},{"address":"6844.0 CARDINAL LINK SW","assessed_value":532500},{"address":"nan nan","assessed_value":11000},{"address":"11505.0 ELLERSLIE ROAD SW","assessed_value":185000},{"address":"308.0 AMBLESIDE LINK SW","assessed_value":195000},{"address":"12905.0 205 STREET NW","assessed_value":446500},{"address":"9536.0 208 STREET NW","assessed_value":475500},{"address":"3439.0 GOODRIDGE LINK NW","assessed_value":550000},{"address":"2920.0 CALGARY TRAIL NW","assessed_value":329500},{"address":"7911.0 22 AVENUE SW","assessed_value":481000},{"address":"21212.0 96 AVENUE NW","assessed_value":434000},{"address":"1051.0 CONNELLY WAY SW","assessed_value":802500},{"address":"111.0 AMBELSIDE DRIVE SW","assessed_value":214000},{"address":"10640.0 81 AVENUE NW","assessed_value":422500},{"address":"604.0 62 STREET SW","assessed_value":183000},{"address":"16911.0 54 STREET NW","assessed_value":536000},{"address":"308.0 AMBLESIDE LINK SW","assessed_value":188000},{"address":"1972.0 67 STREET SW","assessed_value":503000},{"address":"7223.0 20 AVENUE SW","assessed_value":468000},{"address":"3607.0 15A STREET NW","assessed_value":680500},{"address":"6841.0 CARDINAL LINK SW","assessed_value":370500},{"address":"nan nan","assessed_value":3000},{"address":"6208.0 72A AVENUE NW","assessed_value":4450000},{"address":"9868.0 221 STREET NW","assessed_value":445000},{"address":"4218.0 ALEXANDER BAY SW","assessed_value":535500},{"address":"nan nan","assessed_value":7500},{"address":"11432.0 15 AVENUE SW","assessed_value":644000},{"address":"4935.0 55 AVENUE NW","assessed_value":222500},{"address":"2231.0 CAMERON RAVINE COURT NW","assessed_value":557000},{"address":"nan nan","assessed_value":11000},{"address":"9908.0 84 AVENUE NW","assessed_value":286500},{"address":"2204.0 44 AVENUE NW","assessed_value":194500},{"address":"1852.0 30 STREET NW","assessed_value":484500},{"address":"436.0 CHAPPELLE DRIVE SW","assessed_value":370500},{"address":"nan nan","assessed_value":11000},{"address":"5516.0 CONESTOGA STREET NW","assessed_value":508000},{"address":"9452.0 51 AVENUE NW","assessed_value":343500},{"address":"5114.0 168 AVENUE NW","assessed_value":388500},{"address":"nan nan","assessed_value":11000},{"address":"13808.0 155 AVENUE NW","assessed_value":495500},{"address":"242.0 CALLAGHAN DRIVE SW","assessed_value":704000},{"address":"5610.0 CRABAPPLE WAY SW","assessed_value":427500},{"address":"3115.0 WHITELAW DRIVE NW","assessed_value":357000},{"address":"2117.0 CAMERON RAVINE PLACE NW","assessed_value":1087500},{"address":"1009.0 SECORD PROMENADE NW","assessed_value":521500},{"address":"nan nan","assessed_value":14500},{"address":"8525.0 107 STREET NW","assessed_value":92500},{"address":"400.0 SLIVER BERRY ROAD NW","assessed_value":166000},{"address":"2384.0 SPARROW CRESCENT NW","assessed_value":382000},{"address":"3033.0 16A AVENUE NW","assessed_value":421500},{"address":"13504.0 163 AVENUE NW","assessed_value":641000},{"address":"4403.0 204 STREET NW","assessed_value":500500},{"address":"nan nan","assessed_value":10500},{"address":"6835.0 SPEAKER VISTA NW","assessed_value":364500},{"address":"13616.0 163 AVENUE NW","assessed_value":666500},{"address":"11704.0 18 AVENUE SW","assessed_value":538000},{"address":"12034.0 167B AVENUE NW","assessed_value":368000},{"address":"1942.0 118 STREET SW","assessed_value":372000},{"address":"13412.0 164 AVENUE NW","assessed_value":499500},{"address":"1748.0 32 STREET NW","assessed_value":765000},{"address":"4115.0 ALEXANDER WAY SW","assessed_value":544500},{"address":"10524.0 77 AVENUE NW","assessed_value":245500},{"address":"nan nan","assessed_value":11000},{"address":"5208.0 1A AVENUE SW","assessed_value":392500},{"address":"7499.0 MAY COMMON NW","assessed_value":8500},{"address":"3114.0 152 AVENUE NW","assessed_value":354500},{"address":"11137.0 78 STREET NW","assessed_value":500},{"address":"5315.0 17 AVENUE SW","assessed_value":629500},{"address":"10740.0 110 STREET NW","assessed_value":66500},{"address":"20020.0 131 AVENUE NW","assessed_value":426500},{"address":"nan nan","assessed_value":11000},{"address":"6945.0 21A AVENUE SW","assessed_value":354500},{"address":"12139.0 80 STREET NW","assessed_value":291000},{"address":"3751.0 12 STREET NW","assessed_value":256500},{"address":"9351.0 SIMPSON DRIVE NW","assessed_value":165000},{"address":"2533.0 COLE CRESCENT SW","assessed_value":461500},{"address":"931.0 WILDWOOD WAY NW","assessed_value":806000},{"address":"1110.0 HAYS DRIVE NW","assessed_value":684000},{"address":"20720.0 96 AVENUE NW","assessed_value":483000},{"address":"18333.0 LESSARD ROAD NW","assessed_value":123000},{"address":"111.0 51 STREET SW","assessed_value":392500},{"address":"nan nan","assessed_value":5500},{"address":"1135.0 ADAMSON DRIVE SW","assessed_value":823500},{"address":"1804.0 70 STREET SW","assessed_value":283500},{"address":"1967.0 67 STREET SW","assessed_value":641000},{"address":"4452.0 CRABAPPLE LANDING SW","assessed_value":630000},{"address":"1111.0 CHAPPELLE BOULEVARD SW","assessed_value":426000},{"address":"10530.0 56 AVENUE NW","assessed_value":211500},{"address":"nan nan","assessed_value":11000},{"address":"5612.0 53 AVENUE NW","assessed_value":561000},{"address":"4023.0 ALEXANDER WAY SW","assessed_value":696500},{"address":"2208.0 44 AVENUE NW","assessed_value":167000},{"address":"1416.0 56 STREET SW","assessed_value":586500},{"address":"2580.0 COLE CRESCENT SW","assessed_value":477500},{"address":"16815.0 53 STREET NW","assessed_value":377000},{"address":"6970.0 21A AVENUE SW","assessed_value":348000},{"address":"nan nan","assessed_value":34000},{"address":"2612.0 109 STREET NW","assessed_value":215000},{"address":"3715.0 WHITELAW LANE NW","assessed_value":180000},{"address":"1585.0 GLASTONBURY BOULEVARD NW","assessed_value":278500},{"address":"17588.0 58 STREET NW","assessed_value":439500},{"address":"2724.0 WATCHER WAY SW","assessed_value":869000},{"address":"nan nan","assessed_value":11000},{"address":"3026.0 ARTHURS CRESCENT SW","assessed_value":417500},{"address":"16016.0 10 AVENUE SW","assessed_value":391500},{"address":"6070.0 SCHONSEE WAY NW","assessed_value":206000},{"address":"10152.0 104 STREET NW","assessed_value":294500},{"address":"17622.0 10 AVENUE SW","assessed_value":408500},{"address":"nan nan","assessed_value":34000},{"address":"nan nan","assessed_value":7500},{"address":"7812.0 22 AVENUE SW","assessed_value":632000},{"address":"1816.0 32 STREET NW","assessed_value":496000},{"address":"21066.0 96A AVENUE NW","assessed_value":522000},{"address":"22011.0 97 AVENUE NW","assessed_value":494500},{"address":"16730.0 122A STREET NW","assessed_value":452000},{"address":"1150.0 WINDERMERE WAY SW","assessed_value":337000},{"address":"1693.0 CUNNINGHAM WAY SW","assessed_value":443000},{"address":"nan nan","assessed_value":7500},{"address":"nan nan","assessed_value":11000},{"address":"nan nan","assessed_value":11000},{"address":"2242.0 CAMERON RAVINE COURT NW","assessed_value":628000},{"address":"nan nan","assessed_value":79500},{"address":"725.0 176 STREET SW","assessed_value":387000},{"address":"2923.0 17 AVENUE NW","assessed_value":407500},{"address":"nan nan","assessed_value":10500},{"address":"10388.0 105 STREET NW","assessed_value":237000},{"address":"nan nan","assessed_value":10500},{"address":"nan nan","assessed_value":3000},{"address":"10808.0 71 AVENUE NW","assessed_value":281500},{"address":"2034.0 69A STREET SW","assessed_value":417500},{"address":"8515.0 99 STREET NW","assessed_value":179500},{"address":"nan nan","assessed_value":11000},{"address":"3911.0 166 AVENUE NW","assessed_value":464500},{"address":"3372.0 HILTON CRESCENT NW","assessed_value":647500},{"address":"nan nan","assessed_value":11000},{"address":"13835.0 155 AVENUE NW","assessed_value":185500},{"address":"1623.0 TOWNE CENTRE BOULEVARD NW","assessed_value":289000},{"address":"21327.0 96 AVENUE NW","assessed_value":593000},{"address":"nan nan","assessed_value":11000},{"address":"7825.0 71 STREET NW","assessed_value":219500},{"address":"414.0 WATT BOULEVARD SW","assessed_value":405000},{"address":"4334.0 VETERANS WAY NW","assessed_value":425500},{"address":"10152.0 104 STREET NW","assessed_value":283500},{"address":"1918.0 CHAPMAN ROAD SW","assessed_value":586500},{"address":"4611.0 MEAD PLACE NW","assessed_value":1088500},{"address":"7907.0 109 STREET NW","assessed_value":262500},{"address":"3751.0 12 STREET NW","assessed_value":255500},{"address":"923.0 166 AVENUE NE","assessed_value":1341000},{"address":"5177.0 TERWILLEGAR BOULEVARD NW","assessed_value":293500},{"address":"435.0 BRINTNELL BOULEVARD NW","assessed_value":471500},{"address":"2035.0 GRANTHAM COURT NW","assessed_value":191500},{"address":"nan nan","assessed_value":5000},{"address":"4518.0 118 AVENUE NW","assessed_value":94000},{"address":"1216.0 176 STREET SW","assessed_value":383500},{"address":"912.0 166 AVENUE NE","assessed_value":361000},{"address":"nan nan","assessed_value":34000},{"address":"21319.0 96 AVENUE NW","assessed_value":571500},{"address":"nan nan","assessed_value":11000},{"address":"16881.0 58A STREET NW","assessed_value":552000},{"address":"1035.0 177 STREET SW","assessed_value":404500},{"address":"18053.0 89 STREET NW","assessed_value":583500},{"address":"20009.0 128A AVENUE NW","assessed_value":843000},{"address":"1565.0 35B AVENUE NW","assessed_value":436000},{"address":"1255.0 ADAMSON DRIVE SW","assessed_value":966000},{"address":"1036.0 174 STREET SW","assessed_value":566500},{"address":"3050.0 GRANVILLE DRIVE NW","assessed_value":16000},{"address":"1534.0 34A AVENUE NW","assessed_value":444500},{"address":"nan nan","assessed_value":4500},{"address":"nan nan","assessed_value":4500},{"address":"3743.0 ALEXANDER CRESCENT SW","assessed_value":534500},{"address":"10037.0 109 STREET NW","assessed_value":66722500},{"address":"10301.0 109 STREET NW","assessed_value":556000},{"address":"nan nan","assessed_value":10500},{"address":"1750.0 CHAPMAN WAY SW","assessed_value":413000},{"address":"5940.0 12 AVENUE SW","assessed_value":536000},{"address":"3027.0 WATSON LANDING SW","assessed_value":1936000},{"address":"655.0 WATT BOULEVARD SW","assessed_value":304500},{"address":"11634.0 16A AVENUE SW","assessed_value":516500},{"address":"4059.0 MORRISON WAY NW","assessed_value":502500},{"address":"616.0 ALBANY WAY NW","assessed_value":646500},{"address":"10142.0 111 STREET NW","assessed_value":338000},{"address":"338.0 MAGRATH BOULEVARD NW","assessed_value":660000},{"address":"8024.0 18 AVENUE SW","assessed_value":661000},{"address":"nan nan","assessed_value":10500},{"address":"105.0 AMBLESIDE DRIVE SW","assessed_value":144500},{"address":"6903.0 22 AVENUE SW","assessed_value":487500},{"address":"5912.0 10 AVENUE SW","assessed_value":549500},{"address":"5106.0 WOOLSEY LINK NW","assessed_value":1409500},{"address":"10520.0 56 AVENUE NW","assessed_value":271000},{"address":"7035.0 CARDINAL WAY SW","assessed_value":383500},{"address":"7320.0 GETTY HEATH NW","assessed_value":511000},{"address":"12247.0 171 AVENUE NW","assessed_value":451000},{"address":"nan nan","assessed_value":4500},{"address":"2593.0 COLE CRESCENT SW","assessed_value":586500},{"address":"3415.0 WATSON PLACE SW","assessed_value":1320000},{"address":"2035.0 GRANTHAM COURT NW","assessed_value":219000},{"address":"nan nan","assessed_value":4500},{"address":"4129.0 ORCHARDS DRIVE SW","assessed_value":396500},{"address":"2920.0 CALGARY TRAIL NW","assessed_value":470500},{"address":"1194.0 ADAMSON DRIVE SW","assessed_value":854000},{"address":"1621.0 TOWNE CENTRE BOULEVARD NW","assessed_value":301500},{"address":"1058.0 177A STREET SW","assessed_value":374000},{"address":"364.0 SECORD BOULEVARD NW","assessed_value":346000},{"address":"3715.0 WHITELAW LANE NW","assessed_value":27919500},{"address":"10001.0 102A AVENUE NW","assessed_value":752500},{"address":"2815.0 34 AVENUE NW","assessed_value":409500},{"address":"3105.0 17A AVENUE NW","assessed_value":435500},{"address":"1608.0 ADAMSON CLOSE SW","assessed_value":793000},{"address":"9058.0 SHAW WAY SW","assessed_value":503000},{"address":"3719.0 WHITELAW LANE NW","assessed_value":177500},{"address":"3722.0 ALEXANDER CRESCENT SW","assessed_value":434500},{"address":"832.0 174 STREET SW","assessed_value":409000},{"address":"nan nan","assessed_value":8000},{"address":"205.0 51A STREET SW","assessed_value":400500},{"address":"10152.0 104 STREET NW","assessed_value":334000},{"address":"2813.0 WATCHER COURT SW","assessed_value":862500},{"address":"741.0 175A STREET SW","assessed_value":682000},{"address":"7825.0 71 STREET NW","assessed_value":192500},{"address":"16740.0 54 STREET NW","assessed_value":554000},{"address":"4635.0 MEAD PLACE NW","assessed_value":775500},{"address":"nan nan","assessed_value":11000},{"address":"3644.0 ATKINSON LOOP SW","assessed_value":477000},{"address":"2136.0 GLENRIDDING WAY SW","assessed_value":442500},{"address":"6132.0 17 AVENUE SW","assessed_value":455500},{"address":"17342.0 6A AVENUE SW","assessed_value":374500},{"address":"2932.0 17 AVENUE NW","assessed_value":391000},{"address":"16739.0 59 STREET NW","assessed_value":540500},{"address":"5673.0 99 STREET NW","assessed_value":447500},{"address":"4019.0 164 AVENUE NW","assessed_value":493500},{"address":"10388.0 105 STREET NW","assessed_value":258000},{"address":"nan nan","assessed_value":10500},{"address":"4431.0 CRABAPPLE LANDING SW","assessed_value":611000},{"address":"433.0 PARSONS ROAD SW","assessed_value":511000},{"address":"4008.0 WESTCLIFF PLACE SW","assessed_value":1130500},{"address":"16503.0 134 STREET NW","assessed_value":386000},{"address":"8846.0 180A AVENUE NW","assessed_value":565000},{"address":"570.0 MCDONOUGH WAY NW","assessed_value":517500},{"address":"17320.0 6 AVENUE SW","assessed_value":439500},{"address":"nan nan","assessed_value":5500},{"address":"8117.0 114 AVENUE NW","assessed_value":117500},{"address":"nan nan","assessed_value":20000},{"address":"8992.0 24 AVENUE SW","assessed_value":840000},{"address":"nan nan","assessed_value":14500},{"address":"1654.0 HAMMOND CRESCENT NW","assessed_value":597500},{"address":"9216.0 181 AVENUE NW","assessed_value":664000},{"address":"3817.0 GALLINGER LOOP NW","assessed_value":789500},{"address":"17815.0 6 AVENUE SW","assessed_value":444000},{"address":"643.0 ALLARD BOULEVARD SW","assessed_value":495500},{"address":"10154.0 104 STREET NW","assessed_value":970500},{"address":"1531.0 CUNNINGHAM CAPE SW","assessed_value":748000},{"address":"2664.0 WATCHER WAY SW","assessed_value":943000},{"address":"5115.0 1A AVENUE SW","assessed_value":457000},{"address":"1687.0 CUNNINGHAM WAY SW","assessed_value":441000},{"address":"11511.0 27 AVENUE NW","assessed_value":174000},{"address":"1723.0 CHAPMAN WAY SW","assessed_value":409500},{"address":"nan nan","assessed_value":11000},{"address":"2208.0 44 AVENUE NW","assessed_value":197500},{"address":"18343.0 LESSARD ROAD NW","assessed_value":877500},{"address":"nan nan","assessed_value":11000},{"address":"9208.0 181 AVENUE NW","assessed_value":624500},{"address":"13007.0 205 STREET NW","assessed_value":420500},{"address":"17344.0 6 AVENUE SW","assessed_value":392500},{"address":"nan nan","assessed_value":7500},{"address":"4225.0 ALLAN LINK SW","assessed_value":440500},{"address":"nan nan","assessed_value":10500},{"address":"1218.0 HAYS DRIVE NW","assessed_value":565500},{"address":"nan nan","assessed_value":15500},{"address":"5204.0 4 AVENUE SW","assessed_value":382000},{"address":"nan nan","assessed_value":4500},{"address":"nan nan","assessed_value":9500},{"address":"2033.0 REDTAIL COMMON NW","assessed_value":517000},{"address":"1016.0 177 STREET SW","assessed_value":435500},{"address":"nan nan","assessed_value":4500},{"address":"nan nan","assessed_value":9000},{"address":"6127.0 17 AVENUE SW","assessed_value":501500},{"address":"9351.0 SIMPSON DRIVE NW","assessed_value":167000},{"address":"1804.0 70 STREET SW","assessed_value":286000},{"address":"nan nan","assessed_value":7500},{"address":"nan nan","assessed_value":11000},{"address":"1959.0 118 STREET SW","assessed_value":408000},{"address":"9488.0 51 AVENUE NW","assessed_value":846500},{"address":"1751.0 63 STREET SW","assessed_value":439500},{"address":"1720.0 GARNETT POINT NW","assessed_value":351000},{"address":"14604.0 125 STREET NW","assessed_value":244000},{"address":"11425.0 105 AVENUE NW","assessed_value":161000},{"address":"17521.0 12 AVENUE SW","assessed_value":451000},{"address":"2015.0 69 STREET SW","assessed_value":671000},{"address":"507.0 WATT BOULEVARD SW","assessed_value":397500},{"address":"2584.0 ANDERSON WAY SW","assessed_value":143000},{"address":"3628.0 16 STREET NW","assessed_value":587000},{"address":"16818.0 53 STREET NW","assessed_value":381000},{"address":"1046.0 WATT PROMENADE SW","assessed_value":385000},{"address":"840.0 156 STREET NW","assessed_value":181000},{"address":"2584.0 ANDERSON WAY SW","assessed_value":203000},{"address":"1723.0 ADAMSON CRESCENT SW","assessed_value":741500},{"address":"7707.0 22 AVENUE SW","assessed_value":507500},{"address":"1105.0 176 STREET SW","assessed_value":482500},{"address":"5004.0 DEWOLF ROAD NW","assessed_value":367000},{"address":"16735.0 54 STREET NW","assessed_value":524500},{"address":"5508.0 6 AVENUE SW","assessed_value":517000},{"address":"16516.0 134 STREET NW","assessed_value":472000},{"address":"17055.0 71 STREET NW","assessed_value":680500},{"address":"11511.0 27 AVENUE NW","assessed_value":192000},{"address":"10338.0 150 STREET NW","assessed_value":376000},{"address":"421.0 BRINTNELL BOULEVARD NW","assessed_value":606000},{"address":"105.0 AMBLESIDE DRIVE SW","assessed_value":193500},{"address":"nan nan","assessed_value":11000},{"address":"840.0 156 STREET NW","assessed_value":226500},{"address":"308.0 AMBLESIDE LINK SW","assessed_value":196500},{"address":"3520.0 CLAXTON CRESCENT SW","assessed_value":689000},{"address":"1921.0 CHAPMAN ROAD SW","assessed_value":397500},{"address":"17518.0 10 AVENUE SW","assessed_value":459000},{"address":"9016.0 24 AVENUE SW","assessed_value":857500},{"address":"16827.0 55 STREET NW","assessed_value":410000},{"address":"nan nan","assessed_value":7500},{"address":"5930.0 MULLEN WAY NW","assessed_value":327000},{"address":"6083.0 MAYNARD WAY NW","assessed_value":246000},{"address":"706.0 37A AVENUE NW","assessed_value":682500},{"address":"1136.0 HAYS DRIVE NW","assessed_value":507000},{"address":"597.0 ALBANY WAY NW","assessed_value":517500},{"address":"16345.0 134 STREET NW","assessed_value":426000},{"address":"9351.0 SIMPSON DRIVE NW","assessed_value":201000},{"address":"nan nan","assessed_value":3000},{"address":"nan nan","assessed_value":11000},{"address":"5904.0 MULLEN WAY NW","assessed_value":351500}]