[{"address":"1227.0 RUTHERFORD ROAD SW","assessed_value":474500},{"address":"30.0 WINDERMERE DRIVE SW","assessed_value":1971500},{"address":"1659.0 JAMHA ROAD NW","assessed_value":334000},{"address":"1116.0 119 STREET NW","assessed_value":2535000},{"address":"153.0 HAYWARD CRESCENT NW","assessed_value":655500},{"address":"921.0 HALIBURTON ROAD NW","assessed_value":666500},{"address":"nan nan","assessed_value":7500},{"address":"355.0 HUDSON BEND NW","assessed_value":446000},{"address":"603.0 HOOKE COURT NW","assessed_value":468500},{"address":"986.0 HOLLINGSWORTH BEND NW","assessed_value":857000},{"address":"2113.0 GARNETT PLACE NW","assessed_value":490000},{"address":"17427.0 90 STREET NW","assessed_value":393000},{"address":"11104.0 109 AVENUE NW","assessed_value":188000},{"address":"16823.0 84 STREET NW","assessed_value":239500},{"address":"nan nan","assessed_value":6500},{"address":"nan nan","assessed_value":8500},{"address":"507.0 GEISSINGER LOOP NW","assessed_value":433500},{"address":"10169.0 104 STREET NW","assessed_value":551500},{"address":"144.0 EASTON ROAD SW","assessed_value":460000},{"address":"1405.0 RUTHERFORD COURT SW","assessed_value":565000},{"address":"151.0 MACEWAN ROAD SW","assessed_value":441500},{"address":"2622.0 HANNA CRESCENT NW","assessed_value":542500},{"address":"403.0 86 STREET SW","assessed_value":482000},{"address":"nan nan","assessed_value":6500},{"address":"3437.0 MCKAY LANE SW","assessed_value":344000},{"address":"10221.0 111 STREET NW","assessed_value":316500},{"address":"182.0 HADDOW CLOSE NW","assessed_value":216000},{"address":"5352.0 TERWILLEGAR BOULEVARD NW","assessed_value":535000},{"address":"nan nan","assessed_value":4500},{"address":"4835.0 152 AVENUE NW","assessed_value":513000},{"address":"5208.0 162 AVENUE NW","assessed_value":470500},{"address":"nan nan","assessed_value":7500},{"address":"258.0 DUNVEGAN ROAD NW","assessed_value":209500},{"address":"nan nan","assessed_value":500},{"address":"16504.0 88 STREET NW","assessed_value":506500},{"address":"10134.0 100 STREET NW","assessed_value":155500},{"address":"9807.0 34 AVENUE NW","assessed_value":382500},{"address":"21323.0 89 AVENUE NW","assessed_value":455500},{"address":"21337.0 87A AVENUE NW","assessed_value":389500},{"address":"430.0 SPARLING COURT SW","assessed_value":635500},{"address":"11812.0 43 STREET NW","assessed_value":235000},{"address":"13403.0 CUMBERLAND ROAD NW","assessed_value":296000},{"address":"10221.0 111 STREET NW","assessed_value":312000},{"address":"2021.0 GRANTHAM COURT NW","assessed_value":307500},{"address":"7606.0 165A AVENUE NW","assessed_value":491000},{"address":"547.0 KLARVATTEN LAKE WYND NW","assessed_value":435500},{"address":"225.0 BLACKBURN DRIVE EAST SW","assessed_value":256000},{"address":"12603.0 152 AVENUE NW","assessed_value":291000},{"address":"1229.0 SUMMERSIDE DRIVE SW","assessed_value":806500},{"address":"11010.0 124 STREET NW","assessed_value":98500},{"address":"16103.0 73 STREET NW","assessed_value":534500},{"address":"2741.0 55 STREET NW","assessed_value":141500},{"address":"nan nan","assessed_value":3500},{"address":"345.0 KIRKNESS ROAD NW","assessed_value":258500},{"address":"14803.0 MILLER BOULEVARD NW","assessed_value":293000},{"address":"18218.0 107A STREET NW","assessed_value":471500},{"address":"9777.0 102 AVENUE NW","assessed_value":21237000},{"address":"nan nan","assessed_value":4500},{"address":"7315.0 157 STREET NW","assessed_value":3500},{"address":"11903.0 103 AVENUE NW","assessed_value":398500},{"address":"nan nan","assessed_value":9000},{"address":"3260.0 28 AVENUE NW","assessed_value":438000},{"address":"6507.0 177 STREET NW","assessed_value":9142000},{"address":"9741.0 110 STREET NW","assessed_value":269500},{"address":"10301.0 109 STREET NW","assessed_value":376500},{"address":"128.0 EASTON ROAD SW","assessed_value":447500},{"address":"2314.0 37A AVENUE NW","assessed_value":432500},{"address":"9804.0 101 STREET NW","assessed_value":236000},{"address":"nan nan","assessed_value":6000},{"address":"420.0 HUNTERS GREEN NW","assessed_value":340500},{"address":"4903.0 76 AVENUE NW","assessed_value":2993000},{"address":"nan nan","assessed_value":8000},{"address":"132.0 MACEWAN ROAD SW","assessed_value":501000},{"address":"3440.0 MCKAY LANE SW","assessed_value":353500},{"address":"11323.0 167B AVENUE NW","assessed_value":445000},{"address":"4309.0 152 AVENUE NW","assessed_value":375000},{"address":"nan nan","assessed_value":13000},{"address":"11033.0 127 STREET NW","assessed_value":151500},{"address":"11033.0 127 STREET NW","assessed_value":147500},{"address":"9000.0 60 AVENUE NW","assessed_value":3070000},{"address":"314.0 85 STREET SW","assessed_value":403000},{"address":"nan nan","assessed_value":7500},{"address":"10403.0 98 AVENUE NW","assessed_value":216000},{"address":"9107.0 157 AVENUE NW","assessed_value":535000},{"address":"16415.0 77 STREET NW","assessed_value":381500},{"address":"4595.0 TURNER SQUARE NW","assessed_value":429000},{"address":"9730.0 174 STREET NW","assessed_value":185500},{"address":"nan nan","assessed_value":9000},{"address":"nan nan","assessed_value":13000},{"address":"10108.0 125 STREET NW","assessed_value":371000},{"address":"2016.0 GARNETT WAY NW","assessed_value":458500},{"address":"968.0 BLACKMUD CREEK CRESCENT SW","assessed_value":654000},{"address":"nan nan","assessed_value":7000},{"address":"16324.0 65 STREET NW","assessed_value":474000},{"address":"16116.0 95 STREET NW","assessed_value":398500},{"address":"2545.0 96 STREET NW","assessed_value":4452000},{"address":"nan nan","assessed_value":7000},{"address":"9908.0 89 STREET NW","assessed_value":621000},{"address":"8922.0 156 STREET NW","assessed_value":244000},{"address":"9920.0 88 STREET NW","assessed_value":624500},{"address":"7512.0 MERIDIAN STREET NW","assessed_value":2477000},{"address":"11260.0 153 AVENUE NW","assessed_value":175000},{"address":"1324.0 GEORGE CLOSE NW","assessed_value":409000},{"address":"13010.0 90 STREET NW","assessed_value":8000},{"address":"nan nan","assessed_value":6500},{"address":"3184.0 34A AVENUE NW","assessed_value":768000},{"address":"10706.0 180 AVENUE NW","assessed_value":435500},{"address":"19021.0 49A AVENUE NW","assessed_value":430500},{"address":"7414.0 162 AVENUE NW","assessed_value":522000},{"address":"10345.0 106 STREET NW","assessed_value":664500},{"address":"5404.0 97 STREET NW","assessed_value":925000},{"address":"nan nan","assessed_value":6500},{"address":"10033.0 116 STREET NW","assessed_value":210000},{"address":"7220.0 144 AVENUE NW","assessed_value":65000},{"address":"145.0 GALLAND CRESCENT NW","assessed_value":552500},{"address":"10134.0 100 STREET NW","assessed_value":4500},{"address":"nan nan","assessed_value":7000},{"address":"1508.0 BLACKMORE WAY SW","assessed_value":804500},{"address":"4410.0 117 AVENUE NW","assessed_value":4674500},{"address":"2043.0 GARNETT WAY NW","assessed_value":453000},{"address":"16303.0 95 STREET NW","assessed_value":178000},{"address":"2004.0 99 STREET NW","assessed_value":10753000},{"address":"747.0 LAUBER CRESCENT NW","assessed_value":483500},{"address":"603.0 GEISSINGER ROAD NW","assessed_value":470500},{"address":"16116.0 129 STREET NW","assessed_value":437500},{"address":"11008.0 124 STREET NW","assessed_value":69500},{"address":"nan nan","assessed_value":4500},{"address":"614.0 87 STREET SW","assessed_value":439500},{"address":"3112.0 35 AVENUE NW","assessed_value":767000},{"address":"nan nan","assessed_value":17000},{"address":"9219.0 162 AVENUE NW","assessed_value":461000},{"address":"1603.0 HECTOR ROAD NW","assessed_value":871000},{"address":"521.0 SILVER BERRY ROAD NW","assessed_value":393000},{"address":"11039.0 83 AVENUE NW","assessed_value":358000},{"address":"12040.0 127 STREET NW","assessed_value":3500},{"address":"15038.0 135A STREET NW","assessed_value":414000},{"address":"nan nan","assessed_value":8500},{"address":"10134.0 100 STREET NW","assessed_value":157000},{"address":"nan nan","assessed_value":9000},{"address":"749.0 TODD LANDING NW","assessed_value":846500},{"address":"592.0 HOOKE ROAD NW","assessed_value":154000},{"address":"5504.0 125A AVENUE NW","assessed_value":1874500},{"address":"4910.0 152A AVENUE NW","assessed_value":436000},{"address":"650.0 WINDROSS CRESCENT NW","assessed_value":421500},{"address":"1716.0 HASWELL COVE NW","assessed_value":721000},{"address":"16229.0 84 STREET NW","assessed_value":512500},{"address":"nan nan","assessed_value":6500},{"address":"4515.0 TURNER SQUARE NW","assessed_value":466000},{"address":"10225.0 114 STREET NW","assessed_value":138500},{"address":"3006.0 31 AVENUE NW","assessed_value":332000},{"address":"3739.0 162 AVENUE NW","assessed_value":437000},{"address":"nan nan","assessed_value":8000},{"address":"16619.0 75 STREET NW","assessed_value":435000},{"address":"3208.0 PARSONS ROAD NW","assessed_value":623500},{"address":"14803.0 MILLER BOULEVARD NW","assessed_value":263500},{"address":"14444.0 MCQUEEN ROAD NW","assessed_value":12000},{"address":"11033.0 127 STREET NW","assessed_value":142500},{"address":"15132.0 139 STREET NW","assessed_value":351500},{"address":"3720.0 161 AVENUE NW","assessed_value":416000},{"address":"4576.0 TURNER SQUARE NW","assessed_value":420000},{"address":"nan nan","assessed_value":8500},{"address":"1147.0 RUTHERFORD CLOSE SW","assessed_value":459000},{"address":"11109.0 84 AVENUE NW","assessed_value":308000},{"address":"3421.0 31 STREET NW","assessed_value":618500},{"address":"15414.0 138A STREET NW","assessed_value":421000},{"address":"2741.0 55 STREET NW","assessed_value":104000},{"address":"nan nan","assessed_value":8500},{"address":"900.0 GRAHAM WYND NW","assessed_value":425000},{"address":"16241.0 129A STREET NW","assessed_value":462500},{"address":"592.0 HOOKE ROAD NW","assessed_value":153500},{"address":"9315.0 35 AVENUE NW","assessed_value":493500},{"address":"16415.0 77 STREET NW","assessed_value":377500},{"address":"15912.0 132 STREET NW","assessed_value":521000},{"address":"2124.0 37 AVENUE NW","assessed_value":363500},{"address":"841.0 GRAHAM WYND NW","assessed_value":445000},{"address":"3159.0 34A AVENUE NW","assessed_value":792500},{"address":"2626.0 33A STREET NW","assessed_value":400000},{"address":"13734.0 38 STREET NW","assessed_value":309000},{"address":"9008.0 99 AVENUE NW","assessed_value":284500},{"address":"3006.0 32 AVENUE NW","assessed_value":401500},{"address":"576.0 STEWART CRESCENT SW","assessed_value":622500},{"address":"1512.0 BRECKENRIDGE CLOSE NW","assessed_value":468500},{"address":"1659.0 JAMHA ROAD NW","assessed_value":336000},{"address":"2004.0 GRANTHAM COURT NW","assessed_value":285000},{"address":"nan nan","assessed_value":12500},{"address":"10804.0 177 AVENUE NW","assessed_value":520500},{"address":"10169.0 104 STREET NW","assessed_value":469500},{"address":"10134.0 100 STREET NW","assessed_value":147500},{"address":"2107.0 37A AVENUE NW","assessed_value":490000},{"address":"1212.0 KLARVATTEN COURT NW","assessed_value":451500},{"address":"2085.0 BLACKMUD CREEK DRIVE SW","assessed_value":690500},{"address":"11260.0 153 AVENUE NW","assessed_value":215000},{"address":"11111.0 82 AVENUE NW","assessed_value":336500},{"address":"1217.0 ORMSBY LANE NW","assessed_value":590500},{"address":"9741.0 110 STREET NW","assessed_value":330500},{"address":"nan nan","assessed_value":1500},{"address":"15418.0 138B STREET NW","assessed_value":422000},{"address":"2903.0 RABBIT HILL ROAD NW","assessed_value":187500},{"address":"3160.0 34A AVENUE NW","assessed_value":542000},{"address":"9741.0 110 STREET NW","assessed_value":314000},{"address":"1011.0 GOODWIN COURT NW","assessed_value":628000},{"address":"4145.0 TOMPKINS WAY NW","assessed_value":417500},{"address":"nan nan","assessed_value":9000},{"address":"3713.0 137A AVENUE NW","assessed_value":412500},{"address":"1073.0 TORY ROAD NW","assessed_value":1113000},{"address":"1869.0 HOLMAN CRESCENT NW","assessed_value":526500},{"address":"13826.0 158 AVENUE NW","assessed_value":446000},{"address":"9133.0 100A AVENUE NW","assessed_value":550000},{"address":"1007.0 79 STREET SW","assessed_value":464000},{"address":"314.0 HUDSON BEND NW","assessed_value":178500},{"address":"920.0 119 STREET NW","assessed_value":547000},{"address":"10217.0 111 STREET NW","assessed_value":482000},{"address":"14409.0 STONY PLAIN ROAD NW","assessed_value":458000},{"address":"2815.0 33 STREET NW","assessed_value":431500},{"address":"4417.0 150 AVENUE NW","assessed_value":356000},{"address":"nan nan","assessed_value":7500},{"address":"16131.0 72 STREET NW","assessed_value":532000},{"address":"15028.0 137 STREET NW","assessed_value":405500},{"address":"3106.0 34A AVENUE NW","assessed_value":505500},{"address":"1219.0 SUMMERSIDE DRIVE SW","assessed_value":794500},{"address":"508.0 CALDWELL COURT NW","assessed_value":559000},{"address":"nan nan","assessed_value":7000},{"address":"nan nan","assessed_value":7000},{"address":"11410.0 167B AVENUE NW","assessed_value":453000},{"address":"8406.0 91 STREET NW","assessed_value":5809000},{"address":"11025.0 JASPER AVENUE NW","assessed_value":81000},{"address":"20207.0 54 AVENUE NW","assessed_value":381000},{"address":"11104.0 109 AVENUE NW","assessed_value":179500},{"address":"148.0 SASKATCHEWAN DRIVE SOUTH NW","assessed_value":863000},{"address":"203.0 GALLAND CLOSE NW","assessed_value":552500},{"address":"nan nan","assessed_value":9000},{"address":"743.0 88 STREET SW","assessed_value":389000},{"address":"13309.0 123 STREET NW","assessed_value":6500},{"address":"3557.0 23 STREET NW","assessed_value":479000},{"address":"nan nan","assessed_value":4500},{"address":"16303.0 95 STREET NW","assessed_value":175500},{"address":"9135.0 100B AVENUE NW","assessed_value":579000},{"address":"9128.0 100B AVENUE NW","assessed_value":540500},{"address":"16221.0 70 STREET NW","assessed_value":522000},{"address":"940.0 PROCTOR WYND NW","assessed_value":642000},{"address":"10855.0 SASKATCHEWAN DRIVE NW","assessed_value":369000},{"address":"11548.0 167A AVENUE NW","assessed_value":413000},{"address":"7544.0 162 AVENUE NW","assessed_value":561500},{"address":"nan nan","assessed_value":17500},{"address":"17323.0 69 AVENUE NW","assessed_value":31725000},{"address":"15822.0 139 STREET NW","assessed_value":351000},{"address":"2507.0 33 STREET NW","assessed_value":469500},{"address":"7735.0 166A AVENUE NW","assessed_value":541000},{"address":"12207.0 134B AVENUE NW","assessed_value":1041000},{"address":"20110.0 53 AVENUE NW","assessed_value":371000},{"address":"10909.0 106 STREET NW","assessed_value":266000},{"address":"8942.0 156 STREET NW","assessed_value":6500},{"address":"15720.0 92 STREET NW","assessed_value":573000},{"address":"3142.0 34B AVENUE NW","assessed_value":654000},{"address":"9507.0 101 AVENUE NW","assessed_value":234000},{"address":"11830.0 152 STREET NW","assessed_value":150000},{"address":"19028.0 49 AVENUE NW","assessed_value":506000},{"address":"3320.0 24 AVENUE NW","assessed_value":491000},{"address":"nan nan","assessed_value":14500},{"address":"9938.0 104 STREET NW","assessed_value":200000},{"address":"2079.0 BRENNAN CRESCENT NW","assessed_value":440500},{"address":"207.0 GALLAND CLOSE NW","assessed_value":659500},{"address":"2706.0 HANNA COURT NW","assessed_value":511500},{"address":"143.0 MACEWAN ROAD SW","assessed_value":452000},{"address":"10824.0 102 AVENUE NW","assessed_value":1773500},{"address":"3351.0 27 AVENUE NW","assessed_value":473500},{"address":"2906.0 33 STREET NW","assessed_value":464500},{"address":"17603.0 137 AVENUE NW","assessed_value":281000},{"address":"179.0 EASTON ROAD SW","assessed_value":472500},{"address":"2220.0 37A AVENUE NW","assessed_value":449500},{"address":"10403.0 98 AVENUE NW","assessed_value":187000},{"address":"919.0 THOMPSON PLACE NW","assessed_value":779000},{"address":"3424.0 MCKAY LANE SW","assessed_value":359500},{"address":"8815.0 ELLERSLIE ROAD SW","assessed_value":325500},{"address":"nan nan","assessed_value":17500},{"address":"1505.0 BRECKENRIDGE CLOSE NW","assessed_value":447000},{"address":"1621.0 HASWELL COURT NW","assessed_value":806500},{"address":"nan nan","assessed_value":9000},{"address":"942.0 BLACKMUD CREEK CRESCENT SW","assessed_value":546500},{"address":"11606.0 167B AVENUE NW","assessed_value":422500},{"address":"3323.0 27 AVENUE NW","assessed_value":448500},{"address":"481.0 EVERGREEN PARK NW","assessed_value":69500},{"address":"10924.0 177 AVENUE NW","assessed_value":576500},{"address":"543.0 HODGSON ROAD NW","assessed_value":892000},{"address":"2811.0 30 STREET NW","assessed_value":322500},{"address":"1805.0 HASWELL WAY NW","assessed_value":708500},{"address":"133.0 GRIESBACH ROAD NW","assessed_value":340500},{"address":"261.0 TORY CRESCENT NW","assessed_value":723000},{"address":"16039.0 91 STREET NW","assessed_value":415500},{"address":"13839.0 150 AVENUE NW","assessed_value":514000},{"address":"10004.0 90 STREET NW","assessed_value":686000},{"address":"321.0 84 STREET SW","assessed_value":397500},{"address":"nan nan","assessed_value":9000},{"address":"7809.0 11 AVENUE SW","assessed_value":422000},{"address":"933.0 HALIBURTON ROAD NW","assessed_value":1003500},{"address":"3105.0 32 AVENUE NW","assessed_value":385500},{"address":"9325.0 104 AVENUE NW","assessed_value":62500},{"address":"705.0 89 STREET SW","assessed_value":490500},{"address":"325.0 CALDERON CRESCENT NW","assessed_value":460000},{"address":"5614.0 72 STREET NW","assessed_value":590500},{"address":"nan nan","assessed_value":7000},{"address":"nan nan","assessed_value":3000},{"address":"10429.0 182A AVENUE NW","assessed_value":462500},{"address":"7520.0 161A AVENUE NW","assessed_value":713500},{"address":"623.0 88 STREET SW","assessed_value":392000},{"address":"2903.0 RABBIT HILL ROAD NW","assessed_value":174500},{"address":"7223.0 161 AVENUE NW","assessed_value":513000},{"address":"9819.0 96A STREET NW","assessed_value":300500},{"address":"1805.0 37 AVENUE NW","assessed_value":449500},{"address":"nan nan","assessed_value":8500},{"address":"16206.0 92 STREET NW","assessed_value":393500},{"address":"16512.0 67 STREET NW","assessed_value":414000},{"address":"8065.0 166A AVENUE NW","assessed_value":428500},{"address":"1316.0 BARNES CLOSE SW","assessed_value":490000},{"address":"1659.0 JAMHA ROAD NW","assessed_value":315000},{"address":"7815.0 166 AVENUE NW","assessed_value":478000},{"address":"16432.0 87 STREET NW","assessed_value":525500},{"address":"10221.0 111 STREET NW","assessed_value":276500},{"address":"nan nan","assessed_value":9000},{"address":"1013.0 82 STREET SW","assessed_value":522500},{"address":"592.0 HOOKE ROAD NW","assessed_value":154000},{"address":"2918.0 33A STREET NW","assessed_value":442000},{"address":"4350.0 23 STREET NW","assessed_value":302000},{"address":"8524.0 6 AVENUE SW","assessed_value":648500},{"address":"3112.0 35B AVENUE NW","assessed_value":574500},{"address":"9404.0 41 AVENUE NW","assessed_value":4089500},{"address":"17603.0 99 STREET NW","assessed_value":339500},{"address":"nan nan","assessed_value":4000},{"address":"695.0 MCALLISTER LOOP SW","assessed_value":330500},{"address":"512.0 SILVER BERRY ROAD NW","assessed_value":490500},{"address":"308.0 CUTTS COURT NW","assessed_value":543500},{"address":"nan nan","assessed_value":18000},{"address":"16346.0 87 STREET NW","assessed_value":479500},{"address":"238.0 EVERGREEN PARK NW","assessed_value":64500},{"address":"15511.0 135 STREET NW","assessed_value":567500},{"address":"nan nan","assessed_value":6500},{"address":"14110.0 ELLERSLIE ROAD SW","assessed_value":63500},{"address":"2505.0 42 STREET NW","assessed_value":230000},{"address":"9804.0 101 STREET NW","assessed_value":263000},{"address":"10848.0 8 AVENUE SW","assessed_value":515500},{"address":"953.0 HOLLINGSWORTH BEND NW","assessed_value":1582500},{"address":"2150.0 37B AVENUE NW","assessed_value":437500},{"address":"13524.0 158 AVENUE NW","assessed_value":592000},{"address":"nan nan","assessed_value":3000},{"address":"3203.0 MCPHADDEN PLACE SW","assessed_value":473000},{"address":"9503.0 101 AVENUE NW","assessed_value":199000},{"address":"3740.0 20 STREET NW","assessed_value":377500},{"address":"7532.0 162 AVENUE NW","assessed_value":496500},{"address":"nan nan","assessed_value":11500},{"address":"8909.0 100 STREET NW","assessed_value":256500},{"address":"11567.0 167A AVENUE NW","assessed_value":427500},{"address":"2513.0 BELL COURT SW","assessed_value":485500},{"address":"520.0 BYRNE CRESCENT SW","assessed_value":538500},{"address":"9708.0 110 STREET NW","assessed_value":465500},{"address":"633.0 DALHOUSIE CRESCENT NW","assessed_value":984000},{"address":"12130.0 16 AVENUE SW","assessed_value":334500},{"address":"249.0 EDWARDS DRIVE SW","assessed_value":253500},{"address":"8518.0 6 AVENUE SW","assessed_value":515000},{"address":"21233.0 88A AVENUE NW","assessed_value":534000},{"address":"7924.0 10 AVENUE SW","assessed_value":379000},{"address":"622.0 STEWART CRESCENT SW","assessed_value":684500},{"address":"10806.0 183 AVENUE NW","assessed_value":428000},{"address":"9015.0 156 AVENUE NW","assessed_value":519500},{"address":"237.0 YOUVILLE DRIVE EAST NW","assessed_value":194500},{"address":"3726.0 138A AVENUE NW","assessed_value":311500},{"address":"13523.0 159 AVENUE NW","assessed_value":570500},{"address":"113.0 GRIESBACH ROAD NW","assessed_value":481500},{"address":"8108.0 109 STREET NW","assessed_value":241000},{"address":"10034.0 87 STREET NW","assessed_value":901000},{"address":"21241.0 88A AVENUE NW","assessed_value":484500},{"address":"2303.0 RUTHERFORD WAY SW","assessed_value":581500},{"address":"9325.0 104 AVENUE NW","assessed_value":60000},{"address":"nan nan","assessed_value":7500},{"address":"567.0 KLARVATTEN LAKE WYND NW","assessed_value":482500},{"address":"8916.0 213 STREET NW","assessed_value":373000},{"address":"9543.0 103 AVENUE NW","assessed_value":629500},{"address":"2910.0 30 STREET NW","assessed_value":346000},{"address":"11211.0 85 STREET NW","assessed_value":118000},{"address":"1077.0 TORY ROAD NW","assessed_value":1199000},{"address":"nan nan","assessed_value":6000},{"address":"17315.0 90 STREET NW","assessed_value":390500},{"address":"504.0 90 STREET SW","assessed_value":524500},{"address":"9811.0 96A STREET NW","assessed_value":320500},{"address":"nan nan","assessed_value":8500},{"address":"1007.0 GOODWIN COURT NW","assessed_value":570500},{"address":"12934.0 160A AVENUE NW","assessed_value":492500},{"address":"112.0 TEGLER GATE NW","assessed_value":771500},{"address":"13007.0 141C AVENUE NW","assessed_value":490000},{"address":"816.0 MCALLISTER CRESCENT SW","assessed_value":413000},{"address":"10324.0 157 STREET NW","assessed_value":289000},{"address":"1510.0 THOROGOOD CLOSE NW","assessed_value":765000},{"address":"14908.0 137 STREET NW","assessed_value":466000},{"address":"1122.0 BARNES WAY SW","assessed_value":334500},{"address":"6915.0 166 AVENUE NW","assessed_value":472500},{"address":"6735.0 164 AVENUE NW","assessed_value":421000},{"address":"nan nan","assessed_value":12500},{"address":"1705.0 ROBERTSON PLACE SW","assessed_value":479500},{"address":"7220.0 144 AVENUE NW","assessed_value":79500},{"address":"11025.0 JASPER AVENUE NW","assessed_value":93500},{"address":"nan nan","assessed_value":7000},{"address":"8507.0 173 AVENUE NW","assessed_value":437000},{"address":"10020.0 144 AVENUE NW","assessed_value":526000},{"address":"467.0 OZERNA ROAD NW","assessed_value":475500},{"address":"10134.0 100 STREET NW","assessed_value":148500},{"address":"2084.0 HADDOW DRIVE NW","assessed_value":631500},{"address":"655.0 SILVER BERRY ROAD NW","assessed_value":708500},{"address":"825.0 MCALLISTER CRESCENT SW","assessed_value":388500},{"address":"1659.0 JAMHA ROAD NW","assessed_value":322000},{"address":"10153.0 117 STREET NW","assessed_value":170500},{"address":"195.0 KLARVATTEN ROAD NW","assessed_value":433500},{"address":"14709.0 138A STREET NW","assessed_value":528000},{"address":"9811.0 96A STREET NW","assessed_value":370000},{"address":"nan nan","assessed_value":3500},{"address":"8619.0 111 STREET NW","assessed_value":371500},{"address":"nan nan","assessed_value":7500},{"address":"nan nan","assessed_value":13000},{"address":"6784.0 75 STREET NW","assessed_value":613000},{"address":"12227.0 16 AVENUE SW","assessed_value":424500},{"address":"11613.0 173A AVENUE NW","assessed_value":493000},{"address":"1211.0 87 STREET SW","assessed_value":471500},{"address":"3906.0 MCMULLEN GREEN SW","assessed_value":497500},{"address":"211.0 TORY CRESCENT NW","assessed_value":835000},{"address":"11111.0 82 AVENUE NW","assessed_value":292000},{"address":"7220.0 144 AVENUE NW","assessed_value":64000},{"address":"8119.0 112 AVENUE NW","assessed_value":101500},{"address":"242.0 EVERGREEN PARK NW","assessed_value":21500},{"address":"617.0 STEWART CRESCENT SW","assessed_value":632500},{"address":"nan nan","assessed_value":8000},{"address":"11340.0 124 STREET NW","assessed_value":78500},{"address":"1031.0 RUTHERFORD PLACE SW","assessed_value":553500},{"address":"177.0 CALDWELL WAY NW","assessed_value":598000},{"address":"4931.0 152 AVENUE NW","assessed_value":506000},{"address":"4418.0 151A AVENUE NW","assessed_value":469000},{"address":"9938.0 104 STREET NW","assessed_value":212000},{"address":"5220.0 201 STREET NW","assessed_value":383000},{"address":"15109.0 MILLER BOULEVARD NW","assessed_value":430500},{"address":"5336.0 TERWILLEGAR BOULEVARD NW","assessed_value":490000},{"address":"16029.0 90 STREET NW","assessed_value":310500},{"address":"237.0 YOUVILLE DRIVE EAST NW","assessed_value":186000},{"address":"4503.0 151 AVENUE NW","assessed_value":438500},{"address":"1850.0 ROBERTSON CRESCENT SW","assessed_value":616000},{"address":"15314.0 137A STREET NW","assessed_value":390500},{"address":"8956.0 156 STREET NW","assessed_value":269500},{"address":"2741.0 55 STREET NW","assessed_value":126500},{"address":"nan nan","assessed_value":4500},{"address":"14047.0 152 AVENUE NW","assessed_value":409500},{"address":"494.0 HUNTERS GREEN NW","assessed_value":470500},{"address":"15711.0 93 STREET NW","assessed_value":508000},{"address":"2923.0 MCPHADDEN WAY SW","assessed_value":444000},{"address":"1741.0 HASWELL COVE NW","assessed_value":631500},{"address":"nan nan","assessed_value":8500},{"address":"1517.0 PALMER CLOSE NW","assessed_value":616000},{"address":"nan nan","assessed_value":13000},{"address":"9112.0 156 AVENUE NW","assessed_value":502500},{"address":"nan nan","assessed_value":7500},{"address":"11111.0 82 AVENUE NW","assessed_value":301000},{"address":"10909.0 106 STREET NW","assessed_value":254500},{"address":"nan nan","assessed_value":6000},{"address":"10108.0 125 STREET NW","assessed_value":405500},{"address":"17440.0 90 STREET NW","assessed_value":486000},{"address":"8930.0 149 STREET NW","assessed_value":76500},{"address":"9938.0 104 STREET NW","assessed_value":236000},{"address":"3239.0 27 AVENUE NW","assessed_value":424500},{"address":"3263.0 26 AVENUE NW","assessed_value":502000},{"address":"14428.0 MILLER BOULEVARD NW","assessed_value":313000},{"address":"11818.0 173A AVENUE NW","assessed_value":402500},{"address":"15031.0 137 STREET NW","assessed_value":451000},{"address":"888.0 MCALLISTER CRESCENT SW","assessed_value":418000},{"address":"11211.0 85 STREET NW","assessed_value":106000},{"address":"10178.0 117 STREET NW","assessed_value":344500},{"address":"15308.0 138A STREET NW","assessed_value":426500},{"address":"306.0 84 STREET SW","assessed_value":410000},{"address":"8705.0 5 AVENUE SW","assessed_value":493000},{"address":"2021.0 GRANTHAM COURT NW","assessed_value":294000},{"address":"16933.0 115 STREET NW","assessed_value":263000},{"address":"1125.0 SUMMERSIDE DRIVE SW","assessed_value":542000},{"address":"10753.0 101 STREET NW","assessed_value":2717500},{"address":"16020.0 129 STREET NW","assessed_value":427000},{"address":"6418.0 163 AVENUE NW","assessed_value":506500},{"address":"4445.0 CALGARY TRAIL NW","assessed_value":7187000},{"address":"11335.0 167B AVENUE NW","assessed_value":424000},{"address":"nan nan","assessed_value":7000},{"address":"3631.0 23 STREET NW","assessed_value":443000},{"address":"20035.0 54A AVENUE NW","assessed_value":339000},{"address":"nan nan","assessed_value":7000},{"address":"10105.0 109 STREET NW","assessed_value":97000},{"address":"10605.0 175A AVENUE NW","assessed_value":562500},{"address":"13807.0 158 AVENUE NW","assessed_value":429000},{"address":"357.0 CALDERON CRESCENT NW","assessed_value":473500},{"address":"5319.0 TERWILLEGAR BOULEVARD NW","assessed_value":541500},{"address":"11428.0 169 AVENUE NW","assessed_value":333500},{"address":"nan nan","assessed_value":3000},{"address":"3121.0 LAKEWOOD CRESCENT NW","assessed_value":121500},{"address":"nan nan","assessed_value":6000},{"address":"14803.0 MILLER BOULEVARD NW","assessed_value":263500},{"address":"nan nan","assessed_value":4000},{"address":"nan nan","assessed_value":6000},{"address":"3522.0 MCLEAN CRESCENT SW","assessed_value":477000},{"address":"16356.0 65 STREET NW","assessed_value":527500},{"address":"nan nan","assessed_value":6500},{"address":"10033.0 116 STREET NW","assessed_value":216000},{"address":"8505.0 ARGYLL ROAD NW","assessed_value":2767500},{"address":"3505.0 22 STREET NW","assessed_value":457000},{"address":"203.0 CALDWELL WAY NW","assessed_value":494500},{"address":"nan nan","assessed_value":2500},{"address":"1334.0 RUTHERFORD ROAD SW","assessed_value":539000},{"address":"1910.0 GARNETT WAY NW","assessed_value":500000},{"address":"182.0 HADDOW CLOSE NW","assessed_value":234000},{"address":"9560.0 87 STREET NW","assessed_value":64693500},{"address":"1222.0 KLARVATTEN COURT NW","assessed_value":515000},{"address":"650.0 GEISSINGER ROAD NW","assessed_value":492000},{"address":"3224.0 29 AVENUE NW","assessed_value":474500},{"address":"nan nan","assessed_value":9000},{"address":"7553.0 165A AVENUE NW","assessed_value":522500},{"address":"10811.0 6 AVENUE SW","assessed_value":868500},{"address":"11211.0 85 STREET NW","assessed_value":125500},{"address":"2003.0 99 STREET NW","assessed_value":10582500},{"address":"10153.0 117 STREET NW","assessed_value":228000},{"address":"8942.0 156 STREET NW","assessed_value":6500},{"address":"7415.0 172 STREET NW","assessed_value":12324500},{"address":"nan nan","assessed_value":8000},{"address":"11039.0 83 AVENUE NW","assessed_value":339000},{"address":"2459.0 TEGLER GREEN NW","assessed_value":893000},{"address":"1016.0 82 STREET SW","assessed_value":531500},{"address":"2126.0 37 AVENUE NW","assessed_value":397000},{"address":"237.0 YOUVILLE DRIVE EAST NW","assessed_value":186500},{"address":"927.0 HALIBURTON ROAD NW","assessed_value":545500},{"address":"837.0 BARNES LINK SW","assessed_value":470500},{"address":"2032.0 BRENNAN CRESCENT NW","assessed_value":480500},{"address":"12933.0 162A AVENUE NW","assessed_value":430000},{"address":"16303.0 95 STREET NW","assessed_value":133500},{"address":"15423.0 131 AVENUE NW","assessed_value":27082500},{"address":"237.0 YOUVILLE DRIVE EAST NW","assessed_value":153000},{"address":"207.0 85 STREET SW","assessed_value":413500},{"address":"8523.0 7 AVENUE SW","assessed_value":481000},{"address":"nan nan","assessed_value":4500},{"address":"10221.0 111 STREET NW","assessed_value":302000},{"address":"8909.0 100 STREET NW","assessed_value":264000},{"address":"15940.0 109 AVENUE NW","assessed_value":84000},{"address":"nan nan","assessed_value":14500},{"address":"17603.0 99 STREET NW","assessed_value":364500},{"address":"3555.0 23 STREET NW","assessed_value":450000},{"address":"21355.0 88 AVENUE NW","assessed_value":423500},{"address":"11111.0 82 AVENUE NW","assessed_value":314500},{"address":"2420.0 108 STREET NW","assessed_value":181000},{"address":"8922.0 156 STREET NW","assessed_value":245500},{"address":"920.0 119 STREET NW","assessed_value":528500},{"address":"8825.0 8 AVENUE SW","assessed_value":456000},{"address":"nan nan","assessed_value":4500},{"address":"10827.0 183 AVENUE NW","assessed_value":455000},{"address":"13417.0 66 STREET NW","assessed_value":4500},{"address":"9815.0 96A STREET NW","assessed_value":291000},{"address":"7611.0 172 STREET NW","assessed_value":12997500},{"address":"21250.0 88A AVENUE NW","assessed_value":439500},{"address":"9951.0 88 STREET NW","assessed_value":607500},{"address":"1249.0 SUMMERSIDE DRIVE SW","assessed_value":1474500},{"address":"618.0 88A STREET SW","assessed_value":373000},{"address":"9828.0 112 STREET NW","assessed_value":292000},{"address":"10265.0 107 STREET NW","assessed_value":363500},{"address":"10912.0 177 AVENUE NW","assessed_value":540000},{"address":"13403.0 CUMBERLAND ROAD NW","assessed_value":290500},{"address":"10104.0 105 STREET NW","assessed_value":145500},{"address":"818.0 TODD COURT NW","assessed_value":729500},{"address":"nan nan","assessed_value":13000},{"address":"8045.0 166A AVENUE NW","assessed_value":398500},{"address":"5009.0 DONSDALE DRIVE NW","assessed_value":1847500},{"address":"9143.0 84 AVENUE NW","assessed_value":711500},{"address":"2004.0 GRANTHAM COURT NW","assessed_value":284500},{"address":"15402.0 115A AVENUE NW","assessed_value":1000},{"address":"2903.0 RABBIT HILL ROAD NW","assessed_value":205000},{"address":"3132.0 PARSONS ROAD NW","assessed_value":261500},{"address":"10153.0 117 STREET NW","assessed_value":254500},{"address":"15425.0 106 AVENUE NW","assessed_value":2881500},{"address":"1094.0 BARNES WAY SW","assessed_value":342000},{"address":"6703.0 172 STREET NW","assessed_value":213500},{"address":"10403.0 98 AVENUE NW","assessed_value":217500},{"address":"2218.0 GARNETT COURT NW","assessed_value":584000},{"address":"1140.0 61 STREET NW","assessed_value":134500},{"address":"9815.0 96A STREET NW","assessed_value":381500},{"address":"nan nan","assessed_value":15000},{"address":"2423.0 TEGLER GREEN NW","assessed_value":1383500},{"address":"82.0 WINDERMERE DRIVE SW","assessed_value":2787500},{"address":"17603.0 99 STREET NW","assessed_value":388500},{"address":"223.0 EVERGREEN PARK NW","assessed_value":57000},{"address":"16507.0 68 STREET NW","assessed_value":466500},{"address":"11340.0 124 STREET NW","assessed_value":70000},{"address":"2021.0 GRANTHAM COURT NW","assessed_value":323000},{"address":"4412.0 151A AVENUE NW","assessed_value":431500},{"address":"6748.0 166 AVENUE NW","assessed_value":399500},{"address":"14955.0 137 STREET NW","assessed_value":462000},{"address":"3004.0 30 AVENUE NW","assessed_value":342000},{"address":"6703.0 172 STREET NW","assessed_value":219500},{"address":"1947.0 GARNETT WAY NW","assessed_value":463500},{"address":"11025.0 JASPER AVENUE NW","assessed_value":88000},{"address":"885.0 DRYSDALE RUN NW","assessed_value":736000},{"address":"nan nan","assessed_value":8000},{"address":"nan nan","assessed_value":17000},{"address":"2427.0 TEGLER GREEN NW","assessed_value":1194000},{"address":"10903.0 6 AVENUE SW","assessed_value":774500},{"address":"4416.0 151A AVENUE NW","assessed_value":441500},{"address":"16933.0 115 STREET NW","assessed_value":274500},{"address":"nan nan","assessed_value":7500},{"address":"1136.0 BARNES WAY SW","assessed_value":335500},{"address":"nan nan","assessed_value":7000},{"address":"nan nan","assessed_value":3000},{"address":"16212.0 77 STREET NW","assessed_value":494000},{"address":"10848.0 8 AVENUE SW","assessed_value":531500},{"address":"11626.0 167B AVENUE NW","assessed_value":383000},{"address":"2219.0 GARNETT COURT NW","assessed_value":420500},{"address":"11039.0 83 AVENUE NW","assessed_value":339000},{"address":"2408.0 BOWEN WYND SW","assessed_value":539500},{"address":"10011.0 110 STREET NW","assessed_value":235000},{"address":"11211.0 85 STREET NW","assessed_value":104000},{"address":"nan nan","assessed_value":17500},{"address":"2505.0 42 STREET NW","assessed_value":230000},{"address":"8942.0 156 STREET NW","assessed_value":241500},{"address":"1023.0 DOWNEY WAY NW","assessed_value":782000},{"address":"9804.0 101 STREET NW","assessed_value":246000},{"address":"249.0 EDWARDS DRIVE SW","assessed_value":252500},{"address":"4315.0 151A AVENUE NW","assessed_value":436500},{"address":"3228.0 29 AVENUE NW","assessed_value":469500},{"address":"nan nan","assessed_value":6000},{"address":"885.0 HOLLANDS LANDING NW","assessed_value":744000},{"address":"10739.0 131A AVENUE NW","assessed_value":2500},{"address":"4324.0 MCMULLEN WAY SW","assessed_value":467000},{"address":"11103.0 84 AVENUE NW","assessed_value":303500},{"address":"2903.0 RABBIT HILL ROAD NW","assessed_value":197500},{"address":"9123.0 77 AVENUE NW","assessed_value":1091500},{"address":"16153.0 128A STREET NW","assessed_value":464000},{"address":"15225.0 48A STREET NW","assessed_value":629500},{"address":"14603.0 MILLER BOULEVARD NW","assessed_value":269000},{"address":"7547.0 162 AVENUE NW","assessed_value":705000},{"address":"9955.0 114 STREET NW","assessed_value":260500},{"address":"405.0 SPARLING COURT SW","assessed_value":676500},{"address":"3710.0 MCLEAN COURT SW","assessed_value":511000},{"address":"891.0 MCALLISTER CRESCENT SW","assessed_value":417500},{"address":"10707.0 102 AVENUE NW","assessed_value":201000},{"address":"3732.0 20 STREET NW","assessed_value":378500},{"address":"17614.0 111 STREET NW","assessed_value":537500},{"address":"8619.0 111 STREET NW","assessed_value":350500},{"address":"nan nan","assessed_value":17000},{"address":"728.0 DALHOUSIE WAY NW","assessed_value":612000},{"address":"2311.0 TAYLOR CLOSE NW","assessed_value":575500},{"address":"5042.0 THIBAULT WAY NW","assessed_value":464500},{"address":"nan nan","assessed_value":8500},{"address":"10712.0 6 AVENUE SW","assessed_value":652000},{"address":"17012.0 ZAYCHUK ROAD NW","assessed_value":226500},{"address":"476.0 HUNTERS GREEN NW","assessed_value":521000},{"address":"10308.0 114 STREET NW","assessed_value":249000},{"address":"10134.0 100 STREET NW","assessed_value":163500},{"address":"15930.0 132 STREET NW","assessed_value":431500},{"address":"nan nan","assessed_value":8500},{"address":"nan nan","assessed_value":9000},{"address":"nan nan","assessed_value":8000},{"address":"2639.0 LAKEVIEW DRIVE NW","assessed_value":116500},{"address":"10105.0 95 STREET NW","assessed_value":306500},{"address":"9811.0 96A STREET NW","assessed_value":357500},{"address":"8909.0 100 STREET NW","assessed_value":276500},{"address":"11260.0 153 AVENUE NW","assessed_value":223500},{"address":"7803.0 12 AVENUE SW","assessed_value":418000},{"address":"592.0 HOOKE ROAD NW","assessed_value":159000},{"address":"10903.0 103 AVENUE NW","assessed_value":36489000},{"address":"16823.0 84 STREET NW","assessed_value":231000},{"address":"3210.0 35A AVENUE NW","assessed_value":511000},{"address":"19032.0 50 AVENUE NW","assessed_value":420500},{"address":"1207.0 ORMSBY LANE NW","assessed_value":531500},{"address":"nan nan","assessed_value":6000},{"address":"8942.0 156 STREET NW","assessed_value":250500},{"address":"9938.0 104 STREET NW","assessed_value":219000},{"address":"255.0 DUNVEGAN ROAD NW","assessed_value":385000},{"address":"nan nan","assessed_value":8500},{"address":"1819.0 35 AVENUE NW","assessed_value":407000},{"address":"nan nan","assessed_value":6500},{"address":"nan nan","assessed_value":10500},{"address":"nan nan","assessed_value":8500},{"address":"4104.0 78 AVENUE NW","assessed_value":19177000},{"address":"14615.0 137 STREET NW","assessed_value":515500},{"address":"10108.0 125 STREET NW","assessed_value":376000},{"address":"9938.0 104 STREET NW","assessed_value":249500},{"address":"10108.0 125 STREET NW","assessed_value":424000},{"address":"10360.0 ELLERSLIE ROAD SW","assessed_value":11000},{"address":"12205.0 50 STREET NW","assessed_value":256500},{"address":"nan nan","assessed_value":8500},{"address":"7731.0 166A AVENUE NW","assessed_value":573000},{"address":"9804.0 101 STREET NW","assessed_value":231000},{"address":"13020.0 34 STREET NW","assessed_value":376500},{"address":"8311.0 11 AVENUE SW","assessed_value":481500},{"address":"6736.0 164 AVENUE NW","assessed_value":451000},{"address":"8956.0 156 STREET NW","assessed_value":267500},{"address":"2226.0 GARNETT COURT NW","assessed_value":573500},{"address":"nan nan","assessed_value":6500},{"address":"nan nan","assessed_value":7000},{"address":"3760.0 21 STREET NW","assessed_value":349000},{"address":"2420.0 108 STREET NW","assessed_value":202000},{"address":"920.0 119 STREET NW","assessed_value":415500},{"address":"14505.0 118 AVENUE NW","assessed_value":2587500},{"address":"nan nan","assessed_value":14500},{"address":"16204.0 90 STREET NW","assessed_value":501000},{"address":"21324.0 89 AVENUE NW","assessed_value":407000},{"address":"10134.0 100 STREET NW","assessed_value":134500},{"address":"533.0 GEISSINGER LOOP NW","assessed_value":457000},{"address":"nan nan","assessed_value":7000},{"address":"9756.0 91 STREET NW","assessed_value":379000},{"address":"3520.0 22 STREET NW","assessed_value":413500},{"address":"3204.0 PARSONS ROAD NW","assessed_value":638500},{"address":"167.0 EVERGREEN PARK NW","assessed_value":65500},{"address":"515.0 BYRNE CRESCENT SW","assessed_value":657000},{"address":"1217.0 KLARVATTEN COURT NW","assessed_value":506000},{"address":"5071.0 THIBAULT WAY NW","assessed_value":491500},{"address":"7225.0 ROPER ROAD NW","assessed_value":1078500},{"address":"14079.0 151 AVENUE NW","assessed_value":411500},{"address":"9803.0 96A STREET NW","assessed_value":358000},{"address":"nan nan","assessed_value":9000},{"address":"16303.0 95 STREET NW","assessed_value":170500},{"address":"15317.0 138B STREET NW","assessed_value":437000},{"address":"nan nan","assessed_value":3000},{"address":"3409.0 LAKEVIEW POINT NW","assessed_value":110500},{"address":"680.0 TODD LANDING NW","assessed_value":940000},{"address":"nan nan","assessed_value":8500},{"address":"5432.0 203 STREET NW","assessed_value":435500},{"address":"12721.0 135 STREET NW","assessed_value":9000},{"address":"1678.0 TOMPKINS PLACE NW","assessed_value":379500},{"address":"nan nan","assessed_value":7000},{"address":"592.0 HOOKE ROAD NW","assessed_value":183000},{"address":"3213.0 MCPHADDEN PLACE SW","assessed_value":522500},{"address":"nan nan","assessed_value":8000},{"address":"8912.0 100 AVENUE NW","assessed_value":606500},{"address":"2740.0 LAKESIDE DRIVE NW","assessed_value":75000},{"address":"485.0 HUNTERS GREEN NW","assessed_value":463500},{"address":"14618.0 138A STREET NW","assessed_value":502500},{"address":"3132.0 PARSONS ROAD NW","assessed_value":540000},{"address":"nan nan","assessed_value":6000},{"address":"3246.0 27 AVENUE NW","assessed_value":423000},{"address":"12604.0 153 AVENUE NW","assessed_value":179500},{"address":"3026.0 30 AVENUE NW","assessed_value":404000},{"address":"10308.0 114 STREET NW","assessed_value":285500},{"address":"6830.0 159A AVENUE NW","assessed_value":322500},{"address":"11606.0 173A AVENUE NW","assessed_value":436000},{"address":"8514.0 7 AVENUE SW","assessed_value":467000},{"address":"10625.0 175A AVENUE NW","assessed_value":501500},{"address":"3420.0 74 AVENUE NW","assessed_value":6092000},{"address":"10105.0 109 STREET NW","assessed_value":96000},{"address":"592.0 HOOKE ROAD NW","assessed_value":154000},{"address":"1262.0 RUTHERFORD ROAD SW","assessed_value":746500},{"address":"nan nan","assessed_value":17500},{"address":"nan nan","assessed_value":4500},{"address":"nan nan","assessed_value":6500},{"address":"2021.0 GRANTHAM COURT NW","assessed_value":293500},{"address":"11039.0 83 AVENUE NW","assessed_value":306500},{"address":"nan nan","assessed_value":8500},{"address":"10106.0 105 STREET NW","assessed_value":108500},{"address":"4630.0 TURNER SQUARE NW","assessed_value":508500},{"address":"5005.0 DONSDALE DRIVE NW","assessed_value":899000},{"address":"749.0 HALIBURTON CRESCENT NW","assessed_value":818000},{"address":"9103.0 101 AVENUE NW","assessed_value":540000},{"address":"16348.0 89 STREET NW","assessed_value":444500},{"address":"3105.0 LAKEWOOD CRESCENT NW","assessed_value":92000},{"address":"583.0 STEWART CRESCENT SW","assessed_value":699500},{"address":"7437.0 162 AVENUE NW","assessed_value":1087000},{"address":"9907.0 145 AVENUE NW","assessed_value":523500},{"address":"11825.0 71 STREET NW","assessed_value":81500},{"address":"11111.0 82 AVENUE NW","assessed_value":398000},{"address":"11210.0 142 STREET NW","assessed_value":608000},{"address":"nan nan","assessed_value":6500},{"address":"304.0 85 STREET SW","assessed_value":385500},{"address":"9127.0 101 AVENUE NW","assessed_value":543000},{"address":"14007.0 156 AVENUE NW","assessed_value":328000},{"address":"2021.0 GRANTHAM COURT NW","assessed_value":299500},{"address":"1826.0 37 AVENUE NW","assessed_value":444500},{"address":"12603.0 152 AVENUE NW","assessed_value":322000},{"address":"7611.0 165A AVENUE NW","assessed_value":482000},{"address":"1089.0 TORY ROAD NW","assessed_value":519500},{"address":"3141.0 LAKEWOOD CRESCENT NW","assessed_value":91000},{"address":"8619.0 111 STREET NW","assessed_value":351000},{"address":"806.0 MCALLISTER CRESCENT SW","assessed_value":437000},{"address":"705.0 GREEN WYND NW","assessed_value":455000},{"address":"1844.0 GARNETT WAY NW","assessed_value":484000},{"address":"13416.0 158 AVENUE NW","assessed_value":558500},{"address":"10116.0 80 AVENUE NW","assessed_value":249500},{"address":"nan nan","assessed_value":8500},{"address":"15040.0 136 STREET NW","assessed_value":416000},{"address":"4556.0 TURNER SQUARE NW","assessed_value":430000},{"address":"9325.0 104 AVENUE NW","assessed_value":69000},{"address":"682.0 GEISSINGER ROAD NW","assessed_value":500000},{"address":"832.0 BARNES LINK SW","assessed_value":457500},{"address":"3310.0 30 AVENUE NW","assessed_value":606500},{"address":"13342.0 113A STREET NW","assessed_value":148000},{"address":"672.0 DARTMOUTH POINT NW","assessed_value":911000},{"address":"366.0 HUDSON BEND NW","assessed_value":536500},{"address":"2903.0 RABBIT HILL ROAD NW","assessed_value":193000},{"address":"12603.0 152 AVENUE NW","assessed_value":292000},{"address":"4928.0 191 STREET NW","assessed_value":483000},{"address":"8908.0 175 AVENUE NW","assessed_value":472500},{"address":"nan nan","assessed_value":6500},{"address":"13839.0 37 STREET NW","assessed_value":441000},{"address":"64.0 RIM ROAD NW","assessed_value":99000},{"address":"353.0 CALDERON CRESCENT NW","assessed_value":478500},{"address":"nan nan","assessed_value":4000},{"address":"1090.0 TORY ROAD NW","assessed_value":515500},{"address":"592.0 HOOKE ROAD NW","assessed_value":143500},{"address":"nan nan","assessed_value":9000},{"address":"1055.0 LEGER BOULEVARD NW","assessed_value":556000},{"address":"14428.0 MILLER BOULEVARD NW","assessed_value":304000},{"address":"nan nan","assessed_value":7000},{"address":"nan nan","assessed_value":6000},{"address":"1809.0 36 AVENUE NW","assessed_value":449500},{"address":"17335.0 91 STREET NW","assessed_value":392500},{"address":"8119.0 112 AVENUE NW","assessed_value":110500},{"address":"nan nan","assessed_value":6000},{"address":"406.0 CALDERON CRESCENT NW","assessed_value":541500},{"address":"10134.0 100 STREET NW","assessed_value":155000},{"address":"183.0 MACEWAN ROAD SW","assessed_value":478000},{"address":"1726.0 RUTHERFORD POINT SW","assessed_value":910000},{"address":"610.0 90 STREET SW","assessed_value":405000},{"address":"18649.0 118A AVENUE NW","assessed_value":5662000},{"address":"8528.0 173 AVENUE NW","assessed_value":370500},{"address":"445.0 GIBB WYND NW","assessed_value":432500},{"address":"1854.0 TOWNE CENTRE BOULEVARD NW","assessed_value":531500},{"address":"3221.0 33A STREET NW","assessed_value":429000},{"address":"305.0 CUTTS COURT NW","assessed_value":534000},{"address":"580.0 BYRNE CRESCENT SW","assessed_value":577000},{"address":"2004.0 GRANTHAM COURT NW","assessed_value":284500},{"address":"10116.0 80 AVENUE NW","assessed_value":268000},{"address":"13104.0 35 STREET NW","assessed_value":393000},{"address":"711.0 89 STREET SW","assessed_value":467500},{"address":"943.0 HOLLINGSWORTH BEND NW","assessed_value":1675000},{"address":"8942.0 156 STREET NW","assessed_value":281500},{"address":"nan nan","assessed_value":12500},{"address":"16519.0 68 STREET NW","assessed_value":430500},{"address":"10301.0 109 STREET NW","assessed_value":265500},{"address":"16332.0 88 STREET NW","assessed_value":461000},{"address":"17524.0 107 STREET NW","assessed_value":491000},{"address":"920.0 119 STREET NW","assessed_value":465500},{"address":"1838.0 ROBERTSON CRESCENT SW","assessed_value":512500},{"address":"1826.0 35 AVENUE NW","assessed_value":433000},{"address":"1531.0 PALMER CLOSE NW","assessed_value":594500},{"address":"13738.0 37 STREET NW","assessed_value":440000},{"address":"2336.0 TAYLOR CLOSE NW","assessed_value":624500},{"address":"7113.0 162A AVENUE NW","assessed_value":521500},{"address":"4306.0 151A AVENUE NW","assessed_value":415000},{"address":"2021.0 GRANTHAM COURT NW","assessed_value":301500},{"address":"101.0 EVERGREEN PARK NW","assessed_value":65500},{"address":"9704.0 174 STREET NW","assessed_value":184000},{"address":"20015.0 54A AVENUE NW","assessed_value":341000},{"address":"11340.0 124 STREET NW","assessed_value":78500},{"address":"4319.0 MCMULLEN WAY SW","assessed_value":424500},{"address":"nan nan","assessed_value":4500},{"address":"387.0 CALDERON CRESCENT NW","assessed_value":589500},{"address":"1813.0 35 AVENUE NW","assessed_value":468500},{"address":"10169.0 104 STREET NW","assessed_value":467000},{"address":"4596.0 TURNER SQUARE NW","assessed_value":415500},{"address":"20154.0 53 AVENUE NW","assessed_value":401500},{"address":"9120.0 156 STREET NW","assessed_value":162000},{"address":"nan nan","assessed_value":9000},{"address":"3247.0 28A AVENUE NW","assessed_value":434000},{"address":"14203.0 23 AVENUE NW","assessed_value":18098000},{"address":"10235.0 111 STREET NW","assessed_value":385000},{"address":"9811.0 96A STREET NW","assessed_value":395000},{"address":"4614.0 151A AVENUE NW","assessed_value":425500},{"address":"19034.0 49A AVENUE NW","assessed_value":461000},{"address":"17712.0 107 STREET NW","assessed_value":501500},{"address":"5222.0 162A AVENUE NW","assessed_value":413500},{"address":"16611.0 76 STREET NW","assessed_value":479000},{"address":"1273.0 ORMSBY LANE NW","assessed_value":526500},{"address":"742.0 TODD LANDING NW","assessed_value":982000},{"address":"16303.0 95 STREET NW","assessed_value":155500},{"address":"16219.0 83B STREET NW","assessed_value":439500},{"address":"8921.0 7 AVENUE SW","assessed_value":493500},{"address":"734.0 DALHOUSIE WAY NW","assessed_value":720500},{"address":"133.0 WEST VIEW CRESCENT","assessed_value":93500},{"address":"3032.0 32 AVENUE NW","assessed_value":383000},{"address":"10249.0 104 STREET NW","assessed_value":538500},{"address":"10923.0 6 AVENUE SW","assessed_value":747500},{"address":"7303.0 162 AVENUE NW","assessed_value":569500},{"address":"8752.0 166 AVENUE NW","assessed_value":475000},{"address":"16124.0 74 STREET NW","assessed_value":506000},{"address":"10235.0 111 STREET NW","assessed_value":450500},{"address":"15019.0 135 STREET NW","assessed_value":358500},{"address":"16234.0 93 STREET NW","assessed_value":315500},{"address":"12141.0 16 AVENUE SW","assessed_value":407500},{"address":"1626.0 HECTOR ROAD NW","assessed_value":539500},{"address":"404.0 86 STREET SW","assessed_value":581500},{"address":"6912.0 68 AVENUE NW","assessed_value":658500},{"address":"nan nan","assessed_value":8500},{"address":"1017.0 RUTHERFORD PLACE SW","assessed_value":504500},{"address":"2903.0 RABBIT HILL ROAD NW","assessed_value":223000},{"address":"9741.0 110 STREET NW","assessed_value":309000},{"address":"10330.0 113 STREET NW","assessed_value":94000},{"address":"11211.0 85 STREET NW","assessed_value":87500},{"address":"10848.0 8 AVENUE SW","assessed_value":432500},{"address":"710.0 GREEN WYND NW","assessed_value":540000},{"address":"721.0 GREEN WYND NW","assessed_value":449000},{"address":"16608.0 79 STREET NW","assessed_value":462000},{"address":"nan nan","assessed_value":7500},{"address":"3010.0 LAKEVIEW DRIVE NW","assessed_value":125500},{"address":"16231.0 90 STREET NW","assessed_value":421500},{"address":"2340.0 RUTHERFORD WAY SW","assessed_value":606500},{"address":"285.0 OZERNA ROAD NW","assessed_value":497000},{"address":"8942.0 156 STREET NW","assessed_value":247000},{"address":"4350.0 23 STREET NW","assessed_value":293500},{"address":"10406.0 182A AVENUE NW","assessed_value":436000},{"address":"420.0 HUNTERS GREEN NW","assessed_value":334500},{"address":"1902.0 GARNETT WAY NW","assessed_value":508000},{"address":"162.0 MACEWAN ROAD SW","assessed_value":449500},{"address":"10169.0 104 STREET NW","assessed_value":335500},{"address":"14603.0 137 STREET NW","assessed_value":484000},{"address":"420.0 HUNTERS GREEN NW","assessed_value":341000},{"address":"10004.0 164 STREET NW","assessed_value":309500},{"address":"nan nan","assessed_value":14500},{"address":"nan nan","assessed_value":4500},{"address":"16303.0 95 STREET NW","assessed_value":166500},{"address":"9704.0 174 STREET NW","assessed_value":189500},{"address":"2410.0 32B STREET NW","assessed_value":442000},{"address":"11020.0 86 AVENUE NW","assessed_value":1495000},{"address":"5053.0 THIBAULT WAY NW","assessed_value":438000},{"address":"8942.0 156 STREET NW","assessed_value":6500},{"address":"2420.0 108 STREET NW","assessed_value":188500},{"address":"4440.0 GATEWAY BOULEVARD NW","assessed_value":1260000},{"address":"2741.0 55 STREET NW","assessed_value":151000},{"address":"14603.0 MILLER BOULEVARD NW","assessed_value":267500},{"address":"450.0 SPARLING COURT SW","assessed_value":814000},{"address":"nan nan","assessed_value":8500},{"address":"10712.0 176A AVENUE NW","assessed_value":642500},{"address":"11033.0 127 STREET NW","assessed_value":255500},{"address":"12832.0 161 AVENUE NW","assessed_value":446500},{"address":"2741.0 55 STREET NW","assessed_value":157500},{"address":"3203.0 28 AVENUE NW","assessed_value":431000},{"address":"nan nan","assessed_value":17000},{"address":"614.0 EVERGREEN PARK NW","assessed_value":67500},{"address":"1428.0 THOROGOOD LANE NW","assessed_value":780000},{"address":"1994.0 GARNETT WAY NW","assessed_value":501500},{"address":"9815.0 96A STREET NW","assessed_value":307000},{"address":"9819.0 96A STREET NW","assessed_value":305000},{"address":"nan nan","assessed_value":12000},{"address":"326.0 CALDWELL CLOSE NW","assessed_value":1269000},{"address":"10105.0 95 STREET NW","assessed_value":381000},{"address":"10301.0 109 STREET NW","assessed_value":258000},{"address":"nan nan","assessed_value":21000},{"address":"11260.0 153 AVENUE NW","assessed_value":339500},{"address":"1127.0 RUTHERFORD CLOSE SW","assessed_value":528500},{"address":"nan nan","assessed_value":17500},{"address":"16303.0 95 STREET NW","assessed_value":172000},{"address":"13660.0 38 STREET NW","assessed_value":12861500},{"address":"16823.0 84 STREET NW","assessed_value":252000},{"address":"nan nan","assessed_value":8000},{"address":"12236.0 51 STREET NW","assessed_value":4000},{"address":"nan nan","assessed_value":6000},{"address":"4020.0 21 STREET NW","assessed_value":303500},{"address":"3380.0 28A AVENUE NW","assessed_value":257000},{"address":"2420.0 108 STREET NW","assessed_value":189000},{"address":"11616.0 168 AVENUE NW","assessed_value":426500},{"address":"16112.0 38 STREET NW","assessed_value":393000},{"address":"4508.0 150 AVENUE NW","assessed_value":379000},{"address":"1872.0 HOLMAN CRESCENT NW","assessed_value":503500},{"address":"nan nan","assessed_value":8000},{"address":"4968.0 191 STREET NW","assessed_value":534500},{"address":"6728.0 166 AVENUE NW","assessed_value":404000},{"address":"9106.0 100A AVENUE NW","assessed_value":535000},{"address":"16277.0 52 STREET NW","assessed_value":476500},{"address":"nan nan","assessed_value":8000},{"address":"933.0 PICARD DRIVE NW","assessed_value":545500},{"address":"8956.0 156 STREET NW","assessed_value":281500},{"address":"nan nan","assessed_value":4500},{"address":"3114.0 35A AVENUE NW","assessed_value":519000},{"address":"10169.0 104 STREET NW","assessed_value":555000},{"address":"nan nan","assessed_value":4000},{"address":"3343.0 24 AVENUE NW","assessed_value":426000},{"address":"21353.0 87A AVENUE NW","assessed_value":399500},{"address":"13423.0 159 AVENUE NW","assessed_value":526000},{"address":"15715.0 135 STREET NW","assessed_value":620500},{"address":"4125.0 TOMPKINS WAY NW","assessed_value":452500},{"address":"2338.0 37A AVENUE NW","assessed_value":484500},{"address":"15116.0 48 STREET NW","assessed_value":461500},{"address":"1912.0 36 AVENUE NW","assessed_value":376500},{"address":"705.0 HOLLINGSWORTH GREEN NW","assessed_value":800500},{"address":"nan nan","assessed_value":6000},{"address":"10848.0 8 AVENUE SW","assessed_value":533000},{"address":"nan nan","assessed_value":6500},{"address":"nan nan","assessed_value":6000},{"address":"3792.0 21 STREET NW","assessed_value":411000},{"address":"2112.0 35A AVENUE NW","assessed_value":458000},{"address":"4350.0 23 STREET NW","assessed_value":290000},{"address":"9730.0 174 STREET NW","assessed_value":189500},{"address":"9705.0 60 AVENUE NW","assessed_value":647500},{"address":"nan nan","assessed_value":13000},{"address":"2089.0 BLACKMUD CREEK DRIVE SW","assessed_value":677000},{"address":"1636.0 HECTOR ROAD NW","assessed_value":687000},{"address":"8922.0 156 STREET NW","assessed_value":238500},{"address":"622.0 DALHOUSIE CRESCENT NW","assessed_value":748500},{"address":"16536.0 67 STREET NW","assessed_value":421000},{"address":"8942.0 156 STREET NW","assessed_value":6500},{"address":"4115.0 TOMPKINS WAY NW","assessed_value":420500},{"address":"8715.0 82 AVENUE NW","assessed_value":185000},{"address":"3519.0 19 STREET NW","assessed_value":466500},{"address":"nan nan","assessed_value":4000},{"address":"21258.0 88A AVENUE NW","assessed_value":499000},{"address":"16514.0 67A STREET NW","assessed_value":434000},{"address":"nan nan","assessed_value":17000},{"address":"14605.0 138A STREET NW","assessed_value":581000},{"address":"3225.0 LAKEWOOD CLOSE NW","assessed_value":91000}]