[{"address":"10725.0 113 STREET NW","assessed_value":384500},{"address":"2332.0 151 AVENUE NW","assessed_value":137500},{"address":"627.0 BUTTERWORTH WYND NW","assessed_value":1168500},{"address":"344.0 REHWINKEL CLOSE NW","assessed_value":497000},{"address":"10678.0 153 AVENUE NW","assessed_value":355500},{"address":"12738.0 117 STREET NW","assessed_value":590000},{"address":"13552.0 123A AVENUE NW","assessed_value":342500},{"address":"247.0 ORMSBY ROAD EAST NW","assessed_value":504000},{"address":"9322.0 107 AVENUE NW","assessed_value":423500},{"address":"9835.0 113 STREET NW","assessed_value":208000},{"address":"415.0 PAWSON COVE NW","assessed_value":569000},{"address":"9642.0 109 AVENUE NW","assessed_value":248500},{"address":"14717.0 34 STREET NW","assessed_value":325000},{"address":"10135.0 100A STREET NW","assessed_value":4725500},{"address":"10320.0 113 STREET NW","assessed_value":132500},{"address":"13332.0 124 AVENUE NW","assessed_value":375000},{"address":"11362.0 110A AVENUE NW","assessed_value":370000},{"address":"5215.0 110 STREET NW","assessed_value":107000},{"address":"10140.0 120 STREET NW","assessed_value":82000},{"address":"12720.0 112 AVENUE NW","assessed_value":254500},{"address":"10870.0 96 STREET NW","assessed_value":238500},{"address":"9840.0 BELLAMY HILL NW","assessed_value":2500},{"address":"10231.0 121 STREET NW","assessed_value":856500},{"address":"10337.0 95 STREET NW","assessed_value":210500},{"address":"2503.0 101 STREET SW","assessed_value":282500},{"address":"1507.0 105 STREET NW","assessed_value":416500},{"address":"10658.0 153 AVENUE NW","assessed_value":393500},{"address":"9103.0 175A AVENUE NW","assessed_value":388500},{"address":"12348.0 135 STREET NW","assessed_value":334500},{"address":"61.0 ST GEORGE'S CRESCENT NW","assessed_value":11500},{"address":"10421.0 93 STREET NW","assessed_value":101000},{"address":"9909.0 110 STREET NW","assessed_value":5500},{"address":"11427.0 127 STREET NW","assessed_value":408500},{"address":"11245.0 31 AVENUE NW","assessed_value":76500},{"address":"9854.0 88 AVENUE NW","assessed_value":142500},{"address":"5124.0 189 STREET NW","assessed_value":618000},{"address":"15911.0 64 STREET NW","assessed_value":430500},{"address":"16425.0 89 AVENUE NW","assessed_value":158500},{"address":"18015.0 61 AVENUE NW","assessed_value":468500},{"address":"10220.0 116 STREET NW","assessed_value":2984000},{"address":"1187.0 POTTER GREENS DRIVE NW","assessed_value":463500},{"address":"10931.0 127 STREET NW","assessed_value":396000},{"address":"12810.0 116A AVENUE NW","assessed_value":378500},{"address":"129.0 OEMING ROAD NW","assessed_value":461500},{"address":"9008.0 101A AVENUE NW","assessed_value":540500},{"address":"10841.0 139 STREET NW","assessed_value":402000},{"address":"nan nan","assessed_value":8000},{"address":"223.0 WARWICK CRESCENT NW","assessed_value":380500},{"address":"9840.0 114 STREET NW","assessed_value":7500},{"address":"7565.0 188 STREET NW","assessed_value":225500},{"address":"10156.0 94A STREET NW","assessed_value":272500},{"address":"10025.0 115 STREET NW","assessed_value":136500},{"address":"9929.0 113 STREET NW","assessed_value":183500},{"address":"4713.0 27 AVENUE NW","assessed_value":504500},{"address":"334.0 ORMSBY ROAD EAST NW","assessed_value":460000},{"address":"13527.0 117 AVENUE NW","assessed_value":372000},{"address":"11535.0 128 STREET NW","assessed_value":370000},{"address":"9909.0 104 STREET NW","assessed_value":51000},{"address":"11330.0 109A AVENUE NW","assessed_value":463500},{"address":"146.0 LONDONDERRY SQUARE NW","assessed_value":137000},{"address":"10149.0 122 STREET NW","assessed_value":493000},{"address":"9830.0 106 STREET NW","assessed_value":98000},{"address":"171.0 LONDONDERRY SQUARE NW","assessed_value":157000},{"address":"9531.0 109 AVENUE NW","assessed_value":210000},{"address":"nan nan","assessed_value":188500},{"address":"11415.0 111A AVENUE NW","assessed_value":408000},{"address":"9903.0 104 STREET NW","assessed_value":81500},{"address":"10160.0 115 STREET NW","assessed_value":8000},{"address":"1907.0 108 STREET NW","assessed_value":53500},{"address":"10126.0 100 STREET NW","assessed_value":1164000},{"address":"10171.0 119 STREET NW","assessed_value":213000},{"address":"2703.0 79 STREET NW","assessed_value":139500},{"address":"10140.0 115 STREET NW","assessed_value":172000},{"address":"9910.0 109 STREET NW","assessed_value":1632000},{"address":"642.0 BUTCHART WYND NW","assessed_value":941000},{"address":"9904.0 90 AVENUE NW","assessed_value":107500},{"address":"110.0 ROYAL ROAD NW","assessed_value":211000},{"address":"16527.0 STONY PLAIN ROAD NW","assessed_value":74500},{"address":"9548.0 102A AVENUE NW","assessed_value":255000},{"address":"12310.0 109 AVENUE NW","assessed_value":370500},{"address":"15816.0 76A STREET NW","assessed_value":464000},{"address":"1103.0 FALCONER ROAD NW","assessed_value":758000},{"address":"9909.0 104 STREET NW","assessed_value":69000},{"address":"3236.0 44 AVENUE NW","assessed_value":580500},{"address":"17507.0 103 STREET NW","assessed_value":654000},{"address":"15820.0 76A STREET NW","assessed_value":424500},{"address":"10848.0 140 STREET NW","assessed_value":383000},{"address":"105.0 DICKINSFIELD COURT NW","assessed_value":163000},{"address":"10616.0 123 STREET NW","assessed_value":161000},{"address":"11239.0 104 STREET NW","assessed_value":293000},{"address":"17841.0 102 AVENUE NW","assessed_value":1611000},{"address":"254.0 ORMSBY ROAD EAST NW","assessed_value":535000},{"address":"12823.0 87 STREET NW","assessed_value":241500},{"address":"10548.0 125 STREET NW","assessed_value":538500},{"address":"12223.0 118 AVENUE NW","assessed_value":9500},{"address":"17207.0 113 STREET NW","assessed_value":507500},{"address":"10616.0 123 STREET NW","assessed_value":100500},{"address":"10160.0 114 STREET NW","assessed_value":98500},{"address":"628.0 BUTTERWORTH WYND NW","assessed_value":617000},{"address":"257.0 OEMING ROAD NW","assessed_value":318000},{"address":"2007.0 104 STREET NW","assessed_value":431000},{"address":"1707.0 109 STREET NW","assessed_value":477500},{"address":"11533.0 140 STREET NW","assessed_value":405000},{"address":"18612.0 77 AVENUE NW","assessed_value":472000},{"address":"9524.0 177 AVENUE NW","assessed_value":426000},{"address":"10965.0 96 STREET NW","assessed_value":265500},{"address":"10319.0 95 STREET NW","assessed_value":254500},{"address":"238.0 BURTON ROAD NW","assessed_value":559500},{"address":"nan nan","assessed_value":8000},{"address":"9909.0 104 STREET NW","assessed_value":65000},{"address":"11307.0 99 AVENUE NW","assessed_value":107000},{"address":"121.0 OWER PLACE NW","assessed_value":628000},{"address":"4404.0 122 STREET NW","assessed_value":151500},{"address":"6039.0 40 AVENUE NW","assessed_value":492000},{"address":"10140.0 115 STREET NW","assessed_value":156500},{"address":"1252.0 105 STREET NW","assessed_value":278000},{"address":"nan nan","assessed_value":8000},{"address":"11311.0 113 AVENUE NW","assessed_value":341000},{"address":"6220.0 172 STREET NW","assessed_value":159500},{"address":"3709.0 39 AVENUE NW","assessed_value":439500},{"address":"413.0 HUNTINGTON HILL NW","assessed_value":148000},{"address":"13712.0 115 AVENUE NW","assessed_value":342000},{"address":"11303.0 115 STREET NW","assessed_value":361000},{"address":"3611.0 145 AVENUE NW","assessed_value":71500},{"address":"5611.0 105 STREET NW","assessed_value":145000},{"address":"7112.0 157 AVENUE NW","assessed_value":556000},{"address":"1650.0 42 STREET NW","assessed_value":304500},{"address":"721.0 JOHNS ROAD NW","assessed_value":332500},{"address":"709.0 BURLEY DRIVE NW","assessed_value":626500},{"address":"11547.0 123 STREET NW","assessed_value":290000},{"address":"4240.0 106 STREET NW","assessed_value":114500},{"address":"10705.0 139 STREET NW","assessed_value":434500},{"address":"10155.0 114 STREET NW","assessed_value":170000},{"address":"9545.0 101 STREET NW","assessed_value":373000},{"address":"10935.0 21 AVENUE NW","assessed_value":219000},{"address":"15723.0 78 STREET NW","assessed_value":385500},{"address":"10803.0 199 STREET NW","assessed_value":1685000},{"address":"10930.0 122 STREET NW","assessed_value":729500},{"address":"10160.0 114 STREET NW","assessed_value":95500},{"address":"12303.0 JASPER AVENUE NW","assessed_value":149500},{"address":"10966.0 141 STREET NW","assessed_value":395500},{"address":"13108.0 158 AVENUE NW","assessed_value":23500},{"address":"10947.0 117 STREET NW","assessed_value":419500},{"address":"9909.0 110 STREET NW","assessed_value":197500},{"address":"10160.0 114 STREET NW","assessed_value":85500},{"address":"15503.0 106 STREET NW","assessed_value":98500},{"address":"4208.0 30 STREET NW","assessed_value":421500},{"address":"9909.0 104 STREET NW","assessed_value":70500},{"address":"7835.0 159 STREET NW","assessed_value":116000},{"address":"10026.0 112 STREET NW","assessed_value":197500},{"address":"3611.0 145 AVENUE NW","assessed_value":68500},{"address":"11710.0 100 AVENUE NW","assessed_value":237500},{"address":"11552.0 139 STREET NW","assessed_value":388500},{"address":"16.0 PROMONTORY POINT NW","assessed_value":1658500},{"address":"10042.0 94 STREET NW","assessed_value":394500},{"address":"13520.0 116B AVENUE NW","assessed_value":459000},{"address":"1487.0 WELBOURN DRIVE NW","assessed_value":715000},{"address":"3313.0 43 STREET NW","assessed_value":400000},{"address":"9635.0 110 AVENUE NW","assessed_value":231000},{"address":"6205.0 178 STREET NW","assessed_value":102000},{"address":"12811.0 156 AVENUE NW","assessed_value":436500},{"address":"10319.0 175 AVENUE NW","assessed_value":556000},{"address":"12331.0 JASPER AVENUE NW","assessed_value":287000},{"address":"10619.0 122 STREET NW","assessed_value":107500},{"address":"9324.0 98 AVENUE NW","assessed_value":6000},{"address":"11016.0 126 STREET NW","assessed_value":462000},{"address":"418.0 TWIN BROOKS CRESCENT NW","assessed_value":974500},{"address":"11206.0 104 STREET NW","assessed_value":270000},{"address":"551.0 CLAREVIEW ROAD NW","assessed_value":62500},{"address":"10720.0 181 STREET NW","assessed_value":313500},{"address":"19063.0 72B AVENUE NW","assessed_value":438500},{"address":"919.0 WANYANDI ROAD NW","assessed_value":675000},{"address":"17940.0 61 AVENUE NW","assessed_value":432000},{"address":"11712.0 130 STREET NW","assessed_value":458000},{"address":"3212.0 40 AVENUE NW","assessed_value":438500},{"address":"10525.0 116 STREET NW","assessed_value":1460000},{"address":"11623.0 141 STREET NW","assessed_value":388000},{"address":"nan nan","assessed_value":72500},{"address":"414.0 PAWSON COVE NW","assessed_value":762500},{"address":"16527.0 STONY PLAIN ROAD NW","assessed_value":109500},{"address":"10171.0 119 STREET NW","assessed_value":217500},{"address":"10312.0 121 STREET NW","assessed_value":519500},{"address":"235.0 OCKENDEN PLACE NW","assessed_value":581000},{"address":"17423.0 91 STREET NW","assessed_value":378000},{"address":"11318.0 101 STREET NW","assessed_value":321000},{"address":"18004.0 95 AVENUE NW","assessed_value":126000},{"address":"9929.0 113 STREET NW","assessed_value":175500},{"address":"10440.0 80 AVENUE NW","assessed_value":299000},{"address":"2703.0 79 STREET NW","assessed_value":133000},{"address":"12703.0 158 AVENUE NW","assessed_value":428500},{"address":"9630.0 106 AVENUE NW","assessed_value":217000},{"address":"186.0 LONDONDERRY SQUARE NW","assessed_value":152000},{"address":"11234.0 127 STREET NW","assessed_value":617500},{"address":"11265.0 31 AVENUE NW","assessed_value":73500},{"address":"11212.0 124 STREET NW","assessed_value":697500},{"address":"9822.0 105 STREET NW","assessed_value":590500},{"address":"17408.0 CALLINGWOOD ROAD NW","assessed_value":234000},{"address":"7249.0 156 AVENUE NW","assessed_value":479000},{"address":"10992.0 126 STREET NW","assessed_value":573000},{"address":"10993.0 123 STREET NW","assessed_value":384500},{"address":"1039.0 JAMES CRESCENT NW","assessed_value":474500},{"address":"4206.0 33A AVENUE NW","assessed_value":366000},{"address":"9450.0 SCONA ROAD NW","assessed_value":1500},{"address":"3915.0 31 STREET NW","assessed_value":521000},{"address":"nan nan","assessed_value":8000},{"address":"5215.0 110 STREET NW","assessed_value":94500},{"address":"10833.0 93 STREET NW","assessed_value":204000},{"address":"429.0 HUNTINGTON HILL NW","assessed_value":148000},{"address":"1833.0 MILL WOODS ROAD EAST NW","assessed_value":176500},{"address":"223.0 PETER CLOSE NW","assessed_value":609000},{"address":"12314.0 47 STREET NW","assessed_value":406500},{"address":"3907.0 32 STREET NW","assessed_value":483500},{"address":"13567.0 124A AVENUE NW","assessed_value":319000},{"address":"10817.0 75 STREET NW","assessed_value":2000},{"address":"10015.0 119 STREET NW","assessed_value":137000},{"address":"16405.0 89 AVENUE NW","assessed_value":160000},{"address":"10160.0 115 STREET NW","assessed_value":246500},{"address":"9930.0 113 STREET NW","assessed_value":108500},{"address":"10155.0 114 STREET NW","assessed_value":176500},{"address":"18808.0 93 AVENUE NW","assessed_value":519000},{"address":"11611.0 111A AVENUE NW","assessed_value":331500},{"address":"9609.0 109A AVENUE NW","assessed_value":277000},{"address":"3204.0 42A AVENUE NW","assessed_value":464500},{"address":"32.0 CORMACK CRESCENT NW","assessed_value":805500},{"address":"12436.0 134 STREET NW","assessed_value":363500},{"address":"1180.0 WEDGEWOOD BOULEVARD NW","assessed_value":676000},{"address":"7815.0 159 STREET NW","assessed_value":100000},{"address":"141.0 LONDONDERRY SQUARE NW","assessed_value":141000},{"address":"17715.0 127 STREET NW","assessed_value":384500},{"address":"11028.0 131 STREET NW","assessed_value":502500},{"address":"11452.0 112 AVENUE NW","assessed_value":392000},{"address":"10744.0 125 STREET NW","assessed_value":461000},{"address":"10050.0 111 STREET NW","assessed_value":32000},{"address":"10966.0 125 STREET NW","assessed_value":421000},{"address":"10432.0 10 AVENUE NW","assessed_value":554000},{"address":"738.0 BURTON CRESCENT NW","assessed_value":624000},{"address":"10502.0 102 STREET NW","assessed_value":531500},{"address":"10224.0 123 STREET NW","assessed_value":1083000},{"address":"10130.0 117 STREET NW","assessed_value":50145000},{"address":"9330.0 105 AVENUE NW","assessed_value":199500},{"address":"2550.0 34 STREET SW","assessed_value":656500},{"address":"12930.0 53 STREET NW","assessed_value":188000},{"address":"12524.0 104 AVENUE NW","assessed_value":806000},{"address":"10803.0 113 STREET NW","assessed_value":1559500},{"address":"10223.0 89 STREET NW","assessed_value":382500},{"address":"10249.0 119 STREET NW","assessed_value":113000},{"address":"6205.0 178 STREET NW","assessed_value":139000},{"address":"5920.0 189 STREET NW","assessed_value":402000},{"address":"5635.0 105 STREET NW","assessed_value":138000},{"address":"10011.0 154 AVENUE NW","assessed_value":421500},{"address":"12136.0 141 STREET NW","assessed_value":318000},{"address":"1650.0 42 STREET NW","assessed_value":287500},{"address":"13435.0 97 STREET NW","assessed_value":114500},{"address":"18828.0 51 AVENUE NW","assessed_value":537000},{"address":"3611.0 145 AVENUE NW","assessed_value":81000},{"address":"17074.0 113 STREET NW","assessed_value":394000},{"address":"4240.0 106 STREET NW","assessed_value":111500},{"address":"9755.0 97A STREET NW","assessed_value":1500},{"address":"11807.0 135 STREET NW","assessed_value":338000},{"address":"nan nan","assessed_value":8500},{"address":"12303.0 JASPER AVENUE NW","assessed_value":166000},{"address":"12704.0 101 STREET NW","assessed_value":492000},{"address":"12303.0 56 STREET NW","assessed_value":426500},{"address":"5227.0 185 STREET NW","assessed_value":564500},{"address":"4404.0 122 STREET NW","assessed_value":139500},{"address":"10545.0 SASKATCHEWAN DRIVE NW","assessed_value":225000},{"address":"10158.0 94 STREET NW","assessed_value":278000},{"address":"10654.0 153 AVENUE NW","assessed_value":361500},{"address":"13505.0 124A AVENUE NW","assessed_value":338000},{"address":"11134.0 116 STREET NW","assessed_value":698000},{"address":"11138.0 129 STREET NW","assessed_value":326000},{"address":"3532.0 39 AVENUE NW","assessed_value":511000},{"address":"10936.0 129 STREET NW","assessed_value":1019500},{"address":"9737.0 112 STREET NW","assessed_value":212500},{"address":"10103.0 108 AVENUE NW","assessed_value":500},{"address":"9643.0 100A STREET NW","assessed_value":796000},{"address":"9628.0 106A AVENUE NW","assessed_value":285500},{"address":"162.0 LONDONDERRY SQUARE NW","assessed_value":137000},{"address":"4404.0 122 STREET NW","assessed_value":128500},{"address":"11920.0 100 AVENUE NW","assessed_value":609000},{"address":"10125.0 104 STREET NW","assessed_value":5893000},{"address":"2624.0 111C STREET NW","assessed_value":469000},{"address":"10938.0 116 STREET NW","assessed_value":419500},{"address":"18916.0 59 AVENUE NW","assessed_value":450500},{"address":"11215.0 132 STREET NW","assessed_value":410000},{"address":"281.0 ORMSBY ROAD EAST NW","assessed_value":540000},{"address":"11710.0 100 AVENUE NW","assessed_value":287000},{"address":"9835.0 113 STREET NW","assessed_value":132500},{"address":"10740.0 92 STREET NW","assessed_value":358000},{"address":"10936.0 115 STREET NW","assessed_value":421000},{"address":"1071.0 JAMES CRESCENT NW","assessed_value":516000},{"address":"12303.0 JASPER AVENUE NW","assessed_value":185000},{"address":"10644.0 153 AVENUE NW","assessed_value":299000},{"address":"10043.0 116 STREET NW","assessed_value":1180000},{"address":"11607.0 123 STREET NW","assessed_value":346500},{"address":"11319.0 125 STREET NW","assessed_value":360500},{"address":"10512.0 98 STREET NW","assessed_value":398500},{"address":"11307.0 99 AVENUE NW","assessed_value":142500},{"address":"11205.0 130 STREET NW","assessed_value":431000},{"address":"155.0 WARWICK CRESCENT NW","assessed_value":368500},{"address":"2027.0 43 STREET NW","assessed_value":442000},{"address":"11243.0 104 STREET NW","assessed_value":256000},{"address":"10273.0 97 STREET NW","assessed_value":413000},{"address":"16011.0 66 STREET NW","assessed_value":5483000},{"address":"1121.0 60 STREET NW","assessed_value":409500},{"address":"12801.0 66 STREET NW","assessed_value":210500},{"address":"11307.0 99 AVENUE NW","assessed_value":99500},{"address":"5205.0 110 STREET NW","assessed_value":107000},{"address":"11007.0 83 AVENUE NW","assessed_value":235000},{"address":"11414.0 122 STREET NW","assessed_value":372500},{"address":"nan nan","assessed_value":0},{"address":"5708.0 125 AVENUE NW","assessed_value":92500},{"address":"10601.0 95 STREET NW","assessed_value":162500},{"address":"9503.0 109A AVENUE NW","assessed_value":251000},{"address":"2019.0 43 STREET NW","assessed_value":464000},{"address":"2703.0 79 STREET NW","assessed_value":152500},{"address":"9721.0 101A STREET NW","assessed_value":484500},{"address":"1865.0 MILL WOODS ROAD EAST NW","assessed_value":192500},{"address":"10618.0 96 STREET NW","assessed_value":231500},{"address":"16915.0 91 STREET NW","assessed_value":409500},{"address":"11611.0 134 STREET NW","assessed_value":399500},{"address":"11045.0 132 STREET NW","assessed_value":85500},{"address":"13944.0 118 AVENUE NW","assessed_value":304000},{"address":"9628.0 107A AVENUE NW","assessed_value":156500},{"address":"9808.0 103 STREET NW","assessed_value":172000},{"address":"18408.0 78 AVENUE NW","assessed_value":359500},{"address":"510.0 197 AVENUE NE","assessed_value":1111000},{"address":"3003.0 43A AVENUE NW","assessed_value":479500},{"address":"11624.0 112 AVENUE NW","assessed_value":90500},{"address":"11216.0 109 AVENUE NW","assessed_value":500500},{"address":"12311.0 108 AVENUE NW","assessed_value":659000},{"address":"9638.0 109 AVENUE NW","assessed_value":238500},{"address":"11208.0 102 STREET NW","assessed_value":459500},{"address":"9636.0 102A AVENUE NW","assessed_value":1844000},{"address":"10103.0 176 AVENUE NW","assessed_value":18500},{"address":"nan nan","assessed_value":8000},{"address":"4404.0 122 STREET NW","assessed_value":127000},{"address":"4461.0 32A STREET NW","assessed_value":544000},{"address":"5316.0 118 AVENUE NW","assessed_value":86000},{"address":"11715.0 114 AVENUE NW","assessed_value":323500},{"address":"9854.0 88 AVENUE NW","assessed_value":150000},{"address":"9825.0 82 AVENUE NW","assessed_value":95500},{"address":"11038.0 123 STREET NW","assessed_value":342500},{"address":"11144.0 123 STREET NW","assessed_value":471000},{"address":"11303.0 113A AVENUE NW","assessed_value":366500},{"address":"3112.0 44B AVENUE NW","assessed_value":481000},{"address":"10250.0 125 STREET NW","assessed_value":680000},{"address":"12904.0 112 AVENUE NW","assessed_value":412500},{"address":"12224.0 DOVERCOURT CRESCENT NW","assessed_value":308000},{"address":"10435.0 58 AVENUE NW","assessed_value":211000},{"address":"10961.0 141 STREET NW","assessed_value":369000},{"address":"10236.0 WADHURST ROAD NW","assessed_value":734000},{"address":"736.0 JOHNS ROAD NW","assessed_value":350000},{"address":"7004.0 23 AVENUE NW","assessed_value":3977500},{"address":"10250.0 101 STREET NW","assessed_value":36119500},{"address":"10305.0 120 STREET NW","assessed_value":120000},{"address":"9835.0 113 STREET NW","assessed_value":194500},{"address":"7835.0 159 STREET NW","assessed_value":106500},{"address":"219.0 RHATIGAN ROAD EAST NW","assessed_value":583000},{"address":"10160.0 114 STREET NW","assessed_value":74500},{"address":"9737.0 112 STREET NW","assessed_value":182500},{"address":"11907.0 139 STREET NW","assessed_value":306500},{"address":"11605.0 87 AVENUE NW","assessed_value":173500},{"address":"10730.0 115 STREET NW","assessed_value":1587000},{"address":"10310.0 96 AVENUE NW","assessed_value":1124000},{"address":"11816.0 111 AVENUE NW","assessed_value":3643500},{"address":"10313.0 95 STREET NW","assessed_value":254000},{"address":"4024.0 105B STREET NW","assessed_value":406000},{"address":"9909.0 104 STREET NW","assessed_value":57500},{"address":"774.0 WHEELER ROAD WEST NW","assessed_value":1321000},{"address":"13603.0 117 AVENUE NW","assessed_value":395500},{"address":"10720.0 75 STREET NW","assessed_value":3500},{"address":"10325.0 176A AVENUE NW","assessed_value":511000},{"address":"10815.0 116 STREET NW","assessed_value":2290000},{"address":"13944.0 117 AVENUE NW","assessed_value":427000},{"address":"9903.0 104 STREET NW","assessed_value":85000},{"address":"11414.0 126 STREET NW","assessed_value":344500},{"address":"11507.0 135 STREET NW","assessed_value":371500},{"address":"1127.0 61 STREET NW","assessed_value":495500},{"address":"4404.0 122 STREET NW","assessed_value":134500},{"address":"10962.0 135 STREET NW","assessed_value":394500},{"address":"246.0 REGAL COURT NW","assessed_value":211000},{"address":"27.0 BLUE QUILL CRESCENT NW","assessed_value":693000},{"address":"10912.0 108 STREET NW","assessed_value":273500},{"address":"4361.0 31 STREET NW","assessed_value":515000},{"address":"9749.0 105 STREET NW","assessed_value":798500},{"address":"11112.0 129 STREET NW","assessed_value":112500},{"address":"10138.0 121 STREET NW","assessed_value":485500},{"address":"1255.0 POTTER GREENS DRIVE NW","assessed_value":8500},{"address":"9450.0 SCONA ROAD NW","assessed_value":1500},{"address":"9909.0 104 STREET NW","assessed_value":77500},{"address":"731.0 BURLEY DRIVE NW","assessed_value":613500},{"address":"10160.0 114 STREET NW","assessed_value":79500},{"address":"9904.0 106 STREET NW","assessed_value":833000},{"address":"9830.0 106 STREET NW","assessed_value":74500},{"address":"15503.0 106 STREET NW","assessed_value":136000},{"address":"12207.0 135 STREET NW","assessed_value":450500},{"address":"12617.0 108 AVENUE NW","assessed_value":252000},{"address":"11104.0 108 STREET NW","assessed_value":50000},{"address":"10025.0 115 STREET NW","assessed_value":146500},{"address":"10935.0 21 AVENUE NW","assessed_value":214000},{"address":"4853.0 32 AVENUE NW","assessed_value":263000},{"address":"11125.0 129 STREET NW","assessed_value":299500},{"address":"6230.0 162A AVENUE NW","assessed_value":520500},{"address":"12276.0 ST ALBERT TRAIL NW","assessed_value":343500},{"address":"10828.0 126 STREET NW","assessed_value":1013000},{"address":"10738.0 127 STREET NW","assessed_value":101500},{"address":"10708.0 115 STREET NW","assessed_value":1508000},{"address":"11306.0 123 STREET NW","assessed_value":331000},{"address":"362.0 BURTON ROAD NW","assessed_value":627500},{"address":"9737.0 112 STREET NW","assessed_value":153000},{"address":"2144.0 42 STREET NW","assessed_value":470000},{"address":"203.0 PETER CLOSE NW","assessed_value":480000},{"address":"13102.0 109A AVENUE NW","assessed_value":470000},{"address":"12336.0 56 STREET NW","assessed_value":377000},{"address":"9343.0 87 STREET NW","assessed_value":737000},{"address":"15819.0 79 STREET NW","assessed_value":458000},{"address":"11520.0 140 STREET NW","assessed_value":405500},{"address":"12840.0 56 STREET NW","assessed_value":197500},{"address":"3611.0 145 AVENUE NW","assessed_value":82500},{"address":"56.0 REHWINKEL ROAD NW","assessed_value":657000},{"address":"9404.0 SCONA ROAD NW","assessed_value":2500},{"address":"21.0 PROMONTORY POINT NW","assessed_value":1633000},{"address":"11243.0 132 STREET NW","assessed_value":382000},{"address":"17823.0 60 AVENUE NW","assessed_value":513000},{"address":"257.0 BURTON ROAD NW","assessed_value":609000},{"address":"16425.0 89 AVENUE NW","assessed_value":170000},{"address":"4619.0 43A AVENUE NW","assessed_value":578500},{"address":"9830.0 106 STREET NW","assessed_value":76000},{"address":"11520.0 124 STREET NW","assessed_value":2376000},{"address":"306.0 NORTHGATE TERRACE NW","assessed_value":167000},{"address":"11265.0 31 AVENUE NW","assessed_value":82000},{"address":"10732.0 96 STREET NW","assessed_value":315500},{"address":"10458.0 55 AVENUE NW","assessed_value":216000},{"address":"11243.0 127 STREET NW","assessed_value":396500},{"address":"17808.0 91A STREET NW","assessed_value":434000},{"address":"85.0 JEFFERSON ROAD NW","assessed_value":449000},{"address":"277.0 OEMING ROAD NW","assessed_value":329500},{"address":"9536.0 102A AVENUE NW","assessed_value":255000},{"address":"10979.0 118 STREET NW","assessed_value":376000},{"address":"9835.0 113 STREET NW","assessed_value":204000},{"address":"10824.0 140 STREET NW","assessed_value":443000},{"address":"11614.0 127 STREET NW","assessed_value":306500},{"address":"10544.0 124 STREET NW","assessed_value":1575000},{"address":"212.0 BURTON ROAD NW","assessed_value":622000},{"address":"11323.0 130 STREET NW","assessed_value":397000},{"address":"12607.0 115 AVENUE NW","assessed_value":407000},{"address":"11604.0 135 STREET NW","assessed_value":500},{"address":"8205.0 90 AVENUE NW","assessed_value":18021500},{"address":"3031.0 39 AVENUE NW","assessed_value":463500},{"address":"11460.0 GROAT ROAD NW","assessed_value":1560500},{"address":"10304.0 154 AVENUE NW","assessed_value":451000},{"address":"19.0 ROYAL ROAD NW","assessed_value":234500},{"address":"10580.0 115 STREET NW","assessed_value":1990500},{"address":"10008.0 154 AVENUE NW","assessed_value":497500},{"address":"242.0 OMAND DRIVE NW","assessed_value":816500},{"address":"11310.0 115 STREET NW","assessed_value":366000},{"address":"11522.0 101 STREET NW","assessed_value":318500},{"address":"10104.0 113 AVENUE NW","assessed_value":1043500},{"address":"11311.0 111 AVENUE NW","assessed_value":359500},{"address":"10958.0 124 STREET NW","assessed_value":373000},{"address":"5207.0 139 AVENUE NW","assessed_value":490500},{"address":"6819.0 188 STREET NW","assessed_value":590500},{"address":"511.0 PARDEE BAY NW","assessed_value":570500},{"address":"9825.0 82 AVENUE NW","assessed_value":112500},{"address":"12803.0 112 AVENUE NW","assessed_value":420500},{"address":"11130.0 110 AVENUE NW","assessed_value":416500},{"address":"18203.0 61 AVENUE NW","assessed_value":485000},{"address":"6220.0 172 STREET NW","assessed_value":190500},{"address":"11223.0 100 AVENUE NW","assessed_value":642500},{"address":"10160.0 114 STREET NW","assessed_value":88500},{"address":"11523.0 136 STREET NW","assessed_value":418500},{"address":"2611.0 48 STREET NW","assessed_value":390000},{"address":"13942.0 118 AVENUE NW","assessed_value":396000},{"address":"10545.0 SASKATCHEWAN DRIVE NW","assessed_value":240500},{"address":"10535.0 108 STREET NW","assessed_value":2135500},{"address":"459.0 HUNTINGTON HILL NW","assessed_value":148000},{"address":"10204.0 105 STREET NW","assessed_value":3500},{"address":"10140.0 120 STREET NW","assessed_value":107000},{"address":"816.0 BURLEY CLOSE NW","assessed_value":732000},{"address":"11707.0 135A STREET NW","assessed_value":377000},{"address":"11711.0 126 STREET NW","assessed_value":364500},{"address":"11325.0 102 STREET NW","assessed_value":374500},{"address":"210.0 RONNING CLOSE NW","assessed_value":778000},{"address":"12436.0 53 STREET NW","assessed_value":495000},{"address":"18012.0 95 AVENUE NW","assessed_value":136000},{"address":"11255.0 31 AVENUE NW","assessed_value":81500},{"address":"13528.0 WOODCROFT AVENUE NW","assessed_value":400000},{"address":"104.0 JEFFERSON ROAD NW","assessed_value":428000},{"address":"318.0 BURTON ROAD NW","assessed_value":684000},{"address":"12311.0 57 STREET NW","assessed_value":367000},{"address":"11045.0 126 STREET NW","assessed_value":1558000},{"address":"14707.0 53 AVENUE NW","assessed_value":170000},{"address":"10249.0 119 STREET NW","assessed_value":117500},{"address":"9619.0 180 STREET NW","assessed_value":221000},{"address":"10834.0 123 STREET NW","assessed_value":432500},{"address":"387.0 BURTON ROAD NW","assessed_value":646000},{"address":"90.0 OZERNA ROAD NW","assessed_value":452500},{"address":"10421.0 93 STREET NW","assessed_value":90000},{"address":"115.0 156 STREET NW","assessed_value":259500},{"address":"11568.0 140 STREET NW","assessed_value":375500},{"address":"9909.0 110 STREET NW","assessed_value":225500},{"address":"10135.0 CLIFTON PLACE NW","assessed_value":1236000},{"address":"10160.0 114 STREET NW","assessed_value":62000},{"address":"11833.0 102 AVENUE NW","assessed_value":981500},{"address":"9903.0 104 STREET NW","assessed_value":81500},{"address":"11327.0 110 AVENUE NW","assessed_value":758000},{"address":"108.0 WOLF WILLOW CLOSE NW","assessed_value":726500},{"address":"12239.0 DOVERCOURT CRESCENT NW","assessed_value":383500},{"address":"5215.0 110 STREET NW","assessed_value":140000},{"address":"10140.0 115 STREET NW","assessed_value":162500},{"address":"nan nan","assessed_value":159500},{"address":"6416.0 159 AVENUE NW","assessed_value":469000},{"address":"13359.0 62 STREET NW","assessed_value":1667000},{"address":"7515.0 188 STREET NW","assessed_value":225500},{"address":"10515.0 ANTHONY HENDAY DRIVE NW","assessed_value":609000},{"address":"5215.0 110 STREET NW","assessed_value":106000},{"address":"3240.0 195 AVENUE NW","assessed_value":828500},{"address":"255.0 RHATIGAN ROAD EAST NW","assessed_value":541000},{"address":"9611.0 OKISIKOW WAY NW","assessed_value":1556500},{"address":"10160.0 115 STREET NW","assessed_value":8000},{"address":"10626.0 113 STREET NW","assessed_value":108500},{"address":"12719.0 118 AVENUE NW","assessed_value":1207000},{"address":"281.0 BULYEA ROAD NW","assessed_value":590500},{"address":"10407.0 175 AVENUE NW","assessed_value":547000},{"address":"9538.0 107A AVENUE NW","assessed_value":156500},{"address":"10160.0 114 STREET NW","assessed_value":84500},{"address":"10005.0 87 STREET NW","assessed_value":3000},{"address":"18014.0 61 AVENUE NW","assessed_value":540000},{"address":"9320.0 106A AVENUE NW","assessed_value":277500},{"address":"17924.0 61 AVENUE NW","assessed_value":461000},{"address":"15903.0 78 STREET NW","assessed_value":456500},{"address":"3611.0 145 AVENUE NW","assessed_value":86000},{"address":"12510.0 109 AVENUE NW","assessed_value":293500},{"address":"364.0 WARWICK ROAD NW","assessed_value":461500},{"address":"5024.0 142 AVENUE NW","assessed_value":554500},{"address":"14003.0 122A AVENUE NW","assessed_value":325000},{"address":"11324.0 172 AVENUE NW","assessed_value":503000},{"address":"10759.0 93 STREET NW","assessed_value":219500},{"address":"11007.0 83 AVENUE NW","assessed_value":154000},{"address":"13504.0 123A AVENUE NW","assessed_value":377500},{"address":"9940.0 112 STREET NW","assessed_value":183000},{"address":"9947.0 109 STREET NW","assessed_value":996500},{"address":"9725.0 106 STREET NW","assessed_value":125500},{"address":"9909.0 104 STREET NW","assessed_value":70000},{"address":"3208.0 44C AVENUE NW","assessed_value":481500},{"address":"4310.0 46 STREET NW","assessed_value":535500},{"address":"174.0 DICKINSFIELD COURT NW","assessed_value":166500},{"address":"394.0 REHWINKEL CLOSE NW","assessed_value":461000},{"address":"9522.0 110 AVENUE NW","assessed_value":238000},{"address":"10619.0 122 STREET NW","assessed_value":99000},{"address":"9131.0 167A AVENUE NW","assessed_value":379500},{"address":"10934.0 89 AVENUE NW","assessed_value":1000},{"address":"4020.0 103B STREET NW","assessed_value":558500},{"address":"10620.0 95 STREET NW","assessed_value":122000},{"address":"2911.0 36 STREET NW","assessed_value":250500},{"address":"9655.0 102 AVENUE NW","assessed_value":1059000},{"address":"11307.0 99 AVENUE NW","assessed_value":156000},{"address":"16421.0 STONY PLAIN ROAD NW","assessed_value":106500},{"address":"12440.0 141 STREET NW","assessed_value":307000},{"address":"6029.0 40 AVENUE NW","assessed_value":587500},{"address":"4240.0 106 STREET NW","assessed_value":118500},{"address":"10249.0 119 STREET NW","assessed_value":115000},{"address":"11107.0 127 STREET NW","assessed_value":1520000},{"address":"13303.0 118 AVENUE NW","assessed_value":344000},{"address":"11630.0 126 STREET NW","assessed_value":351000},{"address":"10745.0 84 AVENUE NW","assessed_value":193500},{"address":"11618.0 122 STREET NW","assessed_value":430000},{"address":"745.0 JOHNS ROAD NW","assessed_value":332500},{"address":"11307.0 99 AVENUE NW","assessed_value":102000},{"address":"12612.0 71 STREET NW","assessed_value":135500},{"address":"551.0 HUNTINGTON HILL NW","assessed_value":135000},{"address":"5607.0 188A STREET NW","assessed_value":450500},{"address":"11530.0 101 STREET NW","assessed_value":291000},{"address":"2950.0 CALGARY TRAIL NW","assessed_value":6086000},{"address":"10136.0 161 STREET NW","assessed_value":117000},{"address":"15.0 JEFFERSON ROAD NW","assessed_value":449000},{"address":"nan nan","assessed_value":2000},{"address":"9535.0 109 AVENUE NW","assessed_value":249500},{"address":"4225.0 36 AVENUE NW","assessed_value":231000},{"address":"17054.0 113 STREET NW","assessed_value":430000},{"address":"10928.0 132 STREET NW","assessed_value":436000},{"address":"9515.0 110 AVENUE NW","assessed_value":243000},{"address":"12110.0 148 AVENUE NW","assessed_value":465000},{"address":"18803.0 51 AVENUE NW","assessed_value":568500},{"address":"9704.0 165 STREET NW","assessed_value":266500},{"address":"9326.0 98A STREET NW","assessed_value":1500},{"address":"11237.0 125 STREET NW","assessed_value":292500},{"address":"302.0 REHWINKEL CLOSE NW","assessed_value":401500},{"address":"11630.0 KINGSWAY NW","assessed_value":899000},{"address":"10986.0 118 STREET NW","assessed_value":429000},{"address":"11020.0 96 STREET NW","assessed_value":272000},{"address":"9537.0 100A STREET NW","assessed_value":628500},{"address":"13747.0 119 AVENUE NW","assessed_value":326000},{"address":"9804.0 112 STREET NW","assessed_value":705500},{"address":"10309.0 154 STREET NW","assessed_value":282000},{"address":"9107.0 88 AVENUE NW","assessed_value":127000},{"address":"391.0 BURTON ROAD NW","assessed_value":714000},{"address":"4324.0 30 STREET NW","assessed_value":470000},{"address":"10812.0 111 STREET NW","assessed_value":1794000},{"address":"9123.0 168 AVENUE NW","assessed_value":384500},{"address":"14002.0 123A AVENUE NW","assessed_value":357500},{"address":"nan nan","assessed_value":8000},{"address":"162.0 OEMING ROAD NW","assessed_value":440000},{"address":"8812.0 ROWLAND ROAD NW","assessed_value":500},{"address":"9514.0 100A STREET NW","assessed_value":799500},{"address":"10923.0 130 STREET NW","assessed_value":1120500},{"address":"4404.0 122 STREET NW","assessed_value":179500},{"address":"13523.0 123A AVENUE NW","assessed_value":346000},{"address":"4249.0 46 STREET NW","assessed_value":574500},{"address":"10919.0 96 STREET NW","assessed_value":448500},{"address":"11600.0 113 AVENUE NW","assessed_value":1500},{"address":"9617.0 101 STREET NW","assessed_value":743500},{"address":"166.0 OEMING ROAD NW","assessed_value":440000},{"address":"4404.0 122 STREET NW","assessed_value":181500},{"address":"9835.0 106 STREET NW","assessed_value":122500},{"address":"11129.0 126 STREET NW","assessed_value":320000},{"address":"12304.0 103 AVENUE NW","assessed_value":103500},{"address":"11515.0 139 STREET NW","assessed_value":367000},{"address":"18004.0 95 AVENUE NW","assessed_value":129000},{"address":"11151.0 102 STREET NW","assessed_value":102500},{"address":"18.0 JEFFERSON ROAD NW","assessed_value":504500},{"address":"10631.0 105 STREET NW","assessed_value":80000},{"address":"12320.0 46 STREET NW","assessed_value":360500},{"address":"1068.0 JAMES CRESCENT NW","assessed_value":600500},{"address":"12804.0 156 AVENUE NW","assessed_value":482500},{"address":"312.0 PEARSON CRESCENT NW","assessed_value":507500},{"address":"10725.0 126 STREET NW","assessed_value":625000},{"address":"11310.0 105 STREET NW","assessed_value":305500},{"address":"5215.0 110 STREET NW","assessed_value":129000},{"address":"9405.0 101 STREET NW","assessed_value":631000},{"address":"10416.0 175 AVENUE NW","assessed_value":521000},{"address":"9909.0 110 STREET NW","assessed_value":207500},{"address":"9725.0 106 STREET NW","assessed_value":125000},{"address":"9624.0 107 AVENUE NW","assessed_value":253000},{"address":"18620.0 78 AVENUE NW","assessed_value":363500},{"address":"10643.0 125 STREET NW","assessed_value":454500},{"address":"18527.0 78 AVENUE NW","assessed_value":386000},{"address":"13908.0 117 AVENUE NW","assessed_value":392500},{"address":"11035.0 11 AVENUE NW","assessed_value":521000},{"address":"9903.0 104 STREET NW","assessed_value":71000},{"address":"11940.0 141 STREET NW","assessed_value":275500},{"address":"9986.0 JASPER AVENUE NW","assessed_value":4259500},{"address":"4116.0 20 AVENUE NW","assessed_value":417500},{"address":"9909.0 110 STREET NW","assessed_value":8000},{"address":"11343.0 123 STREET NW","assessed_value":324000},{"address":"1124.0 WEDGEWOOD BOULEVARD NW","assessed_value":540000},{"address":"11662.0 133 STREET NW","assessed_value":416000},{"address":"12444.0 55 STREET NW","assessed_value":349000},{"address":"318.0 O'CONNOR CLOSE NW","assessed_value":652500},{"address":"10808.0 98 STREET NW","assessed_value":111000},{"address":"11718.0 125 STREET NW","assessed_value":369500},{"address":"2519.0 112 STREET NW","assessed_value":472500},{"address":"10808.0 121 STREET NW","assessed_value":3000},{"address":"9312.0 190A STREET NW","assessed_value":467500},{"address":"852.0 WHEELER ROAD WEST NW","assessed_value":859500},{"address":"1038.0 JAMES CRESCENT NW","assessed_value":444000},{"address":"12435.0 56 STREET NW","assessed_value":351500},{"address":"nan nan","assessed_value":7500},{"address":"1131.0 FALCONER ROAD NW","assessed_value":631000},{"address":"35.0 JEFFERSON ROAD NW","assessed_value":452500},{"address":"615.0 REVELL WYND NW","assessed_value":598000},{"address":"15817.0 64 STREET NW","assessed_value":440000},{"address":"4336.0 46 STREET NW","assessed_value":477500},{"address":"2511.0 112 STREET NW","assessed_value":577500},{"address":"10140.0 120 STREET NW","assessed_value":110500},{"address":"278.0 JACKSON ROAD NW","assessed_value":426500},{"address":"nan nan","assessed_value":2000},{"address":"8115.0 155 AVENUE NW","assessed_value":426000},{"address":"18012.0 95 AVENUE NW","assessed_value":159000},{"address":"10717.0 126 STREET NW","assessed_value":667000},{"address":"226.0 OCKENDEN PLACE NW","assessed_value":655000},{"address":"9835.0 113 STREET NW","assessed_value":216500},{"address":"10946.0 117 STREET NW","assessed_value":431500},{"address":"12303.0 JASPER AVENUE NW","assessed_value":154000},{"address":"1112.0 41 STREET NW","assessed_value":486000},{"address":"6407.0 152C AVENUE NW","assessed_value":406000},{"address":"1204.0 110A STREET NW","assessed_value":588500},{"address":"10730.0 116 STREET NW","assessed_value":1731500},{"address":"11037.0 130 STREET NW","assessed_value":545000},{"address":"503.0 BUTTERWORTH WAY NW","assessed_value":777500},{"address":"10994.0 130 STREET NW","assessed_value":498000},{"address":"11112.0 129 STREET NW","assessed_value":81000},{"address":"9629.0 100A STREET NW","assessed_value":665500},{"address":"13307.0 17 STREET NE","assessed_value":9000},{"address":"9940.0 112 STREET NW","assessed_value":145500},{"address":"7835.0 159 STREET NW","assessed_value":100000},{"address":"17811.0 58 AVENUE NW","assessed_value":461000},{"address":"3202.0 37 STREET NW","assessed_value":40000},{"address":"10960.0 131 STREET NW","assessed_value":435500},{"address":"1108.0 105 STREET NW","assessed_value":296000},{"address":"11235.0 GROAT ROAD NW","assessed_value":360000},{"address":"154.0 CARLSON CLOSE NW","assessed_value":594500},{"address":"11115.0 74 STREET NW","assessed_value":91000},{"address":"10825.0 93 STREET NW","assessed_value":348000},{"address":"331.0 BURTON ROAD NW","assessed_value":802000},{"address":"10808.0 141 STREET NW","assessed_value":389000},{"address":"2703.0 79 STREET NW","assessed_value":150500},{"address":"10616.0 36A AVENUE NW","assessed_value":2516000},{"address":"11703.0 114 AVENUE NW","assessed_value":390500},{"address":"7529.0 17 STREET NW","assessed_value":48000},{"address":"6220.0 172 STREET NW","assessed_value":164500},{"address":"11419.0 126 STREET NW","assessed_value":411500},{"address":"1128.0 WEDGEWOOD BOULEVARD NW","assessed_value":547500},{"address":"9704.0 165 STREET NW","assessed_value":331500},{"address":"12305.0 113 AVENUE NW","assessed_value":367000},{"address":"1011.0 CARTER CREST ROAD NW","assessed_value":674000},{"address":"172.0 WOLF RIDGE PLACE NW","assessed_value":887500},{"address":"12527.0 STONY PLAIN ROAD NW","assessed_value":1265000},{"address":"257.0 BULYEA ROAD NW","assessed_value":634000},{"address":"315.0 BULYEA ROAD NW","assessed_value":663000},{"address":"11203.0 76 AVENUE NW","assessed_value":1000},{"address":"10131.0 97 STREET NW","assessed_value":1201000},{"address":"1012.0 105 STREET NW","assessed_value":495000},{"address":"11327.0 ST ALBERT TRAIL NW","assessed_value":360500},{"address":"12320.0 107 AVENUE NW","assessed_value":1049500},{"address":"18004.0 95 AVENUE NW","assessed_value":152000},{"address":"247.0 BURTON ROAD NW","assessed_value":619500},{"address":"13560.0 124A AVENUE NW","assessed_value":389000},{"address":"9737.0 112 STREET NW","assessed_value":185000},{"address":"16405.0 89 AVENUE NW","assessed_value":176000},{"address":"11631.0 122 STREET NW","assessed_value":412500},{"address":"15104.0 114 AVENUE NW","assessed_value":1000},{"address":"10935.0 21 AVENUE NW","assessed_value":207000},{"address":"14707.0 53 AVENUE NW","assessed_value":212000},{"address":"9825.0 82 AVENUE NW","assessed_value":89500},{"address":"4404.0 122 STREET NW","assessed_value":115500},{"address":"11007.0 83 AVENUE NW","assessed_value":136500},{"address":"13911.0 122 AVENUE NW","assessed_value":327500},{"address":"11715.0 139 STREET NW","assessed_value":344000},{"address":"13708.0 119 AVENUE NW","assessed_value":312500},{"address":"10148.0 118 STREET NW","assessed_value":89000},{"address":"252.0 WAYGOOD ROAD NW","assessed_value":798000},{"address":"9903.0 104 STREET NW","assessed_value":99000},{"address":"9811.0 154 AVENUE NW","assessed_value":424000},{"address":"3611.0 145 AVENUE NW","assessed_value":70500},{"address":"9909.0 115 STREET NW","assessed_value":11000},{"address":"17427.0 104 STREET NW","assessed_value":6500},{"address":"11647.0 124 STREET NW","assessed_value":848000},{"address":"13620.0 117 AVENUE NW","assessed_value":388500},{"address":"2644.0 49A STREET NW","assessed_value":366000},{"address":"4012.0 104 STREET NW","assessed_value":426500},{"address":"15608.0 112 AVENUE NW","assessed_value":1048000},{"address":"12804.0 55 STREET NW","assessed_value":186000},{"address":"9930.0 113 STREET NW","assessed_value":89000},{"address":"10418.0 107 AVENUE NW","assessed_value":2745000},{"address":"4553.0 29 AVENUE NW","assessed_value":359500},{"address":"19012.0 56 AVENUE NW","assessed_value":453000},{"address":"359.0 NORTHGATE TERRACE NW","assessed_value":179500},{"address":"10988.0 131 STREET NW","assessed_value":470500},{"address":"10835.0 120 STREET NW","assessed_value":2655500},{"address":"10806.0 137 STREET NW","assessed_value":410500},{"address":"2348.0 151 AVENUE NW","assessed_value":138000},{"address":"231.0 OEMING ROAD NW","assessed_value":377000},{"address":"376.0 TWIN BROOKS DRIVE NW","assessed_value":607000},{"address":"11014.0 130 STREET NW","assessed_value":401500},{"address":"731.0 BURTON CRESCENT NW","assessed_value":772500},{"address":"19008.0 92A AVENUE NW","assessed_value":461500},{"address":"10308.0 177 AVENUE NW","assessed_value":543000},{"address":"18436.0 78 AVENUE NW","assessed_value":412500},{"address":"9404.0 SCONA ROAD NW","assessed_value":1500},{"address":"13936.0 119 AVENUE NW","assessed_value":333000},{"address":"16527.0 STONY PLAIN ROAD NW","assessed_value":106500},{"address":"9861.0 68 AVENUE NW","assessed_value":396000},{"address":"10970.0 122 STREET NW","assessed_value":498500},{"address":"2520.0 49A STREET NW","assessed_value":330500},{"address":"11419.0 112 AVENUE NW","assessed_value":386500},{"address":"10750.0 78 AVENUE NW","assessed_value":1568000},{"address":"5205.0 110 STREET NW","assessed_value":95500},{"address":"5521.0 105 STREET NW","assessed_value":213000},{"address":"6224.0 118 AVENUE NW","assessed_value":9500},{"address":"3916.0 32 STREET NW","assessed_value":429500},{"address":"10140.0 120 STREET NW","assessed_value":175500},{"address":"10986.0 128 STREET NW","assessed_value":589000},{"address":"15718.0 61B STREET NW","assessed_value":536000},{"address":"9208.0 JASPER AVENUE NW","assessed_value":2139000},{"address":"13435.0 97 STREET NW","assessed_value":97500},{"address":"4324.0 46 STREET NW","assessed_value":519000},{"address":"256.0 BURTON ROAD NW","assessed_value":816000},{"address":"11119.0 GROAT ROAD NW","assessed_value":370000},{"address":"16319.0 89 AVENUE NW","assessed_value":164000},{"address":"5212.0 186 STREET NW","assessed_value":547000},{"address":"16527.0 STONY PLAIN ROAD NW","assessed_value":93000},{"address":"4105.0 26 AVENUE NW","assessed_value":376000},{"address":"134.0 RIVER VIEW WAY SW","assessed_value":983000},{"address":"9507.0 170 AVENUE NW","assessed_value":368000},{"address":"9737.0 112 STREET NW","assessed_value":303000},{"address":"11342.0 101 STREET NW","assessed_value":252500},{"address":"7.0 OGILVIE PLACE NW","assessed_value":769500},{"address":"10160.0 114 STREET NW","assessed_value":94500},{"address":"1006.0 JAMES CRESCENT NW","assessed_value":467500},{"address":"10357.0 95 STREET NW","assessed_value":199500},{"address":"105.0 LAGO LINDO CRESCENT NW","assessed_value":1000},{"address":"9404.0 SCONA ROAD NW","assessed_value":2000},{"address":"10326.0 176A AVENUE NW","assessed_value":490500},{"address":"9916.0 154 AVENUE NW","assessed_value":461500},{"address":"262.0 DICKINSFIELD COURT NW","assessed_value":171500},{"address":"5905.0 86 STREET NW","assessed_value":3725000},{"address":"11615.0 133 STREET NW","assessed_value":396500},{"address":"13948.0 109A AVENUE NW","assessed_value":400000},{"address":"11010.0 106 AVENUE NW","assessed_value":276000},{"address":"11265.0 31 AVENUE NW","assessed_value":82000},{"address":"10735.0 BEAUMARIS ROAD NW","assessed_value":424000},{"address":"10135.0 116 STREET NW","assessed_value":139000},{"address":"16315.0 89 AVENUE NW","assessed_value":164000},{"address":"9613.0 103 AVENUE NW","assessed_value":466500},{"address":"744.0 BURTON CRESCENT NW","assessed_value":636500},{"address":"4240.0 106 STREET NW","assessed_value":96000},{"address":"10613.0 111 STREET NW","assessed_value":11000},{"address":"5619.0 105 STREET NW","assessed_value":115500},{"address":"7040.0 ADA BOULEVARD NW","assessed_value":1906000},{"address":"10521.0 127 STREET NW","assessed_value":430000},{"address":"10732.0 86 AVENUE NW","assessed_value":184000},{"address":"824.0 JOHNS CLOSE NW","assessed_value":356000},{"address":"10847.0 112 STREET NW","assessed_value":2375000},{"address":"11720.0 GROAT ROAD NW","assessed_value":406000},{"address":"10804.0 136 STREET NW","assessed_value":538500},{"address":"5215.0 110 STREET NW","assessed_value":100500},{"address":"10804.0 92 STREET NW","assessed_value":199500},{"address":"11419.0 125 STREET NW","assessed_value":399500},{"address":"10160.0 115 STREET NW","assessed_value":8000},{"address":"3931.0 32 STREET NW","assessed_value":440500},{"address":"10421.0 93 STREET NW","assessed_value":122500},{"address":"5540.0 190A STREET NW","assessed_value":426000},{"address":"10550.0 JASPER AVENUE NW","assessed_value":6823000},{"address":"10014.0 106 STREET NW","assessed_value":1162500},{"address":"9325.0 81 AVENUE NW","assessed_value":680000},{"address":"10251.0 JASPER AVENUE NW","assessed_value":495000},{"address":"7204.0 157 AVENUE NW","assessed_value":561500},{"address":"6220.0 172 STREET NW","assessed_value":159500},{"address":"11527.0 102 STREET NW","assessed_value":288000},{"address":"15711.0 131 STREET NW","assessed_value":549500},{"address":"168.0 LONDONDERRY SQUARE NW","assessed_value":145000},{"address":"12404.0 114 AVENUE NW","assessed_value":88500},{"address":"11920.0 100 AVENUE NW","assessed_value":791000},{"address":"5316.0 190 STREET NW","assessed_value":501500},{"address":"5721.0 105 STREET NW","assessed_value":217000},{"address":"2911.0 36 STREET NW","assessed_value":253000},{"address":"144.0 WAYGOOD ROAD NW","assessed_value":522500},{"address":"10160.0 115 STREET NW","assessed_value":8000},{"address":"17067.0 114 STREET NW","assessed_value":431500},{"address":"10140.0 120 STREET NW","assessed_value":156500},{"address":"10746.0 107 STREET NW","assessed_value":577500},{"address":"1207.0 54 STREET NW","assessed_value":450500},{"address":"5215.0 110 STREET NW","assessed_value":133500},{"address":"2924.0 43B AVENUE NW","assessed_value":442500},{"address":"10630.0 111 STREET NW","assessed_value":2283500},{"address":"12327.0 134 STREET NW","assessed_value":328500},{"address":"388.0 TWIN BROOKS DRIVE NW","assessed_value":575000},{"address":"9750.0 35 AVENUE NW","assessed_value":2475500},{"address":"11255.0 31 AVENUE NW","assessed_value":74500},{"address":"10626.0 125 STREET NW","assessed_value":907500},{"address":"10545.0 SASKATCHEWAN DRIVE NW","assessed_value":268500},{"address":"10139.0 117 STREET NW","assessed_value":127500},{"address":"322.0 PEARSON CRESCENT NW","assessed_value":415500},{"address":"10718.0 92 STREET NW","assessed_value":119500},{"address":"10331.0 VILLA AVENUE NW","assessed_value":1962500},{"address":"11819.0 40 STREET NW","assessed_value":272000},{"address":"3024.0 37 STREET NW","assessed_value":75000},{"address":"15527.0 133 STREET NW","assessed_value":473500},{"address":"11142.0 132 STREET NW","assessed_value":338500},{"address":"13916.0 110 AVENUE NW","assessed_value":518000},{"address":"9808.0 103 STREET NW","assessed_value":141500},{"address":"10025.0 115 STREET NW","assessed_value":125500},{"address":"127.0 OZERNA ROAD NW","assessed_value":523500},{"address":"10625.0 96 STREET NW","assessed_value":451000},{"address":"5324.0 127 AVENUE NW","assessed_value":1636500},{"address":"10160.0 115 STREET NW","assessed_value":8000},{"address":"3928.0 33 STREET NW","assessed_value":440500},{"address":"13611.0 109B AVENUE NW","assessed_value":446500},{"address":"10446.0 122 STREET NW","assessed_value":3274000},{"address":"9720.0 111 STREET NW","assessed_value":876000},{"address":"64.0 ROYAL ROAD NW","assessed_value":211000},{"address":"11422.0 TOWER ROAD NW","assessed_value":471500},{"address":"2112.0 41 STREET NW","assessed_value":505500},{"address":"11735.0 83 STREET NW","assessed_value":1048500},{"address":"224.0 LAGO LINDO CRESCENT NW","assessed_value":423500},{"address":"10935.0 21 AVENUE NW","assessed_value":198500},{"address":"1108.0 110B STREET NW","assessed_value":514000},{"address":"9519.0 101 STREET NW","assessed_value":396500},{"address":"3215.0 44 AVENUE NW","assessed_value":537500},{"address":"7920.0 155 AVENUE NW","assessed_value":443500},{"address":"10130.0 105 STREET NW","assessed_value":2717500},{"address":"11305.0 102 AVENUE NW","assessed_value":228500},{"address":"15719.0 76 STREET NW","assessed_value":502000},{"address":"9940.0 178 AVENUE NW","assessed_value":359000},{"address":"3045.0 44B AVENUE NW","assessed_value":454500},{"address":"10935.0 97 STREET NW","assessed_value":97000},{"address":"17426.0 CALLINGWOOD ROAD NW","assessed_value":237500},{"address":"9641.0 104 STREET NW","assessed_value":619500},{"address":"18004.0 95 AVENUE NW","assessed_value":121000},{"address":"15230.0 61 STREET NW","assessed_value":414500},{"address":"18320.0 77 AVENUE NW","assessed_value":1500},{"address":"13911.0 109A AVENUE NW","assessed_value":390000},{"address":"11226.0 105 STREET NW","assessed_value":291000},{"address":"nan nan","assessed_value":8000},{"address":"10025.0 115 STREET NW","assessed_value":136000},{"address":"80.0 ROYAL ROAD NW","assessed_value":211000},{"address":"9909.0 104 STREET NW","assessed_value":73500},{"address":"10160.0 115 STREET NW","assessed_value":8000},{"address":"10241.0 113 STREET NW","assessed_value":1510500},{"address":"12212.0 ST ALBERT TRAIL NW","assessed_value":313000},{"address":"11307.0 99 AVENUE NW","assessed_value":197500},{"address":"2911.0 36 STREET NW","assessed_value":265500},{"address":"4240.0 106 STREET NW","assessed_value":64500},{"address":"10644.0 105 STREET NW","assessed_value":930500},{"address":"7825.0 159 STREET NW","assessed_value":100000},{"address":"268.0 OMAND DRIVE NW","assessed_value":892000},{"address":"10743.0 73 STREET NW","assessed_value":2000},{"address":"5611.0 105 STREET NW","assessed_value":115500},{"address":"11314.0 67 STREET NW","assessed_value":252000},{"address":"13303.0 124 AVENUE NW","assessed_value":376500},{"address":"9107.0 88 AVENUE NW","assessed_value":123000},{"address":"11334.0 111 AVENUE NW","assessed_value":311500},{"address":"1046.0 JAMES CRESCENT NW","assessed_value":477500},{"address":"11657.0 136 STREET NW","assessed_value":408000},{"address":"17934.0 57 AVENUE NW","assessed_value":505500},{"address":"10140.0 120 STREET NW","assessed_value":155000},{"address":"10332.0 114 STREET NW","assessed_value":1178500},{"address":"15503.0 106 STREET NW","assessed_value":165500},{"address":"9341.0 108 AVENUE NW","assessed_value":230500},{"address":"113.0 DICKINSFIELD COURT NW","assessed_value":158000},{"address":"7231.0 156 AVENUE NW","assessed_value":530500},{"address":"2725.0 184 STREET NW","assessed_value":314500},{"address":"247.0 FERGUSON PLACE NW","assessed_value":9000},{"address":"6704.0 ELLERSLIE ROAD SW","assessed_value":2308500},{"address":"11827.0 134 STREET NW","assessed_value":374500},{"address":"10703.0 141 STREET NW","assessed_value":392500},{"address":"9413.0 101 STREET NW","assessed_value":381500},{"address":"9619.0 180 STREET NW","assessed_value":195500},{"address":"707.0 JOHNS ROAD NW","assessed_value":359500},{"address":"7231.0 157 AVENUE NW","assessed_value":465000},{"address":"10813.0 101 STREET NW","assessed_value":401500},{"address":"11710.0 100 AVENUE NW","assessed_value":314000},{"address":"6904.0 144 AVENUE NW","assessed_value":115500},{"address":"341.0 WARWICK ROAD NW","assessed_value":345500},{"address":"10140.0 120 STREET NW","assessed_value":108500},{"address":"3711.0 35 AVENUE NW","assessed_value":467000},{"address":"11004.0 96 STREET NW","assessed_value":533500},{"address":"245.0 REGAL COURT NW","assessed_value":211000},{"address":"78.0 JEFFERSON ROAD NW","assessed_value":466500},{"address":"13519.0 118 AVENUE NW","assessed_value":368000},{"address":"205.0 OEMING ROAD NW","assessed_value":364000},{"address":"223.0 ROSELAND VILLAGE NW","assessed_value":189500},{"address":"10140.0 120 STREET NW","assessed_value":92000},{"address":"206.0 WOLF RIDGE CLOSE NW","assessed_value":788500},{"address":"5205.0 110 STREET NW","assessed_value":104000},{"address":"10325.0 120 STREET NW","assessed_value":162500},{"address":"10923.0 115 STREET NW","assessed_value":449000},{"address":"11007.0 83 AVENUE NW","assessed_value":221000},{"address":"2703.0 79 STREET NW","assessed_value":150500},{"address":"11420.0 112 AVENUE NW","assessed_value":432000},{"address":"11611.0 125 STREET NW","assessed_value":363000},{"address":"13836.0 110A AVENUE NW","assessed_value":480500},{"address":"nan nan","assessed_value":8000},{"address":"2123.0 42 STREET NW","assessed_value":427500},{"address":"11515.0 ST ALBERT TRAIL NW","assessed_value":304000},{"address":"9526.0 108A AVENUE NW","assessed_value":159500},{"address":"10025.0 115 STREET NW","assessed_value":138500},{"address":"614.0 BUTCHART WYND NW","assessed_value":631500},{"address":"10920.0 125 STREET NW","assessed_value":605500},{"address":"11307.0 99 AVENUE NW","assessed_value":201000},{"address":"11660.0 79 AVENUE NW","assessed_value":327000},{"address":"10288.0 87 STREET NW","assessed_value":711500},{"address":"1825.0 MILL WOODS ROAD EAST NW","assessed_value":213500},{"address":"13834.0 120 STREET NW","assessed_value":396000},{"address":"12621.0 118 AVENUE NW","assessed_value":587000},{"address":"363.0 TWIN BROOKS DRIVE NW","assessed_value":568000},{"address":"nan nan","assessed_value":2000},{"address":"1.0 OGILVIE PLACE NW","assessed_value":694500},{"address":"1803.0 94 STREET NW","assessed_value":0},{"address":"3504.0 184 STREET SW","assessed_value":960000},{"address":"10912.0 115 STREET NW","assessed_value":381500},{"address":"10545.0 SASKATCHEWAN DRIVE NW","assessed_value":279500},{"address":"10935.0 21 AVENUE NW","assessed_value":228500},{"address":"31.0 REHWINKEL ROAD NW","assessed_value":561500},{"address":"10610.0 87 STREET NW","assessed_value":111500},{"address":"821.0 153 AVENUE NW","assessed_value":11000},{"address":"10818.0 97 STREET NW","assessed_value":196000},{"address":"17907.0 61 AVENUE NW","assessed_value":465500},{"address":"18827.0 72 AVENUE NW","assessed_value":386500},{"address":"10140.0 120 STREET NW","assessed_value":121500},{"address":"15035.0 127 STREET NW","assessed_value":1236500},{"address":"131.0 CARLSON CLOSE NW","assessed_value":525500},{"address":"15714.0 130A STREET NW","assessed_value":484500},{"address":"10940.0 120 STREET NW","assessed_value":3119000},{"address":"9835.0 113 STREET NW","assessed_value":142000},{"address":"9927.0 105 STREET NW","assessed_value":992000},{"address":"9909.0 104 STREET NW","assessed_value":69000},{"address":"9909.0 104 STREET NW","assessed_value":72500},{"address":"10569.0 116 STREET NW","assessed_value":432000},{"address":"10250.0 116 STREET NW","assessed_value":84500},{"address":"11307.0 100 AVENUE NW","assessed_value":568000},{"address":"13603.0 119 AVENUE NW","assessed_value":527500},{"address":"9327.0 106A AVENUE NW","assessed_value":249500},{"address":"13703.0 109 AVENUE NW","assessed_value":758000},{"address":"nan nan","assessed_value":8000},{"address":"15581.0 59A STREET NW","assessed_value":302000},{"address":"10903.0 126 STREET NW","assessed_value":1021000},{"address":"9435.0 100A STREET NW","assessed_value":1010000}]