[{"address":"3523.0 51 STREET NW","assessed_value":390000},{"address":"231.0 GRAND MEADOW CRESCENT NW","assessed_value":428500},{"address":"9129.0 165 AVENUE NW","assessed_value":308500},{"address":"13805.0 130 AVENUE NW","assessed_value":409000},{"address":"1032.0 61 STREET NW","assessed_value":413000},{"address":"3547.0 61 STREET NW","assessed_value":488500},{"address":"3432.0 38 STREET NW","assessed_value":431000},{"address":"4952.0 149 AVENUE NW","assessed_value":410000},{"address":"1131.0 62 STREET NW","assessed_value":194000},{"address":"145.0 GRAND MEADOW CRESCENT NW","assessed_value":564500},{"address":"1700.0 GLASTONBURY BOULEVARD NW","assessed_value":258000},{"address":"2511.0 46A STREET NW","assessed_value":367500},{"address":"4732.0 37B AVENUE NW","assessed_value":365000},{"address":"16415.0 81 STREET NW","assessed_value":586000},{"address":"630.0 KULAWY PLACE NW","assessed_value":605000},{"address":"1020.0 46 STREET NW","assessed_value":320500},{"address":"18912.0 121 AVENUE NW","assessed_value":628000},{"address":"351.0 EVERGREEN PARK NW","assessed_value":58000},{"address":"9.0 PRESTIGE POINT NW","assessed_value":864500},{"address":"3464.0 40 STREET NW","assessed_value":351500},{"address":"1735.0 49A STREET NW","assessed_value":353500},{"address":"1808.0 TANNER WYND NW","assessed_value":493000},{"address":"3611.0 18 AVENUE NW","assessed_value":377500},{"address":"9809.0 179 AVENUE NW","assessed_value":461000},{"address":"2228.0 BRENNAN COURT NW","assessed_value":453500},{"address":"3014.0 36 STREET NW","assessed_value":369000},{"address":"5705.0 103A STREET NW","assessed_value":5183500},{"address":"477.0 KLARVATTEN LAKE WYND NW","assessed_value":454500},{"address":"5412.0 38A AVENUE NW","assessed_value":170000},{"address":"2039.0 38 STREET NW","assessed_value":375500},{"address":"13536.0 149 AVENUE NW","assessed_value":476000},{"address":"1939.0 TANNER WYND NW","assessed_value":469500},{"address":"7316.0 83 AVENUE NW","assessed_value":321500},{"address":"4343.0 39 AVENUE NW","assessed_value":519500},{"address":"3951.0 62 STREET NW","assessed_value":124500},{"address":"6221.0 36A AVENUE NW","assessed_value":391500},{"address":"17603.0 114 AVENUE NW","assessed_value":1783000},{"address":"13450.0 114 AVENUE NW","assessed_value":155500},{"address":"6304.0 15 AVENUE NW","assessed_value":350500},{"address":"6703.0 172 STREET NW","assessed_value":217000},{"address":"3747.0 45 STREET NW","assessed_value":299500},{"address":"11833.0 12A AVENUE NW","assessed_value":612000},{"address":"3623.0 42A AVENUE NW","assessed_value":312000},{"address":"3513.0 43 AVENUE NW","assessed_value":330500},{"address":"6042.0 37A AVENUE NW","assessed_value":381500},{"address":"124.0 GRANLEA CRESCENT NW","assessed_value":523500},{"address":"10511.0 42 AVENUE NW","assessed_value":173000},{"address":"1711.0 38 STREET NW","assessed_value":349500},{"address":"10179.0 94 STREET NW","assessed_value":500},{"address":"11417.0 118 STREET NW","assessed_value":590000},{"address":"13708.0 130 AVENUE NW","assessed_value":356500},{"address":"604.0 TWIN BROOKS BEND NW","assessed_value":569500},{"address":"4028.0 29 STREET NW","assessed_value":442000},{"address":"577.0 BUTTERWORTH WAY NW","assessed_value":525500},{"address":"3944.0 48 STREET NW","assessed_value":470000},{"address":"3426.0 48 STREET NW","assessed_value":273500},{"address":"1423.0 118 STREET NW","assessed_value":672000},{"address":"5020.0 152A AVENUE NW","assessed_value":399500},{"address":"9760.0 174 STREET NW","assessed_value":168500},{"address":"19903.0 69 AVENUE NW","assessed_value":95500},{"address":"6095.0 35A AVENUE NW","assessed_value":168500},{"address":"1122.0 LINCOLN CRESCENT NW","assessed_value":556000},{"address":"4611.0 38A AVENUE NW","assessed_value":325500},{"address":"5524.0 40 AVENUE NW","assessed_value":366000},{"address":"14828.0 MILLER BOULEVARD NW","assessed_value":320000},{"address":"1812.0 TANNER WYND NW","assessed_value":480000},{"address":"5507.0 39 AVENUE NW","assessed_value":420000},{"address":"14908.0 48 STREET NW","assessed_value":475000},{"address":"15.0 PRESTIGE POINT NW","assessed_value":771500},{"address":"nan nan","assessed_value":8500},{"address":"2564.0 RABBIT HILL ROAD NW","assessed_value":332000},{"address":"143.0 WOODVALE ROAD WEST NW","assessed_value":315000},{"address":"4319.0 38 STREET NW","assessed_value":328500},{"address":"11711.0 170 AVENUE NW","assessed_value":429500},{"address":"nan nan","assessed_value":6000},{"address":"7412.0 80 AVENUE NW","assessed_value":327000},{"address":"4211.0 28 AVENUE NW","assessed_value":442000},{"address":"2811.0 36A AVENUE NW","assessed_value":543500},{"address":"13116.0 34 STREET NW","assessed_value":310500},{"address":"3828.0 17B AVENUE NW","assessed_value":436000},{"address":"3431.0 49A STREET NW","assessed_value":467000},{"address":"6312.0 37 AVENUE NW","assessed_value":374500},{"address":"4016.0 19 AVENUE NW","assessed_value":367500},{"address":"15332.0 123 AVENUE NW","assessed_value":474000},{"address":"nan nan","assessed_value":8000},{"address":"1422.0 GRANT WAY NW","assessed_value":345000},{"address":"4031.0 29 STREET NW","assessed_value":505500},{"address":"5005.0 40 AVENUE NW","assessed_value":1265000},{"address":"3611.0 18A AVENUE NW","assessed_value":375000},{"address":"4516.0 27 AVENUE NW","assessed_value":381000},{"address":"16535.0 97 STREET NW","assessed_value":2525000},{"address":"5245.0 157A AVENUE NW","assessed_value":469500},{"address":"306.0 GRAND MEADOW CRESCENT NW","assessed_value":447500},{"address":"4804.0 10 AVENUE NW","assessed_value":419000},{"address":"nan nan","assessed_value":12500},{"address":"367.0 HUNTERS RUN NW","assessed_value":889500},{"address":"nan nan","assessed_value":500},{"address":"nan nan","assessed_value":7000},{"address":"4503.0 17 STREET NW","assessed_value":139000},{"address":"5304.0 14 AVENUE NW","assessed_value":362000},{"address":"6803.0 78 AVENUE NW","assessed_value":1697000},{"address":"5609.0 11A AVENUE NW","assessed_value":26500},{"address":"980.0 JORDAN CRESCENT NW","assessed_value":409500},{"address":"6010.0 35A AVENUE NW","assessed_value":370500},{"address":"3947.0 62 STREET NW","assessed_value":128000},{"address":"6316.0 34A AVENUE NW","assessed_value":363000},{"address":"1122.0 TWIN BROOKS POINT NW","assessed_value":1280500},{"address":"8912.0 156 STREET NW","assessed_value":284000},{"address":"4427.0 32A AVENUE NW","assessed_value":337000},{"address":"1024.0 39 STREET NW","assessed_value":372500},{"address":"1209.0 HENWOOD PLACE NW","assessed_value":545000},{"address":"1903.0 TANNER WYND NW","assessed_value":516500},{"address":"2831.0 39 AVENUE NW","assessed_value":416000},{"address":"4815.0 18 AVENUE NW","assessed_value":437500},{"address":"4770.0 74 AVENUE NW","assessed_value":2890500},{"address":"3523.0 33 AVENUE NW","assessed_value":419000},{"address":"3308.0 47 STREET NW","assessed_value":312000},{"address":"15043.0 132 STREET NW","assessed_value":331000},{"address":"5361.0 HILL VIEW CRESCENT NW","assessed_value":221500},{"address":"294.0 KIRKWOOD AVENUE NW","assessed_value":336500},{"address":"13152.0 36 STREET NW","assessed_value":401500},{"address":"10511.0 42 AVENUE NW","assessed_value":206500},{"address":"10933.0 124 STREET NW","assessed_value":200500},{"address":"3531.0 56 STREET NW","assessed_value":362500},{"address":"17109.0 67 AVENUE NW","assessed_value":123000},{"address":"9607.0 80 AVENUE NW","assessed_value":345000},{"address":"13320.0 124 STREET NW","assessed_value":271500},{"address":"10910.0 99 AVENUE NW","assessed_value":29000},{"address":"17150.0 94A AVENUE NW","assessed_value":184000},{"address":"6348.0 34A AVENUE NW","assessed_value":419000},{"address":"8866.0 60 AVENUE NW","assessed_value":268000},{"address":"4611.0 37A AVENUE NW","assessed_value":331000},{"address":"13420.0 33 STREET NW","assessed_value":304500},{"address":"8310.0 170 AVENUE NW","assessed_value":397000},{"address":"1111.0 36 STREET NW","assessed_value":342000},{"address":"15215.0 126 STREET NW","assessed_value":300000},{"address":"13320.0 124 STREET NW","assessed_value":297000},{"address":"16132.0 81 STREET NW","assessed_value":474000},{"address":"5366.0 38A AVENUE NW","assessed_value":186000},{"address":"3827.0 51 STREET NW","assessed_value":422500},{"address":"2623.0 41 STREET NW","assessed_value":466500},{"address":"15911.0 86 STREET NW","assessed_value":582000},{"address":"8932.0 156 AVENUE NW","assessed_value":620000},{"address":"7839.0 96 STREET NW","assessed_value":221000},{"address":"3119.0 49A STREET NW","assessed_value":332500},{"address":"7216.0 76 AVENUE NW","assessed_value":1938500},{"address":"10023.0 110 STREET NW","assessed_value":242000},{"address":"nan nan","assessed_value":6000},{"address":"4357.0 38 STREET NW","assessed_value":368500},{"address":"5207.0 HILL VIEW CRESCENT NW","assessed_value":541500},{"address":"2520.0 50 STREET NW","assessed_value":133000},{"address":"8615.0 160 AVENUE NW","assessed_value":516000},{"address":"3708.0 48 STREET NW","assessed_value":353000},{"address":"1203.0 52 STREET NW","assessed_value":428500},{"address":"14852.0 MILLER BOULEVARD NW","assessed_value":417000},{"address":"8023.0 162 AVENUE NW","assessed_value":483500},{"address":"4216.0 32 AVENUE NW","assessed_value":356500},{"address":"10023.0 110 STREET NW","assessed_value":242000},{"address":"7207.0 81 AVENUE NW","assessed_value":386500},{"address":"910.0 HAMPTON COURT NW","assessed_value":621500},{"address":"3928.0 62 STREET NW","assessed_value":368000},{"address":"10340.0 68 AVENUE NW","assessed_value":968500},{"address":"3752.0 28 STREET NW","assessed_value":531000},{"address":"651.0 BEVINGTON PLACE NW","assessed_value":441500},{"address":"9133.0 166 AVENUE NW","assessed_value":365000},{"address":"4115.0 18 AVENUE NW","assessed_value":338000},{"address":"3472.0 39 STREET NW","assessed_value":434500},{"address":"2511.0 45 STREET NW","assessed_value":474000},{"address":"nan nan","assessed_value":6500},{"address":"11717.0 9B AVENUE NW","assessed_value":279500},{"address":"3654.0 29 STREET NW","assessed_value":492000},{"address":"4840.0 148 AVENUE NW","assessed_value":401500},{"address":"1103.0 LINCOLN CRESCENT NW","assessed_value":500000},{"address":"116.0 CAIRNS BAY NW","assessed_value":549000},{"address":"2520.0 46 STREET NW","assessed_value":432000},{"address":"1216.0 117 STREET NW","assessed_value":504000},{"address":"2520.0 50 STREET NW","assessed_value":157500},{"address":"2954.0 151A AVENUE NW","assessed_value":477500},{"address":"4809.0 188 STREET NW","assessed_value":499500},{"address":"13441.0 127 STREET NW","assessed_value":162500},{"address":"7505.0 72A STREET NW","assessed_value":2325500},{"address":"4140.0 37 AVENUE NW","assessed_value":450500},{"address":"906.0 GRAHAM WYND NW","assessed_value":542000},{"address":"10933.0 124 STREET NW","assessed_value":204000},{"address":"17150.0 94A AVENUE NW","assessed_value":134500},{"address":"2813.0 36B AVENUE NW","assessed_value":658000},{"address":"4023.0 20 AVENUE NW","assessed_value":373500},{"address":"9117.0 98 AVENUE NW","assessed_value":603000},{"address":"3815.0 20 AVENUE NW","assessed_value":375500},{"address":"9535.0 176 STREET NW","assessed_value":266500},{"address":"12912.0 137 STREET NW","assessed_value":396000},{"address":"5420.0 HILL VIEW CRESCENT NW","assessed_value":497500},{"address":"2603.0 49A STREET NW","assessed_value":358500},{"address":"1636.0 37 STREET NW","assessed_value":176000},{"address":"3533.0 46 STREET NW","assessed_value":325500},{"address":"13230.0 126 AVENUE NW","assessed_value":379000},{"address":"12404.0 153 STREET NW","assessed_value":4632500},{"address":"1772.0 TURVEY BEND NW","assessed_value":423000},{"address":"3443.0 39 STREET NW","assessed_value":412000},{"address":"9935.0 167 STREET NW","assessed_value":262000},{"address":"3228.0 135A AVENUE NW","assessed_value":408500},{"address":"17244.0 83 STREET NW","assessed_value":480000},{"address":"903.0 76 AVENUE NW","assessed_value":5512500},{"address":"5012.0 187 STREET NW","assessed_value":501000},{"address":"2306.0 KAASA ROAD EAST NW","assessed_value":625000},{"address":"1411.0 35 STREET NW","assessed_value":379000},{"address":"18204.0 93 AVENUE NW","assessed_value":76500},{"address":"9420.0 172 STREET NW","assessed_value":393500},{"address":"920.0 119 STREET NW","assessed_value":516000},{"address":"4836.0 148 AVENUE NW","assessed_value":458000},{"address":"4748.0 13 AVENUE NW","assessed_value":335000},{"address":"2951.0 42 STREET NW","assessed_value":352500},{"address":"11112.0 116 STREET NW","assessed_value":486500},{"address":"18131.0 114 AVENUE NW","assessed_value":6375000},{"address":"911.0 RABBIT HILL ROAD NW","assessed_value":168000},{"address":"nan nan","assessed_value":5500},{"address":"3527.0 11 AVENUE NW","assessed_value":382500},{"address":"3425.0 37 STREET NW","assessed_value":304000},{"address":"11811.0 11A AVENUE NW","assessed_value":458500},{"address":"565.0 HUNTERS GREEN NW","assessed_value":517000},{"address":"8815.0 160 AVENUE NW","assessed_value":559000},{"address":"3848.0 62 STREET NW","assessed_value":425500},{"address":"3439.0 60 STREET NW","assessed_value":184000},{"address":"3963.0 55 STREET NW","assessed_value":440000},{"address":"3804.0 26 AVENUE NW","assessed_value":357500},{"address":"5412.0 39 AVENUE NW","assessed_value":375500},{"address":"1211.0 GILLESPIE CRESCENT NW","assessed_value":407500},{"address":"nan nan","assessed_value":5500},{"address":"2325.0 RIVERBEND ROAD NW","assessed_value":469500},{"address":"1322.0 39 STREET NW","assessed_value":272500},{"address":"11345.0 102 AVENUE NW","assessed_value":500},{"address":"3019.0 36 STREET NW","assessed_value":377500},{"address":"1739.0 35 STREET NW","assessed_value":344500},{"address":"4629.0 16A AVENUE NW","assessed_value":342000},{"address":"nan nan","assessed_value":11000},{"address":"1024.0 45 STREET NW","assessed_value":388500},{"address":"nan nan","assessed_value":8500},{"address":"4503.0 76 AVENUE NW","assessed_value":16500},{"address":"13811.0 128 AVENUE NW","assessed_value":377500},{"address":"6204.0 35 AVENUE NW","assessed_value":406000},{"address":"140.0 HADDOW CLOSE NW","assessed_value":409000},{"address":"8333.0 160A AVENUE NW","assessed_value":409000},{"address":"nan nan","assessed_value":8500},{"address":"303.0 LEGER WAY NW","assessed_value":322500},{"address":"11645.0 15 AVENUE NW","assessed_value":527000},{"address":"3823.0 62 STREET NW","assessed_value":302000},{"address":"3943.0 42 STREET NW","assessed_value":521000},{"address":"820.0 TWIN BROOKS CLOSE NW","assessed_value":647500},{"address":"15907.0 90 STREET NW","assessed_value":521000},{"address":"1504.0 HECTOR ROAD NW","assessed_value":594000},{"address":"12540.0 72 STREET NW","assessed_value":926000},{"address":"3448.0 40 STREET NW","assessed_value":362000},{"address":"512.0 DICKENS LOOP NW","assessed_value":683500},{"address":"8847.0 159A AVENUE NW","assessed_value":543000},{"address":"3603.0 46 STREET NW","assessed_value":287000},{"address":"14840.0 MILLER BOULEVARD NW","assessed_value":471500},{"address":"4238.0 38 STREET NW","assessed_value":295500},{"address":"17747.0 95 STREET NW","assessed_value":174000},{"address":"14824.0 MILLER BOULEVARD NW","assessed_value":367000},{"address":"3512.0 48 STREET NW","assessed_value":371500},{"address":"812.0 GRAYDON COURT NW","assessed_value":411500},{"address":"17447.0 98A AVENUE NW","assessed_value":166500},{"address":"3719.0 17A AVENUE NW","assessed_value":362000},{"address":"8373.0 162 AVENUE NW","assessed_value":426000},{"address":"5916.0 11 AVENUE NW","assessed_value":406000},{"address":"10011.0 180 AVENUE NW","assessed_value":451000},{"address":"3520.0 38 STREET NW","assessed_value":472500},{"address":"1513.0 GRANT COURT NW","assessed_value":427000},{"address":"8.0 DECHENE ROAD NW","assessed_value":395000},{"address":"nan nan","assessed_value":6500},{"address":"8612.0 160A AVENUE NW","assessed_value":551000},{"address":"17447.0 98A AVENUE NW","assessed_value":141500},{"address":"1615.0 111 STREET NW","assessed_value":22000},{"address":"6623.0 172 STREET NW","assessed_value":216000},{"address":"162.0 GRAND MEADOW CRESCENT NW","assessed_value":537000},{"address":"6350.0 11 AVENUE NW","assessed_value":408000},{"address":"43.0 WOODVALE VILLAGE NW","assessed_value":174000},{"address":"16139.0 83 STREET NW","assessed_value":426500},{"address":"3528.0 28A AVENUE NW","assessed_value":473000},{"address":"nan nan","assessed_value":11000},{"address":"13450.0 114 AVENUE NW","assessed_value":162000},{"address":"3603.0 43 AVENUE NW","assessed_value":248500},{"address":"nan nan","assessed_value":16500},{"address":"8704.0 159A AVENUE NW","assessed_value":641000},{"address":"3310.0 40A AVENUE NW","assessed_value":535000},{"address":"169.0 GREENOCH CRESCENT NW","assessed_value":476000},{"address":"14612.0 131 STREET NW","assessed_value":498000},{"address":"4619.0 25 AVENUE NW","assessed_value":395500},{"address":"13023.0 158 AVENUE NW","assessed_value":530000},{"address":"1042.0 GRAHAM COURT NW","assessed_value":438500},{"address":"358.0 HEATH ROAD NW","assessed_value":565500},{"address":"17232.0 83 STREET NW","assessed_value":384000},{"address":"10109.0 110 STREET NW","assessed_value":45500},{"address":"918.0 BRECKENRIDGE COURT NW","assessed_value":481500},{"address":"5515.0 10 AVENUE NW","assessed_value":366500},{"address":"2242.0 KAUFMAN WAY NW","assessed_value":578500},{"address":"7242.0 83 AVENUE NW","assessed_value":11500},{"address":"662.0 HENDERSON STREET NW","assessed_value":801000},{"address":"2017.0 TANNER WYND NW","assessed_value":430500},{"address":"4718.0 35 AVENUE NW","assessed_value":330500},{"address":"1347.0 FALCONER ROAD NW","assessed_value":587000},{"address":"188.0 WARD CRESCENT NW","assessed_value":433000},{"address":"9403.0 88 AVENUE NW","assessed_value":740000},{"address":"5510.0 38B AVENUE NW","assessed_value":276000},{"address":"205.0 YOUVILLE DRIVE EAST NW","assessed_value":338000},{"address":"3437.0 60 STREET NW","assessed_value":188000},{"address":"8938.0 156 AVENUE NW","assessed_value":20500},{"address":"11727.0 11 AVENUE NW","assessed_value":512500},{"address":"516.0 HUNTERS WAY NW","assessed_value":535000},{"address":"5110.0 39 AVENUE NW","assessed_value":423000},{"address":"1835.0 40 STREET NW","assessed_value":308000},{"address":"2037.0 46 STREET NW","assessed_value":352500},{"address":"9417.0 27 AVENUE NW","assessed_value":437500},{"address":"504.0 KLARVATTEN LAKE WYND NW","assessed_value":629000},{"address":"11316.0 134 AVENUE NW","assessed_value":1433500},{"address":"3706.0 43 AVENUE NW","assessed_value":295000},{"address":"10323.0 156 AVENUE NW","assessed_value":521000},{"address":"14908.0 135 STREET NW","assessed_value":445000},{"address":"6547.0 199 STREET NW","assessed_value":457000},{"address":"11716.0 170 AVENUE NW","assessed_value":479000},{"address":"14948.0 135 STREET NW","assessed_value":500000},{"address":"2011.0 KRAMER WAY NW","assessed_value":481500},{"address":"1827.0 40 STREET NW","assessed_value":397500},{"address":"6510.0 GATEWAY BOULEVARD NW","assessed_value":6375500},{"address":"182.0 HADDOW CLOSE NW","assessed_value":243500},{"address":"2011.0 45 STREET NW","assessed_value":372000},{"address":"3811.0 85 STREET NW","assessed_value":207500},{"address":"7839.0 96 STREET NW","assessed_value":441000},{"address":"161.0 GREENOCH CRESCENT NW","assessed_value":451500},{"address":"2067.0 49A STREET NW","assessed_value":706000},{"address":"548.0 GLENWRIGHT CRESCENT NW","assessed_value":598000},{"address":"nan nan","assessed_value":7000},{"address":"5517.0 11A AVENUE NW","assessed_value":361500},{"address":"nan nan","assessed_value":8500},{"address":"2904.0 153 AVENUE NW","assessed_value":583500},{"address":"651.0 HENDERSON STREET NW","assessed_value":869500},{"address":"3138.0 40A AVENUE NW","assessed_value":450000},{"address":"3611.0 60 STREET NW","assessed_value":299500},{"address":"nan nan","assessed_value":6000},{"address":"3614.0 61 STREET NW","assessed_value":1000},{"address":"3727.0 60 STREET NW","assessed_value":350000},{"address":"9908.0 180A AVENUE NW","assessed_value":505000},{"address":"1836.0 45 STREET NW","assessed_value":398500},{"address":"5103.0 LESSARD ROAD NW","assessed_value":37000},{"address":"4832.0 11A AVENUE NW","assessed_value":439000},{"address":"4118.0 18 AVENUE NW","assessed_value":436500},{"address":"8011.0 161A AVENUE NW","assessed_value":528000},{"address":"3524.0 61 STREET NW","assessed_value":355000},{"address":"4811.0 145 AVENUE NW","assessed_value":427500},{"address":"3747.0 63 STREET NW","assessed_value":378000},{"address":"338.0 WILD ROSE WAY NW","assessed_value":424000},{"address":"814.0 KLARVATTEN CLOSE NW","assessed_value":445500},{"address":"nan nan","assessed_value":12500},{"address":"nan nan","assessed_value":6000},{"address":"1452.0 53 STREET NW","assessed_value":368500},{"address":"2543.0 43 STREET NW","assessed_value":355500},{"address":"4019.0 18 AVENUE NW","assessed_value":369500},{"address":"877.0 TWIN BROOKS CLOSE NW","assessed_value":1016500},{"address":"1337.0 39 STREET NW","assessed_value":425500},{"address":"10503.0 126 STREET NW","assessed_value":467000},{"address":"5961.0 40 AVENUE NW","assessed_value":129500},{"address":"201.0 YOUVILLE DRIVE EAST NW","assessed_value":344500},{"address":"12151.0 94 STREET NW","assessed_value":500},{"address":"31.0 GRAND MEADOW CRESCENT NW","assessed_value":393500},{"address":"1494.0 GRANT WAY NW","assessed_value":366500},{"address":"1644.0 FORBES WAY NW","assessed_value":799000},{"address":"1019.0 63 STREET NW","assessed_value":450500},{"address":"4125.0 37 AVENUE NW","assessed_value":458000},{"address":"8924.0 156 AVENUE NW","assessed_value":679000},{"address":"330.0 GALBRAITH CLOSE NW","assessed_value":491500},{"address":"15204.0 30 STREET NW","assessed_value":408000},{"address":"4528.0 20 AVENUE NW","assessed_value":296000},{"address":"5525.0 35 AVENUE NW","assessed_value":1000},{"address":"5003.0 13 AVENUE NW","assessed_value":1033500},{"address":"16106.0 83A STREET NW","assessed_value":501500},{"address":"5617.0 103A STREET NW","assessed_value":3155500},{"address":"3507.0 34A AVENUE NW","assessed_value":471000},{"address":"4209.0 37 AVENUE NW","assessed_value":424000},{"address":"826.0 KLARVATTEN CLOSE NW","assessed_value":375500},{"address":"5305.0 39 AVENUE NW","assessed_value":313000},{"address":"550.0 FALCONER PLACE NW","assessed_value":523000},{"address":"nan nan","assessed_value":6000},{"address":"2411.0 WEST OAK WAY NW","assessed_value":81000},{"address":"10933.0 124 STREET NW","assessed_value":215500},{"address":"11115.0 9 AVENUE NW","assessed_value":317500},{"address":"1770.0 TOMLINSON COMMON NW","assessed_value":494000},{"address":"4528.0 35A AVENUE NW","assessed_value":307500},{"address":"7317.0 79 AVENUE NW","assessed_value":547500},{"address":"3903.0 36 AVENUE NW","assessed_value":408000},{"address":"78.0 DECHENE ROAD NW","assessed_value":558000},{"address":"3504.0 20 AVENUE NW","assessed_value":388500},{"address":"13332.0 155 AVENUE NW","assessed_value":443500},{"address":"11809.0 9B AVENUE NW","assessed_value":372500},{"address":"21321.0 FORT ROAD NE","assessed_value":939000},{"address":"1326.0 GRANT WAY NW","assessed_value":400500},{"address":"2255.0 KAUFMAN WAY NW","assessed_value":500000},{"address":"5403.0 39A AVENUE NW","assessed_value":433000},{"address":"7413.0 79 AVENUE NW","assessed_value":538500},{"address":"12715.0 HUDSON WAY NW","assessed_value":511000},{"address":"3103.0 42 STREET NW","assessed_value":406500},{"address":"4132.0 37A AVENUE NW","assessed_value":433000},{"address":"3113.0 41A AVENUE NW","assessed_value":443500},{"address":"13441.0 127 STREET NW","assessed_value":185500},{"address":"330.0 GALBRAITH CLOSE NW","assessed_value":405000},{"address":"17232.0 115 STREET NW","assessed_value":568500},{"address":"230.0 BYRNE PLACE SW","assessed_value":779500},{"address":"2007.0 35 STREET NW","assessed_value":344500},{"address":"197.0 WOODVALE ROAD WEST NW","assessed_value":354500},{"address":"7936.0 165 AVENUE NW","assessed_value":477500},{"address":"6327.0 13 AVENUE NW","assessed_value":417500},{"address":"2628.0 48 STREET NW","assessed_value":339000},{"address":"13513.0 33 STREET NW","assessed_value":299500},{"address":"11120.0 122 STREET NW","assessed_value":354500},{"address":"6045.0 37A AVENUE NW","assessed_value":483000},{"address":"4612.0 190 STREET NW","assessed_value":466000},{"address":"9544.0 26 AVENUE NW","assessed_value":442000},{"address":"12264.0 WINTERBURN ROAD NW","assessed_value":34000},{"address":"810.0 BRECKENRIDGE BAY NW","assessed_value":440500},{"address":"4620.0 10 AVENUE NW","assessed_value":407500},{"address":"4551.0 35A AVENUE NW","assessed_value":412000},{"address":"4923.0 13 AVENUE NW","assessed_value":346500},{"address":"1912.0 36 STREET NW","assessed_value":487000},{"address":"5115.0 37 AVENUE NW","assessed_value":371500},{"address":"14031.0 128 STREET NW","assessed_value":489000},{"address":"14927.0 133 STREET NW","assessed_value":469500},{"address":"4023.0 37 AVENUE NW","assessed_value":409500},{"address":"4507.0 26 AVENUE NW","assessed_value":358500},{"address":"5308.0 156 AVENUE NW","assessed_value":514500},{"address":"5123.0 191 STREET NW","assessed_value":472500},{"address":"6735.0 165 AVENUE NW","assessed_value":443000},{"address":"15705.0 121A AVENUE NW","assessed_value":1472500},{"address":"6061.0 35A AVENUE NW","assessed_value":167500},{"address":"223.0 CAIRNS PLACE NW","assessed_value":538500},{"address":"14428.0 MILLER BOULEVARD NW","assessed_value":303500},{"address":"2832.0 36 STREET NW","assessed_value":356000},{"address":"2016.0 KRAMER WAY NW","assessed_value":458500},{"address":"10748.0 85 AVENUE NW","assessed_value":455500},{"address":"3748.0 65 STREET NW","assessed_value":499000},{"address":"8329.0 170 AVENUE NW","assessed_value":422500},{"address":"7951.0 96 STREET NW","assessed_value":299500},{"address":"4940.0 11A AVENUE NW","assessed_value":383500},{"address":"17240.0 115 STREET NW","assessed_value":585000},{"address":"4620.0 37B AVENUE NW","assessed_value":403500},{"address":"531.0 WISEMAN LANE NW","assessed_value":527000},{"address":"27.0 PRESTIGE POINT NW","assessed_value":811000},{"address":"4584.0 32 AVENUE NW","assessed_value":314500},{"address":"2124.0 49A STREET NW","assessed_value":401000},{"address":"2521.0 WEST PORT ROAD NW","assessed_value":84500},{"address":"9730.0 106 STREET NW","assessed_value":90000},{"address":"506.0 WISEMAN LANE NW","assessed_value":465500},{"address":"4919.0 11A AVENUE NW","assessed_value":351000},{"address":"1712.0 39 STREET NW","assessed_value":343000},{"address":"13568.0 149 AVENUE NW","assessed_value":417000},{"address":"2811.0 39 AVENUE NW","assessed_value":419000},{"address":"3503.0 17 AVENUE NW","assessed_value":400000},{"address":"1317.0 GRANT WAY NW","assessed_value":445500},{"address":"3440.0 65 STREET NW","assessed_value":425500},{"address":"1513.0 54 STREET NW","assessed_value":288000},{"address":"8604.0 108A STREET NW","assessed_value":588000},{"address":"4545.0 32 AVENUE NW","assessed_value":295500},{"address":"2019.0 36 STREET NW","assessed_value":394500},{"address":"111.0 COTE CRESCENT NW","assessed_value":458000},{"address":"827.0 KLARVATTEN CLOSE NW","assessed_value":484000},{"address":"911.0 RABBIT HILL ROAD NW","assessed_value":190500},{"address":"1398.0 BRECKENRIDGE DRIVE NW","assessed_value":476500},{"address":"13712.0 82 AVENUE NW","assessed_value":800000},{"address":"12910.0 FORT ROAD NW","assessed_value":8500},{"address":"123.0 205 STREET SW","assessed_value":937500},{"address":"14844.0 47 STREET NW","assessed_value":358500},{"address":"266.0 GREENOCH CRESCENT NW","assessed_value":371000},{"address":"3604.0 17 AVENUE NW","assessed_value":364500},{"address":"187.0 KLARVATTEN ROAD NW","assessed_value":209000},{"address":"17755.0 95 STREET NW","assessed_value":176000},{"address":"6311.0 35 AVENUE NW","assessed_value":367000},{"address":"1231.0 65 STREET NW","assessed_value":357000},{"address":"2508.0 46 STREET NW","assessed_value":396000},{"address":"17447.0 98A AVENUE NW","assessed_value":152500},{"address":"3936.0 55 STREET NW","assessed_value":338000},{"address":"4834.0 188 STREET NW","assessed_value":430500},{"address":"117.0 FALCONER COURT NW","assessed_value":399500},{"address":"4211.0 33 AVENUE NW","assessed_value":414500},{"address":"325.0 BYRNE COURT SW","assessed_value":558500},{"address":"13450.0 114 AVENUE NW","assessed_value":169000},{"address":"620.0 TWIN BROOKS BEND NW","assessed_value":575500},{"address":"1143.0 TWIN BROOKS POINT NW","assessed_value":784000},{"address":"1911.0 48 STREET NW","assessed_value":297000},{"address":"2837.0 41 AVENUE NW","assessed_value":490500},{"address":"13320.0 124 STREET NW","assessed_value":289000},{"address":"4135.0 27 AVENUE NW","assessed_value":386500},{"address":"16120.0 77 STREET NW","assessed_value":506500},{"address":"15020.0 130 STREET NW","assessed_value":385500},{"address":"5981.0 40 AVENUE NW","assessed_value":129500},{"address":"8111.0 164 AVENUE NW","assessed_value":421500},{"address":"nan nan","assessed_value":8500},{"address":"4844.0 148 AVENUE NW","assessed_value":418000},{"address":"10235.0 111 STREET NW","assessed_value":382500},{"address":"1807.0 36 STREET NW","assessed_value":281500},{"address":"6703.0 172 STREET NW","assessed_value":218000},{"address":"12841.0 160 AVENUE NW","assessed_value":424500},{"address":"13818.0 128A AVENUE NW","assessed_value":414500},{"address":"13320.0 124 STREET NW","assessed_value":316500},{"address":"10421.0 42 AVENUE NW","assessed_value":214500},{"address":"1027.0 ORMSBY CRESCENT NW","assessed_value":512500},{"address":"2401.0 47 STREET NW","assessed_value":520500},{"address":"4212.0 37 STREET NW","assessed_value":341500},{"address":"17765.0 95 STREET NW","assessed_value":166000},{"address":"3846.0 47 STREET NW","assessed_value":401000},{"address":"146.0 HADDOW CLOSE NW","assessed_value":417000},{"address":"6623.0 172 STREET NW","assessed_value":232000},{"address":"3158.0 49A STREET NW","assessed_value":375500},{"address":"229.0 GREENOCH CRESCENT NW","assessed_value":518500},{"address":"13431.0 33 STREET NW","assessed_value":302000},{"address":"nan nan","assessed_value":6000},{"address":"4012.0 33A STREET NW","assessed_value":451000},{"address":"9730.0 106 STREET NW","assessed_value":92000},{"address":"6132.0 40 AVENUE NW","assessed_value":385500},{"address":"824.0 BLACKLOCK WAY SW","assessed_value":473000},{"address":"8015.0 161A AVENUE NW","assessed_value":532500},{"address":"115.0 BALL COVE SW","assessed_value":562500},{"address":"nan nan","assessed_value":8500},{"address":"1340.0 56 STREET NW","assessed_value":351500},{"address":"1108.0 38 STREET NW","assessed_value":349500},{"address":"nan nan","assessed_value":15000},{"address":"10717.0 83 AVENUE NW","assessed_value":264500},{"address":"12113.0 80 STREET NW","assessed_value":293500},{"address":"4326.0 37 STREET NW","assessed_value":348500},{"address":"12936.0 160 AVENUE NW","assessed_value":487500},{"address":"8912.0 156 STREET NW","assessed_value":306000},{"address":"5616.0 14 AVENUE NW","assessed_value":377500},{"address":"1124.0 62 STREET NW","assessed_value":303000},{"address":"713.0 BALFOUR CLOSE NW","assessed_value":414000},{"address":"nan nan","assessed_value":6000},{"address":"17459.0 98A AVENUE NW","assessed_value":173000},{"address":"18828.0 50 AVENUE NW","assessed_value":437500},{"address":"4543.0 33 AVENUE NW","assessed_value":300500},{"address":"1139.0 49 STREET NW","assessed_value":405000},{"address":"9760.0 174 STREET NW","assessed_value":181500},{"address":"463.0 HEFFERNAN DRIVE NW","assessed_value":1596000},{"address":"9804.0 180A AVENUE NW","assessed_value":516000},{"address":"10980.0 122 STREET NW","assessed_value":492500},{"address":"1670.0 JAMHA ROAD NW","assessed_value":258000},{"address":"15215.0 126 STREET NW","assessed_value":270000},{"address":"nan nan","assessed_value":8500},{"address":"2423.0 42A AVENUE NW","assessed_value":350000},{"address":"8912.0 156 STREET NW","assessed_value":256000},{"address":"4947.0 149 AVENUE NW","assessed_value":396500},{"address":"1103.0 HAYNES CLOSE NW","assessed_value":626500},{"address":"16972.0 111 AVENUE NW","assessed_value":245500},{"address":"3620.0 17B AVENUE NW","assessed_value":387500},{"address":"nan nan","assessed_value":8000},{"address":"15047.0 131 STREET NW","assessed_value":462000},{"address":"215.0 WYMAN LANE NW","assessed_value":410500},{"address":"5209.0 14A AVENUE NW","assessed_value":349000},{"address":"14735.0 131 STREET NW","assessed_value":449000},{"address":"18330.0 102 AVENUE NW","assessed_value":5833500},{"address":"4824.0 146 AVENUE NW","assessed_value":446500},{"address":"nan nan","assessed_value":6000},{"address":"11682.0 15 AVENUE NW","assessed_value":360500},{"address":"9014.0 165 AVENUE NW","assessed_value":432000},{"address":"13.0 BUTTERWORTH POINT NW","assessed_value":758000},{"address":"4703.0 40 AVENUE NW","assessed_value":511000},{"address":"nan nan","assessed_value":5500},{"address":"10235.0 111 STREET NW","assessed_value":370500},{"address":"2041.0 HADDOW DRIVE NW","assessed_value":579500},{"address":"4114.0 39 AVENUE NW","assessed_value":458500},{"address":"4707.0 12 AVENUE NW","assessed_value":419000},{"address":"4940.0 17 AVENUE NW","assessed_value":401500},{"address":"11717.0 9B AVENUE NW","assessed_value":313000},{"address":"5219.0 157 AVENUE NW","assessed_value":444000},{"address":"4420.0 32A AVENUE NW","assessed_value":333000},{"address":"3910.0 47 STREET NW","assessed_value":403500},{"address":"4508.0 36 AVENUE NW","assessed_value":308500},{"address":"15059.0 133 STREET NW","assessed_value":417000},{"address":"9803.0 100 STREET NW","assessed_value":5046500},{"address":"7219.0 79 AVENUE NW","assessed_value":316500},{"address":"4108.0 18 AVENUE NW","assessed_value":343500},{"address":"13320.0 124 STREET NW","assessed_value":297500},{"address":"1012.0 HOLGATE PLACE NW","assessed_value":720000},{"address":"11504.0 170 STREET NW","assessed_value":8120000},{"address":"nan nan","assessed_value":6500},{"address":"3512.0 12A AVENUE NW","assessed_value":377500},{"address":"518.0 FALCONER PLACE NW","assessed_value":579500},{"address":"10355.0 105 STREET NW","assessed_value":205000},{"address":"308.0 WILD ROSE WAY NW","assessed_value":496500},{"address":"11620.0 9A AVENUE NW","assessed_value":160000},{"address":"9925.0 50 STREET NW","assessed_value":1084000},{"address":"1323.0 54 STREET NW","assessed_value":368500},{"address":"15712.0 130 STREET NW","assessed_value":516500},{"address":"3528.0 49A STREET NW","assessed_value":326500},{"address":"1041.0 BARNES WAY SW","assessed_value":494000},{"address":"1205.0 BRECKENRIDGE DRIVE NW","assessed_value":492000},{"address":"261.0 FALCONER LINK NW","assessed_value":571000},{"address":"4235.0 TERWILLEGAR VISTA NW","assessed_value":1000},{"address":"18803.0 121 AVENUE NW","assessed_value":1163000},{"address":"4803.0 25 AVENUE NW","assessed_value":467000},{"address":"841.0 PROCTOR WYND NW","assessed_value":636000},{"address":"5150.0 190A STREET NW","assessed_value":452000},{"address":"6703.0 172 STREET NW","assessed_value":266000},{"address":"6703.0 172 STREET NW","assessed_value":212000},{"address":"nan nan","assessed_value":12500},{"address":"7127.0 78 AVENUE NW","assessed_value":345500},{"address":"831.0 FORBES CLOSE NW","assessed_value":526000},{"address":"15215.0 126 STREET NW","assessed_value":269000},{"address":"929.0 PICARD DRIVE NW","assessed_value":577000},{"address":"507.0 BEVINGTON CLOSE NW","assessed_value":408000},{"address":"4547.0 25 AVENUE NW","assessed_value":395500},{"address":"7912.0 164 AVENUE NW","assessed_value":517000},{"address":"9150.0 166 AVENUE NW","assessed_value":297000},{"address":"1881.0 TUFFORD WAY NW","assessed_value":522000},{"address":"3803.0 26 AVENUE NW","assessed_value":458000},{"address":"17459.0 98A AVENUE NW","assessed_value":200500},{"address":"3915.0 51 STREET NW","assessed_value":539000},{"address":"1229.0 62 STREET NW","assessed_value":201500},{"address":"527.0 GLENWRIGHT CRESCENT NW","assessed_value":451000},{"address":"18837.0 50 AVENUE NW","assessed_value":448500},{"address":"6005.0 76 AVENUE NW","assessed_value":2119000},{"address":"224.0 WYMAN LANE NW","assessed_value":666500},{"address":"5103.0 152A AVENUE NW","assessed_value":397500},{"address":"8808.0 158 AVENUE NW","assessed_value":497500},{"address":"3638.0 HILL VIEW CRESCENT NW","assessed_value":285500},{"address":"nan nan","assessed_value":5500},{"address":"15527.0 103 STREET NW","assessed_value":486000},{"address":"4624.0 37A AVENUE NW","assessed_value":404500},{"address":"1435.0 LOEWEN COURT NW","assessed_value":752000},{"address":"4923.0 20 AVENUE NW","assessed_value":361500},{"address":"5223.0 38A AVENUE NW","assessed_value":451000},{"address":"nan nan","assessed_value":2500},{"address":"19019.0 51 AVENUE NW","assessed_value":494000},{"address":"2076.0 49A STREET NW","assessed_value":423500},{"address":"1812.0 48 STREET NW","assessed_value":366000},{"address":"524.0 WISEMAN LANE NW","assessed_value":462000},{"address":"1311.0 WEST WOOD GATE NW","assessed_value":82000},{"address":"3111.0 134 AVENUE NW","assessed_value":423500},{"address":"nan nan","assessed_value":6000},{"address":"3939.0 42 STREET NW","assessed_value":525500},{"address":"318.0 GALBRAITH CLOSE NW","assessed_value":476500},{"address":"1320.0 GRANT WAY NW","assessed_value":371000},{"address":"605.0 HUNTERS CLOSE NW","assessed_value":667500},{"address":"4003.0 19 AVENUE NW","assessed_value":394000},{"address":"nan nan","assessed_value":8000},{"address":"929.0 PICARD DRIVE NW","assessed_value":506000},{"address":"4544.0 32 AVENUE NW","assessed_value":326500},{"address":"9.0 DECHENE ROAD NW","assessed_value":454500},{"address":"1298.0 FALCONER ROAD NW","assessed_value":564500},{"address":"16416.0 77 STREET NW","assessed_value":432000},{"address":"236.0 WOLF WILLOW ROAD NW","assessed_value":796500},{"address":"4240.0 38 STREET NW","assessed_value":286000},{"address":"2816.0 116 STREET NW","assessed_value":80500},{"address":"nan nan","assessed_value":1970500},{"address":"83.0 RIDGEWAY DRIVE NW","assessed_value":143500},{"address":"804.0 CALGARY TRAIL NW","assessed_value":0},{"address":"11640.0 79 AVENUE NW","assessed_value":451500},{"address":"4605.0 35 AVENUE NW","assessed_value":294000},{"address":"14944.0 136 STREET NW","assessed_value":460000},{"address":"6233.0 13 AVENUE NW","assessed_value":380500},{"address":"4212.0 28 AVENUE NW","assessed_value":343000},{"address":"12911.0 199 STREET NW","assessed_value":952500},{"address":"3532.0 HILL VIEW CRESCENT NW","assessed_value":365000},{"address":"1111.0 ORMSBY COURT NW","assessed_value":505000},{"address":"nan nan","assessed_value":6500},{"address":"3412.0 16A AVENUE NW","assessed_value":285000},{"address":"13339.0 155 AVENUE NW","assessed_value":445500},{"address":"3412.0 38 STREET NW","assessed_value":544500},{"address":"1411.0 63 STREET NW","assessed_value":403500},{"address":"211.0 BLACKBURN DRIVE EAST SW","assessed_value":370500},{"address":"132.0 DARLINGTON CRESCENT NW","assessed_value":687000},{"address":"nan nan","assessed_value":15500},{"address":"8341.0 171A AVENUE NW","assessed_value":502000},{"address":"7839.0 96 STREET NW","assessed_value":245500},{"address":"4711.0 189 STREET NW","assessed_value":474500},{"address":"11808.0 12 AVENUE NW","assessed_value":508000},{"address":"6327.0 12 AVENUE NW","assessed_value":385500},{"address":"7828.0 163 AVENUE NW","assessed_value":464000},{"address":"911.0 BRECKENRIDGE COURT NW","assessed_value":445000},{"address":"10525.0 83 STREET NW","assessed_value":601000},{"address":"1708.0 38 STREET NW","assessed_value":384000},{"address":"1688.0 TOMPKINS WYND NW","assessed_value":437500},{"address":"4125.0 39 AVENUE NW","assessed_value":535000},{"address":"1334.0 118A STREET NW","assessed_value":566000},{"address":"425.0 WILLIAMS COURT NW","assessed_value":540000},{"address":"7449.0 83 AVENUE NW","assessed_value":310000},{"address":"11622.0 15 AVENUE NW","assessed_value":439500},{"address":"5385.0 HILL VIEW CRESCENT NW","assessed_value":223000},{"address":"10711.0 83 AVENUE NW","assessed_value":211000},{"address":"484.0 KLARVATTEN LAKE WYND NW","assessed_value":594000},{"address":"8008.0 162 AVENUE NW","assessed_value":542500},{"address":"5140.0 191 STREET NW","assessed_value":456500},{"address":"1336.0 118 STREET NW","assessed_value":646500},{"address":"nan nan","assessed_value":5500},{"address":"11519.0 15 AVENUE NW","assessed_value":608500},{"address":"nan nan","assessed_value":8500},{"address":"5111.0 14 AVENUE NW","assessed_value":452500},{"address":"5212.0 191 STREET NW","assessed_value":468500},{"address":"4527.0 30 AVENUE NW","assessed_value":357500},{"address":"3515.0 20 AVENUE NW","assessed_value":389000},{"address":"1720.0 38 STREET NW","assessed_value":371000},{"address":"18524.0 49 AVENUE NW","assessed_value":454500},{"address":"2812.0 116 STREET NW","assessed_value":80500},{"address":"17447.0 98A AVENUE NW","assessed_value":150500},{"address":"8315.0 83 STREET NW","assessed_value":151000},{"address":"138.0 COTE CRESCENT NW","assessed_value":481500},{"address":"3446.0 42 STREET NW","assessed_value":365500},{"address":"8912.0 156 STREET NW","assessed_value":240000},{"address":"17810.0 114 AVENUE NW","assessed_value":4153000},{"address":"4539.0 149 AVENUE NW","assessed_value":359500},{"address":"10421.0 42 AVENUE NW","assessed_value":202000},{"address":"278.0 WOODVALE ROAD WEST NW","assessed_value":369000},{"address":"151.0 DARLINGTON CRESCENT NW","assessed_value":664500},{"address":"4909.0 75 AVENUE NW","assessed_value":1522000},{"address":"12618.0 152 AVENUE NW","assessed_value":25000},{"address":"13735.0 130 AVENUE NW","assessed_value":411000},{"address":"1259.0 62 STREET NW","assessed_value":184500},{"address":"8311.0 170 AVENUE NW","assessed_value":387500},{"address":"1275.0 45 STREET NW","assessed_value":397000},{"address":"15917.0 90 STREET NW","assessed_value":484000},{"address":"6422.0 36A AVENUE NW","assessed_value":336000},{"address":"nan nan","assessed_value":500},{"address":"1968.0 TOWNE CENTRE BOULEVARD NW","assessed_value":608500},{"address":"404.0 WILLIAMS COURT NW","assessed_value":425000},{"address":"3652.0 34A AVENUE NW","assessed_value":379500},{"address":"13450.0 114 AVENUE NW","assessed_value":153000},{"address":"1907.0 KRAMER WAY NW","assessed_value":434000},{"address":"nan nan","assessed_value":6500},{"address":"1774.0 TOMLINSON COMMON NW","assessed_value":615500},{"address":"nan nan","assessed_value":8500},{"address":"5605.0 14A AVENUE NW","assessed_value":381500},{"address":"8304.0 71 STREET NW","assessed_value":1194000},{"address":"11465.0 118A STREET NW","assessed_value":436000},{"address":"4109.0 33A AVENUE NW","assessed_value":522000},{"address":"341.0 GRAND MEADOW CRESCENT NW","assessed_value":449000},{"address":"1412.0 LOEWEN COURT NW","assessed_value":605000},{"address":"2038.0 HADDOW DRIVE NW","assessed_value":612500},{"address":"4712.0 32 AVENUE NW","assessed_value":309000},{"address":"4424.0 18 AVENUE NW","assessed_value":371500},{"address":"2824.0 36 STREET NW","assessed_value":372000},{"address":"5418.0 38A AVENUE NW","assessed_value":170000},{"address":"5451.0 HILL VIEW CRESCENT NW","assessed_value":216000},{"address":"10355.0 105 STREET NW","assessed_value":205000},{"address":"16112.0 81 STREET NW","assessed_value":452500},{"address":"1404.0 35 STREET NW","assessed_value":363000},{"address":"17459.0 98A AVENUE NW","assessed_value":195000},{"address":"6023.0 MILL WOODS ROAD SOUTH NW","assessed_value":253000},{"address":"14119.0 129 STREET NW","assessed_value":465500},{"address":"1223.0 39 STREET NW","assessed_value":379000},{"address":"2809.0 41 AVENUE NW","assessed_value":491000},{"address":"17447.0 98A AVENUE NW","assessed_value":198000},{"address":"3437.0 49 STREET NW","assessed_value":393000},{"address":"1043.0 BLACKBURN CLOSE SW","assessed_value":516000},{"address":"1342.0 GRANT WAY NW","assessed_value":383500},{"address":"3113.0 40A AVENUE NW","assessed_value":481000},{"address":"10421.0 42 AVENUE NW","assessed_value":175000},{"address":"3830.0 25 AVENUE NW","assessed_value":367000},{"address":"3452.0 36 STREET NW","assessed_value":559000},{"address":"931.0 HAMPTON COURT NW","assessed_value":680500},{"address":"7905.0 96 STREET NW","assessed_value":300000},{"address":"341.0 BYRNE COURT SW","assessed_value":459500},{"address":"727.0 HALIBURTON CRESCENT NW","assessed_value":708000},{"address":"4605.0 27 AVENUE NW","assessed_value":419500},{"address":"11809.0 9B AVENUE NW","assessed_value":372000},{"address":"4116.0 27 AVENUE NW","assessed_value":397000},{"address":"13441.0 127 STREET NW","assessed_value":134500},{"address":"4114.0 28 AVENUE NW","assessed_value":406000},{"address":"5528.0 39 AVENUE NW","assessed_value":371000},{"address":"2516.0 46A STREET NW","assessed_value":360000},{"address":"342.0 BERINGER CRESCENT NW","assessed_value":475500},{"address":"1237.0 CARTER CREST ROAD NW","assessed_value":339500},{"address":"15044.0 134 STREET NW","assessed_value":333500},{"address":"13720.0 130 AVENUE NW","assessed_value":376000},{"address":"nan nan","assessed_value":6500},{"address":"3528.0 15 AVENUE NW","assessed_value":372000},{"address":"6017.0 35A AVENUE NW","assessed_value":173000},{"address":"4220.0 139 AVENUE NW","assessed_value":135000},{"address":"1835.0 36 STREET NW","assessed_value":397500},{"address":"4708.0 35 AVENUE NW","assessed_value":366000},{"address":"1237.0 CARTER CREST ROAD NW","assessed_value":324000},{"address":"6325.0 11 AVENUE NW","assessed_value":347000},{"address":"4507.0 38A AVENUE NW","assessed_value":373500},{"address":"1314.0 54 STREET NW","assessed_value":327500},{"address":"16916.0 111 AVENUE NW","assessed_value":271500},{"address":"nan nan","assessed_value":7500},{"address":"7315.0 50 STREET NW","assessed_value":3306500},{"address":"3552.0 15 AVENUE NW","assessed_value":349500},{"address":"10511.0 42 AVENUE NW","assessed_value":140000},{"address":"3137.0 40A AVENUE NW","assessed_value":543500},{"address":"3508.0 27 AVENUE NW","assessed_value":389000},{"address":"8305.0 171A AVENUE NW","assessed_value":420500},{"address":"8329.0 160A AVENUE NW","assessed_value":435500},{"address":"3908.0 28 STREET NW","assessed_value":523500},{"address":"911.0 RABBIT HILL ROAD NW","assessed_value":203500},{"address":"12832.0 141 STREET NW","assessed_value":344000},{"address":"577.0 BUTTERWORTH WAY NW","assessed_value":648000},{"address":"18923.0 46 AVENUE NW","assessed_value":483000},{"address":"1023.0 52 STREET NW","assessed_value":468500},{"address":"1931.0 TOMLINSON CRESCENT NW","assessed_value":431000},{"address":"1144.0 GRANTHAM DRIVE NW","assessed_value":406500},{"address":"3508.0 15 AVENUE NW","assessed_value":368500},{"address":"4111.0 28 AVENUE NW","assessed_value":366000},{"address":"7839.0 96 STREET NW","assessed_value":335500},{"address":"3912.0 47 STREET NW","assessed_value":466000},{"address":"3904.0 74 AVENUE NW","assessed_value":1873500},{"address":"3843.0 26 AVENUE NW","assessed_value":388000},{"address":"4253.0 23 STREET NW","assessed_value":428500},{"address":"1698.0 37 STREET NW","assessed_value":172500},{"address":"8811.0 163 AVENUE NW","assessed_value":701000},{"address":"14140.0 129 STREET NW","assessed_value":446500},{"address":"14111.0 129 STREET NW","assessed_value":449000},{"address":"19052.0 53 AVENUE NW","assessed_value":476500},{"address":"13320.0 124 STREET NW","assessed_value":298000},{"address":"944.0 HAMPTON COURT NW","assessed_value":682000},{"address":"4318.0 36A AVENUE NW","assessed_value":456000},{"address":"8315.0 83 STREET NW","assessed_value":99500},{"address":"9825.0 180 AVENUE NW","assessed_value":433500},{"address":"1840.0 36 STREET NW","assessed_value":413500},{"address":"513.0 LOUGHEED COURT NW","assessed_value":731500},{"address":"1115.0 52 STREET NW","assessed_value":416000},{"address":"10058.0 MACDONALD DRIVE NW","assessed_value":2033000},{"address":"4408.0 33A AVENUE NW","assessed_value":354000},{"address":"557.0 GLENWRIGHT CRESCENT NW","assessed_value":492500},{"address":"2084.0 TANNER WYND NW","assessed_value":460500},{"address":"3504.0 25 AVENUE NW","assessed_value":395000},{"address":"9112.0 165 AVENUE NW","assessed_value":332000},{"address":"11718.0 13A AVENUE NW","assessed_value":505000},{"address":"1116.0 118A STREET NW","assessed_value":529000},{"address":"3907.0 35 AVENUE NW","assessed_value":434500},{"address":"11608.0 15 AVENUE NW","assessed_value":399000},{"address":"4916.0 190 STREET NW","assessed_value":463500},{"address":"4520.0 10 AVENUE NW","assessed_value":317500},{"address":"13551.0 149 AVENUE NW","assessed_value":574500},{"address":"3007.0 134 AVENUE NW","assessed_value":412000},{"address":"11937.0 62 STREET NW","assessed_value":1500},{"address":"16215.0 78 STREET NW","assessed_value":464000},{"address":"647.0 TWIN BROOKS BEND NW","assessed_value":565000},{"address":"6763.0 88 STREET NW","assessed_value":978500},{"address":"19403.0 FORT ROAD NE","assessed_value":780500},{"address":"1938.0 94 STREET NW","assessed_value":4477500},{"address":"839.0 TWIN BROOKS CLOSE NW","assessed_value":613000},{"address":"6411.0 35 AVENUE NW","assessed_value":328500},{"address":"613.0 LAYTON COURT NW","assessed_value":789500},{"address":"4528.0 26 AVENUE NW","assessed_value":368000},{"address":"3712.0 65 STREET NW","assessed_value":338000},{"address":"4510.0 35A AVENUE NW","assessed_value":303500},{"address":"10511.0 42 AVENUE NW","assessed_value":206500},{"address":"8360.0 162 AVENUE NW","assessed_value":522500},{"address":"535.0 ORMSBY ROAD WEST NW","assessed_value":598500},{"address":"2916.0 151A AVENUE NW","assessed_value":467500},{"address":"13441.0 127 STREET NW","assessed_value":194000},{"address":"8020.0 162 AVENUE NW","assessed_value":465000},{"address":"1334.0 119B STREET NW","assessed_value":821500},{"address":"8.0 DECHENE ROAD NW","assessed_value":416000},{"address":"335.0 DARLINGTON CRESCENT NW","assessed_value":877000},{"address":"3234.0 135 AVENUE NW","assessed_value":402000},{"address":"925.0 PICARD DRIVE NW","assessed_value":427500},{"address":"10033.0 110 STREET NW","assessed_value":182000},{"address":"1912.0 42 STREET NW","assessed_value":341000},{"address":"122.0 RABBIT HILL COURT NW","assessed_value":558500},{"address":"nan nan","assessed_value":5500},{"address":"229.0 LINDSAY CRESCENT NW","assessed_value":608500},{"address":"3729.0 29 STREET NW","assessed_value":465000},{"address":"1219.0 65 STREET NW","assessed_value":364500},{"address":"264.0 DARLINGTON CRESCENT NW","assessed_value":725000},{"address":"206.0 WYMAN LANE NW","assessed_value":556000},{"address":"11612.0 28 AVENUE NW","assessed_value":65000},{"address":"33.0 GREENOCH CRESCENT NW","assessed_value":533000},{"address":"17418.0 98A AVENUE NW","assessed_value":393500},{"address":"1017.0 HOLGATE PLACE NW","assessed_value":594500},{"address":"2827.0 35 STREET NW","assessed_value":373500},{"address":"10511.0 42 AVENUE NW","assessed_value":176500},{"address":"807.0 FORBES CLOSE NW","assessed_value":569500},{"address":"1119.0 117 STREET NW","assessed_value":491500},{"address":"17109.0 67 AVENUE NW","assessed_value":170500},{"address":"3923.0 54 STREET NW","assessed_value":416000},{"address":"8309.0 160 AVENUE NW","assessed_value":281500},{"address":"9730.0 106 STREET NW","assessed_value":91000},{"address":"191.0 DARLINGTON CRESCENT NW","assessed_value":677000},{"address":"7324.0 81 AVENUE NW","assessed_value":310000},{"address":"3520.0 42A AVENUE NW","assessed_value":304000},{"address":"3711.0 28 STREET NW","assessed_value":423000},{"address":"12719.0 HUDSON WAY NW","assessed_value":496000},{"address":"11620.0 9A AVENUE NW","assessed_value":146000},{"address":"nan nan","assessed_value":7500},{"address":"6703.0 172 STREET NW","assessed_value":217000},{"address":"14916.0 47 STREET NW","assessed_value":434500},{"address":"1670.0 JAMHA ROAD NW","assessed_value":256000},{"address":"6027.0 35A AVENUE NW","assessed_value":189000},{"address":"6016.0 37 AVENUE NW","assessed_value":371500},{"address":"9923.0 180 AVENUE NW","assessed_value":490000},{"address":"280.0 WOLF WILLOW ROAD NW","assessed_value":3500},{"address":"11404.0 89 AVENUE NW","assessed_value":11705500},{"address":"4564.0 27 AVENUE NW","assessed_value":422500},{"address":"1675.0 42 STREET NW","assessed_value":375000},{"address":"3507.0 22 AVENUE NW","assessed_value":348500},{"address":"13120.0 35 STREET NW","assessed_value":385500},{"address":"1120.0 48 STREET NW","assessed_value":420000},{"address":"13320.0 124 STREET NW","assessed_value":304000},{"address":"4836.0 32 AVENUE NW","assessed_value":308000},{"address":"1110.0 LINCOLN CRESCENT NW","assessed_value":566500},{"address":"15810.0 131 AVENUE NW","assessed_value":3584000},{"address":"3662.0 43A AVENUE NW","assessed_value":281000},{"address":"10230.0 120 STREET NW","assessed_value":135000},{"address":"1767.0 49A STREET NW","assessed_value":417500},{"address":"nan nan","assessed_value":6000},{"address":"7816.0 106 AVENUE NW","assessed_value":117000},{"address":"2106.0 38 STREET NW","assessed_value":285000},{"address":"3696.0 97 STREET NW","assessed_value":5047000},{"address":"11612.0 28 AVENUE NW","assessed_value":95500},{"address":"6314.0 37B AVENUE NW","assessed_value":325500},{"address":"6349.0 76 AVENUE NW","assessed_value":738000},{"address":"9637.0 103A AVENUE NW","assessed_value":182500},{"address":"3316.0 42A AVENUE NW","assessed_value":449000},{"address":"9703.0 41 AVENUE NW","assessed_value":272500},{"address":"4516.0 25 AVENUE NW","assessed_value":405500},{"address":"9420.0 172 STREET NW","assessed_value":338500},{"address":"4823.0 10 AVENUE NW","assessed_value":331000},{"address":"nan nan","assessed_value":6000},{"address":"3503.0 99 STREET NW","assessed_value":12093500},{"address":"nan nan","assessed_value":7500},{"address":"308.0 GALBRAITH CLOSE NW","assessed_value":554500},{"address":"6310.0 35 AVENUE NW","assessed_value":366500},{"address":"7303.0 82 AVENUE NW","assessed_value":801500},{"address":"2939.0 39 AVENUE NW","assessed_value":430500},{"address":"17150.0 94A AVENUE NW","assessed_value":184000},{"address":"17615.0 53 AVENUE NW","assessed_value":570000},{"address":"2754.0 37A AVENUE NW","assessed_value":522500},{"address":"3628.0 HILL VIEW CRESCENT NW","assessed_value":283500},{"address":"3203.0 135 AVENUE NW","assessed_value":381500},{"address":"5304.0 127 AVENUE NW","assessed_value":1553000},{"address":"621.0 BEVINGTON PLACE NW","assessed_value":419000},{"address":"2907.0 49 STREET NW","assessed_value":452000},{"address":"655.0 GLENWRIGHT CRESCENT NW","assessed_value":378000},{"address":"1744.0 48 STREET NW","assessed_value":397000},{"address":"1112.0 35A STREET NW","assessed_value":396000},{"address":"14904.0 132 STREET NW","assessed_value":428000},{"address":"7605.0 67 STREET NW","assessed_value":5141000},{"address":"1068.0 BARNES WAY SW","assessed_value":559500},{"address":"1908.0 KRAMER WAY NW","assessed_value":459000},{"address":"4047.0 33 STREET NW","assessed_value":468500},{"address":"10346.0 150 STREET NW","assessed_value":252500},{"address":"608.0 KULAWY PLACE NW","assessed_value":656500},{"address":"6408.0 14 AVENUE NW","assessed_value":436000},{"address":"424.0 BYRNE CRESCENT SW","assessed_value":479000},{"address":"14619.0 15 STREET NW","assessed_value":700000},{"address":"5371.0 HILL VIEW CRESCENT NW","assessed_value":227500},{"address":"13441.0 127 STREET NW","assessed_value":171000},{"address":"12880.0 151 AVENUE NW","assessed_value":419000},{"address":"7839.0 96 STREET NW","assessed_value":366500},{"address":"2814.0 41 AVENUE NW","assessed_value":453000},{"address":"4708.0 13 AVENUE NW","assessed_value":336000},{"address":"1222.0 62 STREET NW","assessed_value":280000},{"address":"nan nan","assessed_value":131000},{"address":"3504.0 19 AVENUE NW","assessed_value":418500},{"address":"4824.0 189 STREET NW","assessed_value":443000},{"address":"4736.0 150 AVENUE NW","assessed_value":447500},{"address":"4018.0 28A STREET NW","assessed_value":465000},{"address":"3611.0 43A AVENUE NW","assessed_value":329000},{"address":"309.0 GREENOCH CRESCENT NW","assessed_value":414000},{"address":"2860.0 152 AVENUE NW","assessed_value":477000},{"address":"9106.0 166 AVENUE NW","assessed_value":301000},{"address":"11508.0 168 AVENUE NW","assessed_value":423000},{"address":"4943.0 17 AVENUE NW","assessed_value":543000},{"address":"7215.0 83 AVENUE NW","assessed_value":299000},{"address":"2056.0 45 STREET NW","assessed_value":418000},{"address":"8352.0 159 AVENUE NW","assessed_value":345000},{"address":"5611.0 40 AVENUE NW","assessed_value":370500},{"address":"10465.0 42 AVENUE NW","assessed_value":420000},{"address":"4139.0 37A AVENUE NW","assessed_value":404000},{"address":"3844.0 51 STREET NW","assessed_value":455000},{"address":"3708.0 45 STREET NW","assessed_value":400000},{"address":"4125.0 37B AVENUE NW","assessed_value":385500},{"address":"347.0 HUNTERS RUN NW","assessed_value":577000},{"address":"215.0 BLACKBURN DRIVE EAST SW","assessed_value":449000},{"address":"3006.0 36 STREET NW","assessed_value":311500},{"address":"13450.0 114 AVENUE NW","assessed_value":155000},{"address":"2331.0 37B AVENUE NW","assessed_value":481500},{"address":"10023.0 110 STREET NW","assessed_value":235500},{"address":"11576.0 15 AVENUE NW","assessed_value":567500},{"address":"6623.0 172 STREET NW","assessed_value":215000},{"address":"5516.0 37 AVENUE NW","assessed_value":355500},{"address":"15043.0 133 STREET NW","assessed_value":363000},{"address":"9.0 DECHENE ROAD NW","assessed_value":413000},{"address":"3620.0 42A AVENUE NW","assessed_value":360500},{"address":"1037.0 HOLGATE PLACE NW","assessed_value":575500},{"address":"5123.0 152A AVENUE NW","assessed_value":460000},{"address":"1221.0 118A STREET NW","assessed_value":556500},{"address":"772.0 BUTTERWORTH DRIVE NW","assessed_value":1510500},{"address":"1203.0 CARTER CREST ROAD NW","assessed_value":432500},{"address":"9003.0 166 AVENUE NW","assessed_value":382500},{"address":"10023.0 110 STREET NW","assessed_value":245000},{"address":"3720.0 76 AVENUE NW","assessed_value":3443500},{"address":"2048.0 HADDOW DRIVE NW","assessed_value":729000},{"address":"3727.0 63 STREET NW","assessed_value":356000},{"address":"9149.0 165 AVENUE NW","assessed_value":310000},{"address":"6219.0 36 AVENUE NW","assessed_value":404000},{"address":"14428.0 MILLER BOULEVARD NW","assessed_value":329500},{"address":"187.0 COTE CRESCENT NW","assessed_value":612500},{"address":"4023.0 10 AVENUE NW","assessed_value":319000},{"address":"6703.0 172 STREET NW","assessed_value":221500},{"address":"10129.0 82 STREET NW","assessed_value":305500},{"address":"3519.0 24 AVENUE NW","assessed_value":406000},{"address":"3527.0 42 STREET NW","assessed_value":428000},{"address":"173.0 COTE CRESCENT NW","assessed_value":506500}]