[{"address":"2816.0 19 AVENUE NW","assessed_value":474000},{"address":"nan nan","assessed_value":20000},{"address":"12952.0 201 STREET NW","assessed_value":595500},{"address":"1720.0 GARNETT POINT NW","assessed_value":351000},{"address":"3257.0 16A AVENUE NW","assessed_value":540000},{"address":"3304.0 CAMERON HEIGHTS LANDING NW","assessed_value":810500},{"address":"546.0 ALBANY WAY NW","assessed_value":548500},{"address":"nan nan","assessed_value":11000},{"address":"4007.0 CHARLES PLACE SW","assessed_value":601500},{"address":"nan nan","assessed_value":7500},{"address":"6632.0 CARDINAL ROAD SW","assessed_value":382000},{"address":"4018.0 MORRISON WAY NW","assessed_value":549500},{"address":"392.0 SILVER BERRY ROAD NW","assessed_value":150500},{"address":"nan nan","assessed_value":4000},{"address":"5220.0 1A AVENUE SW","assessed_value":365000},{"address":"3025.0 HARVEY CRESCENT NW","assessed_value":383500},{"address":"6720.0 112 STREET NW","assessed_value":199000},{"address":"779.0 LEWIS GREENS DRIVE NW","assessed_value":513500},{"address":"8818.0 180A AVENUE NW","assessed_value":654500},{"address":"10530.0 56 AVENUE NW","assessed_value":270500},{"address":"17128.0 121 STREET NW","assessed_value":528000},{"address":"4326.0 WHITELAW WAY NW","assessed_value":1011500},{"address":"17616.0 59 STREET NW","assessed_value":463500},{"address":"4209.0 ORCHARDS DRIVE SW","assessed_value":471500},{"address":"nan nan","assessed_value":15500},{"address":"1585.0 GLASTONBURY BOULEVARD NW","assessed_value":279500},{"address":"nan nan","assessed_value":11000},{"address":"392.0 SILVER BERRY ROAD NW","assessed_value":208500},{"address":"nan nan","assessed_value":3000},{"address":"3957.0 CLAXTON LOOP SW","assessed_value":632500},{"address":"3792.0 8 STREET NW","assessed_value":564000},{"address":"10015.0 83 AVENUE NW","assessed_value":146500},{"address":"8222.0 180A AVENUE NW","assessed_value":491000},{"address":"4727.0 CRABAPPLE RUN SW","assessed_value":668500},{"address":"1178.0 MCCONACHIE BOULEVARD NW","assessed_value":500000},{"address":"5519.0 CONESTOGA STREET NW","assessed_value":595500},{"address":"15136.0 31 STREET NW","assessed_value":439500},{"address":"8730.0 82 AVENUE NW","assessed_value":239500},{"address":"nan nan","assessed_value":9500},{"address":"nan nan","assessed_value":9000},{"address":"8730.0 82 AVENUE NW","assessed_value":175000},{"address":"308.0 AMBLESIDE LINK SW","assessed_value":190000},{"address":"1678.0 RUTHERFORD ROAD SW","assessed_value":387500},{"address":"10520.0 56 AVENUE NW","assessed_value":266000},{"address":"9820.0 165 STREET NW","assessed_value":234500},{"address":"460.0 HEMINGWAY ROAD NW","assessed_value":283000},{"address":"17435.0 107 STREET NW","assessed_value":1111000},{"address":"2060.0 74 STREET SW","assessed_value":456000},{"address":"16504.0 42 STREET NW","assessed_value":491500},{"address":"12019.0 167A AVENUE NW","assessed_value":353500},{"address":"1574.0 35B AVENUE NW","assessed_value":456000},{"address":"111.0 AMBELSIDE DRIVE SW","assessed_value":187000},{"address":"11604.0 17 AVENUE SW","assessed_value":371500},{"address":"1943.0 68 STREET SW","assessed_value":618500},{"address":"8716.0 179 AVENUE NW","assessed_value":239000},{"address":"nan nan","assessed_value":5000},{"address":"585.0 ALBANY WAY NW","assessed_value":589000},{"address":"nan nan","assessed_value":11000},{"address":"196.0 ALLARD LINK SW","assessed_value":474000},{"address":"9630.0 82 AVENUE NW","assessed_value":124000},{"address":"3711.0 GOODRIDGE CLOSE NW","assessed_value":658500},{"address":"nan nan","assessed_value":8000},{"address":"nan nan","assessed_value":11500},{"address":"2810.0 17A AVENUE NW","assessed_value":536500},{"address":"2455.0 BOWEN WYND SW","assessed_value":839000},{"address":"5349.0 CRABAPPLE LOOP SW","assessed_value":451000},{"address":"9650.0 82 AVENUE NW","assessed_value":136500},{"address":"3006.0 ARTHURS CRESCENT SW","assessed_value":436500},{"address":"10140.0 150 STREET NW","assessed_value":162500},{"address":"6635.0 CARDINAL ROAD SW","assessed_value":432500},{"address":"5120.0 164 AVENUE NW","assessed_value":305000},{"address":"1558.0 36B AVENUE NW","assessed_value":480000},{"address":"3723.0 ROPER ROAD NW","assessed_value":15978000},{"address":"655.0 TAMARACK ROAD NW","assessed_value":289500},{"address":"1010.0 175 STREET SW","assessed_value":359500},{"address":"14032.0 161 AVENUE NW","assessed_value":543500},{"address":"17385.0 8A AVENUE SW","assessed_value":414500},{"address":"304.0 AMBLESIDE LINK SW","assessed_value":185000},{"address":"1533.0 36B AVENUE NW","assessed_value":589500},{"address":"10152.0 104 STREET NW","assessed_value":231500},{"address":"3055.0 HARVEY CRESCENT NW","assessed_value":379000},{"address":"758.0 DECOTEAU WAY NW","assessed_value":500500},{"address":"2612.0 109 STREET NW","assessed_value":226500},{"address":"20515.0 95 AVENUE NW","assessed_value":780500},{"address":"2010.0 69A STREET SW","assessed_value":445000},{"address":"400.0 SILVER BERRY ROAD NW","assessed_value":196000},{"address":"5114.0 1B AVENUE SW","assessed_value":456000},{"address":"nan nan","assessed_value":3000},{"address":"5215.0 1A AVENUE SW","assessed_value":478500},{"address":"nan nan","assessed_value":11500},{"address":"123.0 51 STREET SW","assessed_value":371500},{"address":"4714.0 WOOLSEY COMMON NW","assessed_value":1290000},{"address":"521.0 WATT BOULEVARD SW","assessed_value":379500},{"address":"nan nan","assessed_value":11000},{"address":"18104.0 94 STREET NW","assessed_value":614000},{"address":"nan nan","assessed_value":11000},{"address":"1607.0 ADAMSON CLOSE SW","assessed_value":897000},{"address":"479.0 MCCONACHIE WAY NW","assessed_value":426000},{"address":"nan nan","assessed_value":11000},{"address":"1116.0 59 STREET SW","assessed_value":568500},{"address":"10808.0 71 AVENUE NW","assessed_value":207000},{"address":"16544.0 134 STREET NW","assessed_value":462000},{"address":"1623.0 TOWNE CENTRE BOULEVARD NW","assessed_value":297000},{"address":"5124.0 1A AVENUE SW","assessed_value":375500},{"address":"13169.0 156 STREET NW","assessed_value":446500},{"address":"2510.0 PEGASUS BOULEVARD NW","assessed_value":347500},{"address":"532.0 171 STREET SW","assessed_value":589500},{"address":"nan nan","assessed_value":4500},{"address":"303.0 WOODVALE ROAD WEST NW","assessed_value":407000},{"address":"11511.0 27 AVENUE NW","assessed_value":160000},{"address":"909.0 ALBANY POINT NW","assessed_value":474500},{"address":"4910.0 WOOLSEY COURT NW","assessed_value":1261500},{"address":"615.0 MCDONOUGH LINK NW","assessed_value":427500},{"address":"1661.0 33A STREET NW","assessed_value":737000},{"address":"3704.0 9 STREET NW","assessed_value":428000},{"address":"840.0 156 STREET NW","assessed_value":219000},{"address":"5507.0 CRABAPPLE LOOP SW","assessed_value":463000},{"address":"1165.0 CHAPPELLE BOULEVARD SW","assessed_value":432000},{"address":"6315.0 18 AVENUE SW","assessed_value":520000},{"address":"16736.0 53 STREET NW","assessed_value":356000},{"address":"608.0 CANTOR LANDING SW","assessed_value":632500},{"address":"11518.0 76 AVENUE NW","assessed_value":382500},{"address":"9724.0 220 STREET NW","assessed_value":506500},{"address":"1266.0 SECORD LANDING NW","assessed_value":560000},{"address":"3094.0 ARTHURS CRESCENT SW","assessed_value":413500},{"address":"16004.0 54 STREET NW","assessed_value":316000},{"address":"4450.0 MCCRAE AVENUE NW","assessed_value":239000},{"address":"16528.0 138 STREET NW","assessed_value":558000},{"address":"465.0 HEMINGWAY ROAD NW","assessed_value":254500},{"address":"15151.0 43 STREET NW","assessed_value":300000},{"address":"12010.0 167B AVENUE NW","assessed_value":364500},{"address":"2606.0 109 STREET NW","assessed_value":226000},{"address":"3664.0 GOODRIDGE CRESCENT NW","assessed_value":526500},{"address":"3320.0 WEST COURT NW","assessed_value":710500},{"address":"5517.0 CRABAPPLE LOOP SW","assessed_value":515500},{"address":"13835.0 155 AVENUE NW","assessed_value":133000},{"address":"18004.0 89 STREET NW","assessed_value":265500},{"address":"3010.0 17A AVENUE NW","assessed_value":538500},{"address":"16508.0 139 STREET NW","assessed_value":579000},{"address":"7526.0 MAY COMMON NW","assessed_value":1226500},{"address":"651.0 CANTOR LANDING SW","assessed_value":789000},{"address":"203.0 53 STREET SW","assessed_value":547000},{"address":"9507.0 208 STREET NW","assessed_value":477000},{"address":"5815.0 175 AVENUE NW","assessed_value":587000},{"address":"4202.0 ORCHARDS DRIVE SW","assessed_value":473000},{"address":"nan nan","assessed_value":14500},{"address":"nan nan","assessed_value":4500},{"address":"1220.0 SECORD LANDING NW","assessed_value":648000},{"address":"4884.0 TERWILLEGAR COMMON NW","assessed_value":289000},{"address":"18032.0 89 STREET NW","assessed_value":473500},{"address":"nan nan","assessed_value":8500},{"address":"1110.0 59A STREET SW","assessed_value":573000},{"address":"5815.0 12 AVENUE SW","assessed_value":572500},{"address":"1180.0 HYNDMAN ROAD NW","assessed_value":123500},{"address":"nan nan","assessed_value":11000},{"address":"nan nan","assessed_value":3000},{"address":"2325.0 SPARROW CRESCENT NW","assessed_value":559500},{"address":"5832.0 175 AVENUE NW","assessed_value":537000},{"address":"1626.0 63A STREET SW","assessed_value":475500},{"address":"11420.0 40 AVENUE NW","assessed_value":124500},{"address":"3518.0 16 STREET NW","assessed_value":368000},{"address":"nan nan","assessed_value":11000},{"address":"2866.0 CALGARY TRAIL NW","assessed_value":1951500},{"address":"4412.0 CRABAPPLE LANDING SW","assessed_value":621000},{"address":"10518.0 113 STREET NW","assessed_value":201500},{"address":"nan nan","assessed_value":11000},{"address":"11425.0 105 AVENUE NW","assessed_value":161000},{"address":"8979.0 24 AVENUE SW","assessed_value":804000},{"address":"1804.0 70 STREET SW","assessed_value":286000},{"address":"13825.0 155 AVENUE NW","assessed_value":250500},{"address":"9415.0 92 STREET NW","assessed_value":275000},{"address":"3111.0 WHITELAW DRIVE NW","assessed_value":400500},{"address":"2339.0 SPARROW CRESCENT NW","assessed_value":607500},{"address":"1585.0 GLASTONBURY BOULEVARD NW","assessed_value":218000},{"address":"nan nan","assessed_value":20000},{"address":"537.0 CHAPPELLE DRIVE SW","assessed_value":350000},{"address":"9615.0 SIMPSON PLACE NW","assessed_value":398500},{"address":"nan nan","assessed_value":9000},{"address":"8315.0 180 AVENUE NW","assessed_value":291000},{"address":"5118.0 168 AVENUE NW","assessed_value":391000},{"address":"15881.0 13 AVENUE SW","assessed_value":604500},{"address":"nan nan","assessed_value":11500},{"address":"20204.0 130 AVENUE NW","assessed_value":693500},{"address":"nan nan","assessed_value":7500},{"address":"4047.0 ALEXANDER WAY SW","assessed_value":535500},{"address":"396.0 SILVER BERRY ROAD NW","assessed_value":160500},{"address":"12252.0 167B AVENUE NW","assessed_value":570000},{"address":"nan nan","assessed_value":12000},{"address":"3014.0 ARTHURS CRESCENT SW","assessed_value":481500},{"address":"1013.0 59A STREET SW","assessed_value":447000},{"address":"nan nan","assessed_value":4500},{"address":"nan nan","assessed_value":11000},{"address":"9768.0 220 STREET NW","assessed_value":412500},{"address":"10510.0 56 AVENUE NW","assessed_value":317000},{"address":"9512.0 208 STREET NW","assessed_value":488500},{"address":"20026.0 128A AVENUE NW","assessed_value":644500},{"address":"16114.0 10 AVENUE SW","assessed_value":375000},{"address":"2920.0 CALGARY TRAIL NW","assessed_value":243000},{"address":"10152.0 104 STREET NW","assessed_value":193500},{"address":"6925.0 21A AVENUE SW","assessed_value":432000},{"address":"9908.0 84 AVENUE NW","assessed_value":309000},{"address":"nan nan","assessed_value":7500},{"address":"21204.0 96 AVENUE NW","assessed_value":408500},{"address":"10524.0 77 AVENUE NW","assessed_value":249500},{"address":"17528.0 13 AVENUE SW","assessed_value":418500},{"address":"18333.0 LESSARD ROAD NW","assessed_value":223000},{"address":"6832.0 CARDINAL LINK SW","assessed_value":468500},{"address":"10540.0 56 AVENUE NW","assessed_value":329000},{"address":"6845.0 CARDINAL LINK SW","assessed_value":373000},{"address":"nan nan","assessed_value":11000},{"address":"nan nan","assessed_value":500},{"address":"604.0 62 STREET SW","assessed_value":192000},{"address":"1733.0 63A STREET SW","assessed_value":494500},{"address":"13014.0 205 STREET NW","assessed_value":431500},{"address":"10530.0 56 AVENUE NW","assessed_value":260500},{"address":"935.0 WILDWOOD WAY NW","assessed_value":890500},{"address":"1520.0 CHAPMAN WAY SW","assessed_value":445000},{"address":"304.0 AMBLESIDE LINK SW","assessed_value":218500},{"address":"16811.0 53 STREET NW","assessed_value":386500},{"address":"2208.0 44 AVENUE NW","assessed_value":185000},{"address":"nan nan","assessed_value":4000},{"address":"2537.0 COLE CRESCENT SW","assessed_value":514500},{"address":"1431.0 CAREY WAY SW","assessed_value":513000},{"address":"396.0 SILVER BERRY ROAD NW","assessed_value":204000},{"address":"903.0 166 AVENUE NE","assessed_value":1403500},{"address":"4013.0 ALLAN CRESCENT SW","assessed_value":522000},{"address":"2642.0 WATCHER WAY SW","assessed_value":946000},{"address":"5109.0 1B AVENUE SW","assessed_value":620500},{"address":"5324.0 165 AVENUE NW","assessed_value":354000},{"address":"1660.0 HAMMOND CRESCENT NW","assessed_value":559500},{"address":"5421.0 BONAVENTURE AVENUE NW","assessed_value":668000},{"address":"2915.0 17 AVENUE NW","assessed_value":391500},{"address":"3265.0 CAMERON HEIGHTS WAY NW","assessed_value":13000},{"address":"nan nan","assessed_value":10500},{"address":"6070.0 SCHONSEE WAY NW","assessed_value":208000},{"address":"15204.0 106 AVENUE NW","assessed_value":399000},{"address":"1219.0 177 STREET SW","assessed_value":377500},{"address":"7928.0 18 AVENUE SW","assessed_value":672500},{"address":"2116.0 GLENRIDDING WAY SW","assessed_value":507500},{"address":"425.0 CHAPPELLE DRIVE SW","assessed_value":596000},{"address":"7807.0 22 AVENUE SW","assessed_value":486500},{"address":"2408.0 SPARROW CRESCENT NW","assessed_value":406000},{"address":"nan nan","assessed_value":14500},{"address":"840.0 156 STREET NW","assessed_value":181000},{"address":"10152.0 104 STREET NW","assessed_value":192500},{"address":"3314.0 18B AVENUE NW","assessed_value":516000},{"address":"11775.0 156 STREET NW","assessed_value":515000},{"address":"5155.0 1A AVENUE SW","assessed_value":452000},{"address":"4408.0 MCCRAE AVENUE NW","assessed_value":392000},{"address":"3059.0 ARTHURS CRESCENT SW","assessed_value":520500},{"address":"1180.0 HYNDMAN ROAD NW","assessed_value":149500},{"address":"nan nan","assessed_value":77000},{"address":"4089.0 WHISPERING RIVER DRIVE NW","assessed_value":1499000},{"address":"nan nan","assessed_value":10500},{"address":"407.0 SECORD BOULEVARD NW","assessed_value":345000},{"address":"4221.0 ALEXANDER BAY SW","assessed_value":574500},{"address":"nan nan","assessed_value":4500},{"address":"21225.0 94 AVENUE NW","assessed_value":376500},{"address":"5323.0 17 AVENUE SW","assessed_value":564000},{"address":"10740.0 110 STREET NW","assessed_value":87500},{"address":"6950.0 113 STREET NW","assessed_value":4753000},{"address":"2612.0 109 STREET NW","assessed_value":219500},{"address":"21321.0 94 AVENUE NW","assessed_value":374500},{"address":"22035.0 97 AVENUE NW","assessed_value":455000},{"address":"7559.0 MAY COMMON NW","assessed_value":2258000},{"address":"12712.0 122 STREET NW","assessed_value":337500},{"address":"723.0 ALBANY PLACE NW","assessed_value":814500},{"address":"213.0 51A STREET SW","assessed_value":399000},{"address":"9452.0 51 AVENUE NW","assessed_value":1301000},{"address":"308.0 AMBLESIDE LINK SW","assessed_value":214500},{"address":"4955.0 55 AVENUE NW","assessed_value":305500},{"address":"4805.0 WOOLSEY LANE NW","assessed_value":1364500},{"address":"nan nan","assessed_value":34000},{"address":"1585.0 GLASTONBURY BOULEVARD NW","assessed_value":213500},{"address":"7464.0 MAY COMMON NW","assessed_value":499000},{"address":"9908.0 221 STREET NW","assessed_value":472000},{"address":"nan nan","assessed_value":10500},{"address":"nan nan","assessed_value":4500},{"address":"nan nan","assessed_value":34000},{"address":"1139.0 HAYS DRIVE NW","assessed_value":556500},{"address":"17060.0 71 STREET NW","assessed_value":629500},{"address":"16012.0 10 AVENUE SW","assessed_value":416000},{"address":"12247.0 167B AVENUE NW","assessed_value":522000},{"address":"10152.0 104 STREET NW","assessed_value":289000},{"address":"16248.0 137 STREET NW","assessed_value":579500},{"address":"7014.0 21A AVENUE SW","assessed_value":379000},{"address":"20917.0 96A AVENUE NW","assessed_value":515500},{"address":"332.0 MAGRATH BOULEVARD NW","assessed_value":761500},{"address":"16903.0 54 STREET NW","assessed_value":572500},{"address":"nan nan","assessed_value":11000},{"address":"nan nan","assessed_value":4500},{"address":"10301.0 109 STREET NW","assessed_value":139000},{"address":"2007.0 118 STREET SW","assessed_value":374500},{"address":"5241.0 CHAPPELLE ROAD SW","assessed_value":357500},{"address":"2366.0 CASSELMAN CRESCENT SW","assessed_value":386500},{"address":"175.0 MCCONACHIE DRIVE NW","assessed_value":394500},{"address":"2728.0 WATCHER WAY SW","assessed_value":857000},{"address":"nan nan","assessed_value":5500},{"address":"1975.0 67 STREET SW","assessed_value":601500},{"address":"604.0 ALBANY WAY NW","assessed_value":681500},{"address":"1220.0 176 STREET SW","assessed_value":384000},{"address":"15303.0 142 STREET NW","assessed_value":562500},{"address":"8730.0 82 AVENUE NW","assessed_value":263500},{"address":"nan nan","assessed_value":34000},{"address":"16873.0 58A STREET NW","assessed_value":469500},{"address":"4123.0 MARTIN AVENUE NW","assessed_value":413500},{"address":"11420.0 60 AVENUE NW","assessed_value":34772500},{"address":"nan nan","assessed_value":9500},{"address":"3919.0 166 AVENUE NW","assessed_value":462500},{"address":"17931.0 110A STREET NW","assessed_value":764000},{"address":"2209.0 HAMMOND BAY NW","assessed_value":518000},{"address":"5819.0 MULLEN PLACE NW","assessed_value":532000},{"address":"1623.0 JAMES MOWATT TRAIL SW","assessed_value":285000},{"address":"3007.0 WATSON LANDING SW","assessed_value":1257500},{"address":"825.0 37A AVENUE NW","assessed_value":458500},{"address":"400.0 SILVER BERRY ROAD NW","assessed_value":212000},{"address":"nan nan","assessed_value":4500},{"address":"2809.0 WATCHER COURT SW","assessed_value":750500},{"address":"nan nan","assessed_value":11000},{"address":"3751.0 12 STREET NW","assessed_value":250000},{"address":"2584.0 ANDERSON WAY SW","assessed_value":145000},{"address":"5173.0 TERWILLEGAR BOULEVARD NW","assessed_value":286500},{"address":"nan nan","assessed_value":11000},{"address":"13418.0 166 AVENUE NW","assessed_value":385500},{"address":"11517.0 ELLERSLIE ROAD SW","assessed_value":200000},{"address":"nan nan","assessed_value":11000},{"address":"10550.0 ELLERSLIE ROAD SW","assessed_value":1318000},{"address":"465.0 HEMINGWAY ROAD NW","assessed_value":282500},{"address":"392.0 SILVER BERRY ROAD NW","assessed_value":214000},{"address":"984.0 175 STREET SW","assessed_value":590000},{"address":"4518.0 118 AVENUE NW","assessed_value":94000},{"address":"5113.0 168A AVENUE NW","assessed_value":386500},{"address":"4012.0 WESTCLIFF PLACE SW","assessed_value":1407500},{"address":"1479.0 WATES LINK SW","assessed_value":625500},{"address":"5479.0 SCHONSEE DRIVE NW","assessed_value":880500},{"address":"3811.0 CLAXTON CLOSE SW","assessed_value":580000},{"address":"1530.0 WATES PLACE SW","assessed_value":580000},{"address":"11511.0 27 AVENUE NW","assessed_value":185500},{"address":"1251.0 ADAMSON DRIVE SW","assessed_value":966500},{"address":"7825.0 71 STREET NW","assessed_value":141500},{"address":"1727.0 28 STREET NW","assessed_value":486500},{"address":"nan nan","assessed_value":11000},{"address":"4450.0 MCCRAE AVENUE NW","assessed_value":205000},{"address":"565.0 ALLARD BOULEVARD SW","assessed_value":470500},{"address":"3095.0 ARTHURS CRESCENT SW","assessed_value":483000},{"address":"nan nan","assessed_value":10500},{"address":"4512.0 118 AVENUE NW","assessed_value":151000},{"address":"nan nan","assessed_value":9000},{"address":"4630.0 MEAD PLACE NW","assessed_value":739000},{"address":"1150.0 WINDERMERE WAY SW","assessed_value":337000},{"address":"nan nan","assessed_value":4500},{"address":"14043.0 161 AVENUE NW","assessed_value":573500},{"address":"1504.0 56 STREET SW","assessed_value":601000},{"address":"1417.0 CHAHLEY PLACE NW","assessed_value":654000},{"address":"3364.0 17B AVENUE NW","assessed_value":499500},{"address":"2815.0 34 AVENUE NW","assessed_value":400500},{"address":"2612.0 109 STREET NW","assessed_value":278500},{"address":"6075.0 SCHONSEE WAY NW","assessed_value":281000},{"address":"12415.0 171 AVENUE NW","assessed_value":516500},{"address":"nan nan","assessed_value":3000},{"address":"nan nan","assessed_value":7500},{"address":"1623.0 TOWNE CENTRE BOULEVARD NW","assessed_value":267500},{"address":"4639.0 CRABAPPLE RUN SW","assessed_value":478000},{"address":"1518.0 CUNNINGHAM CAPE SW","assessed_value":588500},{"address":"nan nan","assessed_value":10500},{"address":"574.0 MCDONOUGH WAY NW","assessed_value":590000},{"address":"4709.0 CRABAPPLE RUN SW","assessed_value":430000},{"address":"12136.0 172 AVENUE NW","assessed_value":555000},{"address":"7825.0 71 STREET","assessed_value":235500},{"address":"3528.0 CLAXTON CRESCENT SW","assessed_value":676000},{"address":"7098.0 SOUTH TERWILLEGAR DRIVE NW","assessed_value":337500},{"address":"9844.0 220 STREET NW","assessed_value":466500},{"address":"1103.0 177 STREET SW","assessed_value":380500},{"address":"4627.0 CRABAPPLE RUN SW","assessed_value":432000},{"address":"1661.0 RUTHERFORD ROAD SW","assessed_value":609000},{"address":"6124.0 17 AVENUE SW","assessed_value":438500},{"address":"360.0 SECORD BOULEVARD NW","assessed_value":345500},{"address":"16263.0 135 STREET NW","assessed_value":525000},{"address":"11511.0 27 AVENUE NW","assessed_value":202000},{"address":"7003.0 22 AVENUE SW","assessed_value":463000},{"address":"nan nan","assessed_value":7500},{"address":"432.0 WATT BOULEVARD SW","assessed_value":423500},{"address":"10530.0 56 AVENUE NW","assessed_value":235500},{"address":"9633.0 SIMPSON PLACE NW","assessed_value":419500},{"address":"nan nan","assessed_value":9500},{"address":"6075.0 SCHONSEE WAY NW","assessed_value":273000},{"address":"182.0 FRASER WAY NW","assessed_value":962000},{"address":"9224.0 181 AVENUE NW","assessed_value":787500},{"address":"nan nan","assessed_value":10500},{"address":"2597.0 COLE CRESCENT SW","assessed_value":485000},{"address":"3244.0 17B AVENUE NW","assessed_value":544500},{"address":"5159.0 TERWILLEGAR BOULEVARD NW","assessed_value":286500},{"address":"11536.0 16 AVENUE SW","assessed_value":668000},{"address":"12029.0 167A AVENUE NW","assessed_value":353500},{"address":"nan nan","assessed_value":12000},{"address":"1219.0 SECORD LANDING NW","assessed_value":496500},{"address":"2035.0 GRANTHAM COURT NW","assessed_value":188000},{"address":"9202.0 90 STREET NW","assessed_value":585500},{"address":"655.0 WATT BOULEVARD SW","assessed_value":292500},{"address":"10142.0 111 STREET NW","assessed_value":294000},{"address":"7907.0 109 STREET NW","assessed_value":239000},{"address":"9538.0 207A STREET NW","assessed_value":516500},{"address":"6083.0 MAYNARD WAY NW","assessed_value":256000},{"address":"4708.0 MACTAGGART PLACE NW","assessed_value":704000},{"address":"840.0 156 STREET NW","assessed_value":220500},{"address":"6045.0 SCHONSEE WAY NW","assessed_value":147000},{"address":"1623.0 TOWNE CENTRE BOULEVARD NW","assessed_value":289000},{"address":"nan nan","assessed_value":7500},{"address":"5934.0 MULLEN WAY NW","assessed_value":343000},{"address":"4020.0 ALLAN CRESCENT SW","assessed_value":511500},{"address":"9488.0 51 AVENUE NW","assessed_value":275500},{"address":"3017.0 17A AVENUE NW","assessed_value":427500},{"address":"610.0 CANTOR LANDING SW","assessed_value":669500},{"address":"7293.0 SOUTH TERWILLEGAR DRIVE NW","assessed_value":302000},{"address":"1681.0 33A STREET NW","assessed_value":616000},{"address":"1550.0 CUNNINGHAM CAPE SW","assessed_value":649000},{"address":"9618.0 207A STREET NW","assessed_value":495500},{"address":"12703.0 68 STREET NW","assessed_value":203000},{"address":"nan nan","assessed_value":20000},{"address":"nan nan","assessed_value":20000},{"address":"2606.0 109 STREET NW","assessed_value":279000},{"address":"nan nan","assessed_value":14500},{"address":"11511.0 27 AVENUE NW","assessed_value":200500},{"address":"4210.0 ALLAN LINK SW","assessed_value":469500},{"address":"20038.0 131 AVENUE NW","assessed_value":430500},{"address":"396.0 SILVER BERRY ROAD NW","assessed_value":188000},{"address":"4014.0 ALEXANDER WAY SW","assessed_value":457000},{"address":"7474.0 MAY COMMON NW","assessed_value":475500},{"address":"nan nan","assessed_value":14500},{"address":"1440.0 CAREY WAY SW","assessed_value":582500},{"address":"465.0 HEMINGWAY ROAD NW","assessed_value":290500},{"address":"5418.0 167A AVENUE NW","assessed_value":599500},{"address":"16352.0 41 STREET NW","assessed_value":510500},{"address":"3713.0 ALEXANDER CRESCENT SW","assessed_value":697500},{"address":"15151.0 43 STREET NW","assessed_value":308000},{"address":"149.0 HAWKS RIDGE BOULEVARD NW","assessed_value":392000},{"address":"15912.0 10 AVENUE SW","assessed_value":399500},{"address":"5408.0 6 AVENUE SW","assessed_value":623000},{"address":"297.0 MCCONACHIE DRIVE NW","assessed_value":440500},{"address":"16231.0 138 STREET NW","assessed_value":630000},{"address":"nan nan","assessed_value":5500},{"address":"7723.0 GETTY WYND NW","assessed_value":527000},{"address":"1717.0 CUNNINGHAM WAY SW","assessed_value":424500},{"address":"8984.0 24 AVENUE SW","assessed_value":807500},{"address":"2920.0 CALGARY TRAIL NW","assessed_value":517000},{"address":"1718.0 CHAPMAN WAY SW","assessed_value":408000},{"address":"4466.0 CRABAPPLE LANDING SW","assessed_value":600000},{"address":"5110.0 WOOLSEY LINK NW","assessed_value":1665000},{"address":"17525.0 12 AVENUE SW","assessed_value":475000},{"address":"1623.0 JAMES MOWATT TRAIL SW","assessed_value":162000},{"address":"17323.0 6 AVENUE SW","assessed_value":450000},{"address":"1168.0 MCCONACHIE BOULEVARD NW","assessed_value":469500},{"address":"16110.0 137A STREET NW","assessed_value":472000},{"address":"8135.0 102 STREET NW","assessed_value":8021000},{"address":"1144.0 HAYS DRIVE NW","assessed_value":507000},{"address":"17312.0 11 AVENUE SW","assessed_value":578500},{"address":"3614.0 GOODRIDGE CRESCENT NW","assessed_value":584000},{"address":"13835.0 155 AVENUE NW","assessed_value":176500},{"address":"3320.0 ABBOTT CRESCENT SW","assessed_value":556000},{"address":"4504.0 53 AVENUE NW","assessed_value":3165000},{"address":"6083.0 MAYNARD WAY NW","assessed_value":244000},{"address":"1879.0 32 STREET NW","assessed_value":473000},{"address":"nan nan","assessed_value":11000},{"address":"289.0 GRIESBACH ROAD NW","assessed_value":537000},{"address":"1624.0 57 STREET SW","assessed_value":454000},{"address":"1508.0 CUNNINGHAM CAPE SW","assessed_value":598000},{"address":"7522.0 MAY COMMON NW","assessed_value":1428000},{"address":"304.0 AMBLESIDE LINK SW","assessed_value":206500},{"address":"3933.0 GALLINGER LOOP NW","assessed_value":445000},{"address":"nan nan","assessed_value":7500},{"address":"604.0 TAMARACK ROAD NW","assessed_value":453000},{"address":"3620.0 16 STREET NW","assessed_value":594000},{"address":"nan nan","assessed_value":34000},{"address":"4086.0 WHISPERING RIVER DRIVE NW","assessed_value":1023500},{"address":"2584.0 ANDERSON WAY SW","assessed_value":145500},{"address":"21422.0 94A AVENUE NW","assessed_value":460500},{"address":"1150.0 WINDERMERE WAY SW","assessed_value":286000},{"address":"nan nan","assessed_value":11000},{"address":"4412.0 ROPER ROAD NW","assessed_value":4614000},{"address":"10142.0 111 STREET NW","assessed_value":270500},{"address":"nan nan","assessed_value":11000},{"address":"11511.0 27 AVENUE NW","assessed_value":132000},{"address":"2115.0 77 STREET SW","assessed_value":550500},{"address":"13415.0 149 STREET NW","assessed_value":4205000},{"address":"9524.0 205 STREET NW","assessed_value":980500},{"address":"392.0 SILVER BERRY ROAD NW","assessed_value":150000},{"address":"nan nan","assessed_value":5500},{"address":"7825.0 71 STREET NW","assessed_value":188000},{"address":"10152.0 104 STREET NW","assessed_value":289500},{"address":"nan nan","assessed_value":8500},{"address":"21904.0 97 AVENUE NW","assessed_value":502000},{"address":"1050.0 SECORD PROMENADE NW","assessed_value":244500},{"address":"20818.0 96A AVENUE NW","assessed_value":561000},{"address":"17316.0 106A AVENUE NW","assessed_value":414000},{"address":"9820.0 165 STREET NW","assessed_value":224000},{"address":"3813.0 GALLINGER LOOP NW","assessed_value":754500},{"address":"1552.0 36 AVENUE NW","assessed_value":577000},{"address":"10530.0 56 AVENUE NW","assessed_value":211500},{"address":"5144.0 4 AVENUE SW","assessed_value":468500},{"address":"4208.0 WESTCLIFF COURT SW","assessed_value":1396000},{"address":"16539.0 135 STREET NW","assessed_value":484500},{"address":"13052.0 164 AVENUE NW","assessed_value":569500},{"address":"10152.0 104 STREET NW","assessed_value":349000},{"address":"6083.0 MAYNARD WAY NW","assessed_value":299500},{"address":"4122.0 CHARLES LINK SW","assessed_value":609000},{"address":"1826.0 RUTHERFORD ROAD SW","assessed_value":368000},{"address":"235.0 78 STREET SW","assessed_value":885500},{"address":"3811.0 AGAR GREEN SW","assessed_value":563000},{"address":"8716.0 179 AVENUE NW","assessed_value":239000},{"address":"6083.0 MAYNARD WAY NW","assessed_value":320000},{"address":"18523.0 127 STREET NW","assessed_value":318500},{"address":"5908.0 MULLEN WAY NW","assessed_value":327000},{"address":"3117.0 WINSPEAR CRESCENT SW","assessed_value":673000},{"address":"5919.0 18 AVENUE SW","assessed_value":480000},{"address":"8730.0 82 AVENUE NW","assessed_value":236000},{"address":"616.0 176 STREET SW","assessed_value":665000},{"address":"3963.0 CLAXTON LOOP SW","assessed_value":609000},{"address":"11522.0 16A AVENUE SW","assessed_value":576000},{"address":"nan nan","assessed_value":8500},{"address":"304.0 AMBLESIDE LINK SW","assessed_value":219500},{"address":"21307.0 95 AVENUE NW","assessed_value":413500},{"address":"231.0 WINDERMERE DRIVE NW","assessed_value":1950500},{"address":"nan nan","assessed_value":14500},{"address":"1623.0 JAMES MOWATT TRAIL SW","assessed_value":260500},{"address":"7825.0 71 STREET NW","assessed_value":223500},{"address":"4189.0 ORCHARDS DRIVE SW","assessed_value":470500},{"address":"1180.0 HYNDMAN ROAD NW","assessed_value":110000},{"address":"5420.0 17 AVENUE SW","assessed_value":582500},{"address":"8525.0 107 STREET NW","assessed_value":83000},{"address":"9624.0 206 STREET NW","assessed_value":632500},{"address":"nan nan","assessed_value":10500},{"address":"3820.0 AGAR GREEN SW","assessed_value":632500},{"address":"183.0 HAWKS RIDGE BOULEVARD NW","assessed_value":412000},{"address":"153.0 51 STREET SW","assessed_value":388500},{"address":"1641.0 JAMES MOWATT TRAIL SW","assessed_value":505500},{"address":"nan nan","assessed_value":7500},{"address":"2469.0 BOWEN WYND SW","assessed_value":757500},{"address":"nan nan","assessed_value":20000},{"address":"20729.0 96A AVENUE NW","assessed_value":500000},{"address":"1842.0 33B STREET NW","assessed_value":583500},{"address":"nan nan","assessed_value":9500},{"address":"17132.0 125 STREET NW","assessed_value":390000},{"address":"5937.0 175A AVENUE NW","assessed_value":432000},{"address":"6017.0 SCHONSEE WAY NW","assessed_value":798500},{"address":"7907.0 109 STREET NW","assessed_value":259500},{"address":"11505.0 ELLERSLIE ROAD SW","assessed_value":166000},{"address":"nan nan","assessed_value":20000},{"address":"nan nan","assessed_value":15500},{"address":"16822.0 53 STREET NW","assessed_value":380500},{"address":"17455.0 107 STREET NW","assessed_value":1256000},{"address":"9231.0 213 STREET NW","assessed_value":334500},{"address":"1717.0 HAMMOND CRESCENT NW","assessed_value":377500},{"address":"11425.0 105 AVENUE NW","assessed_value":156500},{"address":"13835.0 155 AVENUE NW","assessed_value":172500},{"address":"223.0 53 STREET SW","assessed_value":544500},{"address":"nan nan","assessed_value":20000},{"address":"4409.0 WINGFIELD CAPE NW","assessed_value":1204000},{"address":"1915.0 33 STREET NW","assessed_value":533000},{"address":"nan nan","assessed_value":15500},{"address":"17708.0 6 AVENUE SW","assessed_value":452000},{"address":"2776.0 WHEATON DRIVE NW","assessed_value":1680000},{"address":"1604.0 63 STREET SW","assessed_value":559500},{"address":"1712.0 59 STREET SW","assessed_value":552500},{"address":"3681.0 GOODRIDGE CRESCENT NW","assessed_value":657500},{"address":"8117.0 114 AVENUE NW","assessed_value":122000},{"address":"15859.0 11 AVENUE SW","assessed_value":655000},{"address":"17560.0 58 STREET NW","assessed_value":460000},{"address":"4109.0 CHARLES LINK SW","assessed_value":487500},{"address":"11124.0 122 STREET NW","assessed_value":382500},{"address":"nan nan","assessed_value":5500},{"address":"3503.0 15A STREET NW","assessed_value":439500},{"address":"7209.0 GETTY CLOSE NW","assessed_value":632500},{"address":"4050.0 MORRISON WAY NW","assessed_value":534500},{"address":"11518.0 76 AVENUE NW","assessed_value":455000},{"address":"nan nan","assessed_value":9500},{"address":"3546.0 CLAXTON CRESCENT SW","assessed_value":661000},{"address":"5133.0 1B AVENUE SW","assessed_value":628000},{"address":"472.0 HEMINGWAY ROAD NW","assessed_value":293500},{"address":"17003.0 71 STREET NW","assessed_value":652500},{"address":"nan nan","assessed_value":11000},{"address":"1657.0 HAMMOND CRESCENT NW","assessed_value":409000},{"address":"nan nan","assessed_value":10500},{"address":"5720.0 7 AVENUE SW","assessed_value":656000},{"address":"5120.0 164 AVENUE NW","assessed_value":340000},{"address":"1585.0 GLASTONBURY BOULEVARD NW","assessed_value":262500},{"address":"1085.0 MCCONACHIE BOULEVARD NW","assessed_value":441000},{"address":"4152.0 SAVARYN DRIVE SW","assessed_value":688000},{"address":"7716.0 SUMMERSIDE GRANDE BOULEVARD SW","assessed_value":506500},{"address":"nan nan","assessed_value":11000},{"address":"1075.0 CONNELLY WAY SW","assessed_value":699000},{"address":"nan nan","assessed_value":7500},{"address":"21424.0 94 AVENUE NW","assessed_value":435500},{"address":"11425.0 105 AVENUE NW","assessed_value":196000},{"address":"nan nan","assessed_value":9500},{"address":"9427.0 208 STREET NW","assessed_value":469000},{"address":"9740.0 220 STREET NW","assessed_value":505000},{"address":"2140.0 90 STREET SW","assessed_value":840500},{"address":"6083.0 MAYNARD WAY NW","assessed_value":378500},{"address":"1720.0 59 STREET SW","assessed_value":527500},{"address":"2208.0 44 AVENUE NW","assessed_value":148500},{"address":"1585.0 GLASTONBURY BOULEVARD NW","assessed_value":238500},{"address":"1017.0 COOPERS HAWK LINK NW","assessed_value":568500},{"address":"11525.0 16A AVENUE SW","assessed_value":490000},{"address":"18333.0 LESSARD ROAD NW","assessed_value":129500},{"address":"1212.0 HAYS DRIVE NW","assessed_value":521000},{"address":"3511.0 15A STREET NW","assessed_value":425000},{"address":"nan nan","assessed_value":9000},{"address":"nan nan","assessed_value":11500},{"address":"1804.0 70 STREET SW","assessed_value":292000},{"address":"nan nan","assessed_value":7500},{"address":"11511.0 27 AVENUE NW","assessed_value":166500},{"address":"4103.0 123 AVENUE NW","assessed_value":193000},{"address":"nan nan","assessed_value":7500},{"address":"4950.0 TERWILLEGAR COMMON NW","assessed_value":294500},{"address":"9224.0 92 STREET NW","assessed_value":616500},{"address":"21272.0 96 AVENUE NW","assessed_value":671500},{"address":"17536.0 110 STREET NW","assessed_value":605500},{"address":"18343.0 LESSARD ROAD NW","assessed_value":692000},{"address":"18230.0 104A STREET NW","assessed_value":342000},{"address":"1631.0 WATES CLOSE SW","assessed_value":604500},{"address":"3719.0 WHITELAW LANE NW","assessed_value":184500},{"address":"14604.0 125 STREET NW","assessed_value":170000},{"address":"13007.0 200 STREET NW","assessed_value":493500},{"address":"627.0 ALBANY WAY NW","assessed_value":500000},{"address":"20719.0 96 AVENUE NW","assessed_value":549000},{"address":"517.0 MCDONOUGH WAY NW","assessed_value":556500},{"address":"20838.0 96A AVENUE NW","assessed_value":568000},{"address":"nan nan","assessed_value":10500},{"address":"16005.0 10 AVENUE SW","assessed_value":438500},{"address":"11715.0 17 AVENUE SW","assessed_value":403000},{"address":"8515.0 19 AVENUE SW","assessed_value":663000},{"address":"1795.0 28 STREET NW","assessed_value":392000},{"address":"392.0 SILVER BERRY ROAD NW","assessed_value":159500},{"address":"807.0 NORTHERN HARRIER LANE NW","assessed_value":643000},{"address":"465.0 HEMINGWAY ROAD NW","assessed_value":285500},{"address":"11511.0 27 AVENUE NW","assessed_value":196000},{"address":"2921.0 18A AVENUE NW","assessed_value":400000},{"address":"2005.0 70 STREET SW","assessed_value":302500},{"address":"nan nan","assessed_value":10500},{"address":"7827.0 22 AVENUE SW","assessed_value":467500},{"address":"16732.0 53 STREET NW","assessed_value":385000},{"address":"16303.0 130 STREET NW","assessed_value":1340000},{"address":"1585.0 GLASTONBURY BOULEVARD NW","assessed_value":217500},{"address":"nan nan","assessed_value":11500},{"address":"13707.0 165 AVENUE NW","assessed_value":482000},{"address":"7815.0 SUMMERSIDE GRANDE BOULEVARD SW","assessed_value":631000},{"address":"1546.0 CUNNINGHAM CAPE SW","assessed_value":614000},{"address":"304.0 AMBLESIDE LINK SW","assessed_value":210000},{"address":"2783.0 WHEATON DRIVE NW","assessed_value":366000},{"address":"715.0 176 STREET SW","assessed_value":387500},{"address":"4044.0 ALEXANDER WAY SW","assessed_value":505500},{"address":"nan nan","assessed_value":500},{"address":"308.0 AMBLESIDE LINK SW","assessed_value":199500},{"address":"2115.0 CAMERON RAVINE PLACE NW","assessed_value":848500},{"address":"9619.0 79 AVENUE NW","assessed_value":525500},{"address":"nan nan","assessed_value":4500},{"address":"47.0 WINDERMERE DRIVE SW","assessed_value":1632000},{"address":"2220.0 76 STREET SW","assessed_value":577500},{"address":"nan nan","assessed_value":9000},{"address":"3744.0 ALEXANDER CRESCENT SW","assessed_value":403000},{"address":"nan nan","assessed_value":15500},{"address":"709.0 ALBANY PLACE NW","assessed_value":544000},{"address":"1536.0 CHAPMAN WAY SW","assessed_value":452500},{"address":"10784.0 180 STREET NW","assessed_value":337500},{"address":"6070.0 SCHONSEE WAY NW","assessed_value":172000},{"address":"7558.0 MAY COMMON NW","assessed_value":1153000},{"address":"16428.0 138 STREET NW","assessed_value":468000},{"address":"679.0 ALBANY WAY NW","assessed_value":315500},{"address":"3719.0 WHITELAW LANE NW","assessed_value":140000},{"address":"551.0 171 STREET SW","assessed_value":451500},{"address":"nan nan","assessed_value":14500},{"address":"1823.0 RUTHERFORD ROAD SW","assessed_value":450500},{"address":"nan nan","assessed_value":4000},{"address":"2204.0 44 AVENUE NW","assessed_value":182500},{"address":"10388.0 105 STREET NW","assessed_value":271500},{"address":"622.0 174 STREET SW","assessed_value":373500},{"address":"nan nan","assessed_value":11000},{"address":"3640.0 16 STREET NW","assessed_value":595500},{"address":"21032.0 96 AVENUE NW","assessed_value":463500},{"address":"2606.0 109 STREET NW","assessed_value":271000},{"address":"396.0 SILVER BERRY ROAD NW","assessed_value":195000},{"address":"2005.0 REDTAIL COMMON NW","assessed_value":491000},{"address":"2090.0 REDTAIL COMMON NW","assessed_value":616000},{"address":"167.0 52 STREET SW","assessed_value":589000},{"address":"10152.0 104 STREET NW","assessed_value":682500},{"address":"3356.0 18B AVENUE NW","assessed_value":514000},{"address":"14020.0 161 AVENUE NW","assessed_value":540000},{"address":"6075.0 SCHONSEE WAY NW","assessed_value":281000},{"address":"21308.0 95 AVENUE NW","assessed_value":422500},{"address":"5509.0 SCHONSEE DRIVE NW","assessed_value":510000},{"address":"1003.0 WATT PROMENADE SW","assessed_value":490500},{"address":"2584.0 ANDERSON WAY SW","assessed_value":220000},{"address":"18333.0 LESSARD ROAD NW","assessed_value":129500},{"address":"9923.0 221 STREET NW","assessed_value":457500},{"address":"1716.0 61 STREET SW","assessed_value":472500},{"address":"10518.0 113 STREET NW","assessed_value":273500},{"address":"2405.0 SPARROW CRESCENT NW","assessed_value":422000},{"address":"nan nan","assessed_value":34000},{"address":"9856.0 220 STREET NW","assessed_value":495500},{"address":"2507.0 COLE CRESCENT SW","assessed_value":462000},{"address":"nan nan","assessed_value":369000},{"address":"400.0 SILVER BERRY ROAD NW","assessed_value":192500},{"address":"1820.0 53 STREET SW","assessed_value":20000},{"address":"1708.0 CHAPMAN WAY SW","assessed_value":377000},{"address":"1911.0 32 STREET NW","assessed_value":456500},{"address":"4110.0 ALLAN CRESCENT SW","assessed_value":443500},{"address":"10142.0 111 STREET NW","assessed_value":258000},{"address":"1965.0 118 STREET SW","assessed_value":376000},{"address":"2005.0 70 STREET SW","assessed_value":302500},{"address":"11617.0 16A AVENUE SW","assessed_value":566000},{"address":"5340.0 18 AVENUE SW","assessed_value":582500},{"address":"16908.0 54 STREET NW","assessed_value":538000},{"address":"nan nan","assessed_value":11000},{"address":"9820.0 165 STREET NW","assessed_value":201000},{"address":"7214.0 22 AVENUE SW","assessed_value":369500},{"address":"2079.0 TRUMPETER WAY NW","assessed_value":386000},{"address":"18230.0 104A STREET NW","assessed_value":353500},{"address":"16704.0 59 STREET NW","assessed_value":606000},{"address":"nan nan","assessed_value":11000},{"address":"3613.0 GOODRIDGE CRESCENT NW","assessed_value":644000},{"address":"8532.0 76 AVENUE NW","assessed_value":464000},{"address":"13436.0 166 AVENUE NW","assessed_value":390500},{"address":"545.0 ALBANY WAY NW","assessed_value":663500},{"address":"2054.0 69A STREET SW","assessed_value":422000},{"address":"nan nan","assessed_value":5500},{"address":"nan nan","assessed_value":7500},{"address":"15906.0 10 AVENUE SW","assessed_value":374000},{"address":"9507.0 205 STREET NW","assessed_value":832000},{"address":"11038.0 174A AVENUE NW","assessed_value":554000},{"address":"3244.0 CAMERON HEIGHTS WAY NW","assessed_value":84000},{"address":"716.0 176 STREET SW","assessed_value":365500},{"address":"nan nan","assessed_value":10500},{"address":"nan nan","assessed_value":5500},{"address":"9351.0 SIMPSON DRIVE NW","assessed_value":172500},{"address":"nan nan","assessed_value":34000},{"address":"4028.0 MORRISON WAY NW","assessed_value":479500},{"address":"1442.0 HAYS WAY NW","assessed_value":728500},{"address":"nan nan","assessed_value":5500},{"address":"2756.0 WATCHER WAY SW","assessed_value":659500},{"address":"10142.0 111 STREET NW","assessed_value":314000},{"address":"4120.0 ALEXANDER WAY SW","assessed_value":460000},{"address":"2584.0 ANDERSON WAY SW","assessed_value":213000},{"address":"1032.0 COOPERS HAWK LINK NW","assessed_value":494000},{"address":"3673.0 ATKINSON LOOP SW","assessed_value":659000},{"address":"13835.0 155 AVENUE NW","assessed_value":179000},{"address":"3715.0 WHITELAW LANE NW","assessed_value":194000},{"address":"1019.0 174 STREET SW","assessed_value":702500},{"address":"10518.0 113 STREET NW","assessed_value":210500},{"address":"5260.0 TERWILLEGAR BOULEVARD NW","assessed_value":296500},{"address":"4121.0 MARTIN AVENUE NW","assessed_value":420000},{"address":"5140.0 2 AVENUE SW","assessed_value":653000},{"address":"nan nan","assessed_value":7500},{"address":"16364.0 41 STREET NW","assessed_value":489500},{"address":"14604.0 125 STREET NW","assessed_value":176000},{"address":"6083.0 MAYNARD WAY NW","assessed_value":225500},{"address":"10142.0 111 STREET NW","assessed_value":281500},{"address":"3821.0 WHITELAW PLACE NW","assessed_value":390000},{"address":"nan nan","assessed_value":11000},{"address":"6835.0 SPEAKER VISTA NW","assessed_value":341500},{"address":"12817.0 123A STREET NW","assessed_value":421000},{"address":"22119.0 95 AVENUE NW","assessed_value":505000},{"address":"17710.0 10 AVENUE SW","assessed_value":428000},{"address":"1448.0 CHAHLEY PLACE NW","assessed_value":619000},{"address":"2818.0 17A AVENUE NW","assessed_value":530000},{"address":"4443.0 CRABAPPLE LANDING SW","assessed_value":583500},{"address":"1706.0 CUNNINGHAM WAY SW","assessed_value":421000},{"address":"5467.0 SCHONSEE DRIVE NW","assessed_value":841500},{"address":"400.0 SILVER BERRY ROAD NW","assessed_value":206000},{"address":"7740.0 81 AVENUE NW","assessed_value":478000},{"address":"625.0 56 STREET SW","assessed_value":448000},{"address":"4633.0 MEAD PLACE NW","assessed_value":748500},{"address":"6905.0 21A AVENUE SW","assessed_value":360500},{"address":"1122.0 176 STREET SW","assessed_value":385500},{"address":"4220.0 ALLAN LINK SW","assessed_value":440500},{"address":"nan nan","assessed_value":14500},{"address":"9024.0 181 AVENUE NW","assessed_value":679500},{"address":"912.0 WILDWOOD WAY NW","assessed_value":944500},{"address":"20746.0 96A AVENUE NW","assessed_value":550000},{"address":"3622.0 9 STREET NW","assessed_value":384000},{"address":"1541.0 36B AVENUE NW","assessed_value":556500},{"address":"621.0 ALLARD BOULEVARD SW","assessed_value":474000},{"address":"17106.0 125 STREET NW","assessed_value":387000},{"address":"5704.0 175 AVENUE NW","assessed_value":524500},{"address":"1345.0 167 AVENUE NE","assessed_value":17000},{"address":"2204.0 44 AVENUE NW","assessed_value":202000},{"address":"4105.0 ORCHARDS DRIVE SW","assessed_value":373500},{"address":"8515.0 18 AVENUE SW","assessed_value":641500},{"address":"5707.0 3 AVENUE SW","assessed_value":109000},{"address":"nan nan","assessed_value":9500},{"address":"1671.0 CHAPMAN WAY SW","assessed_value":414500},{"address":"5615.0 175 AVENUE NW","assessed_value":682500},{"address":"17505.0 107A STREET NW","assessed_value":913000},{"address":"1680.0 CHAPMAN WAY SW","assessed_value":411000},{"address":"304.0 AMBLESIDE LINK SW","assessed_value":234000},{"address":"603.0 WATT BOULEVARD SW","assessed_value":283000},{"address":"9728.0 221 STREET NW","assessed_value":468500},{"address":"2106.0 CAMERON RAVINE PLACE NW","assessed_value":1393500},{"address":"1418.0 CHAHLEY PLACE NW","assessed_value":634000},{"address":"nan nan","assessed_value":4500},{"address":"5114.0 168A AVENUE NW","assessed_value":408000},{"address":"106.0 53 STREET SW","assessed_value":436500},{"address":"nan nan","assessed_value":4500},{"address":"6083.0 MAYNARD WAY NW","assessed_value":287000},{"address":"13835.0 155 AVENUE NW","assessed_value":144000},{"address":"2310.0 SPARROW CRESCENT NW","assessed_value":516500},{"address":"nan nan","assessed_value":11000},{"address":"2051.0 TOWNE CENTRE BOULEVARD NW","assessed_value":339500},{"address":"3751.0 12 STREET NW","assessed_value":250000},{"address":"10520.0 56 AVENUE NW","assessed_value":265500},{"address":"6026.0 SCHONSEE WAY NW","assessed_value":527000},{"address":"1106.0 175 STREET SW","assessed_value":337000},{"address":"nan nan","assessed_value":8500},{"address":"17067.0 71 STREET NW","assessed_value":592000},{"address":"4206.0 WESTCLIFF COURT SW","assessed_value":1346500},{"address":"nan nan","assessed_value":4500},{"address":"2811.0 20 AVENUE NW","assessed_value":453000},{"address":"4746.0 WOOLSEY COMMON NW","assessed_value":1236000},{"address":"298.0 GRIESBACH ROAD NW","assessed_value":169000},{"address":"5134.0 MULLEN ROAD NW","assessed_value":324500},{"address":"1820.0 34 AVENUE NW","assessed_value":274500},{"address":"nan nan","assessed_value":14500},{"address":"10388.0 105 STREET NW","assessed_value":359000},{"address":"3543.0 CLAXTON CRESCENT SW","assessed_value":786500},{"address":"172.0 FRASER WAY NW","assessed_value":1294500},{"address":"4450.0 MCCRAE AVENUE NW","assessed_value":266500},{"address":"4436.0 204 STREET NW","assessed_value":776500},{"address":"1804.0 70 STREET SW","assessed_value":293000},{"address":"12204.0 172 AVENUE NW","assessed_value":534500},{"address":"1942.0 CHAPMAN ROAD SW","assessed_value":509000},{"address":"nan nan","assessed_value":7500},{"address":"1150.0 WINDERMERE WAY SW","assessed_value":345500},{"address":"3012.0 WATSON LANDING SW","assessed_value":1511000},{"address":"4096.0 WHISPERING RIVER DRIVE NW","assessed_value":1985500},{"address":"840.0 156 STREET NW","assessed_value":213500},{"address":"6075.0 SCHONSEE WAY NW","assessed_value":284000},{"address":"365.0 SECORD BOULEVARD NW","assessed_value":375000},{"address":"nan nan","assessed_value":7500},{"address":"4517.0 MEAD COURT NW","assessed_value":1185000},{"address":"5012.0 DEWOLF ROAD NW","assessed_value":511500},{"address":"6811.0 CARDINAL LINK SW","assessed_value":388500},{"address":"17117.0 120 STREET NW","assessed_value":389000},{"address":"2584.0 ANDERSON WAY SW","assessed_value":144000},{"address":"10388.0 105 STREET NW","assessed_value":681000},{"address":"4704.0 CRABAPPLE RUN SW","assessed_value":420000},{"address":"7530.0 MAY COMMON NW","assessed_value":1177000},{"address":"4663.0 CRABAPPLE RUN SW","assessed_value":420500},{"address":"11731.0 93 STREET NW","assessed_value":121500},{"address":"2612.0 109 STREET NW","assessed_value":233000},{"address":"9711.0 221 STREET NW","assessed_value":480000},{"address":"18333.0 LESSARD ROAD NW","assessed_value":186000},{"address":"18230.0 104A STREET NW","assessed_value":317000},{"address":"1213.0 177A STREET SW","assessed_value":475000},{"address":"9740.0 221 STREET NW","assessed_value":482500},{"address":"120.0 53 STREET SW","assessed_value":569500},{"address":"11403.0 15 AVENUE SW","assessed_value":553000},{"address":"10625.0 KINGSWAY NW","assessed_value":184500},{"address":"1180.0 HYNDMAN ROAD NW","assessed_value":162500},{"address":"3719.0 WHITELAW LANE NW","assessed_value":136000},{"address":"3719.0 WHITELAW LANE NW","assessed_value":181000},{"address":"9603.0 SIMPSON PLACE NW","assessed_value":417500},{"address":"4476.0 CRABAPPLE LANDING SW","assessed_value":582000},{"address":"nan nan","assessed_value":11000},{"address":"nan nan","assessed_value":7500},{"address":"1720.0 GARNETT POINT NW","assessed_value":352000},{"address":"11714.0 17 AVENUE SW","assessed_value":421500},{"address":"nan nan","assessed_value":15500},{"address":"1529.0 CHAPMAN WAY SW","assessed_value":489500},{"address":"11517.0 ELLERSLIE ROAD SW","assessed_value":215000},{"address":"6152.0 17 AVENUE SW","assessed_value":447000},{"address":"460.0 HEMINGWAY ROAD NW","assessed_value":290500},{"address":"12118.0 167A AVENUE NW","assessed_value":450500},{"address":"1238.0 HAYS DRIVE NW","assessed_value":575000},{"address":"12027.0 167B AVENUE NW","assessed_value":430500},{"address":"nan nan","assessed_value":11000},{"address":"nan nan","assessed_value":11500},{"address":"2035.0 GRANTHAM COURT NW","assessed_value":196500},{"address":"4095.0 ALLAN CRESCENT SW","assessed_value":445500},{"address":"10540.0 56 AVENUE NW","assessed_value":329000},{"address":"2606.0 109 STREET NW","assessed_value":252500},{"address":"2908.0 19 AVENUE NW","assessed_value":484500},{"address":"2106.0 GLENRIDDING WAY SW","assessed_value":511000},{"address":"8516.0 18 AVENUE SW","assessed_value":628500},{"address":"17311.0 5 AVENUE SW","assessed_value":530500},{"address":"3719.0 WHITELAW LANE NW","assessed_value":172500},{"address":"nan nan","assessed_value":10500},{"address":"nan nan","assessed_value":84500},{"address":"nan nan","assessed_value":10500},{"address":"2916.0 19 AVENUE NW","assessed_value":444500},{"address":"3665.0 ALLAN DRIVE SW","assessed_value":650000},{"address":"3510.0 ABBOTT CLOSE SW","assessed_value":681000},{"address":"1723.0 61 STREET SW","assessed_value":565500},{"address":"18343.0 LESSARD ROAD NW","assessed_value":1114000},{"address":"4463.0 CRABAPPLE LANDING SW","assessed_value":641500},{"address":"2612.0 109 STREET NW","assessed_value":250500},{"address":"5415.0 6 AVENUE SW","assessed_value":499000},{"address":"9447.0 213 STREET NW","assessed_value":464500},{"address":"10550.0 ELLERSLIE ROAD SW","assessed_value":852500},{"address":"nan nan","assessed_value":46000},{"address":"1549.0 35B AVENUE NW","assessed_value":431500},{"address":"2207.0 90B STREET SW","assessed_value":5427000},{"address":"nan nan","assessed_value":12000},{"address":"17416.0 5 AVENUE SW","assessed_value":473500},{"address":"1022.0 WATT PROMENADE SW","assessed_value":383000},{"address":"4058.0 MACTAGGART DRIVE NW","assessed_value":690000},{"address":"13215.0 66 STREET NW","assessed_value":3206500},{"address":"2809.0 18A AVENUE NW","assessed_value":376000},{"address":"10313.0 157 STREET NW","assessed_value":315000},{"address":"6070.0 SCHONSEE WAY NW","assessed_value":204000},{"address":"271.0 GRIESBACH ROAD NW","assessed_value":433000},{"address":"10550.0 ELLERSLIE ROAD SW","assessed_value":1388000},{"address":"nan nan","assessed_value":4500},{"address":"9231.0 213 STREET NW","assessed_value":334500},{"address":"10617.0 107 STREET NW","assessed_value":97000},{"address":"nan nan","assessed_value":12000},{"address":"1844.0 80 STREET SW","assessed_value":681000},{"address":"nan nan","assessed_value":9500},{"address":"1822.0 33B STREET NW","assessed_value":549500},{"address":"nan nan","assessed_value":9500},{"address":"5495.0 SCHONSEE DRIVE NW","assessed_value":507500},{"address":"nan nan","assessed_value":7500},{"address":"3609.0 ATKINSON LOOP SW","assessed_value":377500},{"address":"17309.0 6A AVENUE SW","assessed_value":419000},{"address":"3719.0 WHITELAW LANE NW","assessed_value":181000},{"address":"1623.0 JAMES MOWATT TRAIL SW","assessed_value":158500},{"address":"1504.0 60 STREET SW","assessed_value":397000},{"address":"6720.0 104 STREET NW","assessed_value":1751000},{"address":"1816.0 28 STREET NW","assessed_value":406500},{"address":"1832.0 32 STREET NW","assessed_value":471000},{"address":"nan nan","assessed_value":11000},{"address":"1531.0 CHAPMAN WAY SW","assessed_value":613500},{"address":"6619.0 106 STREET NW","assessed_value":503500},{"address":"12124.0 172 AVENUE NW","assessed_value":561000},{"address":"12204.0 102 STREET NW","assessed_value":352000},{"address":"nan nan","assessed_value":11000},{"address":"356.0 EVERGREEN PARK NW","assessed_value":82500},{"address":"641.0 ALBANY WAY NW","assessed_value":563000},{"address":"nan nan","assessed_value":4500},{"address":"2921.0 19 AVENUE NW","assessed_value":380500},{"address":"13023.0 165 AVENUE NW","assessed_value":611000},{"address":"2584.0 ANDERSON WAY SW","assessed_value":216000},{"address":"18333.0 LESSARD ROAD NW","assessed_value":133000},{"address":"396.0 SILVER BERRY ROAD NW","assessed_value":208500},{"address":"3102.0 ARTHURS CRESCENT SW","assessed_value":409000},{"address":"nan nan","assessed_value":4500},{"address":"4020.0 CHARLES PLACE SW","assessed_value":628000},{"address":"nan nan","assessed_value":14500},{"address":"1828.0 86 STREET SW","assessed_value":604500},{"address":"5412.0 BONAVENTURE AVENUE NW","assessed_value":855500},{"address":"nan nan","assessed_value":11000},{"address":"7008.0 22 AVENUE SW","assessed_value":440000},{"address":"1009.0 WATT PROMENADE SW","assessed_value":461000},{"address":"8730.0 82 AVENUE NW","assessed_value":259000},{"address":"7930.0 122 AVENUE NW","assessed_value":226000},{"address":"111.0 AMBLESIDE DRIVE SW","assessed_value":195500},{"address":"nan nan","assessed_value":11500},{"address":"10575.0 KINGSWAY NW","assessed_value":5500},{"address":"5140.0 1A AVENUE SW","assessed_value":381500},{"address":"nan nan","assessed_value":11000},{"address":"nan nan","assessed_value":5500},{"address":"7710.0 GETTY WYND NW","assessed_value":493000},{"address":"2208.0 44 AVENUE NW","assessed_value":208500},{"address":"17533.0 13 AVENUE SW","assessed_value":478000},{"address":"1548.0 35 AVENUE NW","assessed_value":433000},{"address":"13835.0 155 AVENUE NW","assessed_value":184500},{"address":"nan nan","assessed_value":11000},{"address":"4146.0 WHISPERING RIVER DRIVE NW","assessed_value":1324000},{"address":"4137.0 ALEXANDER WAY SW","assessed_value":27500},{"address":"603.0 176 STREET SW","assessed_value":795000},{"address":"4064.0 MORRISON WAY NW","assessed_value":546500},{"address":"14729.0 32 STREET NW","assessed_value":201000},{"address":"nan nan","assessed_value":9500},{"address":"11518.0 76 AVENUE NW","assessed_value":520500},{"address":"21927.0 99 AVENUE NW","assessed_value":442000},{"address":"3503.0 GOODRIDGE BAY NW","assessed_value":674500},{"address":"17567.0 59 STREET NW","assessed_value":456500},{"address":"7912.0 22 AVENUE SW","assessed_value":601500},{"address":"1509.0 ADAMSON VIEW SW","assessed_value":772500},{"address":"10152.0 104 STREET NW","assessed_value":285000},{"address":"10142.0 111 STREET NW","assessed_value":302500},{"address":"1024.0 174 STREET SW","assessed_value":535000},{"address":"3912.0 CLAXTON LOOP SW","assessed_value":588000},{"address":"10550.0 ELLERSLIE ROAD SW","assessed_value":817500},{"address":"nan nan","assessed_value":43508500},{"address":"9231.0 213 STREET NW","assessed_value":339500},{"address":"nan nan","assessed_value":11000},{"address":"4014.0 CHARLES PLACE SW","assessed_value":563500},{"address":"4306.0 WESTCLIFF LANDING SW","assessed_value":1469500},{"address":"1416.0 HAYS WAY NW","assessed_value":640000},{"address":"1846.0 32A STREET NW","assessed_value":656500},{"address":"5607.0 12 AVENUE SW","assessed_value":519500},{"address":"nan nan","assessed_value":10500},{"address":"1750.0 63A STREET SW","assessed_value":496000},{"address":"9780.0 220 STREET NW","assessed_value":434500},{"address":"1111.0 160 STREET SW","assessed_value":487500},{"address":"5120.0 164 AVENUE NW","assessed_value":324000},{"address":"16508.0 135 STREET NW","assessed_value":398500},{"address":"nan nan","assessed_value":7500},{"address":"17006.0 120 STREET NW","assessed_value":400500},{"address":"3039.0 WINSPEAR COMMON SW","assessed_value":532000},{"address":"10336.0 161 STREET NW","assessed_value":330000}]