[{"address":"10710.0 84 AVENUE NW","assessed_value":145500},{"address":"4906.0 MACTAGGART COURT NW","assessed_value":849000},{"address":"7520.0 169 AVENUE NW","assessed_value":551000},{"address":"1443.0 37C AVENUE NW","assessed_value":460500},{"address":"15211.0 139 STREET NW","assessed_value":155500},{"address":"1128.0 156 STREET NW","assessed_value":318500},{"address":"12831.0 66 STREET NW","assessed_value":48500},{"address":"150.0 EDWARDS DRIVE SW","assessed_value":228000},{"address":"nan nan","assessed_value":5500},{"address":"nan nan","assessed_value":2500},{"address":"nan nan","assessed_value":5500},{"address":"9939.0 109 STREET NW","assessed_value":170500},{"address":"10345.0 123 STREET NW","assessed_value":109500},{"address":"4005.0 MACNEIL PLACE NW","assessed_value":1010000},{"address":"nan nan","assessed_value":7500},{"address":"nan nan","assessed_value":18500},{"address":"4128.0 MACTAGGART DRIVE NW","assessed_value":14000},{"address":"2436.0 GUARDIAN ROAD NW","assessed_value":155500},{"address":"17072.0 81 STREET NW","assessed_value":443000},{"address":"11445.0 ELLERSLIE ROAD SW","assessed_value":131500},{"address":"20320.0 47 AVENUE NW","assessed_value":538500},{"address":"11308.0 127 AVENUE NW","assessed_value":60000},{"address":"6050.0 STANTON DRIVE SW","assessed_value":427000},{"address":"5308.0 MULLEN BEND NW","assessed_value":1157000},{"address":"14208.0 36 STREET NW","assessed_value":292000},{"address":"nan nan","assessed_value":6500},{"address":"1629.0 RUTHERFORD ROAD SW","assessed_value":397000},{"address":"5908.0 5 AVENUE SW","assessed_value":578000},{"address":"809.0 HARDY PLACE NW","assessed_value":563500},{"address":"2211.0 MARTELL PLACE NW","assessed_value":1040500},{"address":"11736.0 10 AVENUE SW","assessed_value":353000},{"address":"181.0 EVERGREEN PARK NW","assessed_value":61000},{"address":"10028.0 119 STREET NW","assessed_value":412500},{"address":"9525.0 162 AVENUE NW","assessed_value":122500},{"address":"14011.0 147 AVENUE NW","assessed_value":430500},{"address":"12734.0 118 AVENUE NW","assessed_value":53000},{"address":"1908.0 74 STREET SW","assessed_value":365500},{"address":"6608.0 158 AVENUE NW","assessed_value":274500},{"address":"nan nan","assessed_value":7500},{"address":"15211.0 139 STREET NW","assessed_value":156500},{"address":"12915.0 65 STREET NW","assessed_value":79500},{"address":"20607.0 46 AVENUE NW","assessed_value":452500},{"address":"13419.0 161 AVENUE NW","assessed_value":619000},{"address":"11.0 CRYSTAL CRESCENT NW","assessed_value":143000},{"address":"11065.0 149 STREET NW","assessed_value":70500},{"address":"nan nan","assessed_value":10000},{"address":"5052.0 MCLUHAN ROAD NW","assessed_value":854500},{"address":"3340.0 22 STREET NW","assessed_value":536500},{"address":"7708.0 SCHMID CRESCENT NW","assessed_value":438000},{"address":"5604.0 199 STREET NW","assessed_value":270000},{"address":"nan nan","assessed_value":4000},{"address":"11445.0 ELLERSLIE ROAD SW","assessed_value":163500},{"address":"160.0 MAGRATH ROAD NW","assessed_value":280500},{"address":"nan nan","assessed_value":9500},{"address":"nan nan","assessed_value":4500},{"address":"8434.0 SLOANE CRESCENT NW","assessed_value":697000},{"address":"8640.0 106 AVENUE NW","assessed_value":57500},{"address":"9020.0 JASPER AVENUE NW","assessed_value":220500},{"address":"327.0 AMBLESIDE LINK SW","assessed_value":594000},{"address":"nan nan","assessed_value":7500},{"address":"11441.0 ELLERSLIE ROAD SW","assessed_value":179500},{"address":"16112.0 136 STREET NW","assessed_value":563500},{"address":"13907.0 136 STREET NW","assessed_value":170000},{"address":"4949.0 TERWILLEGAR COMMON NW","assessed_value":465000},{"address":"1423.0 75 STREET SW","assessed_value":334000},{"address":"9016.0 SCOTT CRESCENT NW","assessed_value":411000},{"address":"17619.0 86 STREET NW","assessed_value":606000},{"address":"5922.0 164 AVENUE NW","assessed_value":336000},{"address":"2436.0 GUARDIAN ROAD NW","assessed_value":217500},{"address":"16632.0 59 STREET NW","assessed_value":465500},{"address":"4618.0 164A AVENUE NW","assessed_value":453500},{"address":"8427.0 16A AVENUE SW","assessed_value":631500},{"address":"7510.0 89 STREET NW","assessed_value":355500},{"address":"10125.0 83 AVENUE NW","assessed_value":135500},{"address":"5632.0 209 STREET NW","assessed_value":502000},{"address":"nan nan","assessed_value":9500},{"address":"nan nan","assessed_value":6500},{"address":"7807.0 SCHMID PLACE NW","assessed_value":384000},{"address":"4407.0 23 STREET NW","assessed_value":189500},{"address":"nan nan","assessed_value":22500},{"address":"10139.0 155 STREET NW","assessed_value":98500},{"address":"1130.0 TORY ROAD NW","assessed_value":179000},{"address":"21303.0 48 AVENUE NW","assessed_value":362000},{"address":"10907.0 81 AVENUE NW","assessed_value":342000},{"address":"nan nan","assessed_value":7000},{"address":"10255.0 117 STREET NW","assessed_value":116500},{"address":"937.0 SUMMERSIDE LINK SW","assessed_value":743500},{"address":"1484.0 37B AVENUE NW","assessed_value":551500},{"address":"11411.0 167A AVENUE NW","assessed_value":407000},{"address":"6129.0 MAYNARD CRESCENT NW","assessed_value":637500},{"address":"nan nan","assessed_value":4500},{"address":"7511.0 171 STREET NW","assessed_value":153000},{"address":"8640.0 106 AVENUE NW","assessed_value":47000},{"address":"150.0 EDWARDS DRIVE SW","assessed_value":168500},{"address":"5350.0 199 STREET NW","assessed_value":159500},{"address":"nan nan","assessed_value":22500},{"address":"111.0 EDWARDS DRIVE SW","assessed_value":161000},{"address":"155.0 63 STREET SW","assessed_value":464500},{"address":"nan nan","assessed_value":2500},{"address":"2020.0 118 STREET SW","assessed_value":367000},{"address":"nan nan","assessed_value":4000},{"address":"20311.0 47 AVENUE NW","assessed_value":522000},{"address":"3425.0 19 STREET NW","assessed_value":159500},{"address":"nan nan","assessed_value":9500},{"address":"171.0 BRINTNELL BOULEVARD NW","assessed_value":263000},{"address":"10154.0 103 STREET NW","assessed_value":381000},{"address":"305.0 AMBLESIDE LINK SW","assessed_value":657000},{"address":"3075.0 TRELLE CRESCENT NW","assessed_value":267500},{"address":"3407.0 MACNEIL LINK NW","assessed_value":818500},{"address":"9211.0 SCOTT LANE NW","assessed_value":430000},{"address":"5704.0 MCLUHAN BAY NW","assessed_value":712500},{"address":"5844.0 214 STREET NW","assessed_value":569000},{"address":"4712.0 164A AVENUE NW","assessed_value":442500},{"address":"nan nan","assessed_value":18500},{"address":"14208.0 36 STREET NW","assessed_value":291500},{"address":"nan nan","assessed_value":6500},{"address":"3120.0 25 AVENUE NW","assessed_value":489000},{"address":"1312.0 77 AVENUE NW","assessed_value":392500},{"address":"1310.0 LATTA CRESCENT NW","assessed_value":522500},{"address":"1628.0 HAMMOND CRESCENT NW","assessed_value":508500},{"address":"nan nan","assessed_value":7500},{"address":"10225.0 117 STREET NW","assessed_value":106000},{"address":"10815.0 83 AVENUE NW","assessed_value":147500},{"address":"8483.0 SLOANE CRESCENT NW","assessed_value":556500},{"address":"21118.0 60 AVENUE NW","assessed_value":322500},{"address":"1817.0 HAMMOND CRESCENT NW","assessed_value":428000},{"address":"1320.0 LATTA CRESCENT NW","assessed_value":525000},{"address":"nan nan","assessed_value":22500},{"address":"nan nan","assessed_value":5500},{"address":"nan nan","assessed_value":9500},{"address":"1430.0 37B AVENUE NW","assessed_value":511500},{"address":"3703.0 163 AVENUE NW","assessed_value":514000},{"address":"2096.0 BLACKMUD CREEK DRIVE SW","assessed_value":196000},{"address":"841.0 156 STREET NW","assessed_value":508500},{"address":"2016.0 118 STREET SW","assessed_value":354500},{"address":"4827.0 104A STREET NW","assessed_value":162000},{"address":"11506.0 88 STREET NW","assessed_value":231000},{"address":"11445.0 ELLERSLIE ROAD SW","assessed_value":176000},{"address":"150.0 EDWARDS DRIVE SW","assessed_value":243000},{"address":"5913.0 8 AVENUE SW","assessed_value":350000},{"address":"nan nan","assessed_value":6500},{"address":"11218.0 80 STREET NW","assessed_value":143500},{"address":"11343.0 67 STREET NW","assessed_value":463500},{"address":"3331.0 22 STREET NW","assessed_value":556500},{"address":"10555.0 93 STREET NW","assessed_value":79500},{"address":"4812.0 164A AVENUE NW","assessed_value":420500},{"address":"nan nan","assessed_value":5500},{"address":"nan nan","assessed_value":9500},{"address":"1566.0 37B AVENUE NW","assessed_value":501000},{"address":"11733.0 167B AVENUE NW","assessed_value":416000},{"address":"nan nan","assessed_value":14500},{"address":"nan nan","assessed_value":500},{"address":"10356.0 92 STREET NW","assessed_value":100000},{"address":"4304.0 139 AVENUE NW","assessed_value":156500},{"address":"8104.0 SHASKE DRIVE NW","assessed_value":525000},{"address":"4707.0 203 STREET NW","assessed_value":545000},{"address":"21115.0 60 AVENUE NW","assessed_value":354500},{"address":"646.0 MCALLISTER LOOP SW","assessed_value":178000},{"address":"2603.0 HEWES WAY NW","assessed_value":716000},{"address":"nan nan","assessed_value":22500},{"address":"11916.0 104 STREET NW","assessed_value":76500},{"address":"nan nan","assessed_value":22500},{"address":"5907.0 166 AVENUE NW","assessed_value":482000},{"address":"16716.0 114 STREET NW","assessed_value":491500},{"address":"304.0 LEWIS ESTATES BOULEVARD NW","assessed_value":225000},{"address":"5548.0 MCLUHAN BLUFF NW","assessed_value":1451500},{"address":"5950.0 164 AVENUE NW","assessed_value":337500},{"address":"10434.0 125 STREET NW","assessed_value":81500},{"address":"2034.0 ROCHESTER AVENUE NW","assessed_value":597500},{"address":"20343.0 46 AVENUE NW","assessed_value":525500},{"address":"5340.0 199 STREET NW","assessed_value":201000},{"address":"16218.0 54A STREET NW","assessed_value":494500},{"address":"6964.0 STROM LANE NW","assessed_value":533000},{"address":"nan nan","assessed_value":7000},{"address":"8749.0 STEIN LANE NW","assessed_value":383000},{"address":"16710.0 112A STREET NW","assessed_value":483000},{"address":"nan nan","assessed_value":18500},{"address":"11449.0 ELLERSLIE ROAD SW","assessed_value":134500},{"address":"8919.0 180 AVENUE NW","assessed_value":456500},{"address":"11816.0 13 AVENUE SW","assessed_value":539500},{"address":"7510.0 89 STREET NW","assessed_value":308500},{"address":"nan nan","assessed_value":6500},{"address":"6166.0 MAYNARD CRES NW","assessed_value":749000},{"address":"220.0 OAK WOOD DRIVE NW","assessed_value":102000},{"address":"nan nan","assessed_value":18500},{"address":"13908.0 136 STREET NW","assessed_value":169500},{"address":"160.0 MAGRATH ROAD NW","assessed_value":262500},{"address":"2309.0 27 AVENUE NW","assessed_value":342500},{"address":"nan nan","assessed_value":3000},{"address":"9031.0 208 STREET NW","assessed_value":721000},{"address":"14259.0 50 STREET NW","assessed_value":152000},{"address":"5456.0 162B AVENUE NW","assessed_value":412000},{"address":"nan nan","assessed_value":7000},{"address":"9116.0 207 STREET NW","assessed_value":514500},{"address":"10115.0 108 AVENUE NW","assessed_value":67000},{"address":"327.0 CALLAGHAN CLOSE SW","assessed_value":614000},{"address":"11218.0 80 STREET NW","assessed_value":131000},{"address":"8505.0 SLOANE CRESCENT NW","assessed_value":540500},{"address":"6208.0 4 AVENUE SW","assessed_value":605000},{"address":"10028.0 119 STREET NW","assessed_value":222000},{"address":"18215.0 103 STREET NW","assessed_value":505500},{"address":"14031.0 37 STREET NW","assessed_value":452000},{"address":"3610.0 43 AVENUE NW","assessed_value":80500},{"address":"1409.0 37A AVENUE NW","assessed_value":553000},{"address":"12831.0 66 STREET NW","assessed_value":54000},{"address":"7103.0 16 AVENUE SW","assessed_value":363000},{"address":"nan nan","assessed_value":7500},{"address":"7108.0 16 AVENUE SW","assessed_value":384000},{"address":"11445.0 ELLERSLIE ROAD SW","assessed_value":138500},{"address":"4304.0 139 AVENUE NW","assessed_value":144500},{"address":"nan nan","assessed_value":9500},{"address":"nan nan","assessed_value":4000},{"address":"1130.0 TORY ROAD NW","assessed_value":200000},{"address":"nan nan","assessed_value":5500},{"address":"14703.0 141 STREET NW","assessed_value":415000},{"address":"7203.0 14A AVENUE SW","assessed_value":548000},{"address":"6608.0 158 AVENUE NW","assessed_value":261500},{"address":"13907.0 136 STREET NW","assessed_value":171500},{"address":"nan nan","assessed_value":9500},{"address":"2531.0 PEGASUS BOULEVARD NW","assessed_value":688000},{"address":"nan nan","assessed_value":8500},{"address":"9856.0 83 AVENUE NW","assessed_value":259000},{"address":"13111.0 140 AVENUE NW","assessed_value":190000},{"address":"20717.0 56A AVENUE NW","assessed_value":562500},{"address":"10763.0 174 AVENUE NW","assessed_value":663000},{"address":"120.0 MAGRATH ROAD NW","assessed_value":331500},{"address":"5831.0 7 AVENUE SW","assessed_value":528500},{"address":"7118.0 19A AVENUE SW","assessed_value":335000},{"address":"nan nan","assessed_value":7500},{"address":"9939.0 109 STREET NW","assessed_value":219500},{"address":"2503.0 24 STREET NW","assessed_value":278500},{"address":"nan nan","assessed_value":6500},{"address":"671.0 SILVER BERRY ROAD NW","assessed_value":211000},{"address":"1137.0 37B AVENUE NW","assessed_value":382500},{"address":"11449.0 ELLERSLIE ROAD SW","assessed_value":138500},{"address":"3040.0 SPENCE WYND SW","assessed_value":188500},{"address":"nan nan","assessed_value":5500},{"address":"711.0 WILDWOOD POINT NW","assessed_value":650000},{"address":"7257.0 SOUTH TERWILLEGAR DRIVE NW","assessed_value":403500},{"address":"15211.0 139 STREET NW","assessed_value":180500},{"address":"11606.0 108 AVENUE NW","assessed_value":118000},{"address":"nan nan","assessed_value":7000},{"address":"3004.0 24 AVENUE NW","assessed_value":521000},{"address":"1335.0 117 STREET SW","assessed_value":475000},{"address":"4407.0 23 STREET NW","assessed_value":130000},{"address":"nan nan","assessed_value":7500},{"address":"4810.0 MACTAGGART CREST NW","assessed_value":2034500},{"address":"nan nan","assessed_value":9500},{"address":"111.0 EDWARDS DRIVE SW","assessed_value":167500},{"address":"nan nan","assessed_value":3000},{"address":"12722.0 118 AVENUE NW","assessed_value":55000},{"address":"9412.0 STEIN WAY NW","assessed_value":415500},{"address":"4912.0 213 STREET NW","assessed_value":417000},{"address":"3548.0 MCLAY CRESCENT NW","assessed_value":743500},{"address":"2608.0 BOWEN WAY SW","assessed_value":589000},{"address":"21216.0 46 AVENUE NW","assessed_value":479000},{"address":"6012.0 3 AVENUE SW","assessed_value":424500},{"address":"nan nan","assessed_value":9500},{"address":"2031.0 BRENNAN CRESCENT NW","assessed_value":505500},{"address":"1915.0 126 STREET SW","assessed_value":592000},{"address":"2044.0 125 STREET SW","assessed_value":610000},{"address":"2750.0 55 STREET NW","assessed_value":161000},{"address":"5508.0 MCLUHAN BLUFF NW","assessed_value":1309000},{"address":"1128.0 156 STREET NW","assessed_value":402000},{"address":"nan nan","assessed_value":18500},{"address":"15920.0 109 AVENUE NW","assessed_value":79500},{"address":"16313.0 55 STREET NW","assessed_value":466500},{"address":"nan nan","assessed_value":9500},{"address":"2508.0 HANNA CRESCENT NW","assessed_value":260000},{"address":"5223.0 164 AVENUE NW","assessed_value":472000},{"address":"646.0 MCALLISTER LOOP SW","assessed_value":166500},{"address":"1903.0 32 AVENUE NW","assessed_value":622500},{"address":"4514.0 162 AVENUE NW","assessed_value":642000},{"address":"2503.0 24 STREET NW","assessed_value":278000},{"address":"11441.0 ELLERSLIE ROAD SW","assessed_value":180500},{"address":"9427.0 76 STREET NW","assessed_value":427000},{"address":"15211.0 139 STREET NW","assessed_value":152500},{"address":"8528.0 82 AVENUE NW","assessed_value":147500},{"address":"nan nan","assessed_value":7500},{"address":"9053.0 SCOTT CRESCENT NW","assessed_value":352000},{"address":"nan nan","assessed_value":3000},{"address":"nan nan","assessed_value":4500},{"address":"13635.0 34 STREET NW","assessed_value":173500},{"address":"10555.0 83 AVENUE NW","assessed_value":183000},{"address":"6215.0 98 AVENUE NW","assessed_value":69500},{"address":"885.0 HODGINS ROAD NW","assessed_value":717500},{"address":"nan nan","assessed_value":9500},{"address":"7511.0 171 STREET NW","assessed_value":158500},{"address":"11834.0 86 STREET NW","assessed_value":82500},{"address":"3627.0 12 STREET NW","assessed_value":413500},{"address":"nan nan","assessed_value":22500},{"address":"294.0 MAGRATH BOULEVARD NW","assessed_value":842000},{"address":"2565.0 HANNA CRESCENT NW","assessed_value":310500},{"address":"1125.0 36A AVENUE NW","assessed_value":435000},{"address":"8528.0 82 AVENUE NW","assessed_value":130500},{"address":"2750.0 55 STREET NW","assessed_value":186500},{"address":"922.0 SUMMERSIDE LINK SW","assessed_value":722500},{"address":"530.0 STEWART CRESCENT SW","assessed_value":766500},{"address":"nan nan","assessed_value":7500},{"address":"10319.0 111 STREET NW","assessed_value":194000},{"address":"nan nan","assessed_value":22500},{"address":"5340.0 MULLEN BEND NW","assessed_value":758000},{"address":"17407.0 99 AVENUE NW","assessed_value":187500},{"address":"512.0 60 STREET SW","assessed_value":473000},{"address":"1531.0 37C AVENUE NW","assessed_value":530500},{"address":"5945.0 164 AVENUE NW","assessed_value":336000},{"address":"11927.0 21 AVENUE SW","assessed_value":611500},{"address":"3925.0 38 STREET NW","assessed_value":269500},{"address":"2565.0 HANNA CRESCENT NW","assessed_value":230500},{"address":"5350.0 199 STREET NW","assessed_value":159500},{"address":"17907.0 87 STREET NW","assessed_value":424000},{"address":"13710.0 150 AVENUE NW","assessed_value":176500},{"address":"120.0 MAGRATH ROAD NW","assessed_value":329500},{"address":"nan nan","assessed_value":4000},{"address":"5340.0 199 STREET NW","assessed_value":172500},{"address":"4132.0 MACTAGGART DRIVE NW","assessed_value":130000},{"address":"nan nan","assessed_value":9500},{"address":"7208.0 19A AVENUE SW","assessed_value":382500},{"address":"13635.0 34 STREET NW","assessed_value":115500},{"address":"10711.0 174 AVENUE NW","assessed_value":1059500},{"address":"17528.0 87 STREET NW","assessed_value":585000},{"address":"6208.0 5 AVENUE SW","assessed_value":475000},{"address":"nan nan","assessed_value":14000},{"address":"9245.0 SCOTT LANE NW","assessed_value":428500},{"address":"7403.0 169 AVENUE NW","assessed_value":600500},{"address":"12050.0 17 AVENUE SW","assessed_value":238000},{"address":"4755.0 TERWILLEGAR COMMON NW","assessed_value":308500},{"address":"nan nan","assessed_value":18500},{"address":"13908.0 136 STREET NW","assessed_value":163000},{"address":"10124.0 159 STREET NW","assessed_value":91000},{"address":"164.0 CALLAGHAN DRIVE SW","assessed_value":710000},{"address":"13104.0 132 AVENUE NW","assessed_value":84500},{"address":"1609.0 KERR ROAD NW","assessed_value":630500},{"address":"nan nan","assessed_value":6500},{"address":"3087.0 MACNEIL WAY NW","assessed_value":834500},{"address":"nan nan","assessed_value":16000},{"address":"nan nan","assessed_value":4000},{"address":"2545.0 116 STREET NW","assessed_value":77500},{"address":"155.0 EDWARDS DRIVE SW","assessed_value":152500},{"address":"3614.0 28A STREET NW","assessed_value":769500},{"address":"14205.0 96 AVENUE NW","assessed_value":271000},{"address":"nan nan","assessed_value":2500},{"address":"617.0 MAGRATH VIEW NW","assessed_value":1923500},{"address":"5941.0 164 AVENUE NW","assessed_value":341000},{"address":"nan nan","assessed_value":8000},{"address":"708.0 WILDWOOD POINT NW","assessed_value":568000},{"address":"10740.0 105 STREET NW","assessed_value":121000},{"address":"nan nan","assessed_value":2500},{"address":"nan nan","assessed_value":9500},{"address":"3075.0 TRELLE CRESCENT NW","assessed_value":272000},{"address":"12928.0 64 STREET NW","assessed_value":58500},{"address":"13907.0 136 STREET NW","assessed_value":129500},{"address":"2816.0 34 AVENUE NW","assessed_value":262500},{"address":"nan nan","assessed_value":5500},{"address":"nan nan","assessed_value":6500},{"address":"20804.0 55 AVENUE NW","assessed_value":477500},{"address":"3040.0 SPENCE WYND SW","assessed_value":192000},{"address":"10115.0 108 AVENUE NW","assessed_value":68000},{"address":"16306.0 43 STREET NW","assessed_value":411500},{"address":"5640.0 208 STREET NW","assessed_value":530500},{"address":"20315.0 46 AVENUE NW","assessed_value":500500},{"address":"nan nan","assessed_value":5500},{"address":"15211.0 139 STREET NW","assessed_value":130000},{"address":"nan nan","assessed_value":5000},{"address":"1723.0 67 STREET SW","assessed_value":723500},{"address":"11742.0 13A AVENUE SW","assessed_value":564000},{"address":"nan nan","assessed_value":7000},{"address":"nan nan","assessed_value":9500},{"address":"120.0 MAGRATH ROAD NW","assessed_value":329000},{"address":"nan nan","assessed_value":5000},{"address":"7510.0 89 STREET NW","assessed_value":399000},{"address":"2369.0 27 AVENUE NW","assessed_value":381500},{"address":"nan nan","assessed_value":9500},{"address":"nan nan","assessed_value":5000},{"address":"17415.0 99 AVENUE NW","assessed_value":194000},{"address":"nan nan","assessed_value":7000},{"address":"519.0 60 STREET SW","assessed_value":514500},{"address":"3075.0 TRELLE CRESCENT NW","assessed_value":269000},{"address":"10725.0 111 STREET NW","assessed_value":84000},{"address":"nan nan","assessed_value":9500},{"address":"nan nan","assessed_value":7000},{"address":"2208.0 STAN WATERS AVENUE NW","assessed_value":634000},{"address":"10319.0 111 STREET NW","assessed_value":187000},{"address":"nan nan","assessed_value":4000},{"address":"627.0 62 STREET SW","assessed_value":356500},{"address":"13808.0 155 AVENUE NW","assessed_value":444000},{"address":"17928.0 89 STREET NW","assessed_value":413000},{"address":"4627.0 160 AVENUE NW","assessed_value":418500},{"address":"nan nan","assessed_value":7500},{"address":"11804.0 167A AVENUE NW","assessed_value":410500},{"address":"12550.0 140 AVENUE NW","assessed_value":146500},{"address":"9962.0 29 AVENUE NW","assessed_value":6122000},{"address":"8414.0 SLOANE CRESCENT NW","assessed_value":576500},{"address":"2212.0 MARTELL PLACE NW","assessed_value":1289500},{"address":"12050.0 17 AVENUE SW","assessed_value":256500},{"address":"6046.0 STANTON DRIVE SW","assessed_value":454500},{"address":"150.0 EDWARDS DRIVE SW","assessed_value":236500},{"address":"nan nan","assessed_value":9500},{"address":"3007.0 24 AVENUE NW","assessed_value":487500},{"address":"nan nan","assessed_value":6500},{"address":"nan nan","assessed_value":6500},{"address":"nan nan","assessed_value":9500},{"address":"nan nan","assessed_value":7500},{"address":"8723.0 STEIN LANE NW","assessed_value":370000},{"address":"nan nan","assessed_value":10000},{"address":"6211.0 4 AVENUE SW","assessed_value":490000},{"address":"5350.0 199 STREET NW","assessed_value":212000},{"address":"15134.0 33 STREET NW","assessed_value":360000},{"address":"nan nan","assessed_value":9500},{"address":"1104.0 118A STREET SW","assessed_value":481000},{"address":"761.0 HARDY POINT NW","assessed_value":602500},{"address":"nan nan","assessed_value":4500},{"address":"nan nan","assessed_value":5500},{"address":"1308.0 MALONE PLACE NW","assessed_value":636500},{"address":"11449.0 ELLERSLIE ROAD SW","assessed_value":172000},{"address":"3040.0 SPENCE WYND SW","assessed_value":180500},{"address":"nan nan","assessed_value":5500},{"address":"11416.0 167A AVENUE NW","assessed_value":467000},{"address":"nan nan","assessed_value":3000},{"address":"nan nan","assessed_value":9500},{"address":"416.0 CALLAGHAN COURT SW","assessed_value":732500},{"address":"13907.0 136 STREET NW","assessed_value":165500},{"address":"3380.0 28A AVENUE NW","assessed_value":266000},{"address":"119.0 63 STREET SW","assessed_value":449500},{"address":"10633.0 81 AVENUE NW","assessed_value":119500},{"address":"11735.0 124 STREET NW","assessed_value":50000},{"address":"12915.0 65 STREET NW","assessed_value":87000},{"address":"9119.0 213 STREET NW","assessed_value":375000},{"address":"10503.0 98 AVENUE NW","assessed_value":199000},{"address":"11848.0 21 AVENUE SW","assessed_value":371500},{"address":"5827.0 8 AVENUE SW","assessed_value":344000},{"address":"522.0 ADAMS WAY SW","assessed_value":549500},{"address":"nan nan","assessed_value":3000},{"address":"2016.0 125 STREET SW","assessed_value":564500},{"address":"10003.0 87 AVENUE NW","assessed_value":196000},{"address":"nan nan","assessed_value":18500},{"address":"3610.0 43 AVENUE NW","assessed_value":84500},{"address":"2508.0 HANNA CRESCENT NW","assessed_value":184000},{"address":"3339.0 18 STREET NW","assessed_value":563000},{"address":"12928.0 64 STREET NW","assessed_value":61500},{"address":"1416.0 70 STREET SW","assessed_value":394500},{"address":"5340.0 199 STREET NW","assessed_value":159500},{"address":"10319.0 111 STREET NW","assessed_value":187000},{"address":"2437.0 SAN FORTUNATO STREET NW","assessed_value":812500},{"address":"127.0 65 STREET SW","assessed_value":585500},{"address":"5340.0 199 STREET NW","assessed_value":182500},{"address":"10520.0 80 AVENUE NW","assessed_value":186500},{"address":"3425.0 19 STREET NW","assessed_value":149000},{"address":"8460.0 SLOANE CRESCENT NW","assessed_value":506000},{"address":"13111.0 140 AVENUE NW","assessed_value":174000},{"address":"11308.0 127 AVENUE NW","assessed_value":71500},{"address":"4503.0 209 STREET NW","assessed_value":574500},{"address":"812.0 DRYSDALE RUN NW","assessed_value":783500},{"address":"10021.0 62 STREET NW","assessed_value":82500},{"address":"3256.0 22 STREET NW","assessed_value":469000},{"address":"151.0 EDWARDS DRIVE SW","assessed_value":157500},{"address":"3903.0 MACNEIL BAY NW","assessed_value":857500},{"address":"12050.0 17 AVENUE SW","assessed_value":256500},{"address":"16211.0 54B STREET NW","assessed_value":507500},{"address":"9020.0 JASPER AVENUE NW","assessed_value":196000},{"address":"nan nan","assessed_value":3000},{"address":"3214.0 152 AVENUE NW","assessed_value":353000},{"address":"7511.0 171 STREET NW","assessed_value":144000},{"address":"3425.0 19 STREET NW","assessed_value":159500},{"address":"15221.0 RAMSAY CRESCENT NW","assessed_value":500},{"address":"2007.0 71 STREET SW","assessed_value":387000},{"address":"6608.0 158 AVENUE NW","assessed_value":282000},{"address":"nan nan","assessed_value":18500},{"address":"3447.0 11 STREET NW","assessed_value":343000},{"address":"304.0 LEWIS ESTATES BOULEVARD NW","assessed_value":203500},{"address":"3806.0 MACNEIL HEATH NW","assessed_value":1288500},{"address":"12734.0 118 AVENUE NW","assessed_value":53000},{"address":"14259.0 50 STREET NW","assessed_value":157000},{"address":"14205.0 96 AVENUE NW","assessed_value":429000},{"address":"3080.0 SPENCE WYND SW","assessed_value":502500},{"address":"6623.0 SANDIN COVE NW","assessed_value":634500},{"address":"8378.0 SHASKE CRESCENT NW","assessed_value":537000},{"address":"11837.0 21 AVENUE SW","assessed_value":368500},{"address":"5350.0 199 STREET NW","assessed_value":170500},{"address":"9939.0 109 STREET NW","assessed_value":214500},{"address":"3610.0 43 AVENUE NW","assessed_value":106500},{"address":"151.0 EDWARDS DRIVE SW","assessed_value":151000},{"address":"7404.0 169 AVENUE NW","assessed_value":731000},{"address":"5923.0 8 AVENUE SW","assessed_value":345500},{"address":"nan nan","assessed_value":3000},{"address":"11820.0 168 AVENUE NW","assessed_value":458000},{"address":"nan nan","assessed_value":3000},{"address":"13407.0 96 STREET NW","assessed_value":67500},{"address":"nan nan","assessed_value":18500},{"address":"1430.0 75 STREET SW","assessed_value":349500},{"address":"2096.0 BLACKMUD CREEK DRIVE SW","assessed_value":165500},{"address":"nan nan","assessed_value":9500},{"address":"155.0 EDWARDS DRIVE SW","assessed_value":152500},{"address":"16807.0 100 AVENUE NW","assessed_value":153000},{"address":"3425.0 19 STREET NW","assessed_value":158500},{"address":"10644.0 113 STREET NW","assessed_value":45000},{"address":"7409.0 16 AVENUE SW","assessed_value":390000},{"address":"11120.0 68 AVENUE NW","assessed_value":301000},{"address":"11449.0 ELLERSLIE ROAD SW","assessed_value":169500},{"address":"8131.0 16A AVENUE SW","assessed_value":589500},{"address":"548.0 ADAMS WAY SW","assessed_value":615000},{"address":"3711.0 MCLAY GREEN NW","assessed_value":612500},{"address":"1109.0 SUMMERSIDE DRIVE SW","assessed_value":485000},{"address":"6143.0 MAYNARD CRESCENT NW","assessed_value":695500},{"address":"3225.0 71 STREET NW","assessed_value":121000},{"address":"nan nan","assessed_value":9500},{"address":"nan nan","assessed_value":4500},{"address":"1419.0 MALONE GREEN NW","assessed_value":934500},{"address":"160.0 MAGRATH ROAD NW","assessed_value":210000},{"address":"8657.0 SLOANE COURT NW","assessed_value":523000},{"address":"7511.0 171 STREET NW","assessed_value":114500},{"address":"nan nan","assessed_value":7500},{"address":"151.0 EDWARDS DRIVE SW","assessed_value":152500},{"address":"10139.0 144 STREET NW","assessed_value":388500},{"address":"1640.0 RUTHERFORD ROAD SW","assessed_value":400000},{"address":"13808.0 155 AVENUE NW","assessed_value":532500},{"address":"3751.0 13 STREET NW","assessed_value":508500},{"address":"11737.0 13A AVENUE SW","assessed_value":613000},{"address":"4827.0 104A STREET NW","assessed_value":214000},{"address":"17407.0 99 AVENUE NW","assessed_value":205000},{"address":"10021.0 62 STREET NW","assessed_value":110500},{"address":"10145.0 113 STREET NW","assessed_value":111500},{"address":"4905.0 MACTAGGART COURT NW","assessed_value":790000},{"address":"3425.0 19 STREET NW","assessed_value":127500},{"address":"2750.0 55 STREET NW","assessed_value":148000},{"address":"8631.0 108 STREET NW","assessed_value":385000},{"address":"11708.0 124 STREET NW","assessed_value":62000},{"address":"20032.0 46 AVENUE NW","assessed_value":602500},{"address":"16749.0 118 STREET NW","assessed_value":485000},{"address":"10520.0 80 AVENUE NW","assessed_value":163000},{"address":"10021.0 116 STREET NW","assessed_value":119000},{"address":"nan nan","assessed_value":4000},{"address":"136.0 61 STREET SW","assessed_value":459000},{"address":"2503.0 24 STREET NW","assessed_value":278000},{"address":"315.0 MAPLE WOOD DRIVE NW","assessed_value":118500},{"address":"nan nan","assessed_value":4500},{"address":"309.0 CLAREVIEW STATION DRIVE NW","assessed_value":153000},{"address":"10949.0 109 STREET NW","assessed_value":72500},{"address":"7832.0 SCHMID PLACE NW","assessed_value":426000},{"address":"nan nan","assessed_value":6500},{"address":"3040.0 SPENCE WYND SW","assessed_value":182500},{"address":"nan nan","assessed_value":22500},{"address":"nan nan","assessed_value":9500},{"address":"11708.0 167A AVENUE NW","assessed_value":382000},{"address":"nan nan","assessed_value":5000},{"address":"2503.0 24 STREET NW","assessed_value":277000},{"address":"nan nan","assessed_value":9500},{"address":"11735.0 124 STREET NW","assessed_value":43000},{"address":"9020.0 JASPER AVENUE NW","assessed_value":212500},{"address":"nan nan","assessed_value":5500},{"address":"nan nan","assessed_value":9500},{"address":"11040.0 82 STREET NW","assessed_value":84000},{"address":"nan nan","assessed_value":9500},{"address":"524.0 59 STREET SW","assessed_value":527000},{"address":"11404.0 132 STREET NW","assessed_value":10850000},{"address":"nan nan","assessed_value":7500},{"address":"nan nan","assessed_value":6500},{"address":"5868.0 166 AVENUE NW","assessed_value":482500},{"address":"3147.0 25 AVENUE NW","assessed_value":477000},{"address":"151.0 EDWARDS DRIVE SW","assessed_value":121000},{"address":"10139.0 155 STREET NW","assessed_value":92500},{"address":"16807.0 100 AVENUE NW","assessed_value":121000},{"address":"1643.0 MALONE WAY NW","assessed_value":650000},{"address":"nan nan","assessed_value":18500},{"address":"10945.0 83 STREET NW","assessed_value":100000},{"address":"1624.0 68 STREET SW","assessed_value":627000},{"address":"13110.0 BUENA VISTA ROAD NW","assessed_value":104000},{"address":"2314.0 MARTELL LANE NW","assessed_value":900500},{"address":"8215.0 83 AVENUE NW","assessed_value":151000},{"address":"2508.0 HANNA CRESCENT NW","assessed_value":277000},{"address":"3425.0 19 STREET NW","assessed_value":119500},{"address":"20644.0 57 AVENUE NW","assessed_value":816000},{"address":"2444.0 BOWEN WYND SW","assessed_value":739500},{"address":"20735.0 56 AVENUE NW","assessed_value":483500},{"address":"6218.0 1A AVENUE SW","assessed_value":344500},{"address":"8347.0 SHASKE CRESCENT NW","assessed_value":627500},{"address":"1523.0 MALONE CLOSE NW","assessed_value":675000},{"address":"9707.0 106 STREET NW","assessed_value":417500},{"address":"12722.0 118 AVENUE NW","assessed_value":53500},{"address":"7511.0 171 STREET NW","assessed_value":162000},{"address":"6128.0 6 AVENUE SW","assessed_value":483500},{"address":"nan nan","assessed_value":5500},{"address":"652.0 LEGER WAY NW","assessed_value":519500},{"address":"nan nan","assessed_value":7500},{"address":"12050.0 17 AVENUE SW","assessed_value":256500},{"address":"5975.0 164 AVENUE NW","assessed_value":358000},{"address":"5604.0 199 STREET NW","assessed_value":268000},{"address":"2340.0 28 AVENUE NW","assessed_value":370500},{"address":"8711.0 SUMMERSIDE GRANDE BOULEVARD SW","assessed_value":7000},{"address":"16008.0 49 STREET NW","assessed_value":462500},{"address":"16706.0 112A STREET NW","assessed_value":501500},{"address":"9925.0 83 AVENUE NW","assessed_value":175500},{"address":"17927.0 90 STREET NW","assessed_value":387000},{"address":"1107.0 37B AVENUE NW","assessed_value":423500},{"address":"nan nan","assessed_value":10000},{"address":"15127.0 33 STREET NW","assessed_value":463000},{"address":"8028.0 109 STREET NW","assessed_value":314500},{"address":"nan nan","assessed_value":4000},{"address":"2351.0 28 AVENUE NW","assessed_value":406000},{"address":"9525.0 162 AVENUE NW","assessed_value":149500},{"address":"803.0 170 STREET NW","assessed_value":96500},{"address":"3524.0 11 STREET NW","assessed_value":456000},{"address":"12928.0 64 STREET NW","assessed_value":58500},{"address":"nan nan","assessed_value":9500},{"address":"6157.0 MAYNARD CRESCENT NW","assessed_value":746000},{"address":"14116.0 147 AVENUE NW","assessed_value":513500},{"address":"nan nan","assessed_value":18500},{"address":"nan nan","assessed_value":9500},{"address":"nan nan","assessed_value":7500},{"address":"2123.0 HAMMOND COURT NW","assessed_value":370500},{"address":"10035.0 155 STREET NW","assessed_value":71000},{"address":"12928.0 64 STREET NW","assessed_value":56000},{"address":"nan nan","assessed_value":9500},{"address":"10309.0 107 STREET NW","assessed_value":356000},{"address":"nan nan","assessed_value":2500},{"address":"20624.0 92 AVENUE NW","assessed_value":543000},{"address":"9704.0 12 AVENUE SW","assessed_value":40824000},{"address":"5350.0 199 STREET NW","assessed_value":170000},{"address":"nan nan","assessed_value":7500},{"address":"12550.0 140 AVENUE NW","assessed_value":148500},{"address":"11851.0 21 AVENUE SW","assessed_value":377500},{"address":"11140.0 68 AVENUE NW","assessed_value":310000},{"address":"nan nan","assessed_value":18500},{"address":"4908.0 207 STREET NW","assessed_value":496000},{"address":"7414.0 14A AVENUE SW","assessed_value":359000},{"address":"607.0 ADAMS WAY SW","assessed_value":626500},{"address":"7132.0 169 AVENUE NW","assessed_value":668000},{"address":"3425.0 19 STREET NW","assessed_value":169500},{"address":"9939.0 109 STREET NW","assessed_value":161500},{"address":"2816.0 34 AVENUE NW","assessed_value":261500},{"address":"150.0 EDWARDS DRIVE SW","assessed_value":238000},{"address":"nan nan","assessed_value":9500},{"address":"nan nan","assessed_value":3000},{"address":"12831.0 66 STREET NW","assessed_value":51000},{"address":"13908.0 136 STREET NW","assessed_value":159500},{"address":"10131.0 159 STREET NW","assessed_value":95500},{"address":"6205.0 98 AVENUE NW","assessed_value":53500},{"address":"5920.0 7 AVENUE SW","assessed_value":575000},{"address":"7528.0 170 AVENUE NW","assessed_value":491000},{"address":"nan nan","assessed_value":3000},{"address":"3752.0 13 STREET NW","assessed_value":568000},{"address":"8453.0 SLOANE CRESCENT NW","assessed_value":522000},{"address":"7707.0 SCHMID CRESCENT NW","assessed_value":405000},{"address":"13508.0 161 AVENUE NW","assessed_value":558000},{"address":"nan nan","assessed_value":4000},{"address":"4504.0 DONSDALE DRIVE NW","assessed_value":1023000},{"address":"119.0 AMBLESIDE DRIVE SW","assessed_value":624000},{"address":"10945.0 83 STREET NW","assessed_value":82500},{"address":"2816.0 34 AVENUE NW","assessed_value":261500},{"address":"nan nan","assessed_value":18500},{"address":"6042.0 MAYNARD WAY NW","assessed_value":722500},{"address":"nan nan","assessed_value":18500},{"address":"nan nan","assessed_value":6500},{"address":"13005.0 140 AVENUE NW","assessed_value":174000},{"address":"4469.0 MCCRAE AVENUE NW","assessed_value":411000},{"address":"20615.0 48 AVENUE NW","assessed_value":473000},{"address":"nan nan","assessed_value":7500},{"address":"nan nan","assessed_value":3000},{"address":"nan nan","assessed_value":7500},{"address":"nan nan","assessed_value":9500},{"address":"nan nan","assessed_value":7500},{"address":"719.0 HARDY POINT NW","assessed_value":645500},{"address":"841.0 156 STREET NW","assessed_value":550000},{"address":"10945.0 83 STREET NW","assessed_value":63500},{"address":"13615.0 34 STREET NW","assessed_value":324500},{"address":"nan nan","assessed_value":9500},{"address":"9318.0 CAMERON AVENUE NW","assessed_value":500},{"address":"nan nan","assessed_value":14000},{"address":"11453.0 ELLERSLIE ROAD SW","assessed_value":175500},{"address":"3303.0 18 STREET NW","assessed_value":548500},{"address":"16035.0 132 STREET NW","assessed_value":278500},{"address":"10633.0 81 AVENUE NW","assessed_value":122500},{"address":"2319.0 MARTELL LANE NW","assessed_value":11500},{"address":"11735.0 124 STREET NW","assessed_value":57000},{"address":"nan nan","assessed_value":6500},{"address":"4304.0 139 AVENUE NW","assessed_value":158500},{"address":"5350.0 199 STREET NW","assessed_value":229000},{"address":"5928.0 165 AVENUE NW","assessed_value":448000},{"address":"16112.0 46 STREET NW","assessed_value":511500},{"address":"20516.0 48 AVENUE NW","assessed_value":420000},{"address":"10620.0 122 STREET NW","assessed_value":93500},{"address":"10624.0 123 STREET NW","assessed_value":93000},{"address":"936.0 SUMMERSIDE LINK SW","assessed_value":704500},{"address":"2096.0 BLACKMUD CREEK DRIVE SW","assessed_value":231500},{"address":"120.0 MAGRATH ROAD NW","assessed_value":344000},{"address":"1424.0 75 STREET SW","assessed_value":357000},{"address":"4227.0 162 AVENUE NW","assessed_value":483500},{"address":"844.0 CHAHLEY WAY NW","assessed_value":550500},{"address":"13635.0 34 STREET NW","assessed_value":148000},{"address":"5925.0 164 AVENUE NW","assessed_value":336500},{"address":"10624.0 123 STREET NW","assessed_value":103000},{"address":"4927.0 TERWILLEGAR COMMON NW","assessed_value":441500},{"address":"nan nan","assessed_value":7000},{"address":"nan nan","assessed_value":4500},{"address":"9015.0 20 AVENUE SW","assessed_value":925500},{"address":"nan nan","assessed_value":7000},{"address":"nan nan","assessed_value":22500},{"address":"nan nan","assessed_value":9500},{"address":"821.0 HARDY PLACE NW","assessed_value":672500},{"address":"2420.0 32 STREET NW","assessed_value":490500},{"address":"160.0 MAGRATH ROAD NW","assessed_value":201000},{"address":"150.0 EDWARDS DRIVE SW","assessed_value":255000},{"address":"nan nan","assessed_value":7500},{"address":"1593.0 RUTHERFORD ROAD SW","assessed_value":391000},{"address":"nan nan","assessed_value":5000},{"address":"10818.0 JASPER AVENUE NW","assessed_value":17352000},{"address":"13635.0 34 STREET NW","assessed_value":185500},{"address":"3040.0 SPENCE WYND SW","assessed_value":192000},{"address":"3758.0 13 STREET NW","assessed_value":524500},{"address":"3040.0 SPENCE WYND SW","assessed_value":187000},{"address":"4835.0 104A STREET NW","assessed_value":160000},{"address":"9525.0 162 AVENUE NW","assessed_value":163000},{"address":"5335.0 MULLEN BEND NW","assessed_value":765000},{"address":"1360.0 117 STREET SW","assessed_value":522000},{"address":"2809.0 23 STREET NW","assessed_value":339500},{"address":"2406.0 CAMERON RAVINE DRIVE NW","assessed_value":1679000},{"address":"5604.0 199 STREET NW","assessed_value":268000},{"address":"nan nan","assessed_value":22500},{"address":"11809.0 21 AVENUE SW","assessed_value":362000},{"address":"21104.0 48 AVENUE NW","assessed_value":924500},{"address":"11233.0 124 STREET NW","assessed_value":68000},{"address":"4410.0 17 STREET NW","assessed_value":38451000},{"address":"nan nan","assessed_value":18500},{"address":"nan nan","assessed_value":4000},{"address":"311.0 CALLAGHAN CLOSE SW","assessed_value":638500},{"address":"21913.0 94A AVENUE NW","assessed_value":538500},{"address":"841.0 156 STREET NW","assessed_value":502500},{"address":"2875.0 36 AVENUE NW","assessed_value":639000},{"address":"716.0 60 STREET SW","assessed_value":479500},{"address":"13907.0 136 STREET NW","assessed_value":163000},{"address":"nan nan","assessed_value":7000},{"address":"8528.0 82 AVENUE NW","assessed_value":151000},{"address":"6909.0 STROM LANE NW","assessed_value":638500},{"address":"5340.0 199 STREET NW","assessed_value":159500},{"address":"20739.0 89 AVENUE NW","assessed_value":594000},{"address":"8646.0 SLOANE COURT NW","assessed_value":616500},{"address":"13111.0 140 AVENUE NW","assessed_value":175500},{"address":"14259.0 50 STREET NW","assessed_value":147000},{"address":"nan nan","assessed_value":8500},{"address":"10319.0 111 STREET NW","assessed_value":272000},{"address":"nan nan","assessed_value":5500},{"address":"9725.0 82 AVENUE NW","assessed_value":114000},{"address":"3425.0 19 STREET NW","assessed_value":153000},{"address":"11951.0 20 AVENUE SW","assessed_value":368000},{"address":"nan nan","assessed_value":7500},{"address":"nan nan","assessed_value":9500},{"address":"4817.0 209A STREET NW","assessed_value":581500},{"address":"nan nan","assessed_value":7500},{"address":"nan nan","assessed_value":7000},{"address":"1432.0 37C AVENUE NW","assessed_value":479000},{"address":"237.0 AMBLESIDE DRIVE SW","assessed_value":655000},{"address":"10225.0 117 STREET NW","assessed_value":104500},{"address":"3723.0 140 AVENUE NW","assessed_value":436000},{"address":"10725.0 111 STREET NW","assessed_value":88500},{"address":"nan nan","assessed_value":5500},{"address":"6113.0 8 AVENUE SW","assessed_value":342500},{"address":"9028.0 20 AVENUE SW","assessed_value":871500},{"address":"1412.0 MALONE GREEN NW","assessed_value":793000},{"address":"21909.0 94A AVENUE NW","assessed_value":517000},{"address":"8109.0 SHASKE DRIVE NW","assessed_value":588500},{"address":"15667.0 42 STREET NW","assessed_value":434500},{"address":"4407.0 23 STREET NW","assessed_value":126000},{"address":"16608.0 59 STREET NW","assessed_value":512000},{"address":"9750.0 62 STREET NW","assessed_value":69000},{"address":"5907.0 6 AVENUE SW","assessed_value":620000},{"address":"nan nan","assessed_value":3000},{"address":"nan nan","assessed_value":4000},{"address":"2031.0 BRENNAN CRESCENT NW","assessed_value":531000},{"address":"nan nan","assessed_value":3000},{"address":"nan nan","assessed_value":4000},{"address":"3761.0 13 STREET NW","assessed_value":503500},{"address":"nan nan","assessed_value":7000},{"address":"155.0 EDWARDS DRIVE SW","assessed_value":157500},{"address":"3425.0 19 STREET NW","assessed_value":149000},{"address":"160.0 MAGRATH ROAD NW","assessed_value":194500},{"address":"160.0 MAGRATH ROAD NW","assessed_value":269000},{"address":"nan nan","assessed_value":9500},{"address":"2503.0 24 STREET NW","assessed_value":278500},{"address":"21713.0 94A AVENUE NW","assessed_value":534500},{"address":"nan nan","assessed_value":5500},{"address":"1563.0 37A AVENUE NW","assessed_value":456000},{"address":"3075.0 TRELLE CRESCENT NW","assessed_value":272000},{"address":"11218.0 80 STREET NW","assessed_value":126500},{"address":"5911.0 8 AVENUE SW","assessed_value":353500},{"address":"9740.0 62 STREET NW","assessed_value":74500},{"address":"8215.0 83 AVENUE NW","assessed_value":142500},{"address":"nan nan","assessed_value":7500},{"address":"4405.0 MCCLUNG COURT NW","assessed_value":681500},{"address":"3425.0 19 STREET NW","assessed_value":154500},{"address":"226.0 MACEWAN ROAD SW","assessed_value":150500},{"address":"10745.0 83 AVENUE NW","assessed_value":277500},{"address":"2322.0 27 AVENUE NW","assessed_value":394000},{"address":"10028.0 119 STREET NW","assessed_value":287500},{"address":"4812.0 212 STREET NW","assessed_value":751500},{"address":"nan nan","assessed_value":14500},{"address":"12928.0 64 STREET NW","assessed_value":62500},{"address":"nan nan","assessed_value":18500},{"address":"16820.0 73 STREET NW","assessed_value":528500},{"address":"nan nan","assessed_value":18500},{"address":"6479.0 SANDIN CRESCENT NW","assessed_value":535000},{"address":"3010.0 33 AVENUE NW","assessed_value":250500},{"address":"3728.0 141 AVENUE NW","assessed_value":440000},{"address":"nan nan","assessed_value":7500},{"address":"11308.0 108 AVENUE NW","assessed_value":108000},{"address":"12924.0 118 AVENUE NW","assessed_value":90000},{"address":"8759.0 STEIN LANE NW","assessed_value":389000},{"address":"nan nan","assessed_value":3000},{"address":"nan nan","assessed_value":8500},{"address":"nan nan","assessed_value":16000},{"address":"5929.0 165 AVENUE NW","assessed_value":489000},{"address":"nan nan","assessed_value":3000},{"address":"748.0 HARDY POINT NW","assessed_value":629500},{"address":"nan nan","assessed_value":22500},{"address":"20803.0 55 AVENUE NW","assessed_value":496000},{"address":"nan nan","assessed_value":6500},{"address":"6608.0 SANDIN COVE NW","assessed_value":727000},{"address":"nan nan","assessed_value":7500},{"address":"13111.0 140 AVENUE NW","assessed_value":196500},{"address":"nan nan","assessed_value":9500},{"address":"16807.0 100 AVENUE NW","assessed_value":163500},{"address":"21004.0 59 AVENUE NW","assessed_value":434000},{"address":"nan nan","assessed_value":6500},{"address":"9525.0 162 AVENUE NW","assessed_value":152500},{"address":"nan nan","assessed_value":18500},{"address":"2603.0 HEWES WAY NW","assessed_value":283500},{"address":"nan nan","assessed_value":22500},{"address":"10021.0 116 STREET NW","assessed_value":124000},{"address":"17407.0 99 AVENUE NW","assessed_value":207500},{"address":"nan nan","assessed_value":4500},{"address":"2096.0 BLACKMUD CREEK DRIVE SW","assessed_value":139500},{"address":"1942.0 119A STREET SW","assessed_value":361500},{"address":"6989.0 STROM LANE NW","assessed_value":497000},{"address":"8631.0 108 STREET NW","assessed_value":410000},{"address":"nan nan","assessed_value":7500},{"address":"nan nan","assessed_value":4500},{"address":"nan nan","assessed_value":2500},{"address":"1640.0 MALONE WAY NW","assessed_value":724500},{"address":"3705.0 MCLAY GREEN NW","assessed_value":615500},{"address":"2445.0 MARTELL CRESCENT NW","assessed_value":1403000},{"address":"10165.0 113 STREET NW","assessed_value":154500},{"address":"17903.0 89 STREET NW","assessed_value":520000},{"address":"nan nan","assessed_value":9500},{"address":"nan nan","assessed_value":14000},{"address":"nan nan","assessed_value":7500},{"address":"10815.0 83 AVENUE NW","assessed_value":150500},{"address":"4407.0 23 STREET NW","assessed_value":126000},{"address":"6920.0 17 AVENUE SW","assessed_value":741000},{"address":"nan nan","assessed_value":16000},{"address":"6924.0 14 AVENUE SW","assessed_value":754000},{"address":"9707.0 106 STREET NW","assessed_value":257500},{"address":"nan nan","assessed_value":4000},{"address":"21316.0 91A AVENUE NW","assessed_value":398000},{"address":"150.0 EDWARDS DRIVE SW","assessed_value":181500},{"address":"11214.0 80 STREET NW","assessed_value":131000},{"address":"15211.0 139 STREET NW","assessed_value":171000},{"address":"10415.0 93 STREET NW","assessed_value":97500},{"address":"17415.0 99 AVENUE NW","assessed_value":189500},{"address":"nan nan","assessed_value":7500},{"address":"3063.0 SPENCE WYND SW","assessed_value":561000},{"address":"6015.0 4 AVENUE SW","assessed_value":674000},{"address":"nan nan","assessed_value":500},{"address":"10203.0 156 STREET NW","assessed_value":75500},{"address":"17535.0 110 STREET NW","assessed_value":661500},{"address":"14208.0 36 STREET NW","assessed_value":305500},{"address":"13908.0 136 STREET NW","assessed_value":155500},{"address":"10160.0 83 AVENUE NW","assessed_value":147000},{"address":"20504.0 92 AVENUE NW","assessed_value":636500},{"address":"1922.0 119A STREET SW","assessed_value":363000},{"address":"12831.0 66 STREET NW","assessed_value":52000},{"address":"nan nan","assessed_value":3000},{"address":"16744.0 119 STREET NW","assessed_value":493000},{"address":"2083.0 126 STREET SW","assessed_value":528500},{"address":"21116.0 48 AVENUE NW","assessed_value":719500},{"address":"10434.0 125 STREET NW","assessed_value":109000},{"address":"3425.0 19 STREET NW","assessed_value":153000},{"address":"7617.0 SCHMID CRESCENT NW","assessed_value":523500},{"address":"6006.0 STINSON ROAD NW","assessed_value":605500},{"address":"nan nan","assessed_value":16000},{"address":"5280.0 TERWILLEGAR BOULEVARD NW","assessed_value":183500},{"address":"4723.0 203 STREET NW","assessed_value":471000},{"address":"16419.0 43 STREET NW","assessed_value":526000},{"address":"nan nan","assessed_value":14500},{"address":"nan nan","assessed_value":10000},{"address":"146.0 63 STREET SW","assessed_value":419500},{"address":"nan nan","assessed_value":4000},{"address":"4816.0 DONSDALE DRIVE NW","assessed_value":1176000},{"address":"3223.0 26 AVENUE NW","assessed_value":508500},{"address":"10606.0 123 STREET NW","assessed_value":106500},{"address":"646.0 MCALLISTER LOOP SW","assessed_value":170500},{"address":"9020.0 JASPER AVENUE NW","assessed_value":214500},{"address":"nan nan","assessed_value":7500},{"address":"15920.0 109 AVENUE NW","assessed_value":89000},{"address":"nan nan","assessed_value":9500},{"address":"nan nan","assessed_value":6500},{"address":"nan nan","assessed_value":4000},{"address":"nan nan","assessed_value":8500},{"address":"526.0 CALLAGHAN POINTE SW","assessed_value":932500},{"address":"4812.0 DONSDALE DRIVE NW","assessed_value":1425500},{"address":"659.0 SILVER BERRY ROAD NW","assessed_value":630000},{"address":"13005.0 140 AVENUE NW","assessed_value":218000},{"address":"nan nan","assessed_value":6500},{"address":"882.0 EBBERS CRESCENT NW","assessed_value":741500},{"address":"11344.0 13 AVENUE SW","assessed_value":573000},{"address":"nan nan","assessed_value":6500},{"address":"5019.0 210 STREET NW","assessed_value":774000},{"address":"13907.0 136 STREET NW","assessed_value":133500},{"address":"9129.0 83 AVENUE NW","assessed_value":382000},{"address":"6026.0 1A AVENUE SW","assessed_value":341000},{"address":"14136.0 147 AVENUE NW","assessed_value":478500},{"address":"1218.0 DECKER WAY NW","assessed_value":812000},{"address":"2816.0 34 AVENUE NW","assessed_value":266500},{"address":"11441.0 ELLERSLIE ROAD SW","assessed_value":133000},{"address":"8640.0 106 AVENUE NW","assessed_value":53000},{"address":"2937.0 26 STREET NW","assessed_value":190000},{"address":"nan nan","assessed_value":9500},{"address":"nan nan","assessed_value":10000},{"address":"7833.0 SCHMID PLACE NW","assessed_value":424500},{"address":"10745.0 83 AVENUE NW","assessed_value":212500},{"address":"1327.0 118A STREET SW","assessed_value":515500},{"address":"17448.0 108 STREET NW","assessed_value":1003500},{"address":"5340.0 199 STREET NW","assessed_value":190000},{"address":"335.0 GRIESBACH SCHOOL ROAD NW","assessed_value":592000},{"address":"160.0 MAGRATH ROAD NW","assessed_value":222000},{"address":"nan nan","assessed_value":3000},{"address":"8092.0 SHASKE DRIVE NW","assessed_value":555500},{"address":"1231.0 AINSLIE WAY SW","assessed_value":555000},{"address":"nan nan","assessed_value":10000},{"address":"3610.0 43 AVENUE NW","assessed_value":101000},{"address":"6234.0 1A AVENUE SW","assessed_value":352000},{"address":"4827.0 104A STREET NW","assessed_value":204000},{"address":"13635.0 34 STREET NW","assessed_value":151500},{"address":"1526.0 37C AVENUE NW","assessed_value":470500},{"address":"4611.0 213 STREET NW","assessed_value":449000},{"address":"nan nan","assessed_value":6500},{"address":"16017.0 46 STREET NW","assessed_value":542000},{"address":"11040.0 129 STREET NW","assessed_value":133000},{"address":"10335.0 117 STREET NW","assessed_value":113500},{"address":"160.0 MAGRATH ROAD NW","assessed_value":215000},{"address":"10319.0 111 STREET NW","assessed_value":271500},{"address":"10920.0 53 AVENUE NW","assessed_value":74500},{"address":"11333.0 167A AVENUE NW","assessed_value":460000},{"address":"nan nan","assessed_value":3000},{"address":"5604.0 199 STREET NW","assessed_value":276000},{"address":"1530.0 MALONE CLOSE NW","assessed_value":755500},{"address":"nan nan","assessed_value":7500},{"address":"nan nan","assessed_value":9500},{"address":"nan nan","assessed_value":3000},{"address":"10309.0 107 STREET NW","assessed_value":390500},{"address":"nan nan","assessed_value":6500},{"address":"5350.0 199 STREET NW","assessed_value":162000},{"address":"14008.0 38 STREET NW","assessed_value":447500},{"address":"513.0 STEWART CRESCENT SW","assessed_value":640500},{"address":"10615.0 110 STREET NW","assessed_value":76000},{"address":"532.0 ADAMS WAY SW","assessed_value":585000},{"address":"10131.0 159 STREET NW","assessed_value":118000},{"address":"1368.0 118A STREET SW","assessed_value":533500},{"address":"13612.0 160 AVENUE NW","assessed_value":677000},{"address":"9525.0 162 AVENUE NW","assessed_value":152000},{"address":"4407.0 23 STREET NW","assessed_value":183000},{"address":"9523.0 220 STREET NW","assessed_value":602000},{"address":"5931.0 3 AVENUE SW","assessed_value":400000},{"address":"2436.0 GUARDIAN ROAD NW","assessed_value":172000},{"address":"131.0 61 STREET SW","assessed_value":427000},{"address":"nan nan","assessed_value":6500},{"address":"21327.0 91A AVENUE NW","assessed_value":403500},{"address":"nan nan","assessed_value":8500},{"address":"5531.0 207 STREET NW","assessed_value":504500},{"address":"14205.0 96 AVENUE NW","assessed_value":516500},{"address":"13907.0 136 STREET NW","assessed_value":164500},{"address":"16419.0 45 STREET NW","assessed_value":431500},{"address":"226.0 MACEWAN ROAD SW","assessed_value":208500},{"address":"2321.0 LEMIEUX PLACE NW","assessed_value":421000},{"address":"4821.0 TERWILLEGAR COMMON NW","assessed_value":263500},{"address":"nan nan","assessed_value":3000},{"address":"2096.0 BLACKMUD CREEK DRIVE SW","assessed_value":165500},{"address":"7837.0 170A AVENUE NW","assessed_value":504000},{"address":"13111.0 140 AVENUE NW","assessed_value":179000},{"address":"nan nan","assessed_value":4000},{"address":"9103.0 SCOTT CRESCENT NW","assessed_value":349500},{"address":"4534.0 DONSDALE DRIVE NW","assessed_value":994000},{"address":"11120.0 68 AVENUE NW","assessed_value":346000},{"address":"nan nan","assessed_value":7000},{"address":"10633.0 81 AVENUE NW","assessed_value":132000},{"address":"6113.0 98 AVENUE NW","assessed_value":56500},{"address":"nan nan","assessed_value":6500},{"address":"nan nan","assessed_value":6500},{"address":"nan nan","assessed_value":4000},{"address":"2031.0 BRENNAN CRESCENT NW","assessed_value":487000},{"address":"9725.0 82 AVENUE NW","assessed_value":95000},{"address":"10309.0 107 STREET NW","assessed_value":346500},{"address":"14208.0 36 STREET NW","assessed_value":292000},{"address":"150.0 EDWARDS DRIVE SW","assessed_value":253500},{"address":"20624.0 48 AVENUE NW","assessed_value":591500},{"address":"6906.0 STROM LANE NW","assessed_value":537000},{"address":"3743.0 140 AVENUE NW","assessed_value":460500},{"address":"nan nan","assessed_value":4000},{"address":"13411.0 162 AVENUE NW","assessed_value":489500},{"address":"nan nan","assessed_value":7500},{"address":"5957.0 164 AVENUE NW","assessed_value":340500},{"address":"1011.0 118A STREET SW","assessed_value":501000}]