[{"address":"9032.0 152 STREET NW","assessed_value":292000},{"address":"9811.0 167 STREET NW","assessed_value":339000},{"address":"6033.0 30 STREET NW","assessed_value":2495500},{"address":"8409.0 169 STREET NW","assessed_value":2265500},{"address":"8732.0 153 STREET NW","assessed_value":358500},{"address":"11115.0 80 AVENUE NW","assessed_value":277000},{"address":"100.0 WALKER ROAD NW","assessed_value":593000},{"address":"10740.0 UNIVERSITY AVENUE NW","assessed_value":135000},{"address":"5905.0 188 STREET NW","assessed_value":363000},{"address":"1624.0 48 STREET NW","assessed_value":117500},{"address":"7116.0 187A STREET NW","assessed_value":457500},{"address":"7519.0 152B AVENUE NW","assessed_value":392000},{"address":"16523.0 80 AVENUE NW","assessed_value":359000},{"address":"3351.0 145 AVENUE NW","assessed_value":385500},{"address":"9604.0 31 AVENUE NW","assessed_value":3303000},{"address":"16016.0 87 AVENUE NW","assessed_value":356500},{"address":"nan nan","assessed_value":8000},{"address":"21350.0 107 AVENUE NW","assessed_value":1500000},{"address":"10721.0 116 STREET NW","assessed_value":101500},{"address":"10145.0 121 STREET NW","assessed_value":101500},{"address":"13833.0 30 STREET NW","assessed_value":170500},{"address":"265.0 HEAGLE CRESCENT NW","assessed_value":777500},{"address":"11019.0 107 STREET NW","assessed_value":88500},{"address":"18457.0 66 AVENUE NW","assessed_value":170500},{"address":"3550.0 42 STREET NW","assessed_value":192000},{"address":"3322.0 145 AVENUE NW","assessed_value":405500},{"address":"7604.0 29 AVENUE NW","assessed_value":154500},{"address":"9405.0 154 STREET NW","assessed_value":353500},{"address":"12841.0 65 STREET NW","assessed_value":73500},{"address":"16924.0 95 STREET NW","assessed_value":348500},{"address":"13806.0 24 STREET NW","assessed_value":81500},{"address":"9942.0 151 STREET NW","assessed_value":467000},{"address":"16621.0 93A AVENUE NW","assessed_value":372000},{"address":"408.0 WANYANDI ROAD NW","assessed_value":601500},{"address":"8729.0 163 STREET NW","assessed_value":369000},{"address":"12036.0 66 STREET NW","assessed_value":59500},{"address":"12029.0 162 AVENUE NW","assessed_value":185000},{"address":"9532.0 178A AVENUE NW","assessed_value":359000},{"address":"15921.0 93 AVENUE NW","assessed_value":377500},{"address":"327.0 WESTRIDGE ROAD NW","assessed_value":500},{"address":"15202.0 76 AVENUE NW","assessed_value":503500},{"address":"1651.0 46 STREET NW","assessed_value":202500},{"address":"230.0 WOLF WILLOW CRESCENT NW","assessed_value":632000},{"address":"8803.0 152B AVENUE NW","assessed_value":340000},{"address":"11111.0 26 AVENUE NW","assessed_value":256000},{"address":"14508.0 37 STREET NW","assessed_value":318000},{"address":"12017.0 162 AVENUE NW","assessed_value":185000},{"address":"5610.0 67 STREET NW","assessed_value":221000},{"address":"2019.0 108 STREET NW","assessed_value":347500},{"address":"9419.0 150 STREET NW","assessed_value":370500},{"address":"8408.0 190 STREET NW","assessed_value":383500},{"address":"3221.0 119 STREET NW","assessed_value":236500},{"address":"12141.0 JASPER AVENUE NW","assessed_value":123000},{"address":"15114.0 45 AVENUE NW","assessed_value":340500},{"address":"16034.0 93 AVENUE NW","assessed_value":377500},{"address":"3616.0 146 AVENUE NW","assessed_value":298000},{"address":"16404.0 83 AVENUE NW","assessed_value":381500},{"address":"3619.0 44 AVENUE NW","assessed_value":329500},{"address":"nan nan","assessed_value":8000},{"address":"9911.0 164 STREET NW","assessed_value":332000},{"address":"9328.0 152 STREET NW","assessed_value":668000},{"address":"21103.0 34 STREET NW","assessed_value":20500},{"address":"10710.0 214 STREET NW","assessed_value":1494000},{"address":"4025.0 37 STREET NW","assessed_value":388500},{"address":"9602.0 163 STREET NW","assessed_value":386000},{"address":"15935.0 PATRICIA DRIVE NW","assessed_value":776500},{"address":"15221.0 83 STREET NW","assessed_value":504000},{"address":"22630.0 110 AVENUE NW","assessed_value":631000},{"address":"15703.0 73A AVENUE NW","assessed_value":589500},{"address":"18240.0 84 AVENUE NW","assessed_value":134000},{"address":"8318.0 157 AVENUE NW","assessed_value":309500},{"address":"16624.0 78 AVENUE NW","assessed_value":453500},{"address":"10045.0 117 STREET NW","assessed_value":99500},{"address":"7218.0 183B STREET NW","assessed_value":312500},{"address":"1415.0 LAKEWOOD ROAD WEST NW","assessed_value":123500},{"address":"21115.0 108 AVENUE NW","assessed_value":547000},{"address":"7724.0 159 STREET NW","assessed_value":513000},{"address":"7332.0 183B STREET NW","assessed_value":298500},{"address":"10453.0 20 AVENUE NW","assessed_value":212000},{"address":"9736.0 150 STREET NW","assessed_value":361500},{"address":"900.0 RICE ROAD NW","assessed_value":584000},{"address":"2204.0 118 STREET NW","assessed_value":167000},{"address":"9154.0 179 AVENUE NW","assessed_value":374500},{"address":"9301.0 162 STREET NW","assessed_value":429000},{"address":"7336.0 188 STREET NW","assessed_value":366000},{"address":"626.0 WOLF WILLOW ROAD NW","assessed_value":670000},{"address":"16823.0 98A AVENUE NW","assessed_value":374500},{"address":"2703.0 79 STREET NW","assessed_value":136500},{"address":"9918.0 164 STREET NW","assessed_value":333000},{"address":"nan nan","assessed_value":5500},{"address":"240.0 WESTRIDGE ROAD NW","assessed_value":608500},{"address":"18827.0 81A AVENUE NW","assessed_value":461000},{"address":"7908.0 152B AVENUE NW","assessed_value":408000},{"address":"7348.0 189 STREET NW","assessed_value":345500},{"address":"15330.0 99 AVENUE NW","assessed_value":530000},{"address":"1620.0 48 STREET NW","assessed_value":75500},{"address":"10160.0 119 STREET NW","assessed_value":168500},{"address":"16551.0 10 STREET NW","assessed_value":1368000},{"address":"12841.0 65 STREET NW","assessed_value":74000},{"address":"1910.0 108 STREET NW","assessed_value":416000},{"address":"9131.0 156 STREET NW","assessed_value":351500},{"address":"15016.0 77 AVENUE NW","assessed_value":452000},{"address":"2333.0 119 AVENUE NE","assessed_value":1983500},{"address":"nan nan","assessed_value":8000},{"address":"11019.0 107 STREET NW","assessed_value":89500},{"address":"477.0 KIRKNESS ROAD NW","assessed_value":278500},{"address":"12121.0 JASPER AVENUE NW","assessed_value":148500},{"address":"7604.0 29 AVENUE NW","assessed_value":161500},{"address":"9816.0 156 STREET NW","assessed_value":68000},{"address":"12141.0 JASPER AVENUE NW","assessed_value":111500},{"address":"8223.0 189A STREET NW","assessed_value":367500},{"address":"10033.0 89 AVENUE NW","assessed_value":150000},{"address":"314.0 KIRKPATRICK CRESCENT NW","assessed_value":333000},{"address":"10111.0 158 AVENUE NW","assessed_value":243000},{"address":"14504.0 37 STREET NW","assessed_value":384000},{"address":"10160.0 119 STREET NW","assessed_value":152000},{"address":"15003.0 77 AVENUE NW","assessed_value":425500},{"address":"4121.0 41 STREET NW","assessed_value":332500},{"address":"717.0 RIDDELL STREET NW","assessed_value":559000},{"address":"153.0 CENTENNIAL COURT NW","assessed_value":181000},{"address":"10829.0 117 STREET NW","assessed_value":105500},{"address":"2628.0 MILL WOODS ROAD EAST NW","assessed_value":76500},{"address":"15405.0 75 AVENUE NW","assessed_value":516000},{"address":"12841.0 65 STREET NW","assessed_value":60000},{"address":"9808.0 169 STREET NW","assessed_value":377500},{"address":"9329.0 162 STREET NW","assessed_value":402500},{"address":"11115.0 80 AVENUE NW","assessed_value":302000},{"address":"9829.0 153 STREET NW","assessed_value":313000},{"address":"2908.0 116A AVENUE NW","assessed_value":82000},{"address":"8319.0 166 STREET NW","assessed_value":341000},{"address":"8019.0 162 STREET NW","assessed_value":355000},{"address":"9221.0 169 STREET NW","assessed_value":450000},{"address":"12125.0 JASPER AVENUE NW","assessed_value":418500},{"address":"1411.0 MILL WOODS ROAD EAST NW","assessed_value":177000},{"address":"18827.0 73 AVENUE NW","assessed_value":348000},{"address":"8716.0 160 STREET NW","assessed_value":368000},{"address":"16807.0 83 AVENUE NW","assessed_value":354000},{"address":"10149.0 SASKATCHEWAN DRIVE NW","assessed_value":155000},{"address":"2908.0 116A AVENUE NW","assessed_value":75500},{"address":"803.0 195 AVENUE NW","assessed_value":2500},{"address":"14511.0 52 STREET NW","assessed_value":159500},{"address":"15405.0 79A AVENUE NW","assessed_value":417500},{"address":"3504.0 42 STREET NW","assessed_value":192000},{"address":"13171.0 159 STREET NW","assessed_value":306000},{"address":"8415.0 152B AVENUE NW","assessed_value":359500},{"address":"nan nan","assessed_value":5500},{"address":"6113.0 38 AVENUE NW","assessed_value":190000},{"address":"14815.0 35 STREET NW","assessed_value":369000},{"address":"507.0 HEGLER CRESCENT NW","assessed_value":639500},{"address":"10045.0 117 STREET NW","assessed_value":130500},{"address":"3515.0 41 AVENUE NW","assessed_value":331500},{"address":"10149.0 SASKATCHEWAN DRIVE NW","assessed_value":164000},{"address":"nan nan","assessed_value":7000},{"address":"15922.0 94 AVENUE NW","assessed_value":374000},{"address":"18844.0 82 AVENUE NW","assessed_value":391000},{"address":"7807.0 156 STREET NW","assessed_value":488500},{"address":"14916.0 26 STREET NW","assessed_value":62500},{"address":"9615.0 152 STREET NW","assessed_value":451000},{"address":"9644.0 150 STREET NW","assessed_value":417000},{"address":"16725.0 106 STREET NW","assessed_value":201500},{"address":"8952.0 154 STREET NW","assessed_value":357500},{"address":"18425.0 95A AVENUE NW","assessed_value":354500},{"address":"7939.0 27 AVENUE NW","assessed_value":183500},{"address":"8112.0 187 STREET NW","assessed_value":405000},{"address":"16620.0 93A AVENUE NW","assessed_value":366000},{"address":"8808.0 163 STREET NW","assessed_value":354500},{"address":"8014.0 159 STREET NW","assessed_value":319000},{"address":"15809.0 83 AVENUE NW","assessed_value":410000},{"address":"1303.0 195 AVENUE NE","assessed_value":587500},{"address":"17411.0 92 AVENUE NW","assessed_value":244500},{"address":"8536.0 89 STREET NW","assessed_value":394000},{"address":"16725.0 106 STREET NW","assessed_value":221000},{"address":"3111.0 120 AVENUE NE","assessed_value":795000},{"address":"18943.0 82 AVENUE NW","assessed_value":393000},{"address":"nan nan","assessed_value":8000},{"address":"118.0 CENTENNIAL COURT NW","assessed_value":183000},{"address":"9010.0 41 AVENUE SW","assessed_value":945500},{"address":"16403.0 FORT ROAD NW","assessed_value":478500},{"address":"10138.0 116 STREET NW","assessed_value":154500},{"address":"15607.0 83A STREET NW","assessed_value":341500},{"address":"2204.0 118 STREET NW","assessed_value":213000},{"address":"248.0 RHATIGAN ROAD WEST NW","assessed_value":740000},{"address":"9404.0 176 AVENUE NW","assessed_value":376000},{"address":"2204.0 118 STREET NW","assessed_value":170500},{"address":"10135.0 SASKATCHEWAN DRIVE NW","assessed_value":195500},{"address":"9225.0 169 STREET NW","assessed_value":11500},{"address":"18104.0 4 AVENUE SW","assessed_value":1625000},{"address":"259.0 LYNNWOOD WAY NW","assessed_value":415500},{"address":"9810.0 178 STREET NW","assessed_value":127500},{"address":"18303.0 71A AVENUE NW","assessed_value":381500},{"address":"nan nan","assessed_value":8000},{"address":"607.0 WOLF WILLOW ROAD NW","assessed_value":642000},{"address":"2908.0 116A AVENUE NW","assessed_value":75500},{"address":"22910.0 120 AVENUE NW","assessed_value":752000},{"address":"9752.0 162 STREET NW","assessed_value":1000},{"address":"552.0 WOLF WILLOW ROAD NW","assessed_value":905000},{"address":"18816.0 80 AVENUE NW","assessed_value":457500},{"address":"10419.0 150 STREET NW","assessed_value":276500},{"address":"11848.0 87 STREET NW","assessed_value":89000},{"address":"17916.0 94 STREET NW","assessed_value":402500},{"address":"7212.0 183A STREET NW","assessed_value":336500},{"address":"17.0 WOLF WILLOW POINT NW","assessed_value":2500},{"address":"9245.0 151 STREET NW","assessed_value":319500},{"address":"454.0 KIRKPATRICK CRESCENT NW","assessed_value":342500},{"address":"10145.0 121 STREET NW","assessed_value":152500},{"address":"111.0 WALKER ROAD NW","assessed_value":566500},{"address":"11111.0 26 AVENUE NW","assessed_value":278000},{"address":"8128.0 190 STREET NW","assessed_value":3500},{"address":"16210.0 83 AVENUE NW","assessed_value":367000},{"address":"220.0 197 AVENUE NE","assessed_value":519000},{"address":"3221.0 119 STREET NW","assessed_value":237000},{"address":"7913.0 163 STREET NW","assessed_value":430500},{"address":"20115.0 107 AVENUE NW","assessed_value":339000},{"address":"63.0 PATRICIA CRESCENT NW","assessed_value":640000},{"address":"744.0 HENDRA CRESCENT NW","assessed_value":585000},{"address":"7816.0 152C AVENUE NW","assessed_value":381500},{"address":"43.0 WOLF CRESCENT NW","assessed_value":717000},{"address":"8634.0 152B AVENUE NW","assessed_value":540000},{"address":"17817.0 93 STREET NW","assessed_value":0},{"address":"7228.0 152B AVENUE NW","assessed_value":417500},{"address":"9642.0 157 STREET NW","assessed_value":259500},{"address":"10511.0 19 AVENUE NW","assessed_value":146500},{"address":"223.0 WESTRIDGE ROAD NW","assessed_value":657500},{"address":"9531.0 180 AVENUE NW","assessed_value":410000},{"address":"21750.0 131A AVENUE NW","assessed_value":39000},{"address":"9801.0 163 STREET NW","assessed_value":453000},{"address":"nan nan","assessed_value":12000},{"address":"9902.0 150 STREET NW","assessed_value":1639500},{"address":"14820.0 35 STREET NW","assessed_value":280000},{"address":"10453.0 20 AVENUE NW","assessed_value":206000},{"address":"5514.0 20A AVENUE NW","assessed_value":290000},{"address":"9610.0 158 STREET NW","assessed_value":358500},{"address":"9152.0 152 STREET NW","assessed_value":339500},{"address":"15232.0 85 AVENUE NW","assessed_value":374500},{"address":"15711.0 78 STREET NW","assessed_value":373500},{"address":"12455.0 153 STREET NW","assessed_value":3461500},{"address":"15703.0 79 STREET NW","assessed_value":364500},{"address":"5716.0 128 AVENUE NW","assessed_value":1000},{"address":"18427.0 95A AVENUE NW","assessed_value":359500},{"address":"6433.0 20 STREET NW","assessed_value":1197500},{"address":"16507.0 83 AVENUE NW","assessed_value":69500},{"address":"375.0 WOODVALE ROAD EAST NW","assessed_value":49000},{"address":"10149.0 SASKATCHEWAN DRIVE NW","assessed_value":172500},{"address":"13833.0 30 STREET NW","assessed_value":178500},{"address":"15214.0 82 AVENUE NW","assessed_value":391500},{"address":"2204.0 118 STREET NW","assessed_value":186000},{"address":"10149.0 SASKATCHEWAN DRIVE NW","assessed_value":196500},{"address":"nan nan","assessed_value":8000},{"address":"nan nan","assessed_value":5500},{"address":"4107.0 38 STREET NW","assessed_value":333000},{"address":"1057.0 109 STREET NW","assessed_value":329000},{"address":"10145.0 121 STREET NW","assessed_value":87500},{"address":"5307.0 21 AVENUE NW","assessed_value":308500},{"address":"7211.0 152B AVENUE NW","assessed_value":357500},{"address":"16506.0 85 AVENUE NW","assessed_value":360500},{"address":"8219.0 188 STREET NW","assessed_value":454000},{"address":"8724.0 164A STREET NW","assessed_value":357500},{"address":"20711.0 5 AVENUE SW","assessed_value":684500},{"address":"9712.0 167 STREET NW","assessed_value":328500},{"address":"1411.0 MILL WOODS ROAD EAST NW","assessed_value":172500},{"address":"178.0 WESTRIDGE ROAD NW","assessed_value":499000},{"address":"10511.0 19 AVENUE NW","assessed_value":123500},{"address":"9105.0 77 AVENUE NW","assessed_value":183000},{"address":"11429.0 124 STREET NW","assessed_value":95000},{"address":"12260.0 WINTERBURN ROAD NW","assessed_value":1500},{"address":"16304.0 41 AVENUE SW","assessed_value":748500},{"address":"3639.0 116 AVENUE NW","assessed_value":1125500},{"address":"18920.0 86A AVENUE NW","assessed_value":361500},{"address":"16502.0 92A AVENUE NW","assessed_value":450500},{"address":"7251.0 152B AVENUE NW","assessed_value":341500},{"address":"15110.0 78 AVENUE NW","assessed_value":555000},{"address":"52.0 PATRICIA CRESCENT NW","assessed_value":489000},{"address":"16519.0 79A AVENUE NW","assessed_value":369500},{"address":"4705.0 35 AVENUE NW","assessed_value":176500},{"address":"59.0 KINISKI CRESCENT NW","assessed_value":360500},{"address":"15619.0 77 STREET NW","assessed_value":390000},{"address":"8600.0 156 STREET NW","assessed_value":343000},{"address":"15211.0 86 AVENUE NW","assessed_value":451500},{"address":"3210.0 36 STREET NW","assessed_value":405000},{"address":"16136.0 90 AVENUE NW","assessed_value":352500},{"address":"10139.0 157 STREET NW","assessed_value":87500},{"address":"14638.0 25 STREET NW","assessed_value":163500},{"address":"3812.0 20 AVENUE NW","assessed_value":180000},{"address":"8624.0 152B AVENUE NW","assessed_value":431500},{"address":"15431.0 78 AVENUE NW","assessed_value":783500},{"address":"15816.0 75 AVENUE NW","assessed_value":774500},{"address":"10645.0 161 AVENUE NW","assessed_value":235500},{"address":"11164.0 83 AVENUE NW","assessed_value":299500},{"address":"17728.0 94 STREET NW","assessed_value":412000},{"address":"1901.0 SADDLEBACK ROAD NW","assessed_value":170500},{"address":"15922.0 88B AVENUE NW","assessed_value":393000},{"address":"9323.0 172 STREET NW","assessed_value":165500},{"address":"10662.0 11 AVENUE NW","assessed_value":577000},{"address":"10421.0 170 STREET NW","assessed_value":2065500},{"address":"7715.0 189 STREET NW","assessed_value":332500},{"address":"17116.0 100 STREET NW","assessed_value":166500},{"address":"16424.0 79A AVENUE NW","assessed_value":363000},{"address":"150.0 HEALY ROAD NW","assessed_value":578500},{"address":"14826.0 43 AVENUE NW","assessed_value":289000},{"address":"8412.0 156 AVENUE NW","assessed_value":293000},{"address":"7716.0 158 STREET NW","assessed_value":544500},{"address":"9530.0 49 STREET NW","assessed_value":1162000},{"address":"8103.0 190 STREET NW","assessed_value":412500},{"address":"16836.0 96 AVENUE NW","assessed_value":422000},{"address":"46.0 HUNTINGTON HILL NW","assessed_value":156500},{"address":"15315.0 RIO TERRACE DRIVE NW","assessed_value":1301500},{"address":"2908.0 116A AVENUE NW","assessed_value":82000},{"address":"16714.0 94 AVENUE NW","assessed_value":371000},{"address":"16705.0 94 AVENUE NW","assessed_value":371000},{"address":"205.0 CENTENNIAL COURT NW","assessed_value":192000},{"address":"16924.0 82A AVENUE NW","assessed_value":347000},{"address":"nan nan","assessed_value":5500},{"address":"18304.0 71A AVENUE NW","assessed_value":300000},{"address":"7319.0 17 STREET NW","assessed_value":7953500},{"address":"8319.0 165 STREET NW","assessed_value":310000},{"address":"10145.0 121 STREET NW","assessed_value":120000},{"address":"9241.0 172 STREET NW","assessed_value":169000},{"address":"15224.0 74 STREET NW","assessed_value":402000},{"address":"18916.0 74 AVENUE NW","assessed_value":305000},{"address":"10145.0 121 STREET NW","assessed_value":83000},{"address":"7213.0 180 STREET NW","assessed_value":196500},{"address":"9537.0 154 STREET NW","assessed_value":854500},{"address":"15716.0 86 AVENUE NW","assessed_value":395500},{"address":"2224.0 114 STREET NW","assessed_value":253000},{"address":"15025.0 86 AVENUE NW","assessed_value":399500},{"address":"16725.0 106 STREET NW","assessed_value":201500},{"address":"36.0 WILLOW WAY NW","assessed_value":755000},{"address":"3115.0 119 STREET NW","assessed_value":216500},{"address":"10033.0 89 AVENUE NW","assessed_value":191500},{"address":"15926.0 88B AVENUE NW","assessed_value":353500},{"address":"8922.0 153 STREET NW","assessed_value":345500},{"address":"11733.0 32A AVENUE NW","assessed_value":240000},{"address":"16220.0 84 AVENUE NW","assessed_value":360500},{"address":"18004.0 62B AVENUE NW","assessed_value":118000},{"address":"4077.0 MACTAGGART DRIVE NW","assessed_value":462500},{"address":"15208.0 74 AVENUE NW","assessed_value":461000},{"address":"73.0 WILLOW WAY NW","assessed_value":559500},{"address":"9411.0 153 STREET NW","assessed_value":291000},{"address":"5511.0 186 STREET NW","assessed_value":322500},{"address":"8340.0 JASPER AVENUE NW","assessed_value":159000},{"address":"8329.0 80 AVENUE NW","assessed_value":345000},{"address":"7715.0 156 STREET NW","assessed_value":488000},{"address":"16116.0 90 AVENUE NW","assessed_value":467000},{"address":"10442.0 14 AVENUE NW","assessed_value":520500},{"address":"15301.0 82 AVENUE NW","assessed_value":498000},{"address":"8340.0 JASPER AVENUE NW","assessed_value":113000},{"address":"10343.0 JASPER AVENUE NW","assessed_value":1016000},{"address":"9206.0 168 STREET NW","assessed_value":342500},{"address":"3619.0 42 AVENUE NW","assessed_value":320000},{"address":"10424.0 13 AVENUE NW","assessed_value":408500},{"address":"11115.0 80 AVENUE NW","assessed_value":260000},{"address":"15618.0 83 STREET NW","assessed_value":293000},{"address":"7919.0 159 STREET NW","assessed_value":342500},{"address":"386.0 KIRKPATRICK CRESCENT NW","assessed_value":348000},{"address":"9720.0 152 STREET NW","assessed_value":402000},{"address":"9734.0 153 STREET NW","assessed_value":274000},{"address":"2820.0 244 AVENUE NE","assessed_value":549500},{"address":"13833.0 30 STREET NW","assessed_value":185500},{"address":"22831.0 120 AVENUE NW","assessed_value":788000},{"address":"12121.0 JASPER AVENUE NW","assessed_value":108500},{"address":"3515.0 41B AVENUE NW","assessed_value":319500},{"address":"8313.0 166 STREET NW","assessed_value":360500},{"address":"18739.0 80 AVENUE NW","assessed_value":415500},{"address":"8018.0 160 STREET NW","assessed_value":483000},{"address":"9816.0 112 STREET NW","assessed_value":182000},{"address":"9102.0 169 STREET NW","assessed_value":320000},{"address":"nan nan","assessed_value":8000},{"address":"2907.0 104 STREET NW","assessed_value":355000},{"address":"1551.0 ELLERSLIE ROAD SW","assessed_value":1294500},{"address":"8108.0 125 AVENUE NW","assessed_value":49000},{"address":"2608.0 139 AVENUE NW","assessed_value":103000},{"address":"9816.0 156 STREET NW","assessed_value":76500},{"address":"10436.0 16 AVENUE NW","assessed_value":411000},{"address":"9120.0 149 STREET NW","assessed_value":2168500},{"address":"54.0 HUNTINGTON HILL NW","assessed_value":153000},{"address":"16609.0 95 AVENUE NW","assessed_value":392000},{"address":"8344.0 156 AVENUE NW","assessed_value":332000},{"address":"12923.0 WINTERBURN ROAD NW","assessed_value":9321500},{"address":"9353.0 158 STREET NW","assessed_value":390000},{"address":"10149.0 SASKATCHEWAN DRIVE NW","assessed_value":179500},{"address":"9824.0 167 STREET NW","assessed_value":367500},{"address":"16408.0 89 AVENUE NW","assessed_value":293500},{"address":"77.0 WESTRIDGE ROAD NW","assessed_value":1038500},{"address":"10032.0 113 STREET NW","assessed_value":238000},{"address":"16315.0 87 AVENUE NW","assessed_value":307000},{"address":"18403.0 96 AVENUE NW","assessed_value":330500},{"address":"8403.0 189 STREET NW","assessed_value":422000},{"address":"8535.0 190 STREET NW","assessed_value":453000},{"address":"5321.0 ROPER ROAD NW","assessed_value":2147000},{"address":"3111.0 142 AVENUE NW","assessed_value":133000},{"address":"3010.0 111A STREET SW","assessed_value":73500},{"address":"6712.0 152B AVENUE NW","assessed_value":365000},{"address":"17724.0 91 STREET NW","assessed_value":347000},{"address":"104.0 ROCHE CRESCENT NW","assessed_value":579000},{"address":"14816.0 26 STREET NW","assessed_value":54000},{"address":"9934.0 159 STREET NW","assessed_value":795500},{"address":"11855.0 MERIDIAN STREET NE","assessed_value":6252000},{"address":"15841.0 94A AVENUE NW","assessed_value":475000},{"address":"11824.0 86 STREET NW","assessed_value":74000},{"address":"8108.0 168 STREET NW","assessed_value":336500},{"address":"16326.0 96A AVENUE NW","assessed_value":326500},{"address":"7216.0 188 STREET NW","assessed_value":380500},{"address":"10145.0 121 STREET NW","assessed_value":82000},{"address":"10642.0 11 AVENUE NW","assessed_value":417500},{"address":"19.0 WESTRIDGE CRESCENT NW","assessed_value":477000},{"address":"13104.0 159 STREET NW","assessed_value":431000},{"address":"10045.0 117 STREET NW","assessed_value":109500},{"address":"1450.0 34 STREET SW","assessed_value":2116500},{"address":"7609.0 154 STREET NW","assessed_value":453500},{"address":"3203.0 104 STREET NW","assessed_value":505000},{"address":"12226.0 77 STREET NW","assessed_value":269500},{"address":"10816.0 21 AVENUE NW","assessed_value":425000},{"address":"10138.0 116 STREET NW","assessed_value":113000},{"address":"10160.0 119 STREET NW","assessed_value":148000},{"address":"18705.0 95A AVENUE NW","assessed_value":337000},{"address":"3115.0 119 STREET NW","assessed_value":227500},{"address":"9349.0 172 STREET NW","assessed_value":151000},{"address":"14514.0 101 AVENUE NW","assessed_value":532000},{"address":"13833.0 30 STREET NW","assessed_value":183500},{"address":"nan nan","assessed_value":7000},{"address":"18919.0 80 AVENUE NW","assessed_value":402000},{"address":"7209.0 183A STREET NW","assessed_value":329000},{"address":"8012.0 188B STREET NW","assessed_value":415000},{"address":"16037.0 95 AVENUE NW","assessed_value":343000},{"address":"8707.0 164A STREET NW","assessed_value":346500},{"address":"4019.0 37 STREET NW","assessed_value":319000},{"address":"nan nan","assessed_value":8000},{"address":"19015.0 70 AVENUE NW","assessed_value":375500},{"address":"15203.0 79A AVENUE NW","assessed_value":414000},{"address":"9742.0 54 AVENUE NW","assessed_value":2443000},{"address":"16487.0 115 STREET NW","assessed_value":186500},{"address":"nan nan","assessed_value":5500},{"address":"24.0 PATRICIA CRESCENT NW","assessed_value":558500},{"address":"15301.0 74 AVENUE NW","assessed_value":507000},{"address":"9203.0 172 STREET NW","assessed_value":180000},{"address":"9942.0 152 STREET NW","assessed_value":310000},{"address":"1939.0 104 STREET NW","assessed_value":114000},{"address":"16.0 WILLOW WAY NW","assessed_value":701500},{"address":"9727.0 161 STREET NW","assessed_value":267000},{"address":"10529.0 93 STREET NW","assessed_value":65500},{"address":"7425.0 170 STREET NW","assessed_value":17000},{"address":"8313.0 157 AVENUE NW","assessed_value":293500},{"address":"9930.0 157 STREET NW","assessed_value":662000},{"address":"9310.0 162 STREET NW","assessed_value":386500},{"address":"3021.0 WINTERBURN ROAD NW","assessed_value":11134500},{"address":"7311.0 183B STREET NW","assessed_value":364500},{"address":"7904.0 159 STREET NW","assessed_value":330000},{"address":"9415.0 151 STREET NW","assessed_value":287500},{"address":"1503.0 MILL WOODS ROAD EAST NW","assessed_value":138000},{"address":"9536.0 169 STREET NW","assessed_value":358000},{"address":"nan nan","assessed_value":8000},{"address":"8531.0 188 STREET NW","assessed_value":422500},{"address":"907.0 RICE ROAD NW","assessed_value":633000},{"address":"12.0 WESTRIDGE CRESCENT NW","assessed_value":706500},{"address":"10145.0 121 STREET NW","assessed_value":93500},{"address":"10175.0 114 STREET NW","assessed_value":110500},{"address":"9314.0 162 STREET NW","assessed_value":384000},{"address":"9339.0 180A AVENUE NW","assessed_value":355000},{"address":"8015.0 162 STREET NW","assessed_value":355500},{"address":"18010.0 98 AVENUE NW","assessed_value":191000},{"address":"8607.0 188 STREET NW","assessed_value":495000},{"address":"728.0 WANYANDI ROAD NW","assessed_value":942000},{"address":"12115.0 103 STREET NW","assessed_value":264500},{"address":"8110.0 162 STREET NW","assessed_value":359000},{"address":"8310.0 JASPER AVENUE NW","assessed_value":99000},{"address":"321.0 HEDLEY WAY NW","assessed_value":636000},{"address":"14528.0 37 STREET NW","assessed_value":323000},{"address":"11026.0 106 STREET NW","assessed_value":157500},{"address":"8311.0 160 STREET NW","assessed_value":374000},{"address":"10149.0 SASKATCHEWAN DRIVE NW","assessed_value":168500},{"address":"16409.0 115 STREET NW","assessed_value":186500},{"address":"14215.0 63 STREET NW","assessed_value":258000},{"address":"11848.0 87 STREET NW","assessed_value":77500},{"address":"9505.0 162 STREET NW","assessed_value":339500},{"address":"10149.0 SASKATCHEWAN DRIVE NW","assessed_value":142500},{"address":"11132.0 26 AVENUE NW","assessed_value":324000},{"address":"9255.0 41 AVENUE NW","assessed_value":3866500},{"address":"3631.0 30 AVENUE NW","assessed_value":191000},{"address":"2204.0 118 STREET NW","assessed_value":191500},{"address":"7338.0 183B STREET NW","assessed_value":378000},{"address":"9816.0 112 STREET NW","assessed_value":95000},{"address":"8300.0 154 STREET NW","assessed_value":395500},{"address":"7820.0 158 STREET NW","assessed_value":529500},{"address":"17127.0 63 AVENUE NW","assessed_value":135500},{"address":"10710.0 74 AVENUE NW","assessed_value":506500},{"address":"7708.0 161 STREET NW","assessed_value":534000},{"address":"16816.0 96 AVENUE NW","assessed_value":359000},{"address":"15316.0 89 AVENUE NW","assessed_value":2231000},{"address":"9835.0 161 STREET NW","assessed_value":347500},{"address":"17820.0 98 AVENUE NW","assessed_value":123000},{"address":"15603.0 79A STREET NW","assessed_value":395000},{"address":"10050.0 118 STREET NW","assessed_value":313500},{"address":"14511.0 52 STREET NW","assessed_value":164000},{"address":"74.0 HUNTINGTON HILL NW","assessed_value":155000},{"address":"3523.0 259 AVENUE NW","assessed_value":22500},{"address":"10807.0 20A AVENUE NW","assessed_value":331000},{"address":"15700.0 92A AVENUE NW","assessed_value":398500},{"address":"93.0 KINISKI CRESCENT NW","assessed_value":353000},{"address":"16903.0 95 STREET NW","assessed_value":218000},{"address":"9332.0 150 STREET NW","assessed_value":343000},{"address":"8753.0 152 STREET NW","assessed_value":285500},{"address":"4771.0 35 AVENUE NW","assessed_value":172000},{"address":"124.0 GRANDISLE WAY NW","assessed_value":746000},{"address":"15630.0 83 AVENUE NW","assessed_value":400500},{"address":"2908.0 116A AVENUE NW","assessed_value":82000},{"address":"9524.0 167 STREET NW","assessed_value":363500},{"address":"16030.0 95 AVENUE NW","assessed_value":399500},{"address":"425.0 KIRKPATRICK CRESCENT NW","assessed_value":377500},{"address":"9.0 WOLF WILLOW POINT NW","assessed_value":1095500},{"address":"9830.0 34 STREET NW","assessed_value":2208000},{"address":"1104.0 70 AVENUE NW","assessed_value":8877000},{"address":"18908.0 86 AVENUE NW","assessed_value":400500},{"address":"15148.0 90 AVENUE NW","assessed_value":632500},{"address":"15232.0 84 STREET NW","assessed_value":442000},{"address":"15910.0 88B AVENUE NW","assessed_value":323000},{"address":"15219.0 81 AVENUE NW","assessed_value":431500},{"address":"7635.0 154A STREET NW","assessed_value":556500},{"address":"21521.0 112 AVENUE NW","assessed_value":2375000},{"address":"9222.0 90 STREET NW","assessed_value":397500},{"address":"2608.0 139 AVENUE NW","assessed_value":98000},{"address":"10172.0 118 STREET NW","assessed_value":312000},{"address":"9230.0 165 STREET NW","assessed_value":374000},{"address":"3822.0 41 AVENUE NW","assessed_value":413000},{"address":"10511.0 19 AVENUE NW","assessed_value":99000},{"address":"10149.0 SASKATCHEWAN DRIVE NW","assessed_value":161500},{"address":"4604.0 74 AVENUE NW","assessed_value":1500},{"address":"7606.0 150 STREET NW","assessed_value":508000},{"address":"15710.0 BEAUMARIS ROAD NW","assessed_value":195000},{"address":"16720.0 18 STREET NW","assessed_value":257000},{"address":"10149.0 SASKATCHEWAN DRIVE NW","assessed_value":171000},{"address":"1414.0 77 AVENUE NW","assessed_value":2074000},{"address":"7548.0 152C AVENUE NW","assessed_value":539000},{"address":"6611.0 8 STREET NW","assessed_value":1503500},{"address":"103.0 GRANDISLE ROAD NW","assessed_value":696000},{"address":"1651.0 46 STREET NW","assessed_value":251500},{"address":"1820.0 56 STREET NW","assessed_value":189000},{"address":"7331.0 189 STREET NW","assessed_value":362000},{"address":"1651.0 46 STREET NW","assessed_value":201000},{"address":"4129.0 38 STREET NW","assessed_value":325500},{"address":"1016.0 WANYANDI WAY NW","assessed_value":661500},{"address":"18011.0 95 STREET NW","assessed_value":490500},{"address":"10740.0 UNIVERSITY AVENUE NW","assessed_value":171000},{"address":"7816.0 162 STREET NW","assessed_value":471000},{"address":"8403.0 157 STREET NW","assessed_value":376000},{"address":"16111.0 80 AVENUE NW","assessed_value":410500},{"address":"nan nan","assessed_value":5500},{"address":"10133.0 158 AVENUE NW","assessed_value":262000},{"address":"nan nan","assessed_value":8000},{"address":"18010.0 98 AVENUE NW","assessed_value":195000},{"address":"15710.0 BEAUMARIS ROAD NW","assessed_value":186000},{"address":"7312.0 155 STREET NW","assessed_value":506500},{"address":"200.0 WINDERMERE DRIVE NW","assessed_value":1789500},{"address":"10011.0 123 STREET NW","assessed_value":185500},{"address":"11826.0 100 AVENUE NW","assessed_value":643500},{"address":"15424.0 76A AVENUE NW","assessed_value":640000},{"address":"3404.0 18 AVENUE NW","assessed_value":78500},{"address":"17423.0 92 AVENUE NW","assessed_value":254500},{"address":"9922.0 153 STREET NW","assessed_value":374000},{"address":"156.0 WINDERMERE DRIVE NW","assessed_value":3087000},{"address":"16650.0 129 AVENUE NW","assessed_value":2598500},{"address":"12801.0 52 STREET NW","assessed_value":6132500},{"address":"9816.0 156 STREET NW","assessed_value":68500},{"address":"16427.0 115 STREET NW","assessed_value":186500},{"address":"64.0 WILLOW WAY NW","assessed_value":501000},{"address":"3739.0 CAMERON HEIGHTS PLACE NW","assessed_value":64500},{"address":"345.0 WESTRIDGE ROAD NW","assessed_value":550500},{"address":"10205.0 158 AVENUE NW","assessed_value":193000},{"address":"16604.0 78 AVENUE NW","assessed_value":451500},{"address":"15614.0 84 STREET NW","assessed_value":280000},{"address":"17107.0 63 AVENUE NW","assessed_value":133000},{"address":"12841.0 65 STREET NW","assessed_value":57500},{"address":"4403.0 RIVERBEND ROAD NW","assessed_value":214000},{"address":"3331.0 138 AVENUE NW","assessed_value":182500},{"address":"7318.0 183B STREET NW","assessed_value":316000},{"address":"9816.0 112 STREET NW","assessed_value":181000},{"address":"7920.0 152C AVENUE NW","assessed_value":384500},{"address":"23012.0 110 AVENUE NW","assessed_value":1786500},{"address":"1411.0 MILL WOODS ROAD EAST NW","assessed_value":169000},{"address":"16006.0 87A AVENUE NW","assessed_value":355000},{"address":"nan nan","assessed_value":259500},{"address":"1503.0 104 STREET NW","assessed_value":424000},{"address":"1012.0 107 STREET NW","assessed_value":428500},{"address":"16216.0 78 AVENUE NW","assessed_value":1785500},{"address":"209.0 GRANDISLE POINT NW","assessed_value":724000},{"address":"330.0 78 STREET SW","assessed_value":1362000},{"address":"9810.0 178 STREET NW","assessed_value":98500},{"address":"10855.0 21 AVENUE NW","assessed_value":322500},{"address":"9134.0 179 AVENUE NW","assessed_value":335500},{"address":"14512.0 34 STREET NW","assessed_value":297500},{"address":"14631.0 55 STREET NW","assessed_value":162500},{"address":"8105.0 188A STREET NW","assessed_value":404500},{"address":"2911.0 151 AVENUE NW","assessed_value":192500},{"address":"21131.0 31 STREET NE","assessed_value":548000},{"address":"2115.0 118 STREET NW","assessed_value":214000},{"address":"10135.0 SASKATCHEWAN DRIVE NW","assessed_value":203500},{"address":"10145.0 121 STREET NW","assessed_value":117500},{"address":"9726.0 161 STREET NW","assessed_value":285500},{"address":"54.0 WESTRIDGE ROAD NW","assessed_value":618000},{"address":"nan nan","assessed_value":8000},{"address":"15710.0 79A AVENUE NW","assessed_value":442500},{"address":"8621.0 152B AVENUE NW","assessed_value":368500},{"address":"17507.0 93 STREET NW","assessed_value":376000},{"address":"404.0 67 AVENUE NW","assessed_value":1867000},{"address":"14723.0 25 STREET NW","assessed_value":171000},{"address":"1651.0 46 STREET NW","assessed_value":222000},{"address":"8106.0 159 STREET NW","assessed_value":256500},{"address":"1540.0 78 AVENUE NW","assessed_value":103000},{"address":"128.0 KIRKWOOD WAY NW","assessed_value":304000},{"address":"11324.0 97 STREET NW","assessed_value":103000},{"address":"260.0 LAGO LINDO CRESCENT NW","assessed_value":336500},{"address":"1820.0 56 STREET NW","assessed_value":190500},{"address":"9946.0 163 STREET NW","assessed_value":280500},{"address":"14620.0 26 STREET NW","assessed_value":170500},{"address":"6530.0 184 STREET NW","assessed_value":170500},{"address":"10136.0 160 STREET NW","assessed_value":85000},{"address":"6610.0 8 STREET NW","assessed_value":645000},{"address":"15705.0 86 AVENUE NW","assessed_value":406500},{"address":"8326.0 166 STREET NW","assessed_value":356000},{"address":"14511.0 52 STREET NW","assessed_value":152000},{"address":"15013.0 26 STREET NW","assessed_value":182000},{"address":"10319.0 172 AVENUE NW","assessed_value":220500},{"address":"18208.0 STONY PLAIN ROAD NW","assessed_value":7312000},{"address":"4810.0 MILL WOODS ROAD SOUTH NW","assessed_value":108000},{"address":"10010.0 119 STREET NW","assessed_value":574500},{"address":"1620.0 48 STREET NW","assessed_value":101000},{"address":"10135.0 SASKATCHEWAN DRIVE NW","assessed_value":204000},{"address":"15620.0 80 AVENUE NW","assessed_value":404500},{"address":"16426.0 89 AVENUE NW","assessed_value":264500},{"address":"10330.0 ELLERSLIE ROAD SW","assessed_value":1539500},{"address":"8220.0 169 STREET NW","assessed_value":366500},{"address":"7732.0 156 STREET NW","assessed_value":467000},{"address":"10704.0 11 AVENUE NW","assessed_value":406000},{"address":"9712.0 149 STREET NW","assessed_value":1647500},{"address":"8328.0 164 STREET NW","assessed_value":388500},{"address":"15906.0 95 AVENUE NW","assessed_value":350000},{"address":"21331.0 107 AVENUE NW","assessed_value":786500},{"address":"208.0 HEATH ROAD NW","assessed_value":514500},{"address":"14529.0 37 STREET NW","assessed_value":290500},{"address":"4303.0 35 STREET NW","assessed_value":329000},{"address":"15423.0 75 AVENUE NW","assessed_value":454000},{"address":"14604.0 25 STREET NW","assessed_value":167000},{"address":"4558.0 127 AVENUE NW","assessed_value":177000},{"address":"279.0 LYNNWOOD WAY NW","assessed_value":454000},{"address":"7604.0 29 AVENUE NW","assessed_value":161000},{"address":"18919.0 73 AVENUE NW","assessed_value":378000},{"address":"16218.0 86 AVENUE NW","assessed_value":369500},{"address":"146.0 WESTRIDGE ROAD NW","assessed_value":1500},{"address":"2115.0 118 STREET NW","assessed_value":170500},{"address":"20911.0 107 AVENUE NW","assessed_value":1321500},{"address":"8308.0 154 STREET NW","assessed_value":473500},{"address":"7824.0 152C AVENUE NW","assessed_value":383500},{"address":"9722.0 163 STREET NW","assessed_value":306000},{"address":"11826.0 100 AVENUE NW","assessed_value":8000},{"address":"9605.0 155 STREET NW","assessed_value":363000},{"address":"3333.0 138 AVENUE NW","assessed_value":173000},{"address":"12375.0 WINTERBURN ROAD NW","assessed_value":208000},{"address":"147.0 CENTENNIAL COURT NW","assessed_value":183000},{"address":"2204.0 118 STREET NW","assessed_value":218000},{"address":"9141.0 151 STREET NW","assessed_value":434500},{"address":"616.0 HENDERSON STREET NW","assessed_value":501000},{"address":"2620.0 MILL WOODS ROAD EAST NW","assessed_value":126500},{"address":"14110.0 156 STREET NW","assessed_value":3086000},{"address":"10205.0 158 AVENUE NW","assessed_value":190500},{"address":"9810.0 178 STREET NW","assessed_value":124000},{"address":"9131.0 150 STREET NW","assessed_value":353500},{"address":"17736.0 92 STREET NW","assessed_value":464500},{"address":"16202.0 87 AVENUE NW","assessed_value":316500},{"address":"10050.0 118 STREET NW","assessed_value":245500},{"address":"18164.0 96 AVENUE NW","assessed_value":206000},{"address":"225.0 RAPPERSWILL DRIVE NW","assessed_value":669500},{"address":"8725.0 154 STREET NW","assessed_value":354000},{"address":"9810.0 178 STREET NW","assessed_value":127000},{"address":"9283.0 41 AVENUE NW","assessed_value":1500},{"address":"3610.0 42 AVENUE NW","assessed_value":299000},{"address":"nan nan","assessed_value":96500},{"address":"14567.0 52 STREET NW","assessed_value":180000},{"address":"18832.0 81A AVENUE NW","assessed_value":398500},{"address":"5413.0 22 AVENUE NW","assessed_value":340000},{"address":"2020.0 105 STREET NW","assessed_value":221000},{"address":"10323.0 109 STREET NW","assessed_value":1731000},{"address":"596.0 WOLF WILLOW ROAD NW","assessed_value":1273500},{"address":"9306.0 161 STREET NW","assessed_value":333000},{"address":"740.0 SADDLEBACK ROAD NW","assessed_value":222500},{"address":"4810.0 MILL WOODS ROAD SOUTH NW","assessed_value":111000},{"address":"2109.0 56 STREET NW","assessed_value":323000},{"address":"170.0 CENTENNIAL COURT NW","assessed_value":183000},{"address":"952.0 RICE ROAD NW","assessed_value":651500},{"address":"8954.0 151 STREET NW","assessed_value":363000},{"address":"10511.0 19 AVENUE NW","assessed_value":103500},{"address":"nan nan","assessed_value":8000},{"address":"10432.0 12 AVENUE NW","assessed_value":458000},{"address":"11826.0 100 AVENUE NW","assessed_value":831500},{"address":"10138.0 116 STREET NW","assessed_value":110000},{"address":"8013.0 163 STREET NW","assessed_value":412000},{"address":"9704.0 149 STREET NW","assessed_value":419000},{"address":"1411.0 MILL WOODS ROAD EAST NW","assessed_value":173000},{"address":"24315.0 17 STREET NE","assessed_value":48500},{"address":"3526.0 42 STREET NW","assessed_value":198000},{"address":"4610.0 17 AVENUE NW","assessed_value":196500},{"address":"12121.0 JASPER AVENUE NW","assessed_value":126500},{"address":"3812.0 20 AVENUE NW","assessed_value":195500},{"address":"103.0 CASTLE KEEP NW","assessed_value":442000},{"address":"16108.0 79A AVENUE NW","assessed_value":291500},{"address":"8106.0 169 STREET NW","assessed_value":371500},{"address":"9261.0 159 STREET NW","assessed_value":404000},{"address":"4118.0 38 STREET NW","assessed_value":313500},{"address":"7413.0 186 STREET NW","assessed_value":322500},{"address":"8310.0 JASPER AVENUE NW","assessed_value":100000},{"address":"8340.0 JASPER AVENUE NW","assessed_value":154000},{"address":"10431.0 12 AVENUE NW","assessed_value":555500},{"address":"17409.0 95 STREET NW","assessed_value":167500},{"address":"12141.0 JASPER AVENUE NW","assessed_value":136500},{"address":"7904.0 166 STREET NW","assessed_value":453500},{"address":"9331.0 180A AVENUE NW","assessed_value":345000},{"address":"15519.0 98 AVENUE NW","assessed_value":104000},{"address":"10045.0 117 STREET NW","assessed_value":133000},{"address":"14620.0 26 STREET NW","assessed_value":171000},{"address":"9342.0 153 STREET NW","assessed_value":307500},{"address":"179.0 WOLF WILLOW CRESCENT NW","assessed_value":1323000},{"address":"1730.0 ELLERSLIE ROAD SW","assessed_value":1303500},{"address":"3403.0 18 AVENUE NW","assessed_value":102500},{"address":"1939.0 104 STREET NW","assessed_value":115000},{"address":"8312.0 156 STREET NW","assessed_value":349000},{"address":"2060.0 70 AVENUE NW","assessed_value":5566500},{"address":"516.0 HEGLER CRESCENT NW","assessed_value":807500},{"address":"nan nan","assessed_value":5500},{"address":"13833.0 30 STREET NW","assessed_value":185500},{"address":"7543.0 152B AVENUE NW","assessed_value":366500},{"address":"1939.0 104 STREET NW","assessed_value":109000},{"address":"439.0 195 AVENUE NE","assessed_value":6500},{"address":"905.0 RICE ROAD NW","assessed_value":645500},{"address":"8721.0 163 STREET NW","assessed_value":359500},{"address":"nan nan","assessed_value":7000},{"address":"nan nan","assessed_value":7000},{"address":"7104.0 MERIDIAN STREET NW","assessed_value":273500},{"address":"15203.0 94 AVENUE NW","assessed_value":335000},{"address":"124.0 WINDERMERE CRESCENT NW","assessed_value":3074000},{"address":"9408.0 162 STREET NW","assessed_value":350500},{"address":"1020.0 41 STREET NW","assessed_value":181500},{"address":"7209.0 180 STREET NW","assessed_value":203000},{"address":"3065.0 64 AVENUE NW","assessed_value":1823000},{"address":"169.0 KINISKI CRESCENT NW","assessed_value":332000},{"address":"14816.0 26 STREET NW","assessed_value":55500},{"address":"10149.0 SASKATCHEWAN DRIVE NW","assessed_value":173000},{"address":"10011.0 123 STREET NW","assessed_value":202000},{"address":"6215.0 172 STREET NW","assessed_value":105000},{"address":"20904.0 STONY PLAIN ROAD NW","assessed_value":1598000},{"address":"15717.0 84 AVENUE NW","assessed_value":433000},{"address":"2204.0 118 STREET NW","assessed_value":179000},{"address":"4320.0 35 STREET NW","assessed_value":318500},{"address":"15112.0 76A AVENUE NW","assessed_value":431000},{"address":"nan nan","assessed_value":8000},{"address":"16214.0 83 AVENUE NW","assessed_value":360500},{"address":"10060.0 156 STREET NW","assessed_value":2351500},{"address":"9840.0 152 STREET NW","assessed_value":503500},{"address":"256.0 HEATH ROAD NW","assessed_value":517000},{"address":"243.0 RHATIGAN ROAD WEST NW","assessed_value":785000},{"address":"2204.0 118 STREET NW","assessed_value":187000},{"address":"7704.0 155 STREET NW","assessed_value":737500},{"address":"10532.0 95 STREET NW","assessed_value":36500},{"address":"18011.0 93 STREET NW","assessed_value":338000},{"address":"11302.0 109 AVENUE NW","assessed_value":1671000},{"address":"1945.0 105 STREET NW","assessed_value":109000},{"address":"9905.0 157 STREET NW","assessed_value":388500},{"address":"17128.0 63 AVENUE NW","assessed_value":133000},{"address":"211.0 LAGO LINDO CRESCENT NW","assessed_value":341500},{"address":"11429.0 124 STREET NW","assessed_value":92000},{"address":"129.0 WOLF WILLOW CRESCENT NW","assessed_value":276500},{"address":"15710.0 MARK MESSIER TRAIL NW","assessed_value":64500},{"address":"341.0 HEDLEY WAY NW","assessed_value":847500},{"address":"10138.0 116 STREET NW","assessed_value":121500},{"address":"9012.0 151 STREET NW","assessed_value":301000},{"address":"15631.0 95 AVENUE NW","assessed_value":374500},{"address":"18108.0 8 AVENUE SW","assessed_value":1417000},{"address":"8003.0 189 STREET NW","assessed_value":425000},{"address":"10041.0 155 STREET NW","assessed_value":329500},{"address":"20211.0 106 AVENUE NW","assessed_value":558000},{"address":"16103.0 79A AVENUE NW","assessed_value":367000},{"address":"10511.0 19 AVENUE NW","assessed_value":109500},{"address":"9516.0 150 STREET NW","assessed_value":228000},{"address":"16015.0 92 AVENUE NW","assessed_value":431000},{"address":"10145.0 121 STREET NW","assessed_value":111000},{"address":"15228.0 81 AVENUE NW","assessed_value":450500},{"address":"15712.0 79 STREET NW","assessed_value":415000},{"address":"7419.0 188 STREET NW","assessed_value":372500},{"address":"580.0 WOLF WILLOW ROAD NW","assessed_value":596500},{"address":"9416.0 149 STREET NW","assessed_value":73500},{"address":"9706.0 159 STREET NW","assessed_value":274500},{"address":"15834.0 94A AVENUE NW","assessed_value":361000},{"address":"14739.0 25 STREET NW","assessed_value":167500},{"address":"nan nan","assessed_value":8000},{"address":"15917.0 100A AVENUE NW","assessed_value":340500},{"address":"10145.0 121 STREET NW","assessed_value":113500},{"address":"16431.0 80 AVENUE NW","assessed_value":452000},{"address":"14648.0 54 STREET NW","assessed_value":165500},{"address":"9735.0 161 STREET NW","assessed_value":285000},{"address":"7827.0 160 STREET NW","assessed_value":464000},{"address":"7012.0 188 STREET NW","assessed_value":368000},{"address":"11115.0 80 AVENUE NW","assessed_value":269500},{"address":"9216.0 152 STREET NW","assessed_value":284500},{"address":"9607.0 156 STREET NW","assessed_value":77000},{"address":"8440.0 45 STREET NW","assessed_value":482000},{"address":"4644.0 82 AVENUE NW","assessed_value":483500},{"address":"nan nan","assessed_value":8000},{"address":"10817.0 21 AVENUE NW","assessed_value":328000},{"address":"10149.0 SASKATCHEWAN DRIVE NW","assessed_value":203500},{"address":"8818.0 160 STREET NW","assessed_value":344000},{"address":"6319.0 172 STREET NW","assessed_value":133000},{"address":"1503.0 MILL WOODS ROAD EAST NW","assessed_value":138000},{"address":"10920.0 124 STREET NW","assessed_value":139500},{"address":"15707.0 91 AVENUE NW","assessed_value":356500},{"address":"18033.0 98 AVENUE NW","assessed_value":181500},{"address":"21221.0 100 AVENUE NW","assessed_value":2104500},{"address":"18903.0 70 AVENUE NW","assessed_value":369000},{"address":"8427.0 188 STREET NW","assessed_value":410000},{"address":"4008.0 41 AVENUE NW","assessed_value":349500},{"address":"15712.0 91 AVENUE NW","assessed_value":380000},{"address":"8714.0 164 STREET NW","assessed_value":353500},{"address":"1628.0 48 STREET NW","assessed_value":99000},{"address":"1775.0 137 AVENUE NW","assessed_value":82000},{"address":"7244.0 152B AVENUE NW","assessed_value":407500},{"address":"2542.0 79 STREET NW","assessed_value":187500},{"address":"3221.0 119 STREET NW","assessed_value":244500},{"address":"16004.0 78A AVENUE NW","assessed_value":437500},{"address":"10125.0 158 AVENUE NW","assessed_value":262000},{"address":"7.0 WOLF CRESCENT NW","assessed_value":691500},{"address":"4114.0 37 STREET NW","assessed_value":318000},{"address":"15706.0 94A AVENUE NW","assessed_value":368000},{"address":"15501.0 RIO TERRACE DRIVE NW","assessed_value":1316500},{"address":"2620.0 MILL WOODS ROAD EAST NW","assessed_value":80000},{"address":"8404.0 156 STREET NW","assessed_value":358500},{"address":"17050.0 100 STREET NW","assessed_value":217000},{"address":"4125.0 35 STREET NW","assessed_value":346000},{"address":"9041.0 153 STREET NW","assessed_value":306500},{"address":"6911.0 152B AVENUE NW","assessed_value":398000},{"address":"nan nan","assessed_value":8000},{"address":"3404.0 18 AVENUE NW","assessed_value":60500},{"address":"16202.0 79A AVENUE NW","assessed_value":282500},{"address":"15710.0 BEAUMARIS ROAD NW","assessed_value":194500},{"address":"14820.0 43 AVENUE NW","assessed_value":247500},{"address":"9508.0 178A AVENUE NW","assessed_value":364500},{"address":"937.0 RICE ROAD NW","assessed_value":634500},{"address":"8915.0 155 STREET NW","assessed_value":322000},{"address":"112.0 WOLF WILLOW CRESCENT NW","assessed_value":580000},{"address":"17919.0 92A STREET NW","assessed_value":322500},{"address":"16116.0 142 STREET NW","assessed_value":2615500},{"address":"9107.0 167 STREET NW","assessed_value":360000},{"address":"16707.0 93 STREET NW","assessed_value":375000},{"address":"445.0 WOLF WILLOW ROAD NW","assessed_value":79500},{"address":"15420.0 79A AVENUE NW","assessed_value":366500},{"address":"8947.0 78 AVENUE NW","assessed_value":230500},{"address":"7908.0 159 STREET NW","assessed_value":326500},{"address":"8810.0 162 STREET NW","assessed_value":335500},{"address":"17907.0 95 STREET NW","assessed_value":370000},{"address":"nan nan","assessed_value":8000},{"address":"8802.0 169 STREET NW","assessed_value":322000},{"address":"4004.0 41 AVENUE NW","assessed_value":310500},{"address":"11833.0 96 STREET NW","assessed_value":1126500},{"address":"9046.0 152 STREET NW","assessed_value":295000},{"address":"4184.0 93 STREET NW","assessed_value":446000},{"address":"4403.0 RIVERBEND ROAD NW","assessed_value":208500},{"address":"4610.0 17 AVENUE NW","assessed_value":198500},{"address":"12049.0 162 AVENUE NW","assessed_value":215500},{"address":"14620.0 26 STREET NW","assessed_value":170500},{"address":"1628.0 48 STREET NW","assessed_value":78500},{"address":"5412.0 188 STREET NW","assessed_value":333000},{"address":"9601.0 160 STREET NW","assessed_value":1987500},{"address":"1503.0 MILL WOODS ROAD EAST NW","assessed_value":151500},{"address":"9335.0 152 STREET NW","assessed_value":275500},{"address":"2937.0 151 AVENUE NW","assessed_value":183500},{"address":"7276.0 152C AVENUE NW","assessed_value":341000},{"address":"2022.0 108 STREET NW","assessed_value":418000},{"address":"nan nan","assessed_value":8000},{"address":"18421.0 66 AVENUE NW","assessed_value":205500},{"address":"18903.0 83 AVENUE NW","assessed_value":196000},{"address":"4610.0 17 AVENUE NW","assessed_value":197000},{"address":"9322.0 151 STREET NW","assessed_value":628500},{"address":"9112.0 176 AVENUE NW","assessed_value":389500},{"address":"8110.0 159 STREET NW","assessed_value":256500},{"address":"11134.0 83 AVENUE NW","assessed_value":312000},{"address":"15714.0 78 STREET NW","assessed_value":307000},{"address":"10135.0 SASKATCHEWAN DRIVE NW","assessed_value":218000},{"address":"16727.0 79A AVENUE NW","assessed_value":337500},{"address":"10529.0 93 STREET NW","assessed_value":61500},{"address":"9005.0 151 STREET NW","assessed_value":451500},{"address":"9335.0 47 STREET NW","assessed_value":1594500},{"address":"196.0 CENTENNIAL COURT NW","assessed_value":183000},{"address":"15036.0 84 AVENUE NW","assessed_value":393000},{"address":"10138.0 116 STREET NW","assessed_value":136500},{"address":"18412.0 96 AVENUE NW","assessed_value":351000},{"address":"nan nan","assessed_value":5500},{"address":"10547.0 83 AVENUE NW","assessed_value":163500},{"address":"10145.0 121 STREET NW","assessed_value":107500},{"address":"2204.0 118 STREET NW","assessed_value":176500},{"address":"8335.0 152B AVENUE NW","assessed_value":346500},{"address":"15715.0 86 AVENUE NW","assessed_value":383500},{"address":"15310.0 118 AVENUE NW","assessed_value":570500},{"address":"15520.0 91 AVENUE NW","assessed_value":423500},{"address":"16210.0 92 AVENUE NW","assessed_value":442000},{"address":"16013.0 94 AVENUE NW","assessed_value":388000},{"address":"9121.0 155 STREET NW","assessed_value":313500},{"address":"nan nan","assessed_value":305500},{"address":"7911.0 160 STREET NW","assessed_value":352000},{"address":"6215.0 172 STREET NW","assessed_value":107500},{"address":"10135.0 SASKATCHEWAN DRIVE NW","assessed_value":218000},{"address":"12841.0 65 STREET NW","assessed_value":58500},{"address":"16104.0 87 AVENUE NW","assessed_value":340500},{"address":"17732.0 92 STREET NW","assessed_value":557000},{"address":"15619.0 80 AVENUE NW","assessed_value":416000},{"address":"7611.0 152C AVENUE NW","assessed_value":390000},{"address":"9277.0 172 STREET NW","assessed_value":194000},{"address":"15806.0 94A AVENUE NW","assessed_value":348500},{"address":"10175.0 114 STREET NW","assessed_value":115000},{"address":"1021.0 109 STREET NW","assessed_value":315000},{"address":"701.0 RIDDELL STREET NW","assessed_value":630000},{"address":"20403.0 111 AVENUE NW","assessed_value":1856500},{"address":"10040.0 103 STREET NW","assessed_value":500},{"address":"4810.0 MILL WOODS ROAD SOUTH NW","assessed_value":81500},{"address":"8526.0 188 STREET NW","assessed_value":408000},{"address":"10010.0 119 STREET NW","assessed_value":519500},{"address":"15719.0 78A AVENUE NW","assessed_value":836000},{"address":"15710.0 BEAUMARIS ROAD NW","assessed_value":185500},{"address":"10045.0 117 STREET NW","assessed_value":141500},{"address":"215.0 HEATH ROAD NW","assessed_value":582000},{"address":"8536.0 190 STREET NW","assessed_value":401500},{"address":"15817.0 94A AVENUE NW","assessed_value":420000},{"address":"12841.0 65 STREET NW","assessed_value":72000},{"address":"1820.0 56 STREET NW","assessed_value":191000},{"address":"9342.0 154 STREET NW","assessed_value":311500},{"address":"18407.0 17 AVENUE NW","assessed_value":1392000},{"address":"15725.0 100A AVENUE NW","assessed_value":247500},{"address":"7624.0 152B AVENUE NW","assessed_value":385500},{"address":"8720.0 163 STREET NW","assessed_value":354500},{"address":"16841.0 129 AVENUE NW","assessed_value":2658500},{"address":"9936.0 154 STREET NW","assessed_value":350000},{"address":"9625.0 160 STREET NW","assessed_value":300000},{"address":"15224.0 81 STREET NW","assessed_value":453500},{"address":"17016.0 100 STREET NW","assessed_value":192000},{"address":"9810.0 178 STREET NW","assessed_value":103500},{"address":"16725.0 106 STREET NW","assessed_value":203000},{"address":"12705.0 199 STREET NW","assessed_value":927500},{"address":"24050.0 33 STREET NE","assessed_value":8000},{"address":"16937.0 95 STREET NW","assessed_value":191500},{"address":"9328.0 176 AVENUE NW","assessed_value":581500},{"address":"3812.0 20 AVENUE NW","assessed_value":177000},{"address":"3303.0 184 STREET SW","assessed_value":2202500},{"address":"10812.0 20 AVENUE NW","assessed_value":332500},{"address":"18603.0 75 AVENUE NW","assessed_value":340000},{"address":"10145.0 121 STREET NW","assessed_value":115000},{"address":"16303.0 78 AVENUE NW","assessed_value":696500},{"address":"nan nan","assessed_value":8000},{"address":"nan nan","assessed_value":5500},{"address":"14511.0 52 STREET NW","assessed_value":155000},{"address":"10149.0 SASKATCHEWAN DRIVE NW","assessed_value":183500},{"address":"10011.0 123 STREET NW","assessed_value":260000},{"address":"9401.0 153 STREET NW","assessed_value":395500},{"address":"9933.0 160 STREET NW","assessed_value":536500},{"address":"16305.0 87 AVENUE NW","assessed_value":335000},{"address":"15804.0 83 AVENUE NW","assessed_value":393000},{"address":"4212.0 38 STREET NW","assessed_value":318000},{"address":"10011.0 123 STREET NW","assessed_value":213500},{"address":"15323.0 82 AVENUE NW","assessed_value":622000},{"address":"216.0 GRANDISLE POINT NW","assessed_value":2192500},{"address":"14710.0 33 STREET NW","assessed_value":284500},{"address":"10421.0 150 STREET NW","assessed_value":285000},{"address":"9302.0 166 STREET NW","assessed_value":364500},{"address":"34.0 WOLF CRESCENT NW","assessed_value":777500},{"address":"nan nan","assessed_value":8000},{"address":"1415.0 LAKEWOOD ROAD WEST NW","assessed_value":131500},{"address":"nan nan","assessed_value":242000},{"address":"11231.0 231 STREET NW","assessed_value":715000},{"address":"16611.0 90 AVENUE NW","assessed_value":369500},{"address":"nan nan","assessed_value":5500},{"address":"10453.0 20 AVENUE NW","assessed_value":202000},{"address":"9605.0 158 STREET NW","assessed_value":366500},{"address":"338.0 HEDLEY WAY NW","assessed_value":934000},{"address":"9527.0 189 STREET NW","assessed_value":401000},{"address":"10027.0 79 AVENUE NW","assessed_value":991000},{"address":"8308.0 152C AVENUE NW","assessed_value":445500},{"address":"16725.0 106 STREET NW","assessed_value":233500},{"address":"14716.0 37 STREET NW","assessed_value":354000},{"address":"9639.0 150 STREET NW","assessed_value":441500},{"address":"10431.0 14 AVENUE NW","assessed_value":506500},{"address":"9513.0 185 STREET NW","assessed_value":301000},{"address":"15918.0 92 AVENUE NW","assessed_value":427500},{"address":"315.0 KIRKPATRICK CRESCENT NW","assessed_value":345000},{"address":"9816.0 112 STREET NW","assessed_value":108000},{"address":"5810.0 188 STREET NW","assessed_value":334500},{"address":"9322.0 157 STREET NW","assessed_value":372500},{"address":"9704.0 155 STREET NW","assessed_value":338500},{"address":"12932.0 52 STREET NW","assessed_value":974000},{"address":"7540.0 154 AVENUE NW","assessed_value":9000},{"address":"10165.0 158 AVENUE NW","assessed_value":243000},{"address":"14713.0 25 STREET NW","assessed_value":176000},{"address":"14705.0 35 STREET NW","assessed_value":284500},{"address":"2523.0 195 AVENUE NE","assessed_value":14500},{"address":"7511.0 152C AVENUE NW","assessed_value":410000},{"address":"14100.0 141 STREET NW","assessed_value":2000},{"address":"2404.0 96 STREET NW","assessed_value":2197000},{"address":"10622.0 161 AVENUE NW","assessed_value":454000}]