[{"address":"1719.0 KEENE CRESCENT SW","assessed_value":365500},{"address":"2121.0 14A AVENUE NW","assessed_value":652000},{"address":"nan nan","assessed_value":390000},{"address":"22110.0 81A AVENUE NW","assessed_value":607500},{"address":"2033.0 163 STREET SW","assessed_value":917500},{"address":"6259.0 176 AVENUE NW","assessed_value":413000},{"address":"22747.0 94 AVENUE NW","assessed_value":116500},{"address":"3316.0 103 AVENUE NW","assessed_value":8000},{"address":"nan nan","assessed_value":14500},{"address":"9472.0 PEAR CRESCENT SW","assessed_value":592000},{"address":"2018.0 14A AVENUE NW","assessed_value":543500},{"address":"7147.0 EDGEMONT WAY NW","assessed_value":663000},{"address":"15820.0 19 AVENUE SW","assessed_value":528500},{"address":"12012.0 35 AVENUE SW","assessed_value":468500},{"address":"5533.0 KOOTOOK ROAD SW","assessed_value":903500},{"address":"12246.0 135 STREET NW","assessed_value":8500},{"address":"21340.0 38 AVENUE NW","assessed_value":393500},{"address":"22825.0 82A AVENUE NW","assessed_value":239500},{"address":"1616.0 27 STREET NW","assessed_value":628500},{"address":"61.0 ELSINORE PLACE NW","assessed_value":567000},{"address":"1432.0 CHERNIAK WAY SW","assessed_value":395000},{"address":"1729.0 KEENE CRESCENT SW","assessed_value":392500},{"address":"22671.0 81 AVENUE NW","assessed_value":557500},{"address":"2031.0 14 AVENUE NW","assessed_value":607000},{"address":"2364.0 KELLY CIRCLE SW","assessed_value":502500},{"address":"4882.0 KINNEY ROAD SW","assessed_value":601500},{"address":"nan nan","assessed_value":19500},{"address":"324.0 36 AVENUE NW","assessed_value":518000},{"address":"1741.0 ERKER WAY NW","assessed_value":514000},{"address":"4022.0 HAWTHORN LINK SW","assessed_value":579000},{"address":"4723.0 177 AVENUE NW","assessed_value":468500},{"address":"2419.0 TRUMPETER WAY NW","assessed_value":124500},{"address":"2022.0 MUCKLEPLUM LINK SW","assessed_value":148500},{"address":"7331.0 178 AVENUE NW","assessed_value":520000},{"address":"3603.0 2 STREET NW","assessed_value":583000},{"address":"9242.0 PEAR DRIVE SW","assessed_value":583000},{"address":"1328.0 16 STREET NW","assessed_value":140500},{"address":"119.0 37 STREET SW","assessed_value":624500},{"address":"10436.0 154 STREET NW","assessed_value":457500},{"address":"864.0 SECORD BOULEVARD NW","assessed_value":139500},{"address":"9604.0 119 AVENUE NW","assessed_value":339000},{"address":"3105.0 68 AVENUE NW","assessed_value":1295500},{"address":"8414.0 118 STREET NW","assessed_value":1611000},{"address":"16639.0 34 AVENUE SW","assessed_value":577000},{"address":"5225.0 22A AVENUE SW","assessed_value":552500},{"address":"1629.0 16A STREET NW","assessed_value":865000},{"address":"1111.0 150 AVENUE NW","assessed_value":690000},{"address":"16335.0 84 STREET NW","assessed_value":303000},{"address":"15828.0 30 AVENUE SW","assessed_value":568500},{"address":"10180.0 103 STREET NW","assessed_value":421500},{"address":"603.0 ORCHARDS BOULEVARD SW","assessed_value":317000},{"address":"2127.0 39 STREET NW","assessed_value":678500},{"address":"16335.0 84 STREET NW","assessed_value":305500},{"address":"3778.0 CROSS LANDING SW","assessed_value":165500},{"address":"2604.0 193 STREET NW","assessed_value":514500},{"address":"2905.0 141 STREET SW","assessed_value":317000},{"address":"10511.0 69 AVENUE NW","assessed_value":643500},{"address":"2614.0 DONAGHEY CRESCENT SW","assessed_value":544000},{"address":"1403.0 12 STREET NW","assessed_value":480500},{"address":"703.0 30 AVENUE NW","assessed_value":600000},{"address":"317.0 32 STREET SW","assessed_value":362500},{"address":"207.0 KINGLET BOULEVARD NW","assessed_value":412000},{"address":"3026.0 9 STREET NW","assessed_value":524500},{"address":"635.0 MERLIN LANDING NW","assessed_value":462500},{"address":"244.0 38 STREET SW","assessed_value":901500},{"address":"3934.0 5 AVENUE SW","assessed_value":654000},{"address":"1620.0 157 STREET SW","assessed_value":610000},{"address":"2009.0 14A AVENUE NW","assessed_value":579500},{"address":"10529.0 67 AVENUE NW","assessed_value":657500},{"address":"2635.0 206 STREET NW","assessed_value":821500},{"address":"17127.0 46 STREET NW","assessed_value":589500},{"address":"17716.0 73 STREET NW","assessed_value":577500},{"address":"4361.0 HAWTHORN LANDING SW","assessed_value":713500},{"address":"1240.0 PODERSKY WYND SW","assessed_value":468000},{"address":"4846.0 HAWTHORN BEND SW","assessed_value":653500},{"address":"1010.0 RABBIT HILL ROAD SW","assessed_value":386500},{"address":"5808.0 KOOTOOK LINK SW","assessed_value":171000},{"address":"845.0 STILLWATER BOULEVARD NW","assessed_value":368000},{"address":"324.0 38 STREET SW","assessed_value":840000},{"address":"1010.0 RABBIT HILL ROAD SW","assessed_value":359000},{"address":"1427.0 ENRIGHT LANDING NW","assessed_value":584000},{"address":"1203.0 163 STREET SW","assessed_value":266500},{"address":"2503.0 208 STREET NW","assessed_value":674000},{"address":"1194.0 ASTER BOULEVARD NW","assessed_value":381000},{"address":"3318.0 ROY BROWN WAY NW","assessed_value":185500},{"address":"22728.0 94 AVENUE NW","assessed_value":534000},{"address":"8335.0 224 STREET NW","assessed_value":572500},{"address":"2734.0 DONAGHEY CRESCENT SW","assessed_value":726000},{"address":"22131.0 93 AVENUE NW","assessed_value":605500},{"address":"1615.0 PLUM CIRCLE SW","assessed_value":550500},{"address":"9922.0 111 STREET NW","assessed_value":346500},{"address":"5108.0 23 AVENUE SW","assessed_value":582500},{"address":"13804.0 149 STREET NW","assessed_value":187500},{"address":"nan nan","assessed_value":4000},{"address":"21805.0 91A AVENUE NW","assessed_value":53409000},{"address":"679.0 ORCHARDS BOULEVARD SW","assessed_value":139000},{"address":"7108.0 182 AVENUE NW","assessed_value":533500},{"address":"7121.0 177A AVENUE NW","assessed_value":556500},{"address":"860.0 SECORD BOULEVARD NW","assessed_value":167000},{"address":"1530.0 TAMARACK BOULEVARD NW","assessed_value":300000},{"address":"17826.0 73A STREET NW","assessed_value":480500},{"address":"3308.0 KULAY WAY SW","assessed_value":513000},{"address":"18011.0 70 STREET NW","assessed_value":614500},{"address":"nan nan","assessed_value":34000},{"address":"403.0 CONROY CRESCENT SW","assessed_value":486500},{"address":"19204.0 45 AVENUE NW","assessed_value":160500},{"address":"16214.0 19 AVENUE SW","assessed_value":465000},{"address":"9339.0 221 STREET NW","assessed_value":487500},{"address":"3305.0 ORCHARDS LINK SW","assessed_value":305500},{"address":"228.0 36 STREET SW","assessed_value":788500},{"address":"nan nan","assessed_value":548000},{"address":"1408.0 13 AVENUE NW","assessed_value":600000},{"address":"3017.0 MILNER CRESCENT NW","assessed_value":215000},{"address":"17538.0 63A STREET NW","assessed_value":558500},{"address":"nan nan","assessed_value":8500},{"address":"3435.0 169 STREET SW","assessed_value":501500},{"address":"7921.0 KORULUK WAY SW","assessed_value":344000},{"address":"2385.0 TRUMPETER WAY NW","assessed_value":124500},{"address":"1316.0 WINDERMERE WAY SW","assessed_value":304500},{"address":"16811.0 30 AVENUE SW","assessed_value":465000},{"address":"2020.0 155 AVENUE NW","assessed_value":185500},{"address":"nan nan","assessed_value":34000},{"address":"1316.0 WINDERMERE WAY SW","assessed_value":388500},{"address":"17813.0 70A STREET NW","assessed_value":531000},{"address":"3006.0 DIXON LANDING SW","assessed_value":558000},{"address":"1018.0 DANIELS LOOP SW","assessed_value":518500},{"address":"2539.0 209 STREET NW","assessed_value":164000},{"address":"3541.0 ERLANGER LINK NW","assessed_value":562000},{"address":"2440.0 15 AVENUE NW","assessed_value":767500},{"address":"307.0 32 AVENUE NW","assessed_value":498500},{"address":"7727.0 174B AVENUE NW","assessed_value":538500},{"address":"7035.0 178 AVENUE NW","assessed_value":488000},{"address":"9127.0 143 STREET NW","assessed_value":150000},{"address":"5147.0 23 AVENUE SW","assessed_value":721000},{"address":"812.0 WELSH DRIVE SW","assessed_value":234000},{"address":"3232.0 PARKER LOOP SW","assessed_value":612500},{"address":"3427.0 ERLANGER BEND NW","assessed_value":464500},{"address":"4214.0 HAWTHORN ROW SW","assessed_value":321000},{"address":"16204.0 31 AVENUE SW","assessed_value":640500},{"address":"2942.0 LAKEWOOD DRIVE NW","assessed_value":79000},{"address":"3558.0 ERLANGER LINK NW","assessed_value":129500},{"address":"6323.0 27 AVENUE SW","assessed_value":674000},{"address":"2743.0 DONAGHEY CRESCENT SW","assessed_value":515000},{"address":"1316.0 17 AVENUE NW","assessed_value":542000},{"address":"22075.0 80 AVENUE NW","assessed_value":560500},{"address":"1217.0 PODERSKY WYND SW","assessed_value":463500},{"address":"11910.0 35 AVENUE SW","assessed_value":379000},{"address":"3769.0 ERLANGER DRIVE NW","assessed_value":486500},{"address":"5316.0 KIMBALL PLACE SW","assessed_value":651000},{"address":"17832.0 78 STREET NW","assessed_value":358500},{"address":"1215.0 WATT DRIVE SW","assessed_value":470000},{"address":"9229.0 154 STREET NW","assessed_value":582000},{"address":"10180.0 103 STREET NW","assessed_value":378500},{"address":"6339.0 GREENAWAY AVENUE NW","assessed_value":797000},{"address":"22574.0 99A AVENUE NW","assessed_value":459500},{"address":"8157.0 226A STREET NW","assessed_value":471000},{"address":"1519.0 26 STREET NW","assessed_value":401500},{"address":"20759.0 25 AVENUE NW","assessed_value":437000},{"address":"1342.0 PLUM LINK SW","assessed_value":460500},{"address":"2072.0 WONNACOTT WAY SW","assessed_value":304000},{"address":"nan nan","assessed_value":19500},{"address":"6411.0 KING WYND SW","assessed_value":450500},{"address":"403.0 35 AVENUE NW","assessed_value":670500},{"address":"7443.0 ELMER ROAD NW","assessed_value":412000},{"address":"1552.0 HOWES PLACE SW","assessed_value":848000},{"address":"nan nan","assessed_value":1000},{"address":"5214.0 LARK CRESCENT NW","assessed_value":404000},{"address":"2516.0 12 AVENUE NW","assessed_value":725500},{"address":"2930.0 COUGHLAN GREEN SW","assessed_value":487500},{"address":"9911.0 227 STREET NW","assessed_value":441000},{"address":"3968.0 WREN LOOP NW","assessed_value":134000},{"address":"nan nan","assessed_value":14500},{"address":"9215.0 PEAR DRIVE SW","assessed_value":722500},{"address":"4617.0 115 AVENUE NW","assessed_value":96500},{"address":"2905.0 141 STREET SW","assessed_value":298500},{"address":"1130.0 16A STREET NW","assessed_value":531500},{"address":"532.0 35 STREET SW","assessed_value":474000},{"address":"1010.0 MILLBOURNE ROAD EAST NW","assessed_value":314500},{"address":"644.0 35 STREET SW","assessed_value":505000},{"address":"4630.0 170A AVENUE NW","assessed_value":572000},{"address":"10808.0 59 AVENUE NW","assessed_value":1136000},{"address":"433.0 CONROY CRESCENT SW","assessed_value":448000},{"address":"489.0 DESROCHERS BOULEVARD SW","assessed_value":360500},{"address":"5716.0 CAUTLEY CRESCENT SW","assessed_value":542500},{"address":"2205.0 192A STREET NW","assessed_value":664000},{"address":"1767.0 18 STREET NW","assessed_value":912000},{"address":"5604.0 HAWTHORN WAY SW","assessed_value":718500},{"address":"17558.0 63A STREET NW","assessed_value":517500},{"address":"6835.0 171 AVENUE NW","assessed_value":689500},{"address":"1548.0 ESAIW PLACE NW","assessed_value":577000},{"address":"nan nan","assessed_value":4000},{"address":"126.0 PAISLEY GATE SW","assessed_value":480500},{"address":"1524.0 17 AVENUE NW","assessed_value":626000},{"address":"2326.0 MUCKLEPLUM WAY SW","assessed_value":138500},{"address":"16335.0 84 STREET NW","assessed_value":318500},{"address":"22675.0 80 AVENUE NW","assessed_value":581500},{"address":"1233.0 EATON LANE NW","assessed_value":498500},{"address":"22916.0 94 AVENUE NW","assessed_value":687500},{"address":"1058.0 GOLDFINCH WAY NW","assessed_value":636500},{"address":"3921.0 CHRUSTAWKA PLACE SW","assessed_value":752500},{"address":"507.0 GLENRIDDING RAVINE DRIVE SW","assessed_value":403000},{"address":"203.0 34 STREET SW","assessed_value":2097000},{"address":"1203.0 163 STREET SW","assessed_value":292500},{"address":"12905.0 107 AVENUE NW","assessed_value":425500},{"address":"10928.0 62 AVENUE NW","assessed_value":678500},{"address":"5423.0 KOOTOOK ROAD SW","assessed_value":477500},{"address":"7317.0 119 STREET NW","assessed_value":1012500},{"address":"18144.0 94 STREET NW","assessed_value":652000},{"address":"2019.0 207 STREET NW","assessed_value":459500},{"address":"10180.0 103 STREET NW","assessed_value":399000},{"address":"10646.0 47 STREET NW","assessed_value":1500},{"address":"1517.0 PLUM CIRCLE SW","assessed_value":314500},{"address":"1520.0 157 STREET SW","assessed_value":388500},{"address":"762.0 ORCHARDS BOULEVARD SW","assessed_value":449000},{"address":"nan nan","assessed_value":34000},{"address":"10356.0 146 STREET NW","assessed_value":646500},{"address":"276.0 ORCHARDS BOULEVARD SW","assessed_value":162000},{"address":"7535.0 OBSERVER LANE NW","assessed_value":124500},{"address":"2724.0 194 STREET NW","assessed_value":172000},{"address":"5122.0 213A STREET NW","assessed_value":426000},{"address":"7121.0 MAY CRESCENT NW","assessed_value":141000},{"address":"2255.0 194 STREET NW","assessed_value":574500},{"address":"8187.0 220 STREET NW","assessed_value":795500},{"address":"3014.0 4 STREET NW","assessed_value":414500},{"address":"5311.0 109 STREET NW","assessed_value":940500},{"address":"1852.0 COLLIP VIEW SW","assessed_value":652000},{"address":"12859.0 141 STREET NW","assessed_value":273000},{"address":"8223.0 17 AVENUE NW","assessed_value":500},{"address":"nan nan","assessed_value":14500},{"address":"1816.0 RUTHERFORD ROAD SW","assessed_value":311500},{"address":"3895.0 CHRUSTAWKA PLACE SW","assessed_value":415000},{"address":"15630.0 18 AVENUE SW","assessed_value":602500},{"address":"5148.0 23 AVENUE SW","assessed_value":566000},{"address":"8846.0 CARSON WAY SW","assessed_value":608000},{"address":"1110.0 ASTER BOULEVARD NW","assessed_value":359500},{"address":"3255.0 KULAY WAY SW","assessed_value":605000},{"address":"10567.0 76 AVENUE NW","assessed_value":372500},{"address":"19751.0 29 AVENUE NW","assessed_value":502500},{"address":"3506.0 CHECKNITA POINT SW","assessed_value":498000},{"address":"864.0 SECORD BOULEVARD NW","assessed_value":207500},{"address":"17514.0 64A STREET NW","assessed_value":656000},{"address":"6413.0 CARTMELL PLACE SW","assessed_value":742000},{"address":"1253.0 WATT DRIVE SW","assessed_value":498500},{"address":"11044.0 82 AVENUE NW","assessed_value":897500},{"address":"8206.0 103 AVENUE NW","assessed_value":381000},{"address":"15808.0 30 AVENUE SW","assessed_value":600000},{"address":"16335.0 84 STREET NW","assessed_value":302000},{"address":"2076.0 191 STREET NW","assessed_value":164500},{"address":"1530.0 TAMARACK BOULEVARD NW","assessed_value":324500},{"address":"9211.0 183 AVENUE NW","assessed_value":729000},{"address":"6029.0 KING LANDING SW","assessed_value":674000},{"address":"22527.0 93 AVENUE NW","assessed_value":439000},{"address":"3647.0 6 AVENUE SW","assessed_value":454000},{"address":"327.0 42 STREET SW","assessed_value":583000},{"address":"22024.0 82 AVENUE NW","assessed_value":589000},{"address":"9384.0 222 STREET NW","assessed_value":510000},{"address":"4948.0 KINNEY ROAD SW","assessed_value":587500},{"address":"2081.0 MAPLE ROAD NW","assessed_value":461000},{"address":"nan nan","assessed_value":14500},{"address":"10956.0 135 STREET NW","assessed_value":218500},{"address":"10837.0 83 AVENUE NW","assessed_value":378000},{"address":"4611.0 177 AVENUE NW","assessed_value":125500},{"address":"12736.0 211 STREET NW","assessed_value":586500},{"address":"7130.0 177A AVENUE NW","assessed_value":480000},{"address":"3927.0 5 AVENUE SW","assessed_value":549500},{"address":"15647.0 18 AVENUE SW","assessed_value":458000},{"address":"5255.0 KIMBALL CRESCENT SW","assessed_value":661000},{"address":"13317.0 115 AVENUE NW","assessed_value":310000},{"address":"nan nan","assessed_value":4500},{"address":"22530.0 99A AVENUE NW","assessed_value":513000},{"address":"22060.0 80 AVENUE NW","assessed_value":570000},{"address":"5397.0 LARK LANDING NW","assessed_value":605500},{"address":"14101.0 95 STREET NW","assessed_value":500},{"address":"11551.0 122 STREET NW","assessed_value":606000},{"address":"1230.0 127 STREET SW","assessed_value":6000},{"address":"22631.0 81 AVENUE NW","assessed_value":477000},{"address":"5732.0 JUCHLI AVENUE NW","assessed_value":424000},{"address":"3232.0 DIXON WAY SW","assessed_value":578500},{"address":"1723.0 19 STREET NW","assessed_value":742500},{"address":"10180.0 103 STREET NW","assessed_value":651500},{"address":"2327.0 159 STREET SW","assessed_value":584000},{"address":"1365.0 155 STREET SW","assessed_value":25000},{"address":"3716.0 1 AVENUE SW","assessed_value":771000},{"address":"17339.0 6 STREET NE","assessed_value":429000},{"address":"12878.0 97 STREET NW","assessed_value":564500},{"address":"243.0 GLENRIDDING RAVINE ROAD SW","assessed_value":705000},{"address":"2014.0 FLYCATCHER POINT NW","assessed_value":741000},{"address":"127.0 38 STREET SW","assessed_value":662500},{"address":"19031.0 22 AVENUE NW","assessed_value":657500},{"address":"1530.0 TAMARACK BOULEVARD NW","assessed_value":209000},{"address":"3009.0 DIXON LANDING SW","assessed_value":495500},{"address":"2041.0 192 STREET NW","assessed_value":373000},{"address":"1003.0 GOLDFINCH WAY NW","assessed_value":551000},{"address":"9240.0 228 STREET NW","assessed_value":440500},{"address":"6138.0 CARR ROAD NW","assessed_value":162000},{"address":"9922.0 111 STREET NW","assessed_value":473500},{"address":"nan nan","assessed_value":34000},{"address":"7026.0 177A AVENUE NW","assessed_value":451500},{"address":"1530.0 TAMARACK BOULEVARD NW","assessed_value":228000},{"address":"3115.0 169 STREET SW","assessed_value":566500},{"address":"2209.0 DONAGHEY WAY SW","assessed_value":517500},{"address":"3716.0 214 STREET NW","assessed_value":469000},{"address":"6016.0 ADA BOULEVARD NW","assessed_value":1570000},{"address":"16119.0 31 AVENUE SW","assessed_value":393000},{"address":"19744.0 28 AVENUE NW","assessed_value":530500},{"address":"16820.0 31 AVENUE SW","assessed_value":395500},{"address":"nan nan","assessed_value":8500},{"address":"2115.0 13 AVENUE NW","assessed_value":619500},{"address":"9413.0 65 AVENUE NW","assessed_value":758000},{"address":"nan nan","assessed_value":19500},{"address":"6631.0 CRAWFORD LANDING SW","assessed_value":516000},{"address":"17635.0 58 STREET NW","assessed_value":385000},{"address":"9622.0 42 AVENUE NW","assessed_value":250000},{"address":"7813.0 KORULUK LINK SW","assessed_value":350500},{"address":"3219.0 5 AVENUE SW","assessed_value":235000},{"address":"7653.0 KORULUK PLACE SW","assessed_value":433000},{"address":"17083.0 46 STREET NW","assessed_value":742500},{"address":"12606.0 116 AVENUE NW","assessed_value":454000},{"address":"17363.0 99 STREET NW","assessed_value":556500},{"address":"974.0 DANIELS LOOP SW","assessed_value":520000},{"address":"17331.0 100 STREET NW","assessed_value":535000},{"address":"2091.0 190 STREET NW","assessed_value":586000},{"address":"1455.0 GOODSPEED LANE NW","assessed_value":1016500},{"address":"958.0 STILLWATER BOULEVARD NW","assessed_value":534000},{"address":"9316.0 221 STREET NW","assessed_value":178500},{"address":"1306.0 16A STREET NW","assessed_value":580500},{"address":"1330.0 16A STREET NW","assessed_value":528000},{"address":"1926.0 159 STREET SW","assessed_value":544000},{"address":"2826.0 192 STREET NW","assessed_value":329000},{"address":"5832.0 KOOTOOK LINK SW","assessed_value":605000},{"address":"6142.0 CARR ROAD NW","assessed_value":176000},{"address":"1643.0 13 STREET NW","assessed_value":514500},{"address":"4249.0 115 AVENUE NW","assessed_value":409000},{"address":"5604.0 105 AVENUE NW","assessed_value":213000},{"address":"9640.0 COLAK LINK SW","assessed_value":466000},{"address":"2215.0 24 STREET NW","assessed_value":325000},{"address":"1435.0 KESWICK DRIVE SW","assessed_value":431500},{"address":"3777.0 ERLANGER DRIVE NW","assessed_value":479000},{"address":"nan nan","assessed_value":14500},{"address":"1327.0 14 AVENUE NW","assessed_value":596500},{"address":"1406.0 24A STREET NW","assessed_value":680000},{"address":"17703.0 74 STREET NW","assessed_value":629000},{"address":"nan nan","assessed_value":13500},{"address":"1031.0 150 AVENUE NW","assessed_value":765000},{"address":"255.0 GLENRIDDING RAVINE ROAD SW","assessed_value":352500},{"address":"10957.0 124 STREET NW","assessed_value":316500},{"address":"17255.0 9B AVENUE SW","assessed_value":511500},{"address":"9111.0 155 STREET NW","assessed_value":537500},{"address":"nan nan","assessed_value":19500},{"address":"12229.0 94 STREET NW","assessed_value":411000},{"address":"5034.0 CHAPPELLE ROAD SW","assessed_value":487500},{"address":"1244.0 ASTER BOULEVARD NW","assessed_value":342000},{"address":"6459.0 175 AVENUE NW","assessed_value":681500},{"address":"17323.0 68 STREET NW","assessed_value":923500},{"address":"20623.0 22 AVENUE NW","assessed_value":248500},{"address":"3639.0 5 AVENUE SW","assessed_value":762000},{"address":"16177.0 142 STREET NW","assessed_value":344500},{"address":"1208.0 PODERSKY WYND SW","assessed_value":443500},{"address":"208.0 MISTATIM ROAD NW","assessed_value":575000},{"address":"22604.0 94 AVENUE NW","assessed_value":536000},{"address":"2346.0 158A STREET SW","assessed_value":624500},{"address":"12524.0 72 STREET NW","assessed_value":552000},{"address":"2134.0 14A AVENUE NW","assessed_value":522500},{"address":"17332.0 2 STREET NW","assessed_value":390000},{"address":"854.0 NORTHERN HARRIER LANE NW","assessed_value":483500},{"address":"21039.0 128 AVENUE NW","assessed_value":555500},{"address":"2652.0 192 STREET NW","assessed_value":492500},{"address":"nan nan","assessed_value":9000},{"address":"1426.0 KESWICK DRIVE SW","assessed_value":443500},{"address":"10180.0 103 STREET NW","assessed_value":478500},{"address":"12815.0 CUMBERLAND ROAD NW","assessed_value":309500},{"address":"nan nan","assessed_value":13500},{"address":"7529.0 OBSERVER LANE NW","assessed_value":130500},{"address":"1910.0 COLLIP VIEW SW","assessed_value":377000},{"address":"7906.0 109 STREET NW","assessed_value":1946500},{"address":"787.0 LEWIS GREENS DRIVE NW","assessed_value":281000},{"address":"1444.0 22 STREET NW","assessed_value":522500},{"address":"2017.0 FLYCATCHER POINT NW","assessed_value":194000},{"address":"2072.0 WONNACOTT WAY SW","assessed_value":312000},{"address":"1616.0 14 AVENUE NW","assessed_value":595500},{"address":"155.0 KINGLET BOULEVARD NW","assessed_value":410500},{"address":"9624.0 159 STREET NW","assessed_value":493500},{"address":"1539.0 12 AVENUE NW","assessed_value":583000},{"address":"713.0 PAYIPWAT COMMON SW","assessed_value":573500},{"address":"3237.0 DIXON WAY SW","assessed_value":644500},{"address":"9204.0 183 AVENUE NW","assessed_value":598500},{"address":"6104.0 CARR ROAD NW","assessed_value":165000},{"address":"7121.0 MAY CRESCENT NW","assessed_value":726500},{"address":"nan nan","assessed_value":6000},{"address":"2251.0 DONAGHEY WAY SW","assessed_value":676000},{"address":"nan nan","assessed_value":8500},{"address":"811.0 NORTHERN HARRIER LANE NW","assessed_value":186000},{"address":"4636.0 177 AVENUE NW","assessed_value":146500},{"address":"419.0 30 AVENUE NW","assessed_value":706000},{"address":"6272.0 180 AVENUE NW","assessed_value":539000},{"address":"5214.0 KINNEY PLACE SW","assessed_value":473500},{"address":"17215.0 2 STREET NW","assessed_value":572000},{"address":"565.0 GRIESBACH PARADE NW","assessed_value":28983500},{"address":"839.0 NORTHERN HARRIER LANE NW","assessed_value":428000},{"address":"1110.0 DANIELS LINK SW","assessed_value":275500},{"address":"521.0 GLENRIDDING RAVINE DRIVE SW","assessed_value":408000},{"address":"5704.0 CAUTLEY CRESCENT SW","assessed_value":562000},{"address":"1427.0 13 AVENUE NW","assessed_value":657500},{"address":"3452.0 CHECKNITA TERRACE SW","assessed_value":650500},{"address":"1327.0 PODERSKY WYND SW","assessed_value":458000},{"address":"4760.0 CAWSEY TERRACE SW","assessed_value":136000},{"address":"1150.0 CY BECKER ROAD NW","assessed_value":11500},{"address":"1729.0 KEENE CRESCENT SW","assessed_value":391500},{"address":"612.0 30 AVENUE NW","assessed_value":681000},{"address":"5910.0 96 STREET NW","assessed_value":469500},{"address":"208.0 37 STREET SW","assessed_value":708000},{"address":"nan nan","assessed_value":14500},{"address":"931.0 STILLWATER BOULEVARD NW","assessed_value":569500},{"address":"1805.0 18A AVENUE NW","assessed_value":1078500},{"address":"2072.0 WONNACOTT WAY SW","assessed_value":304000},{"address":"4137.0 76 STREET NW","assessed_value":323500},{"address":"19404.0 25 AVENUE NW","assessed_value":165500},{"address":"10225.0 146 STREET NW","assessed_value":722000},{"address":"5268.0 KIMBALL CRESCENT SW","assessed_value":643000},{"address":"2712.0 KOSHAL PLACE SW","assessed_value":546500},{"address":"9844.0 74 AVENUE NW","assessed_value":879000},{"address":"3425.0 CRAIG LANDING SW","assessed_value":603000},{"address":"712.0 KINGLET BOULEVARD NW","assessed_value":614500},{"address":"2215.0 24 STREET NW","assessed_value":300000},{"address":"3195.0 CHECKNITA WAY SW","assessed_value":511000},{"address":"16023.0 34 AVENUE SW","assessed_value":692500},{"address":"9922.0 111 STREET NW","assessed_value":367500},{"address":"nan nan","assessed_value":13000},{"address":"608.0 CONROY CLOSE SW","assessed_value":654500},{"address":"903.0 CRYSTALLINA NERA WAY NW","assessed_value":327000},{"address":"nan nan","assessed_value":2295500},{"address":"17507.0 64 STREET NW","assessed_value":482000},{"address":"9709.0 159 STREET NW","assessed_value":514500},{"address":"22031.0 80 AVENUE NW","assessed_value":491000},{"address":"5350.0 ADMIRAL GIROUARD STREET NW","assessed_value":342000},{"address":"10524.0 184 STREET NW","assessed_value":1656000},{"address":"3225.0 4 STREET NW","assessed_value":449000},{"address":"23007.0 96 AVENUE NW","assessed_value":547000},{"address":"22723.0 82 AVENUE NW","assessed_value":493500},{"address":"1612.0 202 STREET NW","assessed_value":713000},{"address":"1608.0 11 AVENUE NW","assessed_value":183000},{"address":"5613.0 KOOTOOK PLACE SW","assessed_value":640500},{"address":"1360.0 20 STREET NW","assessed_value":719000},{"address":"9922.0 111 STREET NW","assessed_value":357500},{"address":"15413.0 20 STREET NW","assessed_value":451500},{"address":"804.0 WELSH DRIVE SW","assessed_value":367000},{"address":"3544.0 4 STREET NW","assessed_value":572000},{"address":"17344.0 68 STREET NW","assessed_value":1034500},{"address":"nan nan","assessed_value":6000},{"address":"5645.0 KOOTOOK PLACE SW","assessed_value":185500},{"address":"4818.0 KINNEY ROAD SW","assessed_value":752500},{"address":"2608.0 206 STREET NW","assessed_value":749500},{"address":"1087.0 CY BECKER ROAD NW","assessed_value":372000},{"address":"1312.0 15 STREET NW","assessed_value":696500},{"address":"9745.0 92 STREET NW","assessed_value":608500},{"address":"nan nan","assessed_value":19500},{"address":"1727.0 ERKER WAY NW","assessed_value":560500},{"address":"16224.0 31 AVENUE SW","assessed_value":630500},{"address":"1343.0 155 STREET SW","assessed_value":303500},{"address":"17905.0 70A STREET NW","assessed_value":533500},{"address":"nan nan","assessed_value":7500},{"address":"19204.0 STONY PLAIN ROAD NW","assessed_value":7500},{"address":"nan nan","assessed_value":6000},{"address":"20712.0 24 AVENUE NW","assessed_value":130500},{"address":"9805.0 225A STREET NW","assessed_value":581500},{"address":"nan nan","assessed_value":14500},{"address":"10180.0 103 STREET NW","assessed_value":405000},{"address":"16807.0 48 STREET NW","assessed_value":157000},{"address":"2024.0 164 STREET SW","assessed_value":576000},{"address":"15650.0 18 AVENUE SW","assessed_value":606500},{"address":"1010.0 RABBIT HILL ROAD SW","assessed_value":375500},{"address":"nan nan","assessed_value":4500},{"address":"204.0 MISTATIM ROAD NW","assessed_value":554500},{"address":"4682.0 177 AVENUE NW","assessed_value":314000},{"address":"17627.0 62 STREET NW","assessed_value":468500},{"address":"2072.0 WONNACOTT WAY SW","assessed_value":309500},{"address":"234.0 CHARLESWORTH DRIVE SW","assessed_value":24000},{"address":"3246.0 KULAY WAY SW","assessed_value":516000},{"address":"12915.0 213 STREET NW","assessed_value":557000},{"address":"15832.0 29 AVENUE SW","assessed_value":602500},{"address":"16915.0 47 STREET NW","assessed_value":569000},{"address":"665.0 KINGLET BOULEVARD NW","assessed_value":511000},{"address":"11215.0 75 AVENUE NW","assessed_value":823000},{"address":"3332.0 168 STREET SW","assessed_value":517000},{"address":"3248.0 CHERNOWSKI WAY SW","assessed_value":656000},{"address":"2190.0 MUCKLEPLUM CRESCENT SW","assessed_value":131500},{"address":"nan nan","assessed_value":6000},{"address":"7035.0 182 AVENUE NW","assessed_value":480500},{"address":"9958.0 67 AVENUE NW","assessed_value":387500},{"address":"16335.0 84 STREET NW","assessed_value":301000},{"address":"5794.0 CAUTLEY CRESCENT SW","assessed_value":503500},{"address":"1154.0 ADAMSON DRIVE SW","assessed_value":310000},{"address":"3335.0 169 STREET SW","assessed_value":173500},{"address":"2012.0 MAPLE ROAD NW","assessed_value":140000},{"address":"5051.0 28 STREET NW","assessed_value":1009000},{"address":"1908.0 155 AVENUE NW","assessed_value":165500},{"address":"491.0 GLENRIDDING RAVINE DRIVE SW","assessed_value":396500},{"address":"4926.0 HAWTHORN PLACE SW","assessed_value":725000},{"address":"2072.0 WONNACOTT WAY SW","assessed_value":304000},{"address":"3252.0 CHERNOWSKI WAY SW","assessed_value":650500},{"address":"2803.0 14 AVENUE NW","assessed_value":311000},{"address":"1110.0 DANIELS LINK SW","assessed_value":273000},{"address":"2004.0 14 AVENUE NW","assessed_value":210000},{"address":"3231.0 4 STREET NW","assessed_value":449000},{"address":"108.0 38 STREET SW","assessed_value":1083500},{"address":"130.0 HAWKS RIDGE BOULEVARD NW","assessed_value":292000},{"address":"5616.0 HAWTHORN WAY SW","assessed_value":609500},{"address":"1611.0 202 STREET NW","assessed_value":512500},{"address":"1312.0 14 AVENUE NW","assessed_value":140500},{"address":"16565.0 20 AVENUE SW","assessed_value":115500},{"address":"5507.0 KOOTOOK ROAD SW","assessed_value":853500},{"address":"13044.0 213 STREET NW","assessed_value":464500},{"address":"16912.0 49 STREET NW","assessed_value":540000},{"address":"9711.0 159 STREET NW","assessed_value":515000},{"address":"462.0 EDGEMONT DRIVE NW","assessed_value":466500},{"address":"3363.0 KULAY WAY SW","assessed_value":567500},{"address":"2130.0 MUCKLEPLUM CRESCENT SW","assessed_value":173500},{"address":"2099.0 MAPLE ROAD NW","assessed_value":455000},{"address":"1571.0 ESAIW PLACE NW","assessed_value":662500},{"address":"9627.0 154 STREET NW","assessed_value":550500},{"address":"nan nan","assessed_value":13000},{"address":"9932.0 226 STREET NW","assessed_value":467000},{"address":"3025.0 151 AVENUE NW","assessed_value":300500},{"address":"nan nan","assessed_value":4500},{"address":"15723.0 19 AVENUE SW","assessed_value":693500},{"address":"1605.0 PLUM CIRCLE SW","assessed_value":542500},{"address":"19616.0 29 AVENUE NW","assessed_value":415500},{"address":"6214.0 CARTMELL COURT SW","assessed_value":373500},{"address":"3114.0 169 STREET SW","assessed_value":436500},{"address":"22011.0 80 AVENUE NW","assessed_value":523000},{"address":"13004.0 116 STREET NW","assessed_value":965500},{"address":"2448.0 12 AVENUE NW","assessed_value":663500},{"address":"211.0 ORCHARDS BOULEVARD SW","assessed_value":457000},{"address":"13003.0 132 AVENUE NW","assessed_value":282500},{"address":"4969.0 HAWTHORN PLACE SW","assessed_value":679500},{"address":"17760.0 72 STREET NW","assessed_value":651500},{"address":"1098.0 CHRISTIE VISTA SW","assessed_value":631500},{"address":"12039.0 89 STREET NW","assessed_value":362000},{"address":"1728.0 18 STREET NW","assessed_value":741500},{"address":"13132.0 64 STREET NW","assessed_value":331000},{"address":"412.0 38A STREET SW","assessed_value":531500},{"address":"20308.0 17 AVENUE NW","assessed_value":640000},{"address":"22708.0 94 AVENUE NW","assessed_value":576500},{"address":"nan nan","assessed_value":19500},{"address":"2623.0 15 AVENUE NW","assessed_value":667000},{"address":"856.0 SECORD BOULEVARD NW","assessed_value":140000},{"address":"1316.0 WINDERMERE WAY SW","assessed_value":353000},{"address":"10180.0 103 STREET NW","assessed_value":354500},{"address":"9186.0 34A AVENUE NW","assessed_value":722000},{"address":"17635.0 58 STREET NW","assessed_value":381500},{"address":"193.0 EDGEMONT ROAD NW","assessed_value":625500},{"address":"13109.0 212A STREET NW","assessed_value":183500},{"address":"4118.0 HAWTHORN COURT SW","assessed_value":644000},{"address":"7310.0 118A STREET NW","assessed_value":1000500},{"address":"2535.0 12 AVENUE NW","assessed_value":611000},{"address":"nan nan","assessed_value":13500},{"address":"5907.0 110 STREET NW","assessed_value":1316000},{"address":"17526.0 63A STREET NW","assessed_value":569000},{"address":"3020.0 DIXON LANDING SW","assessed_value":525000},{"address":"11228.0 72 AVENUE NW","assessed_value":629000},{"address":"2611.0 DONAGHEY CRESCENT SW","assessed_value":501500},{"address":"2750.0 SIR ARTHUR CURRIE WAY NW","assessed_value":332000},{"address":"4015.0 HAWTHORN LINK SW","assessed_value":520000},{"address":"2104.0 WONNACOTT WAY SW","assessed_value":309500},{"address":"232.0 MISTATIM ROAD NW","assessed_value":349000},{"address":"7340.0 179 AVENUE NW","assessed_value":498000},{"address":"nan nan","assessed_value":13500},{"address":"1184.0 CHRISTIE VISTA SW","assessed_value":528500},{"address":"6634.0 CRAWFORD LANDING SW","assessed_value":209500},{"address":"812.0 WELSH DRIVE SW","assessed_value":241000},{"address":"1154.0 PLUM LANE SW","assessed_value":543000},{"address":"nan nan","assessed_value":6000},{"address":"9635.0 82 AVENUE NW","assessed_value":424000},{"address":"20939.0 131 AVENUE NW","assessed_value":568500},{"address":"15680.0 18 AVENUE SW","assessed_value":8000},{"address":"1505.0 PODERSKY PLACE SW","assessed_value":815500},{"address":"804.0 WELSH DRIVE SW","assessed_value":327500},{"address":"4553.0 KNIGHT WYND SW","assessed_value":725000},{"address":"10735.0 110 STREET NW","assessed_value":267000},{"address":"1749.0 PLUM CRESCENT SW","assessed_value":471000},{"address":"1703.0 157 STREET SW","assessed_value":187000},{"address":"3974.0 GINSBURG CRESCENT NW","assessed_value":588000},{"address":"14314.0 106A AVENUE NW","assessed_value":699500},{"address":"5122.0 213A STREET NW","assessed_value":486000},{"address":"9862.0 225A STREET NW","assessed_value":472500},{"address":"1235.0 PODERSKY WYND SW","assessed_value":482000},{"address":"9252.0 222 STREET NW","assessed_value":541500},{"address":"1069.0 GOLDFINCH WAY NW","assessed_value":608000},{"address":"15503.0 128 AVENUE NW","assessed_value":5160000},{"address":"1413.0 KESWICK DRIVE SW","assessed_value":459000},{"address":"5762.0 CAUTLEY CRESCENT SW","assessed_value":372000},{"address":"3108.0 158 STREET SW","assessed_value":614000},{"address":"1910.0 COLLIP VIEW SW","assessed_value":334000},{"address":"1168.0 ASTER BOULEVARD NW","assessed_value":358000},{"address":"2922.0 MAPLE WAY NW","assessed_value":333500},{"address":"15732.0 19 AVENUE SW","assessed_value":468500},{"address":"781.0 DRYSDALE RUN NW","assessed_value":3156500},{"address":"1530.0 TAMARACK BOULEVARD NW","assessed_value":220500},{"address":"520.0 GLENRIDDING RAVINE DRIVE SW","assessed_value":84500},{"address":"2412.0 208 STREET NW","assessed_value":527000},{"address":"2104.0 207 STREET NW","assessed_value":666000},{"address":"1086.0 CHRISTIE VISTA SW","assessed_value":625500},{"address":"17723.0 73 STREET NW","assessed_value":614000},{"address":"8323.0 120 STREET NW","assessed_value":1447500},{"address":"5014.0 RIVER'S EDGE WAY NW","assessed_value":359500},{"address":"9452.0 COLAK LANE SW","assessed_value":506000},{"address":"233.0 GLENRIDDING RAVINE ROAD SW","assessed_value":847500},{"address":"1476.0 KESWICK DRIVE SW","assessed_value":352500},{"address":"5815.0 109 STREET NW","assessed_value":1109500},{"address":"nan nan","assessed_value":14500},{"address":"1518.0 PLUM CIRCLE SW","assessed_value":657500},{"address":"9515.0 76 AVENUE NW","assessed_value":534500},{"address":"nan nan","assessed_value":19500},{"address":"20739.0 25 AVENUE NW","assessed_value":482500},{"address":"19124.0 22 AVENUE NW","assessed_value":488000},{"address":"13317.0 115 AVENUE NW","assessed_value":178000},{"address":"711.0 166 AVENUE NE","assessed_value":234500},{"address":"2226.0 DONAGHEY WAY SW","assessed_value":619500},{"address":"22839.0 84 AVENUE NW","assessed_value":307000},{"address":"423.0 CONROY CRESCENT SW","assessed_value":450000},{"address":"3473.0 KULAY GREEN SW","assessed_value":506000},{"address":"194.0 MISTATIM ROAD NW","assessed_value":482500},{"address":"9336.0 89 STREET NW","assessed_value":540000},{"address":"4856.0 HAWTHORN BEND SW","assessed_value":179000},{"address":"3672.0 5 AVENUE SW","assessed_value":468500},{"address":"10819.0 65 AVENUE NW","assessed_value":359000},{"address":"3619.0 5 AVENUE SW","assessed_value":857500},{"address":"22819.0 84 AVENUE NW","assessed_value":336500},{"address":"nan nan","assessed_value":34000},{"address":"3754.0 CROSS LANDING SW","assessed_value":630000},{"address":"3253.0 DALLAS SCHMIDT DRIVE NW","assessed_value":292500},{"address":"17680.0 49 STREET NW","assessed_value":588500},{"address":"17635.0 58 STREET NW","assessed_value":413000},{"address":"2023.0 MUCKLEPLUM LINK SW","assessed_value":179000},{"address":"7748.0 YORKE MEWS NW","assessed_value":642000},{"address":"1326.0 156 STREET SW","assessed_value":585500},{"address":"8151.0 227 STREET NW","assessed_value":613000},{"address":"1011.0 150 AVENUE NW","assessed_value":816000},{"address":"1056.0 CHRISTIE VISTA SW","assessed_value":828000},{"address":"1760.0 18 STREET NW","assessed_value":797000},{"address":"3312.0 169 STREET SW","assessed_value":552500},{"address":"1151.0 GYRFALCON CRESCENT NW","assessed_value":724500},{"address":"3232.0 158 STREET SW","assessed_value":646500},{"address":"11503.0 76 AVENUE NW","assessed_value":330500},{"address":"13305.0 117 STREET NW","assessed_value":10500},{"address":"19322.0 22A AVENUE NW","assessed_value":159500},{"address":"21343.0 36 AVENUE NW","assessed_value":527000},{"address":"nan nan","assessed_value":6500},{"address":"1006.0 STILLWATER BOULEVARD NW","assessed_value":366000},{"address":"804.0 WELSH DRIVE SW","assessed_value":359500},{"address":"17003.0 45 STREET NW","assessed_value":547500},{"address":"1203.0 EATON LANE NW","assessed_value":499500},{"address":"2246.0 MUCKLEPLUM CRESCENT SW","assessed_value":178500},{"address":"1019.0 PARSONS ROAD SW","assessed_value":569000},{"address":"6628.0 CRAWFORD LANDING SW","assessed_value":746000},{"address":"312.0 35 AVENUE NW","assessed_value":605500},{"address":"138.0 SECORD DRIVE NW","assessed_value":306500},{"address":"1130.0 MERIDIAN STREET NW","assessed_value":0},{"address":"19041.0 22A AVENUE NW","assessed_value":289000},{"address":"20111.0 15 AVENUE NW","assessed_value":439500},{"address":"596.0 KINGLET BOULEVARD NW","assessed_value":371500},{"address":"13317.0 115 AVENUE NW","assessed_value":194500},{"address":"nan nan","assessed_value":6000},{"address":"20103.0 109 AVENUE NW","assessed_value":866500},{"address":"1166.0 GYRFALCON CRESCENT NW","assessed_value":597000},{"address":"8905.0 79 AVENUE NW","assessed_value":639500},{"address":"9745.0 152 STREET NW","assessed_value":612500},{"address":"9611.0 230 STREET NW","assessed_value":461000},{"address":"16720.0 34 AVENUE SW","assessed_value":219500},{"address":"3037.0 MILNER CRESCENT NW","assessed_value":289500},{"address":"3142.0 DIXON LANDING SW","assessed_value":130500},{"address":"994.0 DANIELS LOOP SW","assessed_value":545500},{"address":"7629.0 KORULUK PLACE SW","assessed_value":469500},{"address":"2237.0 DONAGHEY WAY SW","assessed_value":559500},{"address":"3205.0 4 STREET NW","assessed_value":449500},{"address":"10223.0 146 STREET NW","assessed_value":759500},{"address":"2040.0 157 STREET SW","assessed_value":828500},{"address":"1155.0 GYRFALCON CRESCENT NW","assessed_value":765500},{"address":"11503.0 76 AVENUE NW","assessed_value":389000},{"address":"9746.0 72 AVENUE NW","assessed_value":629000},{"address":"3336.0 169 STREET SW","assessed_value":497000},{"address":"6039.0 EDMONDS PLACE NW","assessed_value":413500},{"address":"22713.0 84 AVENUE NW","assessed_value":324000},{"address":"3259.0 CHERNOWSKI WAY SW","assessed_value":206000},{"address":"21809.0 93 AVENUE NW","assessed_value":422500},{"address":"7139.0 182 AVENUE NW","assessed_value":662000},{"address":"11310.0 WINTERBURN ROAD NW","assessed_value":4701500},{"address":"2307.0 51 STREET SW","assessed_value":595000},{"address":"6304.0 27 AVENUE SW","assessed_value":453500},{"address":"1310.0 PLUM LINK SW","assessed_value":628000},{"address":"9250.0 156 AVENUE NW","assessed_value":351500},{"address":"5716.0 LARK POINT NW","assessed_value":838500},{"address":"1051.0 GRAYDON HILL BOULEVARD SW","assessed_value":441000},{"address":"1917.0 COLLIP VIEW SW","assessed_value":548500},{"address":"19224.0 27 AVENUE NW","assessed_value":354500},{"address":"1419.0 17 AVENUE NW","assessed_value":587500},{"address":"1303.0 157 STREET SW","assessed_value":621000},{"address":"5339.0 KIMBALL PLACE SW","assessed_value":648000},{"address":"4033.0 HAWTHORN LINK SW","assessed_value":614000},{"address":"256.0 WOLF RIDGE CLOSE NW","assessed_value":790000},{"address":"739.0 35 STREET SW","assessed_value":602000},{"address":"2011.0 155 AVENUE NW","assessed_value":174500},{"address":"nan nan","assessed_value":9000},{"address":"426.0 CONROY CRESCENT SW","assessed_value":521000},{"address":"3216.0 2 AVENUE SW","assessed_value":273500},{"address":"1089.0 CHRISTIE VISTA SW","assessed_value":702000},{"address":"1138.0 ASTER BOULEVARD NW","assessed_value":350000},{"address":"1464.0 PLUM CIRCLE SW","assessed_value":144000},{"address":"20812.0 19 AVENUE NW","assessed_value":365000},{"address":"19724.0 28 AVENUE NW","assessed_value":455000},{"address":"9323.0 222 STREET NW","assessed_value":448500},{"address":"804.0 WELSH DRIVE SW","assessed_value":338000},{"address":"9329.0 PEAR LINK SW","assessed_value":545500},{"address":"4826.0 KNIGHT CRESCENT SW","assessed_value":249000},{"address":"1523.0 16 AVENUE NW","assessed_value":466000},{"address":"9345.0 ANTHONY HENDAY DRIVE NW","assessed_value":2500},{"address":"5449.0 KOOTOOK ROAD SW","assessed_value":188000},{"address":"1083.0 GRANTHAM DRIVE NW","assessed_value":3500},{"address":"6862.0 178 AVENUE NW","assessed_value":653000},{"address":"8717.0 SASKATCHEWAN DRIVE NW","assessed_value":1187000},{"address":"17424.0 2 STREET NW","assessed_value":145500},{"address":"17708.0 70 STREET NW","assessed_value":576500},{"address":"13056.0 212 STREET NW","assessed_value":162500},{"address":"712.0 165 AVENUE NE","assessed_value":235500},{"address":"22023.0 93 AVENUE NW","assessed_value":493000},{"address":"4814.0 KNIGHT CRESCENT SW","assessed_value":2442500},{"address":"9859.0 227 STREET NW","assessed_value":463000},{"address":"2715.0 193 STREET NW","assessed_value":140000},{"address":"11630.0 109 STREET NW","assessed_value":12676500},{"address":"17356.0 6 STREET NE","assessed_value":485500},{"address":"519.0 173 AVENUE NE","assessed_value":316500},{"address":"22136.0 82 AVENUE NW","assessed_value":602000},{"address":"2508.0 210 STREET NW","assessed_value":254000},{"address":"1746.0 PLUM CRESCENT SW","assessed_value":503000},{"address":"2072.0 WONNACOTT WAY SW","assessed_value":304000},{"address":"8903.0 140 STREET NW","assessed_value":1289000},{"address":"2803.0 193 STREET NW","assessed_value":133500},{"address":"4310.0 HAWTHORN LANDING SW","assessed_value":698000},{"address":"6.0 LAURIER PLACE NW","assessed_value":3193500},{"address":"16715.0 32 AVENUE SW","assessed_value":682000},{"address":"428.0 42 STREET SW","assessed_value":660000},{"address":"19350.0 MERIDIAN STREET NW","assessed_value":1265500},{"address":"nan nan","assessed_value":13500},{"address":"2380.0 51 STREET SW","assessed_value":681500},{"address":"5317.0 SCHONSEE DRIVE NW","assessed_value":3500},{"address":"1203.0 163 STREET SW","assessed_value":259000},{"address":"3979.0 GINSBURG CRESCENT NW","assessed_value":310500},{"address":"nan nan","assessed_value":9000},{"address":"3855.0 CHRUSTAWKA PLACE SW","assessed_value":516000},{"address":"15844.0 25 AVENUE SW","assessed_value":149000},{"address":"11314.0 73 AVENUE NW","assessed_value":679000},{"address":"19118.0 22A AVENUE NW","assessed_value":552500},{"address":"315.0 36 AVENUE NW","assessed_value":555000},{"address":"6640.0 CRAWFORD LANDING SW","assessed_value":277500},{"address":"3338.0 168 STREET SW","assessed_value":505500},{"address":"11910.0 35 AVENUE SW","assessed_value":376000},{"address":"1220.0 EATON LANE NW","assessed_value":567500},{"address":"17243.0 2 STREET NW","assessed_value":562500},{"address":"8875.0 CARSON WAY SW","assessed_value":487500},{"address":"20306.0 15A AVENUE NW","assessed_value":326000},{"address":"6539.0 175 AVENUE NW","assessed_value":577000},{"address":"11610.0 76 AVENUE NW","assessed_value":928000},{"address":"427.0 32 STREET SW","assessed_value":105500},{"address":"6905.0 50 STREET NW","assessed_value":2321500},{"address":"8535.0 80 AVENUE NW","assessed_value":577500},{"address":"174.0 CAVANAGH COMMON SW","assessed_value":712500},{"address":"6236.0 176 AVENUE NW","assessed_value":464000},{"address":"9654.0 77 AVENUE NW","assessed_value":623000},{"address":"17741.0 73A STREET NW","assessed_value":748000},{"address":"1814.0 18A AVENUE NW","assessed_value":959000},{"address":"3223.0 160 STREET SW","assessed_value":588000},{"address":"nan nan","assessed_value":6500},{"address":"16335.0 84 STREET NW","assessed_value":299000},{"address":"4086.0 KINSELLA WAY SW","assessed_value":421500},{"address":"nan nan","assessed_value":19500},{"address":"2616.0 194 STREET NW","assessed_value":684000},{"address":"22080.0 94 AVENUE NW","assessed_value":531500},{"address":"3204.0 PARKER LOOP SW","assessed_value":656500},{"address":"3318.0 KULAY WAY SW","assessed_value":513000},{"address":"1939.0 157 STREET SW","assessed_value":600000},{"address":"10713.0 74 AVENUE NW","assessed_value":472000},{"address":"130.0 HAWKS RIDGE BOULEVARD NW","assessed_value":292000},{"address":"nan nan","assessed_value":34000},{"address":"3109.0 KOSTASH GREEN SW","assessed_value":964500},{"address":"2023.0 206 STREET NW","assessed_value":566000},{"address":"17335.0 3 STREET NW","assessed_value":517500},{"address":"1316.0 WINDERMERE WAY SW","assessed_value":504500},{"address":"3114.0 CHALLAND LANE SW","assessed_value":470000},{"address":"9612.0 86 STREET NW","assessed_value":259500},{"address":"3743.0 69 AVENUE NW","assessed_value":650500},{"address":"1537.0 ESAIW PLACE NW","assessed_value":687000},{"address":"2257.0 193A STREET NW","assessed_value":206500},{"address":"3310.0 ERLANGER BEND NW","assessed_value":183500},{"address":"13610.0 STONY PLAIN ROAD NW","assessed_value":1686500},{"address":"2016.0 154 AVENUE NW","assessed_value":174500},{"address":"461.0 CONROY CRESCENT SW","assessed_value":537500},{"address":"12019.0 34 AVENUE SW","assessed_value":631500},{"address":"1154.0 ADAMSON DRIVE SW","assessed_value":248500},{"address":"nan nan","assessed_value":4500},{"address":"4918.0 84 AVENUE NW","assessed_value":639000},{"address":"3758.0 CROSS LANDING SW","assessed_value":886000},{"address":"1239.0 24 STREET NW","assessed_value":673000},{"address":"13106.0 93 AVENUE SW","assessed_value":29295500},{"address":"17724.0 63 STREET NW","assessed_value":456000},{"address":"6720.0 86 AVENUE NW","assessed_value":500},{"address":"328.0 33 STREET SW","assessed_value":137500},{"address":"5103.0 LARK CRESCENT NW","assessed_value":524500},{"address":"3641.0 5A AVENUE SW","assessed_value":667500},{"address":"651.0 173 AVENUE NE","assessed_value":108000},{"address":"5746.0 CAUTLEY CRESCENT SW","assessed_value":604000},{"address":"8112.0 156 STREET NW","assessed_value":243000},{"address":"230.0 EDGEMONT ROAD NW","assessed_value":347500},{"address":"9192.0 PEAR DRIVE SW","assessed_value":541000},{"address":"1248.0 PLUM BEND SW","assessed_value":508000},{"address":"6479.0 175 AVENUE NW","assessed_value":676000},{"address":"17012.0 49 STREET NW","assessed_value":595500},{"address":"4819.0 KNIGHT CRESCENT SW","assessed_value":268000},{"address":"1688.0 27 STREET NW","assessed_value":635000},{"address":"752.0 PAYIPWAT COMMON SW","assessed_value":329000},{"address":"5216.0 169 AVENUE NW","assessed_value":592000},{"address":"2120.0 154 AVENUE NW","assessed_value":61000},{"address":"1295.0 ROSENTHAL BOULEVARD NW","assessed_value":401000},{"address":"727.0 165 AVENUE NE","assessed_value":900500},{"address":"9387.0 221 STREET NW","assessed_value":473000},{"address":"2906.0 192 STREET NW","assessed_value":313000},{"address":"1535.0 ESAIW PLACE NW","assessed_value":221500},{"address":"6450.0 CARTMELL PLACE SW","assessed_value":621500},{"address":"4524.0 CHEGWIN WYND SW","assessed_value":473000},{"address":"22706.0 82A AVENUE NW","assessed_value":172000},{"address":"1717.0 ERKER WAY NW","assessed_value":494000},{"address":"1963.0 160 STREET SW","assessed_value":496500},{"address":"nan nan","assessed_value":13000},{"address":"17107.0 2 STREET NW","assessed_value":696500},{"address":"9122.0 34A AVENUE NW","assessed_value":342000},{"address":"7310.0 KLAPSTEIN CRESCENT SW","assessed_value":132000},{"address":"10749.0 73 AVENUE NW","assessed_value":705000},{"address":"3056.0 158 STREET SW","assessed_value":660000},{"address":"1616.0 14 STREET NW","assessed_value":605500},{"address":"1744.0 ERKER WAY NW","assessed_value":463000},{"address":"5349.0 KIMBALL PLACE SW","assessed_value":685000},{"address":"22129.0 92A AVENUE NW","assessed_value":601000},{"address":"10054.0 79 AVENUE NW","assessed_value":30786000},{"address":"7121.0 MAY CRESCENT NW","assessed_value":731500},{"address":"2319.0 MUCKLEPLUM WAY SW","assessed_value":169500},{"address":"930.0 HADDAD WYND SW","assessed_value":1125500},{"address":"154.0 SUNWAPTA WAY NW","assessed_value":381000},{"address":"9368.0 222 STREET NW","assessed_value":567500},{"address":"2108.0 14 AVENUE NW","assessed_value":673500},{"address":"12025.0 92 STREET NW","assessed_value":341500},{"address":"2803.0 14 AVENUE NW","assessed_value":343500},{"address":"nan nan","assessed_value":4500},{"address":"22656.0 80 AVENUE NW","assessed_value":666500},{"address":"446.0 ALLARD BOULEVARD SW","assessed_value":250500},{"address":"7643.0 KORULUK PLACE SW","assessed_value":432500},{"address":"4713.0 KNIGHT CLOSE SW","assessed_value":936500},{"address":"1588.0 HOWES PLACE SW","assessed_value":236500},{"address":"220.0 ORCHARDS BOULEVARD SW","assessed_value":479000},{"address":"4719.0 168 AVENUE NW","assessed_value":611000},{"address":"10207.0 114 AVENUE NW","assessed_value":331500},{"address":"10024.0 142 STREET NW","assessed_value":11590000},{"address":"9732.0 151 STREET NW","assessed_value":697500},{"address":"3075.0 200 STREET NW","assessed_value":464000},{"address":"9474.0 COLAK LANE SW","assessed_value":464500},{"address":"nan nan","assessed_value":14500},{"address":"4106.0 HAWTHORN COURT SW","assessed_value":690000},{"address":"10180.0 103 STREET NW","assessed_value":416000},{"address":"22813.0 92A AVENUE NW","assessed_value":560000},{"address":"6167.0 CARR ROAD NW","assessed_value":737500},{"address":"20935.0 131 AVENUE NW","assessed_value":577500},{"address":"10619.0 76 STREET NW","assessed_value":500},{"address":"1225.0 EATON LANE NW","assessed_value":512000},{"address":"9560.0 CARSON BEND SW","assessed_value":473500},{"address":"2003.0 18 AVENUE NW","assessed_value":900000},{"address":"3116.0 DIXON LANDING SW","assessed_value":139000},{"address":"10837.0 83 AVENUE NW","assessed_value":289000},{"address":"4820.0 177 AVENUE NW","assessed_value":558500},{"address":"4120.0 GINSBURG PLACE NW","assessed_value":877500},{"address":"10140.0 90 STREET NW","assessed_value":841000},{"address":"4835.0 HAWTHORN BEND SW","assessed_value":540000},{"address":"451.0 CONROY CRESCENT SW","assessed_value":537500},{"address":"1154.0 ADAMSON DRIVE SW","assessed_value":258500},{"address":"19115.0 22 AVENUE NW","assessed_value":717500},{"address":"2905.0 141 STREET SW","assessed_value":323500},{"address":"21921.0 93 AVENUE NW","assessed_value":395000},{"address":"1107.0 ASTER BOULEVARD NW","assessed_value":140500},{"address":"3442.0 CRAIG LANDING SW","assessed_value":617000},{"address":"1316.0 WINDERMERE WAY SW","assessed_value":381500},{"address":"2011.0 157 STREET SW","assessed_value":587000},{"address":"20316.0 25 AVENUE NW","assessed_value":459000},{"address":"4806.0 173A AVENUE NW","assessed_value":443500},{"address":"9344.0 226 STREET NW","assessed_value":534000},{"address":"1121.0 ASTER BOULEVARD NW","assessed_value":457500},{"address":"1692.0 27 STREET NW","assessed_value":655500},{"address":"9.0 AIRPORT ROAD NW","assessed_value":5000},{"address":"17231.0 3 STREET NW","assessed_value":390500},{"address":"17606.0 64A STREET NW","assessed_value":624500},{"address":"11997.0 35 AVENUE SW","assessed_value":473500},{"address":"17719.0 E L SMITH ROAD NW","assessed_value":500},{"address":"6416.0 176 AVENUE NW","assessed_value":564500},{"address":"22734.0 82A AVENUE NW","assessed_value":470500},{"address":"nan nan","assessed_value":4500},{"address":"8029.0 CEDRIC MAH ROAD NW","assessed_value":788500},{"address":"19159.0 22 AVENUE NW","assessed_value":644000},{"address":"413.0 CONROY CRESCENT SW","assessed_value":453500},{"address":"522.0 37 STREET SW","assessed_value":414000},{"address":"9449.0 PEAR CRESCENT SW","assessed_value":682000},{"address":"3339.0 ERLANGER BEND NW","assessed_value":469000},{"address":"4912.0 174 AVENUE NW","assessed_value":664500},{"address":"1257.0 ROSENTHAL BOULEVARD NW","assessed_value":396000},{"address":"5468.0 KOOTOOK ROAD SW","assessed_value":594000},{"address":"1530.0 TAMARACK BOULEVARD NW","assessed_value":273500},{"address":"17211.0 68 STREET NW","assessed_value":761500},{"address":"2093.0 MAPLE ROAD NW","assessed_value":410500},{"address":"903.0 CRYSTALLINA NERA WAY NW","assessed_value":321500},{"address":"4541.0 CHEGWIN WYND SW","assessed_value":481000},{"address":"20610.0 21A AVENUE NW","assessed_value":316500},{"address":"9232.0 117 STREET NW","assessed_value":1228000},{"address":"204.0 36 AVENUE NW","assessed_value":639000},{"address":"17909.0 70A STREET NW","assessed_value":550000},{"address":"1541.0 HOWES PLACE SW","assessed_value":838500},{"address":"9976.0 67 AVENUE NW","assessed_value":479500},{"address":"3670.0 ERLANGER ROAD NW","assessed_value":475500},{"address":"9479.0 COLAK LANE SW","assessed_value":375000},{"address":"22804.0 94 AVENUE NW","assessed_value":158500},{"address":"8303.0 123 AVENUE NW","assessed_value":299000},{"address":"219.0 MARQUIS BOULEVARD NE","assessed_value":262000},{"address":"1619.0 12 AVENUE NW","assessed_value":637000},{"address":"1110.0 DANIELS LINK SW","assessed_value":289000},{"address":"20420.0 21 AVENUE NW","assessed_value":450000},{"address":"9922.0 111 STREET NW","assessed_value":376000},{"address":"nan nan","assessed_value":4500},{"address":"999.0 DANIELS LOOP SW","assessed_value":436000},{"address":"9922.0 111 STREET NW","assessed_value":475500},{"address":"2904.0 244 AVENUE NE","assessed_value":589500},{"address":"1118.0 PLUM LANE SW","assessed_value":128000},{"address":"3118.0 9 STREET NW","assessed_value":473000},{"address":"9353.0 PEAR LINK SW","assessed_value":462500},{"address":"1227.0 14 AVENUE NW","assessed_value":148000},{"address":"1530.0 TAMARACK BOULEVARD NW","assessed_value":297000},{"address":"nan nan","assessed_value":14500},{"address":"3124.0 4 STREET NW","assessed_value":460000},{"address":"17714.0 73A STREET NW","assessed_value":636500},{"address":"4251.0 97 STREET NW","assessed_value":518000},{"address":"9621.0 230 STREET NW","assessed_value":484500},{"address":"3299.0 PARKER LOOP SW","assessed_value":568000},{"address":"7630.0 KORULUK PLACE SW","assessed_value":352000},{"address":"168.0 SECORD DRIVE NW","assessed_value":315500},{"address":"3305.0 ORCHARDS LINK SW","assessed_value":293500},{"address":"9921.0 87 STREET NW","assessed_value":1202500},{"address":"22786.0 97 AVENUE NW","assessed_value":322000},{"address":"843.0 NORTHERN HARRIER LANE NW","assessed_value":504500},{"address":"4783.0 CAWSEY TERRACE SW","assessed_value":137500},{"address":"17350.0 98A STREET NW","assessed_value":134000},{"address":"1009.0 DANIELS LOOP SW","assessed_value":429000},{"address":"3508.0 6 STREET NW","assessed_value":163500},{"address":"6422.0 CARTMELL PLACE SW","assessed_value":766500},{"address":"nan nan","assessed_value":14500},{"address":"2415.0 TRUMPETER WAY NW","assessed_value":512000},{"address":"9618.0 42 AVENUE NW","assessed_value":1805500},{"address":"1316.0 WINDERMERE WAY SW","assessed_value":411500},{"address":"6410.0 LAUBMAN STREET NW","assessed_value":645000},{"address":"1133.0 GYRFALCON CRESCENT NW","assessed_value":169500},{"address":"3523.0 5A AVENUE SW","assessed_value":482000},{"address":"1460.0 27 STREET NW","assessed_value":842500},{"address":"264.0 GLENRIDDING RAVINE ROAD SW","assessed_value":620000},{"address":"4137.0 76 STREET NW","assessed_value":319500},{"address":"1740.0 18 STREET NW","assessed_value":812000},{"address":"10921.0 159 STREET NW","assessed_value":533000},{"address":"488.0 38A STREET SW","assessed_value":551000},{"address":"3612.0 1 AVENUE SW","assessed_value":737000},{"address":"16335.0 84 STREET NW","assessed_value":311500},{"address":"17203.0 HILLER ROAD SW","assessed_value":10540500},{"address":"276.0 166 AVENUE NE","assessed_value":605500},{"address":"1684.0 12 STREET NW","assessed_value":407500},{"address":"6414.0 27 AVENUE SW","assessed_value":122000},{"address":"9406.0 PEAR CRESCENT SW","assessed_value":516000},{"address":"19246.0 22A AVENUE NW","assessed_value":586500},{"address":"11318.0 75 AVENUE NW","assessed_value":774000},{"address":"2763.0 KOSHAL PLACE SW","assessed_value":571500},{"address":"16820.0 48 STREET NW","assessed_value":572000},{"address":"2036.0 157 STREET SW","assessed_value":712000},{"address":"2032.0 13 AVENUE NW","assessed_value":775500},{"address":"11445.0 40 AVENUE NW","assessed_value":2150000},{"address":"1051.0 GRAYDON HILL BOULEVARD SW","assessed_value":430500},{"address":"804.0 WELSH DRIVE SW","assessed_value":319500},{"address":"nan nan","assessed_value":34000},{"address":"5323.0 KIMBALL PLACE SW","assessed_value":656500},{"address":"1591.0 PLUM CIRCLE SW","assessed_value":681500},{"address":"22614.0 99A AVENUE NW","assessed_value":516500},{"address":"22027.0 93 AVENUE NW","assessed_value":473000},{"address":"2724.0 DONAGHEY CRESCENT SW","assessed_value":697500},{"address":"473.0 EDGEMONT DRIVE NW","assessed_value":497000},{"address":"3405.0 KULAY GREEN SW","assessed_value":635500},{"address":"3008.0 169 STREET SW","assessed_value":435500},{"address":"10503.0 JASPER AVENUE NW","assessed_value":3902000},{"address":"9250.0 156 AVENUNE NW","assessed_value":351500},{"address":"3338.0 KULAY WAY SW","assessed_value":523500},{"address":"4733.0 CAWSEY TERRACE SW","assessed_value":732500},{"address":"664.0 KINGLET BOULEVARD NW","assessed_value":632500},{"address":"1108.0 152 AVENUE NW","assessed_value":669500}]