[{"address":"10136.0 160 STREET NW","assessed_value":68500},{"address":"10145.0 121 STREET NW","assessed_value":102000},{"address":"9352.0 180A AVENUE NW","assessed_value":454500},{"address":"2908.0 116A AVENUE NW","assessed_value":82000},{"address":"3180.0 34 STREET SW","assessed_value":851500},{"address":"2112.0 54 STREET NW","assessed_value":329500},{"address":"17225.0 92 AVENUE NW","assessed_value":198000},{"address":"16720.0 98 AVENUE NW","assessed_value":348000},{"address":"12141.0 JASPER AVENUE NW","assessed_value":157500},{"address":"3007.0 35 STREET NW","assessed_value":101000},{"address":"14824.0 45 AVENUE NW","assessed_value":274000},{"address":"958.0 RICE ROAD NW","assessed_value":570500},{"address":"8806.0 160 STREET NW","assessed_value":357000},{"address":"10149.0 SASKATCHEWAN DRIVE NW","assessed_value":181500},{"address":"2104.0 199 STREET SW","assessed_value":25500},{"address":"8620.0 149 STREET NW","assessed_value":3217000},{"address":"9108.0 177 AVENUE NW","assessed_value":370500},{"address":"8215.0 169 STREET NW","assessed_value":368500},{"address":"13806.0 24 STREET NW","assessed_value":67500},{"address":"20426.0 107 AVENUE NW","assessed_value":207000},{"address":"10011.0 123 STREET NW","assessed_value":230000},{"address":"9505.0 77 AVENUE NW","assessed_value":178000},{"address":"124.0 WALSH CRESCENT NW","assessed_value":1005500},{"address":"9223.0 169 STREET NW","assessed_value":379000},{"address":"8405.0 161 STREET NW","assessed_value":0},{"address":"550.0 HAYTER ROAD NW","assessed_value":2932000},{"address":"17409.0 95 STREET NW","assessed_value":182500},{"address":"2204.0 118 STREET NW","assessed_value":158500},{"address":"8328.0 152B AVENUE NW","assessed_value":451500},{"address":"15116.0 76 AVENUE NW","assessed_value":545500},{"address":"13161.0 159 STREET NW","assessed_value":364000},{"address":"13806.0 24 STREET NW","assessed_value":85000},{"address":"2628.0 MILL WOODS ROAD EAST NW","assessed_value":81500},{"address":"14816.0 26 STREET NW","assessed_value":56000},{"address":"21720.0 103 AVENUE NW","assessed_value":417000},{"address":"3613.0 44 AVENUE NW","assessed_value":337500},{"address":"18317.0 71A AVENUE NW","assessed_value":346000},{"address":"16402.0 99A AVENUE NW","assessed_value":418000},{"address":"10415.0 78 AVENUE NW","assessed_value":108500},{"address":"643.0 WOLF WILLOW ROAD NW","assessed_value":614000},{"address":"3403.0 18 AVENUE NW","assessed_value":102500},{"address":"209.0 HEAGLE CRESCENT NW","assessed_value":558000},{"address":"9348.0 175 AVENUE NW","assessed_value":342000},{"address":"16010.0 93A AVENUE NW","assessed_value":360500},{"address":"4216.0 40 AVENUE NW","assessed_value":339500},{"address":"4518.0 127 AVENUE NW","assessed_value":166000},{"address":"18608.0 74 AVENUE NW","assessed_value":346000},{"address":"3812.0 20 AVENUE NW","assessed_value":173500},{"address":"1069.0 109 STREET NW","assessed_value":376000},{"address":"9612.0 162 STREET NW","assessed_value":316000},{"address":"9408.0 149 STREET NW","assessed_value":84500},{"address":"10511.0 19 AVENUE NW","assessed_value":103000},{"address":"61.0 KINISKI CRESCENT NW","assessed_value":350000},{"address":"9136.0 175 AVENUE NW","assessed_value":420500},{"address":"8704.0 163 STREET NW","assessed_value":358000},{"address":"2820.0 156 STREET SW","assessed_value":4537000},{"address":"13704.0 24 STREET NW","assessed_value":81500},{"address":"18070.0 96 AVENUE NW","assessed_value":200000},{"address":"12121.0 JASPER AVENUE NW","assessed_value":82000},{"address":"9111.0 154 STREET NW","assessed_value":353000},{"address":"20418.0 107 AVENUE NW","assessed_value":206000},{"address":"12841.0 65 STREET NW","assessed_value":60000},{"address":"1415.0 62 STREET NW","assessed_value":176000},{"address":"742.0 HENDRA CRESCENT NW","assessed_value":606000},{"address":"2204.0 118 STREET NW","assessed_value":204000},{"address":"11162.0 83 AVENUE NW","assessed_value":299500},{"address":"9420.0 177 AVENUE NW","assessed_value":369000},{"address":"9010.0 165 STREET NW","assessed_value":447000},{"address":"8316.0 166 STREET NW","assessed_value":349000},{"address":"413.0 HEFFERNAN DRIVE NW","assessed_value":873000},{"address":"12815.0 163 STREET NW","assessed_value":1254500},{"address":"2604.0 139 AVENUE NW","assessed_value":98000},{"address":"9410.0 20 AVENUE NW","assessed_value":3742000},{"address":"nan nan","assessed_value":5500},{"address":"12841.0 65 STREET NW","assessed_value":47500},{"address":"20203.0 113 AVENUE NW","assessed_value":4075000},{"address":"4134.0 38 STREET NW","assessed_value":355500},{"address":"11150.0 83 AVENUE NW","assessed_value":360000},{"address":"16441.0 115 STREET NW","assessed_value":186500},{"address":"9107.0 77 AVENUE NW","assessed_value":196500},{"address":"10453.0 20 AVENUE NW","assessed_value":217500},{"address":"4130.0 36 STREET NW","assessed_value":361500},{"address":"9931.0 160 STREET NW","assessed_value":410000},{"address":"18807.0 81A AVENUE NW","assessed_value":451000},{"address":"17820.0 98 AVENUE NW","assessed_value":97500},{"address":"16704.0 93 AVENUE NW","assessed_value":364000},{"address":"3617.0 146 AVENUE NW","assessed_value":332000},{"address":"7715.0 152B AVENUE NW","assessed_value":391500},{"address":"15203.0 78 AVENUE NW","assessed_value":588000},{"address":"20304.0 MERIDIAN STREET NW","assessed_value":275500},{"address":"10661.0 161 AVENUE NW","assessed_value":762500},{"address":"7356.0 188 STREET NW","assessed_value":379000},{"address":"15705.0 84 AVENUE NW","assessed_value":398000},{"address":"9295.0 172 STREET NW","assessed_value":208500},{"address":"9322.0 162 STREET NW","assessed_value":393000},{"address":"nan nan","assessed_value":8000},{"address":"8906.0 169 STREET NW","assessed_value":351000},{"address":"10411.0 170 STREET NW","assessed_value":500},{"address":"15703.0 97 AVENUE NW","assessed_value":427500},{"address":"nan nan","assessed_value":8000},{"address":"16706.0 80 AVENUE NW","assessed_value":395500},{"address":"8410.0 156 AVENUE NW","assessed_value":308000},{"address":"5526.0 20A AVENUE NW","assessed_value":355000},{"address":"9535.0 180 AVENUE NW","assessed_value":545500},{"address":"9334.0 169 STREET NW","assessed_value":428000},{"address":"706.0 HENDRA CRESCENT NW","assessed_value":613500},{"address":"7119.0 152B AVENUE NW","assessed_value":331000},{"address":"9515.0 ELLERSLIE ROAD SW","assessed_value":47500},{"address":"nan nan","assessed_value":8000},{"address":"8725.0 163 STREET NW","assessed_value":378500},{"address":"7603.0 153 STREET NW","assessed_value":477000},{"address":"16104.0 78A AVENUE NW","assessed_value":410000},{"address":"nan nan","assessed_value":7000},{"address":"15255.0 85 AVENUE NW","assessed_value":387500},{"address":"7303.0 GATEWAY BOULEVARD NW","assessed_value":1225000},{"address":"14711.0 25 STREET NW","assessed_value":176000},{"address":"7215.0 152B AVENUE NW","assessed_value":365000},{"address":"11618.0 100 AVENUE NW","assessed_value":205000},{"address":"8403.0 159 STREET NW","assessed_value":424000},{"address":"705.0 RIDDELL STREET NW","assessed_value":720500},{"address":"12810.0 163 STREET NW","assessed_value":75500},{"address":"12531.0 60 STREET NW","assessed_value":809000},{"address":"4109.0 41 AVENUE NW","assessed_value":350500},{"address":"148.0 HEALY ROAD NW","assessed_value":559000},{"address":"14915.0 98 AVENUE NW","assessed_value":2336000},{"address":"5416.0 146 AVENUE NW","assessed_value":155500},{"address":"4130.0 37A STREET NW","assessed_value":332000},{"address":"9135.0 154 STREET NW","assessed_value":315500},{"address":"18409.0 95A AVENUE NW","assessed_value":318500},{"address":"10330.0 116 STREET NW","assessed_value":131500},{"address":"15311.0 STONY PLAIN ROAD NW","assessed_value":899500},{"address":"8002.0 162 STREET NW","assessed_value":366500},{"address":"15204.0 74 AVENUE NW","assessed_value":569500},{"address":"9640.0 149 STREET NW","assessed_value":2062500},{"address":"1303.0 105 STREET NW","assessed_value":422000},{"address":"14404.0 170 STREET NW","assessed_value":637500},{"address":"14916.0 26 STREET NW","assessed_value":59000},{"address":"14664.0 54 STREET NW","assessed_value":166000},{"address":"9739.0 155 STREET NW","assessed_value":360000},{"address":"7217.0 184 STREET NW","assessed_value":337500},{"address":"935.0 RICE ROAD NW","assessed_value":751500},{"address":"11115.0 80 AVENUE NW","assessed_value":272000},{"address":"10149.0 SASKATCHEWAN DRIVE NW","assessed_value":154500},{"address":"11.0 WEDGEWOOD CRESCENT NW","assessed_value":3105000},{"address":"524.0 WOLF WILLOW ROAD NW","assessed_value":563000},{"address":"10045.0 117 STREET NW","assessed_value":133000},{"address":"4124.0 38 STREET NW","assessed_value":331500},{"address":"8012.0 189A STREET NW","assessed_value":431500},{"address":"10135.0 SASKATCHEWAN DRIVE NW","assessed_value":155500},{"address":"9720.0 153 STREET NW","assessed_value":343000},{"address":"10145.0 158 AVENUE NW","assessed_value":251000},{"address":"8319.0 156 AVENUE NW","assessed_value":276500},{"address":"11250.0 97 STREET NW","assessed_value":75000},{"address":"2204.0 118 STREET NW","assessed_value":184000},{"address":"nan nan","assessed_value":500},{"address":"16222.0 84 AVENUE NW","assessed_value":398000},{"address":"16719.0 80 AVENUE NW","assessed_value":369500},{"address":"240.0 LAGO LINDO CRESCENT NW","assessed_value":376000},{"address":"9507.0 189 STREET NW","assessed_value":387500},{"address":"nan nan","assessed_value":5500},{"address":"10151.0 SASKATCHEWAN DRIVE NW","assessed_value":542000},{"address":"375.0 KIRKPATRICK CRESCENT NW","assessed_value":349500},{"address":"10716.0 11 AVENUE NW","assessed_value":423500},{"address":"16716.0 97 AVENUE NW","assessed_value":369000},{"address":"10011.0 123 STREET NW","assessed_value":209500},{"address":"9330.0 157 STREET NW","assessed_value":421500},{"address":"1216.0 104 STREET NW","assessed_value":404500},{"address":"9123.0 175 AVENUE NW","assessed_value":397500},{"address":"60.0 HUNTINGTON HILL NW","assessed_value":157500},{"address":"2704.0 ELLERSLIE ROAD SW","assessed_value":7183000},{"address":"9819.0 164 STREET NW","assessed_value":356500},{"address":"3115.0 119 STREET NW","assessed_value":211500},{"address":"285.0 KIRKWOOD AVENUE NW","assessed_value":317500},{"address":"14004.0 26 STREET NW","assessed_value":108500},{"address":"15703.0 78 STREET NW","assessed_value":380000},{"address":"16134.0 90 AVENUE NW","assessed_value":357000},{"address":"9810.0 178 STREET NW","assessed_value":131000},{"address":"15539.0 STONY PLAIN ROAD NW","assessed_value":440000},{"address":"1307.0 105 STREET NW","assessed_value":420000},{"address":"15249.0 83 STREET NW","assessed_value":537000},{"address":"7311.0 190 STREET NW","assessed_value":364000},{"address":"9229.0 168 STREET NW","assessed_value":355500},{"address":"11115.0 80 AVENUE NW","assessed_value":302000},{"address":"19008.0 75 AVENUE NW","assessed_value":403500},{"address":"9144.0 180A AVENUE NW","assessed_value":352500},{"address":"9943.0 153 STREET NW","assessed_value":404000},{"address":"9814.0 163 STREET NW","assessed_value":384500},{"address":"2124.0 52 STREET NW","assessed_value":307500},{"address":"120.0 WOODBEND WYND NW","assessed_value":1656500},{"address":"20303.0 MERIDIAN STREET NE","assessed_value":1319500},{"address":"15209.0 84 AVENUE NW","assessed_value":421000},{"address":"122.0 HEALY ROAD NW","assessed_value":676500},{"address":"9941.0 150 STREET NW","assessed_value":286500},{"address":"5910.0 MERIDIAN STREET NW","assessed_value":1129000},{"address":"9022.0 153 STREET NW","assessed_value":310500},{"address":"14808.0 26 STREET NW","assessed_value":4500},{"address":"10138.0 116 STREET NW","assessed_value":125500},{"address":"15616.0 83 STREET NW","assessed_value":297500},{"address":"92.0 WILLOW WAY NW","assessed_value":410500},{"address":"14736.0 33 STREET NW","assessed_value":277000},{"address":"9108.0 169 STREET NW","assessed_value":351500},{"address":"15319.0 82 AVENUE NW","assessed_value":611500},{"address":"8211.0 189A STREET NW","assessed_value":378500},{"address":"3115.0 119 STREET NW","assessed_value":208000},{"address":"15952.0 PATRICIA DRIVE NW","assessed_value":697500},{"address":"9540.0 178A AVENUE NW","assessed_value":376500},{"address":"9941.0 159 STREET NW","assessed_value":425000},{"address":"255.0 HEATH ROAD NW","assessed_value":550500},{"address":"16506.0 83 AVENUE NW","assessed_value":8000},{"address":"15812.0 89 AVENUE NW","assessed_value":390000},{"address":"4550.0 127 AVENUE NW","assessed_value":160500},{"address":"1628.0 48 STREET NW","assessed_value":109500},{"address":"7407.0 156 STREET NW","assessed_value":862500},{"address":"241.0 LAGO LINDO CRESCENT NW","assessed_value":345500},{"address":"7711.0 188 STREET NW","assessed_value":397500},{"address":"7615.0 153 STREET NW","assessed_value":563500},{"address":"103.0 91 STREET NW","assessed_value":362500},{"address":"nan nan","assessed_value":7000},{"address":"2703.0 184 STREET NW","assessed_value":17500},{"address":"19007.0 83 AVENUE NW","assessed_value":382000},{"address":"nan nan","assessed_value":30000},{"address":"965.0 195 AVENUE NE","assessed_value":438500},{"address":"14765.0 25 STREET NW","assessed_value":181500},{"address":"nan nan","assessed_value":8000},{"address":"15716.0 79 STREET NW","assessed_value":403000},{"address":"8520.0 190 STREET NW","assessed_value":358000},{"address":"10033.0 89 AVENUE NW","assessed_value":151500},{"address":"10175.0 114 STREET NW","assessed_value":100500},{"address":"9816.0 112 STREET NW","assessed_value":159500},{"address":"2628.0 MILL WOODS ROAD EAST NW","assessed_value":80000},{"address":"16615.0 83 AVENUE NW","assessed_value":505500},{"address":"7917.0 159 STREET NW","assessed_value":350500},{"address":"2204.0 118 STREET NW","assessed_value":165500},{"address":"3706.0 41 AVENUE NW","assessed_value":395000},{"address":"9820.0 167 STREET NW","assessed_value":330500},{"address":"11115.0 27 AVENUE NW","assessed_value":261500},{"address":"7319.0 157 STREET NW","assessed_value":847000},{"address":"156.0 WOODBEND WYND NW","assessed_value":1007000},{"address":"9346.0 155 STREET NW","assessed_value":390500},{"address":"12841.0 65 STREET NW","assessed_value":68000},{"address":"18927.0 75 AVENUE NW","assessed_value":357500},{"address":"14930.0 92 AVENUE NW","assessed_value":1850500},{"address":"14916.0 26 STREET NW","assessed_value":55500},{"address":"16309.0 87 AVENUE NW","assessed_value":353000},{"address":"17420.0 57 AVENUE NW","assessed_value":2521000},{"address":"9816.0 112 STREET NW","assessed_value":186000},{"address":"3403.0 18 AVENUE NW","assessed_value":105000},{"address":"1020.0 41 STREET NW","assessed_value":174000},{"address":"10172.0 118 STREET NW","assessed_value":258500},{"address":"10011.0 123 STREET NW","assessed_value":202000},{"address":"20103.0 110 AVENUE NW","assessed_value":1300500},{"address":"4610.0 17 AVENUE NW","assessed_value":196500},{"address":"2003.0 121 AVENUE NE","assessed_value":2669500},{"address":"8709.0 164A STREET NW","assessed_value":399000},{"address":"530.0 HEGLER CRESCENT NW","assessed_value":645000},{"address":"16629.0 83 AVENUE NW","assessed_value":195500},{"address":"9536.0 157 STREET NW","assessed_value":414000},{"address":"16803.0 95A AVENUE NW","assessed_value":351000},{"address":"1620.0 48 STREET NW","assessed_value":101000},{"address":"4106.0 36 STREET NW","assessed_value":325000},{"address":"nan nan","assessed_value":8000},{"address":"12141.0 JASPER AVENUE NW","assessed_value":115500},{"address":"17929.0 91A STREET NW","assessed_value":344500},{"address":"17516.0 94 STREET NW","assessed_value":347500},{"address":"181.0 WOLF WILLOW CRESCENT NW","assessed_value":1232500},{"address":"22.0 WEDGEWOOD CRESCENT NW","assessed_value":3598500},{"address":"256.0 WINDERMERE DRIVE NW","assessed_value":4571000},{"address":"15010.0 77 AVENUE NW","assessed_value":506500},{"address":"8407.0 157 STREET NW","assessed_value":4000},{"address":"2604.0 139 AVENUE NW","assessed_value":99000},{"address":"3812.0 20 AVENUE NW","assessed_value":177000},{"address":"4804.0 34 AVENUE NW","assessed_value":108000},{"address":"3645.0 30 AVENUE NW","assessed_value":182000},{"address":"9122.0 180A AVENUE NW","assessed_value":349500},{"address":"18952.0 78 AVENUE NW","assessed_value":375500},{"address":"4017.0 37 STREET NW","assessed_value":374500},{"address":"10205.0 158 AVENUE NW","assessed_value":198500},{"address":"218.0 WESTRIDGE ROAD NW","assessed_value":551000},{"address":"15925.0 95 AVENUE NW","assessed_value":367500},{"address":"17821.0 102 AVENUE NW","assessed_value":412500},{"address":"16920.0 82A AVENUE NW","assessed_value":310000},{"address":"17119.0 63 AVENUE NW","assessed_value":135500},{"address":"8844.0 94 STREET NW","assessed_value":379000},{"address":"15249.0 67 STREET NW","assessed_value":421500},{"address":"12021.0 32 STREET NE","assessed_value":2330000},{"address":"5119.0 ADA BOULEVARD NW","assessed_value":15500},{"address":"15820.0 100 AVENUE NW","assessed_value":272500},{"address":"4810.0 MILL WOODS ROAD SOUTH NW","assessed_value":77500},{"address":"nan nan","assessed_value":8000},{"address":"12415.0 53 STREET NW","assessed_value":352000},{"address":"15802.0 89 AVENUE NW","assessed_value":367000},{"address":"8718.0 154 STREET NW","assessed_value":429000},{"address":"9407.0 155 STREET NW","assessed_value":281500},{"address":"9921.0 155 STREET NW","assessed_value":223500},{"address":"15331.0 95 AVENUE NW","assessed_value":259000},{"address":"9915.0 159 STREET NW","assessed_value":373500},{"address":"17943.0 57 AVENUE NW","assessed_value":537500},{"address":"15225.0 87 AVENUE NW","assessed_value":354000},{"address":"15903.0 93A AVENUE NW","assessed_value":397000},{"address":"8102.0 168 STREET NW","assessed_value":405500},{"address":"nan nan","assessed_value":5500},{"address":"9505.0 77 AVENUE NW","assessed_value":183500},{"address":"16725.0 106 STREET NW","assessed_value":197500},{"address":"nan nan","assessed_value":8000},{"address":"287.0 HEATH ROAD NW","assessed_value":568000},{"address":"15446.0 92 AVENUE NW","assessed_value":261000},{"address":"9927.0 150 STREET NW","assessed_value":283500},{"address":"11631.0 50 AVENUE NW","assessed_value":540500},{"address":"18948.0 82 AVENUE NW","assessed_value":380000},{"address":"11019.0 107 STREET NW","assessed_value":116500},{"address":"5411.0 22 AVENUE NW","assessed_value":361500},{"address":"4719.0 35 AVENUE NW","assessed_value":177000},{"address":"2410.0 80 AVENUE NW","assessed_value":1633500},{"address":"1503.0 MILL WOODS ROAD EAST NW","assessed_value":151500},{"address":"10011.0 123 STREET NW","assessed_value":245500},{"address":"7015.0 152C AVENUE NW","assessed_value":376500},{"address":"16005.0 94 AVENUE NW","assessed_value":353000},{"address":"3812.0 20 AVENUE NW","assessed_value":173000},{"address":"9526.0 151 STREET NW","assessed_value":357000},{"address":"9508.0 188 STREET NW","assessed_value":328500},{"address":"3518.0 41B AVENUE NW","assessed_value":332500},{"address":"1447.0 70 AVENUE NW","assessed_value":37500},{"address":"14515.0 34 STREET NW","assessed_value":395500},{"address":"15.0 WOLF WILLOW POINT NW","assessed_value":1058500},{"address":"18607.0 55 AVENUE NW","assessed_value":364000},{"address":"2012.0 53 STREET NW","assessed_value":320500},{"address":"2908.0 116A AVENUE NW","assessed_value":82000},{"address":"7613.0 154 STREET NW","assessed_value":477500},{"address":"12411.0 LANSDOWNE DRIVE NW","assessed_value":60000},{"address":"9942.0 150 STREET NW","assessed_value":643500},{"address":"11019.0 107 STREET NW","assessed_value":122500},{"address":"9905.0 155 STREET NW","assessed_value":437500},{"address":"15606.0 83A STREET NW","assessed_value":340500},{"address":"16430.0 95 AVENUE NW","assessed_value":2897500},{"address":"15612.0 83 AVENUE NW","assessed_value":446500},{"address":"10045.0 117 STREET NW","assessed_value":114500},{"address":"16107.0 88A AVENUE NW","assessed_value":461000},{"address":"116.0 CENTENNIAL COURT NW","assessed_value":183000},{"address":"2908.0 36 STREET NW","assessed_value":220000},{"address":"8130.0 150 STREET NW","assessed_value":464000},{"address":"8013.0 162 STREET NW","assessed_value":340500},{"address":"307.0 HEDLEY WAY NW","assessed_value":704500},{"address":"2604.0 139 AVENUE NW","assessed_value":103000},{"address":"9816.0 112 STREET NW","assessed_value":85500},{"address":"3204.0 36 STREET NW","assessed_value":367000},{"address":"7604.0 29 AVENUE NW","assessed_value":162500},{"address":"9556.0 169 STREET NW","assessed_value":344500},{"address":"230.0 71 STREET SW","assessed_value":851500},{"address":"17310.0 111 AVENUE NW","assessed_value":11996500},{"address":"21811.0 STONY PLAIN ROAD NW","assessed_value":729000},{"address":"14916.0 26 STREET NW","assessed_value":62500},{"address":"4810.0 MILL WOODS ROAD SOUTH NW","assessed_value":105500},{"address":"9106.0 154 STREET NW","assessed_value":387000},{"address":"17024.0 100 STREET NW","assessed_value":185000},{"address":"8136.0 190 STREET NW","assessed_value":434500},{"address":"12121.0 JASPER AVENUE NW","assessed_value":81500},{"address":"9206.0 157 STREET NW","assessed_value":368500},{"address":"4363.0 33 STREET NW","assessed_value":6500},{"address":"18947.0 78 AVENUE NW","assessed_value":357500},{"address":"nan nan","assessed_value":5500},{"address":"3628.0 145 AVENUE NW","assessed_value":438000},{"address":"9331.0 172 STREET NW","assessed_value":165500},{"address":"5433.0 188 STREET NW","assessed_value":320500},{"address":"9938.0 152 STREET NW","assessed_value":339000},{"address":"nan nan","assessed_value":7000},{"address":"1945.0 105 STREET NW","assessed_value":93000},{"address":"2628.0 MILL WOODS ROAD EAST NW","assessed_value":102000},{"address":"7616.0 149 STREET NW","assessed_value":622000},{"address":"3303.0 138 AVENUE NW","assessed_value":174000},{"address":"9302.0 155 STREET NW","assessed_value":289500},{"address":"15710.0 BEAUMARIS ROAD NW","assessed_value":185500},{"address":"20304.0 110 AVENUE NW","assessed_value":717500},{"address":"17103.0 64 AVENUE NW","assessed_value":103500},{"address":"5805.0 87A STREET NW","assessed_value":1858000},{"address":"7329.0 183B STREET NW","assessed_value":377500},{"address":"16919.0 81 AVENUE NW","assessed_value":398000},{"address":"16905.0 95 STREET NW","assessed_value":239000},{"address":"10135.0 SASKATCHEWAN DRIVE NW","assessed_value":214000},{"address":"nan nan","assessed_value":5500},{"address":"nan nan","assessed_value":8000},{"address":"15610.0 84 STREET NW","assessed_value":299000},{"address":"1411.0 MILL WOODS ROAD EAST NW","assessed_value":169500},{"address":"9257.0 172 STREET NW","assessed_value":169000},{"address":"1651.0 46 STREET NW","assessed_value":210000},{"address":"219.0 HEAGLE CRESCENT NW","assessed_value":534000},{"address":"14808.0 26 STREET NW","assessed_value":4500},{"address":"260.0 WESTRIDGE ROAD NW","assessed_value":876000},{"address":"8819.0 152B AVENUE NW","assessed_value":392000},{"address":"2592.0 79 STREET NW","assessed_value":192500},{"address":"16491.0 115 STREET NW","assessed_value":209000},{"address":"120.0 WOLF WILLOW CRESCENT NW","assessed_value":905000},{"address":"nan nan","assessed_value":5500},{"address":"9225.0 151 STREET NW","assessed_value":319500},{"address":"16018.0 94A AVENUE NW","assessed_value":452000},{"address":"2574.0 79 STREET NW","assessed_value":187500},{"address":"3404.0 18 AVENUE NW","assessed_value":59500},{"address":"8563.0 89 STREET NW","assessed_value":307500},{"address":"16725.0 106 STREET NW","assessed_value":189000},{"address":"10050.0 118 STREET NW","assessed_value":290500},{"address":"15703.0 79A AVENUE NW","assessed_value":397000},{"address":"4213.0 38 STREET NW","assessed_value":338500},{"address":"7711.0 154A STREET NW","assessed_value":592000},{"address":"9816.0 156 STREET NW","assessed_value":68500},{"address":"12003.0 28 STREET NE","assessed_value":1723000},{"address":"9732.0 157 STREET NW","assessed_value":359000},{"address":"1020.0 41 STREET NW","assessed_value":175000},{"address":"14004.0 26 STREET NW","assessed_value":82500},{"address":"nan nan","assessed_value":8000},{"address":"14852.0 43 AVENUE NW","assessed_value":251000},{"address":"9105.0 150 STREET NW","assessed_value":329500},{"address":"7263.0 152C AVENUE NW","assessed_value":429000},{"address":"11115.0 27 AVENUE NW","assessed_value":264500},{"address":"3111.0 142 AVENUE NW","assessed_value":145500},{"address":"23.0 RIVER HEIGHTS DRIVE NW","assessed_value":1352500},{"address":"10920.0 124 STREET NW","assessed_value":88000},{"address":"1411.0 MILL WOODS ROAD EAST NW","assessed_value":169000},{"address":"1036.0 106 STREET NW","assessed_value":382500},{"address":"10453.0 20 AVENUE NW","assessed_value":209500},{"address":"729.0 RIDDELL STREET NW","assessed_value":747000},{"address":"7816.0 160 STREET NW","assessed_value":623000},{"address":"9920.0 158 STREET NW","assessed_value":314500},{"address":"4715.0 93 AVENUE NW","assessed_value":10766000},{"address":"16507.0 83 AVENUE NW","assessed_value":97000},{"address":"7296.0 152C AVENUE NW","assessed_value":322500},{"address":"7604.0 29 AVENUE NW","assessed_value":170000},{"address":"6620.0 8 STREET NW","assessed_value":642500},{"address":"162.0 WILLOW WAY NW","assessed_value":777000},{"address":"14511.0 52 STREET NW","assessed_value":162500},{"address":"21.0 HUNTINGTON HILL NW","assessed_value":159000},{"address":"18931.0 78 AVENUE NW","assessed_value":347000},{"address":"148.0 WESTRIDGE ROAD NW","assessed_value":1500},{"address":"9328.0 151 STREET NW","assessed_value":458000},{"address":"13909.0 122 AVENUE NW","assessed_value":312500},{"address":"416.0 HEFFERNAN DRIVE NW","assessed_value":3000},{"address":"8808.0 159A STREET NW","assessed_value":448000},{"address":"17515.0 93 STREET NW","assessed_value":353500},{"address":"11904.0 28 STREET NE","assessed_value":132000},{"address":"15616.0 81 AVENUE NW","assessed_value":371000},{"address":"3408.0 99 STREET NW","assessed_value":9184000},{"address":"213.0 GRANDISLE POINT NW","assessed_value":1095500},{"address":"9832.0 155 STREET NW","assessed_value":302000},{"address":"1415.0 104 STREET NW","assessed_value":512000},{"address":"10511.0 19 AVENUE NW","assessed_value":112000},{"address":"16317.0 130 AVENUE NW","assessed_value":301000},{"address":"7619.0 152B AVENUE NW","assessed_value":382000},{"address":"18138.0 96 AVENUE NW","assessed_value":202500},{"address":"7322.0 183B STREET NW","assessed_value":321500},{"address":"2020.0 105 STREET NW","assessed_value":214500},{"address":"15419.0 75 AVENUE NW","assessed_value":859500},{"address":"9633.0 155 STREET NW","assessed_value":568500},{"address":"9635.0 160 STREET NW","assessed_value":365000},{"address":"9110.0 180A AVENUE NW","assessed_value":353500},{"address":"18240.0 84 AVENUE NW","assessed_value":121500},{"address":"162.0 CENTENNIAL COURT NW","assessed_value":186500},{"address":"11176.0 83 AVENUE NW","assessed_value":307500},{"address":"nan nan","assessed_value":8000},{"address":"9644.0 155 STREET NW","assessed_value":302500},{"address":"6014.0 187 STREET NW","assessed_value":339000},{"address":"12218.0 77 STREET NW","assessed_value":244000},{"address":"8340.0 152C AVENUE NW","assessed_value":357000},{"address":"16975.0 95 STREET NW","assessed_value":191500},{"address":"9230.0 156 STREET NW","assessed_value":378500},{"address":"15804.0 75 AVENUE NW","assessed_value":1073000},{"address":"8106.0 163 STREET NW","assessed_value":372000},{"address":"11324.0 97 STREET NW","assessed_value":79000},{"address":"11618.0 100 AVENUE NW","assessed_value":191000},{"address":"8318.0 156 STREET NW","assessed_value":374000},{"address":"9204.0 167 AVENUE NW","assessed_value":2500},{"address":"9315.0 169 STREET NW","assessed_value":373000},{"address":"9312.0 150 STREET NW","assessed_value":325000},{"address":"14511.0 37 STREET NW","assessed_value":345000},{"address":"603.0 199 STREET NW","assessed_value":12500},{"address":"8744.0 154 STREET NW","assessed_value":355000},{"address":"17424.0 92 STREET NW","assessed_value":482500},{"address":"10175.0 114 STREET NW","assessed_value":109000},{"address":"10529.0 93 STREET NW","assessed_value":61500},{"address":"2604.0 139 AVENUE NW","assessed_value":99000},{"address":"14620.0 26 STREET NW","assessed_value":171000},{"address":"nan nan","assessed_value":5500},{"address":"3221.0 119 STREET NW","assessed_value":251500},{"address":"8905.0 151 STREET NW","assessed_value":335500},{"address":"17931.0 92A STREET NW","assessed_value":328500},{"address":"8826.0 160 STREET NW","assessed_value":441500},{"address":"9125.0 152 STREET NW","assessed_value":380000},{"address":"14779.0 25 STREET NW","assessed_value":196500},{"address":"8210.0 152 STREET NW","assessed_value":20000},{"address":"9635.0 157 STREET NW","assessed_value":581000},{"address":"10145.0 121 STREET NW","assessed_value":109500},{"address":"8307.0 190 STREET NW","assessed_value":404000},{"address":"3320.0 34 STREET SW","assessed_value":980000},{"address":"5427.0 188 STREET NW","assessed_value":284000},{"address":"nan nan","assessed_value":5500},{"address":"1411.0 104 STREET NW","assessed_value":402000},{"address":"10917.0 109 STREET NW","assessed_value":98500},{"address":"4313.0 35 STREET NW","assessed_value":304000},{"address":"16405.0 87 AVENUE NW","assessed_value":319500},{"address":"12121.0 JASPER AVENUE NW","assessed_value":159500},{"address":"9742.0 157 STREET NW","assessed_value":270000},{"address":"12725.0 81 STREET NW","assessed_value":57000},{"address":"2204.0 118 STREET NW","assessed_value":167000},{"address":"3221.0 119 STREET NW","assessed_value":232000},{"address":"13833.0 30 STREET NW","assessed_value":187500},{"address":"15402.0 81 AVENUE NW","assessed_value":493500},{"address":"18520.0 95A AVENUE NW","assessed_value":306500},{"address":"235.0 LYNNWOOD WAY NW","assessed_value":484500},{"address":"10175.0 114 STREET NW","assessed_value":110000},{"address":"16803.0 79A AVENUE NW","assessed_value":352000},{"address":"21510.0 92 AVENUE NW","assessed_value":1509000},{"address":"15718.0 84 STREET NW","assessed_value":284500},{"address":"128.0 WINDERMERE CRESCENT NW","assessed_value":1644000},{"address":"249.0 HEATH ROAD NW","assessed_value":554000},{"address":"6603.0 ADA BOULEVARD NW","assessed_value":49500},{"address":"20414.0 107 AVENUE NW","assessed_value":231500},{"address":"18832.0 82 AVENUE NW","assessed_value":348000},{"address":"15711.0 128 AVENUE NW","assessed_value":5260500},{"address":"9283.0 172 STREET NW","assessed_value":151000},{"address":"17409.0 95 STREET NW","assessed_value":180000},{"address":"7320.0 189 STREET NW","assessed_value":371500},{"address":"5219.0 124 AVENUE NW","assessed_value":339000},{"address":"9241.0 152 STREET NW","assessed_value":280500},{"address":"15628.0 79A AVENUE NW","assessed_value":363000},{"address":"7407.0 188 STREET NW","assessed_value":379500},{"address":"7103.0 188 STREET NW","assessed_value":382000},{"address":"10149.0 SASKATCHEWAN DRIVE NW","assessed_value":200500},{"address":"15005.0 86 AVENUE NW","assessed_value":408000},{"address":"14620.0 26 STREET NW","assessed_value":166500},{"address":"9860.0 82 AVENUE NW","assessed_value":131000},{"address":"1002.0 77 AVENUE NW","assessed_value":1694000},{"address":"nan nan","assessed_value":8000},{"address":"16904.0 95 AVENUE NW","assessed_value":309500},{"address":"nan nan","assessed_value":7000},{"address":"18920.0 86 AVENUE NW","assessed_value":398500},{"address":"9009.0 169 STREET NW","assessed_value":379000},{"address":"3212.0 36 STREET NW","assessed_value":361500},{"address":"10149.0 SASKATCHEWAN DRIVE NW","assessed_value":169500},{"address":"10191.0 158 AVENUE NW","assessed_value":243000},{"address":"10511.0 19 AVENUE NW","assessed_value":103500},{"address":"15209.0 79A AVENUE NW","assessed_value":386500},{"address":"9431.0 151 STREET NW","assessed_value":324500},{"address":"6214.0 180 STREET NW","assessed_value":116500},{"address":"7543.0 152C AVENUE NW","assessed_value":322000},{"address":"19050.0 STONY PLAIN ROAD NW","assessed_value":176000},{"address":"18036.0 96 AVENUE NW","assessed_value":215000},{"address":"295.0 WESTRIDGE ROAD NW","assessed_value":678500},{"address":"8900.0 MEADOWLARK ROAD NW","assessed_value":321000},{"address":"8321.0 157 AVENUE NW","assessed_value":365500},{"address":"7604.0 29 AVENUE NW","assessed_value":167500},{"address":"6315.0 172 STREET NW","assessed_value":132500},{"address":"12225.0 STONY PLAIN ROAD NW","assessed_value":140000},{"address":"nan nan","assessed_value":8000},{"address":"20411.0 118A AVENUE NW","assessed_value":12872500},{"address":"12141.0 JASPER AVENUE NW","assessed_value":89000},{"address":"792.0 SADDLEBACK ROAD NW","assessed_value":217500},{"address":"9804.0 WINTERBURN ROAD NW","assessed_value":168500},{"address":"2204.0 118 STREET NW","assessed_value":158500},{"address":"14660.0 54 STREET NW","assessed_value":155500},{"address":"10050.0 118 STREET NW","assessed_value":294500},{"address":"2604.0 139 AVENUE NW","assessed_value":99000},{"address":"15702.0 86 AVENUE NW","assessed_value":462000},{"address":"18949.0 80 AVENUE NW","assessed_value":485500},{"address":"18240.0 84 AVENUE NW","assessed_value":115000},{"address":"1051.0 106 STREET NW","assessed_value":392500},{"address":"15004.0 98 AVENUE NW","assessed_value":327500},{"address":"10434.0 MAYFIELD ROAD NW","assessed_value":2730000},{"address":"1628.0 48 STREET NW","assessed_value":110000},{"address":"18104.0 34 STREET NW","assessed_value":50500},{"address":"9413.0 163 STREET NW","assessed_value":338500},{"address":"4416.0 211 STREET NW","assessed_value":962000},{"address":"15720.0 84 AVENUE NW","assessed_value":341500},{"address":"5510.0 186 STREET NW","assessed_value":347000},{"address":"1411.0 MILL WOODS ROAD EAST NW","assessed_value":173500},{"address":"12732.0 83 STREET NW","assessed_value":248000},{"address":"9833.0 153 STREET NW","assessed_value":597500},{"address":"16616.0 90 AVENUE NW","assessed_value":380000},{"address":"16115.0 PATRICIA DRIVE NW","assessed_value":731500},{"address":"10721.0 214 STREET NW","assessed_value":1604000},{"address":"3608.0 146 AVENUE NW","assessed_value":296000},{"address":"12841.0 65 STREET NW","assessed_value":61000},{"address":"4030.0 101 STREET SW","assessed_value":551000},{"address":"7515.0 152B AVENUE NW","assessed_value":353000},{"address":"18010.0 98 AVENUE NW","assessed_value":229000},{"address":"8715.0 160 STREET NW","assessed_value":367000},{"address":"15919.0 100A AVENUE NW","assessed_value":342500},{"address":"14916.0 26 STREET NW","assessed_value":53000},{"address":"207.0 WESTRIDGE ROAD NW","assessed_value":650500},{"address":"15510.0 90 AVENUE NW","assessed_value":381000},{"address":"2404.0 119 AVENUE NE","assessed_value":1978000},{"address":"7206.0 152C AVENUE NW","assessed_value":1000},{"address":"7411.0 188 STREET NW","assessed_value":392500},{"address":"9048.0 152 STREET NW","assessed_value":401500},{"address":"3533.0 41 AVENUE NW","assessed_value":322000},{"address":"304.0 199 STREET SW","assessed_value":43000},{"address":"135.0 WALKER ROAD NW","assessed_value":667000},{"address":"3508.0 42 AVENUE NW","assessed_value":385500},{"address":"15248.0 74 STREET NW","assessed_value":387500},{"address":"nan nan","assessed_value":8000},{"address":"9630.0 155 STREET NW","assessed_value":260000},{"address":"12208.0 62 AVENUE NW","assessed_value":862000},{"address":"10011.0 123 STREET NW","assessed_value":201000},{"address":"24250.0 18 STREET NW","assessed_value":562000},{"address":"14946.0 43 AVENUE NW","assessed_value":275000},{"address":"12141.0 JASPER AVENUE NW","assessed_value":187000},{"address":"9626.0 151 STREET NW","assessed_value":365500},{"address":"8331.0 152C AVENUE NW","assessed_value":370500},{"address":"10135.0 SASKATCHEWAN DRIVE NW","assessed_value":196500},{"address":"12015.0 154 STREET NW","assessed_value":1309500},{"address":"3007.0 35 STREET NW","assessed_value":132500},{"address":"12950.0 53 STREET NW","assessed_value":235000},{"address":"267.0 LAGO LINDO CRESCENT NW","assessed_value":357500},{"address":"10920.0 124 STREET NW","assessed_value":117000},{"address":"9232.0 151 STREET NW","assessed_value":807000},{"address":"7803.0 152C AVENUE NW","assessed_value":405000},{"address":"9225.0 179 AVENUE NW","assessed_value":41500},{"address":"6670.0 53 AVENUE NW","assessed_value":3243500},{"address":"8318.0 159 STREET NW","assessed_value":369000},{"address":"15007.0 76 AVENUE NW","assessed_value":530000},{"address":"7625.0 154 STREET NW","assessed_value":615000},{"address":"8915.0 169 STREET NW","assessed_value":402000},{"address":"16416.0 99 AVENUE NW","assessed_value":367000},{"address":"21103.0 34 STREET NW","assessed_value":46500},{"address":"16811.0 80 AVENUE NW","assessed_value":361500},{"address":"9917.0 110 STREET NW","assessed_value":139500},{"address":"18417.0 66 AVENUE NW","assessed_value":172000},{"address":"13833.0 30 STREET NW","assessed_value":185500},{"address":"15714.0 92A AVENUE NW","assessed_value":461000},{"address":"9703.0 160 STREET NW","assessed_value":481000},{"address":"10160.0 119 STREET NW","assessed_value":173500},{"address":"8807.0 152B AVENUE NW","assessed_value":398000},{"address":"8316.0 157 AVENUE NW","assessed_value":304000},{"address":"9520.0 150 STREET NW","assessed_value":422500},{"address":"9307.0 167A AVENUE NW","assessed_value":355500},{"address":"7220.0 183B STREET NW","assessed_value":346500},{"address":"17755.0 92 STREET NW","assessed_value":409000},{"address":"10205.0 158 AVENUE NW","assessed_value":202500},{"address":"312.0 KIRKPATRICK CRESCENT NW","assessed_value":347000},{"address":"1624.0 48 STREET NW","assessed_value":111000},{"address":"15227.0 81 AVENUE NW","assessed_value":519000},{"address":"nan nan","assessed_value":5500},{"address":"15816.0 95 AVENUE NW","assessed_value":424500},{"address":"15710.0 BEAUMARIS ROAD NW","assessed_value":184500},{"address":"10135.0 SASKATCHEWAN DRIVE NW","assessed_value":192000},{"address":"1904.0 48 STREET NW","assessed_value":191000},{"address":"16410.0 87 AVENUE NW","assessed_value":345500},{"address":"1.0 HUNTINGTON HILL NW","assessed_value":156000},{"address":"2703.0 79 STREET NW","assessed_value":140000},{"address":"5816.0 188 STREET NW","assessed_value":326000},{"address":"9917.0 110 STREET NW","assessed_value":169000},{"address":"nan nan","assessed_value":10500},{"address":"10730.0 214 STREET NW","assessed_value":706000},{"address":"10403.0 180 STREET NW","assessed_value":854000},{"address":"9917.0 110 STREET NW","assessed_value":163000},{"address":"10829.0 117 STREET NW","assessed_value":113000},{"address":"1915.0 SADDLEBACK ROAD NW","assessed_value":167500},{"address":"4123.0 35 STREET NW","assessed_value":304500},{"address":"3111.0 142 AVENUE NW","assessed_value":144000},{"address":"9016.0 151 STREET NW","assessed_value":323500},{"address":"11019.0 107 STREET NW","assessed_value":91500},{"address":"4219.0 40 AVENUE NW","assessed_value":391000},{"address":"20432.0 106 AVENUE NW","assessed_value":2028500},{"address":"17820.0 98 AVENUE NW","assessed_value":104500},{"address":"15214.0 81 AVENUE NW","assessed_value":482000},{"address":"52.0 KINISKI CRESCENT NW","assessed_value":286500},{"address":"7923.0 156 STREET NW","assessed_value":408500},{"address":"9242.0 179 AVENUE NW","assessed_value":366000},{"address":"nan nan","assessed_value":0},{"address":"18813.0 54 AVENUE NW","assessed_value":342000},{"address":"7280.0 152C AVENUE NW","assessed_value":341500},{"address":"15104.0 77 AVENUE NW","assessed_value":483500},{"address":"9702.0 162 STREET NW","assessed_value":331000},{"address":"16111.0 78 AVENUE NW","assessed_value":595500},{"address":"9115.0 155 STREET NW","assessed_value":316500},{"address":"18240.0 84 AVENUE NW","assessed_value":94000},{"address":"9405.0 152 STREET NW","assessed_value":414000},{"address":"8411.0 152B AVENUE NW","assessed_value":393500},{"address":"nan nan","assessed_value":8000},{"address":"1945.0 105 STREET NW","assessed_value":93000},{"address":"8339.0 152B AVENUE NW","assessed_value":367000},{"address":"18425.0 17 AVENUE NW","assessed_value":1730500},{"address":"223.0 LYNNWOOD WAY NW","assessed_value":557000},{"address":"16407.0 88 AVENUE NW","assessed_value":391000},{"address":"18936.0 82 AVENUE NW","assessed_value":369500},{"address":"15211.0 85 STREET NW","assessed_value":441000},{"address":"177.0 KINISKI CRESCENT NW","assessed_value":353500},{"address":"9151.0 152 STREET NW","assessed_value":352500},{"address":"9835.0 167 STREET NW","assessed_value":323000},{"address":"4127.0 37A STREET NW","assessed_value":343500},{"address":"12841.0 65 STREET NW","assessed_value":73000},{"address":"9519.0 178 AVENUE NW","assessed_value":383500},{"address":"9408.0 176 AVENUE NW","assessed_value":335500},{"address":"16601.0 92A AVENUE NW","assessed_value":396000},{"address":"161.0 LAGO LINDO CRESCENT NW","assessed_value":301000},{"address":"10138.0 116 STREET NW","assessed_value":117500},{"address":"316.0 WESTRIDGE ROAD NW","assessed_value":549000},{"address":"1231.0 104 STREET NW","assessed_value":457000},{"address":"10010.0 119 STREET NW","assessed_value":582000},{"address":"2206.0 114 STREET NW","assessed_value":238000},{"address":"9215.0 172 STREET NW","assessed_value":214000},{"address":"2568.0 79 STREET NW","assessed_value":183000},{"address":"10138.0 116 STREET NW","assessed_value":130500},{"address":"10511.0 19 AVENUE NW","assessed_value":98500},{"address":"20109.0 107 AVENUE NW","assessed_value":355000},{"address":"4123.0 41 STREET NW","assessed_value":324500},{"address":"9834.0 152 STREET NW","assessed_value":663500},{"address":"8532.0 190 STREET NW","assessed_value":443000},{"address":"12715.0 WINTERBURN ROAD NW","assessed_value":2658000},{"address":"11826.0 100 AVENUE NW","assessed_value":819000},{"address":"1820.0 56 STREET NW","assessed_value":191000},{"address":"7203.0 183A STREET NW","assessed_value":336000},{"address":"8008.0 159 STREET NW","assessed_value":329500},{"address":"12225.0 STONY PLAIN ROAD NW","assessed_value":131000},{"address":"8307.0 157 AVENUE NW","assessed_value":330000},{"address":"1503.0 MILL WOODS ROAD EAST NW","assessed_value":190500},{"address":"9917.0 110 STREET NW","assessed_value":129000},{"address":"16725.0 106 STREET NW","assessed_value":188000},{"address":"16202.0 86 AVENUE NW","assessed_value":316000},{"address":"6208.0 180 STREET NW","assessed_value":118000},{"address":"7303.0 34 STREET NW","assessed_value":12036000},{"address":"2204.0 118 STREET NW","assessed_value":167000},{"address":"7819.0 156 STREET NW","assessed_value":583500},{"address":"15711.0 90 AVENUE NW","assessed_value":407000},{"address":"9323.0 175 AVENUE NW","assessed_value":333500},{"address":"153.0 WOLF WILLOW CRESCENT NW","assessed_value":2500},{"address":"35.0 HUNTINGTON HILL NW","assessed_value":160000},{"address":"146.0 WOLF WILLOW CRESCENT NW","assessed_value":773500},{"address":"3578.0 42 STREET NW","assessed_value":192000},{"address":"14741.0 25 STREET NW","assessed_value":167500},{"address":"7706.0 159 STREET NW","assessed_value":1557000},{"address":"8021.0 162 STREET NW","assessed_value":335000},{"address":"1411.0 MILL WOODS ROAD EAST NW","assessed_value":173500},{"address":"9315.0 159 STREET NW","assessed_value":359000},{"address":"18115.0 4 AVENUE SW","assessed_value":2670000},{"address":"8102.0 161 STREET NW","assessed_value":354500},{"address":"7901.0 160 STREET NW","assessed_value":384500},{"address":"12841.0 65 STREET NW","assessed_value":70500},{"address":"247.0 167 AVENUE NW","assessed_value":366000},{"address":"8704.0 152B AVENUE NW","assessed_value":467000},{"address":"11618.0 100 AVENUE NW","assessed_value":237500},{"address":"1503.0 MILL WOODS ROAD EAST NW","assessed_value":151500},{"address":"2624.0 MILL WOODS ROAD EAST NW","assessed_value":76500},{"address":"1628.0 48 STREET NW","assessed_value":91000},{"address":"13104.0 WINTERBURN ROAD NW","assessed_value":4073000},{"address":"4610.0 17 AVENUE NW","assessed_value":196500},{"address":"2703.0 79 STREET NW","assessed_value":127500},{"address":"6137.0 38 AVENUE NW","assessed_value":188000},{"address":"12715.0 81 STREET NW","assessed_value":44000},{"address":"2908.0 116A AVENUE NW","assessed_value":74500},{"address":"9605.0 165 STREET NW","assessed_value":5210000},{"address":"3115.0 119 STREET NW","assessed_value":221000},{"address":"9217.0 172 STREET NW","assessed_value":181500},{"address":"1321.0 77 AVENUE NW","assessed_value":1039500},{"address":"7035.0 190 STREET NW","assessed_value":369500},{"address":"2204.0 118 STREET NW","assessed_value":173500},{"address":"10131.0 154 STREET NW","assessed_value":66500},{"address":"7520.0 2 AVENUE SW","assessed_value":974000},{"address":"17620.0 95 STREET NW","assessed_value":315500},{"address":"9518.0 160 STREET NW","assessed_value":353000},{"address":"15225.0 82 AVENUE NW","assessed_value":473500},{"address":"7310.0 154 STREET NW","assessed_value":538000},{"address":"9950.0 157 STREET NW","assessed_value":356000},{"address":"2040.0 17 STREET SW","assessed_value":25000},{"address":"12141.0 JASPER AVENUE NW","assessed_value":96500},{"address":"17724.0 94 STREET NW","assessed_value":396000},{"address":"16819.0 79A AVENUE NW","assessed_value":288500},{"address":"14718.0 37 STREET NW","assessed_value":289500},{"address":"18907.0 86A AVENUE NW","assessed_value":389500},{"address":"14808.0 26 STREET NW","assessed_value":66000},{"address":"10825.0 21 AVENUE NW","assessed_value":385000},{"address":"7619.0 152C AVENUE NW","assessed_value":388000},{"address":"2301.0 119 STREET NW","assessed_value":24500},{"address":"10847.0 21 AVENUE NW","assessed_value":312500},{"address":"323.0 KIRKPATRICK CRESCENT NW","assessed_value":315500},{"address":"8305.0 161 STREET NW","assessed_value":387000},{"address":"9337.0 158 STREET NW","assessed_value":381000},{"address":"9220.0 169 STREET NW","assessed_value":354000},{"address":"16107.0 89 AVENUE NW","assessed_value":368000},{"address":"15615.0 83A STREET NW","assessed_value":321000},{"address":"7223.0 152C AVENUE NW","assessed_value":394500},{"address":"nan nan","assessed_value":500},{"address":"16033.0 94A AVENUE NW","assessed_value":345000},{"address":"22210.0 STONY PLAIN ROAD NW","assessed_value":2761500},{"address":"9725.0 156 STREET NW","assessed_value":2978000},{"address":"313.0 KIRKPATRICK CRESCENT NW","assessed_value":287500},{"address":"9005.0 152 STREET NW","assessed_value":372500},{"address":"8018.0 161 STREET NW","assessed_value":365500},{"address":"7903.0 231 STREET NW","assessed_value":10617000},{"address":"8112.0 169B STREET NW","assessed_value":383000},{"address":"8601.0 159 STREET NW","assessed_value":350000},{"address":"15236.0 71 STREET NW","assessed_value":372500},{"address":"14511.0 52 STREET NW","assessed_value":154500},{"address":"15713.0 78 STREET NW","assessed_value":401000},{"address":"7914.0 159 STREET NW","assessed_value":364500},{"address":"8731.0 152 STREET NW","assessed_value":353500},{"address":"9722.0 162 STREET NW","assessed_value":369500},{"address":"7308.0 154A STREET NW","assessed_value":494500},{"address":"7616.0 157 AVENUE NW","assessed_value":580000},{"address":"302.0 HEATH ROAD NW","assessed_value":579500},{"address":"14714.0 37 STREET NW","assessed_value":337500},{"address":"18944.0 80 AVENUE NW","assessed_value":365000},{"address":"nan nan","assessed_value":8000},{"address":"5809.0 188 STREET NW","assessed_value":345000},{"address":"9611.0 161 STREET NW","assessed_value":303500},{"address":"10135.0 SASKATCHEWAN DRIVE NW","assessed_value":206500},{"address":"752.0 WANYANDI ROAD NW","assessed_value":995000},{"address":"14808.0 26 STREET NW","assessed_value":68500},{"address":"138.0 KINISKI CRESCENT NW","assessed_value":391500},{"address":"10604.0 110 AVENUE NW","assessed_value":72000},{"address":"264.0 RHATIGAN ROAD WEST NW","assessed_value":826000},{"address":"8320.0 152C AVENUE NW","assessed_value":352500},{"address":"7350.0 18 STREET NW","assessed_value":2753000},{"address":"16724.0 79A AVENUE NW","assessed_value":363000},{"address":"10175.0 114 STREET NW","assessed_value":105000},{"address":"8614.0 152B AVENUE NW","assessed_value":426000},{"address":"11429.0 124 STREET NW","assessed_value":103000},{"address":"1243.0 104 STREET NW","assessed_value":350500},{"address":"7606.0 151 STREET NW","assessed_value":426000},{"address":"15927.0 78 AVENUE NW","assessed_value":618000},{"address":"7509.0 184 STREET NW","assessed_value":306500},{"address":"15255.0 75 STREET NW","assessed_value":393500},{"address":"18803.0 70 AVENUE NW","assessed_value":363500},{"address":"1651.0 46 STREET NW","assessed_value":202000},{"address":"3618.0 42 AVENUE NW","assessed_value":289000},{"address":"1411.0 MILL WOODS ROAD EAST NW","assessed_value":181000},{"address":"10110.0 88 STREET NW","assessed_value":0},{"address":"9309.0 158 STREET NW","assessed_value":361500},{"address":"13907.0 122 AVENUE NW","assessed_value":287000},{"address":"16420.0 79A AVENUE NW","assessed_value":406500},{"address":"8908.0 162 STREET NW","assessed_value":363000},{"address":"130.0 KINGLET BOULEVARD NW","assessed_value":8172500},{"address":"18008.0 62B AVENUE NW","assessed_value":89500},{"address":"9723.0 150 STREET NW","assessed_value":408500},{"address":"15029.0 26 STREET NW","assessed_value":142000},{"address":"2908.0 116A AVENUE NW","assessed_value":74500},{"address":"nan nan","assessed_value":7000},{"address":"14559.0 52 STREET NW","assessed_value":205500},{"address":"9151.0 155 STREET NW","assessed_value":319000},{"address":"7213.0 183A STREET NW","assessed_value":360500},{"address":"4120.0 36 STREET NW","assessed_value":400500},{"address":"16832.0 96 AVENUE NW","assessed_value":402000},{"address":"8107.0 190 STREET NW","assessed_value":416500},{"address":"8839.0 152B AVENUE NW","assessed_value":383500},{"address":"1415.0 62 STREET NW","assessed_value":155500},{"address":"15930.0 93 AVENUE NW","assessed_value":434500},{"address":"7911.0 163 STREET NW","assessed_value":387500},{"address":"10149.0 SASKATCHEWAN DRIVE NW","assessed_value":160500},{"address":"10010.0 119 STREET NW","assessed_value":550000},{"address":"16402.0 89 AVENUE NW","assessed_value":255000},{"address":"18104.0 96 AVENUE NW","assessed_value":215000},{"address":"16224.0 86 AVENUE NW","assessed_value":331000},{"address":"17115.0 63 AVENUE NW","assessed_value":105000},{"address":"15105.0 82 AVENUE NW","assessed_value":470000},{"address":"15631.0 83 AVENUE NW","assessed_value":432500},{"address":"16104.0 79A AVENUE NW","assessed_value":372500},{"address":"9312.0 168 STREET NW","assessed_value":377000},{"address":"3111.0 142 AVENUE NW","assessed_value":145500},{"address":"2504.0 28 AVENUE SW","assessed_value":796500},{"address":"4005.0 41 AVENUE NW","assessed_value":354500},{"address":"15422.0 74 AVENUE NW","assessed_value":612000},{"address":"7832.0 159 STREET NW","assessed_value":398000},{"address":"224.0 GRANDISLE POINT NW","assessed_value":1856500},{"address":"45.0 HUNTINGTON HILL NW","assessed_value":156500},{"address":"4610.0 17 AVENUE NW","assessed_value":198500},{"address":"15926.0 93A AVENUE NW","assessed_value":373500},{"address":"8519.0 190 STREET NW","assessed_value":422500},{"address":"11008.0 5 AVENUE SW","assessed_value":1115500},{"address":"9748.0 162 STREET NW","assessed_value":277000},{"address":"nan nan","assessed_value":5500},{"address":"10135.0 SASKATCHEWAN DRIVE NW","assessed_value":205500},{"address":"9736.0 180 STREET NW","assessed_value":176000},{"address":"8305.0 156 AVENUE NW","assessed_value":301500},{"address":"8722.0 162 STREET NW","assessed_value":484500},{"address":"133.0 CENTENNIAL COURT NW","assessed_value":184500},{"address":"8812.0 159A STREET NW","assessed_value":368000},{"address":"11133.0 27 AVENUE NW","assessed_value":289000},{"address":"440.0 WOLF WILLOW ROAD NW","assessed_value":33500},{"address":"334.0 KIRKPATRICK CRESCENT NW","assessed_value":359000},{"address":"336.0 HEDLEY WAY NW","assessed_value":1244500},{"address":"232.0 WOLF WILLOW CRESCENT NW","assessed_value":613000},{"address":"9816.0 156 STREET NW","assessed_value":70000},{"address":"18912.0 74 AVENUE NW","assessed_value":311000},{"address":"12761.0 INLAND WAY NW","assessed_value":59500},{"address":"9406.0 150 STREET NW","assessed_value":255500},{"address":"10453.0 20 AVENUE NW","assessed_value":202000},{"address":"3521.0 50 STREET SW","assessed_value":1413500},{"address":"15206.0 84 AVENUE NW","assessed_value":480500},{"address":"17.0 KINISKI CRESCENT NW","assessed_value":363500},{"address":"7907.0 167 STREET NW","assessed_value":388000},{"address":"18405.0 96 AVENUE NW","assessed_value":331000},{"address":"10049.0 155 STREET NW","assessed_value":269500},{"address":"3404.0 18 AVENUE NW","assessed_value":59500},{"address":"16708.0 94 STREET NW","assessed_value":376500},{"address":"16102.0 88 AVENUE NW","assessed_value":342000},{"address":"16365.0 130 AVENUE NW","assessed_value":400000},{"address":"nan nan","assessed_value":8000},{"address":"15928.0 MANNING DRIVE NW","assessed_value":991500},{"address":"6219.0 172 STREET NW","assessed_value":125000},{"address":"4209.0 40 AVENUE NW","assessed_value":466500},{"address":"nan nan","assessed_value":126000},{"address":"nan nan","assessed_value":8000},{"address":"10735.0 104 STREET NW","assessed_value":3284000},{"address":"120.0 KIRKWOOD WAY NW","assessed_value":310500},{"address":"8415.0 188 STREET NW","assessed_value":393500},{"address":"2115.0 53 STREET NW","assessed_value":328500},{"address":"15940.0 PATRICIA DRIVE NW","assessed_value":527000},{"address":"9917.0 110 STREET NW","assessed_value":166500},{"address":"7604.0 29 AVENUE NW","assessed_value":171000},{"address":"11220.0 228 STREET NW","assessed_value":1389000},{"address":"10135.0 SASKATCHEWAN DRIVE NW","assessed_value":178500},{"address":"1820.0 56 STREET NW","assessed_value":185500},{"address":"3111.0 142 AVENUE NW","assessed_value":134000},{"address":"1651.0 46 STREET NW","assessed_value":202500},{"address":"840.0 78 AVENUE NW","assessed_value":1374000},{"address":"9333.0 49 STREET NW","assessed_value":5418000},{"address":"8955.0 151 STREET NW","assessed_value":302500},{"address":"9945.0 154 STREET NW","assessed_value":287500},{"address":"17123.0 63 AVENUE NW","assessed_value":132500},{"address":"19019.0 86A AVENUE NW","assessed_value":346000},{"address":"9816.0 112 STREET NW","assessed_value":184500},{"address":"3513.0 41B AVENUE NW","assessed_value":366000},{"address":"18635.0 61 AVENUE NW","assessed_value":409000},{"address":"18808.0 84 AVENUE NW","assessed_value":454500},{"address":"3812.0 20 AVENUE NW","assessed_value":177000},{"address":"15134.0 117 AVENUE NW","assessed_value":1216000},{"address":"17534.0 92 STREET NW","assessed_value":591000},{"address":"7803.0 160 STREET NW","assessed_value":478000},{"address":"14812.0 45 AVENUE NW","assessed_value":313000},{"address":"17131.0 63 AVENUE NW","assessed_value":127000},{"address":"10620.0 10 AVENUE NW","assessed_value":395000},{"address":"10420.0 16 AVENUE NW","assessed_value":462000},{"address":"4315.0 33 STREET NW","assessed_value":557500},{"address":"nan nan","assessed_value":8000},{"address":"10814.0 21 AVENUE NW","assessed_value":425000},{"address":"nan nan","assessed_value":0},{"address":"910.0 RICE ROAD NW","assessed_value":621500},{"address":"16715.0 99 AVENUE NW","assessed_value":456000},{"address":"14615.0 37 STREET NW","assessed_value":372500},{"address":"9654.0 74 AVENUE NW","assessed_value":892000},{"address":"17311.0 53 AVENUE NW","assessed_value":96500},{"address":"16011.0 PATRICIA DRIVE NW","assessed_value":765000},{"address":"2231.0 121 AVENUE NE","assessed_value":3206500},{"address":"3027.0 37 STREET NW","assessed_value":363500},{"address":"10447.0 12 AVENUE NW","assessed_value":502500},{"address":"8310.0 JASPER AVENUE NW","assessed_value":72500},{"address":"10145.0 121 STREET NW","assessed_value":91500},{"address":"15106.0 RIO TERRACE DRIVE NW","assessed_value":740000},{"address":"13132.0 159 STREET NW","assessed_value":673500},{"address":"9016.0 155 STREET NW","assessed_value":373000},{"address":"9432.0 149 STREET NW","assessed_value":72000},{"address":"3115.0 119 STREET NW","assessed_value":227500},{"address":"7226.0 183B STREET NW","assessed_value":294000},{"address":"7220.0 188 STREET NW","assessed_value":394000},{"address":"10604.0 110 AVENUE NW","assessed_value":58000},{"address":"nan nan","assessed_value":7000},{"address":"9420.0 152 STREET NW","assessed_value":289500},{"address":"8736.0 151 STREET NW","assessed_value":382000},{"address":"5715.0 56 AVENUE NW","assessed_value":3199000},{"address":"22810.0 118A AVENUE NW","assessed_value":980500},{"address":"16303.0 80 AVENUE NW","assessed_value":382000},{"address":"2115.0 118 STREET NW","assessed_value":182000},{"address":"10011.0 123 STREET NW","assessed_value":259500},{"address":"10033.0 89 AVENUE NW","assessed_value":160000},{"address":"18915.0 80 AVENUE NW","assessed_value":402500},{"address":"18707.0 95A AVENUE NW","assessed_value":312500},{"address":"nan nan","assessed_value":2500},{"address":"8103.0 159 STREET NW","assessed_value":377500},{"address":"15120.0 117 AVENUE NW","assessed_value":925000},{"address":"1922.0 108 STREET NW","assessed_value":377500},{"address":"602.0 WOLF WILLOW ROAD NW","assessed_value":676000},{"address":"8332.0 166 STREET NW","assessed_value":359000},{"address":"2415.0 80 AVENUE NW","assessed_value":2675500},{"address":"15719.0 79 STREET NW","assessed_value":447000},{"address":"2020.0 105 STREET NW","assessed_value":214500},{"address":"584.0 WOLF WILLOW ROAD NW","assessed_value":585000},{"address":"17107.0 64 AVENUE NW","assessed_value":130000},{"address":"7207.0 183B STREET NW","assessed_value":307500},{"address":"16330.0 96A AVENUE NW","assessed_value":394500},{"address":"1628.0 48 STREET NW","assessed_value":125500},{"address":"12536.0 62 STREET NW","assessed_value":21899000},{"address":"9704.0 153 STREET NW","assessed_value":296500},{"address":"10149.0 SASKATCHEWAN DRIVE NW","assessed_value":178000},{"address":"11805.0 32A AVENUE NW","assessed_value":223500},{"address":"2608.0 139 AVENUE NW","assessed_value":99000},{"address":"15626.0 83 STREET NW","assessed_value":340000},{"address":"9740.0 160 STREET NW","assessed_value":249000},{"address":"1620.0 48 STREET NW","assessed_value":104500},{"address":"164.0 WALKER ROAD NW","assessed_value":590500},{"address":"9308.0 165 STREET NW","assessed_value":339500},{"address":"9021.0 150 STREET NW","assessed_value":289000},{"address":"9341.0 180A AVENUE NW","assessed_value":349500},{"address":"nan nan","assessed_value":8000},{"address":"17612.0 93 STREET NW","assessed_value":347000},{"address":"10032.0 113 STREET NW","assessed_value":252000},{"address":"12121.0 JASPER AVENUE NW","assessed_value":110000},{"address":"16407.0 87 AVENUE NW","assessed_value":336500},{"address":"10529.0 93 STREET NW","assessed_value":57500},{"address":"311.0 76 AVENUE NW","assessed_value":1473500},{"address":"16003.0 87A AVENUE NW","assessed_value":550000},{"address":"11848.0 87 STREET NW","assessed_value":79500},{"address":"9326.0 168 STREET NW","assessed_value":424500},{"address":"9922.0 159 STREET NW","assessed_value":333500},{"address":"16804.0 79A AVENUE NW","assessed_value":500}]